mtllib Backrooms_Ceilings_AllSectors.mtl
o Ceiling_Sector2
g Ceiling_Sector2
usemtl Ceiling_2
v -2454.2952 254.1910 1314.4524
v -2382.9556 254.1910 1314.4523
v -2382.9556 254.1910 1529.3575
v -2454.2952 254.1910 1529.3576
v -2528.1805 254.1910 1314.4524
v -2528.1803 254.1910 1529.3576
v -2528.1805 254.1910 490.8907
v -2454.2953 254.1910 490.8907
v -2454.2953 254.1910 568.0964
v -2528.1805 254.1910 568.0964
v -2382.9556 254.1910 490.8906
v -2382.9556 254.1910 568.0963
v -1938.4243 254.1911 1314.4523
v -1938.4243 254.1911 1529.3575
v -2161.9184 254.1910 1529.3575
v -2161.9184 254.1910 1314.4523
v -2454.2952 254.1910 640.4044
v -2528.1805 254.1910 640.4044
v -1938.4245 254.1911 490.8906
v -1938.4245 254.1911 568.0963
v -2161.9186 254.1910 568.0963
v -2161.9186 254.1910 490.8906
v -2675.7158 254.1910 490.8907
v -2604.1739 254.1910 490.8907
v -2604.1739 254.1910 568.0964
v -2675.7158 254.1910 568.0964
v -2675.7158 254.1910 1314.4524
v -2604.1737 254.1910 1314.4524
v -2604.1737 254.1910 1529.3576
v -2675.7158 254.1910 1529.3576
v -2825.3431 254.1909 1314.4524
v -2825.3429 254.1909 1529.3576
v -2825.3431 254.1909 490.8907
v -2825.3431 254.1909 568.0964
v -2675.7158 254.1910 640.4044
v -2825.3431 254.1909 640.4044
v -2896.8962 254.1909 490.8907
v -2896.8962 254.1909 568.0964
v -2896.8960 254.1909 1314.4524
v -2896.8960 254.1909 1529.3576
v -3046.6827 254.1909 1314.4525
v -3046.6827 254.1909 1529.3577
v -3046.6827 254.1909 490.8908
v -3046.6827 254.1909 568.0964
v -2896.8962 254.1909 640.4044
v -3046.6827 254.1909 640.4045
v -3118.0408 254.1909 490.8908
v -3118.0408 254.1909 568.0964
v -3118.0407 254.1909 1314.4525
v -3118.0407 254.1909 1529.3577
v -3267.7864 254.1909 1314.4525
v -3267.7864 254.1909 1529.3577
v -3267.7868 254.1909 490.8908
v -3267.7868 254.1909 568.0964
v -3118.0408 254.1909 640.4045
v -3267.7868 254.1909 640.4045
v -3339.4066 254.1909 490.8908
v -3339.4066 254.1909 568.0964
v -3339.4066 254.1909 1314.4525
v -3339.4066 254.1909 1529.3577
v -3489.1464 254.1909 1314.4525
v -3488.1371 254.1909 1529.3577
v -3488.1374 254.1909 490.8908
v -3488.1374 254.1909 568.0965
v -3339.4066 254.1909 640.4045
v -3488.1374 254.1909 640.4045
v -2232.8924 254.1910 568.0963
v -2232.8924 254.1910 640.4043
v -2382.9556 254.1910 640.4044
v -2232.8924 254.1910 490.8906
v -2232.8922 254.1910 1314.4523
v -2232.8922 254.1910 1529.3575
v -1866.9342 254.1911 568.0963
v -1673.3376 254.1911 568.0962
v -1673.3376 254.1911 640.4043
v -1866.9342 254.1911 640.4043
v -3560.7323 254.1909 490.8908
v -3560.7323 254.1909 568.0965
v -3560.7323 254.1909 1314.4525
v -3560.7323 254.1909 1529.3577
v -3700.6954 254.1909 1314.4526
v -3700.6954 254.1909 1529.3578
v -3700.6958 254.1909 490.8909
v -3700.6958 254.1909 568.0965
v -3560.7323 254.1909 640.4046
v -3700.6958 254.1909 640.4046
v -3700.6958 254.1909 343.0681
v -3560.7323 254.1909 343.0680
v -3560.7323 254.1909 415.7169
v -3700.6958 254.1909 415.7169
v -2382.9556 254.1910 343.0679
v -2232.8926 254.1910 343.0678
v -2232.8924 254.1910 415.7167
v -2382.9556 254.1910 415.7167
v -3488.1374 254.1909 343.0680
v -3339.4070 254.1909 343.0680
v -3339.4066 254.1909 415.7168
v -3488.1374 254.1909 415.7169
v -3267.7868 254.1909 343.0680
v -3118.0408 254.1909 343.0680
v -3118.0408 254.1909 415.7168
v -3267.7868 254.1909 415.7168
v -3046.6829 254.1909 343.0680
v -2896.8962 254.1909 343.0679
v -2896.8962 254.1909 415.7168
v -3046.6829 254.1909 415.7168
v -2825.3431 254.1909 343.0679
v -2675.7158 254.1910 343.0679
v -2675.7158 254.1910 415.7167
v -2825.3431 254.1909 415.7168
v -2528.1805 254.1910 343.0679
v -2454.2953 254.1910 343.0679
v -2454.2953 254.1910 415.7167
v -2528.1805 254.1910 415.7167
v -2528.1805 254.1910 266.1555
v -2454.2953 254.1910 266.1555
v -2382.9556 254.1910 266.1555
v -2675.7158 254.1910 266.1555
v -2604.1739 254.1910 266.1555
v -2604.1739 254.1910 343.0679
v -2825.3431 254.1909 266.1555
v -2896.8962 254.1909 266.1555
v -3046.6829 254.1909 266.1556
v -3118.0408 254.1909 266.1556
v -3267.7868 254.1909 266.1556
v -3339.4070 254.1909 266.1556
v -3488.1374 254.1909 266.1556
v -2232.8926 254.1910 266.1554
v -2161.9186 254.1910 266.1554
v -2161.9186 254.1910 343.0678
v -1938.4245 254.1911 266.1554
v -1938.4245 254.1911 343.0678
v -3560.7323 254.1909 266.1556
v -3700.6958 254.1909 266.1556
v -3700.6958 254.1909 118.4248
v -3560.7327 254.1909 118.4248
v -3560.7327 254.1909 193.7706
v -3700.6958 254.1909 193.7706
v -2382.9556 254.1910 118.4246
v -2232.8926 254.1910 118.4246
v -2232.8926 254.1910 193.7704
v -2382.9556 254.1910 193.7704
v -3488.1374 254.1909 118.4248
v -3339.4070 254.1909 118.4248
v -3339.4070 254.1909 193.7705
v -3488.1374 254.1909 193.7706
v -3267.7868 254.1909 118.4247
v -3118.0408 254.1909 118.4247
v -3118.0408 254.1909 193.7705
v -3267.7868 254.1909 193.7705
v -3046.6829 254.1909 118.4247
v -2896.8962 254.1909 118.4247
v -2896.8962 254.1909 193.7705
v -3046.6829 254.1909 193.7705
v -2825.3433 254.1909 118.4247
v -2675.7160 254.1910 118.4247
v -2675.7160 254.1910 193.7704
v -2825.3433 254.1909 193.7705
v -2528.1807 254.1910 118.4247
v -2454.2953 254.1910 118.4246
v -2454.2953 254.1910 193.7704
v -2528.1807 254.1910 193.7704
v -2528.1807 254.1910 -34.3242
v -2454.2953 254.1910 -34.3242
v -2382.9557 254.1910 -34.3242
v -2675.7160 254.1910 -34.3242
v -2604.1739 254.1910 -34.3242
v -2604.1739 254.1910 118.4247
v -2825.3433 254.1909 -34.3242
v -2896.8962 254.1909 -34.3241
v -3046.6829 254.1909 -34.3241
v -3118.0408 254.1909 -34.3241
v -3267.7868 254.1909 -34.3241
v -3339.4070 254.1909 -34.3241
v -3488.1374 254.1909 -34.3241
v -2232.8926 254.1910 -34.3243
v -2161.9186 254.1910 -34.3243
v -2161.9186 254.1910 118.4246
v -1938.4247 254.1911 -34.3243
v -1938.4245 254.1911 118.4246
v -3560.7327 254.1909 -34.3240
v -3700.6958 254.1909 -34.3240
v -3700.6958 254.1909 -106.0478
v -3560.7327 254.1909 -106.0478
v -2382.9557 254.1910 -106.0480
v -2232.8926 254.1910 -106.0480
v -3488.1374 254.1909 -106.0478
v -3339.4070 254.1909 -106.0478
v -3267.7868 254.1909 -106.0478
v -3118.0408 254.1909 -106.0479
v -3046.6829 254.1909 -106.0479
v -2896.8962 254.1909 -106.0479
v -2825.3433 254.1909 -106.0479
v -2675.7160 254.1910 -106.0479
v -2675.7158 254.1910 1014.6219
v -2604.1739 254.1910 1014.6219
v -2604.1739 254.1910 1089.6599
v -2675.7158 254.1910 1089.6599
v -2528.1807 254.1910 -106.0480
v -2454.2953 254.1910 -106.0480
v -2528.1807 254.1910 -258.5481
v -2454.2953 254.1910 -258.5481
v -2382.9557 254.1910 -258.5481
v -1866.9342 254.1911 266.1554
v -1866.9342 254.1911 343.0678
v -2675.7160 254.1910 -258.5481
v -2604.1740 254.1910 -258.5481
v -2604.1740 254.1910 -106.0479
v -2825.3433 254.1909 -258.5481
v -2896.8964 254.1909 -258.5480
v -3046.6829 254.1909 -258.5480
v -3118.0408 254.1909 -258.5480
v -3267.7868 254.1909 -258.5480
v -3339.4070 254.1909 -258.5480
v -3488.1374 254.1909 -258.5480
v -2232.8926 254.1910 -258.5482
v -2161.9186 254.1910 -258.5482
v -2161.9186 254.1910 -106.0480
v -2896.8962 254.1909 1014.6219
v -2825.3431 254.1909 1014.6219
v -2825.3431 254.1909 1089.6599
v -2896.8960 254.1909 1089.6599
v -2454.2952 254.1910 1014.6219
v -2382.9556 254.1910 1014.6219
v -2382.9556 254.1910 1089.6598
v -2454.2952 254.1910 1089.6598
v -1866.9342 254.1911 1314.4523
v -1866.9342 254.1911 1529.3575
v -1938.4247 254.1911 -258.5482
v -1938.4247 254.1911 -106.0480
v -3560.7327 254.1909 -258.5479
v -3700.6958 254.1909 -258.5479
v -3700.6958 254.1909 -330.6198
v -3560.7327 254.1909 -330.6199
v -1866.9344 254.1911 -258.5482
v -1866.9344 254.1911 -106.0481
v -1866.9344 254.1911 -34.3243
v -1866.9344 254.1911 118.4246
v -2382.9557 254.1910 -330.6201
v -2232.8926 254.1910 -330.6201
v -3488.1374 254.1909 -330.6199
v -3339.4070 254.1909 -330.6199
v -3267.7868 254.1909 -330.6199
v -3118.0408 254.1909 -330.6199
v -3046.6829 254.1909 -330.6199
v -2896.8964 254.1909 -330.6200
v -2825.3433 254.1909 -330.6200
v -2675.7160 254.1910 -330.6200
v -2161.9186 254.1910 715.4781
v -1938.4245 254.1911 715.4780
v -1938.4245 254.1911 792.0788
v -2161.9186 254.1910 792.0788
v -2528.1807 254.1910 -330.6200
v -2454.2953 254.1910 -330.6200
v -2528.1807 254.1910 -461.8814
v -2454.2953 254.1910 -461.8814
v -2382.9557 254.1910 -461.8815
v -2161.9186 254.1910 942.7736
v -1938.4245 254.1911 942.7736
v -1938.4243 254.1911 1014.6218
v -2161.9186 254.1910 1014.6218
v -2675.7160 254.1910 -461.8814
v -2604.1740 254.1910 -461.8814
v -2604.1740 254.1910 -330.6200
v -2825.3433 254.1909 -461.8814
v -2896.8964 254.1909 -461.8814
v -3046.6829 254.1909 -461.8814
v -3118.0408 254.1909 -461.8814
v -3267.7868 254.1909 -461.8814
v -3339.4070 254.1909 -461.8814
v -3488.1374 254.1909 -461.8814
v -2232.8926 254.1910 -461.8815
v -2161.9188 254.1910 -461.8815
v -2161.9188 254.1910 -330.6201
v -1938.4247 254.1911 -461.8815
v -1938.4247 254.1911 -330.6201
v -1938.4245 254.1911 640.4043
v -2161.9186 254.1910 640.4043
v -2161.9186 254.1910 1089.6597
v -1938.4243 254.1911 1089.6597
v -1938.4243 254.1911 1242.0418
v -2161.9186 254.1910 1242.0418
v -1866.9346 254.1911 -461.8815
v -1673.3377 254.1911 -461.8816
v -1673.3376 254.1911 -330.6202
v -1866.9344 254.1911 -330.6201
v -3560.7327 254.1909 -461.8814
v -3700.6958 254.1909 -461.8813
v -3700.6958 254.1909 715.4783
v -3560.7323 254.1909 715.4783
v -3560.7323 254.1909 792.0790
v -3700.6958 254.1909 792.0791
v -3488.1374 254.1909 715.4783
v -3488.1374 254.1909 792.0790
v -1866.9342 254.1911 715.4780
v -1673.3376 254.1911 715.4780
v -1673.3376 254.1911 792.0787
v -1866.9342 254.1911 792.0788
v -1938.4245 254.1911 415.7166
v -2161.9186 254.1910 415.7167
v -2232.8924 254.1910 715.4781
v -2232.8924 254.1910 792.0788
v -2382.9556 254.1910 715.4781
v -2382.9556 254.1910 792.0789
v -3339.4066 254.1909 715.4783
v -3339.4066 254.1909 792.0790
v -3267.7868 254.1909 715.4782
v -3267.7868 254.1909 792.0790
v -3118.0408 254.1909 715.4782
v -3118.0408 254.1909 792.0790
v -3046.6827 254.1909 715.4782
v -3046.6827 254.1909 792.0790
v -2896.8962 254.1909 715.4782
v -2896.8962 254.1909 792.0789
v -2825.3431 254.1909 715.4782
v -2825.3431 254.1909 792.0789
v -2675.7158 254.1910 715.4782
v -2675.7158 254.1910 792.0789
v -2604.1739 254.1910 715.4781
v -2604.1739 254.1910 792.0789
v -2528.1805 254.1910 715.4781
v -2454.2952 254.1910 715.4781
v -2454.2952 254.1910 792.0789
v -2528.1805 254.1910 792.0789
v -1866.9342 254.1911 1014.6217
v -1866.9342 254.1911 1089.6597
v -3560.7323 254.1909 864.9029
v -3700.6954 254.1909 864.9029
v -1938.4245 254.1911 193.7703
v -2161.9186 254.1910 193.7703
v -3118.0407 254.1909 1014.6219
v -3046.6827 254.1909 1014.6219
v -3046.6827 254.1909 1089.6599
v -3118.0407 254.1909 1089.6599
v -2232.8924 254.1910 864.9027
v -2382.9556 254.1910 864.9027
v -3339.4066 254.1909 864.9029
v -3488.1374 254.1909 864.9029
v -3118.0408 254.1909 864.9028
v -3267.7868 254.1909 864.9028
v -2896.8962 254.1909 864.9028
v -3046.6827 254.1909 864.9028
v -2675.7158 254.1910 864.9027
v -2825.3431 254.1909 864.9028
v -2454.2952 254.1910 864.9027
v -2528.1805 254.1910 864.9027
v -1673.3376 254.1911 490.8906
v -1866.9342 254.1911 490.8906
v -3700.6954 254.1909 942.7738
v -3560.7323 254.1909 942.7738
v -3560.7323 254.1909 1014.6221
v -3700.6954 254.1909 1014.6221
v -3488.1374 254.1909 942.7738
v -3488.1371 254.1909 1014.6220
v -1866.9342 254.1911 942.7735
v -1673.3376 254.1911 942.7735
v -1673.3376 254.1911 1014.6217
v -1673.3376 254.1911 266.1553
v -1673.3376 254.1911 343.0677
v -1673.3376 254.1911 1314.4522
v -1673.3374 254.1911 1529.3574
v -2232.8924 254.1910 942.7736
v -2232.8924 254.1910 1014.6218
v -2382.9556 254.1910 942.7736
v -3339.4066 254.1909 942.7738
v -3339.4066 254.1909 1014.6220
v -3267.7868 254.1909 942.7738
v -3267.7864 254.1909 1014.6220
v -3118.0407 254.1909 942.7737
v -3046.6827 254.1909 942.7737
v -2896.8962 254.1909 942.7737
v -2825.3431 254.1909 942.7736
v -2675.7158 254.1910 942.7736
v -2604.1739 254.1910 942.7736
v -2528.1805 254.1910 942.7736
v -2454.2952 254.1910 942.7736
v -2528.1805 254.1910 1014.6219
v -1673.3376 254.1911 -258.5482
v -1673.3376 254.1911 -106.0481
v -3560.7323 254.1909 1089.6600
v -3700.6954 254.1909 1089.6600
v -2232.8924 254.1910 1089.6597
v -3339.4066 254.1909 1089.6599
v -3488.1371 254.1909 1089.6599
v -3267.7864 254.1909 1089.6599
v -2528.1805 254.1910 1089.6598
v -1866.9342 254.1911 1242.0418
v -3560.7323 254.1909 1242.0420
v -3700.6954 254.1909 1242.0420
v -3489.1464 254.1909 1242.0420
v -1673.3376 254.1911 1089.6597
v -1673.3376 254.1911 1242.0418
v -1673.3376 254.1911 864.9025
v -1866.9342 254.1911 864.9026
v -2232.8924 254.1910 1242.0418
v -2382.9556 254.1910 1242.0418
v -3339.4066 254.1909 1242.0420
v -3267.7864 254.1909 1242.0420
v -3118.0407 254.1909 1242.0420
v -3046.6827 254.1909 1242.0420
v -2896.8960 254.1909 1242.0420
v -2825.3431 254.1909 1242.0419
v -2675.7158 254.1910 1242.0419
v -2604.1737 254.1910 1242.0419
v -2454.2952 254.1910 1242.0418
v -2528.1805 254.1910 1242.0418
v -1938.4245 254.1911 864.9026
v -2161.9186 254.1910 864.9027
v -2604.1739 254.1910 864.9027
v -1673.3376 254.1911 415.7166
v -1866.9342 254.1911 415.7166
v -1673.3376 254.1911 118.4245
v -1673.3376 254.1911 193.7703
v -1866.9344 254.1911 193.7703
v -1673.3376 254.1911 -34.3243
v -2604.1739 254.1910 193.7704
v -2604.1739 254.1910 415.7167
v -2604.1739 254.1910 640.4044
v -2454.2952 254.1910 1014.6219
v -2454.2952 254.1910 942.7736
v -2454.2952 261.5274 942.7736
v -2454.2952 261.5274 1014.6219
v -3267.7868 254.1909 193.7705
v -3267.7868 254.1909 266.1556
v -3267.7868 261.5273 266.1556
v -3267.7868 261.5273 193.7705
v -2454.2953 254.1910 266.1555
v -2454.2953 254.1910 193.7704
v -2454.2953 261.5274 193.7704
v -2454.2953 261.5274 266.1555
v -2382.9556 254.1910 266.1555
v -2454.2953 254.1910 266.1555
v -2454.2953 261.5274 266.1555
v -2382.9556 261.5274 266.1555
v -3339.4070 254.1909 266.1556
v -3339.4070 254.1909 193.7705
v -3339.4070 261.5273 193.7705
v -3339.4070 261.5273 266.1556
v -3267.7868 254.1909 266.1556
v -3339.4070 254.1909 266.1556
v -3339.4070 261.5273 266.1556
v -3267.7868 261.5273 266.1556
v -2382.9556 254.1910 1014.6219
v -2454.2952 254.1910 1014.6219
v -2454.2952 261.5274 1014.6219
v -2382.9556 261.5274 1014.6219
v -3339.4070 254.1909 193.7705
v -3267.7868 254.1909 193.7705
v -3267.7868 261.5273 193.7705
v -3339.4070 261.5273 193.7705
v -2454.2953 254.1910 193.7704
v -2382.9556 254.1910 193.7704
v -2382.9556 261.5274 193.7704
v -2454.2953 261.5274 193.7704
v -2454.2952 254.1910 942.7736
v -2382.9556 254.1910 942.7736
v -2382.9556 261.5274 942.7736
v -2454.2952 261.5274 942.7736
v -2825.3433 254.1909 193.7705
v -2825.3431 254.1909 266.1555
v -2825.3431 261.5273 266.1555
v -2825.3433 261.5273 193.7705
v -2896.8962 254.1909 266.1555
v -2896.8962 254.1909 193.7705
v -2896.8962 261.5273 193.7705
v -2896.8962 261.5273 266.1555
v -2825.3431 254.1909 266.1555
v -2896.8962 254.1909 266.1555
v -2896.8962 261.5273 266.1555
v -2825.3431 261.5273 266.1555
v -2896.8962 254.1909 193.7705
v -2825.3433 254.1909 193.7705
v -2825.3433 261.5273 193.7705
v -2896.8962 261.5273 193.7705
v -2382.9556 254.1910 942.7736
v -2382.9556 254.1910 1014.6219
v -2382.9556 261.5274 1014.6219
v -2382.9556 261.5274 942.7736
v -2382.9556 254.1910 193.7704
v -2382.9556 254.1910 266.1555
v -2382.9556 261.5274 266.1555
v -2382.9556 261.5274 193.7704
v -3339.4070 261.5273 193.7705
v -3267.7868 261.5273 193.7705
v -3267.7868 261.5273 266.1556
v -3339.4070 261.5273 266.1556
v -2896.8962 261.5273 193.7705
v -2825.3433 261.5273 193.7705
v -2825.3431 261.5273 266.1555
v -2896.8962 261.5273 266.1555
v -2454.2953 261.5274 193.7704
v -2382.9556 261.5274 193.7704
v -2382.9556 261.5274 266.1555
v -2454.2953 261.5274 266.1555
v -2382.9556 261.5274 1014.6219
v -2454.2952 261.5274 1014.6219
v -2454.2952 261.5274 942.7736
v -2382.9556 261.5274 942.7736
vt 0.87494 0.61509
vt 0.87469 0.65022
vt 0.98059 0.65096
vt 0.98082 0.61579
vt 0.87516 0.57876
vt 0.98104 0.57938
vt 0.47001 0.57870
vt 0.47002 0.61494
vt 0.50798 0.61499
vt 0.50799 0.57865
vt 0.46998 0.65000
vt 0.50795 0.65009
vt 0.87345 0.86922
vt 0.97902 0.86985
vt 0.97984 0.76001
vt 0.87398 0.75940
vt 0.54357 0.61503
vt 0.54359 0.57864
vt 0.47015 0.86846
vt 0.50793 0.86843
vt 0.50790 0.75897
vt 0.46994 0.75900
vt 0.46983 0.50608
vt 0.46992 0.54134
vt 0.50795 0.54124
vt 0.50790 0.50598
vt 0.87552 0.50614
vt 0.87536 0.54137
vt 0.98126 0.54192
vt 0.98145 0.50664
vt 0.87579 0.43239
vt 0.98181 0.43280
vt 0.46981 0.43213
vt 0.50786 0.43212
vt 0.54355 0.50593
vt 0.54352 0.43211
vt 0.46977 0.39685
vt 0.50784 0.39682
vt 0.87590 0.39710
vt 0.98195 0.39747
vt 0.87608 0.32317
vt 0.98222 0.32344
vt 0.46960 0.32285
vt 0.50777 0.32287
vt 0.54351 0.39681
vt 0.54348 0.32288
vt 0.46964 0.28762
vt 0.50779 0.28764
vt 0.87615 0.28794
vt 0.98231 0.28818
vt 0.87626 0.21397
vt 0.98247 0.21413
vt 0.46989 0.21362
vt 0.50792 0.21370
vt 0.54349 0.28765
vt 0.54357 0.21374
vt 0.46995 0.17835
vt 0.50796 0.17840
vt 0.87630 0.17859
vt 0.98252 0.17873
vt 0.87635 0.10459
vt 0.98260 0.10518
vt 0.46993 0.10504
vt 0.50795 0.10509
vt 0.54359 0.17843
vt 0.54358 0.10511
vt 0.50791 0.72406
vt 0.54349 0.72409
vt 0.54354 0.65015
vt 0.46990 0.72407
vt 0.87418 0.72440
vt 0.98008 0.72503
vt 0.50794 0.90339
vt 0.50793 0.99794
vt 0.54323 0.99796
vt 0.54330 0.90340
vt 0.46998 0.06938
vt 0.50795 0.06938
vt 0.87638 0.06920
vt 0.98263 0.06928
vt 0.87640 0.00001
vt 0.98267 0.00007
vt 0.46989 0.00074
vt 0.50782 0.00058
vt 0.54356 0.06935
vt 0.54342 0.00045
vt 0.39762 0.00101
vt 0.39754 0.06925
vt 0.43308 0.06935
vt 0.43307 0.00089
vt 0.39766 0.64954
vt 0.39689 0.72435
vt 0.43284 0.72416
vt 0.43308 0.64984
vt 0.39710 0.10454
vt 0.39723 0.17843
vt 0.43297 0.17831
vt 0.43291 0.10489
vt 0.39751 0.21320
vt 0.39647 0.28770
vt 0.43246 0.28762
vt 0.43294 0.21347
vt 0.39626 0.32265
vt 0.39689 0.39719
vt 0.43271 0.39693
vt 0.43237 0.32281
vt 0.39734 0.43197
vt 0.39679 0.50655
vt 0.43274 0.50625
vt 0.43282 0.43210
vt 0.39742 0.57907
vt 0.39746 0.61471
vt 0.43311 0.61486
vt 0.43306 0.57881
vt 0.36017 0.57953
vt 0.35911 0.61625
vt 0.36003 0.65115
vt 0.35832 0.50737
vt 0.35940 0.54229
vt 0.39714 0.54178
vt 0.35981 0.43363
vt 0.35899 0.39880
vt 0.35961 0.32290
vt 0.35851 0.28841
vt 0.36008 0.21474
vt 0.35938 0.17989
vt 0.36075 0.10450
vt 0.35838 0.72505
vt 0.35927 0.75962
vt 0.39714 0.75933
vt 0.36029 0.86878
vt 0.39785 0.86863
vt 0.36050 0.06930
vt 0.36032 0.00107
vt 0.28824 0.00082
vt 0.28822 0.06960
vt 0.32544 0.06949
vt 0.32517 0.00100
vt 0.28795 0.65150
vt 0.28848 0.72592
vt 0.32390 0.72572
vt 0.32486 0.64996
vt 0.28830 0.10544
vt 0.28723 0.18003
vt 0.32414 0.17846
vt 0.32614 0.10498
vt 0.28772 0.21493
vt 0.28847 0.28950
vt 0.32430 0.28924
vt 0.32488 0.21337
vt 0.28824 0.32433
vt 0.28706 0.39914
vt 0.32381 0.39750
vt 0.32539 0.32372
vt 0.28755 0.43389
vt 0.28810 0.50828
vt 0.32373 0.50811
vt 0.32461 0.43233
vt 0.28771 0.58021
vt 0.28754 0.61686
vt 0.32386 0.61543
vt 0.32486 0.57972
vt 0.21281 0.58055
vt 0.21291 0.61689
vt 0.21306 0.65189
vt 0.21268 0.50802
vt 0.21272 0.54319
vt 0.28778 0.54304
vt 0.21242 0.43416
vt 0.21240 0.39891
vt 0.21250 0.32465
vt 0.21248 0.28933
vt 0.21227 0.21511
vt 0.21228 0.17970
vt 0.21244 0.10572
vt 0.21344 0.72560
vt 0.21351 0.76031
vt 0.28820 0.76016
vt 0.21384 0.86940
vt 0.28831 0.86908
vt 0.21244 0.06971
vt 0.21262 0.00038
vt 0.17702 0.00025
vt 0.17685 0.06968
vt 0.17786 0.65205
vt 0.17827 0.72570
vt 0.17682 0.10572
vt 0.17675 0.17964
vt 0.17675 0.21514
vt 0.17691 0.28936
vt 0.17695 0.32471
vt 0.17698 0.39890
vt 0.17706 0.43424
vt 0.17732 0.50808
vt 0.72809 0.50581
vt 0.72816 0.54100
vt 0.76486 0.54102
vt 0.76495 0.50584
vt 0.17755 0.58068
vt 0.17770 0.61701
vt 0.10255 0.58106
vt 0.10277 0.61740
vt 0.10300 0.65244
vt 0.36043 0.90366
vt 0.39797 0.90355
vt 0.10213 0.50838
vt 0.10232 0.54364
vt 0.17743 0.54330
vt 0.10176 0.43448
vt 0.10162 0.39910
vt 0.10138 0.32489
vt 0.10128 0.28951
vt 0.10113 0.21520
vt 0.10110 0.17964
vt 0.10109 0.10572
vt 0.10350 0.72606
vt 0.10372 0.76080
vt 0.17841 0.76044
vt 0.72808 0.39683
vt 0.72807 0.43210
vt 0.76503 0.43214
vt 0.76508 0.39687
vt 0.72695 0.61524
vt 0.72763 0.65027
vt 0.76455 0.64888
vt 0.76441 0.61394
vt 0.87326 0.90432
vt 0.97879 0.90495
vt 0.10439 0.87000
vt 0.17885 0.86956
vt 0.10111 0.06965
vt 0.10119 0.00009
vt 0.06535 0.00005
vt 0.06528 0.06963
vt 0.10461 0.90489
vt 0.17903 0.90444
vt 0.21400 0.90426
vt 0.28844 0.90392
vt 0.06761 0.65269
vt 0.06819 0.72629
vt 0.06527 0.10573
vt 0.06530 0.17967
vt 0.06535 0.21525
vt 0.06553 0.28961
vt 0.06564 0.32501
vt 0.06595 0.39925
vt 0.06613 0.43466
vt 0.06657 0.50858
vt 0.58033 0.75904
vt 0.58006 0.86847
vt 0.61753 0.86853
vt 0.61793 0.75916
vt 0.06707 0.58130
vt 0.06734 0.61764
vt 0.00245 0.58183
vt 0.00280 0.61819
vt 0.00314 0.65325
vt 0.69113 0.75934
vt 0.69118 0.86867
vt 0.72631 0.86872
vt 0.72593 0.75924
vt 0.00178 0.50907
vt 0.00209 0.54438
vt 0.06681 0.54386
vt 0.00117 0.43506
vt 0.00093 0.39962
vt 0.00051 0.32528
vt 0.00035 0.28984
vt 0.00011 0.21538
vt 0.00005 0.17975
vt -0.00000 0.10573
vt 0.00388 0.72684
vt 0.00421 0.76157
vt 0.06845 0.76105
vt 0.00512 0.87071
vt 0.06920 0.87023
vt 0.54332 0.86843
vt 0.54344 0.75897
vt 0.76298 0.75923
vt 0.76308 0.86878
vt 0.83789 0.86905
vt 0.83831 0.75925
vt 0.00539 0.90559
vt 0.00606 1.00000
vt 0.07008 0.99954
vt 0.06944 0.90513
vt 0.00001 0.06962
vt 0.00006 0.00000
vt 0.58042 0.00033
vt 0.58056 0.06931
vt 0.61834 0.06927
vt 0.61822 0.00022
vt 0.58059 0.10510
vt 0.61837 0.10508
vt 0.58001 0.90343
vt 0.57987 0.99801
vt 0.61727 0.99807
vt 0.61746 0.90348
vt 0.43337 0.86853
vt 0.43295 0.75910
vt 0.58044 0.72419
vt 0.61817 0.72439
vt 0.58050 0.65020
vt 0.61822 0.65025
vt 0.58061 0.17845
vt 0.61839 0.17846
vt 0.58059 0.21377
vt 0.61838 0.21379
vt 0.58055 0.28767
vt 0.61835 0.28768
vt 0.58054 0.32288
vt 0.61834 0.32290
vt 0.58054 0.39680
vt 0.61833 0.39680
vt 0.58055 0.43210
vt 0.61833 0.43209
vt 0.58056 0.50589
vt 0.61833 0.50586
vt 0.58057 0.54117
vt 0.61834 0.54114
vt 0.58056 0.57864
vt 0.58053 0.61507
vt 0.61824 0.61516
vt 0.61831 0.57863
vt 0.72625 0.90371
vt 0.76299 0.90382
vt 0.65428 0.06924
vt 0.65418 0.00015
vt 0.32500 0.86894
vt 0.32435 0.76003
vt 0.72816 0.28774
vt 0.72813 0.32295
vt 0.76515 0.32299
vt 0.76519 0.28778
vt 0.65410 0.72481
vt 0.65412 0.65018
vt 0.65432 0.17846
vt 0.65430 0.10507
vt 0.65428 0.28770
vt 0.65431 0.21381
vt 0.65425 0.39680
vt 0.65427 0.32291
vt 0.65427 0.50583
vt 0.65425 0.43208
vt 0.65397 0.61540
vt 0.65424 0.57860
vt 0.47026 0.99794
vt 0.47019 0.90342
vt 0.69265 0.00008
vt 0.69272 0.06921
vt 0.72821 0.06919
vt 0.72816 0.00004
vt 0.69274 0.10505
vt 0.72822 0.10505
vt 0.69112 0.90363
vt 0.69085 0.99828
vt 0.72595 0.99842
vt 0.36070 0.99805
vt 0.39817 0.99798
vt 0.87273 0.99925
vt 0.97818 0.99992
vt 0.69096 0.72493
vt 0.72533 0.72454
vt 0.69253 0.64883
vt 0.69275 0.17847
vt 0.72822 0.17848
vt 0.69274 0.21382
vt 0.72820 0.21384
vt 0.69271 0.28772
vt 0.69269 0.32293
vt 0.69266 0.39681
vt 0.69266 0.43209
vt 0.69271 0.50581
vt 0.69280 0.54103
vt 0.69304 0.57827
vt 0.69175 0.61417
vt 0.72836 0.57841
vt 0.10523 0.99930
vt 0.17953 0.99880
vt 0.76528 0.06918
vt 0.76525 0.00001
vt 0.76301 0.72422
vt 0.76526 0.17850
vt 0.76528 0.10505
vt 0.76524 0.21386
vt 0.76466 0.57833
vt 0.83773 0.90413
vt 0.84058 0.06919
vt 0.84060 0.00000
vt 0.84057 0.10457
vt 0.76264 0.99858
vt 0.83723 0.99903
vt 0.65283 0.99816
vt 0.65306 0.90355
vt 0.83843 0.72423
vt 0.83901 0.64990
vt 0.84052 0.17855
vt 0.84049 0.21393
vt 0.84039 0.28788
vt 0.84034 0.32310
vt 0.84018 0.39701
vt 0.84009 0.43229
vt 0.83986 0.50601
vt 0.83973 0.54122
vt 0.83932 0.61481
vt 0.83955 0.57857
vt 0.65314 0.86860
vt 0.65359 0.75933
vt 0.65428 0.54110
vt 0.43358 0.99795
vt 0.43345 0.90347
vt 0.28878 0.99825
vt 0.32545 0.99814
vt 0.32514 0.90379
vt 0.21447 0.99861
vt 0.32429 0.54279
vt 0.43290 0.54150
vt 0.54357 0.54120
vt 0.72695 0.61524
vt 0.69175 0.61417
vt 0.69472 0.61814
vt 0.72311 0.61814
vt 0.32488 0.21337
vt 0.36008 0.21474
vt 0.35712 0.21076
vt 0.32868 0.21052
vt 0.35911 0.61625
vt 0.32386 0.61543
vt 0.32684 0.61935
vt 0.35530 0.61916
vt 0.36003 0.65115
vt 0.35911 0.61625
vt 0.35530 0.61916
vt 0.35703 0.64718
vt 0.35938 0.17989
vt 0.32414 0.17846
vt 0.32711 0.18246
vt 0.35557 0.18273
vt 0.36008 0.21474
vt 0.35938 0.17989
vt 0.35557 0.18273
vt 0.35712 0.21076
vt 0.72763 0.65027
vt 0.72695 0.61524
vt 0.72311 0.61814
vt 0.72465 0.64626
vt 0.32414 0.17846
vt 0.32488 0.21337
vt 0.32868 0.21052
vt 0.32711 0.18246
vt 0.32386 0.61543
vt 0.32486 0.64996
vt 0.32862 0.64709
vt 0.32684 0.61935
vt 0.69175 0.61417
vt 0.69253 0.64883
vt 0.69632 0.64598
vt 0.69472 0.61814
vt 0.32461 0.43233
vt 0.35981 0.43363
vt 0.35684 0.42965
vt 0.32840 0.42947
vt 0.35899 0.39880
vt 0.32381 0.39750
vt 0.32678 0.40147
vt 0.35520 0.40166
vt 0.35981 0.43363
vt 0.35899 0.39880
vt 0.35520 0.40166
vt 0.35684 0.42965
vt 0.32381 0.39750
vt 0.32461 0.43233
vt 0.32840 0.42947
vt 0.32678 0.40147
vt 0.69253 0.64883
vt 0.72763 0.65027
vt 0.72465 0.64626
vt 0.69632 0.64598
vt 0.32486 0.64996
vt 0.36003 0.65115
vt 0.35703 0.64718
vt 0.32862 0.64709
vt 0.32711 0.18246
vt 0.32868 0.21052
vt 0.35712 0.21076
vt 0.35557 0.18273
vt 0.32678 0.40147
vt 0.32840 0.42947
vt 0.35684 0.42965
vt 0.35520 0.40166
vt 0.32684 0.61935
vt 0.32862 0.64709
vt 0.35703 0.64718
vt 0.35530 0.61916
vt 0.72465 0.64626
vt 0.72311 0.61814
vt 0.69472 0.61814
vt 0.69632 0.64598
vn 0.0000 -1.0000 -0.0000
vn 0.0000 -1.0000 -0.0000
vn 0.0000 -1.0000 -0.0000
vn 0.0000 -1.0000 -0.0000
vn 0.0000 -1.0000 -0.0000
vn 0.0000 -1.0000 -0.0000
vn 0.0000 -1.0000 -0.0000
vn 0.0000 -1.0000 -0.0000
vn 0.0000 -1.0000 -0.0000
vn 0.0000 -1.0000 -0.0000
vn 0.0000 -1.0000 -0.0000
vn 0.0000 -1.0000 -0.0000
vn 0.0000 -1.0000 -0.0000
vn 0.0000 -1.0000 -0.0000
vn 0.0000 -1.0000 -0.0000
vn 0.0000 -1.0000 -0.0000
vn 0.0000 -1.0000 -0.0000
vn 0.0000 -1.0000 -0.0000
vn 0.0000 -1.0000 -0.0000
vn 0.0000 -1.0000 -0.0000
vn 0.0000 -1.0000 -0.0000
vn 0.0000 -1.0000 -0.0000
vn 0.0000 -1.0000 -0.0000
vn 0.0000 -1.0000 -0.0000
vn 0.0000 -1.0000 -0.0000
vn 0.0000 -1.0000 -0.0000
vn 0.0000 -1.0000 -0.0000
vn 0.0000 -1.0000 -0.0000
vn 0.0000 -1.0000 -0.0000
vn 0.0000 -1.0000 -0.0000
vn 0.0000 -1.0000 -0.0000
vn 0.0000 -1.0000 -0.0000
vn 0.0000 -1.0000 -0.0000
vn 0.0000 -1.0000 -0.0000
vn 0.0000 -1.0000 -0.0000
vn 0.0000 -1.0000 -0.0000
vn 0.0000 -1.0000 -0.0000
vn 0.0000 -1.0000 -0.0000
vn 0.0000 -1.0000 -0.0000
vn 0.0000 -1.0000 -0.0000
vn 0.0000 -1.0000 -0.0000
vn 0.0000 -1.0000 -0.0000
vn 0.0000 -1.0000 -0.0000
vn 0.0000 -1.0000 -0.0000
vn 0.0000 -1.0000 -0.0000
vn 0.0000 -1.0000 -0.0000
vn 0.0000 -1.0000 -0.0000
vn 0.0000 -1.0000 -0.0000
vn 0.0000 -1.0000 -0.0000
vn 0.0000 -1.0000 -0.0000
vn 0.0000 -1.0000 -0.0000
vn 0.0000 -1.0000 -0.0000
vn 0.0000 -1.0000 -0.0000
vn 0.0000 -1.0000 -0.0000
vn 0.0000 -1.0000 -0.0000
vn 0.0000 -1.0000 -0.0000
vn 0.0000 -1.0000 -0.0000
vn 0.0000 -1.0000 -0.0000
vn 0.0000 -1.0000 -0.0000
vn 0.0000 -1.0000 -0.0000
vn 0.0000 -1.0000 -0.0000
vn 0.0000 -1.0000 -0.0000
vn 0.0000 -1.0000 -0.0000
vn 0.0000 -1.0000 -0.0000
vn 0.0000 -1.0000 -0.0000
vn 0.0000 -1.0000 -0.0000
vn 0.0000 -1.0000 -0.0000
vn 0.0000 -1.0000 -0.0000
vn 0.0000 -1.0000 -0.0000
vn 0.0000 -1.0000 -0.0000
vn 0.0000 -1.0000 -0.0000
vn 0.0000 -1.0000 -0.0000
vn 0.0000 -1.0000 -0.0000
vn 0.0000 -1.0000 -0.0000
vn 0.0000 -1.0000 -0.0000
vn 0.0000 -1.0000 -0.0000
vn 0.0000 -1.0000 -0.0000
vn 0.0000 -1.0000 -0.0000
vn 0.0000 -1.0000 -0.0000
vn 0.0000 -1.0000 -0.0000
vn 0.0000 -1.0000 -0.0000
vn 0.0000 -1.0000 -0.0000
vn 0.0000 -1.0000 -0.0000
vn 0.0000 -1.0000 -0.0000
vn 0.0000 -1.0000 -0.0000
vn 0.0000 -1.0000 -0.0000
vn 0.0000 -1.0000 -0.0000
vn 0.0000 -1.0000 -0.0000
vn 0.0000 -1.0000 -0.0000
vn 0.0000 -1.0000 -0.0000
vn 0.0000 -1.0000 -0.0000
vn 0.0000 -1.0000 -0.0000
vn 0.0000 -1.0000 -0.0000
vn 0.0000 -1.0000 -0.0000
vn 0.0000 -1.0000 -0.0000
vn 0.0000 -1.0000 -0.0000
vn 0.0000 -1.0000 -0.0000
vn 0.0000 -1.0000 -0.0000
vn 0.0000 -1.0000 -0.0000
vn 0.0000 -1.0000 -0.0000
vn 0.0000 -1.0000 -0.0000
vn 0.0000 -1.0000 -0.0000
vn 0.0000 -1.0000 -0.0000
vn 0.0000 -1.0000 -0.0000
vn 0.0000 -1.0000 -0.0000
vn 0.0000 -1.0000 -0.0000
vn 0.0000 -1.0000 -0.0000
vn 0.0000 -1.0000 -0.0000
vn 0.0000 -1.0000 -0.0000
vn 0.0000 -1.0000 -0.0000
vn 0.0000 -1.0000 -0.0000
vn 0.0000 -1.0000 -0.0000
vn 0.0000 -1.0000 -0.0000
vn 0.0000 -1.0000 -0.0000
vn 0.0000 -1.0000 -0.0000
vn 0.0000 -1.0000 -0.0000
vn 0.0000 -1.0000 -0.0000
vn 0.0000 -1.0000 -0.0000
vn 0.0000 -1.0000 -0.0000
vn 0.0000 -1.0000 -0.0000
vn 0.0000 -1.0000 -0.0000
vn 0.0000 -1.0000 -0.0000
vn 0.0000 -1.0000 -0.0000
vn 0.0000 -1.0000 -0.0000
vn 0.0000 -1.0000 -0.0000
vn 0.0000 -1.0000 -0.0000
vn 0.0000 -1.0000 -0.0000
vn 0.0000 -1.0000 -0.0000
vn 0.0000 -1.0000 -0.0000
vn 0.0000 -1.0000 -0.0000
vn 0.0000 -1.0000 -0.0000
vn 0.0000 -1.0000 -0.0000
vn 0.0000 -1.0000 -0.0000
vn 0.0000 -1.0000 -0.0000
vn 0.0000 -1.0000 -0.0000
vn 0.0000 -1.0000 -0.0000
vn 0.0000 -1.0000 -0.0000
vn 0.0000 -1.0000 -0.0000
vn 0.0000 -1.0000 -0.0000
vn 0.0000 -1.0000 -0.0000
vn 0.0000 -1.0000 -0.0000
vn 0.0000 -1.0000 -0.0000
vn 0.0000 -1.0000 -0.0000
vn 0.0000 -1.0000 -0.0000
vn 0.0000 -1.0000 -0.0000
vn 0.0000 -1.0000 -0.0000
vn 0.0000 -1.0000 -0.0000
vn 0.0000 -1.0000 -0.0000
vn 0.0000 -1.0000 -0.0000
vn 0.0000 -1.0000 -0.0000
vn 0.0000 -1.0000 -0.0000
vn 0.0000 -1.0000 -0.0000
vn 0.0000 -1.0000 -0.0000
vn 0.0000 -1.0000 -0.0000
vn 0.0000 -1.0000 -0.0000
vn 0.0000 -1.0000 -0.0000
vn 0.0000 -1.0000 -0.0000
vn 0.0000 -1.0000 -0.0000
vn 0.0000 -1.0000 -0.0000
vn 0.0000 -1.0000 -0.0000
vn 0.0000 -1.0000 -0.0000
vn 0.0000 -1.0000 -0.0000
vn 0.0000 -1.0000 -0.0000
vn 0.0000 -1.0000 -0.0000
vn 0.0000 -1.0000 -0.0000
vn 0.0000 -1.0000 -0.0000
vn 0.0000 -1.0000 -0.0000
vn 0.0000 -1.0000 -0.0000
vn 0.0000 -1.0000 -0.0000
vn 0.0000 -1.0000 -0.0000
vn 0.0000 -1.0000 -0.0000
vn 0.0000 -1.0000 -0.0000
vn 0.0000 -1.0000 -0.0000
vn 0.0000 -1.0000 -0.0000
vn 0.0000 -1.0000 -0.0000
vn 0.0000 -1.0000 -0.0000
vn 0.0000 -1.0000 -0.0000
vn 0.0000 -1.0000 -0.0000
vn 0.0000 -1.0000 -0.0000
vn 0.0000 -1.0000 -0.0000
vn 0.0000 -1.0000 -0.0000
vn 0.0000 -1.0000 -0.0000
vn 0.0000 -1.0000 -0.0000
vn 0.0000 -1.0000 -0.0000
vn 0.0000 -1.0000 -0.0000
vn 0.0000 -1.0000 -0.0000
vn 0.0000 -1.0000 -0.0000
vn 0.0000 -1.0000 -0.0000
vn 0.0000 -1.0000 -0.0000
vn 0.0000 -1.0000 -0.0000
vn 0.0000 -1.0000 -0.0000
vn 0.0000 -1.0000 -0.0000
vn 0.0000 -1.0000 -0.0000
vn 0.0000 -1.0000 -0.0000
vn 0.0000 -1.0000 -0.0000
vn 0.0000 -1.0000 -0.0000
vn 0.0000 -1.0000 -0.0000
vn 0.0000 -1.0000 -0.0000
vn 0.0000 -1.0000 -0.0000
vn 0.0000 -1.0000 -0.0000
vn 0.0000 -1.0000 -0.0000
vn 0.0000 -1.0000 -0.0000
vn 0.0000 -1.0000 -0.0000
vn 0.0000 -1.0000 -0.0000
vn 0.0000 -1.0000 -0.0000
vn 0.0000 -1.0000 -0.0000
vn 0.0000 -1.0000 -0.0000
vn 0.0000 -1.0000 -0.0000
vn 0.0000 -1.0000 -0.0000
vn 0.0000 -1.0000 -0.0000
vn 0.0000 -1.0000 -0.0000
vn 0.0000 -1.0000 -0.0000
vn 0.0000 -1.0000 -0.0000
vn 0.0000 -1.0000 -0.0000
vn 0.0000 -1.0000 -0.0000
vn 0.0000 -1.0000 -0.0000
vn 0.0000 -1.0000 -0.0000
vn 0.0000 -1.0000 -0.0000
vn 0.0000 -1.0000 -0.0000
vn 0.0000 -1.0000 -0.0000
vn 0.0000 -1.0000 -0.0000
vn 0.0000 -1.0000 -0.0000
vn 0.0000 -1.0000 -0.0000
vn 0.0000 -1.0000 -0.0000
vn 0.0000 -1.0000 -0.0000
vn 0.0000 -1.0000 -0.0000
vn 0.0000 -1.0000 -0.0000
vn 0.0000 -1.0000 -0.0000
vn 0.0000 -1.0000 -0.0000
vn 0.0000 -1.0000 -0.0000
vn 0.0000 -1.0000 -0.0000
vn 0.0000 -1.0000 -0.0000
vn 0.0000 -1.0000 -0.0000
vn 0.0000 -1.0000 -0.0000
vn 0.0000 -1.0000 -0.0000
vn 0.0000 -1.0000 -0.0000
vn 0.0000 -1.0000 -0.0000
vn 0.0000 -1.0000 -0.0000
vn 0.0000 -1.0000 -0.0000
vn 0.0000 -1.0000 -0.0000
vn 0.0000 -1.0000 -0.0000
vn 0.0000 -1.0000 -0.0000
vn 0.0000 -1.0000 -0.0000
vn 0.0000 -1.0000 -0.0000
vn 0.0000 -1.0000 -0.0000
vn 0.0000 -1.0000 -0.0000
vn 0.0000 -1.0000 -0.0000
vn 0.0000 -1.0000 -0.0000
vn 0.0000 -1.0000 -0.0000
vn 0.0000 -1.0000 -0.0000
vn 0.0000 -1.0000 -0.0000
vn 0.0000 -1.0000 -0.0000
vn 0.0000 -1.0000 -0.0000
vn 0.0000 -1.0000 -0.0000
vn 0.0000 -1.0000 -0.0000
vn 0.0000 -1.0000 -0.0000
vn 0.0000 -1.0000 -0.0000
vn 0.0000 -1.0000 -0.0000
vn 0.0000 -1.0000 -0.0000
vn 0.0000 -1.0000 -0.0000
vn 0.0000 -1.0000 -0.0000
vn 0.0000 -1.0000 -0.0000
vn 0.0000 -1.0000 -0.0000
vn 0.0000 -1.0000 -0.0000
vn 0.0000 -1.0000 -0.0000
vn 0.0000 -1.0000 -0.0000
vn 0.0000 -1.0000 -0.0000
vn 0.0000 -1.0000 -0.0000
vn 0.0000 -1.0000 -0.0000
vn 0.0000 -1.0000 -0.0000
vn 0.0000 -1.0000 -0.0000
vn 0.0000 -1.0000 -0.0000
vn 0.0000 -1.0000 -0.0000
vn 0.0000 -1.0000 -0.0000
vn 0.0000 -1.0000 -0.0000
vn 0.0000 -1.0000 -0.0000
vn 0.0000 -1.0000 -0.0000
vn 0.0000 -1.0000 -0.0000
vn 0.0000 -1.0000 -0.0000
vn 0.0000 -1.0000 -0.0000
vn 0.0000 -1.0000 -0.0000
vn 0.0000 -1.0000 -0.0000
vn 0.0000 -1.0000 -0.0000
vn 0.0000 -1.0000 -0.0000
vn 0.0000 -1.0000 -0.0000
vn 0.0000 -1.0000 -0.0000
vn 0.0000 -1.0000 -0.0000
vn 0.0000 -1.0000 -0.0000
vn 0.0000 -1.0000 -0.0000
vn 0.0000 -1.0000 -0.0000
vn 0.0000 -1.0000 -0.0000
vn 0.0000 -1.0000 -0.0000
vn 0.0000 -1.0000 -0.0000
vn 0.0000 -1.0000 -0.0000
vn 0.0000 -1.0000 -0.0000
vn 0.0000 -1.0000 -0.0000
vn 0.0000 -1.0000 -0.0000
vn 0.0000 -1.0000 -0.0000
vn 0.0000 -1.0000 -0.0000
vn 0.0000 -1.0000 -0.0000
vn 0.0000 -1.0000 -0.0000
vn 0.0000 -1.0000 -0.0000
vn 0.0000 -1.0000 -0.0000
vn 0.0000 -1.0000 -0.0000
vn 0.0000 -1.0000 -0.0000
vn 0.0000 -1.0000 -0.0000
vn 0.0000 -1.0000 -0.0000
vn 0.0000 -1.0000 -0.0000
vn 0.0000 -1.0000 -0.0000
vn 0.0000 -1.0000 -0.0000
vn 0.0000 -1.0000 -0.0000
vn 0.0000 -1.0000 -0.0000
vn 0.0000 -1.0000 -0.0000
vn 0.0000 -1.0000 -0.0000
vn 0.0000 -1.0000 -0.0000
vn 0.0000 -1.0000 -0.0000
vn 0.0000 -1.0000 -0.0000
vn 0.0000 -1.0000 -0.0000
vn 0.0000 -1.0000 -0.0000
vn 0.0000 -1.0000 -0.0000
vn 0.0000 -1.0000 -0.0000
vn 0.0000 -1.0000 -0.0000
vn 0.0000 -1.0000 -0.0000
vn 0.0000 -1.0000 -0.0000
vn 0.0000 -1.0000 -0.0000
vn 0.0000 -1.0000 -0.0000
vn 0.0000 -1.0000 -0.0000
vn 0.0000 -1.0000 -0.0000
vn 0.0000 -1.0000 -0.0000
vn 0.0000 -1.0000 -0.0000
vn 0.0000 -1.0000 -0.0000
vn 0.0000 -1.0000 -0.0000
vn 0.0000 -1.0000 -0.0000
vn 0.0000 -1.0000 -0.0000
vn 0.0000 -1.0000 -0.0000
vn 0.0000 -1.0000 -0.0000
vn 0.0000 -1.0000 -0.0000
vn 0.0000 -1.0000 -0.0000
vn 0.0000 -1.0000 -0.0000
vn 0.0000 -1.0000 -0.0000
vn 0.0000 -1.0000 -0.0000
vn 0.0000 -1.0000 -0.0000
vn 0.0000 -1.0000 -0.0000
vn 0.0000 -1.0000 -0.0000
vn 0.0000 -1.0000 -0.0000
vn 0.0000 -1.0000 -0.0000
vn 0.0000 -1.0000 -0.0000
vn 0.0000 -1.0000 -0.0000
vn 0.0000 -1.0000 -0.0000
vn 0.0000 -1.0000 -0.0000
vn 0.0000 -1.0000 -0.0000
vn 0.0000 -1.0000 -0.0000
vn 0.0000 -1.0000 -0.0000
vn 0.0000 -1.0000 -0.0000
vn 0.0000 -1.0000 -0.0000
vn 0.0000 -1.0000 -0.0000
vn 0.0000 -1.0000 -0.0000
vn 0.0000 -1.0000 -0.0000
vn 0.0000 -1.0000 -0.0000
vn 0.0000 -1.0000 -0.0000
vn 0.0000 -1.0000 -0.0000
vn 0.0000 -1.0000 -0.0000
vn 0.0000 -1.0000 -0.0000
vn 0.0000 -1.0000 -0.0000
vn 0.0000 -1.0000 -0.0000
vn 0.0000 -1.0000 -0.0000
vn 0.0000 -1.0000 -0.0000
vn 0.0000 -1.0000 -0.0000
vn 0.0000 -1.0000 -0.0000
vn 0.0000 -1.0000 -0.0000
vn 0.0000 -1.0000 -0.0000
vn 0.0000 -1.0000 -0.0000
vn 0.0000 -1.0000 -0.0000
vn 0.0000 -1.0000 -0.0000
vn 0.0000 -1.0000 -0.0000
vn 0.0000 -1.0000 -0.0000
vn 0.0000 -1.0000 -0.0000
vn 0.0000 -1.0000 -0.0000
vn 0.0000 -1.0000 -0.0000
vn 0.0000 -1.0000 -0.0000
vn 0.0000 -1.0000 -0.0000
vn 0.0000 -1.0000 -0.0000
vn 0.0000 -1.0000 -0.0000
vn 0.0000 -1.0000 -0.0000
vn 0.0000 -1.0000 -0.0000
vn 0.0000 -1.0000 -0.0000
vn 0.0000 -1.0000 -0.0000
vn 0.0000 -1.0000 -0.0000
vn 0.0000 -1.0000 -0.0000
vn 0.0000 -1.0000 -0.0000
vn 0.0000 -1.0000 -0.0000
vn 0.0000 -1.0000 -0.0000
vn 0.0000 -1.0000 -0.0000
vn 0.0000 -1.0000 -0.0000
vn 0.0000 -1.0000 -0.0000
vn 0.0000 -1.0000 -0.0000
vn 0.0000 -1.0000 -0.0000
vn 0.0000 -1.0000 -0.0000
vn 0.0000 -1.0000 -0.0000
vn 0.0000 -1.0000 -0.0000
vn 0.0000 -1.0000 -0.0000
vn 0.0000 -1.0000 -0.0000
vn 0.0000 -1.0000 -0.0000
vn 0.0000 -1.0000 -0.0000
vn 0.0000 -1.0000 -0.0000
vn 0.0000 -1.0000 -0.0000
vn 0.0000 -1.0000 -0.0000
vn 0.0000 -1.0000 -0.0000
vn 0.0000 -1.0000 -0.0000
vn 0.0000 -1.0000 -0.0000
vn 0.0000 -1.0000 -0.0000
vn 0.0000 -1.0000 -0.0000
vn 0.0000 -1.0000 -0.0000
vn 0.0000 -1.0000 -0.0000
vn 0.0000 -1.0000 -0.0000
vn 0.0000 -1.0000 -0.0000
vn 0.0000 -1.0000 -0.0000
vn 0.0000 -1.0000 -0.0000
vn 1.0000 0.0000 0.0000
vn 1.0000 0.0000 0.0000
vn 1.0000 0.0000 0.0000
vn 1.0000 0.0000 0.0000
vn -1.0000 0.0000 -0.0000
vn -1.0000 0.0000 -0.0000
vn -1.0000 0.0000 -0.0000
vn -1.0000 0.0000 -0.0000
vn 1.0000 0.0000 0.0000
vn 1.0000 0.0000 0.0000
vn 1.0000 0.0000 0.0000
vn 1.0000 0.0000 0.0000
vn 0.0000 0.0000 -1.0000
vn 0.0000 0.0000 -1.0000
vn 0.0000 0.0000 -1.0000
vn 0.0000 0.0000 -1.0000
vn 1.0000 0.0000 0.0000
vn 1.0000 0.0000 0.0000
vn 1.0000 0.0000 0.0000
vn 1.0000 0.0000 0.0000
vn 0.0000 0.0000 -1.0000
vn 0.0000 0.0000 -1.0000
vn 0.0000 0.0000 -1.0000
vn 0.0000 0.0000 -1.0000
vn 0.0000 0.0000 -1.0000
vn 0.0000 0.0000 -1.0000
vn 0.0000 0.0000 -1.0000
vn 0.0000 0.0000 -1.0000
vn -0.0000 -0.0000 1.0000
vn -0.0000 -0.0000 1.0000
vn -0.0000 -0.0000 1.0000
vn -0.0000 -0.0000 1.0000
vn -0.0000 -0.0000 1.0000
vn -0.0000 -0.0000 1.0000
vn -0.0000 -0.0000 1.0000
vn -0.0000 -0.0000 1.0000
vn -0.0000 -0.0000 1.0000
vn -0.0000 -0.0000 1.0000
vn -0.0000 -0.0000 1.0000
vn -0.0000 -0.0000 1.0000
vn -1.0000 0.0000 -0.0000
vn -1.0000 0.0000 -0.0000
vn -1.0000 0.0000 -0.0000
vn -1.0000 0.0000 -0.0000
vn 1.0000 0.0000 0.0000
vn 1.0000 0.0000 0.0000
vn 1.0000 0.0000 0.0000
vn 1.0000 0.0000 0.0000
vn 0.0000 0.0000 -1.0000
vn 0.0000 0.0000 -1.0000
vn 0.0000 0.0000 -1.0000
vn 0.0000 0.0000 -1.0000
vn -0.0000 -0.0000 1.0000
vn -0.0000 -0.0000 1.0000
vn -0.0000 -0.0000 1.0000
vn -0.0000 -0.0000 1.0000
vn -1.0000 0.0000 -0.0000
vn -1.0000 0.0000 -0.0000
vn -1.0000 0.0000 -0.0000
vn -1.0000 0.0000 -0.0000
vn -1.0000 0.0000 -0.0000
vn -1.0000 0.0000 -0.0000
vn -1.0000 0.0000 -0.0000
vn -1.0000 0.0000 -0.0000
vn 0.0000 -1.0000 -0.0000
vn 0.0000 -1.0000 -0.0000
vn 0.0000 -1.0000 -0.0000
vn 0.0000 -1.0000 -0.0000
vn 0.0000 -1.0000 -0.0000
vn 0.0000 -1.0000 -0.0000
vn 0.0000 -1.0000 -0.0000
vn 0.0000 -1.0000 -0.0000
vn 0.0000 -1.0000 -0.0000
vn 0.0000 -1.0000 -0.0000
vn 0.0000 -1.0000 -0.0000
vn 0.0000 -1.0000 -0.0000
vn 0.0000 -1.0000 -0.0000
vn 0.0000 -1.0000 -0.0000
vn 0.0000 -1.0000 -0.0000
vn 0.0000 -1.0000 -0.0000
f 1/1/1 2/2/2 3/3/3
f 1/1/1 3/3/3 4/4/4
f 5/5/5 1/1/1 4/4/4
f 5/5/5 4/4/4 6/6/6
f 7/7/7 8/8/8 9/9/9
f 7/7/7 9/9/9 10/10/10
f 8/8/8 11/11/11 12/12/12
f 8/8/8 12/12/12 9/9/9
f 13/13/13 14/14/14 15/15/15
f 13/13/13 15/15/15 16/16/16
f 10/10/10 9/9/9 17/17/17
f 10/10/10 17/17/17 18/18/18
f 19/19/19 20/20/20 21/21/21
f 19/19/19 21/21/21 22/22/22
f 23/23/23 24/24/24 25/25/25
f 23/23/23 25/25/25 26/26/26
f 27/27/27 28/28/28 29/29/29
f 27/27/27 29/29/29 30/30/30
f 31/31/31 27/27/27 30/30/30
f 31/31/31 30/30/30 32/32/32
f 33/33/33 23/23/23 26/26/26
f 33/33/33 26/26/26 34/34/34
f 34/34/34 26/26/26 35/35/35
f 34/34/34 35/35/35 36/36/36
f 37/37/37 33/33/33 34/34/34
f 37/37/37 34/34/34 38/38/38
f 39/39/39 31/31/31 32/32/32
f 39/39/39 32/32/32 40/40/40
f 41/41/41 39/39/39 40/40/40
f 41/41/41 40/40/40 42/42/42
f 43/43/43 37/37/37 38/38/38
f 43/43/43 38/38/38 44/44/44
f 44/44/44 38/38/38 45/45/45
f 44/44/44 45/45/45 46/46/46
f 47/47/47 43/43/43 44/44/44
f 47/47/47 44/44/44 48/48/48
f 49/49/49 41/41/41 42/42/42
f 49/49/49 42/42/42 50/50/50
f 51/51/51 49/49/49 50/50/50
f 51/51/51 50/50/50 52/52/52
f 53/53/53 47/47/47 48/48/48
f 53/53/53 48/48/48 54/54/54
f 54/54/54 48/48/48 55/55/55
f 54/54/54 55/55/55 56/56/56
f 57/57/57 53/53/53 54/54/54
f 57/57/57 54/54/54 58/58/58
f 59/59/59 51/51/51 52/52/52
f 59/59/59 52/52/52 60/60/60
f 61/61/61 59/59/59 60/60/60
f 61/61/61 60/60/60 62/62/62
f 63/63/63 57/57/57 58/58/58
f 63/63/63 58/58/58 64/64/64
f 64/64/64 58/58/58 65/65/65
f 64/64/64 65/65/65 66/66/66
f 12/12/12 67/67/67 68/68/68
f 12/12/12 68/68/68 69/69/69
f 11/11/11 70/70/70 67/67/67
f 11/11/11 67/67/67 12/12/12
f 2/2/2 71/71/71 72/72/72
f 2/2/2 72/72/72 3/3/3
f 70/70/70 22/22/22 21/21/21
f 70/70/70 21/21/21 67/67/67
f 71/71/71 16/16/16 15/15/15
f 71/71/71 15/15/15 72/72/72
f 73/73/73 74/74/74 75/75/75
f 73/73/73 75/75/75 76/76/76
f 77/77/77 63/63/63 64/64/64
f 77/77/77 64/64/64 78/78/78
f 79/79/79 61/61/61 62/62/62
f 79/79/79 62/62/62 80/80/80
f 81/81/81 79/79/79 80/80/80
f 81/81/81 80/80/80 82/82/82
f 83/83/83 77/77/77 78/78/78
f 83/83/83 78/78/78 84/84/84
f 84/84/84 78/78/78 85/85/85
f 84/84/84 85/85/85 86/86/86
f 87/87/87 88/88/88 89/89/89
f 87/87/87 89/89/89 90/90/90
f 91/91/91 92/92/92 93/93/93
f 91/91/91 93/93/93 94/94/94
f 95/95/95 96/96/96 97/97/97
f 95/95/95 97/97/97 98/98/98
f 99/99/99 100/100/100 101/101/101
f 99/99/99 101/101/101 102/102/102
f 103/103/103 104/104/104 105/105/105
f 103/103/103 105/105/105 106/106/106
f 107/107/107 108/108/108 109/109/109
f 107/107/107 109/109/109 110/110/110
f 111/111/111 112/112/112 113/113/113
f 111/111/111 113/113/113 114/114/114
f 115/115/115 116/116/116 112/112/112
f 115/115/115 112/112/112 111/111/111
f 116/116/116 117/117/117 91/91/91
f 116/116/116 91/91/91 112/112/112
f 118/118/118 119/119/119 120/120/120
f 118/118/118 120/120/120 108/108/108
f 121/121/121 118/118/118 108/108/108
f 121/121/121 108/108/108 107/107/107
f 122/122/122 121/121/121 107/107/107
f 122/122/122 107/107/107 104/104/104
f 123/123/123 122/122/122 104/104/104
f 123/123/123 104/104/104 103/103/103
f 124/124/124 123/123/123 103/103/103
f 124/124/124 103/103/103 100/100/100
f 125/125/125 124/124/124 100/100/100
f 125/125/125 100/100/100 99/99/99
f 126/126/126 125/125/125 99/99/99
f 126/126/126 99/99/99 96/96/96
f 127/127/127 126/126/126 96/96/96
f 127/127/127 96/96/96 95/95/95
f 117/117/117 128/128/128 92/92/92
f 117/117/117 92/92/92 91/91/91
f 128/128/128 129/129/129 130/130/130
f 128/128/128 130/130/130 92/92/92
f 131/131/131 132/132/132 130/130/130
f 131/131/131 130/130/130 129/129/129
f 133/133/133 127/127/127 95/95/95
f 133/133/133 95/95/95 88/88/88
f 134/134/134 133/133/133 88/88/88
f 134/134/134 88/88/88 87/87/87
f 135/135/135 136/136/136 137/137/137
f 135/135/135 137/137/137 138/138/138
f 139/139/139 140/140/140 141/141/141
f 139/139/139 141/141/141 142/142/142
f 143/143/143 144/144/144 145/145/145
f 143/143/143 145/145/145 146/146/146
f 147/147/147 148/148/148 149/149/149
f 147/147/147 149/149/149 150/150/150
f 151/151/151 152/152/152 153/153/153
f 151/151/151 153/153/153 154/154/154
f 155/155/155 156/156/156 157/157/157
f 155/155/155 157/157/157 158/158/158
f 159/159/159 160/160/160 161/161/161
f 159/159/159 161/161/161 162/162/162
f 163/163/163 164/164/164 160/160/160
f 163/163/163 160/160/160 159/159/159
f 164/164/164 165/165/165 139/139/139
f 164/164/164 139/139/139 160/160/160
f 166/166/166 167/167/167 168/168/168
f 166/166/166 168/168/168 156/156/156
f 169/169/169 166/166/166 156/156/156
f 169/169/169 156/156/156 155/155/155
f 170/170/170 169/169/169 155/155/155
f 170/170/170 155/155/155 152/152/152
f 171/171/171 170/170/170 152/152/152
f 171/171/171 152/152/152 151/151/151
f 172/172/172 171/171/171 151/151/151
f 172/172/172 151/151/151 148/148/148
f 173/173/173 172/172/172 148/148/148
f 173/173/173 148/148/148 147/147/147
f 174/174/174 173/173/173 147/147/147
f 174/174/174 147/147/147 144/144/144
f 175/175/175 174/174/174 144/144/144
f 175/175/175 144/144/144 143/143/143
f 165/165/165 176/176/176 140/140/140
f 165/165/165 140/140/140 139/139/139
f 176/176/176 177/177/177 178/178/178
f 176/176/176 178/178/178 140/140/140
f 179/179/179 180/180/180 178/178/178
f 179/179/179 178/178/178 177/177/177
f 181/181/181 175/175/175 143/143/143
f 181/181/181 143/143/143 136/136/136
f 182/182/182 181/181/181 136/136/136
f 182/182/182 136/136/136 135/135/135
f 183/183/183 184/184/184 181/181/181
f 183/183/183 181/181/181 182/182/182
f 185/185/185 186/186/186 176/176/176
f 185/185/185 176/176/176 165/165/165
f 187/187/187 188/188/188 174/174/174
f 187/187/187 174/174/174 175/175/175
f 189/189/189 190/190/190 172/172/172
f 189/189/189 172/172/172 173/173/173
f 191/191/191 192/192/192 170/170/170
f 191/191/191 170/170/170 171/171/171
f 193/193/193 194/194/194 166/166/166
f 193/193/193 166/166/166 169/169/169
f 195/195/195 196/196/196 197/197/197
f 195/195/195 197/197/197 198/198/198
f 199/199/199 200/200/200 164/164/164
f 199/199/199 164/164/164 163/163/163
f 201/201/201 202/202/202 200/200/200
f 201/201/201 200/200/200 199/199/199
f 202/202/202 203/203/203 185/185/185
f 202/202/202 185/185/185 200/200/200
f 204/204/204 205/205/205 132/132/132
f 204/204/204 132/132/132 131/131/131
f 206/206/206 207/207/207 208/208/208
f 206/206/206 208/208/208 194/194/194
f 209/209/209 206/206/206 194/194/194
f 209/209/209 194/194/194 193/193/193
f 210/210/210 209/209/209 193/193/193
f 210/210/210 193/193/193 192/192/192
f 211/211/211 210/210/210 192/192/192
f 211/211/211 192/192/192 191/191/191
f 212/212/212 211/211/211 191/191/191
f 212/212/212 191/191/191 190/190/190
f 213/213/213 212/212/212 190/190/190
f 213/213/213 190/190/190 189/189/189
f 214/214/214 213/213/213 189/189/189
f 214/214/214 189/189/189 188/188/188
f 215/215/215 214/214/214 188/188/188
f 215/215/215 188/188/188 187/187/187
f 203/203/203 216/216/216 186/186/186
f 203/203/203 186/186/186 185/185/185
f 216/216/216 217/217/217 218/218/218
f 216/216/216 218/218/218 186/186/186
f 219/219/219 220/220/220 221/221/221
f 219/219/219 221/221/221 222/222/222
f 223/223/223 224/224/224 225/225/225
f 223/223/223 225/225/225 226/226/226
f 227/227/227 228/228/228 14/14/14
f 227/227/227 14/14/14 13/13/13
f 229/229/229 230/230/230 218/218/218
f 229/229/229 218/218/218 217/217/217
f 231/231/231 215/215/215 187/187/187
f 231/231/231 187/187/187 184/184/184
f 232/232/232 231/231/231 184/184/184
f 232/232/232 184/184/184 183/183/183
f 233/233/233 234/234/234 231/231/231
f 233/233/233 231/231/231 232/232/232
f 235/235/235 236/236/236 230/230/230
f 235/235/235 230/230/230 229/229/229
f 237/237/237 238/238/238 180/180/180
f 237/237/237 180/180/180 179/179/179
f 239/239/239 240/240/240 216/216/216
f 239/239/239 216/216/216 203/203/203
f 241/241/241 242/242/242 214/214/214
f 241/241/241 214/214/214 215/215/215
f 243/243/243 244/244/244 212/212/212
f 243/243/243 212/212/212 213/213/213
f 245/245/245 246/246/246 210/210/210
f 245/245/245 210/210/210 211/211/211
f 247/247/247 248/248/248 206/206/206
f 247/247/247 206/206/206 209/209/209
f 249/249/249 250/250/250 251/251/251
f 249/249/249 251/251/251 252/252/252
f 253/253/253 254/254/254 202/202/202
f 253/253/253 202/202/202 201/201/201
f 255/255/255 256/256/256 254/254/254
f 255/255/255 254/254/254 253/253/253
f 256/256/256 257/257/257 239/239/239
f 256/256/256 239/239/239 254/254/254
f 258/258/258 259/259/259 260/260/260
f 258/258/258 260/260/260 261/261/261
f 262/262/262 263/263/263 264/264/264
f 262/262/262 264/264/264 248/248/248
f 265/265/265 262/262/262 248/248/248
f 265/265/265 248/248/248 247/247/247
f 266/266/266 265/265/265 247/247/247
f 266/266/266 247/247/247 246/246/246
f 267/267/267 266/266/266 246/246/246
f 267/267/267 246/246/246 245/245/245
f 268/268/268 267/267/267 245/245/245
f 268/268/268 245/245/245 244/244/244
f 269/269/269 268/268/268 244/244/244
f 269/269/269 244/244/244 243/243/243
f 270/270/270 269/269/269 243/243/243
f 270/270/270 243/243/243 242/242/242
f 271/271/271 270/270/270 242/242/242
f 271/271/271 242/242/242 241/241/241
f 257/257/257 272/272/272 240/240/240
f 257/257/257 240/240/240 239/239/239
f 272/272/272 273/273/273 274/274/274
f 272/272/272 274/274/274 240/240/240
f 273/273/273 275/275/275 276/276/276
f 273/273/273 276/276/276 274/274/274
f 21/21/21 20/20/20 277/277/277
f 21/21/21 277/277/277 278/278/278
f 279/279/279 280/280/280 281/281/281
f 279/279/279 281/281/281 282/282/282
f 283/283/283 284/284/284 285/285/285
f 283/283/283 285/285/285 286/286/286
f 287/287/287 271/271/271 241/241/241
f 287/287/287 241/241/241 234/234/234
f 288/288/288 287/287/287 234/234/234
f 288/288/288 234/234/234 233/233/233
f 289/289/289 290/290/290 291/291/291
f 289/289/289 291/291/291 292/292/292
f 290/290/290 293/293/293 294/294/294
f 290/290/290 294/294/294 291/291/291
f 295/295/295 296/296/296 297/297/297
f 295/295/295 297/297/297 298/298/298
f 274/274/274 276/276/276 229/229/229
f 274/274/274 229/229/229 217/217/217
f 218/218/218 230/230/230 179/179/179
f 218/218/218 179/179/179 177/177/177
f 130/130/130 132/132/132 299/299/299
f 130/130/130 299/299/299 300/300/300
f 301/301/301 249/249/249 252/252/252
f 301/301/301 252/252/252 302/302/302
f 303/303/303 301/301/301 302/302/302
f 303/303/303 302/302/302 304/304/304
f 293/293/293 305/305/305 306/306/306
f 293/293/293 306/306/306 294/294/294
f 305/305/305 307/307/307 308/308/308
f 305/305/305 308/308/308 306/306/306
f 307/307/307 309/309/309 310/310/310
f 307/307/307 310/310/310 308/308/308
f 309/309/309 311/311/311 312/312/312
f 309/309/309 312/312/312 310/310/310
f 311/311/311 313/313/313 314/314/314
f 311/311/311 314/314/314 312/312/312
f 313/313/313 315/315/315 316/316/316
f 313/313/313 316/316/316 314/314/314
f 315/315/315 317/317/317 318/318/318
f 315/315/315 318/318/318 316/316/316
f 317/317/317 319/319/319 320/320/320
f 317/317/317 320/320/320 318/318/318
f 321/321/321 322/322/322 323/323/323
f 321/321/321 323/323/323 324/324/324
f 322/322/322 303/303/303 304/304/304
f 322/322/322 304/304/304 323/323/323
f 325/325/325 326/326/326 280/280/280
f 325/325/325 280/280/280 260/260/260
f 292/292/292 291/291/291 327/327/327
f 292/292/292 327/327/327 328/328/328
f 178/178/178 180/180/180 329/329/329
f 178/178/178 329/329/329 330/330/330
f 331/331/331 332/332/332 333/333/333
f 331/331/331 333/333/333 334/334/334
f 304/304/304 302/302/302 335/335/335
f 304/304/304 335/335/335 336/336/336
f 294/294/294 306/306/306 337/337/337
f 294/294/294 337/337/337 338/338/338
f 308/308/308 310/310/310 339/339/339
f 308/308/308 339/339/339 340/340/340
f 312/312/312 314/314/314 341/341/341
f 312/312/312 341/341/341 342/342/342
f 316/316/316 318/318/318 343/343/343
f 316/316/316 343/343/343 344/344/344
f 324/324/324 323/323/323 345/345/345
f 324/324/324 345/345/345 346/346/346
f 347/347/347 74/74/74 73/73/73
f 347/347/347 73/73/73 348/348/348
f 349/349/349 350/350/350 351/351/351
f 349/349/349 351/351/351 352/352/352
f 350/350/350 353/353/353 354/354/354
f 350/350/350 354/354/354 351/351/351
f 355/355/355 356/356/356 357/357/357
f 355/355/355 357/357/357 325/325/325
f 358/358/358 359/359/359 205/205/205
f 358/358/358 205/205/205 204/204/204
f 20/20/20 73/73/73 76/76/76
f 20/20/20 76/76/76 277/277/277
f 360/360/360 361/361/361 228/228/228
f 360/360/360 228/228/228 227/227/227
f 362/362/362 258/258/258 261/261/261
f 362/362/362 261/261/261 363/363/363
f 364/364/364 362/362/362 363/363/363
f 364/364/364 363/363/363 224/224/224
f 353/353/353 365/365/365 366/366/366
f 353/353/353 366/366/366 354/354/354
f 365/365/365 367/367/367 368/368/368
f 365/365/365 368/368/368 366/366/366
f 367/367/367 369/369/369 331/331/331
f 367/367/367 331/331/331 368/368/368
f 369/369/369 370/370/370 332/332/332
f 369/369/369 332/332/332 331/331/331
f 370/370/370 371/371/371 219/219/219
f 370/370/370 219/219/219 332/332/332
f 371/371/371 372/372/372 220/220/220
f 371/371/371 220/220/220 219/219/219
f 372/372/372 373/373/373 195/195/195
f 372/372/372 195/195/195 220/220/220
f 373/373/373 374/374/374 196/196/196
f 373/373/373 196/196/196 195/195/195
f 375/375/375 376/376/376 223/223/223
f 375/375/375 223/223/223 377/377/377
f 378/378/378 379/379/379 236/236/236
f 378/378/378 236/236/236 235/235/235
f 352/352/352 351/351/351 380/380/380
f 352/352/352 380/380/380 381/381/381
f 250/250/250 295/295/295 298/298/298
f 250/250/250 298/298/298 251/251/251
f 275/275/275 283/283/283 286/286/286
f 275/275/275 286/286/286 276/276/276
f 224/224/224 363/363/363 382/382/382
f 224/224/224 382/382/382 225/225/225
f 354/354/354 366/366/366 383/383/383
f 354/354/354 383/383/383 384/384/384
f 368/368/368 331/331/331 334/334/334
f 368/368/368 334/334/334 385/385/385
f 332/332/332 219/219/219 222/222/222
f 332/332/332 222/222/222 333/333/333
f 220/220/220 195/195/195 198/198/198
f 220/220/220 198/198/198 221/221/221
f 377/377/377 223/223/223 226/226/226
f 377/377/377 226/226/226 386/386/386
f 280/280/280 326/326/326 387/387/387
f 280/280/280 387/387/387 281/281/281
f 381/381/381 380/380/380 388/388/388
f 381/381/381 388/388/388 389/389/389
f 380/380/380 384/384/384 390/390/390
f 380/380/380 390/390/390 388/388/388
f 326/326/326 391/391/391 392/392/392
f 326/326/326 392/392/392 387/387/387
f 366/366/366 368/368/368 385/385/385
f 366/366/366 385/385/385 383/383/383
f 297/297/297 393/393/393 394/394/394
f 297/297/297 394/394/394 298/298/298
f 259/259/259 355/355/355 325/325/325
f 259/259/259 325/325/325 260/260/260
f 382/382/382 279/279/279 282/282/282
f 382/382/382 282/282/282 395/395/395
f 225/225/225 382/382/382 395/395/395
f 225/225/225 395/395/395 396/396/396
f 384/384/384 383/383/383 397/397/397
f 384/384/384 397/397/397 390/390/390
f 383/383/383 385/385/385 398/398/398
f 383/383/383 398/398/398 397/397/397
f 385/385/385 334/334/334 399/399/399
f 385/385/385 399/399/399 398/398/398
f 334/334/334 333/333/333 400/400/400
f 334/334/334 400/400/400 399/399/399
f 333/333/333 222/222/222 401/401/401
f 333/333/333 401/401/401 400/400/400
f 222/222/222 221/221/221 402/402/402
f 222/222/222 402/402/402 401/401/401
f 221/221/221 198/198/198 403/403/403
f 221/221/221 403/403/403 402/402/402
f 198/198/198 197/197/197 404/404/404
f 198/198/198 404/404/404 403/403/403
f 386/386/386 226/226/226 405/405/405
f 386/386/386 405/405/405 406/406/406
f 226/226/226 225/225/225 396/396/396
f 226/226/226 396/396/396 405/405/405
f 363/363/363 261/261/261 279/279/279
f 363/363/363 279/279/279 382/382/382
f 389/389/389 388/388/388 79/79/79
f 389/389/389 79/79/79 81/81/81
f 357/357/357 391/391/391 326/326/326
f 357/357/357 326/326/326 325/325/325
f 276/276/276 286/286/286 235/235/235
f 276/276/276 235/235/235 229/229/229
f 396/396/396 395/395/395 71/71/71
f 396/396/396 71/71/71 2/2/2
f 390/390/390 397/397/397 59/59/59
f 390/390/390 59/59/59 61/61/61
f 398/398/398 399/399/399 49/49/49
f 398/398/398 49/49/49 51/51/51
f 400/400/400 401/401/401 39/39/39
f 400/400/400 39/39/39 41/41/41
f 402/402/402 403/403/403 27/27/27
f 402/402/402 27/27/27 31/31/31
f 406/406/406 405/405/405 1/1/1
f 406/406/406 1/1/1 5/5/5
f 392/392/392 360/360/360 227/227/227
f 392/392/392 227/227/227 387/387/387
f 291/291/291 294/294/294 338/338/338
f 291/291/291 338/338/338 327/327/327
f 251/251/251 407/407/407 408/408/408
f 251/251/251 408/408/408 252/252/252
f 351/351/351 354/354/354 384/384/384
f 351/351/351 384/384/384 380/380/380
f 302/302/302 252/252/252 408/408/408
f 302/302/302 408/408/408 335/335/335
f 306/306/306 308/308/308 340/340/340
f 306/306/306 340/340/340 337/337/337
f 310/310/310 312/312/312 342/342/342
f 310/310/310 342/342/342 339/339/339
f 314/314/314 316/316/316 344/344/344
f 314/314/314 344/344/344 341/341/341
f 318/318/318 320/320/320 409/409/409
f 318/318/318 409/409/409 343/343/343
f 323/323/323 304/304/304 336/336/336
f 323/323/323 336/336/336 345/345/345
f 205/205/205 359/359/359 410/410/410
f 205/205/205 410/410/410 411/411/411
f 238/238/238 412/412/412 413/413/413
f 238/238/238 413/413/413 414/414/414
f 236/236/236 379/379/379 415/415/415
f 236/236/236 415/415/415 237/237/237
f 348/348/348 73/73/73 20/20/20
f 348/348/348 20/20/20 19/19/19
f 286/286/286 285/285/285 378/378/378
f 286/286/286 378/378/378 235/235/235
f 260/260/260 280/280/280 279/279/279
f 260/260/260 279/279/279 261/261/261
f 415/415/415 412/412/412 238/238/238
f 415/415/415 238/238/238 237/237/237
f 281/281/281 13/13/13 16/16/16
f 281/281/281 16/16/16 282/282/282
f 180/180/180 238/238/238 414/414/414
f 180/180/180 414/414/414 329/329/329
f 142/142/142 161/161/161 160/160/160
f 142/142/142 160/160/160 139/139/139
f 416/416/416 157/157/157 156/156/156
f 416/416/416 156/156/156 168/168/168
f 158/158/158 153/153/153 152/152/152
f 158/158/158 152/152/152 155/155/155
f 154/154/154 149/149/149 148/148/148
f 154/154/154 148/148/148 151/151/151
f 150/150/150 145/145/145 144/144/144
f 150/150/150 144/144/144 147/147/147
f 141/141/141 140/140/140 178/178/178
f 141/141/141 178/178/178 330/330/330
f 146/146/146 137/137/137 136/136/136
f 146/146/146 136/136/136 143/143/143
f 203/203/203 202/202/202 254/254/254
f 203/203/203 254/254/254 239/239/239
f 207/207/207 206/206/206 248/248/248
f 207/207/207 248/248/248 264/264/264
f 209/209/209 210/210/210 246/246/246
f 209/209/209 246/246/246 247/247/247
f 211/211/211 212/212/212 244/244/244
f 211/211/211 244/244/244 245/245/245
f 213/213/213 214/214/214 242/242/242
f 213/213/213 242/242/242 243/243/243
f 216/216/216 240/240/240 274/274/274
f 216/216/216 274/274/274 217/217/217
f 215/215/215 231/231/231 234/234/234
f 215/215/215 234/234/234 241/241/241
f 94/94/94 113/113/113 112/112/112
f 94/94/94 112/112/112 91/91/91
f 417/417/417 109/109/109 108/108/108
f 417/417/417 108/108/108 120/120/120
f 110/110/110 105/105/105 104/104/104
f 110/110/110 104/104/104 107/107/107
f 93/93/93 92/92/92 130/130/130
f 93/93/93 130/130/130 300/300/300
f 106/106/106 101/101/101 100/100/100
f 106/106/106 100/100/100 103/103/103
f 102/102/102 97/97/97 96/96/96
f 102/102/102 96/96/96 99/99/99
f 98/98/98 89/89/89 88/88/88
f 98/98/98 88/88/88 95/95/95
f 413/413/413 358/358/358 204/204/204
f 413/413/413 204/204/204 414/414/414
f 414/414/414 204/204/204 131/131/131
f 414/414/414 131/131/131 329/329/329
f 138/138/138 137/137/137 133/133/133
f 138/138/138 133/133/133 134/134/134
f 137/137/137 146/146/146 127/127/127
f 137/137/137 127/127/127 133/133/133
f 329/329/329 131/131/131 129/129/129
f 329/329/329 129/129/129 330/330/330
f 141/141/141 330/330/330 129/129/129
f 141/141/141 129/129/129 128/128/128
f 142/142/142 141/141/141 128/128/128
f 142/142/142 128/128/128 117/117/117
f 146/146/146 145/145/145 126/126/126
f 146/146/146 126/126/126 127/127/127
f 150/150/150 149/149/149 124/124/124
f 150/150/150 124/124/124 125/125/125
f 149/149/149 154/154/154 123/123/123
f 149/149/149 123/123/123 124/124/124
f 154/154/154 153/153/153 122/122/122
f 154/154/154 122/122/122 123/123/123
f 158/158/158 157/157/157 118/118/118
f 158/158/158 118/118/118 121/121/121
f 157/157/157 416/416/416 119/119/119
f 157/157/157 119/119/119 118/118/118
f 162/162/162 161/161/161 116/116/116
f 162/162/162 116/116/116 115/115/115
f 411/411/411 348/348/348 19/19/19
f 411/411/411 19/19/19 299/299/299
f 410/410/410 347/347/347 348/348/348
f 410/410/410 348/348/348 411/411/411
f 90/90/90 89/89/89 77/77/77
f 90/90/90 77/77/77 83/83/83
f 89/89/89 98/98/98 63/63/63
f 89/89/89 63/63/63 77/77/77
f 93/93/93 300/300/300 22/22/22
f 93/93/93 22/22/22 70/70/70
f 94/94/94 93/93/93 70/70/70
f 94/94/94 70/70/70 11/11/11
f 98/98/98 97/97/97 57/57/57
f 98/98/98 57/57/57 63/63/63
f 97/97/97 102/102/102 53/53/53
f 97/97/97 53/53/53 57/57/57
f 102/102/102 101/101/101 47/47/47
f 102/102/102 47/47/47 53/53/53
f 101/101/101 106/106/106 43/43/43
f 101/101/101 43/43/43 47/47/47
f 106/106/106 105/105/105 37/37/37
f 106/106/106 37/37/37 43/43/43
f 105/105/105 110/110/110 33/33/33
f 105/105/105 33/33/33 37/37/37
f 110/110/110 109/109/109 23/23/23
f 110/110/110 23/23/23 33/33/33
f 109/109/109 417/417/417 24/24/24
f 109/109/109 24/24/24 23/23/23
f 299/299/299 19/19/19 22/22/22
f 299/299/299 22/22/22 300/300/300
f 113/113/113 94/94/94 11/11/11
f 113/113/113 11/11/11 8/8/8
f 114/114/114 113/113/113 8/8/8
f 114/114/114 8/8/8 7/7/7
f 277/277/277 76/76/76 295/295/295
f 277/277/277 295/295/295 250/250/250
f 17/17/17 69/69/69 303/303/303
f 17/17/17 303/303/303 322/322/322
f 18/18/18 17/17/17 322/322/322
f 18/18/18 322/322/322 321/321/321
f 35/35/35 418/418/418 319/319/319
f 35/35/35 319/319/319 317/317/317
f 36/36/36 35/35/35 317/317/317
f 36/36/36 317/317/317 315/315/315
f 45/45/45 36/36/36 315/315/315
f 45/45/45 315/315/315 313/313/313
f 46/46/46 45/45/45 313/313/313
f 46/46/46 313/313/313 311/311/311
f 55/55/55 46/46/46 311/311/311
f 55/55/55 311/311/311 309/309/309
f 56/56/56 55/55/55 309/309/309
f 56/56/56 309/309/309 307/307/307
f 65/65/65 56/56/56 307/307/307
f 65/65/65 307/307/307 305/305/305
f 66/66/66 65/65/65 305/305/305
f 66/66/66 305/305/305 293/293/293
f 69/69/69 68/68/68 301/301/301
f 69/69/69 301/301/301 303/303/303
f 68/68/68 278/278/278 249/249/249
f 68/68/68 249/249/249 301/301/301
f 76/76/76 75/75/75 296/296/296
f 76/76/76 296/296/296 295/295/295
f 85/85/85 66/66/66 293/293/293
f 85/85/85 293/293/293 290/290/290
f 86/86/86 85/85/85 290/290/290
f 86/86/86 290/290/290 289/289/289
f 278/278/278 277/277/277 250/250/250
f 278/278/278 250/250/250 249/249/249
f 407/407/407 394/394/394 355/355/355
f 407/407/407 355/355/355 259/259/259
f 345/345/345 336/336/336 364/364/364
f 345/345/345 364/364/364 376/376/376
f 346/346/346 345/345/345 376/376/376
f 346/346/346 376/376/376 375/375/375
f 343/343/343 409/409/409 374/374/374
f 343/343/343 374/374/374 373/373/373
f 344/344/344 343/343/343 373/373/373
f 344/344/344 373/373/373 372/372/372
f 341/341/341 344/344/344 372/372/372
f 341/341/341 372/372/372 371/371/371
f 342/342/342 341/341/341 371/371/371
f 342/342/342 371/371/371 370/370/370
f 339/339/339 342/342/342 370/370/370
f 339/339/339 370/370/370 369/369/369
f 340/340/340 339/339/339 369/369/369
f 340/340/340 369/369/369 367/367/367
f 337/337/337 340/340/340 367/367/367
f 337/337/337 367/367/367 365/365/365
f 338/338/338 337/337/337 365/365/365
f 338/338/338 365/365/365 353/353/353
f 336/336/336 335/335/335 362/362/362
f 336/336/336 362/362/362 364/364/364
f 335/335/335 408/408/408 258/258/258
f 335/335/335 258/258/258 362/362/362
f 394/394/394 393/393/393 356/356/356
f 394/394/394 356/356/356 355/355/355
f 327/327/327 338/338/338 353/353/353
f 327/327/327 353/353/353 350/350/350
f 328/328/328 327/327/327 350/350/350
f 328/328/328 350/350/350 349/349/349
f 408/408/408 407/407/407 259/259/259
f 408/408/408 259/259/259 258/258/258
f 409/409/409 346/346/346 375/375/375
f 409/409/409 375/375/375 374/374/374
f 418/418/418 18/18/18 321/321/321
f 418/418/418 321/321/321 319/319/319
f 417/417/417 114/114/114 7/7/7
f 417/417/417 7/7/7 24/24/24
f 416/416/416 162/162/162 115/115/115
f 416/416/416 115/115/115 119/119/119
f 404/404/404 406/406/406 5/5/5
f 404/404/404 5/5/5 28/28/28
f 197/197/197 386/386/386 406/406/406
f 197/197/197 406/406/406 404/404/404
f 196/196/196 377/377/377 386/386/386
f 196/196/196 386/386/386 197/197/197
f 374/374/374 375/375/375 377/377/377
f 374/374/374 377/377/377 196/196/196
f 320/320/320 324/324/324 346/346/346
f 320/320/320 346/346/346 409/409/409
f 319/319/319 321/321/321 324/324/324
f 319/319/319 324/324/324 320/320/320
f 263/263/263 255/255/255 253/253/253
f 263/263/263 253/253/253 264/264/264
f 264/264/264 253/253/253 201/201/201
f 264/264/264 201/201/201 207/207/207
f 207/207/207 201/201/201 199/199/199
f 207/207/207 199/199/199 208/208/208
f 208/208/208 199/199/199 163/163/163
f 208/208/208 163/163/163 167/167/167
f 167/167/167 163/163/163 159/159/159
f 167/167/167 159/159/159 168/168/168
f 168/168/168 159/159/159 162/162/162
f 168/168/168 162/162/162 416/416/416
f 119/119/119 115/115/115 111/111/111
f 119/119/119 111/111/111 120/120/120
f 120/120/120 111/111/111 114/114/114
f 120/120/120 114/114/114 417/417/417
f 25/25/25 10/10/10 18/18/18
f 25/25/25 18/18/18 418/418/418
f 24/24/24 7/7/7 10/10/10
f 24/24/24 10/10/10 25/25/25
f 28/28/28 5/5/5 6/6/6
f 28/28/28 6/6/6 29/29/29
f 419/419/419 420/420/420 421/421/421
f 419/419/419 421/421/421 422/422/422
f 423/423/423 424/424/424 425/425/425
f 423/423/423 425/425/425 426/426/426
f 427/427/427 428/428/428 429/429/429
f 427/427/427 429/429/429 430/430/430
f 431/431/431 432/432/432 433/433/433
f 431/431/431 433/433/433 434/434/434
f 435/435/435 436/436/436 437/437/437
f 435/435/435 437/437/437 438/438/438
f 439/439/439 440/440/440 441/441/441
f 439/439/439 441/441/441 442/442/442
f 443/443/443 444/444/444 445/445/445
f 443/443/443 445/445/445 446/446/446
f 447/447/447 448/448/448 449/449/449
f 447/447/447 449/449/449 450/450/450
f 451/451/451 452/452/452 453/453/453
f 451/451/451 453/453/453 454/454/454
f 455/455/455 456/456/456 457/457/457
f 455/455/455 457/457/457 458/458/458
f 459/459/459 460/460/460 461/461/461
f 459/459/459 461/461/461 462/462/462
f 463/463/463 464/464/464 465/465/465
f 463/463/463 465/465/465 466/466/466
f 467/467/467 468/468/468 469/469/469
f 467/467/467 469/469/469 470/470/470
f 471/471/471 472/472/472 473/473/473
f 471/471/471 473/473/473 474/474/474
f 475/475/475 476/476/476 477/477/477
f 475/475/475 477/477/477 478/478/478
f 479/479/479 480/480/480 481/481/481
f 479/479/479 481/481/481 482/482/482
f 483/483/483 484/484/484 485/485/485
f 483/483/483 485/485/485 486/486/486
f 487/487/487 488/488/488 489/489/489
f 487/487/487 489/489/489 490/490/490
f 491/491/491 492/492/492 493/493/493
f 491/491/491 493/493/493 494/494/494
f 495/495/495 496/496/496 497/497/497
f 495/495/495 497/497/497 498/498/498
o Ceiling_Sector1
g Ceiling_Sector1
usemtl Ceiling_1
v 102.8953 274.6957 -113.9180
v -132.4371 274.6957 -113.9180
v -132.4371 274.6957 -188.6564
v 102.8953 274.6957 -188.6564
v -267.8142 274.6957 -113.9180
v -267.8142 274.6957 -188.6564
v -132.4371 274.6957 -188.6564
v -132.4371 274.6957 -113.9180
v 102.8953 274.6957 -113.9180
v 102.8953 274.6957 -188.6564
v 238.2724 274.6957 -188.6564
v 238.2724 274.6957 -113.9180
v 225.8175 274.6956 561.7327
v 225.8175 274.6956 707.2137
v -3.5503 274.6956 707.2137
v -3.5503 274.6956 561.7327
v -3.5503 274.6956 561.7327
v -3.5503 274.6956 707.2137
v -76.4469 274.6956 707.2137
v -76.4469 274.6956 561.7327
v 102.8953 274.6957 185.2232
v 102.8953 274.6957 -113.9180
v 238.2724 274.6957 -113.9180
v 238.2724 274.6957 185.2232
v -267.8142 274.6957 185.2232
v -267.8142 274.6957 -113.9180
v -132.4371 274.6957 -113.9180
v -132.4371 274.6957 185.2232
v 102.8953 274.6957 185.2232
v -132.4371 274.6957 185.2232
v -132.4371 274.6957 -113.9180
v 102.8953 274.6957 -113.9180
v 102.8953 274.6957 317.4302
v -132.4371 274.6957 317.4302
v -132.4371 274.6957 185.2232
v 102.8953 274.6957 185.2232
v -267.8142 274.6957 317.4302
v -267.8142 274.6957 185.2232
v -132.4371 274.6957 185.2232
v -132.4371 274.6957 317.4302
v 102.8953 274.6957 317.4302
v 102.8953 274.6957 185.2232
v 238.2724 274.6957 185.2232
v 238.2724 274.6957 317.4302
v -267.8142 274.6957 -113.9180
v -267.8142 274.6957 185.2232
v -297.9233 274.6957 185.2232
v -297.9233 274.6957 -113.9180
v 527.9737 274.6956 561.7327
v 527.9737 274.6956 488.9805
v 527.9737 287.9375 488.9805
v 527.9737 287.9375 561.7327
v 225.8175 274.6956 488.9805
v 225.8175 274.6956 561.7327
v -3.5503 274.6956 561.7327
v -3.5503 274.6956 488.9805
v 225.8175 274.6956 347.8648
v 225.8175 274.6956 488.9805
v -3.5503 274.6956 488.9805
v -3.5503 274.6956 347.8648
v -3.5503 274.6956 347.8648
v -3.5503 274.6956 488.9805
v -76.4469 274.6956 488.9805
v -76.4469 274.6956 347.8648
v -230.5129 274.6956 488.9805
v -230.5129 274.6956 347.8648
v -76.4469 274.6956 347.8648
v -76.4469 274.6956 488.9805
v -230.5129 274.6956 561.7327
v -230.5129 274.6956 488.9805
v -76.4469 274.6956 488.9805
v -76.4469 274.6956 561.7327
v -230.5129 274.6956 707.2137
v -230.5129 274.6956 561.7327
v -76.4469 274.6956 561.7327
v -76.4469 274.6956 707.2137
v 600.7919 274.6956 347.8648
v 600.7919 274.6956 488.9805
v 527.9737 274.6956 488.9805
v 527.9737 274.6956 347.8648
v 600.7919 274.6956 488.9805
v 600.7919 274.6956 561.7327
v 600.7919 287.9375 561.7327
v 600.7919 287.9375 488.9805
v 600.7919 274.6956 561.7327
v 600.7919 274.6956 707.2137
v 527.9737 274.6956 707.2137
v 527.9737 274.6956 561.7327
v 677.6536 274.6956 561.7327
v 677.6536 274.6956 707.2137
v 600.7919 274.6956 707.2137
v 600.7919 274.6956 561.7327
v 677.6536 274.6956 488.9805
v 677.6536 274.6956 561.7327
v 600.7919 274.6956 561.7327
v 600.7919 274.6956 488.9805
v 677.6536 274.6956 347.8648
v 677.6536 274.6956 488.9805
v 600.7919 274.6956 488.9805
v 600.7919 274.6956 347.8648
v -606.0220 274.6956 707.2137
v -606.0220 274.6956 561.7327
v -533.1174 274.6956 561.7327
v -533.1174 274.6956 707.2137
v -1441.2610 274.6956 561.7327
v -1514.0599 274.6956 561.7327
v -1514.0599 287.9375 561.7327
v -1441.2610 287.9375 561.7327
v -606.0220 274.6956 488.9805
v -606.0220 274.6956 347.8648
v -533.1174 274.6956 347.8648
v -533.1174 274.6956 488.9805
v -760.1231 274.6956 488.9805
v -760.1231 274.6956 347.8648
v -606.0220 274.6956 347.8648
v -606.0220 274.6956 488.9805
v -760.1231 274.6956 561.7327
v -760.1231 274.6956 488.9805
v -606.0220 274.6956 488.9805
v -606.0220 274.6956 561.7327
v -760.1231 274.6956 707.2137
v -760.1231 274.6956 561.7327
v -606.0220 274.6956 561.7327
v -606.0220 274.6956 707.2137
v -1060.0664 274.6956 707.2137
v -1060.0664 274.6956 561.7327
v -987.2675 274.6956 561.7327
v -987.2675 274.6956 707.2137
v -533.1174 274.6956 488.9805
v -533.1174 274.6956 561.7327
v -533.1174 287.9375 561.7327
v -533.1174 287.9375 488.9805
v -1060.0664 274.6956 488.9805
v -1060.0664 274.6956 347.8648
v -987.2675 274.6956 347.8648
v -987.2675 274.6956 488.9805
v -1214.2000 274.6956 488.9805
v -1214.2000 274.6956 347.8648
v -1060.0664 274.6956 347.8648
v -1060.0664 274.6956 488.9805
v -1214.2000 274.6956 561.7327
v -1214.2000 274.6956 488.9805
v -1060.0664 274.6956 488.9805
v -1060.0664 274.6956 561.7327
v -1214.2000 274.6956 707.2137
v -1214.2000 274.6956 561.7327
v -1060.0664 274.6956 561.7327
v -1060.0664 274.6956 707.2137
v -1514.0599 274.6956 707.2137
v -1514.0599 274.6956 561.7327
v -1441.2610 274.6956 561.7327
v -1441.2610 274.6956 707.2137
v -606.0220 274.6956 561.7327
v -606.0220 274.6956 488.9805
v -606.0220 287.9375 488.9805
v -606.0220 287.9375 561.7327
v -1514.0599 274.6956 488.9805
v -1514.0599 274.6956 347.8648
v -1441.2610 274.6956 347.8648
v -1441.2610 274.6956 488.9805
v -1651.7738 274.6956 488.9805
v -1651.7738 274.6956 347.8648
v -1514.0599 274.6956 347.8648
v -1514.0599 274.6956 488.9805
v -1651.7738 274.6956 561.7327
v -1651.7738 274.6956 488.9805
v -1514.0599 274.6956 488.9805
v -1514.0599 274.6956 561.7327
v -1651.7738 274.6956 707.2137
v -1651.7738 274.6956 561.7327
v -1514.0599 274.6956 561.7327
v -1514.0599 274.6956 707.2137
v -3.5503 287.9375 488.9805
v -3.5503 287.9375 561.7327
v -76.4469 287.9375 561.7327
v -76.4469 287.9375 488.9805
v 600.7919 287.9375 488.9805
v 600.7919 287.9375 561.7327
v 527.9737 287.9375 561.7327
v 527.9737 287.9375 488.9805
v -606.0220 287.9375 561.7327
v -606.0220 287.9375 488.9805
v -533.1174 287.9375 488.9805
v -533.1174 287.9375 561.7327
v -1060.0664 287.9375 561.7327
v -1060.0664 287.9375 488.9805
v -987.2675 287.9375 488.9805
v -987.2675 287.9375 561.7327
v -1514.0599 287.9375 561.7327
v -1514.0599 287.9375 488.9805
v -1441.2610 287.9375 488.9805
v -1441.2610 287.9375 561.7327
v -987.2675 274.6956 561.7327
v -1060.0664 274.6956 561.7327
v -1060.0664 287.9375 561.7327
v -987.2675 287.9375 561.7327
v -1514.0599 274.6956 488.9805
v -1441.2610 274.6956 488.9805
v -1441.2610 287.9375 488.9805
v -1514.0599 287.9375 488.9805
v -76.4469 274.6956 561.7327
v -76.4469 274.6956 488.9805
v -76.4469 287.9375 488.9805
v -76.4469 287.9375 561.7327
v -533.1174 274.6956 561.7327
v -606.0220 274.6956 561.7327
v -606.0220 287.9375 561.7327
v -533.1174 287.9375 561.7327
v -1060.0664 274.6956 488.9805
v -987.2675 274.6956 488.9805
v -987.2675 287.9375 488.9805
v -1060.0664 287.9375 488.9805
v -3.5503 274.6956 488.9805
v -3.5503 274.6956 561.7327
v -3.5503 287.9375 561.7327
v -3.5503 287.9375 488.9805
v -606.0220 274.6956 488.9805
v -533.1174 274.6956 488.9805
v -533.1174 287.9375 488.9805
v -606.0220 287.9375 488.9805
v 600.7919 274.6956 561.7327
v 527.9737 274.6956 561.7327
v 527.9737 287.9375 561.7327
v 600.7919 287.9375 561.7327
v -1514.0599 274.6956 561.7327
v -1514.0599 274.6956 488.9805
v -1514.0599 287.9375 488.9805
v -1514.0599 287.9375 561.7327
v -76.4469 274.6956 488.9805
v -3.5503 274.6956 488.9805
v -3.5503 287.9375 488.9805
v -76.4469 287.9375 488.9805
v -1441.2610 274.6956 488.9805
v -1441.2610 274.6956 561.7327
v -1441.2610 287.9375 561.7327
v -1441.2610 287.9375 488.9805
v -3.5503 274.6956 561.7327
v -76.4469 274.6956 561.7327
v -76.4469 287.9375 561.7327
v -3.5503 287.9375 561.7327
v -1060.0664 274.6956 561.7327
v -1060.0664 274.6956 488.9805
v -1060.0664 287.9375 488.9805
v -1060.0664 287.9375 561.7327
v 527.9737 274.6956 488.9805
v 600.7919 274.6956 488.9805
v 600.7919 287.9375 488.9805
v 527.9737 287.9375 488.9805
v -987.2675 274.6956 488.9805
v -987.2675 274.6956 561.7327
v -987.2675 287.9375 561.7327
v -987.2675 287.9375 488.9805
v -533.1174 274.6956 707.2137
v -533.1174 274.6956 561.7327
v -303.4666 274.6956 561.7327
v -303.4666 274.6956 707.2137
v -533.1174 274.6956 561.7327
v -533.1174 274.6956 488.9805
v -303.4666 274.6956 488.9805
v -303.4666 274.6956 561.7327
v -533.1174 274.6956 488.9805
v -533.1174 274.6956 347.8648
v -303.4666 274.6956 347.8648
v -303.4666 274.6956 488.9805
v -303.4666 274.6956 707.2137
v -303.4666 274.6956 561.7327
v -230.5129 274.6956 561.7327
v -230.5129 274.6956 707.2137
v -1214.2000 274.6956 488.9805
v -1214.2000 274.6956 561.7327
v -1214.2000 286.1179 561.7327
v -1214.2000 286.1179 488.9805
v -303.4666 274.6956 488.9805
v -303.4666 274.6956 347.8648
v -230.5129 274.6956 347.8648
v -230.5129 274.6956 488.9805
v -987.2675 274.6956 707.2137
v -987.2675 274.6956 561.7327
v -833.1285 274.6956 561.7327
v -833.1285 274.6956 707.2137
v -987.2675 274.6956 561.7327
v -987.2675 274.6956 488.9805
v -833.1285 274.6956 488.9805
v -833.1285 274.6956 561.7327
v -987.2675 274.6956 488.9805
v -987.2675 274.6956 347.8648
v -833.1285 274.6956 347.8648
v -833.1285 274.6956 488.9805
v -833.1285 274.6956 707.2137
v -833.1285 274.6956 561.7327
v -760.1231 274.6956 561.7327
v -760.1231 274.6956 707.2137
v -230.5129 274.6956 561.7327
v -303.4666 274.6956 561.7327
v -303.4666 286.1179 561.7327
v -230.5129 286.1179 561.7327
v -833.1285 274.6956 488.9805
v -833.1285 274.6956 347.8648
v -760.1231 274.6956 347.8648
v -760.1231 274.6956 488.9805
v 298.5972 274.6956 347.8648
v 298.5972 274.6956 488.9805
v 225.8175 274.6956 488.9805
v 225.8175 274.6956 347.8648
v -760.1231 274.6956 561.7327
v -833.1285 274.6956 561.7327
v -833.1285 286.1179 561.7327
v -760.1231 286.1179 561.7327
v 298.5972 274.6956 561.7327
v 298.5972 274.6956 707.2137
v 225.8175 274.6956 707.2137
v 225.8175 274.6956 561.7327
v 527.9737 274.6956 561.7327
v 527.9737 274.6956 707.2137
v 298.5972 274.6956 707.2137
v 298.5972 274.6956 561.7327
v 527.9737 274.6956 488.9805
v 527.9737 274.6956 561.7327
v 298.5972 274.6956 561.7327
v 298.5972 274.6956 488.9805
v 527.9737 274.6956 347.8648
v 527.9737 274.6956 488.9805
v 298.5972 274.6956 488.9805
v 298.5972 274.6956 347.8648
v -1441.2610 274.6956 707.2137
v -1441.2610 274.6956 561.7327
v -1287.0770 274.6956 561.7327
v -1287.0770 274.6956 707.2137
v -1441.2610 274.6956 561.7327
v -1441.2610 274.6956 488.9805
v -1287.0770 274.6956 488.9805
v -1287.0770 274.6956 561.7327
v -1441.2610 274.6956 488.9805
v -1441.2610 274.6956 347.8648
v -1287.0770 274.6956 347.8648
v -1287.0770 274.6956 488.9805
v -1287.0770 274.6956 707.2137
v -1287.0770 274.6956 561.7327
v -1214.2000 274.6956 561.7327
v -1214.2000 274.6956 707.2137
v -1287.0770 274.6956 488.9805
v -1214.2000 274.6956 488.9805
v -1214.2000 286.1179 488.9805
v -1287.0770 286.1179 488.9805
v -1287.0770 274.6956 488.9805
v -1287.0770 274.6956 347.8648
v -1214.2000 274.6956 347.8648
v -1214.2000 274.6956 488.9805
v -303.4666 286.1179 561.7327
v -303.4666 286.1179 488.9805
v -230.5129 286.1179 488.9805
v -230.5129 286.1179 561.7327
v -833.1285 286.1179 561.7327
v -833.1285 286.1179 488.9805
v -760.1231 286.1179 488.9805
v -760.1231 286.1179 561.7327
v 298.5972 286.1179 488.9805
v 298.5972 286.1179 561.7327
v 225.8175 286.1179 561.7327
v 225.8175 286.1179 488.9805
v -1287.0770 286.1179 561.7327
v -1287.0770 286.1179 488.9805
v -1214.2000 286.1179 488.9805
v -1214.2000 286.1179 561.7327
v -833.1285 274.6956 488.9805
v -760.1231 274.6956 488.9805
v -760.1231 286.1179 488.9805
v -833.1285 286.1179 488.9805
v -1287.0770 274.6956 561.7327
v -1287.0770 274.6956 488.9805
v -1287.0770 286.1179 488.9805
v -1287.0770 286.1179 561.7327
v -303.4666 274.6956 488.9805
v -230.5129 274.6956 488.9805
v -230.5129 286.1179 488.9805
v -303.4666 286.1179 488.9805
v 298.5972 274.6956 488.9805
v 298.5972 274.6956 561.7327
v 298.5972 286.1179 561.7327
v 298.5972 286.1179 488.9805
v 225.8175 274.6956 561.7327
v 225.8175 274.6956 488.9805
v 225.8175 286.1179 488.9805
v 225.8175 286.1179 561.7327
v -760.1231 274.6956 488.9805
v -760.1231 274.6956 561.7327
v -760.1231 286.1179 561.7327
v -760.1231 286.1179 488.9805
v -833.1285 274.6956 561.7327
v -833.1285 274.6956 488.9805
v -833.1285 286.1179 488.9805
v -833.1285 286.1179 561.7327
v -230.5129 274.6956 488.9805
v -230.5129 274.6956 561.7327
v -230.5129 286.1179 561.7327
v -230.5129 286.1179 488.9805
v -303.4666 274.6956 561.7327
v -303.4666 274.6956 488.9805
v -303.4666 286.1179 488.9805
v -303.4666 286.1179 561.7327
v 298.5972 274.6956 561.7327
v 225.8175 274.6956 561.7327
v 225.8175 286.1179 561.7327
v 298.5972 286.1179 561.7327
v 225.8175 274.6956 488.9805
v 298.5972 274.6956 488.9805
v 298.5972 286.1179 488.9805
v 225.8175 286.1179 488.9805
v -1214.2000 274.6956 561.7327
v -1287.0770 274.6956 561.7327
v -1287.0770 286.1179 561.7327
v -1214.2000 286.1179 561.7327
vt 0.74950 0.50050
vt 0.74950 0.74950
vt 0.68800 0.74950
vt 0.68800 0.50050
vt 0.62450 0.18800
vt 0.62450 0.24950
vt 0.50050 0.24950
vt 0.50050 0.18800
vt 0.87450 0.99950
vt 0.81300 0.99950
vt 0.81300 0.87550
vt 0.87450 0.87550
vt 0.24950 0.62550
vt 0.24950 0.74950
vt 0.00050 0.74950
vt 0.00050 0.62550
vt 0.87450 0.37550
vt 0.87450 0.49950
vt 0.81300 0.49950
vt 0.81300 0.37550
vt 0.25050 0.62550
vt 0.49950 0.62550
vt 0.49950 0.74950
vt 0.25050 0.74950
vt 0.49950 0.75050
vt 0.49950 0.99950
vt 0.37550 0.99950
vt 0.37550 0.75050
vt 0.24950 0.99950
vt 0.00050 0.99950
vt 0.00050 0.75050
vt 0.24950 0.75050
vt 0.00050 0.37550
vt 0.24950 0.37550
vt 0.24950 0.49950
vt 0.00050 0.49950
vt 0.37450 0.37450
vt 0.25050 0.37450
vt 0.25050 0.25050
vt 0.37450 0.25050
vt 0.49950 0.37450
vt 0.37550 0.37450
vt 0.37550 0.25050
vt 0.49950 0.25050
vt 0.90575 0.75050
vt 0.90575 0.99950
vt 0.87550 0.99950
vt 0.87550 0.75050
vt 0.62550 0.03175
vt 0.68700 0.03175
vt 0.68700 0.06200
vt 0.62550 0.06200
vt 0.68700 0.99950
vt 0.62550 0.99950
vt 0.62550 0.75050
vt 0.68700 0.75050
vt 0.49950 0.50050
vt 0.49950 0.62450
vt 0.25050 0.62450
vt 0.25050 0.50050
vt 0.93700 0.37550
vt 0.93700 0.49950
vt 0.87550 0.49950
vt 0.87550 0.37550
vt 0.62450 0.49950
vt 0.50050 0.49950
vt 0.50050 0.37550
vt 0.62450 0.37550
vt 0.37450 0.06300
vt 0.37450 0.12450
vt 0.25050 0.12450
vt 0.25050 0.06300
vt 0.74950 0.49950
vt 0.62550 0.49950
vt 0.62550 0.37550
vt 0.74950 0.37550
vt 0.93700 0.50050
vt 0.93700 0.62450
vt 0.87550 0.62450
vt 0.87550 0.50050
vt 0.56300 0.03175
vt 0.62450 0.03175
vt 0.62450 0.06200
vt 0.56300 0.06200
vt 0.87450 0.50050
vt 0.87450 0.62450
vt 0.81300 0.62450
vt 0.81300 0.50050
vt 0.75050 0.18800
vt 0.87450 0.18800
vt 0.87450 0.24950
vt 0.75050 0.24950
vt 0.96825 0.93700
vt 0.90675 0.93700
vt 0.90675 0.87550
vt 0.96825 0.87550
vt 0.81200 0.37550
vt 0.81200 0.49950
vt 0.75050 0.49950
vt 0.75050 0.37550
vt 0.12550 0.12550
vt 0.24950 0.12550
vt 0.24950 0.18700
vt 0.12550 0.18700
vt 0.99950 0.87550
vt 0.99950 0.93700
vt 0.96925 0.93700
vt 0.96925 0.87550
vt 0.37550 0.18800
vt 0.49950 0.18800
vt 0.49950 0.24950
vt 0.37550 0.24950
vt 0.37450 0.24950
vt 0.25050 0.24950
vt 0.25050 0.12550
vt 0.37450 0.12550
vt 0.81200 0.62450
vt 0.75050 0.62450
vt 0.75050 0.50050
vt 0.81200 0.50050
vt 0.87450 0.74950
vt 0.75050 0.74950
vt 0.75050 0.62550
vt 0.87450 0.62550
vt 0.62550 0.18800
vt 0.74950 0.18800
vt 0.74950 0.24950
vt 0.62550 0.24950
vt 0.99950 0.93800
vt 0.99950 0.99950
vt 0.96925 0.99950
vt 0.96925 0.93800
vt 0.12550 0.06300
vt 0.24950 0.06300
vt 0.24950 0.12450
vt 0.12550 0.12450
vt 0.24950 0.31200
vt 0.12550 0.31200
vt 0.12550 0.18800
vt 0.24950 0.18800
vt 0.81200 0.37450
vt 0.75050 0.37450
vt 0.75050 0.25050
vt 0.81200 0.25050
vt 0.81200 0.87450
vt 0.68800 0.87450
vt 0.68800 0.75050
vt 0.81200 0.75050
vt 0.37550 0.12550
vt 0.49950 0.12550
vt 0.49950 0.18700
vt 0.37550 0.18700
vt 0.96825 0.12550
vt 0.96825 0.18700
vt 0.93800 0.18700
vt 0.93800 0.12550
vt 0.62550 0.12550
vt 0.74950 0.12550
vt 0.74950 0.18700
vt 0.62550 0.18700
vt 0.81200 0.99950
vt 0.68800 0.99950
vt 0.68800 0.87550
vt 0.81200 0.87550
vt 0.87450 0.87450
vt 0.81300 0.87450
vt 0.81300 0.75050
vt 0.87450 0.75050
vt 0.12450 0.31200
vt 0.00050 0.31200
vt 0.00050 0.18800
vt 0.12450 0.18800
vt 0.96825 0.99950
vt 0.90675 0.99950
vt 0.90675 0.93800
vt 0.96825 0.93800
vt 0.93700 0.12450
vt 0.87550 0.12450
vt 0.87550 0.06300
vt 0.93700 0.06300
vt 0.87450 0.12450
vt 0.81300 0.12450
vt 0.81300 0.06300
vt 0.87450 0.06300
vt 0.81200 0.12450
vt 0.75050 0.12450
vt 0.75050 0.06300
vt 0.81200 0.06300
vt 0.96825 0.81200
vt 0.90675 0.81200
vt 0.90675 0.75050
vt 0.96825 0.75050
vt 0.50050 0.03175
vt 0.56200 0.03175
vt 0.56200 0.06200
vt 0.50050 0.06200
vt 0.96825 0.18800
vt 0.96825 0.24950
vt 0.93800 0.24950
vt 0.93800 0.18800
vt 0.43800 0.03175
vt 0.49950 0.03175
vt 0.49950 0.06200
vt 0.43800 0.06200
vt 0.96825 0.25050
vt 0.96825 0.31200
vt 0.93800 0.31200
vt 0.93800 0.25050
vt 0.37550 0.03175
vt 0.43700 0.03175
vt 0.43700 0.06200
vt 0.37550 0.06200
vt 0.96825 0.31300
vt 0.96825 0.37450
vt 0.93800 0.37450
vt 0.93800 0.31300
vt 0.31300 0.03175
vt 0.37450 0.03175
vt 0.37450 0.06200
vt 0.31300 0.06200
vt 0.96825 0.37550
vt 0.96825 0.43700
vt 0.93800 0.43700
vt 0.93800 0.37550
vt 0.18800 0.03175
vt 0.24950 0.03175
vt 0.24950 0.06200
vt 0.18800 0.06200
vt 0.96825 0.50050
vt 0.96825 0.56200
vt 0.93800 0.56200
vt 0.93800 0.50050
vt 0.12550 0.03175
vt 0.18700 0.03175
vt 0.18700 0.06200
vt 0.12550 0.06200
vt 0.96825 0.56300
vt 0.96825 0.62450
vt 0.93800 0.62450
vt 0.93800 0.56300
vt 0.06300 0.03175
vt 0.12450 0.03175
vt 0.12450 0.06200
vt 0.06300 0.06200
vt 0.96825 0.62550
vt 0.96825 0.68700
vt 0.93800 0.68700
vt 0.93800 0.62550
vt 0.68800 0.03175
vt 0.74950 0.03175
vt 0.74950 0.06200
vt 0.68800 0.06200
vt 0.37450 0.99950
vt 0.25050 0.99950
vt 0.25050 0.75050
vt 0.37450 0.75050
vt 0.24950 0.31300
vt 0.24950 0.37450
vt 0.00050 0.37450
vt 0.00050 0.31300
vt 0.62450 0.99950
vt 0.50050 0.99950
vt 0.50050 0.75050
vt 0.62450 0.75050
vt 0.75050 0.12550
vt 0.87450 0.12550
vt 0.87450 0.18700
vt 0.75050 0.18700
vt 0.96825 0.68800
vt 0.96825 0.74950
vt 0.93800 0.74950
vt 0.93800 0.68800
vt 0.00050 0.06300
vt 0.12450 0.06300
vt 0.12450 0.12450
vt 0.00050 0.12450
vt 0.62450 0.62450
vt 0.50050 0.62450
vt 0.50050 0.50050
vt 0.62450 0.50050
vt 0.87450 0.37450
vt 0.81300 0.37450
vt 0.81300 0.25050
vt 0.87450 0.25050
vt 0.62450 0.74950
vt 0.50050 0.74950
vt 0.50050 0.62550
vt 0.62450 0.62550
vt 0.37550 0.06300
vt 0.49950 0.06300
vt 0.49950 0.12450
vt 0.37550 0.12450
vt 0.96825 0.43800
vt 0.96825 0.49950
vt 0.93800 0.49950
vt 0.93800 0.43800
vt 0.50050 0.06300
vt 0.62450 0.06300
vt 0.62450 0.12450
vt 0.50050 0.12450
vt 0.93700 0.12550
vt 0.93700 0.24950
vt 0.87550 0.24950
vt 0.87550 0.12550
vt 0.25050 0.03175
vt 0.31200 0.03175
vt 0.31200 0.06200
vt 0.25050 0.06200
vt 0.93700 0.25050
vt 0.93700 0.37450
vt 0.87550 0.37450
vt 0.87550 0.25050
vt 0.24950 0.50050
vt 0.24950 0.62450
vt 0.00050 0.62450
vt 0.00050 0.50050
vt 0.68700 0.74950
vt 0.62550 0.74950
vt 0.62550 0.50050
vt 0.68700 0.50050
vt 0.49950 0.37550
vt 0.49950 0.49950
vt 0.25050 0.49950
vt 0.25050 0.37550
vt 0.62450 0.37450
vt 0.50050 0.37450
vt 0.50050 0.25050
vt 0.62450 0.25050
vt 0.93700 0.74950
vt 0.87550 0.74950
vt 0.87550 0.62550
vt 0.93700 0.62550
vt 0.74950 0.37450
vt 0.62550 0.37450
vt 0.62550 0.25050
vt 0.74950 0.25050
vt 0.50050 0.12550
vt 0.62450 0.12550
vt 0.62450 0.18700
vt 0.50050 0.18700
vt 0.96825 0.06300
vt 0.96825 0.12450
vt 0.93800 0.12450
vt 0.93800 0.06300
vt 0.00050 0.12550
vt 0.12450 0.12550
vt 0.12450 0.18700
vt 0.00050 0.18700
vt 0.96825 0.87450
vt 0.90675 0.87450
vt 0.90675 0.81300
vt 0.96825 0.81300
vt 0.74950 0.12450
vt 0.68800 0.12450
vt 0.68800 0.06300
vt 0.74950 0.06300
vt 0.68700 0.12450
vt 0.62550 0.12450
vt 0.62550 0.06300
vt 0.68700 0.06300
vt 0.06200 0.06200
vt 0.00050 0.06200
vt 0.00050 0.00050
vt 0.06200 0.00050
vt 0.99950 0.81300
vt 0.99950 0.87450
vt 0.96925 0.87450
vt 0.96925 0.81300
vt 0.75050 0.03175
vt 0.81200 0.03175
vt 0.81200 0.06200
vt 0.75050 0.06200
vt 0.99950 0.75050
vt 0.99950 0.81200
vt 0.96925 0.81200
vt 0.96925 0.75050
vt 0.81300 0.03175
vt 0.87450 0.03175
vt 0.87450 0.06200
vt 0.81300 0.06200
vt 0.99950 0.68800
vt 0.99950 0.74950
vt 0.96925 0.74950
vt 0.96925 0.68800
vt 0.87550 0.03175
vt 0.93700 0.03175
vt 0.93700 0.06200
vt 0.87550 0.06200
vt 0.99950 0.62550
vt 0.99950 0.68700
vt 0.96925 0.68700
vt 0.96925 0.62550
vt 0.06300 0.00050
vt 0.12450 0.00050
vt 0.12450 0.03075
vt 0.06300 0.03075
vt 0.99950 0.56300
vt 0.99950 0.62450
vt 0.96925 0.62450
vt 0.96925 0.56300
vt 0.12550 0.00050
vt 0.18700 0.00050
vt 0.18700 0.03075
vt 0.12550 0.03075
vt 0.99950 0.50050
vt 0.99950 0.56200
vt 0.96925 0.56200
vt 0.96925 0.50050
vt 0.18800 0.00050
vt 0.24950 0.00050
vt 0.24950 0.03075
vt 0.18800 0.03075
vn 0.0000 -1.0000 -0.0000
vn 0.0000 -1.0000 -0.0000
vn 0.0000 -1.0000 -0.0000
vn 0.0000 -1.0000 -0.0000
vn 0.0000 -1.0000 -0.0000
vn 0.0000 -1.0000 -0.0000
vn 0.0000 -1.0000 -0.0000
vn 0.0000 -1.0000 -0.0000
vn 0.0000 -1.0000 -0.0000
vn 0.0000 -1.0000 -0.0000
vn 0.0000 -1.0000 -0.0000
vn 0.0000 -1.0000 -0.0000
vn 0.0000 -1.0000 -0.0000
vn 0.0000 -1.0000 -0.0000
vn 0.0000 -1.0000 -0.0000
vn 0.0000 -1.0000 -0.0000
vn 0.0000 -1.0000 -0.0000
vn 0.0000 -1.0000 -0.0000
vn 0.0000 -1.0000 -0.0000
vn 0.0000 -1.0000 -0.0000
vn 0.0000 -1.0000 -0.0000
vn 0.0000 -1.0000 -0.0000
vn 0.0000 -1.0000 -0.0000
vn 0.0000 -1.0000 -0.0000
vn 0.0000 -1.0000 -0.0000
vn 0.0000 -1.0000 -0.0000
vn 0.0000 -1.0000 -0.0000
vn 0.0000 -1.0000 -0.0000
vn 0.0000 -1.0000 -0.0000
vn 0.0000 -1.0000 -0.0000
vn 0.0000 -1.0000 -0.0000
vn 0.0000 -1.0000 -0.0000
vn 0.0000 -1.0000 -0.0000
vn 0.0000 -1.0000 -0.0000
vn 0.0000 -1.0000 -0.0000
vn 0.0000 -1.0000 -0.0000
vn 0.0000 -1.0000 -0.0000
vn 0.0000 -1.0000 -0.0000
vn 0.0000 -1.0000 -0.0000
vn 0.0000 -1.0000 -0.0000
vn 0.0000 -1.0000 -0.0000
vn 0.0000 -1.0000 -0.0000
vn 0.0000 -1.0000 -0.0000
vn 0.0000 -1.0000 -0.0000
vn 0.0000 -1.0000 -0.0000
vn 0.0000 -1.0000 -0.0000
vn 0.0000 -1.0000 -0.0000
vn 0.0000 -1.0000 -0.0000
vn 1.0000 0.0000 0.0000
vn 1.0000 0.0000 0.0000
vn 1.0000 0.0000 0.0000
vn 1.0000 0.0000 0.0000
vn 0.0000 -1.0000 -0.0000
vn 0.0000 -1.0000 -0.0000
vn 0.0000 -1.0000 -0.0000
vn 0.0000 -1.0000 -0.0000
vn 0.0000 -1.0000 -0.0000
vn 0.0000 -1.0000 -0.0000
vn 0.0000 -1.0000 -0.0000
vn 0.0000 -1.0000 -0.0000
vn 0.0000 -1.0000 -0.0000
vn 0.0000 -1.0000 -0.0000
vn 0.0000 -1.0000 -0.0000
vn 0.0000 -1.0000 -0.0000
vn 0.0000 -1.0000 -0.0000
vn 0.0000 -1.0000 -0.0000
vn 0.0000 -1.0000 -0.0000
vn 0.0000 -1.0000 -0.0000
vn 0.0000 -1.0000 -0.0000
vn 0.0000 -1.0000 -0.0000
vn 0.0000 -1.0000 -0.0000
vn 0.0000 -1.0000 -0.0000
vn 0.0000 -1.0000 -0.0000
vn 0.0000 -1.0000 -0.0000
vn 0.0000 -1.0000 -0.0000
vn 0.0000 -1.0000 -0.0000
vn 0.0000 -1.0000 -0.0000
vn 0.0000 -1.0000 -0.0000
vn 0.0000 -1.0000 -0.0000
vn 0.0000 -1.0000 -0.0000
vn -1.0000 0.0000 -0.0000
vn -1.0000 0.0000 -0.0000
vn -1.0000 0.0000 -0.0000
vn -1.0000 0.0000 -0.0000
vn 0.0000 -1.0000 -0.0000
vn 0.0000 -1.0000 -0.0000
vn 0.0000 -1.0000 -0.0000
vn 0.0000 -1.0000 -0.0000
vn 0.0000 -1.0000 -0.0000
vn 0.0000 -1.0000 -0.0000
vn 0.0000 -1.0000 -0.0000
vn 0.0000 -1.0000 -0.0000
vn 0.0000 -1.0000 -0.0000
vn 0.0000 -1.0000 -0.0000
vn 0.0000 -1.0000 -0.0000
vn 0.0000 -1.0000 -0.0000
vn 0.0000 -1.0000 -0.0000
vn 0.0000 -1.0000 -0.0000
vn 0.0000 -1.0000 -0.0000
vn 0.0000 -1.0000 -0.0000
vn 0.0000 -1.0000 -0.0000
vn 0.0000 -1.0000 -0.0000
vn 0.0000 -1.0000 -0.0000
vn 0.0000 -1.0000 -0.0000
vn 0.0000 0.0000 -1.0000
vn 0.0000 0.0000 -1.0000
vn 0.0000 0.0000 -1.0000
vn 0.0000 0.0000 -1.0000
vn 0.0000 -1.0000 -0.0000
vn 0.0000 -1.0000 -0.0000
vn 0.0000 -1.0000 -0.0000
vn 0.0000 -1.0000 -0.0000
vn 0.0000 -1.0000 -0.0000
vn 0.0000 -1.0000 -0.0000
vn 0.0000 -1.0000 -0.0000
vn 0.0000 -1.0000 -0.0000
vn 0.0000 -1.0000 -0.0000
vn 0.0000 -1.0000 -0.0000
vn 0.0000 -1.0000 -0.0000
vn 0.0000 -1.0000 -0.0000
vn 0.0000 -1.0000 -0.0000
vn 0.0000 -1.0000 -0.0000
vn 0.0000 -1.0000 -0.0000
vn 0.0000 -1.0000 -0.0000
vn 0.0000 -1.0000 -0.0000
vn 0.0000 -1.0000 -0.0000
vn 0.0000 -1.0000 -0.0000
vn 0.0000 -1.0000 -0.0000
vn -1.0000 0.0000 -0.0000
vn -1.0000 0.0000 -0.0000
vn -1.0000 0.0000 -0.0000
vn -1.0000 0.0000 -0.0000
vn 0.0000 -1.0000 -0.0000
vn 0.0000 -1.0000 -0.0000
vn 0.0000 -1.0000 -0.0000
vn 0.0000 -1.0000 -0.0000
vn 0.0000 -1.0000 -0.0000
vn 0.0000 -1.0000 -0.0000
vn 0.0000 -1.0000 -0.0000
vn 0.0000 -1.0000 -0.0000
vn 0.0000 -1.0000 -0.0000
vn 0.0000 -1.0000 -0.0000
vn 0.0000 -1.0000 -0.0000
vn 0.0000 -1.0000 -0.0000
vn 0.0000 -1.0000 -0.0000
vn 0.0000 -1.0000 -0.0000
vn 0.0000 -1.0000 -0.0000
vn 0.0000 -1.0000 -0.0000
vn 0.0000 -1.0000 -0.0000
vn 0.0000 -1.0000 -0.0000
vn 0.0000 -1.0000 -0.0000
vn 0.0000 -1.0000 -0.0000
vn 1.0000 0.0000 0.0000
vn 1.0000 0.0000 0.0000
vn 1.0000 0.0000 0.0000
vn 1.0000 0.0000 0.0000
vn 0.0000 -1.0000 -0.0000
vn 0.0000 -1.0000 -0.0000
vn 0.0000 -1.0000 -0.0000
vn 0.0000 -1.0000 -0.0000
vn 0.0000 -1.0000 -0.0000
vn 0.0000 -1.0000 -0.0000
vn 0.0000 -1.0000 -0.0000
vn 0.0000 -1.0000 -0.0000
vn 0.0000 -1.0000 -0.0000
vn 0.0000 -1.0000 -0.0000
vn 0.0000 -1.0000 -0.0000
vn 0.0000 -1.0000 -0.0000
vn 0.0000 -1.0000 -0.0000
vn 0.0000 -1.0000 -0.0000
vn 0.0000 -1.0000 -0.0000
vn 0.0000 -1.0000 -0.0000
vn 0.0000 -1.0000 -0.0000
vn 0.0000 -1.0000 -0.0000
vn 0.0000 -1.0000 -0.0000
vn 0.0000 -1.0000 -0.0000
vn 0.0000 -1.0000 -0.0000
vn 0.0000 -1.0000 -0.0000
vn 0.0000 -1.0000 -0.0000
vn 0.0000 -1.0000 -0.0000
vn 0.0000 -1.0000 -0.0000
vn 0.0000 -1.0000 -0.0000
vn 0.0000 -1.0000 -0.0000
vn 0.0000 -1.0000 -0.0000
vn 0.0000 -1.0000 -0.0000
vn 0.0000 -1.0000 -0.0000
vn 0.0000 -1.0000 -0.0000
vn 0.0000 -1.0000 -0.0000
vn 0.0000 -1.0000 -0.0000
vn 0.0000 -1.0000 -0.0000
vn 0.0000 -1.0000 -0.0000
vn 0.0000 -1.0000 -0.0000
vn 0.0000 0.0000 -1.0000
vn 0.0000 0.0000 -1.0000
vn 0.0000 0.0000 -1.0000
vn 0.0000 0.0000 -1.0000
vn -0.0000 -0.0000 1.0000
vn -0.0000 -0.0000 1.0000
vn -0.0000 -0.0000 1.0000
vn -0.0000 -0.0000 1.0000
vn 1.0000 0.0000 0.0000
vn 1.0000 0.0000 0.0000
vn 1.0000 0.0000 0.0000
vn 1.0000 0.0000 0.0000
vn 0.0000 0.0000 -1.0000
vn 0.0000 0.0000 -1.0000
vn 0.0000 0.0000 -1.0000
vn 0.0000 0.0000 -1.0000
vn -0.0000 -0.0000 1.0000
vn -0.0000 -0.0000 1.0000
vn -0.0000 -0.0000 1.0000
vn -0.0000 -0.0000 1.0000
vn -1.0000 0.0000 -0.0000
vn -1.0000 0.0000 -0.0000
vn -1.0000 0.0000 -0.0000
vn -1.0000 0.0000 -0.0000
vn -0.0000 -0.0000 1.0000
vn -0.0000 -0.0000 1.0000
vn -0.0000 -0.0000 1.0000
vn -0.0000 -0.0000 1.0000
vn 0.0000 0.0000 -1.0000
vn 0.0000 0.0000 -1.0000
vn 0.0000 0.0000 -1.0000
vn 0.0000 0.0000 -1.0000
vn 1.0000 0.0000 0.0000
vn 1.0000 0.0000 0.0000
vn 1.0000 0.0000 0.0000
vn 1.0000 0.0000 0.0000
vn -0.0000 -0.0000 1.0000
vn -0.0000 -0.0000 1.0000
vn -0.0000 -0.0000 1.0000
vn -0.0000 -0.0000 1.0000
vn -1.0000 0.0000 -0.0000
vn -1.0000 0.0000 -0.0000
vn -1.0000 0.0000 -0.0000
vn -1.0000 0.0000 -0.0000
vn 0.0000 0.0000 -1.0000
vn 0.0000 0.0000 -1.0000
vn 0.0000 0.0000 -1.0000
vn 0.0000 0.0000 -1.0000
vn 1.0000 0.0000 0.0000
vn 1.0000 0.0000 0.0000
vn 1.0000 0.0000 0.0000
vn 1.0000 0.0000 0.0000
vn -0.0000 -0.0000 1.0000
vn -0.0000 -0.0000 1.0000
vn -0.0000 -0.0000 1.0000
vn -0.0000 -0.0000 1.0000
vn -1.0000 0.0000 -0.0000
vn -1.0000 0.0000 -0.0000
vn -1.0000 0.0000 -0.0000
vn -1.0000 0.0000 -0.0000
vn 0.0000 -1.0000 -0.0000
vn 0.0000 -1.0000 -0.0000
vn 0.0000 -1.0000 -0.0000
vn 0.0000 -1.0000 -0.0000
vn 0.0000 -1.0000 -0.0000
vn 0.0000 -1.0000 -0.0000
vn 0.0000 -1.0000 -0.0000
vn 0.0000 -1.0000 -0.0000
vn 0.0000 -1.0000 -0.0000
vn 0.0000 -1.0000 -0.0000
vn 0.0000 -1.0000 -0.0000
vn 0.0000 -1.0000 -0.0000
vn 0.0000 -1.0000 -0.0000
vn 0.0000 -1.0000 -0.0000
vn 0.0000 -1.0000 -0.0000
vn 0.0000 -1.0000 -0.0000
vn -1.0000 0.0000 -0.0000
vn -1.0000 0.0000 -0.0000
vn -1.0000 0.0000 -0.0000
vn -1.0000 0.0000 -0.0000
vn 0.0000 -1.0000 -0.0000
vn 0.0000 -1.0000 -0.0000
vn 0.0000 -1.0000 -0.0000
vn 0.0000 -1.0000 -0.0000
vn 0.0000 -1.0000 -0.0000
vn 0.0000 -1.0000 -0.0000
vn 0.0000 -1.0000 -0.0000
vn 0.0000 -1.0000 -0.0000
vn 0.0000 -1.0000 -0.0000
vn 0.0000 -1.0000 -0.0000
vn 0.0000 -1.0000 -0.0000
vn 0.0000 -1.0000 -0.0000
vn 0.0000 -1.0000 -0.0000
vn 0.0000 -1.0000 -0.0000
vn 0.0000 -1.0000 -0.0000
vn 0.0000 -1.0000 -0.0000
vn 0.0000 -1.0000 -0.0000
vn 0.0000 -1.0000 -0.0000
vn 0.0000 -1.0000 -0.0000
vn 0.0000 -1.0000 -0.0000
vn 0.0000 0.0000 -1.0000
vn 0.0000 0.0000 -1.0000
vn 0.0000 0.0000 -1.0000
vn 0.0000 0.0000 -1.0000
vn 0.0000 -1.0000 -0.0000
vn 0.0000 -1.0000 -0.0000
vn 0.0000 -1.0000 -0.0000
vn 0.0000 -1.0000 -0.0000
vn 0.0000 -1.0000 -0.0000
vn 0.0000 -1.0000 -0.0000
vn 0.0000 -1.0000 -0.0000
vn 0.0000 -1.0000 -0.0000
vn 0.0000 0.0000 -1.0000
vn 0.0000 0.0000 -1.0000
vn 0.0000 0.0000 -1.0000
vn 0.0000 0.0000 -1.0000
vn 0.0000 -1.0000 -0.0000
vn 0.0000 -1.0000 -0.0000
vn 0.0000 -1.0000 -0.0000
vn 0.0000 -1.0000 -0.0000
vn 0.0000 -1.0000 -0.0000
vn 0.0000 -1.0000 -0.0000
vn 0.0000 -1.0000 -0.0000
vn 0.0000 -1.0000 -0.0000
vn 0.0000 -1.0000 -0.0000
vn 0.0000 -1.0000 -0.0000
vn 0.0000 -1.0000 -0.0000
vn 0.0000 -1.0000 -0.0000
vn 0.0000 -1.0000 -0.0000
vn 0.0000 -1.0000 -0.0000
vn 0.0000 -1.0000 -0.0000
vn 0.0000 -1.0000 -0.0000
vn 0.0000 -1.0000 -0.0000
vn 0.0000 -1.0000 -0.0000
vn 0.0000 -1.0000 -0.0000
vn 0.0000 -1.0000 -0.0000
vn 0.0000 -1.0000 -0.0000
vn 0.0000 -1.0000 -0.0000
vn 0.0000 -1.0000 -0.0000
vn 0.0000 -1.0000 -0.0000
vn 0.0000 -1.0000 -0.0000
vn 0.0000 -1.0000 -0.0000
vn 0.0000 -1.0000 -0.0000
vn 0.0000 -1.0000 -0.0000
vn 0.0000 -1.0000 -0.0000
vn 0.0000 -1.0000 -0.0000
vn 0.0000 -1.0000 -0.0000
vn 0.0000 -1.0000 -0.0000
vn -0.0000 -0.0000 1.0000
vn -0.0000 -0.0000 1.0000
vn -0.0000 -0.0000 1.0000
vn -0.0000 -0.0000 1.0000
vn 0.0000 -1.0000 -0.0000
vn 0.0000 -1.0000 -0.0000
vn 0.0000 -1.0000 -0.0000
vn 0.0000 -1.0000 -0.0000
vn 0.0000 -1.0000 -0.0000
vn 0.0000 -1.0000 -0.0000
vn 0.0000 -1.0000 -0.0000
vn 0.0000 -1.0000 -0.0000
vn 0.0000 -1.0000 -0.0000
vn 0.0000 -1.0000 -0.0000
vn 0.0000 -1.0000 -0.0000
vn 0.0000 -1.0000 -0.0000
vn 0.0000 -1.0000 -0.0000
vn 0.0000 -1.0000 -0.0000
vn 0.0000 -1.0000 -0.0000
vn 0.0000 -1.0000 -0.0000
vn 0.0000 -1.0000 -0.0000
vn 0.0000 -1.0000 -0.0000
vn 0.0000 -1.0000 -0.0000
vn 0.0000 -1.0000 -0.0000
vn -0.0000 -0.0000 1.0000
vn -0.0000 -0.0000 1.0000
vn -0.0000 -0.0000 1.0000
vn -0.0000 -0.0000 1.0000
vn 1.0000 0.0000 0.0000
vn 1.0000 0.0000 0.0000
vn 1.0000 0.0000 0.0000
vn 1.0000 0.0000 0.0000
vn -0.0000 -0.0000 1.0000
vn -0.0000 -0.0000 1.0000
vn -0.0000 -0.0000 1.0000
vn -0.0000 -0.0000 1.0000
vn -1.0000 0.0000 -0.0000
vn -1.0000 0.0000 -0.0000
vn -1.0000 0.0000 -0.0000
vn -1.0000 0.0000 -0.0000
vn 1.0000 0.0000 0.0000
vn 1.0000 0.0000 0.0000
vn 1.0000 0.0000 0.0000
vn 1.0000 0.0000 0.0000
vn -1.0000 0.0000 -0.0000
vn -1.0000 0.0000 -0.0000
vn -1.0000 0.0000 -0.0000
vn -1.0000 0.0000 -0.0000
vn 1.0000 0.0000 0.0000
vn 1.0000 0.0000 0.0000
vn 1.0000 0.0000 0.0000
vn 1.0000 0.0000 0.0000
vn -1.0000 0.0000 -0.0000
vn -1.0000 0.0000 -0.0000
vn -1.0000 0.0000 -0.0000
vn -1.0000 0.0000 -0.0000
vn 1.0000 0.0000 0.0000
vn 1.0000 0.0000 0.0000
vn 1.0000 0.0000 0.0000
vn 1.0000 0.0000 0.0000
vn 0.0000 0.0000 -1.0000
vn 0.0000 0.0000 -1.0000
vn 0.0000 0.0000 -1.0000
vn 0.0000 0.0000 -1.0000
vn -0.0000 -0.0000 1.0000
vn -0.0000 -0.0000 1.0000
vn -0.0000 -0.0000 1.0000
vn -0.0000 -0.0000 1.0000
vn 0.0000 0.0000 -1.0000
vn 0.0000 0.0000 -1.0000
vn 0.0000 0.0000 -1.0000
vn 0.0000 0.0000 -1.0000
f 499/499/499 500/500/500 501/501/501
f 499/499/499 501/501/501 502/502/502
f 503/503/503 504/504/504 505/505/505
f 503/503/503 505/505/505 506/506/506
f 507/507/507 508/508/508 509/509/509
f 507/507/507 509/509/509 510/510/510
f 511/511/511 512/512/512 513/513/513
f 511/511/511 513/513/513 514/514/514
f 515/515/515 516/516/516 517/517/517
f 515/515/515 517/517/517 518/518/518
f 519/519/519 520/520/520 521/521/521
f 519/519/519 521/521/521 522/522/522
f 523/523/523 524/524/524 525/525/525
f 523/523/523 525/525/525 526/526/526
f 527/527/527 528/528/528 529/529/529
f 527/527/527 529/529/529 530/530/530
f 531/531/531 532/532/532 533/533/533
f 531/531/531 533/533/533 534/534/534
f 535/535/535 536/536/536 537/537/537
f 535/535/535 537/537/537 538/538/538
f 539/539/539 540/540/540 541/541/541
f 539/539/539 541/541/541 542/542/542
f 543/543/543 544/544/544 545/545/545
f 543/543/543 545/545/545 546/546/546
f 547/547/547 548/548/548 549/549/549
f 547/547/547 549/549/549 550/550/550
f 551/551/551 552/552/552 553/553/553
f 551/551/551 553/553/553 554/554/554
f 555/555/555 556/556/556 557/557/557
f 555/555/555 557/557/557 558/558/558
f 559/559/559 560/560/560 561/561/561
f 559/559/559 561/561/561 562/562/562
f 563/563/563 564/564/564 565/565/565
f 563/563/563 565/565/565 566/566/566
f 567/567/567 568/568/568 569/569/569
f 567/567/567 569/569/569 570/570/570
f 571/571/571 572/572/572 573/573/573
f 571/571/571 573/573/573 574/574/574
f 575/575/575 576/576/576 577/577/577
f 575/575/575 577/577/577 578/578/578
f 579/579/579 580/580/580 581/581/581
f 579/579/579 581/581/581 582/582/582
f 583/583/583 584/584/584 585/585/585
f 583/583/583 585/585/585 586/586/586
f 587/587/587 588/588/588 589/589/589
f 587/587/587 589/589/589 590/590/590
f 591/591/591 592/592/592 593/593/593
f 591/591/591 593/593/593 594/594/594
f 595/595/595 596/596/596 597/597/597
f 595/595/595 597/597/597 598/598/598
f 599/599/599 600/600/600 601/601/601
f 599/599/599 601/601/601 602/602/602
f 603/603/603 604/604/604 605/605/605
f 603/603/603 605/605/605 606/606/606
f 607/607/607 608/608/608 609/609/609
f 607/607/607 609/609/609 610/610/610
f 611/611/611 612/612/612 613/613/613
f 611/611/611 613/613/613 614/614/614
f 615/615/615 616/616/616 617/617/617
f 615/615/615 617/617/617 618/618/618
f 619/619/619 620/620/620 621/621/621
f 619/619/619 621/621/621 622/622/622
f 623/623/623 624/624/624 625/625/625
f 623/623/623 625/625/625 626/626/626
f 627/627/627 628/628/628 629/629/629
f 627/627/627 629/629/629 630/630/630
f 631/631/631 632/632/632 633/633/633
f 631/631/631 633/633/633 634/634/634
f 635/635/635 636/636/636 637/637/637
f 635/635/635 637/637/637 638/638/638
f 639/639/639 640/640/640 641/641/641
f 639/639/639 641/641/641 642/642/642
f 643/643/643 644/644/644 645/645/645
f 643/643/643 645/645/645 646/646/646
f 647/647/647 648/648/648 649/649/649
f 647/647/647 649/649/649 650/650/650
f 651/651/651 652/652/652 653/653/653
f 651/651/651 653/653/653 654/654/654
f 655/655/655 656/656/656 657/657/657
f 655/655/655 657/657/657 658/658/658
f 659/659/659 660/660/660 661/661/661
f 659/659/659 661/661/661 662/662/662
f 663/663/663 664/664/664 665/665/665
f 663/663/663 665/665/665 666/666/666
f 667/667/667 668/668/668 669/669/669
f 667/667/667 669/669/669 670/670/670
f 671/671/671 672/672/672 673/673/673
f 671/671/671 673/673/673 674/674/674
f 675/675/675 676/676/676 677/677/677
f 675/675/675 677/677/677 678/678/678
f 679/679/679 680/680/680 681/681/681
f 679/679/679 681/681/681 682/682/682
f 683/683/683 684/684/684 685/685/685
f 683/683/683 685/685/685 686/686/686
f 687/687/687 688/688/688 689/689/689
f 687/687/687 689/689/689 690/690/690
f 691/691/691 692/692/692 693/693/693
f 691/691/691 693/693/693 694/694/694
f 695/695/695 696/696/696 697/697/697
f 695/695/695 697/697/697 698/698/698
f 699/699/699 700/700/700 701/701/701
f 699/699/699 701/701/701 702/702/702
f 703/703/703 704/704/704 705/705/705
f 703/703/703 705/705/705 706/706/706
f 707/707/707 708/708/708 709/709/709
f 707/707/707 709/709/709 710/710/710
f 711/711/711 712/712/712 713/713/713
f 711/711/711 713/713/713 714/714/714
f 715/715/715 716/716/716 717/717/717
f 715/715/715 717/717/717 718/718/718
f 719/719/719 720/720/720 721/721/721
f 719/719/719 721/721/721 722/722/722
f 723/723/723 724/724/724 725/725/725
f 723/723/723 725/725/725 726/726/726
f 727/727/727 728/728/728 729/729/729
f 727/727/727 729/729/729 730/730/730
f 731/731/731 732/732/732 733/733/733
f 731/731/731 733/733/733 734/734/734
f 735/735/735 736/736/736 737/737/737
f 735/735/735 737/737/737 738/738/738
f 739/739/739 740/740/740 741/741/741
f 739/739/739 741/741/741 742/742/742
f 743/743/743 744/744/744 745/745/745
f 743/743/743 745/745/745 746/746/746
f 747/747/747 748/748/748 749/749/749
f 747/747/747 749/749/749 750/750/750
f 751/751/751 752/752/752 753/753/753
f 751/751/751 753/753/753 754/754/754
f 755/755/755 756/756/756 757/757/757
f 755/755/755 757/757/757 758/758/758
f 759/759/759 760/760/760 761/761/761
f 759/759/759 761/761/761 762/762/762
f 763/763/763 764/764/764 765/765/765
f 763/763/763 765/765/765 766/766/766
f 767/767/767 768/768/768 769/769/769
f 767/767/767 769/769/769 770/770/770
f 771/771/771 772/772/772 773/773/773
f 771/771/771 773/773/773 774/774/774
f 775/775/775 776/776/776 777/777/777
f 775/775/775 777/777/777 778/778/778
f 779/779/779 780/780/780 781/781/781
f 779/779/779 781/781/781 782/782/782
f 783/783/783 784/784/784 785/785/785
f 783/783/783 785/785/785 786/786/786
f 787/787/787 788/788/788 789/789/789
f 787/787/787 789/789/789 790/790/790
f 791/791/791 792/792/792 793/793/793
f 791/791/791 793/793/793 794/794/794
f 795/795/795 796/796/796 797/797/797
f 795/795/795 797/797/797 798/798/798
f 799/799/799 800/800/800 801/801/801
f 799/799/799 801/801/801 802/802/802
f 803/803/803 804/804/804 805/805/805
f 803/803/803 805/805/805 806/806/806
f 807/807/807 808/808/808 809/809/809
f 807/807/807 809/809/809 810/810/810
f 811/811/811 812/812/812 813/813/813
f 811/811/811 813/813/813 814/814/814
f 815/815/815 816/816/816 817/817/817
f 815/815/815 817/817/817 818/818/818
f 819/819/819 820/820/820 821/821/821
f 819/819/819 821/821/821 822/822/822
f 823/823/823 824/824/824 825/825/825
f 823/823/823 825/825/825 826/826/826
f 827/827/827 828/828/828 829/829/829
f 827/827/827 829/829/829 830/830/830
f 831/831/831 832/832/832 833/833/833
f 831/831/831 833/833/833 834/834/834
f 835/835/835 836/836/836 837/837/837
f 835/835/835 837/837/837 838/838/838
f 839/839/839 840/840/840 841/841/841
f 839/839/839 841/841/841 842/842/842
f 843/843/843 844/844/844 845/845/845
f 843/843/843 845/845/845 846/846/846
f 847/847/847 848/848/848 849/849/849
f 847/847/847 849/849/849 850/850/850
f 851/851/851 852/852/852 853/853/853
f 851/851/851 853/853/853 854/854/854
f 855/855/855 856/856/856 857/857/857
f 855/855/855 857/857/857 858/858/858
f 859/859/859 860/860/860 861/861/861
f 859/859/859 861/861/861 862/862/862
f 863/863/863 864/864/864 865/865/865
f 863/863/863 865/865/865 866/866/866
f 867/867/867 868/868/868 869/869/869
f 867/867/867 869/869/869 870/870/870
f 871/871/871 872/872/872 873/873/873
f 871/871/871 873/873/873 874/874/874
f 875/875/875 876/876/876 877/877/877
f 875/875/875 877/877/877 878/878/878
f 879/879/879 880/880/880 881/881/881
f 879/879/879 881/881/881 882/882/882
f 883/883/883 884/884/884 885/885/885
f 883/883/883 885/885/885 886/886/886
f 887/887/887 888/888/888 889/889/889
f 887/887/887 889/889/889 890/890/890
f 891/891/891 892/892/892 893/893/893
f 891/891/891 893/893/893 894/894/894
f 895/895/895 896/896/896 897/897/897
f 895/895/895 897/897/897 898/898/898
f 899/899/899 900/900/900 901/901/901
f 899/899/899 901/901/901 902/902/902
f 903/903/903 904/904/904 905/905/905
f 903/903/903 905/905/905 906/906/906
f 907/907/907 908/908/908 909/909/909
f 907/907/907 909/909/909 910/910/910
o Ceiling_Sector3
g Ceiling_Sector3
usemtl Ceiling_3
v -3865.1825 254.1909 1329.2780
v -3697.2191 254.1909 1329.2780
v -3697.2191 254.1909 1536.6544
v -3865.1825 254.1909 1536.6544
v -3865.1825 254.1909 1256.3824
v -3697.2191 254.1909 1256.3824
v -3865.1821 254.1909 1102.4876
v -3697.2191 254.1909 1102.4876
v -3938.1824 254.1909 1102.4876
v -3938.1828 254.1909 1256.3824
v -5149.3137 254.1909 274.2599
v -5149.3137 254.1909 347.2598
v -5149.3137 268.7840 347.2598
v -5149.3137 268.7840 274.2599
v -3938.1828 254.1909 1329.2780
v -3938.1828 254.1909 1536.6544
v -4318.2671 254.1909 1329.2780
v -4318.2671 254.1909 1536.6543
v -4318.2671 254.1909 1256.3824
v -4318.2671 254.1909 1102.4876
v -4318.2671 254.1909 727.4887
v -3938.1828 254.1909 727.4886
v -3938.1824 254.1909 800.4887
v -4318.2671 254.1909 800.4887
v -3865.1825 254.1909 727.4886
v -3697.2191 254.1909 727.4886
v -3697.2191 254.1909 800.4887
v -3865.1821 254.1909 800.4887
v -3865.1821 254.1909 347.2598
v -3697.2191 254.1909 347.2598
v -3938.1824 254.1909 347.2598
v -4318.2671 254.1909 347.2598
v -4318.2671 254.1909 274.2599
v -3938.1824 254.1909 274.2599
v -3865.1821 254.1909 274.2598
v -3697.2191 254.1909 274.2598
v -3865.1821 254.1909 120.3603
v -3697.2191 254.1909 120.3603
v -3938.1824 254.1909 120.3603
v -4318.2671 254.1909 120.3604
v -4391.2674 254.1909 120.3604
v -4391.2674 254.1909 274.2599
v -3865.1825 254.1909 1256.3824
v -3865.1825 254.1909 1329.2780
v -3865.1825 268.7840 1329.2780
v -3865.1825 268.7840 1256.3824
v -4391.2674 254.1909 347.2598
v -4391.2670 254.1909 727.4886
v -3938.1824 254.1909 347.2598
v -3938.1824 254.1909 274.2599
v -3938.1824 268.7840 274.2599
v -3938.1824 268.7840 347.2598
v -4391.2674 254.1909 1102.4876
v -4391.2674 254.1909 1256.3824
v -3938.1824 254.1909 -103.4261
v -3865.1821 254.1909 -103.4261
v -3865.1821 268.7840 -103.4261
v -3938.1824 268.7840 -103.4261
v -4391.2674 254.1909 1329.2780
v -4391.2674 254.1909 1536.6544
v -4544.9146 254.1909 1329.2780
v -4544.9146 254.1909 1536.6543
v -4544.9146 254.1909 1256.3824
v -4544.9142 254.1909 1102.4876
v -4544.9142 254.1909 727.4887
v -4391.2670 254.1909 800.4887
v -4544.9142 254.1909 800.4887
v -4544.9142 254.1909 347.2598
v -4544.9142 254.1909 274.2599
v -4544.9142 254.1909 120.3603
v -4844.4813 254.1909 120.3603
v -4771.4817 254.1909 120.3603
v -4771.4817 254.1909 274.2599
v -4844.4813 254.1909 274.2598
v -4771.4817 254.1909 727.4887
v -4771.4817 254.1909 800.4887
v -4771.4817 268.7840 800.4887
v -4771.4817 268.7840 727.4887
v -4844.4813 254.1909 347.2598
v -4771.4817 254.1909 347.2598
v -4771.4817 254.1909 727.4887
v -4844.4813 254.1909 727.4887
v -3938.1824 254.1909 -30.4262
v -3938.1824 254.1909 -103.4261
v -3938.1824 268.7840 -103.4261
v -3938.1824 268.7840 -30.4262
v -4844.4813 254.1909 1102.4876
v -4771.4817 254.1909 1102.4876
v -4771.4817 254.1909 1256.3824
v -4844.4813 254.1909 1256.3824
v -3865.1821 254.1909 274.2598
v -3865.1821 254.1909 347.2598
v -3865.1821 268.7840 347.2598
v -3865.1821 268.7840 274.2598
v -4844.4813 254.1909 1329.2780
v -4771.4817 254.1909 1329.2780
v -4771.4817 254.1909 1536.6543
v -4844.4813 254.1909 1536.6543
v -4998.9849 254.1909 1329.2780
v -4998.9849 254.1909 1536.6544
v -4998.9849 254.1909 1256.3824
v -4998.9849 254.1909 1102.4876
v -4998.9849 254.1909 727.4886
v -4844.4813 254.1909 800.4887
v -4998.9849 254.1909 800.4887
v -4998.9849 254.1909 347.2598
v -4998.9849 254.1909 274.2599
v -4998.9849 254.1909 120.3603
v -5222.3137 254.1909 120.3603
v -5149.3134 254.1909 120.3603
v -5149.3137 254.1909 274.2599
v -5222.3141 254.1909 274.2599
v -3865.1821 254.1909 -103.4261
v -3865.1821 254.1909 -30.4262
v -3865.1821 268.7840 -30.4262
v -3865.1821 268.7840 -103.4261
v -5222.3141 254.1909 347.2598
v -5149.3137 254.1909 347.2598
v -5149.3137 254.1909 727.4886
v -5222.3141 254.1909 727.4887
v -4318.2671 254.1909 1256.3824
v -4318.2671 254.1909 1329.2780
v -4318.2671 268.7840 1329.2780
v -4318.2671 268.7840 1256.3824
v -5222.3141 254.1909 1102.4876
v -5149.3137 254.1909 1102.4876
v -5149.3137 254.1909 1256.3824
v -5222.3141 254.1909 1256.3824
v -4771.4817 254.1909 274.2599
v -4771.4817 254.1909 347.2598
v -4771.4817 268.7840 347.2598
v -4771.4817 268.7840 274.2599
v -5222.3141 254.1909 1329.2780
v -5149.3137 254.1909 1329.2780
v -5149.3137 254.1909 1536.6544
v -5222.3141 254.1909 1536.6544
v -5480.5431 254.1909 1329.2780
v -5480.5428 254.1909 1536.6542
v -5480.5431 254.1909 1256.3824
v -5480.5431 254.1909 1102.4876
v -5480.5428 254.1909 727.4887
v -5222.3141 254.1909 800.4887
v -5480.5428 254.1909 800.4887
v -5480.5428 254.1909 347.2598
v -5480.5428 254.1909 274.2598
v -5480.5428 254.1909 120.3604
v -5480.5428 254.1909 -103.4261
v -5222.3137 254.1909 -103.4261
v -5222.3137 254.1909 -30.4262
v -5480.5428 254.1909 -30.4261
v -4998.9849 254.1909 -103.4262
v -4844.4813 254.1909 -103.4262
v -4844.4813 254.1909 -30.4262
v -4998.9849 254.1909 -30.4262
v -4544.9142 254.1909 -103.4261
v -4391.2674 254.1909 -103.4261
v -4391.2674 254.1909 -30.4261
v -4544.9142 254.1909 -30.4262
v -5222.3141 254.1909 347.2598
v -5222.3141 254.1909 274.2599
v -5222.3141 268.7840 274.2599
v -5222.3141 268.7840 347.2598
v -4318.2671 254.1909 -103.4261
v -3938.1824 254.1909 -103.4261
v -3938.1824 254.1909 -30.4262
v -4318.2671 254.1909 -30.4261
v -4318.2671 254.1909 274.2599
v -4318.2671 254.1909 347.2598
v -4318.2671 268.7840 347.2598
v -4318.2671 268.7840 274.2599
v -3865.1821 254.1909 -103.4261
v -3697.2191 254.1909 -103.4262
v -3697.2191 254.1909 -30.4262
v -3865.1821 254.1909 -30.4262
v -3865.1821 254.1909 -456.1109
v -3697.2191 254.1909 -456.1109
v -3938.1824 254.1909 -456.1109
v -4318.2671 254.1909 -456.1109
v -4391.2670 254.1909 -456.1108
v -4544.9142 254.1909 -456.1108
v -4844.4813 254.1909 -456.1108
v -4771.4817 254.1909 -456.1108
v -4771.4817 254.1909 -103.4262
v -4998.9845 254.1909 -456.1109
v -5222.3137 254.1909 -456.1109
v -5149.3134 254.1909 -456.1109
v -5149.3134 254.1909 -103.4261
v -5480.5428 254.1909 -456.1109
v -3938.1828 268.7840 1256.3824
v -3865.1825 268.7840 1256.3824
v -3865.1825 268.7840 1329.2780
v -3938.1828 268.7840 1329.2780
v -3938.1824 268.7840 274.2599
v -3865.1821 268.7840 274.2598
v -3865.1821 268.7840 347.2598
v -3938.1824 268.7840 347.2598
v -4391.2674 268.7840 274.2599
v -4318.2671 268.7840 274.2599
v -4318.2671 268.7840 347.2598
v -4391.2674 268.7840 347.2598
v -4391.2674 268.7840 1256.3824
v -4318.2671 268.7840 1256.3824
v -4318.2671 268.7840 1329.2780
v -4391.2674 268.7840 1329.2780
v -4844.4813 268.7840 274.2598
v -4771.4817 268.7840 274.2599
v -4771.4817 268.7840 347.2598
v -4844.4813 268.7840 347.2598
v -4844.4813 268.7840 727.4887
v -4771.4817 268.7840 727.4887
v -4771.4817 268.7840 800.4887
v -4844.4813 268.7840 800.4887
v -4844.4813 268.7840 1256.3824
v -4771.4817 268.7840 1256.3824
v -4771.4817 268.7840 1329.2780
v -4844.4813 268.7840 1329.2780
v -5222.3141 268.7840 274.2599
v -5149.3137 268.7840 274.2599
v -5149.3137 268.7840 347.2598
v -5222.3141 268.7840 347.2598
v -5222.3141 268.7840 727.4887
v -5149.3137 268.7840 727.4886
v -5149.3137 268.7840 800.4887
v -5222.3141 268.7840 800.4887
v -5222.3141 268.7840 1256.3824
v -5149.3137 268.7840 1256.3824
v -5149.3137 268.7840 1329.2780
v -5222.3141 268.7840 1329.2780
v -5222.3137 268.7840 -103.4261
v -5149.3134 268.7840 -103.4261
v -5149.3134 268.7840 -30.4262
v -5222.3137 268.7840 -30.4262
v -4844.4813 268.7840 -103.4262
v -4771.4817 268.7840 -103.4262
v -4771.4817 268.7840 -30.4262
v -4844.4813 268.7840 -30.4262
v -3938.1824 268.7840 -103.4261
v -3865.1821 268.7840 -103.4261
v -3865.1821 268.7840 -30.4262
v -3938.1824 268.7840 -30.4262
v -4771.4817 254.1909 1256.3824
v -4771.4817 254.1909 1329.2780
v -4771.4817 268.7840 1329.2780
v -4771.4817 268.7840 1256.3824
v -4318.2671 254.1909 1329.2780
v -4391.2674 254.1909 1329.2780
v -4391.2674 268.7840 1329.2780
v -4318.2671 268.7840 1329.2780
v -3865.1821 254.1909 347.2598
v -3938.1824 254.1909 347.2598
v -3938.1824 268.7840 347.2598
v -3865.1821 268.7840 347.2598
v -4771.4817 254.1909 -103.4262
v -4771.4817 254.1909 -30.4262
v -4771.4817 268.7840 -30.4262
v -4771.4817 268.7840 -103.4262
v -4391.2674 254.1909 1256.3824
v -4318.2671 254.1909 1256.3824
v -4318.2671 268.7840 1256.3824
v -4391.2674 268.7840 1256.3824
v -4844.4813 254.1909 -30.4262
v -4844.4813 254.1909 -103.4262
v -4844.4813 268.7840 -103.4262
v -4844.4813 268.7840 -30.4262
v -5149.3137 254.1909 727.4886
v -5149.3137 254.1909 800.4887
v -5149.3137 268.7840 800.4887
v -5149.3137 268.7840 727.4886
v -4844.4813 254.1909 -103.4262
v -4771.4817 254.1909 -103.4262
v -4771.4817 268.7840 -103.4262
v -4844.4813 268.7840 -103.4262
v -5149.3134 254.1909 -103.4261
v -5149.3134 254.1909 -30.4262
v -5149.3134 268.7840 -30.4262
v -5149.3134 268.7840 -103.4261
v -3865.1825 254.1909 1329.2780
v -3938.1828 254.1909 1329.2780
v -3938.1828 268.7840 1329.2780
v -3865.1825 268.7840 1329.2780
v -5222.3137 254.1909 -30.4262
v -5222.3137 254.1909 -103.4261
v -5222.3137 268.7840 -103.4261
v -5222.3137 268.7840 -30.4262
v -3938.1828 254.1909 1256.3824
v -3865.1825 254.1909 1256.3824
v -3865.1825 268.7840 1256.3824
v -3938.1828 268.7840 1256.3824
v -5149.3137 254.1909 1256.3824
v -5149.3137 254.1909 1329.2780
v -5149.3137 268.7840 1329.2780
v -5149.3137 268.7840 1256.3824
v -4771.4817 254.1909 1329.2780
v -4844.4813 254.1909 1329.2780
v -4844.4813 268.7840 1329.2780
v -4771.4817 268.7840 1329.2780
v -4318.2671 254.1909 347.2598
v -4391.2674 254.1909 347.2598
v -4391.2674 268.7840 347.2598
v -4318.2671 268.7840 347.2598
v -5222.3137 254.1909 -103.4261
v -5149.3134 254.1909 -103.4261
v -5149.3134 268.7840 -103.4261
v -5222.3137 268.7840 -103.4261
v -4844.4813 254.1909 1256.3824
v -4771.4817 254.1909 1256.3824
v -4771.4817 268.7840 1256.3824
v -4844.4813 268.7840 1256.3824
v -4391.2674 254.1909 274.2599
v -4318.2671 254.1909 274.2599
v -4318.2671 268.7840 274.2599
v -4391.2674 268.7840 274.2599
v -5149.3134 254.1909 -30.4262
v -5222.3137 254.1909 -30.4262
v -5222.3137 268.7840 -30.4262
v -5149.3134 268.7840 -30.4262
v -3938.1828 254.1909 1329.2780
v -3938.1828 254.1909 1256.3824
v -3938.1828 268.7840 1256.3824
v -3938.1828 268.7840 1329.2780
v -4771.4817 254.1909 800.4887
v -4844.4813 254.1909 800.4887
v -4844.4813 268.7840 800.4887
v -4771.4817 268.7840 800.4887
v -4844.4813 254.1909 727.4887
v -4771.4817 254.1909 727.4887
v -4771.4817 268.7840 727.4887
v -4844.4813 268.7840 727.4887
v -4391.2674 254.1909 1329.2780
v -4391.2674 254.1909 1256.3824
v -4391.2674 268.7840 1256.3824
v -4391.2674 268.7840 1329.2780
v -3938.1824 254.1909 274.2599
v -3865.1821 254.1909 274.2598
v -3865.1821 268.7840 274.2598
v -3938.1824 268.7840 274.2599
v -4771.4817 254.1909 -30.4262
v -4844.4813 254.1909 -30.4262
v -4844.4813 268.7840 -30.4262
v -4771.4817 268.7840 -30.4262
v -5149.3137 254.1909 1329.2780
v -5222.3141 254.1909 1329.2780
v -5222.3141 268.7840 1329.2780
v -5149.3137 268.7840 1329.2780
v -4771.4817 254.1909 347.2598
v -4844.4813 254.1909 347.2598
v -4844.4813 268.7840 347.2598
v -4771.4817 268.7840 347.2598
v -5222.3141 254.1909 1256.3824
v -5149.3137 254.1909 1256.3824
v -5149.3137 268.7840 1256.3824
v -5222.3141 268.7840 1256.3824
v -4844.4813 254.1909 274.2598
v -4771.4817 254.1909 274.2599
v -4771.4817 268.7840 274.2599
v -4844.4813 268.7840 274.2598
v -5149.3137 254.1909 800.4887
v -5222.3141 254.1909 800.4887
v -5222.3141 268.7840 800.4887
v -5149.3137 268.7840 800.4887
v -5222.3141 254.1909 727.4887
v -5149.3137 254.1909 727.4886
v -5149.3137 268.7840 727.4886
v -5222.3141 268.7840 727.4887
v -4844.4813 254.1909 1329.2780
v -4844.4813 254.1909 1256.3824
v -4844.4813 268.7840 1256.3824
v -4844.4813 268.7840 1329.2780
v -4391.2674 254.1909 347.2598
v -4391.2674 254.1909 274.2599
v -4391.2674 268.7840 274.2599
v -4391.2674 268.7840 347.2598
v -3865.1821 254.1909 -30.4262
v -3938.1824 254.1909 -30.4262
v -3938.1824 268.7840 -30.4262
v -3865.1821 268.7840 -30.4262
v -5149.3137 254.1909 347.2598
v -5222.3141 254.1909 347.2598
v -5222.3141 268.7840 347.2598
v -5149.3137 268.7840 347.2598
v -5222.3141 254.1909 274.2599
v -5149.3137 254.1909 274.2599
v -5149.3137 268.7840 274.2599
v -5222.3141 268.7840 274.2599
v -4844.4813 254.1909 800.4887
v -4844.4813 254.1909 727.4887
v -4844.4813 268.7840 727.4887
v -4844.4813 268.7840 800.4887
v -5222.3141 254.1909 1329.2780
v -5222.3141 254.1909 1256.3824
v -5222.3141 268.7840 1256.3824
v -5222.3141 268.7840 1329.2780
v -4844.4813 254.1909 347.2598
v -4844.4813 254.1909 274.2598
v -4844.4813 268.7840 274.2598
v -4844.4813 268.7840 347.2598
v -5222.3141 254.1909 800.4887
v -5222.3141 254.1909 727.4887
v -5222.3141 268.7840 727.4887
v -5222.3141 268.7840 800.4887
v -4617.9142 254.1909 -456.1108
v -4617.9146 254.1909 -103.4261
v -4617.9146 254.1909 -30.4262
v -4617.9146 254.1909 120.3603
v -4617.9146 254.1909 274.2599
v -4617.9146 254.1909 347.2599
v -4617.9142 254.1909 727.4887
v -4544.9142 254.1909 800.4887
v -4617.9142 254.1909 800.4887
v -4617.9142 268.7840 800.4887
v -4544.9142 268.7840 800.4887
v -4617.9146 254.1909 1102.4876
v -4617.9146 254.1909 1256.3824
v -4617.9146 254.1909 1329.2780
v -4617.9146 254.1909 1536.6543
v -4620.7619 254.1909 1329.2780
v -4620.7619 254.1909 1536.6543
v -4620.7619 254.1909 1256.3824
v -4620.7619 254.1909 1102.4876
v -4620.7615 254.1909 727.4887
v -4617.9142 254.1909 800.4887
v -4620.7615 254.1909 800.4887
v -4620.7619 254.1909 347.2599
v -4620.7619 254.1909 274.2599
v -4620.7619 254.1909 120.3603
v -4620.7619 254.1909 -103.4261
v -4620.7619 254.1909 -30.4262
v -4620.7615 254.1909 -456.1108
v -4617.9142 268.7840 727.4887
v -4544.9142 268.7840 727.4887
v -4544.9142 268.7840 800.4887
v -4617.9142 268.7840 800.4887
v -4617.9142 254.1909 800.4887
v -4617.9142 254.1909 727.4887
v -4617.9142 268.7840 727.4887
v -4617.9142 268.7840 800.4887
v -4544.9142 254.1909 727.4887
v -4544.9142 254.1909 800.4887
v -4544.9142 268.7840 800.4887
v -4544.9142 268.7840 727.4887
v -4617.9142 254.1909 727.4887
v -4544.9142 254.1909 727.4887
v -4544.9142 268.7840 727.4887
v -4617.9142 268.7840 727.4887
v -4620.7619 254.1909 1029.8074
v -4617.9146 254.1909 1029.8074
v -4620.7619 254.1909 47.6801
v -4620.7619 254.1909 120.3603
v -4620.7619 261.6591 120.3603
v -4620.7619 261.6591 47.6801
v -5480.5431 254.1909 1029.8073
v -5222.3141 254.1909 1029.8073
v -5149.3137 254.1909 1029.8073
v -4998.9849 254.1909 1029.8073
v -4844.4813 254.1909 1029.8074
v -4771.4817 254.1909 1029.8073
v -4544.9142 254.1909 1029.8074
v -4391.2674 254.1909 1029.8073
v -4318.2671 254.1909 1029.8073
v -3938.1824 254.1909 1029.8073
v -3865.1821 254.1909 1029.8073
v -3697.2191 254.1909 1029.8073
v -4771.4817 254.1909 800.4887
v -5149.3137 254.1909 800.4887
v -4620.7619 254.1909 47.6801
v -4617.9146 254.1909 47.6801
v -4544.9142 254.1909 47.6801
v -5480.5428 254.1909 47.6802
v -5222.3137 254.1909 47.6801
v -5149.3134 254.1909 47.6801
v -4998.9849 254.1909 47.6801
v -4844.4813 254.1909 47.6801
v -4771.4817 254.1909 47.6801
v -4391.2674 254.1909 47.6802
v -4318.2671 254.1909 47.6802
v -3938.1824 254.1909 47.6801
v -3865.1821 254.1909 47.6801
v -3697.2191 254.1909 47.6801
v -4771.4817 254.1909 -30.4262
v -5149.3134 254.1909 -30.4262
v -5071.6644 254.1909 -30.4262
v -5071.6644 254.1909 47.6801
v -5071.6644 254.1909 120.3603
v -5071.6648 254.1909 800.4887
v -5071.6648 254.1909 1029.8073
v -4617.9146 254.1909 1102.4876
v -4617.9146 254.1909 1029.8074
v -4617.9146 261.6591 1029.8074
v -4617.9146 261.6591 1102.4876
v -5071.6644 254.1909 -456.1109
v -5071.6644 254.1909 -103.4262
v -5071.6648 254.1909 274.2599
v -5071.6648 254.1909 347.2598
v -5071.6648 254.1909 727.4886
v -5071.6648 254.1909 1102.4876
v -5071.6648 254.1909 1256.3824
v -5071.6648 254.1909 1329.2780
v -5071.6648 254.1909 1536.6544
v -4693.2201 254.1909 -30.4262
v -4693.2201 254.1909 47.6801
v -4693.2201 254.1909 120.3603
v -4693.2201 254.1909 800.4887
v -4693.2201 254.1909 1029.8074
v -4693.2201 254.1909 1102.4876
v -4693.2201 254.1909 -456.1108
v -4693.2201 254.1909 -103.4261
v -4693.2201 254.1909 274.2599
v -4693.2201 254.1909 347.2599
v -4693.2201 254.1909 727.4887
v -4693.2205 254.1909 1256.3824
v -4693.2205 254.1909 1329.2780
v -4693.2205 254.1909 1536.6543
v -5071.6648 254.1909 1029.8073
v -4998.9849 254.1909 1029.8073
v -4998.9849 261.6591 1029.8073
v -5071.6648 261.6591 1029.8073
v -4617.9146 261.6591 1029.8074
v -4544.9142 261.6591 1029.8074
v -4544.9142 261.6591 1102.4876
v -4617.9146 261.6591 1102.4876
v -5071.6648 261.6591 1029.8073
v -4998.9849 261.6591 1029.8073
v -4998.9849 261.6591 1102.4876
v -5071.6648 261.6591 1102.4876
v -4693.2201 261.6591 47.6801
v -4620.7619 261.6591 47.6801
v -4620.7619 261.6591 120.3603
v -4693.2201 261.6591 120.3603
v -4693.2201 254.1909 120.3603
v -4693.2201 254.1909 47.6801
v -4693.2201 261.6591 47.6801
v -4693.2201 261.6591 120.3603
v -4620.7619 254.1909 120.3603
v -4693.2201 254.1909 120.3603
v -4693.2201 261.6591 120.3603
v -4620.7619 261.6591 120.3603
v -4693.2201 254.1909 47.6801
v -4620.7619 254.1909 47.6801
v -4620.7619 261.6591 47.6801
v -4693.2201 261.6591 47.6801
v -5071.6648 254.1909 1102.4876
v -5071.6648 254.1909 1029.8073
v -5071.6648 261.6591 1029.8073
v -5071.6648 261.6591 1102.4876
v -4544.9142 254.1909 1102.4876
v -4617.9146 254.1909 1102.4876
v -4617.9146 261.6591 1102.4876
v -4544.9142 261.6591 1102.4876
v -4998.9849 254.1909 1102.4876
v -5071.6648 254.1909 1102.4876
v -5071.6648 261.6591 1102.4876
v -4998.9849 261.6591 1102.4876
v -4544.9142 254.1909 1029.8074
v -4544.9142 254.1909 1102.4876
v -4544.9142 261.6591 1102.4876
v -4544.9142 261.6591 1029.8074
v -4617.9146 254.1909 1029.8074
v -4544.9142 254.1909 1029.8074
v -4544.9142 261.6591 1029.8074
v -4617.9146 261.6591 1029.8074
v -4998.9849 254.1909 1029.8073
v -4998.9849 254.1909 1102.4876
v -4998.9849 261.6591 1102.4876
v -4998.9849 261.6591 1029.8073
vt 0.81061 0.10407
vt 0.89490 0.10407
vt 0.89490 0.00000
vt 0.81061 0.00000
vt 0.81061 0.14065
vt 0.89490 0.14065
vt 0.81061 0.21787
vt 0.89490 0.21787
vt 0.77398 0.21787
vt 0.77398 0.14065
vt 0.93151 0.15777
vt 0.93151 0.12114
vt 0.92419 0.12114
vt 0.92419 0.15777
vt 0.77398 0.10407
vt 0.77398 0.00000
vt 0.58325 0.10407
vt 0.58325 0.00000
vt 0.58325 0.14065
vt 0.58325 0.21787
vt 0.58325 0.40605
vt 0.77398 0.40605
vt 0.77398 0.36942
vt 0.58325 0.36942
vt 0.81061 0.40605
vt 0.89490 0.40605
vt 0.89490 0.36942
vt 0.81061 0.36942
vt 0.81061 0.59686
vt 0.89490 0.59686
vt 0.77398 0.59686
vt 0.58325 0.59686
vt 0.58325 0.63349
vt 0.77398 0.63349
vt 0.81061 0.63349
vt 0.89490 0.63349
vt 0.81061 0.71072
vt 0.89490 0.71072
vt 0.77398 0.71072
vt 0.58325 0.71072
vt 0.54662 0.71072
vt 0.54662 0.63349
vt 0.93884 0.30430
vt 0.93884 0.26772
vt 0.93151 0.26772
vt 0.93151 0.30430
vt 0.54662 0.59686
vt 0.54662 0.40605
vt 0.92419 0.26767
vt 0.92419 0.23104
vt 0.91687 0.23104
vt 0.91687 0.26767
vt 0.54662 0.21787
vt 0.54662 0.14065
vt 0.90222 0.23104
vt 0.90222 0.19440
vt 0.89490 0.19440
vt 0.89490 0.23104
vt 0.54662 0.10407
vt 0.54662 0.00000
vt 0.46951 0.10407
vt 0.46951 0.00000
vt 0.46951 0.14065
vt 0.46951 0.21787
vt 0.46951 0.40605
vt 0.54662 0.36942
vt 0.46951 0.36942
vt 0.46951 0.59686
vt 0.46951 0.63349
vt 0.46951 0.71072
vt 0.31918 0.71072
vt 0.35582 0.71072
vt 0.35582 0.63349
vt 0.31918 0.63349
vt 0.92419 0.30430
vt 0.92419 0.26767
vt 0.91687 0.26767
vt 0.91687 0.30430
vt 0.31918 0.59686
vt 0.35582 0.59686
vt 0.35582 0.40605
vt 0.31918 0.40605
vt 0.92419 0.23104
vt 0.92419 0.19440
vt 0.91687 0.19440
vt 0.91687 0.23104
vt 0.31918 0.21787
vt 0.35582 0.21787
vt 0.35582 0.14065
vt 0.31918 0.14065
vt 0.92419 0.19440
vt 0.92419 0.15777
vt 0.91687 0.15777
vt 0.91687 0.19440
vt 0.31918 0.10407
vt 0.35582 0.10407
vt 0.35582 0.00000
vt 0.31918 0.00000
vt 0.24165 0.10407
vt 0.24165 0.00000
vt 0.24165 0.14065
vt 0.24165 0.21787
vt 0.24165 0.40605
vt 0.31918 0.36942
vt 0.24165 0.36942
vt 0.24165 0.59686
vt 0.24165 0.63349
vt 0.24165 0.71072
vt 0.12958 0.71072
vt 0.16622 0.71072
vt 0.16622 0.63349
vt 0.12958 0.63349
vt 0.92419 0.15777
vt 0.92419 0.12114
vt 0.91687 0.12114
vt 0.91687 0.15777
vt 0.12958 0.59686
vt 0.16622 0.59686
vt 0.16622 0.40605
vt 0.12958 0.40605
vt 0.93884 0.26772
vt 0.93884 0.23114
vt 0.93151 0.23114
vt 0.93151 0.26772
vt 0.12958 0.21787
vt 0.16622 0.21787
vt 0.16622 0.14065
vt 0.12958 0.14065
vt 0.92419 0.12114
vt 0.92419 0.08451
vt 0.91687 0.08451
vt 0.91687 0.12114
vt 0.12958 0.10407
vt 0.16622 0.10407
vt 0.16622 0.00000
vt 0.12958 0.00000
vt 0.00000 0.10407
vt 0.00000 0.00000
vt 0.00000 0.14065
vt -0.00000 0.21787
vt 0.00000 0.40605
vt 0.12958 0.36942
vt 0.00000 0.36942
vt 0.00000 0.59686
vt 0.00000 0.63349
vt 0.00000 0.71072
vt 0.00000 0.82302
vt 0.12958 0.82302
vt 0.12958 0.78638
vt 0.00000 0.78638
vt 0.24165 0.82302
vt 0.31918 0.82302
vt 0.31918 0.78638
vt 0.24165 0.78638
vt 0.46951 0.82302
vt 0.54662 0.82302
vt 0.54662 0.78638
vt 0.46951 0.78638
vt 0.93151 0.12114
vt 0.93151 0.08451
vt 0.92419 0.08451
vt 0.92419 0.12114
vt 0.58325 0.82302
vt 0.77398 0.82302
vt 0.77398 0.78638
vt 0.58325 0.78638
vt 0.93151 0.37757
vt 0.93151 0.34093
vt 0.92419 0.34093
vt 0.92419 0.37757
vt 0.81061 0.82302
vt 0.89490 0.82302
vt 0.89490 0.78638
vt 0.81061 0.78638
vt 0.81061 1.00000
vt 0.89490 1.00000
vt 0.77398 1.00000
vt 0.58325 1.00000
vt 0.54662 1.00000
vt 0.46951 1.00000
vt 0.31918 1.00000
vt 0.35582 1.00000
vt 0.35582 0.82302
vt 0.24165 1.00000
vt 0.12958 1.00000
vt 0.16622 1.00000
vt 0.16622 0.82302
vt 0.00000 1.00000
vt 0.89490 0.59704
vt 0.89490 0.63367
vt 0.93148 0.63367
vt 0.93148 0.59704
vt 0.89490 0.92673
vt 0.89490 0.96337
vt 0.93153 0.96337
vt 0.93153 0.92673
vt 0.89490 0.89010
vt 0.89490 0.92673
vt 0.93153 0.92673
vt 0.93153 0.89010
vt 0.89490 0.56041
vt 0.89490 0.59704
vt 0.93148 0.59704
vt 0.93148 0.56041
vt 0.89490 0.67031
vt 0.93153 0.67031
vt 0.93153 0.63367
vt 0.89490 0.63367
vt 0.89490 0.70694
vt 0.93153 0.70694
vt 0.93153 0.67031
vt 0.89490 0.67031
vt 0.89490 0.48714
vt 0.89490 0.52378
vt 0.93148 0.52378
vt 0.93148 0.48714
vt 0.89490 0.78020
vt 0.89490 0.81684
vt 0.93153 0.81684
vt 0.93153 0.78020
vt 0.89490 0.96337
vt 0.89490 1.00000
vt 0.93153 1.00000
vt 0.93153 0.96337
vt 0.89490 0.52378
vt 0.89490 0.56041
vt 0.93148 0.56041
vt 0.93148 0.52378
vt 0.89490 0.85347
vt 0.89490 0.89010
vt 0.93153 0.89010
vt 0.93153 0.85347
vt 0.89490 0.74357
vt 0.93153 0.74357
vt 0.93153 0.70694
vt 0.89490 0.70694
vt 0.89490 0.81684
vt 0.89490 0.85347
vt 0.93153 0.85347
vt 0.93153 0.81684
vt 0.93885 1.00000
vt 0.93885 0.96342
vt 0.93153 0.96342
vt 0.93153 1.00000
vt 0.90222 0.37757
vt 0.90222 0.34093
vt 0.89490 0.34093
vt 0.89490 0.37757
vt 0.90222 0.19440
vt 0.90222 0.15777
vt 0.89490 0.15777
vt 0.89490 0.19440
vt 0.91687 0.23104
vt 0.91687 0.19440
vt 0.90955 0.19440
vt 0.90955 0.23104
vt 0.90222 0.34093
vt 0.90222 0.30430
vt 0.89490 0.30430
vt 0.89490 0.34093
vt 0.93151 0.34093
vt 0.93151 0.30430
vt 0.92419 0.30430
vt 0.92419 0.34093
vt 0.91687 0.19440
vt 0.91687 0.15777
vt 0.90955 0.15777
vt 0.90955 0.19440
vt 0.93869 0.48714
vt 0.93869 0.45051
vt 0.93137 0.45051
vt 0.93137 0.48714
vt 0.93151 0.30430
vt 0.93151 0.26767
vt 0.92419 0.26767
vt 0.92419 0.30430
vt 0.90222 0.15777
vt 0.90222 0.12114
vt 0.89490 0.12114
vt 0.89490 0.15777
vt 0.93151 0.26767
vt 0.93151 0.23104
vt 0.92419 0.23104
vt 0.92419 0.26767
vt 0.90955 0.37757
vt 0.90955 0.34093
vt 0.90222 0.34093
vt 0.90222 0.37757
vt 0.93884 0.23114
vt 0.93884 0.19456
vt 0.93151 0.19456
vt 0.93151 0.23114
vt 0.93869 0.45051
vt 0.93869 0.41388
vt 0.93137 0.41388
vt 0.93137 0.45051
vt 0.90222 0.30430
vt 0.90222 0.26767
vt 0.89490 0.26767
vt 0.89490 0.30430
vt 0.90955 0.34093
vt 0.90955 0.30430
vt 0.90222 0.30430
vt 0.90222 0.34093
vt 0.93880 0.63367
vt 0.93880 0.59704
vt 0.93148 0.59704
vt 0.93148 0.63367
vt 0.90222 0.26767
vt 0.90222 0.23104
vt 0.89490 0.23104
vt 0.89490 0.26767
vt 0.90955 0.30430
vt 0.90955 0.26767
vt 0.90222 0.26767
vt 0.90222 0.30430
vt 0.93884 0.19456
vt 0.93884 0.15798
vt 0.93151 0.15798
vt 0.93151 0.19456
vt 0.93880 0.59704
vt 0.93880 0.56041
vt 0.93148 0.56041
vt 0.93148 0.59704
vt 0.93880 0.56041
vt 0.93880 0.52378
vt 0.93148 0.52378
vt 0.93148 0.56041
vt 0.93884 0.15777
vt 0.93884 0.12119
vt 0.93151 0.12119
vt 0.93151 0.15777
vt 0.90955 0.26767
vt 0.90955 0.23104
vt 0.90222 0.23104
vt 0.90222 0.26767
vt 0.93880 0.52378
vt 0.93880 0.48714
vt 0.93148 0.48714
vt 0.93148 0.52378
vt 0.90955 0.23104
vt 0.90955 0.19440
vt 0.90222 0.19440
vt 0.90222 0.23104
vt 0.93884 0.37757
vt 0.93884 0.34093
vt 0.93151 0.34093
vt 0.93151 0.37757
vt 0.90955 0.19440
vt 0.90955 0.15777
vt 0.90222 0.15777
vt 0.90222 0.19440
vt 0.93884 0.34093
vt 0.93884 0.30430
vt 0.93151 0.30430
vt 0.93151 0.34093
vt 0.90955 0.15777
vt 0.90955 0.12114
vt 0.90222 0.12114
vt 0.90222 0.15777
vt 0.90222 0.12114
vt 0.90222 0.08451
vt 0.89490 0.08451
vt 0.89490 0.12114
vt 0.93885 0.96337
vt 0.93885 0.92679
vt 0.93153 0.92679
vt 0.93153 0.96337
vt 0.93151 0.23104
vt 0.93151 0.19440
vt 0.92419 0.19440
vt 0.92419 0.23104
vt 0.90955 0.12114
vt 0.90955 0.08451
vt 0.90222 0.08451
vt 0.90222 0.12114
vt 0.91687 0.37757
vt 0.91687 0.34093
vt 0.90955 0.34093
vt 0.90955 0.37757
vt 0.91687 0.34093
vt 0.91687 0.30430
vt 0.90955 0.30430
vt 0.90955 0.34093
vt 0.91687 0.15777
vt 0.91687 0.12114
vt 0.90955 0.12114
vt 0.90955 0.15777
vt 0.93884 0.12119
vt 0.93884 0.08461
vt 0.93151 0.08461
vt 0.93151 0.12119
vt 0.93151 0.19440
vt 0.93151 0.15777
vt 0.92419 0.15777
vt 0.92419 0.19440
vt 0.91687 0.12114
vt 0.91687 0.08451
vt 0.90955 0.08451
vt 0.90955 0.12114
vt 0.43288 1.00000
vt 0.43288 0.82302
vt 0.43288 0.78638
vt 0.43288 0.71072
vt 0.43288 0.63349
vt 0.43288 0.59686
vt 0.43288 0.40605
vt 0.91687 0.30430
vt 0.91687 0.26767
vt 0.90955 0.26767
vt 0.90955 0.30430
vt 0.43288 0.21787
vt 0.43288 0.14065
vt 0.43288 0.10407
vt 0.43288 0.00000
vt 0.43145 0.10407
vt 0.43145 0.00000
vt 0.43145 0.14065
vt 0.43145 0.21787
vt 0.43145 0.40605
vt 0.43288 0.36942
vt 0.43145 0.36942
vt 0.43145 0.59686
vt 0.43145 0.63349
vt 0.43145 0.71072
vt 0.43145 0.82302
vt 0.43145 0.78638
vt 0.43145 1.00000
vt 0.93153 0.78020
vt 0.93153 0.74357
vt 0.89490 0.74357
vt 0.89490 0.78020
vt 0.92419 0.37757
vt 0.92419 0.34093
vt 0.91687 0.34093
vt 0.91687 0.37757
vt 0.92419 0.34093
vt 0.92419 0.30430
vt 0.91687 0.30430
vt 0.91687 0.34093
vt 0.91687 0.26767
vt 0.91687 0.23104
vt 0.90955 0.23104
vt 0.90955 0.26767
vt 0.43145 0.25434
vt 0.43288 0.25434
vt 0.93528 0.70694
vt 0.93528 0.67047
vt 0.93153 0.67047
vt 0.93153 0.70694
vt -0.00000 0.25434
vt 0.12958 0.25434
vt 0.16622 0.25434
vt 0.24165 0.25434
vt 0.31918 0.25434
vt 0.35582 0.25434
vt 0.46951 0.25434
vt 0.54662 0.25434
vt 0.58325 0.25434
vt 0.77398 0.25434
vt 0.81061 0.25434
vt 0.89490 0.25434
vt 0.35582 0.36942
vt 0.16622 0.36942
vt 0.43145 0.74719
vt 0.43288 0.74719
vt 0.46951 0.74719
vt 0.00000 0.74719
vt 0.12958 0.74719
vt 0.16622 0.74719
vt 0.24165 0.74719
vt 0.31918 0.74719
vt 0.35582 0.74719
vt 0.54662 0.74719
vt 0.58325 0.74719
vt 0.77398 0.74719
vt 0.81061 0.74719
vt 0.89490 0.74719
vt 0.35582 0.78638
vt 0.16622 0.78638
vt 0.20518 0.78638
vt 0.20518 0.74719
vt 0.20518 0.71072
vt 0.20518 0.36942
vt 0.20518 0.25434
vt 0.93528 0.85347
vt 0.93528 0.81700
vt 0.93153 0.81700
vt 0.93153 0.85347
vt 0.20518 1.00000
vt 0.20518 0.82302
vt 0.20518 0.63349
vt 0.20518 0.59686
vt 0.20518 0.40605
vt 0.20518 0.21787
vt 0.20518 0.14065
vt 0.20518 0.10407
vt 0.20518 0.00000
vt 0.39509 0.78638
vt 0.39509 0.74719
vt 0.39509 0.71072
vt 0.39509 0.36942
vt 0.39509 0.25434
vt 0.39509 0.21787
vt 0.39509 1.00000
vt 0.39509 0.82302
vt 0.39509 0.63349
vt 0.39509 0.59686
vt 0.39509 0.40605
vt 0.39509 0.14065
vt 0.39509 0.10407
vt 0.39509 0.00000
vt 0.93903 0.92673
vt 0.93903 0.89026
vt 0.93528 0.89026
vt 0.93528 0.92673
vt 0.89490 0.45051
vt 0.89490 0.48714
vt 0.93137 0.48714
vt 0.93137 0.45051
vt 0.89490 0.45051
vt 0.93137 0.45051
vt 0.93137 0.41404
vt 0.89490 0.41404
vt 0.89490 0.41404
vt 0.93126 0.41404
vt 0.93126 0.37757
vt 0.89490 0.37757
vt 0.93528 0.67047
vt 0.93528 0.63399
vt 0.93153 0.63399
vt 0.93153 0.67047
vt 0.93903 0.85363
vt 0.93903 0.81727
vt 0.93528 0.81727
vt 0.93528 0.85363
vt 0.93903 0.81700
vt 0.93903 0.78064
vt 0.93528 0.78064
vt 0.93528 0.81700
vt 0.93528 0.81700
vt 0.93528 0.78052
vt 0.93153 0.78052
vt 0.93153 0.81700
vt 0.93528 0.92673
vt 0.93528 0.89010
vt 0.93153 0.89010
vt 0.93153 0.92673
vt 0.93903 0.89010
vt 0.93903 0.85363
vt 0.93528 0.85363
vt 0.93528 0.89010
vt 0.93528 0.78020
vt 0.93528 0.74373
vt 0.93153 0.74373
vt 0.93153 0.78020
vt 0.93528 0.89010
vt 0.93528 0.85347
vt 0.93153 0.85347
vt 0.93153 0.89010
vt 0.93528 0.74357
vt 0.93528 0.70710
vt 0.93153 0.70710
vt 0.93153 0.74357
vn 0.0000 -1.0000 -0.0000
vn 0.0000 -1.0000 -0.0000
vn 0.0000 -1.0000 -0.0000
vn 0.0000 -1.0000 -0.0000
vn 0.0000 -1.0000 -0.0000
vn 0.0000 -1.0000 -0.0000
vn 0.0000 -1.0000 -0.0000
vn 0.0000 -1.0000 -0.0000
vn 0.0000 -1.0000 -0.0000
vn 0.0000 -1.0000 -0.0000
vn -1.0000 0.0000 -0.0000
vn -1.0000 0.0000 -0.0000
vn -1.0000 0.0000 -0.0000
vn -1.0000 0.0000 -0.0000
vn 0.0000 -1.0000 -0.0000
vn 0.0000 -1.0000 -0.0000
vn 0.0000 -1.0000 -0.0000
vn 0.0000 -1.0000 -0.0000
vn 0.0000 -1.0000 -0.0000
vn 0.0000 -1.0000 -0.0000
vn 0.0000 -1.0000 -0.0000
vn 0.0000 -1.0000 -0.0000
vn 0.0000 -1.0000 -0.0000
vn 0.0000 -1.0000 -0.0000
vn 0.0000 -1.0000 -0.0000
vn 0.0000 -1.0000 -0.0000
vn 0.0000 -1.0000 -0.0000
vn 0.0000 -1.0000 -0.0000
vn 0.0000 -1.0000 -0.0000
vn 0.0000 -1.0000 -0.0000
vn 0.0000 -1.0000 -0.0000
vn 0.0000 -1.0000 -0.0000
vn 0.0000 -1.0000 -0.0000
vn 0.0000 -1.0000 -0.0000
vn 0.0000 -1.0000 -0.0000
vn 0.0000 -1.0000 -0.0000
vn 0.0000 -1.0000 -0.0000
vn 0.0000 -1.0000 -0.0000
vn 0.0000 -1.0000 -0.0000
vn 0.0000 -1.0000 -0.0000
vn 0.0000 -1.0000 -0.0000
vn 0.0000 -1.0000 -0.0000
vn -1.0000 0.0000 -0.0000
vn -1.0000 0.0000 -0.0000
vn -1.0000 0.0000 -0.0000
vn -1.0000 0.0000 -0.0000
vn 0.0000 -1.0000 -0.0000
vn 0.0000 -1.0000 -0.0000
vn 1.0000 0.0000 0.0000
vn 1.0000 0.0000 0.0000
vn 1.0000 0.0000 0.0000
vn 1.0000 0.0000 0.0000
vn 0.0000 -1.0000 -0.0000
vn 0.0000 -1.0000 -0.0000
vn -0.0000 -0.0000 1.0000
vn -0.0000 -0.0000 1.0000
vn -0.0000 -0.0000 1.0000
vn -0.0000 -0.0000 1.0000
vn 0.0000 -1.0000 -0.0000
vn 0.0000 -1.0000 -0.0000
vn 0.0000 -1.0000 -0.0000
vn 0.0000 -1.0000 -0.0000
vn 0.0000 -1.0000 -0.0000
vn 0.0000 -1.0000 -0.0000
vn 0.0000 -1.0000 -0.0000
vn 0.0000 -1.0000 -0.0000
vn 0.0000 -1.0000 -0.0000
vn 0.0000 -1.0000 -0.0000
vn 0.0000 -1.0000 -0.0000
vn 0.0000 -1.0000 -0.0000
vn 0.0000 -1.0000 -0.0000
vn 0.0000 -1.0000 -0.0000
vn 0.0000 -1.0000 -0.0000
vn 0.0000 -1.0000 -0.0000
vn -1.0000 0.0000 -0.0000
vn -1.0000 0.0000 -0.0000
vn -1.0000 0.0000 -0.0000
vn -1.0000 0.0000 -0.0000
vn 0.0000 -1.0000 -0.0000
vn 0.0000 -1.0000 -0.0000
vn 0.0000 -1.0000 -0.0000
vn 0.0000 -1.0000 -0.0000
vn 1.0000 0.0000 0.0000
vn 1.0000 0.0000 0.0000
vn 1.0000 0.0000 0.0000
vn 1.0000 0.0000 0.0000
vn 0.0000 -1.0000 -0.0000
vn 0.0000 -1.0000 -0.0000
vn 0.0000 -1.0000 -0.0000
vn 0.0000 -1.0000 -0.0000
vn -1.0000 0.0000 -0.0000
vn -1.0000 0.0000 -0.0000
vn -1.0000 0.0000 -0.0000
vn -1.0000 0.0000 -0.0000
vn 0.0000 -1.0000 -0.0000
vn 0.0000 -1.0000 -0.0000
vn 0.0000 -1.0000 -0.0000
vn 0.0000 -1.0000 -0.0000
vn 0.0000 -1.0000 -0.0000
vn 0.0000 -1.0000 -0.0000
vn 0.0000 -1.0000 -0.0000
vn 0.0000 -1.0000 -0.0000
vn 0.0000 -1.0000 -0.0000
vn 0.0000 -1.0000 -0.0000
vn 0.0000 -1.0000 -0.0000
vn 0.0000 -1.0000 -0.0000
vn 0.0000 -1.0000 -0.0000
vn 0.0000 -1.0000 -0.0000
vn 0.0000 -1.0000 -0.0000
vn 0.0000 -1.0000 -0.0000
vn 0.0000 -1.0000 -0.0000
vn 0.0000 -1.0000 -0.0000
vn -1.0000 0.0000 -0.0000
vn -1.0000 0.0000 -0.0000
vn -1.0000 0.0000 -0.0000
vn -1.0000 0.0000 -0.0000
vn 0.0000 -1.0000 -0.0000
vn 0.0000 -1.0000 -0.0000
vn 0.0000 -1.0000 -0.0000
vn 0.0000 -1.0000 -0.0000
vn -1.0000 0.0000 -0.0000
vn -1.0000 0.0000 -0.0000
vn -1.0000 0.0000 -0.0000
vn -1.0000 0.0000 -0.0000
vn 0.0000 -1.0000 -0.0000
vn 0.0000 -1.0000 -0.0000
vn 0.0000 -1.0000 -0.0000
vn 0.0000 -1.0000 -0.0000
vn -1.0000 0.0000 -0.0000
vn -1.0000 0.0000 -0.0000
vn -1.0000 0.0000 -0.0000
vn -1.0000 0.0000 -0.0000
vn 0.0000 -1.0000 -0.0000
vn 0.0000 -1.0000 -0.0000
vn 0.0000 -1.0000 -0.0000
vn 0.0000 -1.0000 -0.0000
vn 0.0000 -1.0000 -0.0000
vn 0.0000 -1.0000 -0.0000
vn 0.0000 -1.0000 -0.0000
vn 0.0000 -1.0000 -0.0000
vn 0.0000 -1.0000 -0.0000
vn 0.0000 -1.0000 -0.0000
vn 0.0000 -1.0000 -0.0000
vn 0.0000 -1.0000 -0.0000
vn 0.0000 -1.0000 -0.0000
vn 0.0000 -1.0000 -0.0000
vn 0.0000 -1.0000 -0.0000
vn 0.0000 -1.0000 -0.0000
vn 0.0000 -1.0000 -0.0000
vn 0.0000 -1.0000 -0.0000
vn 0.0000 -1.0000 -0.0000
vn 0.0000 -1.0000 -0.0000
vn 0.0000 -1.0000 -0.0000
vn 0.0000 -1.0000 -0.0000
vn 0.0000 -1.0000 -0.0000
vn 0.0000 -1.0000 -0.0000
vn 0.0000 -1.0000 -0.0000
vn 0.0000 -1.0000 -0.0000
vn 1.0000 0.0000 0.0000
vn 1.0000 0.0000 0.0000
vn 1.0000 0.0000 0.0000
vn 1.0000 0.0000 0.0000
vn 0.0000 -1.0000 -0.0000
vn 0.0000 -1.0000 -0.0000
vn 0.0000 -1.0000 -0.0000
vn 0.0000 -1.0000 -0.0000
vn -1.0000 0.0000 -0.0000
vn -1.0000 0.0000 -0.0000
vn -1.0000 0.0000 -0.0000
vn -1.0000 0.0000 -0.0000
vn 0.0000 -1.0000 -0.0000
vn 0.0000 -1.0000 -0.0000
vn 0.0000 -1.0000 -0.0000
vn 0.0000 -1.0000 -0.0000
vn 0.0000 -1.0000 -0.0000
vn 0.0000 -1.0000 -0.0000
vn 0.0000 -1.0000 -0.0000
vn 0.0000 -1.0000 -0.0000
vn 0.0000 -1.0000 -0.0000
vn 0.0000 -1.0000 -0.0000
vn 0.0000 -1.0000 -0.0000
vn 0.0000 -1.0000 -0.0000
vn 0.0000 -1.0000 -0.0000
vn 0.0000 -1.0000 -0.0000
vn 0.0000 -1.0000 -0.0000
vn 0.0000 -1.0000 -0.0000
vn 0.0000 -1.0000 -0.0000
vn 0.0000 -1.0000 -0.0000
vn 0.0000 -1.0000 -0.0000
vn 0.0000 -1.0000 -0.0000
vn 0.0000 -1.0000 -0.0000
vn 0.0000 -1.0000 -0.0000
vn 0.0000 -1.0000 -0.0000
vn 0.0000 -1.0000 -0.0000
vn 0.0000 -1.0000 -0.0000
vn 0.0000 -1.0000 -0.0000
vn 0.0000 -1.0000 -0.0000
vn 0.0000 -1.0000 -0.0000
vn 0.0000 -1.0000 -0.0000
vn 0.0000 -1.0000 -0.0000
vn 0.0000 -1.0000 -0.0000
vn 0.0000 -1.0000 -0.0000
vn 0.0000 -1.0000 -0.0000
vn 0.0000 -1.0000 -0.0000
vn 0.0000 -1.0000 -0.0000
vn 0.0000 -1.0000 -0.0000
vn 0.0000 -1.0000 -0.0000
vn 0.0000 -1.0000 -0.0000
vn 0.0000 -1.0000 -0.0000
vn 0.0000 -1.0000 -0.0000
vn 0.0000 -1.0000 -0.0000
vn 0.0000 -1.0000 -0.0000
vn 0.0000 -1.0000 -0.0000
vn 0.0000 -1.0000 -0.0000
vn 0.0000 -1.0000 -0.0000
vn 0.0000 -1.0000 -0.0000
vn 0.0000 -1.0000 -0.0000
vn 0.0000 -1.0000 -0.0000
vn 0.0000 -1.0000 -0.0000
vn 0.0000 -1.0000 -0.0000
vn 0.0000 -1.0000 -0.0000
vn 0.0000 -1.0000 -0.0000
vn 0.0000 -1.0000 -0.0000
vn 0.0000 -1.0000 -0.0000
vn 0.0000 -1.0000 -0.0000
vn 0.0000 -1.0000 -0.0000
vn 0.0000 -1.0000 -0.0000
vn 0.0000 -1.0000 -0.0000
vn 0.0000 -1.0000 -0.0000
vn 0.0000 -1.0000 -0.0000
vn 0.0000 -1.0000 -0.0000
vn 0.0000 -1.0000 -0.0000
vn 0.0000 -1.0000 -0.0000
vn 0.0000 -1.0000 -0.0000
vn 0.0000 -1.0000 -0.0000
vn 0.0000 -1.0000 -0.0000
vn 0.0000 -1.0000 -0.0000
vn 0.0000 -1.0000 -0.0000
vn 0.0000 -1.0000 -0.0000
vn 0.0000 -1.0000 -0.0000
vn -1.0000 0.0000 -0.0000
vn -1.0000 0.0000 -0.0000
vn -1.0000 0.0000 -0.0000
vn -1.0000 0.0000 -0.0000
vn 0.0000 0.0000 -1.0000
vn 0.0000 0.0000 -1.0000
vn 0.0000 0.0000 -1.0000
vn 0.0000 0.0000 -1.0000
vn 0.0000 0.0000 -1.0000
vn 0.0000 0.0000 -1.0000
vn 0.0000 0.0000 -1.0000
vn 0.0000 0.0000 -1.0000
vn -1.0000 0.0000 -0.0000
vn -1.0000 0.0000 -0.0000
vn -1.0000 0.0000 -0.0000
vn -1.0000 0.0000 -0.0000
vn -0.0000 -0.0000 1.0000
vn -0.0000 -0.0000 1.0000
vn -0.0000 -0.0000 1.0000
vn -0.0000 -0.0000 1.0000
vn 1.0000 0.0000 0.0000
vn 1.0000 0.0000 0.0000
vn 1.0000 0.0000 0.0000
vn 1.0000 0.0000 0.0000
vn -1.0000 0.0000 -0.0000
vn -1.0000 0.0000 -0.0000
vn -1.0000 0.0000 -0.0000
vn -1.0000 0.0000 -0.0000
vn -0.0000 -0.0000 1.0000
vn -0.0000 -0.0000 1.0000
vn -0.0000 -0.0000 1.0000
vn -0.0000 -0.0000 1.0000
vn -1.0000 0.0000 -0.0000
vn -1.0000 0.0000 -0.0000
vn -1.0000 0.0000 -0.0000
vn -1.0000 0.0000 -0.0000
vn 0.0000 0.0000 -1.0000
vn 0.0000 0.0000 -1.0000
vn 0.0000 0.0000 -1.0000
vn 0.0000 0.0000 -1.0000
vn 1.0000 0.0000 0.0000
vn 1.0000 0.0000 0.0000
vn 1.0000 0.0000 0.0000
vn 1.0000 0.0000 0.0000
vn -0.0000 -0.0000 1.0000
vn -0.0000 -0.0000 1.0000
vn -0.0000 -0.0000 1.0000
vn -0.0000 -0.0000 1.0000
vn -1.0000 0.0000 -0.0000
vn -1.0000 0.0000 -0.0000
vn -1.0000 0.0000 -0.0000
vn -1.0000 0.0000 -0.0000
vn 0.0000 0.0000 -1.0000
vn 0.0000 0.0000 -1.0000
vn 0.0000 0.0000 -1.0000
vn 0.0000 0.0000 -1.0000
vn 0.0000 0.0000 -1.0000
vn 0.0000 0.0000 -1.0000
vn 0.0000 0.0000 -1.0000
vn 0.0000 0.0000 -1.0000
vn -0.0000 -0.0000 1.0000
vn -0.0000 -0.0000 1.0000
vn -0.0000 -0.0000 1.0000
vn -0.0000 -0.0000 1.0000
vn -0.0000 -0.0000 1.0000
vn -0.0000 -0.0000 1.0000
vn -0.0000 -0.0000 1.0000
vn -0.0000 -0.0000 1.0000
vn -0.0000 -0.0000 1.0000
vn -0.0000 -0.0000 1.0000
vn -0.0000 -0.0000 1.0000
vn -0.0000 -0.0000 1.0000
vn 0.0000 0.0000 -1.0000
vn 0.0000 0.0000 -1.0000
vn 0.0000 0.0000 -1.0000
vn 0.0000 0.0000 -1.0000
vn 1.0000 0.0000 0.0000
vn 1.0000 0.0000 0.0000
vn 1.0000 0.0000 0.0000
vn 1.0000 0.0000 0.0000
vn 0.0000 0.0000 -1.0000
vn 0.0000 0.0000 -1.0000
vn 0.0000 0.0000 -1.0000
vn 0.0000 0.0000 -1.0000
vn -0.0000 -0.0000 1.0000
vn -0.0000 -0.0000 1.0000
vn -0.0000 -0.0000 1.0000
vn -0.0000 -0.0000 1.0000
vn 1.0000 0.0000 0.0000
vn 1.0000 0.0000 0.0000
vn 1.0000 0.0000 0.0000
vn 1.0000 0.0000 0.0000
vn -0.0000 -0.0000 1.0000
vn -0.0000 -0.0000 1.0000
vn -0.0000 -0.0000 1.0000
vn -0.0000 -0.0000 1.0000
vn 0.0000 0.0000 -1.0000
vn 0.0000 0.0000 -1.0000
vn 0.0000 0.0000 -1.0000
vn 0.0000 0.0000 -1.0000
vn 0.0000 0.0000 -1.0000
vn 0.0000 0.0000 -1.0000
vn 0.0000 0.0000 -1.0000
vn 0.0000 0.0000 -1.0000
vn 0.0000 0.0000 -1.0000
vn 0.0000 0.0000 -1.0000
vn 0.0000 0.0000 -1.0000
vn 0.0000 0.0000 -1.0000
vn -0.0000 -0.0000 1.0000
vn -0.0000 -0.0000 1.0000
vn -0.0000 -0.0000 1.0000
vn -0.0000 -0.0000 1.0000
vn -0.0000 -0.0000 1.0000
vn -0.0000 -0.0000 1.0000
vn -0.0000 -0.0000 1.0000
vn -0.0000 -0.0000 1.0000
vn 0.0000 0.0000 -1.0000
vn 0.0000 0.0000 -1.0000
vn 0.0000 0.0000 -1.0000
vn 0.0000 0.0000 -1.0000
vn -0.0000 -0.0000 1.0000
vn -0.0000 -0.0000 1.0000
vn -0.0000 -0.0000 1.0000
vn -0.0000 -0.0000 1.0000
vn 1.0000 0.0000 0.0000
vn 1.0000 0.0000 0.0000
vn 1.0000 0.0000 0.0000
vn 1.0000 0.0000 0.0000
vn 1.0000 0.0000 0.0000
vn 1.0000 0.0000 0.0000
vn 1.0000 0.0000 0.0000
vn 1.0000 0.0000 0.0000
vn 0.0000 0.0000 -1.0000
vn 0.0000 0.0000 -1.0000
vn 0.0000 0.0000 -1.0000
vn 0.0000 0.0000 -1.0000
vn 0.0000 0.0000 -1.0000
vn 0.0000 0.0000 -1.0000
vn 0.0000 0.0000 -1.0000
vn 0.0000 0.0000 -1.0000
vn -0.0000 -0.0000 1.0000
vn -0.0000 -0.0000 1.0000
vn -0.0000 -0.0000 1.0000
vn -0.0000 -0.0000 1.0000
vn 1.0000 0.0000 0.0000
vn 1.0000 0.0000 0.0000
vn 1.0000 0.0000 0.0000
vn 1.0000 0.0000 0.0000
vn 1.0000 0.0000 0.0000
vn 1.0000 0.0000 0.0000
vn 1.0000 0.0000 0.0000
vn 1.0000 0.0000 0.0000
vn 1.0000 0.0000 0.0000
vn 1.0000 0.0000 0.0000
vn 1.0000 0.0000 0.0000
vn 1.0000 0.0000 0.0000
vn 1.0000 0.0000 0.0000
vn 1.0000 0.0000 0.0000
vn 1.0000 0.0000 0.0000
vn 1.0000 0.0000 0.0000
vn 0.0000 -1.0000 -0.0000
vn 0.0000 -1.0000 -0.0000
vn 0.0000 -1.0000 -0.0000
vn 0.0000 -1.0000 -0.0000
vn 0.0000 -1.0000 -0.0000
vn 0.0000 -1.0000 -0.0000
vn 0.0000 -1.0000 -0.0000
vn 0.0000 0.0000 -1.0000
vn 0.0000 0.0000 -1.0000
vn 0.0000 0.0000 -1.0000
vn 0.0000 0.0000 -1.0000
vn 0.0000 -1.0000 -0.0000
vn 0.0000 -1.0000 -0.0000
vn 0.0000 -1.0000 -0.0000
vn 0.0000 -1.0000 -0.0000
vn 0.0000 -1.0000 -0.0000
vn 0.0000 -1.0000 -0.0000
vn 0.0000 -1.0000 -0.0000
vn 0.0000 -1.0000 -0.0000
vn 0.0000 -1.0000 -0.0000
vn 0.0000 -1.0000 -0.0000
vn 0.0000 -1.0000 -0.0000
vn 0.0000 -1.0000 -0.0000
vn 0.0000 -1.0000 -0.0000
vn 0.0000 -1.0000 -0.0000
vn 0.0000 -1.0000 -0.0000
vn 0.0000 -1.0000 -0.0000
vn 0.0000 -1.0000 -0.0000
vn 0.0000 -1.0000 -0.0000
vn 0.0000 -1.0000 -0.0000
vn 0.0000 -1.0000 -0.0000
vn 0.0000 -1.0000 -0.0000
vn 1.0000 0.0000 0.0000
vn 1.0000 0.0000 0.0000
vn 1.0000 0.0000 0.0000
vn 1.0000 0.0000 0.0000
vn -1.0000 0.0000 -0.0000
vn -1.0000 0.0000 -0.0000
vn -1.0000 0.0000 -0.0000
vn -1.0000 0.0000 -0.0000
vn -0.0000 -0.0000 1.0000
vn -0.0000 -0.0000 1.0000
vn -0.0000 -0.0000 1.0000
vn -0.0000 -0.0000 1.0000
vn 0.0000 -1.0000 -0.0000
vn 0.0000 -1.0000 -0.0000
vn -1.0000 0.0000 -0.0000
vn -1.0000 0.0000 -0.0000
vn -1.0000 0.0000 -0.0000
vn -1.0000 0.0000 -0.0000
vn 0.0000 -1.0000 -0.0000
vn 0.0000 -1.0000 -0.0000
vn 0.0000 -1.0000 -0.0000
vn 0.0000 -1.0000 -0.0000
vn 0.0000 -1.0000 -0.0000
vn 0.0000 -1.0000 -0.0000
vn 0.0000 -1.0000 -0.0000
vn 0.0000 -1.0000 -0.0000
vn 0.0000 -1.0000 -0.0000
vn 0.0000 -1.0000 -0.0000
vn 0.0000 -1.0000 -0.0000
vn 0.0000 -1.0000 -0.0000
vn 0.0000 -1.0000 -0.0000
vn 0.0000 -1.0000 -0.0000
vn 0.0000 -1.0000 -0.0000
vn 0.0000 -1.0000 -0.0000
vn 0.0000 -1.0000 -0.0000
vn 0.0000 -1.0000 -0.0000
vn 0.0000 -1.0000 -0.0000
vn 0.0000 -1.0000 -0.0000
vn 0.0000 -1.0000 -0.0000
vn 0.0000 -1.0000 -0.0000
vn 0.0000 -1.0000 -0.0000
vn 0.0000 -1.0000 -0.0000
vn 0.0000 -1.0000 -0.0000
vn 0.0000 -1.0000 -0.0000
vn 0.0000 -1.0000 -0.0000
vn 0.0000 -1.0000 -0.0000
vn 0.0000 -1.0000 -0.0000
vn 0.0000 -1.0000 -0.0000
vn 0.0000 -1.0000 -0.0000
vn 0.0000 -1.0000 -0.0000
vn 0.0000 -1.0000 -0.0000
vn 0.0000 -1.0000 -0.0000
vn 0.0000 -1.0000 -0.0000
vn 1.0000 0.0000 0.0000
vn 1.0000 0.0000 0.0000
vn 1.0000 0.0000 0.0000
vn 1.0000 0.0000 0.0000
vn 0.0000 -1.0000 -0.0000
vn 0.0000 -1.0000 -0.0000
vn 0.0000 -1.0000 -0.0000
vn 0.0000 -1.0000 -0.0000
vn 0.0000 -1.0000 -0.0000
vn 0.0000 -1.0000 -0.0000
vn 0.0000 -1.0000 -0.0000
vn 0.0000 -1.0000 -0.0000
vn 0.0000 -1.0000 -0.0000
vn 0.0000 -1.0000 -0.0000
vn 0.0000 -1.0000 -0.0000
vn 0.0000 -1.0000 -0.0000
vn 0.0000 -1.0000 -0.0000
vn 0.0000 -1.0000 -0.0000
vn 0.0000 -1.0000 -0.0000
vn 0.0000 -1.0000 -0.0000
vn 0.0000 -1.0000 -0.0000
vn 0.0000 -1.0000 -0.0000
vn 0.0000 -1.0000 -0.0000
vn 0.0000 -1.0000 -0.0000
vn 0.0000 -1.0000 -0.0000
vn 0.0000 -1.0000 -0.0000
vn 0.0000 -1.0000 -0.0000
vn -0.0000 -0.0000 1.0000
vn -0.0000 -0.0000 1.0000
vn -0.0000 -0.0000 1.0000
vn -0.0000 -0.0000 1.0000
vn 0.0000 -1.0000 -0.0000
vn 0.0000 -1.0000 -0.0000
vn 0.0000 -1.0000 -0.0000
vn 0.0000 -1.0000 -0.0000
vn 0.0000 -1.0000 -0.0000
vn 0.0000 -1.0000 -0.0000
vn 0.0000 -1.0000 -0.0000
vn 0.0000 -1.0000 -0.0000
vn 0.0000 -1.0000 -0.0000
vn 0.0000 -1.0000 -0.0000
vn 0.0000 -1.0000 -0.0000
vn 0.0000 -1.0000 -0.0000
vn 1.0000 0.0000 0.0000
vn 1.0000 0.0000 0.0000
vn 1.0000 0.0000 0.0000
vn 1.0000 0.0000 0.0000
vn 0.0000 0.0000 -1.0000
vn 0.0000 0.0000 -1.0000
vn 0.0000 0.0000 -1.0000
vn 0.0000 0.0000 -1.0000
vn -0.0000 -0.0000 1.0000
vn -0.0000 -0.0000 1.0000
vn -0.0000 -0.0000 1.0000
vn -0.0000 -0.0000 1.0000
vn 1.0000 0.0000 0.0000
vn 1.0000 0.0000 0.0000
vn 1.0000 0.0000 0.0000
vn 1.0000 0.0000 0.0000
vn 0.0000 0.0000 -1.0000
vn 0.0000 0.0000 -1.0000
vn 0.0000 0.0000 -1.0000
vn 0.0000 0.0000 -1.0000
vn 0.0000 0.0000 -1.0000
vn 0.0000 0.0000 -1.0000
vn 0.0000 0.0000 -1.0000
vn 0.0000 0.0000 -1.0000
vn -1.0000 0.0000 -0.0000
vn -1.0000 0.0000 -0.0000
vn -1.0000 0.0000 -0.0000
vn -1.0000 0.0000 -0.0000
vn -0.0000 -0.0000 1.0000
vn -0.0000 -0.0000 1.0000
vn -0.0000 -0.0000 1.0000
vn -0.0000 -0.0000 1.0000
vn -1.0000 0.0000 -0.0000
vn -1.0000 0.0000 -0.0000
vn -1.0000 0.0000 -0.0000
vn -1.0000 0.0000 -0.0000
f 911/911/911 912/912/912 913/913/913
f 911/911/911 913/913/913 914/914/914
f 915/915/915 916/916/916 912/912/912
f 915/915/915 912/912/912 911/911/911
f 917/917/917 918/918/918 916/916/916
f 917/917/917 916/916/916 915/915/915
f 919/919/919 917/917/917 915/915/915
f 919/919/919 915/915/915 920/920/920
f 921/921/921 922/922/922 923/923/923
f 921/921/921 923/923/923 924/924/924
f 925/925/925 911/911/911 914/914/914
f 925/925/925 914/914/914 926/926/926
f 927/927/927 925/925/925 926/926/926
f 927/927/927 926/926/926 928/928/928
f 929/929/929 920/920/920 925/925/925
f 929/929/929 925/925/925 927/927/927
f 930/930/930 919/919/919 920/920/920
f 930/930/930 920/920/920 929/929/929
f 931/931/931 932/932/932 933/933/933
f 931/931/931 933/933/933 934/934/934
f 935/935/935 936/936/936 937/937/937
f 935/935/935 937/937/937 938/938/938
f 939/939/939 940/940/940 936/936/936
f 939/939/939 936/936/936 935/935/935
f 941/941/941 939/939/939 935/935/935
f 941/941/941 935/935/935 932/932/932
f 942/942/942 941/941/941 932/932/932
f 942/942/942 932/932/932 931/931/931
f 943/943/943 944/944/944 941/941/941
f 943/943/943 941/941/941 942/942/942
f 945/945/945 946/946/946 940/940/940
f 945/945/945 940/940/940 939/939/939
f 947/947/947 948/948/948 946/946/946
f 947/947/947 946/946/946 945/945/945
f 949/949/949 947/947/947 945/945/945
f 949/949/949 945/945/945 944/944/944
f 950/950/950 949/949/949 944/944/944
f 950/950/950 944/944/944 943/943/943
f 951/951/951 950/950/950 943/943/943
f 951/951/951 943/943/943 952/952/952
f 953/953/953 954/954/954 955/955/955
f 953/953/953 955/955/955 956/956/956
f 957/957/957 942/942/942 931/931/931
f 957/957/957 931/931/931 958/958/958
f 959/959/959 960/960/960 961/961/961
f 959/959/959 961/961/961 962/962/962
f 963/963/963 930/930/930 929/929/929
f 963/963/963 929/929/929 964/964/964
f 965/965/965 966/966/966 967/967/967
f 965/965/965 967/967/967 968/968/968
f 969/969/969 927/927/927 928/928/928
f 969/969/969 928/928/928 970/970/970
f 971/971/971 969/969/969 970/970/970
f 971/971/971 970/970/970 972/972/972
f 973/973/973 964/964/964 969/969/969
f 973/973/973 969/969/969 971/971/971
f 974/974/974 963/963/963 964/964/964
f 974/974/974 964/964/964 973/973/973
f 975/975/975 958/958/958 976/976/976
f 975/975/975 976/976/976 977/977/977
f 978/978/978 957/957/957 958/958/958
f 978/978/978 958/958/958 975/975/975
f 979/979/979 952/952/952 957/957/957
f 979/979/979 957/957/957 978/978/978
f 980/980/980 951/951/951 952/952/952
f 980/980/980 952/952/952 979/979/979
f 981/981/981 982/982/982 983/983/983
f 981/981/981 983/983/983 984/984/984
f 985/985/985 986/986/986 987/987/987
f 985/985/985 987/987/987 988/988/988
f 989/989/989 990/990/990 991/991/991
f 989/989/989 991/991/991 992/992/992
f 993/993/993 994/994/994 995/995/995
f 993/993/993 995/995/995 996/996/996
f 997/997/997 998/998/998 999/999/999
f 997/997/997 999/999/999 1000/1000/1000
f 1001/1001/1001 1002/1002/1002 1003/1003/1003
f 1001/1001/1001 1003/1003/1003 1004/1004/1004
f 1005/1005/1005 1006/1006/1006 1007/1007/1007
f 1005/1005/1005 1007/1007/1007 1008/1008/1008
f 1009/1009/1009 1005/1005/1005 1008/1008/1008
f 1009/1009/1009 1008/1008/1008 1010/1010/1010
f 1011/1011/1011 1000/1000/1000 1005/1005/1005
f 1011/1011/1011 1005/1005/1005 1009/1009/1009
f 1012/1012/1012 997/997/997 1000/1000/1000
f 1012/1012/1012 1000/1000/1000 1011/1011/1011
f 1013/1013/1013 992/992/992 1014/1014/1014
f 1013/1013/1013 1014/1014/1014 1015/1015/1015
f 1016/1016/1016 989/989/989 992/992/992
f 1016/1016/1016 992/992/992 1013/1013/1013
f 1017/1017/1017 984/984/984 989/989/989
f 1017/1017/1017 989/989/989 1016/1016/1016
f 1018/1018/1018 981/981/981 984/984/984
f 1018/1018/1018 984/984/984 1017/1017/1017
f 1019/1019/1019 1020/1020/1020 1021/1021/1021
f 1019/1019/1019 1021/1021/1021 1022/1022/1022
f 1023/1023/1023 1024/1024/1024 1025/1025/1025
f 1023/1023/1023 1025/1025/1025 1026/1026/1026
f 1027/1027/1027 1028/1028/1028 1029/1029/1029
f 1027/1027/1027 1029/1029/1029 1030/1030/1030
f 1031/1031/1031 1032/1032/1032 1033/1033/1033
f 1031/1031/1031 1033/1033/1033 1034/1034/1034
f 1035/1035/1035 1036/1036/1036 1037/1037/1037
f 1035/1035/1035 1037/1037/1037 1038/1038/1038
f 1039/1039/1039 1040/1040/1040 1041/1041/1041
f 1039/1039/1039 1041/1041/1041 1042/1042/1042
f 1043/1043/1043 1044/1044/1044 1045/1045/1045
f 1043/1043/1043 1045/1045/1045 1046/1046/1046
f 1047/1047/1047 1043/1043/1043 1046/1046/1046
f 1047/1047/1047 1046/1046/1046 1048/1048/1048
f 1049/1049/1049 1038/1038/1038 1043/1043/1043
f 1049/1049/1049 1043/1043/1043 1047/1047/1047
f 1050/1050/1050 1035/1035/1035 1038/1038/1038
f 1050/1050/1050 1038/1038/1038 1049/1049/1049
f 1051/1051/1051 1030/1030/1030 1052/1052/1052
f 1051/1051/1051 1052/1052/1052 1053/1053/1053
f 1054/1054/1054 1027/1027/1027 1030/1030/1030
f 1054/1054/1054 1030/1030/1030 1051/1051/1051
f 1055/1055/1055 1022/1022/1022 1027/1027/1027
f 1055/1055/1055 1027/1027/1027 1054/1054/1054
f 1056/1056/1056 1019/1019/1019 1022/1022/1022
f 1056/1056/1056 1022/1022/1022 1055/1055/1055
f 1057/1057/1057 1058/1058/1058 1059/1059/1059
f 1057/1057/1057 1059/1059/1059 1060/1060/1060
f 1061/1061/1061 1062/1062/1062 1063/1063/1063
f 1061/1061/1061 1063/1063/1063 1064/1064/1064
f 1065/1065/1065 1066/1066/1066 1067/1067/1067
f 1065/1065/1065 1067/1067/1067 1068/1068/1068
f 1069/1069/1069 1070/1070/1070 1071/1071/1071
f 1069/1069/1069 1071/1071/1071 1072/1072/1072
f 1073/1073/1073 1074/1074/1074 1075/1075/1075
f 1073/1073/1073 1075/1075/1075 1076/1076/1076
f 1077/1077/1077 1078/1078/1078 1079/1079/1079
f 1077/1077/1077 1079/1079/1079 1080/1080/1080
f 1081/1081/1081 1082/1082/1082 1083/1083/1083
f 1081/1081/1081 1083/1083/1083 1084/1084/1084
f 1085/1085/1085 1086/1086/1086 1082/1082/1082
f 1085/1085/1085 1082/1082/1082 1081/1081/1081
f 1087/1087/1087 1085/1085/1085 1081/1081/1081
f 1087/1087/1087 1081/1081/1081 1074/1074/1074
f 1088/1088/1088 1087/1087/1087 1074/1074/1074
f 1088/1088/1088 1074/1074/1074 1073/1073/1073
f 1089/1089/1089 1088/1088/1088 1073/1073/1073
f 1089/1089/1089 1073/1073/1073 1066/1066/1066
f 1090/1090/1090 1089/1089/1089 1066/1066/1066
f 1090/1090/1090 1066/1066/1066 1065/1065/1065
f 1091/1091/1091 1092/1092/1092 1093/1093/1093
f 1091/1091/1091 1093/1093/1093 1062/1062/1062
f 1094/1094/1094 1091/1091/1091 1062/1062/1062
f 1094/1094/1094 1062/1062/1062 1061/1061/1061
f 1095/1095/1095 1096/1096/1096 1097/1097/1097
f 1095/1095/1095 1097/1097/1097 1058/1058/1058
f 1098/1098/1098 1095/1095/1095 1058/1058/1058
f 1098/1098/1098 1058/1058/1058 1057/1057/1057
f 1099/1099/1099 1100/1100/1100 1101/1101/1101
f 1099/1099/1099 1101/1101/1101 1102/1102/1102
f 1103/1103/1103 1104/1104/1104 1105/1105/1105
f 1103/1103/1103 1105/1105/1105 1106/1106/1106
f 1107/1107/1107 1108/1108/1108 1109/1109/1109
f 1107/1107/1107 1109/1109/1109 1110/1110/1110
f 1111/1111/1111 1112/1112/1112 1113/1113/1113
f 1111/1111/1111 1113/1113/1113 1114/1114/1114
f 1115/1115/1115 1116/1116/1116 1117/1117/1117
f 1115/1115/1115 1117/1117/1117 1118/1118/1118
f 1119/1119/1119 1120/1120/1120 1121/1121/1121
f 1119/1119/1119 1121/1121/1121 1122/1122/1122
f 1123/1123/1123 1124/1124/1124 1125/1125/1125
f 1123/1123/1123 1125/1125/1125 1126/1126/1126
f 1127/1127/1127 1128/1128/1128 1129/1129/1129
f 1127/1127/1127 1129/1129/1129 1130/1130/1130
f 1131/1131/1131 1132/1132/1132 1133/1133/1133
f 1131/1131/1131 1133/1133/1133 1134/1134/1134
f 1135/1135/1135 1136/1136/1136 1137/1137/1137
f 1135/1135/1135 1137/1137/1137 1138/1138/1138
f 1139/1139/1139 1140/1140/1140 1141/1141/1141
f 1139/1139/1139 1141/1141/1141 1142/1142/1142
f 1143/1143/1143 1144/1144/1144 1145/1145/1145
f 1143/1143/1143 1145/1145/1145 1146/1146/1146
f 1147/1147/1147 1148/1148/1148 1149/1149/1149
f 1147/1147/1147 1149/1149/1149 1150/1150/1150
f 1151/1151/1151 1152/1152/1152 1153/1153/1153
f 1151/1151/1151 1153/1153/1153 1154/1154/1154
f 1155/1155/1155 1156/1156/1156 1157/1157/1157
f 1155/1155/1155 1157/1157/1157 1158/1158/1158
f 1159/1159/1159 1160/1160/1160 1161/1161/1161
f 1159/1159/1159 1161/1161/1161 1162/1162/1162
f 1163/1163/1163 1164/1164/1164 1165/1165/1165
f 1163/1163/1163 1165/1165/1165 1166/1166/1166
f 1167/1167/1167 1168/1168/1168 1169/1169/1169
f 1167/1167/1167 1169/1169/1169 1170/1170/1170
f 1171/1171/1171 1172/1172/1172 1173/1173/1173
f 1171/1171/1171 1173/1173/1173 1174/1174/1174
f 1175/1175/1175 1176/1176/1176 1177/1177/1177
f 1175/1175/1175 1177/1177/1177 1178/1178/1178
f 1179/1179/1179 1180/1180/1180 1181/1181/1181
f 1179/1179/1179 1181/1181/1181 1182/1182/1182
f 1183/1183/1183 1184/1184/1184 1185/1185/1185
f 1183/1183/1183 1185/1185/1185 1186/1186/1186
f 1187/1187/1187 1188/1188/1188 1189/1189/1189
f 1187/1187/1187 1189/1189/1189 1190/1190/1190
f 931/931/931 934/934/934 976/976/976
f 931/931/931 976/976/976 958/958/958
f 1191/1191/1191 1192/1192/1192 1193/1193/1193
f 1191/1191/1191 1193/1193/1193 1194/1194/1194
f 1195/1195/1195 1196/1196/1196 1197/1197/1197
f 1195/1195/1195 1197/1197/1197 1198/1198/1198
f 1199/1199/1199 1200/1200/1200 1201/1201/1201
f 1199/1199/1199 1201/1201/1201 1202/1202/1202
f 1203/1203/1203 1204/1204/1204 1205/1205/1205
f 1203/1203/1203 1205/1205/1205 1206/1206/1206
f 1207/1207/1207 1208/1208/1208 1209/1209/1209
f 1207/1207/1207 1209/1209/1209 1210/1210/1210
f 1211/1211/1211 1212/1212/1212 1213/1213/1213
f 1211/1211/1211 1213/1213/1213 1214/1214/1214
f 1215/1215/1215 1216/1216/1216 1217/1217/1217
f 1215/1215/1215 1217/1217/1217 1218/1218/1218
f 1219/1219/1219 1220/1220/1220 1221/1221/1221
f 1219/1219/1219 1221/1221/1221 1222/1222/1222
f 1223/1223/1223 1224/1224/1224 1225/1225/1225
f 1223/1223/1223 1225/1225/1225 1226/1226/1226
f 1227/1227/1227 1228/1228/1228 1229/1229/1229
f 1227/1227/1227 1229/1229/1229 1230/1230/1230
f 1231/1231/1231 1232/1232/1232 1233/1233/1233
f 1231/1231/1231 1233/1233/1233 1234/1234/1234
f 1235/1235/1235 1236/1236/1236 1237/1237/1237
f 1235/1235/1235 1237/1237/1237 1238/1238/1238
f 1239/1239/1239 1240/1240/1240 1241/1241/1241
f 1239/1239/1239 1241/1241/1241 1242/1242/1242
f 1243/1243/1243 1244/1244/1244 1245/1245/1245
f 1243/1243/1243 1245/1245/1245 1246/1246/1246
f 1247/1247/1247 1248/1248/1248 1249/1249/1249
f 1247/1247/1247 1249/1249/1249 1250/1250/1250
f 1251/1251/1251 1252/1252/1252 1253/1253/1253
f 1251/1251/1251 1253/1253/1253 1254/1254/1254
f 1255/1255/1255 1256/1256/1256 1257/1257/1257
f 1255/1255/1255 1257/1257/1257 1258/1258/1258
f 1259/1259/1259 1260/1260/1260 1261/1261/1261
f 1259/1259/1259 1261/1261/1261 1262/1262/1262
f 1263/1263/1263 1264/1264/1264 1265/1265/1265
f 1263/1263/1263 1265/1265/1265 1266/1266/1266
f 1073/1073/1073 1076/1076/1076 1067/1067/1067
f 1073/1073/1073 1067/1067/1067 1066/1066/1066
f 1267/1267/1267 1268/1268/1268 1269/1269/1269
f 1267/1267/1267 1269/1269/1269 1270/1270/1270
f 1271/1271/1271 1272/1272/1272 1273/1273/1273
f 1271/1271/1271 1273/1273/1273 1274/1274/1274
f 1275/1275/1275 1276/1276/1276 1277/1277/1277
f 1275/1275/1275 1277/1277/1277 1278/1278/1278
f 1279/1279/1279 1280/1280/1280 1281/1281/1281
f 1279/1279/1279 1281/1281/1281 1282/1282/1282
f 1283/1283/1283 1284/1284/1284 1285/1285/1285
f 1283/1283/1283 1285/1285/1285 1286/1286/1286
f 1287/1287/1287 1288/1288/1288 1289/1289/1289
f 1287/1287/1287 1289/1289/1289 1290/1290/1290
f 935/935/935 938/938/938 933/933/933
f 935/935/935 933/933/933 932/932/932
f 1291/1291/1291 1292/1292/1292 1293/1293/1293
f 1291/1291/1291 1293/1293/1293 1294/1294/1294
f 1295/1295/1295 1296/1296/1296 1297/1297/1297
f 1295/1295/1295 1297/1297/1297 1298/1298/1298
f 1299/1299/1299 1300/1300/1300 1301/1301/1301
f 1299/1299/1299 1301/1301/1301 1302/1302/1302
f 1303/1303/1303 1304/1304/1304 1305/1305/1305
f 1303/1303/1303 1305/1305/1305 1306/1306/1306
f 1307/1307/1307 1308/1308/1308 1309/1309/1309
f 1307/1307/1307 1309/1309/1309 1310/1310/1310
f 1311/1311/1311 1090/1090/1090 1065/1065/1065
f 1311/1311/1311 1065/1065/1065 1312/1312/1312
f 1312/1312/1312 1065/1065/1065 1068/1068/1068
f 1312/1312/1312 1068/1068/1068 1313/1313/1313
f 1314/1314/1314 980/980/980 979/979/979
f 1314/1314/1314 979/979/979 1315/1315/1315
f 1315/1315/1315 979/979/979 978/978/978
f 1315/1315/1315 978/978/978 1316/1316/1316
f 1316/1316/1316 978/978/978 975/975/975
f 1316/1316/1316 975/975/975 1317/1317/1317
f 1318/1318/1318 1319/1319/1319 1320/1320/1320
f 1318/1318/1318 1320/1320/1320 1321/1321/1321
f 1322/1322/1322 974/974/974 973/973/973
f 1322/1322/1322 973/973/973 1323/1323/1323
f 1323/1323/1323 973/973/973 971/971/971
f 1323/1323/1323 971/971/971 1324/1324/1324
f 1324/1324/1324 971/971/971 972/972/972
f 1324/1324/1324 972/972/972 1325/1325/1325
f 1326/1326/1326 1324/1324/1324 1325/1325/1325
f 1326/1326/1326 1325/1325/1325 1327/1327/1327
f 1328/1328/1328 1323/1323/1323 1324/1324/1324
f 1328/1328/1328 1324/1324/1324 1326/1326/1326
f 1329/1329/1329 1322/1322/1322 1323/1323/1323
f 1329/1329/1329 1323/1323/1323 1328/1328/1328
f 1330/1330/1330 1317/1317/1317 1331/1331/1331
f 1330/1330/1330 1331/1331/1331 1332/1332/1332
f 1333/1333/1333 1316/1316/1316 1317/1317/1317
f 1333/1333/1333 1317/1317/1317 1330/1330/1330
f 1334/1334/1334 1315/1315/1315 1316/1316/1316
f 1334/1334/1334 1316/1316/1316 1333/1333/1333
f 1335/1335/1335 1314/1314/1314 1315/1315/1315
f 1335/1335/1335 1315/1315/1315 1334/1334/1334
f 1336/1336/1336 1312/1312/1312 1313/1313/1313
f 1336/1336/1336 1313/1313/1313 1337/1337/1337
f 1338/1338/1338 1311/1311/1311 1312/1312/1312
f 1338/1338/1338 1312/1312/1312 1336/1336/1336
f 1339/1339/1339 1340/1340/1340 1341/1341/1341
f 1339/1339/1339 1341/1341/1341 1342/1342/1342
f 1343/1343/1343 1344/1344/1344 1345/1345/1345
f 1343/1343/1343 1345/1345/1345 1346/1346/1346
f 1347/1347/1347 1348/1348/1348 1349/1349/1349
f 1347/1347/1347 1349/1349/1349 1350/1350/1350
f 1351/1351/1351 1352/1352/1352 1353/1353/1353
f 1351/1351/1351 1353/1353/1353 1354/1354/1354
f 1355/1355/1355 1356/1356/1356 1322/1322/1322
f 1355/1355/1355 1322/1322/1322 1329/1329/1329
f 1357/1357/1357 1358/1358/1358 1359/1359/1359
f 1357/1357/1357 1359/1359/1359 1360/1360/1360
f 1361/1361/1361 1362/1362/1362 1035/1035/1035
f 1361/1361/1361 1035/1035/1035 1050/1050/1050
f 1362/1362/1362 1363/1363/1363 1036/1036/1036
f 1362/1362/1362 1036/1036/1036 1035/1035/1035
f 1364/1364/1364 1365/1365/1365 997/997/997
f 1364/1364/1364 997/997/997 1012/1012/1012
f 1365/1365/1365 1366/1366/1366 998/998/998
f 1365/1365/1365 998/998/998 997/997/997
f 1367/1367/1367 1368/1368/1368 963/963/963
f 1367/1367/1367 963/963/963 974/974/974
f 1368/1368/1368 1369/1369/1369 930/930/930
f 1368/1368/1368 930/930/930 963/963/963
f 1369/1369/1369 1370/1370/1370 919/919/919
f 1369/1369/1369 919/919/919 930/930/930
f 1370/1370/1370 1371/1371/1371 917/917/917
f 1370/1370/1370 917/917/917 919/919/919
f 1371/1371/1371 1372/1372/1372 918/918/918
f 1371/1371/1371 918/918/918 917/917/917
f 938/938/938 937/937/937 1372/1372/1372
f 938/938/938 1372/1372/1372 1371/1371/1371
f 933/933/933 938/938/938 1371/1371/1371
f 933/933/933 1371/1371/1371 1370/1370/1370
f 934/934/934 933/933/933 1370/1370/1370
f 934/934/934 1370/1370/1370 1369/1369/1369
f 976/976/976 934/934/934 1369/1369/1369
f 976/976/976 1369/1369/1369 1368/1368/1368
f 977/977/977 976/976/976 1368/1368/1368
f 977/977/977 1368/1368/1368 1367/1367/1367
f 1014/1014/1014 1373/1373/1373 1366/1366/1366
f 1014/1014/1014 1366/1366/1366 1365/1365/1365
f 1015/1015/1015 1014/1014/1014 1365/1365/1365
f 1015/1015/1015 1365/1365/1365 1364/1364/1364
f 1052/1052/1052 1374/1374/1374 1363/1363/1363
f 1052/1052/1052 1363/1363/1363 1362/1362/1362
f 1053/1053/1053 1052/1052/1052 1362/1362/1362
f 1053/1053/1053 1362/1362/1362 1361/1361/1361
f 1331/1331/1331 977/977/977 1367/1367/1367
f 1331/1331/1331 1367/1367/1367 1356/1356/1356
f 1332/1332/1332 1331/1331/1331 1356/1356/1356
f 1332/1332/1332 1356/1356/1356 1355/1355/1355
f 1375/1375/1375 1376/1376/1376 1314/1314/1314
f 1375/1375/1375 1314/1314/1314 1335/1335/1335
f 1376/1376/1376 1377/1377/1377 980/980/980
f 1376/1376/1376 980/980/980 1314/1314/1314
f 1378/1378/1378 1379/1379/1379 1019/1019/1019
f 1378/1378/1378 1019/1019/1019 1056/1056/1056
f 1379/1379/1379 1380/1380/1380 1020/1020/1020
f 1379/1379/1379 1020/1020/1020 1019/1019/1019
f 1381/1381/1381 1382/1382/1382 981/981/981
f 1381/1381/1381 981/981/981 1018/1018/1018
f 1382/1382/1382 1383/1383/1383 982/982/982
f 1382/1382/1382 982/982/982 981/981/981
f 1377/1377/1377 1384/1384/1384 951/951/951
f 1377/1377/1377 951/951/951 980/980/980
f 1384/1384/1384 1385/1385/1385 950/950/950
f 1384/1384/1384 950/950/950 951/951/951
f 1385/1385/1385 1386/1386/1386 949/949/949
f 1385/1385/1385 949/949/949 950/950/950
f 1386/1386/1386 1387/1387/1387 947/947/947
f 1386/1386/1386 947/947/947 949/949/949
f 1387/1387/1387 1388/1388/1388 948/948/948
f 1387/1387/1387 948/948/948 947/947/947
f 1084/1084/1084 1083/1083/1083 1388/1388/1388
f 1084/1084/1084 1388/1388/1388 1387/1387/1387
f 1075/1075/1075 1084/1084/1084 1387/1387/1387
f 1075/1075/1075 1387/1387/1387 1386/1386/1386
f 1076/1076/1076 1075/1075/1075 1386/1386/1386
f 1076/1076/1076 1386/1386/1386 1385/1385/1385
f 1067/1067/1067 1076/1076/1076 1385/1385/1385
f 1067/1067/1067 1385/1385/1385 1384/1384/1384
f 1068/1068/1068 1067/1067/1067 1384/1384/1384
f 1068/1068/1068 1384/1384/1384 1377/1377/1377
f 1063/1063/1063 1389/1389/1389 1383/1383/1383
f 1063/1063/1063 1383/1383/1383 1382/1382/1382
f 1064/1064/1064 1063/1063/1063 1382/1382/1382
f 1064/1064/1064 1382/1382/1382 1381/1381/1381
f 1059/1059/1059 1390/1390/1390 1380/1380/1380
f 1059/1059/1059 1380/1380/1380 1379/1379/1379
f 1060/1060/1060 1059/1059/1059 1379/1379/1379
f 1060/1060/1060 1379/1379/1379 1378/1378/1378
f 1313/1313/1313 1068/1068/1068 1377/1377/1377
f 1313/1313/1313 1377/1377/1377 1376/1376/1376
f 1337/1337/1337 1313/1313/1313 1376/1376/1376
f 1337/1337/1337 1376/1376/1376 1375/1375/1375
f 1391/1391/1391 1064/1064/1064 1381/1381/1381
f 1391/1391/1391 1381/1381/1381 1392/1392/1392
f 1392/1392/1392 1381/1381/1381 1018/1018/1018
f 1392/1392/1392 1018/1018/1018 1393/1393/1393
f 1394/1394/1394 1015/1015/1015 1364/1364/1364
f 1394/1394/1394 1364/1364/1364 1395/1395/1395
f 1396/1396/1396 1397/1397/1397 1398/1398/1398
f 1396/1396/1396 1398/1398/1398 1399/1399/1399
f 1400/1400/1400 1094/1094/1094 1061/1061/1061
f 1400/1400/1400 1061/1061/1061 1401/1401/1401
f 1401/1401/1401 1061/1061/1061 1064/1064/1064
f 1401/1401/1401 1064/1064/1064 1391/1391/1391
f 1393/1393/1393 1018/1018/1018 1017/1017/1017
f 1393/1393/1393 1017/1017/1017 1402/1402/1402
f 1402/1402/1402 1017/1017/1017 1016/1016/1016
f 1402/1402/1402 1016/1016/1016 1403/1403/1403
f 1403/1403/1403 1016/1016/1016 1013/1013/1013
f 1403/1403/1403 1013/1013/1013 1404/1404/1404
f 1404/1404/1404 1013/1013/1013 1015/1015/1015
f 1404/1404/1404 1015/1015/1015 1394/1394/1394
f 1405/1405/1405 1012/1012/1012 1011/1011/1011
f 1405/1405/1405 1011/1011/1011 1406/1406/1406
f 1406/1406/1406 1011/1011/1011 1009/1009/1009
f 1406/1406/1406 1009/1009/1009 1407/1407/1407
f 1407/1407/1407 1009/1009/1009 1010/1010/1010
f 1407/1407/1407 1010/1010/1010 1408/1408/1408
f 1044/1044/1044 1407/1407/1407 1408/1408/1408
f 1044/1044/1044 1408/1408/1408 1045/1045/1045
f 1037/1037/1037 1406/1406/1406 1407/1407/1407
f 1037/1037/1037 1407/1407/1407 1044/1044/1044
f 1036/1036/1036 1405/1405/1405 1406/1406/1406
f 1036/1036/1036 1406/1406/1406 1037/1037/1037
f 1029/1029/1029 1404/1404/1404 1394/1394/1394
f 1029/1029/1029 1394/1394/1394 1374/1374/1374
f 1028/1028/1028 1403/1403/1403 1404/1404/1404
f 1028/1028/1028 1404/1404/1404 1029/1029/1029
f 1021/1021/1021 1402/1402/1402 1403/1403/1403
f 1021/1021/1021 1403/1403/1403 1028/1028/1028
f 1020/1020/1020 1393/1393/1393 1402/1402/1402
f 1020/1020/1020 1402/1402/1402 1021/1021/1021
f 1097/1097/1097 1401/1401/1401 1391/1391/1391
f 1097/1097/1097 1391/1391/1391 1390/1390/1390
f 1096/1096/1096 1400/1400/1400 1401/1401/1401
f 1096/1096/1096 1401/1401/1401 1097/1097/1097
f 1363/1363/1363 1395/1395/1395 1405/1405/1405
f 1363/1363/1363 1405/1405/1405 1036/1036/1036
f 1374/1374/1374 1394/1394/1394 1395/1395/1395
f 1374/1374/1374 1395/1395/1395 1363/1363/1363
f 1380/1380/1380 1392/1392/1392 1393/1393/1393
f 1380/1380/1380 1393/1393/1393 1020/1020/1020
f 1390/1390/1390 1391/1391/1391 1392/1392/1392
f 1390/1390/1390 1392/1392/1392 1380/1380/1380
f 1389/1389/1389 1409/1409/1409 1410/1410/1410
f 1389/1389/1389 1410/1410/1410 1383/1383/1383
f 1383/1383/1383 1410/1410/1410 1411/1411/1411
f 1383/1383/1383 1411/1411/1411 982/982/982
f 1373/1373/1373 1412/1412/1412 1413/1413/1413
f 1373/1373/1373 1413/1413/1413 1366/1366/1366
f 1366/1366/1366 1413/1413/1413 1414/1414/1414
f 1366/1366/1366 1414/1414/1414 998/998/998
f 1092/1092/1092 1415/1415/1415 1416/1416/1416
f 1092/1092/1092 1416/1416/1416 1093/1093/1093
f 1093/1093/1093 1416/1416/1416 1409/1409/1409
f 1093/1093/1093 1409/1409/1409 1389/1389/1389
f 982/982/982 1411/1411/1411 1417/1417/1417
f 982/982/982 1417/1417/1417 983/983/983
f 983/983/983 1417/1417/1417 1418/1418/1418
f 983/983/983 1418/1418/1418 990/990/990
f 990/990/990 1418/1418/1418 1419/1419/1419
f 990/990/990 1419/1419/1419 991/991/991
f 991/991/991 1419/1419/1419 1412/1412/1412
f 991/991/991 1412/1412/1412 1373/1373/1373
f 998/998/998 1414/1414/1414 1420/1420/1420
f 998/998/998 1420/1420/1420 999/999/999
f 999/999/999 1420/1420/1420 1421/1421/1421
f 999/999/999 1421/1421/1421 1006/1006/1006
f 1006/1006/1006 1421/1421/1421 1422/1422/1422
f 1006/1006/1006 1422/1422/1422 1007/1007/1007
f 1409/1409/1409 1337/1337/1337 1375/1375/1375
f 1409/1409/1409 1375/1375/1375 1410/1410/1410
f 1423/1423/1423 1424/1424/1424 1425/1425/1425
f 1423/1423/1423 1425/1425/1425 1426/1426/1426
f 1412/1412/1412 1332/1332/1332 1355/1355/1355
f 1412/1412/1412 1355/1355/1355 1413/1413/1413
f 1413/1413/1413 1355/1355/1355 1329/1329/1329
f 1413/1413/1413 1329/1329/1329 1414/1414/1414
f 1415/1415/1415 1338/1338/1338 1336/1336/1336
f 1415/1415/1415 1336/1336/1336 1416/1416/1416
f 1416/1416/1416 1336/1336/1336 1337/1337/1337
f 1416/1416/1416 1337/1337/1337 1409/1409/1409
f 1411/1411/1411 1335/1335/1335 1334/1334/1334
f 1411/1411/1411 1334/1334/1334 1417/1417/1417
f 1417/1417/1417 1334/1334/1334 1333/1333/1333
f 1417/1417/1417 1333/1333/1333 1418/1418/1418
f 1418/1418/1418 1333/1333/1333 1330/1330/1330
f 1418/1418/1418 1330/1330/1330 1419/1419/1419
f 1419/1419/1419 1330/1330/1330 1332/1332/1332
f 1419/1419/1419 1332/1332/1332 1412/1412/1412
f 1414/1414/1414 1329/1329/1329 1328/1328/1328
f 1414/1414/1414 1328/1328/1328 1420/1420/1420
f 1420/1420/1420 1328/1328/1328 1326/1326/1326
f 1420/1420/1420 1326/1326/1326 1421/1421/1421
f 1421/1421/1421 1326/1326/1326 1327/1327/1327
f 1421/1421/1421 1327/1327/1327 1422/1422/1422
f 1427/1427/1427 1428/1428/1428 1429/1429/1429
f 1427/1427/1427 1429/1429/1429 1430/1430/1430
f 1431/1431/1431 1432/1432/1432 1433/1433/1433
f 1431/1431/1431 1433/1433/1433 1434/1434/1434
f 1435/1435/1435 1436/1436/1436 1437/1437/1437
f 1435/1435/1435 1437/1437/1437 1438/1438/1438
f 1439/1439/1439 1440/1440/1440 1441/1441/1441
f 1439/1439/1439 1441/1441/1441 1442/1442/1442
f 1443/1443/1443 1444/1444/1444 1445/1445/1445
f 1443/1443/1443 1445/1445/1445 1446/1446/1446
f 1447/1447/1447 1448/1448/1448 1449/1449/1449
f 1447/1447/1447 1449/1449/1449 1450/1450/1450
f 1451/1451/1451 1452/1452/1452 1453/1453/1453
f 1451/1451/1451 1453/1453/1453 1454/1454/1454
f 1455/1455/1455 1456/1456/1456 1457/1457/1457
f 1455/1455/1455 1457/1457/1457 1458/1458/1458
f 1459/1459/1459 1460/1460/1460 1461/1461/1461
f 1459/1459/1459 1461/1461/1461 1462/1462/1462
f 1463/1463/1463 1464/1464/1464 1465/1465/1465
f 1463/1463/1463 1465/1465/1465 1466/1466/1466
f 1467/1467/1467 1468/1468/1468 1469/1469/1469
f 1467/1467/1467 1469/1469/1469 1470/1470/1470
f 1471/1471/1471 1472/1472/1472 1473/1473/1473
f 1471/1471/1471 1473/1473/1473 1474/1474/1474
o Ceiling_Sector4
g Ceiling_Sector4
usemtl Ceiling_4
v -5687.4260 254.1909 1329.2780
v -5519.4626 254.1909 1329.2780
v -5519.4626 254.1909 1536.6543
v -5687.4260 254.1909 1536.6543
v -5687.4260 254.1909 1256.3824
v -5519.4626 254.1909 1256.3824
v -5687.4260 254.1909 1102.8032
v -5519.4626 254.1909 1102.8033
v -5760.4263 254.1909 1102.8033
v -5760.4263 254.1909 1256.3824
v -5760.4263 254.1909 1329.2780
v -5760.4263 254.1909 1536.6543
v -6140.5106 254.1909 1329.2780
v -6140.5109 254.1909 1536.6543
v -6140.5106 254.1909 1256.3824
v -6140.5106 254.1909 1102.8033
v -6140.5106 254.1909 727.4887
v -5760.4263 254.1909 727.4886
v -5760.4263 254.1909 800.4887
v -6140.5106 254.1909 800.4887
v -5687.4260 254.1909 727.4886
v -5519.4626 254.1909 727.4886
v -5519.4626 254.1909 800.4887
v -5687.4260 254.1909 800.4887
v -5687.4260 254.1909 347.2598
v -5519.4626 254.1909 347.2598
v -5760.4263 254.1909 347.2598
v -6140.5106 254.1909 347.2598
v -6140.5106 254.1909 274.2598
v -5760.4263 254.1909 274.2598
v -5687.4260 254.1909 274.2598
v -5519.4626 254.1909 274.2598
v -5687.4260 254.1909 195.6956
v -5519.4626 254.1909 195.6956
v -5760.4263 254.1909 195.6956
v -6140.5106 254.1909 195.6956
v -6213.5109 254.1909 195.6956
v -6213.5109 254.1909 274.2599
v -5687.4260 254.1909 1256.3824
v -5687.4260 254.1909 1329.2780
v -5687.4260 268.7840 1329.2780
v -5687.4260 268.7840 1256.3824
v -6213.5109 254.1909 347.2598
v -6213.5109 254.1909 727.4886
v -5760.4263 254.1909 347.2598
v -5760.4263 254.1909 274.2598
v -5760.4263 268.7840 274.2598
v -5760.4263 268.7840 347.2598
v -6213.5109 254.1909 1102.8033
v -6213.5109 254.1909 1256.3824
v -5760.4263 254.1909 -103.4261
v -5687.4260 254.1909 -103.4262
v -5687.4260 268.7840 -103.4262
v -5760.4263 268.7840 -103.4261
v -6213.5109 254.1909 1329.2780
v -6213.5109 254.1909 1536.6543
v -6367.1585 254.1909 1329.2780
v -6367.1585 254.1909 1536.6543
v -6367.1585 254.1909 1256.3824
v -6367.1585 254.1909 1102.8033
v -6367.1577 254.1909 727.4887
v -6213.5109 254.1909 800.4887
v -6367.1577 254.1909 800.4887
v -6367.1577 254.1909 347.2598
v -6367.1577 254.1909 274.2599
v -6367.1577 254.1909 195.6957
v -6666.7252 254.1909 195.6956
v -6593.7256 254.1909 195.6956
v -6593.7256 254.1909 274.2599
v -6666.7252 254.1909 274.2598
v -6593.7256 254.1909 727.4887
v -6593.7256 254.1909 800.4887
v -6593.7256 268.7840 800.4887
v -6593.7256 268.7840 727.4887
v -6666.7252 254.1909 347.2598
v -6593.7256 254.1909 347.2598
v -6593.7256 254.1909 727.4887
v -6666.7252 254.1909 727.4887
v -5760.4263 254.1909 -30.4262
v -5760.4263 254.1909 -103.4261
v -5760.4263 268.7840 -103.4261
v -5760.4263 268.7840 -30.4262
v -6666.7252 254.1909 1102.8033
v -6593.7256 254.1909 1102.8033
v -6593.7256 254.1909 1256.3824
v -6666.7252 254.1909 1256.3824
v -5687.4260 254.1909 274.2598
v -5687.4260 254.1909 347.2598
v -5687.4260 268.7840 347.2598
v -5687.4260 268.7840 274.2598
v -6666.7252 254.1909 1329.2780
v -6593.7256 254.1909 1329.2780
v -6593.7256 254.1909 1536.6544
v -6666.7252 254.1909 1536.6544
v -6889.7697 254.1909 1329.2780
v -6889.7697 254.1909 1536.6543
v -6889.7697 254.1909 1256.3824
v -6889.7697 254.1909 1102.8033
v -6889.7697 254.1909 727.4886
v -6666.7252 254.1909 800.4887
v -6889.7697 254.1909 800.4887
v -6889.7697 254.1909 347.2598
v -6889.7697 254.1909 274.2599
v -6889.7690 254.1909 195.6956
v -5687.4260 254.1909 -103.4262
v -5687.4260 254.1909 -30.4262
v -5687.4260 268.7840 -30.4262
v -5687.4260 268.7840 -103.4262
v -6140.5106 254.1909 1256.3824
v -6140.5106 254.1909 1329.2780
v -6140.5106 268.7840 1329.2780
v -6140.5106 268.7840 1256.3824
v -6593.7256 254.1909 274.2599
v -6593.7256 254.1909 347.2598
v -6593.7256 268.7840 347.2598
v -6593.7256 268.7840 274.2599
v -6889.7690 254.1909 -103.4262
v -6666.7252 254.1909 -103.4262
v -6666.7252 254.1909 -30.4263
v -6889.7690 254.1909 -30.4262
v -6367.1577 254.1909 -103.4262
v -6213.5109 254.1909 -103.4261
v -6213.5109 254.1909 -30.4261
v -6367.1577 254.1909 -30.4262
v -6140.5106 254.1909 -103.4261
v -5760.4263 254.1909 -103.4261
v -5760.4263 254.1909 -30.4262
v -6140.5106 254.1909 -30.4261
v -6140.5106 254.1909 274.2598
v -6140.5106 254.1909 347.2598
v -6140.5106 268.7840 347.2598
v -6140.5106 268.7840 274.2598
v -5687.4260 254.1909 -103.4262
v -5519.4626 254.1909 -103.4262
v -5519.4626 254.1909 -30.4262
v -5687.4260 254.1909 -30.4262
v -5687.4260 254.1909 -456.1109
v -5519.4626 254.1909 -456.1109
v -5760.4263 254.1909 -456.1109
v -6140.5106 254.1909 -456.1108
v -6213.5109 254.1909 -456.1108
v -6367.1577 254.1909 -456.1108
v -6666.7252 254.1909 -456.1108
v -6593.7256 254.1909 -456.1108
v -6593.7256 254.1909 -103.4262
v -6889.7690 254.1909 -456.1108
v -5760.4263 268.7840 1256.3824
v -5687.4260 268.7840 1256.3824
v -5687.4260 268.7840 1329.2780
v -5760.4263 268.7840 1329.2780
v -5760.4263 268.7840 274.2598
v -5687.4260 268.7840 274.2598
v -5687.4260 268.7840 347.2598
v -5760.4263 268.7840 347.2598
v -6213.5109 268.7840 274.2599
v -6140.5106 268.7840 274.2598
v -6140.5106 268.7840 347.2598
v -6213.5109 268.7840 347.2598
v -6213.5109 268.7840 1256.3824
v -6140.5106 268.7840 1256.3824
v -6140.5106 268.7840 1329.2780
v -6213.5109 268.7840 1329.2780
v -6666.7252 268.7840 274.2598
v -6593.7256 268.7840 274.2599
v -6593.7256 268.7840 347.2598
v -6666.7252 268.7840 347.2598
v -6666.7252 268.7840 727.4887
v -6593.7256 268.7840 727.4887
v -6593.7256 268.7840 800.4887
v -6666.7252 268.7840 800.4887
v -6666.7252 268.7840 1256.3824
v -6593.7256 268.7840 1256.3824
v -6593.7256 268.7840 1329.2780
v -6666.7252 268.7840 1329.2780
v -6666.7252 268.7840 -103.4262
v -6593.7256 268.7840 -103.4262
v -6593.7256 268.7840 -30.4262
v -6666.7252 268.7840 -30.4263
v -5760.4263 268.7840 -103.4261
v -5687.4260 268.7840 -103.4262
v -5687.4260 268.7840 -30.4262
v -5760.4263 268.7840 -30.4262
v -6593.7256 254.1909 1256.3824
v -6593.7256 254.1909 1329.2780
v -6593.7256 268.7840 1329.2780
v -6593.7256 268.7840 1256.3824
v -6140.5106 254.1909 1329.2780
v -6213.5109 254.1909 1329.2780
v -6213.5109 268.7840 1329.2780
v -6140.5106 268.7840 1329.2780
v -5687.4260 254.1909 347.2598
v -5760.4263 254.1909 347.2598
v -5760.4263 268.7840 347.2598
v -5687.4260 268.7840 347.2598
v -6593.7256 254.1909 -103.4262
v -6593.7256 254.1909 -30.4262
v -6593.7256 268.7840 -30.4262
v -6593.7256 268.7840 -103.4262
v -6213.5109 254.1909 1256.3824
v -6140.5106 254.1909 1256.3824
v -6140.5106 268.7840 1256.3824
v -6213.5109 268.7840 1256.3824
v -6666.7252 254.1909 -30.4263
v -6666.7252 254.1909 -103.4262
v -6666.7252 268.7840 -103.4262
v -6666.7252 268.7840 -30.4263
v -6666.7252 254.1909 -103.4262
v -6593.7256 254.1909 -103.4262
v -6593.7256 268.7840 -103.4262
v -6666.7252 268.7840 -103.4262
v -5687.4260 254.1909 1329.2780
v -5760.4263 254.1909 1329.2780
v -5760.4263 268.7840 1329.2780
v -5687.4260 268.7840 1329.2780
v -5760.4263 254.1909 1256.3824
v -5687.4260 254.1909 1256.3824
v -5687.4260 268.7840 1256.3824
v -5760.4263 268.7840 1256.3824
v -6593.7256 254.1909 1329.2780
v -6666.7252 254.1909 1329.2780
v -6666.7252 268.7840 1329.2780
v -6593.7256 268.7840 1329.2780
v -6140.5106 254.1909 347.2598
v -6213.5109 254.1909 347.2598
v -6213.5109 268.7840 347.2598
v -6140.5106 268.7840 347.2598
v -6666.7252 254.1909 1256.3824
v -6593.7256 254.1909 1256.3824
v -6593.7256 268.7840 1256.3824
v -6666.7252 268.7840 1256.3824
v -6213.5109 254.1909 274.2599
v -6140.5106 254.1909 274.2598
v -6140.5106 268.7840 274.2598
v -6213.5109 268.7840 274.2599
v -5760.4263 254.1909 1329.2780
v -5760.4263 254.1909 1256.3824
v -5760.4263 268.7840 1256.3824
v -5760.4263 268.7840 1329.2780
v -6593.7256 254.1909 800.4887
v -6666.7252 254.1909 800.4887
v -6666.7252 268.7840 800.4887
v -6593.7256 268.7840 800.4887
v -6666.7252 254.1909 727.4887
v -6593.7256 254.1909 727.4887
v -6593.7256 268.7840 727.4887
v -6666.7252 268.7840 727.4887
v -6213.5109 254.1909 1329.2780
v -6213.5109 254.1909 1256.3824
v -6213.5109 268.7840 1256.3824
v -6213.5109 268.7840 1329.2780
v -5760.4263 254.1909 274.2598
v -5687.4260 254.1909 274.2598
v -5687.4260 268.7840 274.2598
v -5760.4263 268.7840 274.2598
v -6593.7256 254.1909 -30.4262
v -6666.7252 254.1909 -30.4263
v -6666.7252 268.7840 -30.4263
v -6593.7256 268.7840 -30.4262
v -6593.7256 254.1909 347.2598
v -6666.7252 254.1909 347.2598
v -6666.7252 268.7840 347.2598
v -6593.7256 268.7840 347.2598
v -6666.7252 254.1909 274.2598
v -6593.7256 254.1909 274.2599
v -6593.7256 268.7840 274.2599
v -6666.7252 268.7840 274.2598
v -6666.7252 254.1909 1329.2780
v -6666.7252 254.1909 1256.3824
v -6666.7252 268.7840 1256.3824
v -6666.7252 268.7840 1329.2780
v -6213.5109 254.1909 347.2598
v -6213.5109 254.1909 274.2599
v -6213.5109 268.7840 274.2599
v -6213.5109 268.7840 347.2598
v -5687.4260 254.1909 -30.4262
v -5760.4263 254.1909 -30.4262
v -5760.4263 268.7840 -30.4262
v -5687.4260 268.7840 -30.4262
v -5687.4260 254.1909 800.4887
v -5760.4263 254.1909 800.4887
v -5760.4263 261.4767 800.4887
v -5687.4260 261.4767 800.4887
v -6666.7252 254.1909 800.4887
v -6666.7252 254.1909 727.4887
v -6666.7252 268.7840 727.4887
v -6666.7252 268.7840 800.4887
v -6666.7252 254.1909 347.2598
v -6666.7252 254.1909 274.2598
v -6666.7252 268.7840 274.2598
v -6666.7252 268.7840 347.2598
v -6440.1581 254.1909 -456.1108
v -6440.1581 254.1909 -103.4261
v -6440.1581 254.1909 -30.4262
v -6440.1581 254.1909 195.6957
v -6440.1581 254.1909 274.2599
v -6440.1581 254.1909 347.2598
v -6440.1581 254.1909 727.4887
v -6367.1577 254.1909 800.4887
v -6440.1581 254.1909 800.4887
v -6440.1581 268.7840 800.4887
v -6367.1577 268.7840 800.4887
v -6440.1581 254.1909 1102.8034
v -6440.1581 254.1909 1256.3824
v -6440.1581 254.1909 1329.2780
v -6440.1581 254.1909 1536.6543
v -6440.1581 254.1909 800.4887
v -6593.7256 254.1909 800.4887
v -6593.7256 254.1909 -30.4262
v -6440.1581 268.7840 727.4887
v -6367.1577 268.7840 727.4887
v -6367.1577 268.7840 800.4887
v -6440.1581 268.7840 800.4887
v -6440.1581 254.1909 800.4887
v -6440.1581 254.1909 727.4887
v -6440.1581 268.7840 727.4887
v -6440.1581 268.7840 800.4887
v -6367.1577 254.1909 727.4887
v -6367.1577 254.1909 800.4887
v -6367.1577 268.7840 800.4887
v -6367.1577 268.7840 727.4887
v -6440.1581 254.1909 727.4887
v -6367.1577 254.1909 727.4887
v -6367.1577 268.7840 727.4887
v -6440.1581 268.7840 727.4887
v -6440.1581 254.1909 1030.1231
v -6593.7256 254.1909 1030.1231
v -6367.1581 254.1909 1030.1231
v -6666.7252 254.1909 1030.1231
v -6889.7697 254.1909 1030.1231
v -6213.5109 254.1909 1030.1231
v -6140.5106 254.1909 1030.1231
v -5760.4263 254.1909 1030.1231
v -5687.4260 254.1909 1030.1231
v -5519.4626 254.1909 1030.1231
v -6367.1577 254.1909 195.6957
v -6440.1581 254.1909 195.6957
v -6440.1581 261.4767 195.6957
v -6367.1577 261.4767 195.6957
v -6593.7256 254.1909 123.2216
v -6440.1581 254.1909 123.2216
v -6367.1581 254.1909 1030.1231
v -6367.1585 254.1909 1102.8033
v -6367.1585 261.4767 1102.8033
v -6367.1581 261.4767 1030.1231
v -6889.7690 254.1909 123.2216
v -6666.7252 254.1909 123.2215
v -6367.1577 254.1909 123.2216
v -6213.5109 254.1909 123.2216
v -6140.5106 254.1909 123.2216
v -5760.4263 254.1909 123.2216
v -5687.4260 254.1909 123.2215
v -5519.4626 254.1909 123.2215
v -5687.4260 261.4767 727.4886
v -5687.4260 261.4767 800.4887
v -5760.4263 261.4767 800.4887
v -5760.4263 261.4767 727.4886
v -6440.1581 261.4767 1030.1231
v -6367.1581 261.4767 1030.1231
v -6367.1585 261.4767 1102.8033
v -6440.1581 261.4767 1102.8034
v -6440.1581 261.4767 123.2216
v -6367.1577 261.4767 123.2216
v -6367.1577 261.4767 195.6957
v -6440.1581 261.4767 195.6957
v -6440.1581 254.1909 195.6957
v -6440.1581 254.1909 123.2216
v -6440.1581 261.4767 123.2216
v -6440.1581 261.4767 195.6957
v -6440.1581 254.1909 1102.8034
v -6440.1581 254.1909 1030.1231
v -6440.1581 261.4767 1030.1231
v -6440.1581 261.4767 1102.8034
v -6440.1581 254.1909 123.2216
v -6367.1577 254.1909 123.2216
v -6367.1577 261.4767 123.2216
v -6440.1581 261.4767 123.2216
v -6367.1585 254.1909 1102.8033
v -6440.1581 254.1909 1102.8034
v -6440.1581 261.4767 1102.8034
v -6367.1585 261.4767 1102.8033
v -5687.4260 254.1909 727.4886
v -5687.4260 254.1909 800.4887
v -5687.4260 261.4767 800.4887
v -5687.4260 261.4767 727.4886
v -5760.4263 254.1909 800.4887
v -5760.4263 254.1909 727.4886
v -5760.4263 261.4767 727.4886
v -5760.4263 261.4767 800.4887
v -5760.4263 254.1909 727.4886
v -5687.4260 254.1909 727.4886
v -5687.4260 261.4767 727.4886
v -5760.4263 261.4767 727.4886
v -6367.1577 254.1909 123.2216
v -6367.1577 254.1909 195.6957
v -6367.1577 261.4767 195.6957
v -6367.1577 261.4767 123.2216
v -6440.1581 254.1909 1030.1231
v -6367.1581 254.1909 1030.1231
v -6367.1581 261.4767 1030.1231
v -6440.1581 261.4767 1030.1231
vt 0.60300 0.10407
vt 0.68728 0.10407
vt 0.68728 0.00000
vt 0.60300 0.00000
vt 0.60300 0.14065
vt 0.68728 0.14065
vt 0.60300 0.21771
vt 0.68728 0.21771
vt 0.56636 0.21771
vt 0.56636 0.14065
vt 0.56636 0.10407
vt 0.56636 0.00000
vt 0.37563 0.10407
vt 0.37563 0.00000
vt 0.37563 0.14065
vt 0.37563 0.21771
vt 0.37563 0.40605
vt 0.56636 0.40605
vt 0.56636 0.36942
vt 0.37563 0.36942
vt 0.60300 0.40605
vt 0.68728 0.40605
vt 0.68728 0.36942
vt 0.60300 0.36942
vt 0.60300 0.59686
vt 0.68728 0.59686
vt 0.56636 0.59686
vt 0.37563 0.59686
vt 0.37563 0.63349
vt 0.56636 0.63349
vt 0.60300 0.63349
vt 0.68728 0.63349
vt 0.60300 0.67291
vt 0.68728 0.67291
vt 0.56636 0.67291
vt 0.37563 0.67291
vt 0.33900 0.67291
vt 0.33900 0.63349
vt 0.73119 0.63367
vt 0.73119 0.59709
vt 0.72386 0.59709
vt 0.72386 0.63367
vt 0.33900 0.59686
vt 0.33900 0.40605
vt 0.70925 0.34061
vt 0.70925 0.30398
vt 0.70193 0.30398
vt 0.70193 0.34061
vt 0.33900 0.21771
vt 0.33900 0.14065
vt 0.69461 0.52378
vt 0.69461 0.48714
vt 0.68728 0.48714
vt 0.68728 0.52378
vt 0.33900 0.10407
vt 0.33900 0.00000
vt 0.26190 0.10407
vt 0.26190 0.00000
vt 0.26190 0.14065
vt 0.26190 0.21771
vt 0.26190 0.40605
vt 0.33900 0.36942
vt 0.26190 0.36942
vt 0.26190 0.59686
vt 0.26190 0.63349
vt 0.26190 0.67291
vt 0.11157 0.67291
vt 0.14820 0.67291
vt 0.14820 0.63349
vt 0.11157 0.63349
vt 0.70925 0.37725
vt 0.70925 0.34061
vt 0.70193 0.34061
vt 0.70193 0.37725
vt 0.11157 0.59686
vt 0.14820 0.59686
vt 0.14820 0.40605
vt 0.11157 0.40605
vt 0.71658 0.52378
vt 0.71658 0.48714
vt 0.70925 0.48714
vt 0.70925 0.52378
vt 0.11157 0.21771
vt 0.14820 0.21771
vt 0.14820 0.14065
vt 0.11157 0.14065
vt 0.71658 0.48714
vt 0.71658 0.45051
vt 0.70925 0.45051
vt 0.70925 0.48714
vt 0.11157 0.10407
vt 0.14820 0.10407
vt 0.14820 0.00000
vt 0.11157 0.00000
vt 0.00000 0.10407
vt 0.00000 0.00000
vt 0.00000 0.14065
vt 0.00000 0.21771
vt 0.00000 0.40605
vt 0.11157 0.36942
vt 0.00000 0.36942
vt 0.00000 0.59686
vt 0.00000 0.63349
vt 0.00000 0.67291
vt 0.71658 0.45051
vt 0.71658 0.41388
vt 0.70925 0.41388
vt 0.70925 0.45051
vt 0.73122 0.52378
vt 0.73122 0.48720
vt 0.72390 0.48720
vt 0.72390 0.52378
vt 0.71658 0.41388
vt 0.71658 0.37725
vt 0.70925 0.37725
vt 0.70925 0.41388
vt 0.00000 0.82302
vt 0.11157 0.82302
vt 0.11157 0.78638
vt 0.00000 0.78638
vt 0.26190 0.82302
vt 0.33900 0.82302
vt 0.33900 0.78638
vt 0.26190 0.78638
vt 0.37563 0.82302
vt 0.56636 0.82302
vt 0.56636 0.78638
vt 0.37563 0.78638
vt 0.71658 0.37725
vt 0.71658 0.34061
vt 0.70925 0.34061
vt 0.70925 0.37725
vt 0.60300 0.82302
vt 0.68728 0.82302
vt 0.68728 0.78638
vt 0.60300 0.78638
vt 0.60300 1.00000
vt 0.68728 1.00000
vt 0.56636 1.00000
vt 0.37563 1.00000
vt 0.33900 1.00000
vt 0.26190 1.00000
vt 0.11157 1.00000
vt 0.14820 1.00000
vt 0.14820 0.82302
vt 0.00000 1.00000
vt 0.68728 0.67031
vt 0.68728 0.70694
vt 0.72386 0.70694
vt 0.72386 0.67031
vt 0.68728 0.96337
vt 0.68728 1.00000
vt 0.72392 1.00000
vt 0.72392 0.96337
vt 0.68728 0.85347
vt 0.68728 0.89010
vt 0.72392 0.89010
vt 0.72392 0.85347
vt 0.68728 0.63367
vt 0.68728 0.67031
vt 0.72386 0.67031
vt 0.72386 0.63367
vt 0.68728 0.74357
vt 0.72392 0.74357
vt 0.72392 0.70694
vt 0.68728 0.70694
vt 0.68728 0.78020
vt 0.72392 0.78020
vt 0.72392 0.74357
vt 0.68728 0.74357
vt 0.68728 0.59704
vt 0.68728 0.63367
vt 0.72386 0.63367
vt 0.72386 0.59704
vt 0.68728 0.81684
vt 0.72392 0.81684
vt 0.72392 0.78020
vt 0.68728 0.78020
vt 0.68728 0.81684
vt 0.68728 0.85347
vt 0.72392 0.85347
vt 0.72392 0.81684
vt 0.73122 0.41388
vt 0.73122 0.37730
vt 0.72390 0.37730
vt 0.72390 0.41388
vt 0.69461 0.48714
vt 0.69461 0.45051
vt 0.68728 0.45051
vt 0.68728 0.48714
vt 0.69461 0.45051
vt 0.69461 0.41388
vt 0.68728 0.41388
vt 0.68728 0.45051
vt 0.70925 0.52378
vt 0.70925 0.48714
vt 0.70193 0.48714
vt 0.70193 0.52378
vt 0.69461 0.41388
vt 0.69461 0.37725
vt 0.68728 0.37725
vt 0.68728 0.41388
vt 0.71658 0.34061
vt 0.71658 0.30398
vt 0.70925 0.30398
vt 0.70925 0.34061
vt 0.72390 0.45051
vt 0.72390 0.41388
vt 0.71658 0.41388
vt 0.71658 0.45051
vt 0.69461 0.37725
vt 0.69461 0.34061
vt 0.68728 0.34061
vt 0.68728 0.37725
vt 0.69461 0.34061
vt 0.69461 0.30398
vt 0.68728 0.30398
vt 0.68728 0.34061
vt 0.72390 0.41388
vt 0.72390 0.37725
vt 0.71658 0.37725
vt 0.71658 0.41388
vt 0.70193 0.52378
vt 0.70193 0.48714
vt 0.69461 0.48714
vt 0.69461 0.52378
vt 0.72390 0.37725
vt 0.72390 0.34061
vt 0.71658 0.34061
vt 0.71658 0.37725
vt 0.70193 0.48714
vt 0.70193 0.45051
vt 0.69461 0.45051
vt 0.69461 0.48714
vt 0.73122 0.48714
vt 0.73122 0.45056
vt 0.72390 0.45056
vt 0.72390 0.48714
vt 0.72390 0.34061
vt 0.72390 0.30398
vt 0.71658 0.30398
vt 0.71658 0.34061
vt 0.73097 0.56041
vt 0.73097 0.52378
vt 0.72365 0.52378
vt 0.72365 0.56041
vt 0.73122 0.45051
vt 0.73122 0.41393
vt 0.72390 0.41393
vt 0.72390 0.45051
vt 0.70193 0.45051
vt 0.70193 0.41388
vt 0.69461 0.41388
vt 0.69461 0.45051
vt 0.73108 0.59704
vt 0.73108 0.56041
vt 0.72376 0.56041
vt 0.72376 0.59704
vt 0.73119 0.70694
vt 0.73119 0.67031
vt 0.72386 0.67031
vt 0.72386 0.70694
vt 0.73119 0.67031
vt 0.73119 0.63367
vt 0.72386 0.63367
vt 0.72386 0.67031
vt 0.73122 0.37725
vt 0.73122 0.34067
vt 0.72390 0.34067
vt 0.72390 0.37725
vt 0.72390 0.52378
vt 0.72390 0.48714
vt 0.71658 0.48714
vt 0.71658 0.52378
vt 0.70193 0.41388
vt 0.70193 0.37725
vt 0.69461 0.37725
vt 0.69461 0.41388
vt 0.72755 0.34061
vt 0.72755 0.30398
vt 0.72390 0.30398
vt 0.72390 0.34061
vt 0.70925 0.48714
vt 0.70925 0.45051
vt 0.70193 0.45051
vt 0.70193 0.48714
vt 0.72390 0.48714
vt 0.72390 0.45051
vt 0.71658 0.45051
vt 0.71658 0.48714
vt 0.22526 1.00000
vt 0.22526 0.82302
vt 0.22526 0.78638
vt 0.22526 0.67291
vt 0.22526 0.63349
vt 0.22526 0.59686
vt 0.22526 0.40605
vt 0.70193 0.37725
vt 0.70193 0.34061
vt 0.69461 0.34061
vt 0.69461 0.37725
vt 0.22526 0.21771
vt 0.22526 0.14065
vt 0.22526 0.10407
vt 0.22526 0.00000
vt 0.22526 0.36942
vt 0.14820 0.36942
vt 0.14820 0.78638
vt 0.72392 0.96337
vt 0.72392 0.92673
vt 0.68728 0.92673
vt 0.68728 0.96337
vt 0.70925 0.45051
vt 0.70925 0.41388
vt 0.70193 0.41388
vt 0.70193 0.45051
vt 0.70925 0.41388
vt 0.70925 0.37725
vt 0.70193 0.37725
vt 0.70193 0.41388
vt 0.70193 0.34061
vt 0.70193 0.30398
vt 0.69461 0.30398
vt 0.69461 0.34061
vt 0.22526 0.25419
vt 0.14820 0.25419
vt 0.26190 0.25419
vt 0.11157 0.25419
vt 0.00000 0.25419
vt 0.33900 0.25419
vt 0.37563 0.25419
vt 0.56636 0.25419
vt 0.60300 0.25419
vt 0.68728 0.25419
vt 0.72757 1.00000
vt 0.72757 0.96337
vt 0.72392 0.96337
vt 0.72392 1.00000
vt 0.14820 0.70928
vt 0.22526 0.70928
vt 0.72757 0.74357
vt 0.72757 0.70710
vt 0.72392 0.70710
vt 0.72392 0.74357
vt 0.00000 0.70928
vt 0.11157 0.70928
vt 0.26190 0.70928
vt 0.33900 0.70928
vt 0.37563 0.70928
vt 0.56636 0.70928
vt 0.60300 0.70928
vt 0.68728 0.70928
vt 0.68728 0.92673
vt 0.72392 0.92673
vt 0.72392 0.89010
vt 0.68728 0.89010
vt 0.68728 0.56041
vt 0.68728 0.59704
vt 0.72376 0.59704
vt 0.72376 0.56041
vt 0.68728 0.52378
vt 0.68728 0.56041
vt 0.72365 0.56041
vt 0.72365 0.52378
vt 0.73123 1.00000
vt 0.73123 0.96363
vt 0.72757 0.96363
vt 0.72757 1.00000
vt 0.73121 0.34061
vt 0.73121 0.30414
vt 0.72755 0.30414
vt 0.72755 0.34061
vt 0.72757 0.92673
vt 0.72757 0.89010
vt 0.72392 0.89010
vt 0.72392 0.92673
vt 0.72757 0.78020
vt 0.72757 0.74357
vt 0.72392 0.74357
vt 0.72392 0.78020
vt 0.72757 0.85347
vt 0.72757 0.81684
vt 0.72392 0.81684
vt 0.72392 0.85347
vt 0.72757 0.89010
vt 0.72757 0.85347
vt 0.72392 0.85347
vt 0.72392 0.89010
vt 0.72757 0.96337
vt 0.72757 0.92673
vt 0.72392 0.92673
vt 0.72392 0.96337
vt 0.73123 0.96363
vt 0.73123 0.92726
vt 0.72757 0.92726
vt 0.72757 0.96363
vt 0.72757 0.81684
vt 0.72757 0.78020
vt 0.72392 0.78020
vt 0.72392 0.81684
vn 0.0000 -1.0000 -0.0000
vn 0.0000 -1.0000 -0.0000
vn 0.0000 -1.0000 -0.0000
vn 0.0000 -1.0000 -0.0000
vn 0.0000 -1.0000 -0.0000
vn 0.0000 -1.0000 -0.0000
vn 0.0000 -1.0000 -0.0000
vn 0.0000 -1.0000 -0.0000
vn 0.0000 -1.0000 -0.0000
vn 0.0000 -1.0000 -0.0000
vn 0.0000 -1.0000 -0.0000
vn 0.0000 -1.0000 -0.0000
vn 0.0000 -1.0000 -0.0000
vn 0.0000 -1.0000 -0.0000
vn 0.0000 -1.0000 -0.0000
vn 0.0000 -1.0000 -0.0000
vn 0.0000 -1.0000 -0.0000
vn 0.0000 -1.0000 -0.0000
vn 0.0000 -1.0000 -0.0000
vn 0.0000 -1.0000 -0.0000
vn 0.0000 -1.0000 -0.0000
vn 0.0000 -1.0000 -0.0000
vn 0.0000 -1.0000 -0.0000
vn 0.0000 -1.0000 -0.0000
vn 0.0000 -1.0000 -0.0000
vn 0.0000 -1.0000 -0.0000
vn 0.0000 -1.0000 -0.0000
vn 0.0000 -1.0000 -0.0000
vn 0.0000 -1.0000 -0.0000
vn 0.0000 -1.0000 -0.0000
vn 0.0000 -1.0000 -0.0000
vn 0.0000 -1.0000 -0.0000
vn 0.0000 -1.0000 -0.0000
vn 0.0000 -1.0000 -0.0000
vn 0.0000 -1.0000 -0.0000
vn 0.0000 -1.0000 -0.0000
vn 0.0000 -1.0000 -0.0000
vn 0.0000 -1.0000 -0.0000
vn -1.0000 0.0000 -0.0000
vn -1.0000 0.0000 -0.0000
vn -1.0000 0.0000 -0.0000
vn -1.0000 0.0000 -0.0000
vn 0.0000 -1.0000 -0.0000
vn 0.0000 -1.0000 -0.0000
vn 1.0000 0.0000 0.0000
vn 1.0000 0.0000 0.0000
vn 1.0000 0.0000 0.0000
vn 1.0000 0.0000 0.0000
vn 0.0000 -1.0000 -0.0000
vn 0.0000 -1.0000 -0.0000
vn -0.0000 -0.0000 1.0000
vn -0.0000 -0.0000 1.0000
vn -0.0000 -0.0000 1.0000
vn -0.0000 -0.0000 1.0000
vn 0.0000 -1.0000 -0.0000
vn 0.0000 -1.0000 -0.0000
vn 0.0000 -1.0000 -0.0000
vn 0.0000 -1.0000 -0.0000
vn 0.0000 -1.0000 -0.0000
vn 0.0000 -1.0000 -0.0000
vn 0.0000 -1.0000 -0.0000
vn 0.0000 -1.0000 -0.0000
vn 0.0000 -1.0000 -0.0000
vn 0.0000 -1.0000 -0.0000
vn 0.0000 -1.0000 -0.0000
vn 0.0000 -1.0000 -0.0000
vn 0.0000 -1.0000 -0.0000
vn 0.0000 -1.0000 -0.0000
vn 0.0000 -1.0000 -0.0000
vn 0.0000 -1.0000 -0.0000
vn -1.0000 0.0000 -0.0000
vn -1.0000 0.0000 -0.0000
vn -1.0000 0.0000 -0.0000
vn -1.0000 0.0000 -0.0000
vn 0.0000 -1.0000 -0.0000
vn 0.0000 -1.0000 -0.0000
vn 0.0000 -1.0000 -0.0000
vn 0.0000 -1.0000 -0.0000
vn 1.0000 0.0000 0.0000
vn 1.0000 0.0000 0.0000
vn 1.0000 0.0000 0.0000
vn 1.0000 0.0000 0.0000
vn 0.0000 -1.0000 -0.0000
vn 0.0000 -1.0000 -0.0000
vn 0.0000 -1.0000 -0.0000
vn 0.0000 -1.0000 -0.0000
vn -1.0000 0.0000 -0.0000
vn -1.0000 0.0000 -0.0000
vn -1.0000 0.0000 -0.0000
vn -1.0000 0.0000 -0.0000
vn 0.0000 -1.0000 -0.0000
vn 0.0000 -1.0000 -0.0000
vn 0.0000 -1.0000 -0.0000
vn 0.0000 -1.0000 -0.0000
vn 0.0000 -1.0000 -0.0000
vn 0.0000 -1.0000 -0.0000
vn 0.0000 -1.0000 -0.0000
vn 0.0000 -1.0000 -0.0000
vn 0.0000 -1.0000 -0.0000
vn 0.0000 -1.0000 -0.0000
vn 0.0000 -1.0000 -0.0000
vn 0.0000 -1.0000 -0.0000
vn 0.0000 -1.0000 -0.0000
vn 0.0000 -1.0000 -0.0000
vn -1.0000 0.0000 -0.0000
vn -1.0000 0.0000 -0.0000
vn -1.0000 0.0000 -0.0000
vn -1.0000 0.0000 -0.0000
vn -1.0000 0.0000 -0.0000
vn -1.0000 0.0000 -0.0000
vn -1.0000 0.0000 -0.0000
vn -1.0000 0.0000 -0.0000
vn -1.0000 0.0000 -0.0000
vn -1.0000 0.0000 -0.0000
vn -1.0000 0.0000 -0.0000
vn -1.0000 0.0000 -0.0000
vn 0.0000 -1.0000 -0.0000
vn 0.0000 -1.0000 -0.0000
vn 0.0000 -1.0000 -0.0000
vn 0.0000 -1.0000 -0.0000
vn 0.0000 -1.0000 -0.0000
vn 0.0000 -1.0000 -0.0000
vn 0.0000 -1.0000 -0.0000
vn 0.0000 -1.0000 -0.0000
vn 0.0000 -1.0000 -0.0000
vn 0.0000 -1.0000 -0.0000
vn 0.0000 -1.0000 -0.0000
vn 0.0000 -1.0000 -0.0000
vn -1.0000 0.0000 -0.0000
vn -1.0000 0.0000 -0.0000
vn -1.0000 0.0000 -0.0000
vn -1.0000 0.0000 -0.0000
vn 0.0000 -1.0000 -0.0000
vn 0.0000 -1.0000 -0.0000
vn 0.0000 -1.0000 -0.0000
vn 0.0000 -1.0000 -0.0000
vn 0.0000 -1.0000 -0.0000
vn 0.0000 -1.0000 -0.0000
vn 0.0000 -1.0000 -0.0000
vn 0.0000 -1.0000 -0.0000
vn 0.0000 -1.0000 -0.0000
vn 0.0000 -1.0000 -0.0000
vn 0.0000 -1.0000 -0.0000
vn 0.0000 -1.0000 -0.0000
vn 0.0000 -1.0000 -0.0000
vn 0.0000 -1.0000 -0.0000
vn 0.0000 -1.0000 -0.0000
vn 0.0000 -1.0000 -0.0000
vn 0.0000 -1.0000 -0.0000
vn 0.0000 -1.0000 -0.0000
vn 0.0000 -1.0000 -0.0000
vn 0.0000 -1.0000 -0.0000
vn 0.0000 -1.0000 -0.0000
vn 0.0000 -1.0000 -0.0000
vn 0.0000 -1.0000 -0.0000
vn 0.0000 -1.0000 -0.0000
vn 0.0000 -1.0000 -0.0000
vn 0.0000 -1.0000 -0.0000
vn 0.0000 -1.0000 -0.0000
vn 0.0000 -1.0000 -0.0000
vn 0.0000 -1.0000 -0.0000
vn 0.0000 -1.0000 -0.0000
vn 0.0000 -1.0000 -0.0000
vn 0.0000 -1.0000 -0.0000
vn 0.0000 -1.0000 -0.0000
vn 0.0000 -1.0000 -0.0000
vn 0.0000 -1.0000 -0.0000
vn 0.0000 -1.0000 -0.0000
vn 0.0000 -1.0000 -0.0000
vn 0.0000 -1.0000 -0.0000
vn 0.0000 -1.0000 -0.0000
vn 0.0000 -1.0000 -0.0000
vn 0.0000 -1.0000 -0.0000
vn 0.0000 -1.0000 -0.0000
vn 0.0000 -1.0000 -0.0000
vn 0.0000 -1.0000 -0.0000
vn 0.0000 -1.0000 -0.0000
vn 0.0000 -1.0000 -0.0000
vn 0.0000 -1.0000 -0.0000
vn 0.0000 -1.0000 -0.0000
vn 0.0000 -1.0000 -0.0000
vn 0.0000 -1.0000 -0.0000
vn -1.0000 0.0000 -0.0000
vn -1.0000 0.0000 -0.0000
vn -1.0000 0.0000 -0.0000
vn -1.0000 0.0000 -0.0000
vn 0.0000 0.0000 -1.0000
vn 0.0000 0.0000 -1.0000
vn 0.0000 0.0000 -1.0000
vn 0.0000 0.0000 -1.0000
vn 0.0000 0.0000 -1.0000
vn 0.0000 0.0000 -1.0000
vn 0.0000 0.0000 -1.0000
vn 0.0000 0.0000 -1.0000
vn -1.0000 0.0000 -0.0000
vn -1.0000 0.0000 -0.0000
vn -1.0000 0.0000 -0.0000
vn -1.0000 0.0000 -0.0000
vn -0.0000 -0.0000 1.0000
vn -0.0000 -0.0000 1.0000
vn -0.0000 -0.0000 1.0000
vn -0.0000 -0.0000 1.0000
vn 1.0000 0.0000 0.0000
vn 1.0000 0.0000 0.0000
vn 1.0000 0.0000 0.0000
vn 1.0000 0.0000 0.0000
vn -0.0000 -0.0000 1.0000
vn -0.0000 -0.0000 1.0000
vn -0.0000 -0.0000 1.0000
vn -0.0000 -0.0000 1.0000
vn 0.0000 0.0000 -1.0000
vn 0.0000 0.0000 -1.0000
vn 0.0000 0.0000 -1.0000
vn 0.0000 0.0000 -1.0000
vn -0.0000 -0.0000 1.0000
vn -0.0000 -0.0000 1.0000
vn -0.0000 -0.0000 1.0000
vn -0.0000 -0.0000 1.0000
vn 0.0000 0.0000 -1.0000
vn 0.0000 0.0000 -1.0000
vn 0.0000 0.0000 -1.0000
vn 0.0000 0.0000 -1.0000
vn 0.0000 0.0000 -1.0000
vn 0.0000 0.0000 -1.0000
vn 0.0000 0.0000 -1.0000
vn 0.0000 0.0000 -1.0000
vn -0.0000 -0.0000 1.0000
vn -0.0000 -0.0000 1.0000
vn -0.0000 -0.0000 1.0000
vn -0.0000 -0.0000 1.0000
vn -0.0000 -0.0000 1.0000
vn -0.0000 -0.0000 1.0000
vn -0.0000 -0.0000 1.0000
vn -0.0000 -0.0000 1.0000
vn 1.0000 0.0000 0.0000
vn 1.0000 0.0000 0.0000
vn 1.0000 0.0000 0.0000
vn 1.0000 0.0000 0.0000
vn 0.0000 0.0000 -1.0000
vn 0.0000 0.0000 -1.0000
vn 0.0000 0.0000 -1.0000
vn 0.0000 0.0000 -1.0000
vn -0.0000 -0.0000 1.0000
vn -0.0000 -0.0000 1.0000
vn -0.0000 -0.0000 1.0000
vn -0.0000 -0.0000 1.0000
vn 1.0000 0.0000 0.0000
vn 1.0000 0.0000 0.0000
vn 1.0000 0.0000 0.0000
vn 1.0000 0.0000 0.0000
vn -0.0000 -0.0000 1.0000
vn -0.0000 -0.0000 1.0000
vn -0.0000 -0.0000 1.0000
vn -0.0000 -0.0000 1.0000
vn 0.0000 0.0000 -1.0000
vn 0.0000 0.0000 -1.0000
vn 0.0000 0.0000 -1.0000
vn 0.0000 0.0000 -1.0000
vn 0.0000 0.0000 -1.0000
vn 0.0000 0.0000 -1.0000
vn 0.0000 0.0000 -1.0000
vn 0.0000 0.0000 -1.0000
vn -0.0000 -0.0000 1.0000
vn -0.0000 -0.0000 1.0000
vn -0.0000 -0.0000 1.0000
vn -0.0000 -0.0000 1.0000
vn 1.0000 0.0000 0.0000
vn 1.0000 0.0000 0.0000
vn 1.0000 0.0000 0.0000
vn 1.0000 0.0000 0.0000
vn 1.0000 0.0000 0.0000
vn 1.0000 0.0000 0.0000
vn 1.0000 0.0000 0.0000
vn 1.0000 0.0000 0.0000
vn 0.0000 0.0000 -1.0000
vn 0.0000 0.0000 -1.0000
vn 0.0000 0.0000 -1.0000
vn 0.0000 0.0000 -1.0000
vn 0.0000 0.0000 -1.0000
vn 0.0000 0.0000 -1.0000
vn 0.0000 0.0000 -1.0000
vn 0.0000 0.0000 -1.0000
vn 1.0000 0.0000 0.0000
vn 1.0000 0.0000 0.0000
vn 1.0000 0.0000 0.0000
vn 1.0000 0.0000 0.0000
vn 1.0000 0.0000 0.0000
vn 1.0000 0.0000 0.0000
vn 1.0000 0.0000 0.0000
vn 1.0000 0.0000 0.0000
vn 0.0000 -1.0000 -0.0000
vn 0.0000 -1.0000 -0.0000
vn 0.0000 -1.0000 -0.0000
vn 0.0000 -1.0000 -0.0000
vn 0.0000 -1.0000 -0.0000
vn 0.0000 -1.0000 -0.0000
vn 0.0000 -1.0000 -0.0000
vn 0.0000 0.0000 -1.0000
vn 0.0000 0.0000 -1.0000
vn 0.0000 0.0000 -1.0000
vn 0.0000 0.0000 -1.0000
vn 0.0000 -1.0000 -0.0000
vn 0.0000 -1.0000 -0.0000
vn 0.0000 -1.0000 -0.0000
vn 0.0000 -1.0000 -0.0000
vn 0.0000 -1.0000 -0.0000
vn 0.0000 -1.0000 -0.0000
vn 0.0000 -1.0000 -0.0000
vn 0.0000 -1.0000 -0.0000
vn 0.0000 -1.0000 -0.0000
vn 0.0000 -1.0000 -0.0000
vn 0.0000 -1.0000 -0.0000
vn 1.0000 0.0000 0.0000
vn 1.0000 0.0000 0.0000
vn 1.0000 0.0000 0.0000
vn 1.0000 0.0000 0.0000
vn -1.0000 0.0000 -0.0000
vn -1.0000 0.0000 -0.0000
vn -1.0000 0.0000 -0.0000
vn -1.0000 0.0000 -0.0000
vn -0.0000 -0.0000 1.0000
vn -0.0000 -0.0000 1.0000
vn -0.0000 -0.0000 1.0000
vn -0.0000 -0.0000 1.0000
vn 0.0000 -1.0000 -0.0000
vn 0.0000 -1.0000 -0.0000
vn 0.0000 -1.0000 -0.0000
vn 0.0000 -1.0000 -0.0000
vn 0.0000 -1.0000 -0.0000
vn 0.0000 -1.0000 -0.0000
vn 0.0000 -1.0000 -0.0000
vn 0.0000 -1.0000 -0.0000
vn 0.0000 -1.0000 -0.0000
vn 0.0000 -1.0000 -0.0000
vn 0.0000 0.0000 -1.0000
vn 0.0000 0.0000 -1.0000
vn 0.0000 0.0000 -1.0000
vn 0.0000 0.0000 -1.0000
vn 0.0000 -1.0000 -0.0000
vn 0.0000 -1.0000 -0.0000
vn -1.0000 0.0000 -0.0000
vn -1.0000 0.0000 -0.0000
vn -1.0000 0.0000 -0.0000
vn -1.0000 0.0000 -0.0000
vn 0.0000 -1.0000 -0.0000
vn 0.0000 -1.0000 -0.0000
vn 0.0000 -1.0000 -0.0000
vn 0.0000 -1.0000 -0.0000
vn 0.0000 -1.0000 -0.0000
vn 0.0000 -1.0000 -0.0000
vn 0.0000 -1.0000 -0.0000
vn 0.0000 -1.0000 -0.0000
vn 0.0000 -1.0000 -0.0000
vn 0.0000 -1.0000 -0.0000
vn 0.0000 -1.0000 -0.0000
vn 0.0000 -1.0000 -0.0000
vn 0.0000 -1.0000 -0.0000
vn 0.0000 -1.0000 -0.0000
vn 0.0000 -1.0000 -0.0000
vn 0.0000 -1.0000 -0.0000
vn 0.0000 -1.0000 -0.0000
vn 0.0000 -1.0000 -0.0000
vn 0.0000 -1.0000 -0.0000
vn 0.0000 -1.0000 -0.0000
vn 1.0000 0.0000 0.0000
vn 1.0000 0.0000 0.0000
vn 1.0000 0.0000 0.0000
vn 1.0000 0.0000 0.0000
vn 1.0000 0.0000 0.0000
vn 1.0000 0.0000 0.0000
vn 1.0000 0.0000 0.0000
vn 1.0000 0.0000 0.0000
vn -0.0000 -0.0000 1.0000
vn -0.0000 -0.0000 1.0000
vn -0.0000 -0.0000 1.0000
vn -0.0000 -0.0000 1.0000
vn 0.0000 0.0000 -1.0000
vn 0.0000 0.0000 -1.0000
vn 0.0000 0.0000 -1.0000
vn 0.0000 0.0000 -1.0000
vn -1.0000 0.0000 -0.0000
vn -1.0000 0.0000 -0.0000
vn -1.0000 0.0000 -0.0000
vn -1.0000 0.0000 -0.0000
vn 1.0000 0.0000 0.0000
vn 1.0000 0.0000 0.0000
vn 1.0000 0.0000 0.0000
vn 1.0000 0.0000 0.0000
vn -0.0000 -0.0000 1.0000
vn -0.0000 -0.0000 1.0000
vn -0.0000 -0.0000 1.0000
vn -0.0000 -0.0000 1.0000
vn -1.0000 0.0000 -0.0000
vn -1.0000 0.0000 -0.0000
vn -1.0000 0.0000 -0.0000
vn -1.0000 0.0000 -0.0000
vn -0.0000 -0.0000 1.0000
vn -0.0000 -0.0000 1.0000
vn -0.0000 -0.0000 1.0000
vn -0.0000 -0.0000 1.0000
f 1475/1475/1475 1476/1476/1476 1477/1477/1477
f 1475/1475/1475 1477/1477/1477 1478/1478/1478
f 1479/1479/1479 1480/1480/1480 1476/1476/1476
f 1479/1479/1479 1476/1476/1476 1475/1475/1475
f 1481/1481/1481 1482/1482/1482 1480/1480/1480
f 1481/1481/1481 1480/1480/1480 1479/1479/1479
f 1483/1483/1483 1481/1481/1481 1479/1479/1479
f 1483/1483/1483 1479/1479/1479 1484/1484/1484
f 1485/1485/1485 1475/1475/1475 1478/1478/1478
f 1485/1485/1485 1478/1478/1478 1486/1486/1486
f 1487/1487/1487 1485/1485/1485 1486/1486/1486
f 1487/1487/1487 1486/1486/1486 1488/1488/1488
f 1489/1489/1489 1484/1484/1484 1485/1485/1485
f 1489/1489/1489 1485/1485/1485 1487/1487/1487
f 1490/1490/1490 1483/1483/1483 1484/1484/1484
f 1490/1490/1490 1484/1484/1484 1489/1489/1489
f 1491/1491/1491 1492/1492/1492 1493/1493/1493
f 1491/1491/1491 1493/1493/1493 1494/1494/1494
f 1495/1495/1495 1496/1496/1496 1497/1497/1497
f 1495/1495/1495 1497/1497/1497 1498/1498/1498
f 1499/1499/1499 1500/1500/1500 1496/1496/1496
f 1499/1499/1499 1496/1496/1496 1495/1495/1495
f 1501/1501/1501 1499/1499/1499 1495/1495/1495
f 1501/1501/1501 1495/1495/1495 1492/1492/1492
f 1502/1502/1502 1501/1501/1501 1492/1492/1492
f 1502/1502/1502 1492/1492/1492 1491/1491/1491
f 1503/1503/1503 1504/1504/1504 1501/1501/1501
f 1503/1503/1503 1501/1501/1501 1502/1502/1502
f 1505/1505/1505 1506/1506/1506 1500/1500/1500
f 1505/1505/1505 1500/1500/1500 1499/1499/1499
f 1507/1507/1507 1508/1508/1508 1506/1506/1506
f 1507/1507/1507 1506/1506/1506 1505/1505/1505
f 1509/1509/1509 1507/1507/1507 1505/1505/1505
f 1509/1509/1509 1505/1505/1505 1504/1504/1504
f 1510/1510/1510 1509/1509/1509 1504/1504/1504
f 1510/1510/1510 1504/1504/1504 1503/1503/1503
f 1511/1511/1511 1510/1510/1510 1503/1503/1503
f 1511/1511/1511 1503/1503/1503 1512/1512/1512
f 1513/1513/1513 1514/1514/1514 1515/1515/1515
f 1513/1513/1513 1515/1515/1515 1516/1516/1516
f 1517/1517/1517 1502/1502/1502 1491/1491/1491
f 1517/1517/1517 1491/1491/1491 1518/1518/1518
f 1519/1519/1519 1520/1520/1520 1521/1521/1521
f 1519/1519/1519 1521/1521/1521 1522/1522/1522
f 1523/1523/1523 1490/1490/1490 1489/1489/1489
f 1523/1523/1523 1489/1489/1489 1524/1524/1524
f 1525/1525/1525 1526/1526/1526 1527/1527/1527
f 1525/1525/1525 1527/1527/1527 1528/1528/1528
f 1529/1529/1529 1487/1487/1487 1488/1488/1488
f 1529/1529/1529 1488/1488/1488 1530/1530/1530
f 1531/1531/1531 1529/1529/1529 1530/1530/1530
f 1531/1531/1531 1530/1530/1530 1532/1532/1532
f 1533/1533/1533 1524/1524/1524 1529/1529/1529
f 1533/1533/1533 1529/1529/1529 1531/1531/1531
f 1534/1534/1534 1523/1523/1523 1524/1524/1524
f 1534/1534/1534 1524/1524/1524 1533/1533/1533
f 1535/1535/1535 1518/1518/1518 1536/1536/1536
f 1535/1535/1535 1536/1536/1536 1537/1537/1537
f 1538/1538/1538 1517/1517/1517 1518/1518/1518
f 1538/1538/1538 1518/1518/1518 1535/1535/1535
f 1539/1539/1539 1512/1512/1512 1517/1517/1517
f 1539/1539/1539 1517/1517/1517 1538/1538/1538
f 1540/1540/1540 1511/1511/1511 1512/1512/1512
f 1540/1540/1540 1512/1512/1512 1539/1539/1539
f 1541/1541/1541 1542/1542/1542 1543/1543/1543
f 1541/1541/1541 1543/1543/1543 1544/1544/1544
f 1545/1545/1545 1546/1546/1546 1547/1547/1547
f 1545/1545/1545 1547/1547/1547 1548/1548/1548
f 1549/1549/1549 1550/1550/1550 1551/1551/1551
f 1549/1549/1549 1551/1551/1551 1552/1552/1552
f 1553/1553/1553 1554/1554/1554 1555/1555/1555
f 1553/1553/1553 1555/1555/1555 1556/1556/1556
f 1557/1557/1557 1558/1558/1558 1559/1559/1559
f 1557/1557/1557 1559/1559/1559 1560/1560/1560
f 1561/1561/1561 1562/1562/1562 1563/1563/1563
f 1561/1561/1561 1563/1563/1563 1564/1564/1564
f 1565/1565/1565 1566/1566/1566 1567/1567/1567
f 1565/1565/1565 1567/1567/1567 1568/1568/1568
f 1569/1569/1569 1565/1565/1565 1568/1568/1568
f 1569/1569/1569 1568/1568/1568 1570/1570/1570
f 1571/1571/1571 1560/1560/1560 1565/1565/1565
f 1571/1571/1571 1565/1565/1565 1569/1569/1569
f 1572/1572/1572 1557/1557/1557 1560/1560/1560
f 1572/1572/1572 1560/1560/1560 1571/1571/1571
f 1573/1573/1573 1552/1552/1552 1574/1574/1574
f 1573/1573/1573 1574/1574/1574 1575/1575/1575
f 1576/1576/1576 1549/1549/1549 1552/1552/1552
f 1576/1576/1576 1552/1552/1552 1573/1573/1573
f 1577/1577/1577 1544/1544/1544 1549/1549/1549
f 1577/1577/1577 1549/1549/1549 1576/1576/1576
f 1578/1578/1578 1541/1541/1541 1544/1544/1544
f 1578/1578/1578 1544/1544/1544 1577/1577/1577
f 1579/1579/1579 1580/1580/1580 1581/1581/1581
f 1579/1579/1579 1581/1581/1581 1582/1582/1582
f 1583/1583/1583 1584/1584/1584 1585/1585/1585
f 1583/1583/1583 1585/1585/1585 1586/1586/1586
f 1587/1587/1587 1588/1588/1588 1589/1589/1589
f 1587/1587/1587 1589/1589/1589 1590/1590/1590
f 1591/1591/1591 1592/1592/1592 1593/1593/1593
f 1591/1591/1591 1593/1593/1593 1594/1594/1594
f 1595/1595/1595 1596/1596/1596 1597/1597/1597
f 1595/1595/1595 1597/1597/1597 1598/1598/1598
f 1599/1599/1599 1600/1600/1600 1601/1601/1601
f 1599/1599/1599 1601/1601/1601 1602/1602/1602
f 1603/1603/1603 1604/1604/1604 1605/1605/1605
f 1603/1603/1603 1605/1605/1605 1606/1606/1606
f 1607/1607/1607 1608/1608/1608 1609/1609/1609
f 1607/1607/1607 1609/1609/1609 1610/1610/1610
f 1611/1611/1611 1612/1612/1612 1608/1608/1608
f 1611/1611/1611 1608/1608/1608 1607/1607/1607
f 1613/1613/1613 1611/1611/1611 1607/1607/1607
f 1613/1613/1613 1607/1607/1607 1600/1600/1600
f 1614/1614/1614 1613/1613/1613 1600/1600/1600
f 1614/1614/1614 1600/1600/1600 1599/1599/1599
f 1615/1615/1615 1614/1614/1614 1599/1599/1599
f 1615/1615/1615 1599/1599/1599 1596/1596/1596
f 1616/1616/1616 1615/1615/1615 1596/1596/1596
f 1616/1616/1616 1596/1596/1596 1595/1595/1595
f 1617/1617/1617 1618/1618/1618 1619/1619/1619
f 1617/1617/1617 1619/1619/1619 1592/1592/1592
f 1620/1620/1620 1617/1617/1617 1592/1592/1592
f 1620/1620/1620 1592/1592/1592 1591/1591/1591
f 1621/1621/1621 1622/1622/1622 1623/1623/1623
f 1621/1621/1621 1623/1623/1623 1624/1624/1624
f 1625/1625/1625 1626/1626/1626 1627/1627/1627
f 1625/1625/1625 1627/1627/1627 1628/1628/1628
f 1629/1629/1629 1630/1630/1630 1631/1631/1631
f 1629/1629/1629 1631/1631/1631 1632/1632/1632
f 1633/1633/1633 1634/1634/1634 1635/1635/1635
f 1633/1633/1633 1635/1635/1635 1636/1636/1636
f 1637/1637/1637 1638/1638/1638 1639/1639/1639
f 1637/1637/1637 1639/1639/1639 1640/1640/1640
f 1641/1641/1641 1642/1642/1642 1643/1643/1643
f 1641/1641/1641 1643/1643/1643 1644/1644/1644
f 1645/1645/1645 1646/1646/1646 1647/1647/1647
f 1645/1645/1645 1647/1647/1647 1648/1648/1648
f 1649/1649/1649 1650/1650/1650 1651/1651/1651
f 1649/1649/1649 1651/1651/1651 1652/1652/1652
f 1653/1653/1653 1654/1654/1654 1655/1655/1655
f 1653/1653/1653 1655/1655/1655 1656/1656/1656
f 1657/1657/1657 1658/1658/1658 1659/1659/1659
f 1657/1657/1657 1659/1659/1659 1660/1660/1660
f 1661/1661/1661 1662/1662/1662 1663/1663/1663
f 1661/1661/1661 1663/1663/1663 1664/1664/1664
f 1665/1665/1665 1666/1666/1666 1667/1667/1667
f 1665/1665/1665 1667/1667/1667 1668/1668/1668
f 1669/1669/1669 1670/1670/1670 1671/1671/1671
f 1669/1669/1669 1671/1671/1671 1672/1672/1672
f 1673/1673/1673 1674/1674/1674 1675/1675/1675
f 1673/1673/1673 1675/1675/1675 1676/1676/1676
f 1677/1677/1677 1678/1678/1678 1679/1679/1679
f 1677/1677/1677 1679/1679/1679 1680/1680/1680
f 1681/1681/1681 1682/1682/1682 1683/1683/1683
f 1681/1681/1681 1683/1683/1683 1684/1684/1684
f 1685/1685/1685 1686/1686/1686 1687/1687/1687
f 1685/1685/1685 1687/1687/1687 1688/1688/1688
f 1491/1491/1491 1494/1494/1494 1536/1536/1536
f 1491/1491/1491 1536/1536/1536 1518/1518/1518
f 1689/1689/1689 1690/1690/1690 1691/1691/1691
f 1689/1689/1689 1691/1691/1691 1692/1692/1692
f 1693/1693/1693 1694/1694/1694 1695/1695/1695
f 1693/1693/1693 1695/1695/1695 1696/1696/1696
f 1697/1697/1697 1698/1698/1698 1699/1699/1699
f 1697/1697/1697 1699/1699/1699 1700/1700/1700
f 1701/1701/1701 1702/1702/1702 1703/1703/1703
f 1701/1701/1701 1703/1703/1703 1704/1704/1704
f 1705/1705/1705 1706/1706/1706 1707/1707/1707
f 1705/1705/1705 1707/1707/1707 1708/1708/1708
f 1709/1709/1709 1710/1710/1710 1711/1711/1711
f 1709/1709/1709 1711/1711/1711 1712/1712/1712
f 1713/1713/1713 1714/1714/1714 1715/1715/1715
f 1713/1713/1713 1715/1715/1715 1716/1716/1716
f 1717/1717/1717 1718/1718/1718 1719/1719/1719
f 1717/1717/1717 1719/1719/1719 1720/1720/1720
f 1721/1721/1721 1722/1722/1722 1723/1723/1723
f 1721/1721/1721 1723/1723/1723 1724/1724/1724
f 1725/1725/1725 1726/1726/1726 1727/1727/1727
f 1725/1725/1725 1727/1727/1727 1728/1728/1728
f 1729/1729/1729 1730/1730/1730 1731/1731/1731
f 1729/1729/1729 1731/1731/1731 1732/1732/1732
f 1733/1733/1733 1734/1734/1734 1735/1735/1735
f 1733/1733/1733 1735/1735/1735 1736/1736/1736
f 1737/1737/1737 1738/1738/1738 1739/1739/1739
f 1737/1737/1737 1739/1739/1739 1740/1740/1740
f 1599/1599/1599 1602/1602/1602 1597/1597/1597
f 1599/1599/1599 1597/1597/1597 1596/1596/1596
f 1741/1741/1741 1742/1742/1742 1743/1743/1743
f 1741/1741/1741 1743/1743/1743 1744/1744/1744
f 1745/1745/1745 1746/1746/1746 1747/1747/1747
f 1745/1745/1745 1747/1747/1747 1748/1748/1748
f 1749/1749/1749 1750/1750/1750 1751/1751/1751
f 1749/1749/1749 1751/1751/1751 1752/1752/1752
f 1753/1753/1753 1754/1754/1754 1755/1755/1755
f 1753/1753/1753 1755/1755/1755 1756/1756/1756
f 1757/1757/1757 1758/1758/1758 1759/1759/1759
f 1757/1757/1757 1759/1759/1759 1760/1760/1760
f 1761/1761/1761 1762/1762/1762 1763/1763/1763
f 1761/1761/1761 1763/1763/1763 1764/1764/1764
f 1765/1765/1765 1616/1616/1616 1595/1595/1595
f 1765/1765/1765 1595/1595/1595 1766/1766/1766
f 1766/1766/1766 1595/1595/1595 1598/1598/1598
f 1766/1766/1766 1598/1598/1598 1767/1767/1767
f 1768/1768/1768 1540/1540/1540 1539/1539/1539
f 1768/1768/1768 1539/1539/1539 1769/1769/1769
f 1769/1769/1769 1539/1539/1539 1538/1538/1538
f 1769/1769/1769 1538/1538/1538 1770/1770/1770
f 1770/1770/1770 1538/1538/1538 1535/1535/1535
f 1770/1770/1770 1535/1535/1535 1771/1771/1771
f 1772/1772/1772 1773/1773/1773 1774/1774/1774
f 1772/1772/1772 1774/1774/1774 1775/1775/1775
f 1776/1776/1776 1534/1534/1534 1533/1533/1533
f 1776/1776/1776 1533/1533/1533 1777/1777/1777
f 1777/1777/1777 1533/1533/1533 1531/1531/1531
f 1777/1777/1777 1531/1531/1531 1778/1778/1778
f 1778/1778/1778 1531/1531/1531 1532/1532/1532
f 1778/1778/1778 1532/1532/1532 1779/1779/1779
f 1566/1566/1566 1778/1778/1778 1779/1779/1779
f 1566/1566/1566 1779/1779/1779 1567/1567/1567
f 1559/1559/1559 1777/1777/1777 1778/1778/1778
f 1559/1559/1559 1778/1778/1778 1566/1566/1566
f 1558/1558/1558 1776/1776/1776 1777/1777/1777
f 1558/1558/1558 1777/1777/1777 1559/1559/1559
f 1551/1551/1551 1771/1771/1771 1780/1780/1780
f 1551/1551/1551 1780/1780/1780 1781/1781/1781
f 1550/1550/1550 1770/1770/1770 1771/1771/1771
f 1550/1550/1550 1771/1771/1771 1551/1551/1551
f 1543/1543/1543 1769/1769/1769 1770/1770/1770
f 1543/1543/1543 1770/1770/1770 1550/1550/1550
f 1542/1542/1542 1768/1768/1768 1769/1769/1769
f 1542/1542/1542 1769/1769/1769 1543/1543/1543
f 1619/1619/1619 1766/1766/1766 1767/1767/1767
f 1619/1619/1619 1767/1767/1767 1782/1782/1782
f 1618/1618/1618 1765/1765/1765 1766/1766/1766
f 1618/1618/1618 1766/1766/1766 1619/1619/1619
f 1783/1783/1783 1784/1784/1784 1785/1785/1785
f 1783/1783/1783 1785/1785/1785 1786/1786/1786
f 1787/1787/1787 1788/1788/1788 1789/1789/1789
f 1787/1787/1787 1789/1789/1789 1790/1790/1790
f 1791/1791/1791 1792/1792/1792 1793/1793/1793
f 1791/1791/1791 1793/1793/1793 1794/1794/1794
f 1795/1795/1795 1796/1796/1796 1797/1797/1797
f 1795/1795/1795 1797/1797/1797 1798/1798/1798
f 1781/1781/1781 1780/1780/1780 1799/1799/1799
f 1781/1781/1781 1799/1799/1799 1800/1800/1800
f 1780/1780/1780 1537/1537/1537 1801/1801/1801
f 1780/1780/1780 1801/1801/1801 1799/1799/1799
f 1575/1575/1575 1574/1574/1574 1802/1802/1802
f 1575/1575/1575 1802/1802/1802 1803/1803/1803
f 1574/1574/1574 1781/1781/1781 1800/1800/1800
f 1574/1574/1574 1800/1800/1800 1802/1802/1802
f 1537/1537/1537 1536/1536/1536 1804/1804/1804
f 1537/1537/1537 1804/1804/1804 1801/1801/1801
f 1536/1536/1536 1494/1494/1494 1805/1805/1805
f 1536/1536/1536 1805/1805/1805 1804/1804/1804
f 1494/1494/1494 1493/1493/1493 1806/1806/1806
f 1494/1494/1494 1806/1806/1806 1805/1805/1805
f 1493/1493/1493 1498/1498/1498 1807/1807/1807
f 1493/1493/1493 1807/1807/1807 1806/1806/1806
f 1498/1498/1498 1497/1497/1497 1808/1808/1808
f 1498/1498/1498 1808/1808/1808 1807/1807/1807
f 1800/1800/1800 1799/1799/1799 1776/1776/1776
f 1800/1800/1800 1776/1776/1776 1558/1558/1558
f 1809/1809/1809 1810/1810/1810 1811/1811/1811
f 1809/1809/1809 1811/1811/1811 1812/1812/1812
f 1803/1803/1803 1802/1802/1802 1557/1557/1557
f 1803/1803/1803 1557/1557/1557 1572/1572/1572
f 1802/1802/1802 1800/1800/1800 1558/1558/1558
f 1802/1802/1802 1558/1558/1558 1557/1557/1557
f 1801/1801/1801 1804/1804/1804 1523/1523/1523
f 1801/1801/1801 1523/1523/1523 1534/1534/1534
f 1804/1804/1804 1805/1805/1805 1490/1490/1490
f 1804/1804/1804 1490/1490/1490 1523/1523/1523
f 1805/1805/1805 1806/1806/1806 1483/1483/1483
f 1805/1805/1805 1483/1483/1483 1490/1490/1490
f 1806/1806/1806 1807/1807/1807 1481/1481/1481
f 1806/1806/1806 1481/1481/1481 1483/1483/1483
f 1807/1807/1807 1808/1808/1808 1482/1482/1482
f 1807/1807/1807 1482/1482/1482 1481/1481/1481
f 1813/1813/1813 1814/1814/1814 1768/1768/1768
f 1813/1813/1813 1768/1768/1768 1542/1542/1542
f 1815/1815/1815 1816/1816/1816 1817/1817/1817
f 1815/1815/1815 1817/1817/1817 1818/1818/1818
f 1819/1819/1819 1820/1820/1820 1541/1541/1541
f 1819/1819/1819 1541/1541/1541 1578/1578/1578
f 1820/1820/1820 1813/1813/1813 1542/1542/1542
f 1820/1820/1820 1542/1542/1542 1541/1541/1541
f 1821/1821/1821 1822/1822/1822 1511/1511/1511
f 1821/1821/1821 1511/1511/1511 1540/1540/1540
f 1822/1822/1822 1823/1823/1823 1510/1510/1510
f 1822/1822/1822 1510/1510/1510 1511/1511/1511
f 1823/1823/1823 1824/1824/1824 1509/1509/1509
f 1823/1823/1823 1509/1509/1509 1510/1510/1510
f 1824/1824/1824 1825/1825/1825 1507/1507/1507
f 1824/1824/1824 1507/1507/1507 1509/1509/1509
f 1825/1825/1825 1826/1826/1826 1508/1508/1508
f 1825/1825/1825 1508/1508/1508 1507/1507/1507
f 1610/1610/1610 1609/1609/1609 1826/1826/1826
f 1610/1610/1610 1826/1826/1826 1825/1825/1825
f 1601/1601/1601 1610/1610/1610 1825/1825/1825
f 1601/1601/1601 1825/1825/1825 1824/1824/1824
f 1602/1602/1602 1601/1601/1601 1824/1824/1824
f 1602/1602/1602 1824/1824/1824 1823/1823/1823
f 1597/1597/1597 1602/1602/1602 1823/1823/1823
f 1597/1597/1597 1823/1823/1823 1822/1822/1822
f 1598/1598/1598 1597/1597/1597 1822/1822/1822
f 1598/1598/1598 1822/1822/1822 1821/1821/1821
f 1593/1593/1593 1782/1782/1782 1813/1813/1813
f 1593/1593/1593 1813/1813/1813 1820/1820/1820
f 1594/1594/1594 1593/1593/1593 1820/1820/1820
f 1594/1594/1594 1820/1820/1820 1819/1819/1819
f 1767/1767/1767 1598/1598/1598 1821/1821/1821
f 1767/1767/1767 1821/1821/1821 1814/1814/1814
f 1782/1782/1782 1767/1767/1767 1814/1814/1814
f 1782/1782/1782 1814/1814/1814 1813/1813/1813
f 1827/1827/1827 1828/1828/1828 1829/1829/1829
f 1827/1827/1827 1829/1829/1829 1830/1830/1830
f 1831/1831/1831 1832/1832/1832 1833/1833/1833
f 1831/1831/1831 1833/1833/1833 1834/1834/1834
f 1835/1835/1835 1836/1836/1836 1837/1837/1837
f 1835/1835/1835 1837/1837/1837 1838/1838/1838
f 1839/1839/1839 1840/1840/1840 1841/1841/1841
f 1839/1839/1839 1841/1841/1841 1842/1842/1842
f 1843/1843/1843 1844/1844/1844 1845/1845/1845
f 1843/1843/1843 1845/1845/1845 1846/1846/1846
f 1847/1847/1847 1848/1848/1848 1849/1849/1849
f 1847/1847/1847 1849/1849/1849 1850/1850/1850
f 1851/1851/1851 1852/1852/1852 1853/1853/1853
f 1851/1851/1851 1853/1853/1853 1854/1854/1854
f 1855/1855/1855 1856/1856/1856 1857/1857/1857
f 1855/1855/1855 1857/1857/1857 1858/1858/1858
f 1859/1859/1859 1860/1860/1860 1861/1861/1861
f 1859/1859/1859 1861/1861/1861 1862/1862/1862
f 1863/1863/1863 1864/1864/1864 1865/1865/1865
f 1863/1863/1863 1865/1865/1865 1866/1866/1866
f 1867/1867/1867 1868/1868/1868 1869/1869/1869
f 1867/1867/1867 1869/1869/1869 1870/1870/1870
f 1871/1871/1871 1872/1872/1872 1873/1873/1873
f 1871/1871/1871 1873/1873/1873 1874/1874/1874
