# This file uses centimeters as units for non-parametric coordinates.

mtllib Prop_Retro_Office_Desk.mtl
g default
v -227.342232 71.216693 9.894876
v -227.302546 71.200000 9.887878
v -227.295548 71.216693 9.927568
v -227.292649 71.256994 9.944008
v -227.335234 71.256994 9.934566
v -227.358672 71.256994 9.897775
v -79.653949 71.216693 -16.146553
v -79.637509 71.256994 -16.149452
v -79.646950 71.256994 -16.106863
v -79.683738 71.256994 -16.083426
v -79.686636 71.216693 -16.099866
v -79.693635 71.200000 -16.139556
v -227.342232 74.983307 9.894876
v -227.358672 74.943006 9.897775
v -227.335234 74.943006 9.934566
v -227.292649 74.943006 9.944008
v -227.295548 74.983307 9.927568
v -227.302546 75.000000 9.887878
v -79.653949 74.983307 -16.146553
v -79.693635 75.000000 -16.139556
v -79.686636 74.983307 -16.099866
v -79.683738 74.943006 -16.083426
v -79.646950 74.943006 -16.106863
v -79.637509 74.943006 -16.149452
v -240.353050 74.943006 -63.893137
v -240.362491 74.943006 -63.850548
v -240.346051 74.983307 -63.853447
v -240.306365 75.000000 -63.860444
v -240.313364 74.983307 -63.900134
v -240.316262 74.943006 -63.916574
v -92.664766 74.943006 -89.934566
v -92.707351 74.943006 -89.944008
v -92.704452 74.983307 -89.927568
v -92.697454 75.000000 -89.887878
v -92.657768 74.983307 -89.894876
v -92.641328 74.943006 -89.897775
v -240.346051 71.216693 -63.853447
v -240.362491 71.256994 -63.850548
v -240.353050 71.256994 -63.893137
v -240.316262 71.256994 -63.916574
v -240.313364 71.216693 -63.900134
v -240.306365 71.200000 -63.860444
v -92.657768 71.216693 -89.894876
v -92.697454 71.200000 -89.887878
v -92.704452 71.216693 -89.927568
v -92.707351 71.256994 -89.944008
v -92.664766 71.256994 -89.934566
v -92.641328 71.256994 -89.897775
vt 0.330127 0.999810
vt 0.330127 0.750190
vt 0.329749 0.003750
vt 0.000251 0.003750
vt 0.330127 0.003750
vt 0.663207 0.003750
vt 0.330127 0.999810
vt 0.663207 0.999810
vt 0.329749 0.003750
vt 0.329749 0.246250
vt 0.330127 0.003750
vt 0.330127 0.246250
vt 0.663589 0.003750
vt 0.999744 0.003750
vt 0.663207 0.999810
vt 0.663207 0.750190
vt 0.663207 0.003750
vt 0.663207 0.246250
vt 0.663589 0.003750
vt 0.663589 0.246250
vt 0.329749 0.246250
vt 0.000251 0.246250
vt 0.330127 0.250190
vt 0.330127 0.499810
vt 0.330127 0.250190
vt 0.663207 0.250190
vt 0.330127 0.246250
vt 0.663207 0.246250
vt 0.663207 0.250190
vt 0.663207 0.499810
vt 0.663589 0.246250
vt 0.999744 0.246250
vt 0.000251 0.246250
vt 0.000251 0.003750
vt 0.330127 0.503750
vt 0.330127 0.746250
vt 0.330127 0.503750
vt 0.663207 0.503750
vt 0.330127 0.499810
vt 0.663207 0.499810
vt 0.663207 0.503750
vt 0.663207 0.746250
vt 0.999744 0.246250
vt 0.999744 0.003750
vt 0.330127 0.750190
vt 0.663207 0.750190
vt 0.330127 0.746250
vt 0.663207 0.746250
vt 0.330127 0.003750
vt 0.663207 0.003750
vt 0.663207 0.246250
vt 0.330127 0.246250
vt 0.330127 0.250190
vt 0.663207 0.250190
vt 0.663207 0.499810
vt 0.330127 0.499810
vt 0.330127 0.503750
vt 0.663207 0.503750
vt 0.663207 0.746250
vt 0.330127 0.746250
vt 0.330127 0.750190
vt 0.663207 0.750190
vt 0.663207 0.999810
vt 0.330127 0.999810
vt 0.663589 0.003750
vt 0.999744 0.003750
vt 0.999744 0.246250
vt 0.663589 0.246250
vt 0.000251 0.003750
vt 0.329749 0.003750
vt 0.329749 0.246250
vt 0.000251 0.246250
vt 0.330127 0.000000
vt 0.330127 0.003750
vt 0.329749 0.003750
vt 0.663589 0.003750
vt 0.663207 0.003750
vt 0.663207 -0.000000
vt 0.329749 0.246250
vt 0.330127 0.246250
vt 0.330127 0.250190
vt 0.663207 0.250190
vt 0.663207 0.246250
vt 0.663589 0.246250
vt 0.330000 0.499810
vt 0.330127 0.499810
vt 0.330127 0.503750
vt 0.663207 0.503750
vt 0.663207 0.499810
vt 0.663333 0.499810
vt 0.330000 0.746250
vt 0.330127 0.746250
vt 0.330127 0.750190
vt 0.663207 0.750190
vt 0.663207 0.746250
vt 0.663333 0.746250
vt 0.329935 0.000002
vt 0.330127 0.999662
vt 0.330224 0.000000
vt 0.330224 0.999810
vt 0.329938 0.003783
vt 0.663402 0.000002
vt 0.663207 0.999663
vt 0.663397 0.003756
vt 0.663110 0.999810
vt 0.663110 -0.000000
vt 0.330000 0.250000
vt 0.329939 0.246244
vt 0.330155 0.248220
vt 0.663333 0.250000
vt 0.663200 0.248334
vt 0.663398 0.246217
vt 0.330000 0.502659
vt 0.000251 0.243447
vt 0.330000 0.499665
vt 0.000443 0.246253
vt 0.330155 0.501780
vt 0.663333 0.502659
vt 0.999744 0.243447
vt 0.663200 0.501701
vt 0.999548 0.246253
vt 0.663333 0.499665
vt 0.000443 0.003747
vt 0.330000 0.746398
vt 0.330000 0.743401
vt 0.000251 0.006553
vt 0.330155 0.748220
vt 0.663333 0.746398
vt 0.999548 0.003747
vt 0.663200 0.747564
vt 0.999744 0.006553
vt 0.663333 0.743401
vn -0.376861 -0.923883 0.066451
vn -0.376861 -0.923883 0.066451
vn -0.376861 -0.923883 0.066451
vn -0.376861 -0.923883 0.066451
vn -0.909854 -0.382660 0.160432
vn -0.909854 -0.382660 0.160432
vn -0.909854 -0.382660 0.160432
vn -0.909854 -0.382660 0.160432
vn 0.160430 -0.382681 0.909845
vn 0.160430 -0.382681 0.909845
vn 0.160430 -0.382681 0.909845
vn 0.160430 -0.382681 0.909845
vn 0.066450 -0.923884 0.376859
vn 0.066450 -0.923884 0.376859
vn 0.066450 -0.923884 0.376859
vn 0.066450 -0.923884 0.376859
vn -0.843405 0.000000 0.537278
vn -0.843405 0.000000 0.537278
vn -0.843405 0.000000 0.537278
vn -0.843405 0.000000 0.537278
vn -0.216417 0.000000 0.976301
vn -0.216417 0.000000 0.976301
vn -0.216417 0.000000 0.976301
vn -0.216417 0.000000 0.976301
vn 0.909854 -0.382660 -0.160432
vn 0.909854 -0.382660 -0.160432
vn 0.909854 -0.382660 -0.160432
vn 0.909854 -0.382660 -0.160432
vn 0.376861 -0.923883 -0.066451
vn 0.376861 -0.923883 -0.066451
vn 0.376861 -0.923883 -0.066451
vn 0.376861 -0.923883 -0.066451
vn 0.537280 0.000000 0.843404
vn 0.537280 0.000000 0.843404
vn 0.537280 0.000000 0.843404
vn 0.537280 0.000000 0.843404
vn 0.976301 0.000000 0.216415
vn 0.976301 0.000000 0.216415
vn 0.976301 0.000000 0.216415
vn 0.976301 0.000000 0.216415
vn -0.909854 0.382660 0.160432
vn -0.909854 0.382660 0.160432
vn -0.909854 0.382660 0.160432
vn -0.909854 0.382660 0.160432
vn -0.376861 0.923883 0.066451
vn -0.376861 0.923883 0.066451
vn -0.376861 0.923883 0.066451
vn -0.376861 0.923883 0.066451
vn 0.066450 0.923884 0.376859
vn 0.066450 0.923884 0.376859
vn 0.066450 0.923884 0.376859
vn 0.066450 0.923884 0.376859
vn 0.160430 0.382681 0.909845
vn 0.160430 0.382681 0.909845
vn 0.160430 0.382681 0.909845
vn 0.160430 0.382681 0.909845
vn 0.376861 0.923883 -0.066451
vn 0.376861 0.923883 -0.066451
vn 0.376861 0.923883 -0.066451
vn 0.376861 0.923883 -0.066451
vn 0.909854 0.382660 -0.160432
vn 0.909854 0.382660 -0.160432
vn 0.909854 0.382660 -0.160432
vn 0.909854 0.382660 -0.160432
vn -0.976301 0.000000 -0.216415
vn -0.976301 0.000000 -0.216415
vn -0.976301 0.000000 -0.216415
vn -0.976301 0.000000 -0.216415
vn -0.537280 0.000000 -0.843404
vn -0.537280 0.000000 -0.843404
vn -0.537280 0.000000 -0.843404
vn -0.537280 0.000000 -0.843404
vn -0.160430 0.382681 -0.909845
vn -0.160430 0.382681 -0.909845
vn -0.160430 0.382681 -0.909845
vn -0.160430 0.382681 -0.909845
vn -0.066450 0.923884 -0.376859
vn -0.066450 0.923884 -0.376859
vn -0.066450 0.923884 -0.376859
vn -0.066450 0.923884 -0.376859
vn 0.216417 0.000000 -0.976301
vn 0.216417 0.000000 -0.976301
vn 0.216417 0.000000 -0.976301
vn 0.216417 0.000000 -0.976301
vn 0.843405 0.000000 -0.537278
vn 0.843405 0.000000 -0.537278
vn 0.843405 0.000000 -0.537278
vn 0.843405 0.000000 -0.537278
vn -0.066450 -0.923884 -0.376859
vn -0.066450 -0.923884 -0.376859
vn -0.066450 -0.923884 -0.376859
vn -0.066450 -0.923884 -0.376859
vn -0.160430 -0.382681 -0.909845
vn -0.160430 -0.382681 -0.909845
vn -0.160430 -0.382681 -0.909845
vn -0.160430 -0.382681 -0.909845
vn 0.173648 0.000000 0.984808
vn 0.173648 0.000000 0.984808
vn 0.173648 0.000000 0.984808
vn 0.173648 0.000000 0.984808
vn 0.000000 1.000000 0.000000
vn 0.000000 1.000000 0.000000
vn 0.000000 1.000000 0.000000
vn 0.000000 1.000000 0.000000
vn -0.173648 0.000000 -0.984808
vn -0.173648 0.000000 -0.984808
vn -0.173648 0.000000 -0.984808
vn -0.173648 0.000000 -0.984808
vn 0.000000 -1.000000 0.000000
vn 0.000000 -1.000000 0.000000
vn 0.000000 -1.000000 0.000000
vn 0.000000 -1.000000 0.000000
vn 0.984808 0.000000 -0.173648
vn 0.984808 0.000000 -0.173648
vn 0.984808 0.000000 -0.173648
vn 0.984808 0.000000 -0.173648
vn -0.984808 0.000000 0.173648
vn -0.984808 0.000000 0.173648
vn -0.984808 0.000000 0.173648
vn -0.984808 0.000000 0.173648
vn -0.468353 -0.577321 0.668839
vn -0.468353 -0.577321 0.668840
vn -0.468353 -0.577321 0.668840
vn -0.468353 -0.577321 0.668840
vn -0.468353 -0.577321 0.668840
vn -0.468353 -0.577321 0.668840
vn 0.668841 -0.577360 0.468302
vn 0.668841 -0.577360 0.468302
vn 0.668841 -0.577360 0.468302
vn 0.668841 -0.577360 0.468302
vn 0.668841 -0.577360 0.468302
vn 0.668841 -0.577360 0.468302
vn -0.468336 0.577360 0.668817
vn -0.468336 0.577360 0.668817
vn -0.468336 0.577360 0.668817
vn -0.468336 0.577360 0.668817
vn -0.468337 0.577360 0.668817
vn -0.468336 0.577360 0.668817
vn 0.668865 0.577321 0.468317
vn 0.668865 0.577321 0.468317
vn 0.668865 0.577321 0.468317
vn 0.668865 0.577321 0.468317
vn 0.668865 0.577321 0.468317
vn 0.668865 0.577321 0.468317
vn -0.668823 0.577370 -0.468315
vn -0.668823 0.577370 -0.468315
vn -0.668823 0.577370 -0.468315
vn -0.668823 0.577370 -0.468315
vn -0.668823 0.577370 -0.468315
vn -0.668823 0.577370 -0.468315
vn 0.468358 0.577350 -0.668810
vn 0.468358 0.577350 -0.668810
vn 0.468358 0.577350 -0.668810
vn 0.468358 0.577350 -0.668810
vn 0.468358 0.577350 -0.668810
vn 0.468358 0.577350 -0.668810
vn -0.668841 -0.577360 -0.468302
vn -0.668841 -0.577360 -0.468302
vn -0.668841 -0.577360 -0.468302
vn -0.668841 -0.577360 -0.468302
vn -0.668841 -0.577360 -0.468302
vn -0.668841 -0.577360 -0.468302
vn 0.468353 -0.577321 -0.668839
vn 0.468353 -0.577321 -0.668840
vn 0.468353 -0.577321 -0.668840
vn 0.468353 -0.577321 -0.668840
vn 0.468353 -0.577321 -0.668840
vn 0.468353 -0.577321 -0.668840
s off
g Desk_Top_Slab GRP_Retro_Office_Desk GRP_Props_Backrooms Backrooms_Level0_Master_GRP
usemtl M_Retro_Walnut_WoodSG
f 2/7/1 1/98/2 37/124/3 42/61/4
f 1/97/5 6/70/6 38/34/7 37/123/8
f 4/11/9 3/99/10 11/106/11 10/50/12
f 3/100/13 2/7/14 12/15/15 11/105/16
f 6/70/17 5/101/18 15/108/19 14/71/20
f 5/101/21 4/11/22 16/27/23 15/108/24
f 8/19/25 7/102/26 43/129/27 48/44/28
f 7/103/29 12/15/30 44/46/31 43/128/32
f 10/50/33 9/104/34 23/112/35 22/28/36
f 9/104/37 8/19/38 24/31/39 23/112/40
f 14/71/41 13/107/42 27/116/43 26/72/44
f 13/107/45 18/53/46 28/39/47 27/115/48
f 18/53/49 17/109/50 21/111/51 20/54/52
f 17/109/53 16/27/54 22/28/55 21/111/56
f 20/54/57 19/110/58 35/122/59 34/40/60
f 19/110/61 24/31/62 36/43/63 35/121/64
f 26/72/65 25/114/66 39/126/67 38/34/68
f 25/113/69 30/57/70 40/47/71 39/125/72
f 30/57/73 29/117/74 33/120/75 32/58/76
f 29/117/77 28/39/78 34/40/79 33/120/80
f 32/58/81 31/118/82 47/132/83 46/48/84
f 31/119/85 36/43/86 48/44/87 47/131/88
f 42/61/89 41/127/90 45/130/91 44/46/92
f 41/127/93 40/47/94 46/48/95 45/130/96
f 4/11/97 10/50/98 22/28/99 16/27/100
f 18/53/101 20/54/102 34/40/103 28/39/104
f 30/57/105 32/58/106 46/48/107 40/47/108
f 42/61/109 44/46/110 12/15/111 2/7/112
f 8/19/113 48/44/114 36/43/115 24/31/116
f 38/34/117 6/70/118 14/71/119 26/72/120
f 1/97/121 2/73/122 3/99/123 4/11/124 5/101/125 6/70/126
f 7/102/127 8/19/128 9/104/129 10/50/130 11/106/131 12/78/132
f 13/107/133 14/71/134 15/108/135 16/27/136 17/109/137 18/53/138
f 19/110/139 20/54/140 21/111/141 22/28/142 23/112/143 24/31/144
f 25/113/145 26/85/146 27/115/147 28/39/148 29/117/149 30/57/150
f 31/118/151 32/58/152 33/120/153 34/40/154 35/122/155 36/90/156
f 37/124/157 38/91/158 39/125/159 40/47/160 41/127/161 42/61/162
f 43/128/163 44/46/164 45/130/165 46/48/166 47/132/167 48/96/168
g default
v -221.825839 4.123001 6.015060
v -221.533395 4.000000 5.963495
v -221.481830 4.123001 6.255938
v -221.460471 4.419956 6.377071
v -221.774273 4.419956 6.307504
v -221.946973 4.419956 6.036419
v -180.706182 4.123001 -1.235445
v -180.585048 4.419956 -1.256804
v -180.654616 4.419956 -0.943001
v -180.925701 4.419956 -0.770303
v -180.947060 4.123001 -0.891435
v -180.998626 4.000000 -1.183879
v -221.825839 68.876999 6.015060
v -221.946973 68.580044 6.036419
v -221.774273 68.580044 6.307504
v -221.460471 68.580044 6.377071
v -221.481830 68.876999 6.255938
v -221.533395 69.000000 5.963495
v -180.706182 68.876999 -1.235445
v -180.998626 69.000000 -1.183879
v -180.947060 68.876999 -0.891435
v -180.925701 68.580044 -0.770303
v -180.654616 68.580044 -0.943001
v -180.585048 68.580044 -1.256804
v -233.886928 68.580044 -62.386774
v -233.956497 68.580044 -62.072971
v -233.835362 68.876999 -62.094330
v -233.542919 69.000000 -62.145896
v -233.594484 68.876999 -62.438340
v -233.615843 68.580044 -62.559472
v -192.767271 68.580044 -69.637279
v -193.081074 68.580044 -69.706846
v -193.059715 68.876999 -69.585713
v -193.008149 69.000000 -69.293269
v -192.715705 68.876999 -69.344835
v -192.594571 68.580044 -69.366194
v -233.835362 4.123001 -62.094330
v -233.956497 4.419956 -62.072971
v -233.886928 4.419956 -62.386774
v -233.615843 4.419956 -62.559472
v -233.594484 4.123001 -62.438340
v -233.542919 4.000000 -62.145896
v -192.715705 4.123001 -69.344835
v -193.008149 4.000000 -69.293269
v -193.059715 4.123001 -69.585713
v -193.081074 4.419956 -69.706846
v -192.767271 4.419956 -69.637279
v -192.594571 4.419956 -69.366194
vt 0.333333 0.998500
vt 0.333333 0.751500
vt 0.328020 0.001615
vt 0.001980 0.001615
vt 0.333333 0.001615
vt 0.660000 0.001615
vt 0.333333 0.998500
vt 0.660000 0.998500
vt 0.328020 0.001615
vt 0.328020 0.248385
vt 0.333333 0.001615
vt 0.333333 0.248385
vt 0.665353 0.001615
vt 0.997980 0.001615
vt 0.660000 0.998500
vt 0.660000 0.751500
vt 0.660000 0.001615
vt 0.660000 0.248385
vt 0.665353 0.001615
vt 0.665353 0.248385
vt 0.328020 0.248385
vt 0.001980 0.248385
vt 0.333333 0.251500
vt 0.333333 0.498500
vt 0.333333 0.251500
vt 0.660000 0.251500
vt 0.333333 0.248385
vt 0.660000 0.248385
vt 0.660000 0.251500
vt 0.660000 0.498500
vt 0.665353 0.248385
vt 0.997980 0.248385
vt 0.001980 0.248385
vt 0.001980 0.001615
vt 0.333333 0.501615
vt 0.333333 0.748385
vt 0.333333 0.501615
vt 0.660000 0.501615
vt 0.333333 0.498500
vt 0.660000 0.498500
vt 0.660000 0.501615
vt 0.660000 0.748385
vt 0.997980 0.248385
vt 0.997980 0.001615
vt 0.333333 0.751500
vt 0.660000 0.751500
vt 0.333333 0.748385
vt 0.660000 0.748385
vt 0.333333 0.001615
vt 0.660000 0.001615
vt 0.660000 0.248385
vt 0.333333 0.248385
vt 0.333333 0.251500
vt 0.660000 0.251500
vt 0.660000 0.498500
vt 0.333333 0.498500
vt 0.333333 0.501615
vt 0.660000 0.501615
vt 0.660000 0.748385
vt 0.333333 0.748385
vt 0.333333 0.751500
vt 0.660000 0.751500
vt 0.660000 0.998500
vt 0.333333 0.998500
vt 0.665353 0.001615
vt 0.997980 0.001615
vt 0.997980 0.248385
vt 0.665353 0.248385
vt 0.001980 0.001615
vt 0.328020 0.001615
vt 0.328020 0.248385
vt 0.001980 0.248385
vt 0.333333 -0.000000
vt 0.333333 0.001615
vt 0.328020 0.001615
vt 0.665353 0.001615
vt 0.660000 0.001615
vt 0.660000 0.000000
vt 0.328020 0.248385
vt 0.333333 0.248385
vt 0.333333 0.251500
vt 0.660000 0.251500
vt 0.660000 0.248385
vt 0.665353 0.248385
vt 0.330000 0.498500
vt 0.333333 0.498500
vt 0.333333 0.501615
vt 0.660000 0.501615
vt 0.660000 0.498500
vt 0.663333 0.498500
vt 0.330000 0.748385
vt 0.333333 0.748385
vt 0.333333 0.751500
vt 0.660000 0.751500
vt 0.660000 0.748385
vt 0.663333 0.748385
vt 0.331807 0.000007
vt 0.333318 0.997348
vt 0.335845 -0.000000
vt 0.335845 0.998500
vt 0.330677 0.001621
vt 0.661557 0.000007
vt 0.660016 0.997348
vt 0.662668 0.001616
vt 0.657489 0.998500
vt 0.657489 0.000000
vt 0.330000 0.250000
vt 0.330680 0.248384
vt 0.333353 0.249942
vt 0.663333 0.250000
vt 0.659996 0.249938
vt 0.662677 0.248379
vt 0.330000 0.499740
vt 0.001980 0.247161
vt 0.330000 0.497351
vt 0.003497 0.248392
vt 0.333353 0.500058
vt 0.663333 0.499740
vt 0.997980 0.247161
vt 0.659996 0.500052
vt 0.996432 0.248392
vt 0.663333 0.497351
vt 0.003506 0.001608
vt 0.330015 0.749537
vt 0.330000 0.747145
vt 0.001980 0.002839
vt 0.333353 0.749942
vt 0.663318 0.749537
vt 0.996424 0.001608
vt 0.659996 0.749936
vt 0.997980 0.002839
vt 0.663333 0.747145
vn -0.376865 -0.923882 0.066451
vn -0.376865 -0.923882 0.066451
vn -0.376865 -0.923882 0.066451
vn -0.376865 -0.923882 0.066451
vn -0.909845 -0.382681 0.160430
vn -0.909845 -0.382681 0.160430
vn -0.909845 -0.382681 0.160430
vn -0.909845 -0.382681 0.160430
vn 0.160430 -0.382677 0.909846
vn 0.160430 -0.382677 0.909846
vn 0.160430 -0.382677 0.909846
vn 0.160430 -0.382677 0.909846
vn 0.066452 -0.923881 0.376866
vn 0.066452 -0.923881 0.376866
vn 0.066452 -0.923881 0.376866
vn 0.066452 -0.923881 0.376866
vn -0.843392 0.000000 0.537299
vn -0.843392 0.000000 0.537299
vn -0.843392 0.000000 0.537299
vn -0.843392 0.000000 0.537299
vn -0.216428 0.000000 0.976299
vn -0.216428 0.000000 0.976299
vn -0.216428 0.000000 0.976299
vn -0.216428 0.000000 0.976299
vn 0.909845 -0.382681 -0.160430
vn 0.909845 -0.382681 -0.160430
vn 0.909845 -0.382681 -0.160430
vn 0.909845 -0.382681 -0.160430
vn 0.376865 -0.923882 -0.066451
vn 0.376865 -0.923882 -0.066451
vn 0.376865 -0.923882 -0.066451
vn 0.376865 -0.923882 -0.066451
vn 0.537289 0.000000 0.843398
vn 0.537289 0.000000 0.843398
vn 0.537289 0.000000 0.843398
vn 0.537289 0.000000 0.843398
vn 0.976296 0.000000 0.216439
vn 0.976296 0.000000 0.216439
vn 0.976296 0.000000 0.216439
vn 0.976296 0.000000 0.216439
vn -0.909845 0.382681 0.160430
vn -0.909845 0.382681 0.160430
vn -0.909845 0.382681 0.160430
vn -0.909845 0.382681 0.160430
vn -0.376865 0.923882 0.066451
vn -0.376865 0.923882 0.066451
vn -0.376865 0.923882 0.066451
vn -0.376865 0.923882 0.066451
vn 0.066452 0.923881 0.376866
vn 0.066452 0.923881 0.376866
vn 0.066452 0.923881 0.376866
vn 0.066452 0.923881 0.376866
vn 0.160430 0.382677 0.909846
vn 0.160430 0.382677 0.909846
vn 0.160430 0.382677 0.909846
vn 0.160430 0.382677 0.909846
vn 0.376865 0.923882 -0.066451
vn 0.376865 0.923882 -0.066451
vn 0.376865 0.923882 -0.066451
vn 0.376865 0.923882 -0.066451
vn 0.909845 0.382681 -0.160430
vn 0.909845 0.382681 -0.160430
vn 0.909845 0.382681 -0.160430
vn 0.909845 0.382681 -0.160430
vn -0.976296 0.000000 -0.216439
vn -0.976296 0.000000 -0.216439
vn -0.976296 0.000000 -0.216439
vn -0.976296 0.000000 -0.216439
vn -0.537289 0.000000 -0.843398
vn -0.537289 0.000000 -0.843398
vn -0.537289 0.000000 -0.843398
vn -0.537289 0.000000 -0.843398
vn -0.160430 0.382677 -0.909846
vn -0.160430 0.382677 -0.909846
vn -0.160430 0.382677 -0.909846
vn -0.160430 0.382677 -0.909846
vn -0.066452 0.923881 -0.376866
vn -0.066452 0.923881 -0.376866
vn -0.066452 0.923881 -0.376866
vn -0.066452 0.923881 -0.376866
vn 0.216428 0.000000 -0.976299
vn 0.216428 0.000000 -0.976299
vn 0.216428 0.000000 -0.976299
vn 0.216428 0.000000 -0.976299
vn 0.843392 0.000000 -0.537299
vn 0.843392 0.000000 -0.537299
vn 0.843392 0.000000 -0.537299
vn 0.843392 0.000000 -0.537299
vn -0.066452 -0.923881 -0.376866
vn -0.066452 -0.923881 -0.376866
vn -0.066452 -0.923881 -0.376866
vn -0.066452 -0.923881 -0.376866
vn -0.160430 -0.382677 -0.909846
vn -0.160430 -0.382677 -0.909846
vn -0.160430 -0.382677 -0.909846
vn -0.160430 -0.382677 -0.909846
vn 0.173648 0.000000 0.984808
vn 0.173648 0.000000 0.984808
vn 0.173648 0.000000 0.984808
vn 0.173648 0.000000 0.984808
vn 0.000000 1.000000 0.000000
vn 0.000000 1.000000 0.000000
vn 0.000000 1.000000 0.000000
vn 0.000000 1.000000 0.000000
vn -0.173648 0.000000 -0.984808
vn -0.173648 0.000000 -0.984808
vn -0.173648 0.000000 -0.984808
vn -0.173648 0.000000 -0.984808
vn 0.000000 -1.000000 0.000000
vn 0.000000 -1.000000 0.000000
vn 0.000000 -1.000000 0.000000
vn 0.000000 -1.000000 0.000000
vn 0.984808 0.000000 -0.173648
vn 0.984808 0.000000 -0.173648
vn 0.984808 0.000000 -0.173648
vn 0.984808 0.000000 -0.173648
vn -0.984808 0.000000 0.173648
vn -0.984808 0.000000 0.173648
vn -0.984808 0.000000 0.173648
vn -0.984808 0.000000 0.173648
vn -0.468322 -0.577351 0.668835
vn -0.468322 -0.577351 0.668835
vn -0.468322 -0.577351 0.668835
vn -0.468322 -0.577351 0.668835
vn -0.468322 -0.577351 0.668835
vn -0.468322 -0.577351 0.668835
vn 0.668835 -0.577353 0.468321
vn 0.668834 -0.577353 0.468321
vn 0.668835 -0.577353 0.468321
vn 0.668835 -0.577353 0.468321
vn 0.668834 -0.577352 0.468321
vn 0.668835 -0.577353 0.468321
vn -0.468324 0.577353 0.668833
vn -0.468324 0.577353 0.668833
vn -0.468324 0.577353 0.668833
vn -0.468324 0.577352 0.668833
vn -0.468324 0.577352 0.668833
vn -0.468324 0.577352 0.668833
vn 0.668833 0.577351 0.468324
vn 0.668834 0.577351 0.468324
vn 0.668833 0.577351 0.468324
vn 0.668834 0.577351 0.468324
vn 0.668833 0.577351 0.468324
vn 0.668833 0.577351 0.468324
vn -0.668834 0.577352 -0.468323
vn -0.668834 0.577352 -0.468323
vn -0.668834 0.577352 -0.468323
vn -0.668834 0.577352 -0.468323
vn -0.668834 0.577352 -0.468323
vn -0.668834 0.577352 -0.468323
vn 0.468322 0.577351 -0.668835
vn 0.468322 0.577351 -0.668835
vn 0.468322 0.577351 -0.668835
vn 0.468322 0.577351 -0.668835
vn 0.468322 0.577351 -0.668835
vn 0.468322 0.577351 -0.668835
vn -0.668835 -0.577353 -0.468321
vn -0.668834 -0.577353 -0.468321
vn -0.668835 -0.577353 -0.468321
vn -0.668835 -0.577353 -0.468321
vn -0.668834 -0.577352 -0.468321
vn -0.668835 -0.577353 -0.468321
vn 0.468322 -0.577351 -0.668835
vn 0.468322 -0.577351 -0.668835
vn 0.468322 -0.577351 -0.668835
vn 0.468322 -0.577351 -0.668835
vn 0.468322 -0.577351 -0.668835
vn 0.468322 -0.577351 -0.668835
s off
g GRP_Retro_Office_Desk GRP_Props_Backrooms Backrooms_Level0_Master_GRP Desk_Pedestal_Body
usemtl M_Retro_Walnut_WoodSG
f 50/139/169 49/230/170 85/256/171 90/193/172
f 49/229/173 54/202/174 86/166/175 85/255/176
f 52/143/177 51/231/178 59/238/179 58/182/180
f 51/232/181 50/139/182 60/147/183 59/237/184
f 54/202/185 53/233/186 63/240/187 62/203/188
f 53/233/189 52/143/190 64/159/191 63/240/192
f 56/151/193 55/234/194 91/261/195 96/176/196
f 55/235/197 60/147/198 92/178/199 91/260/200
f 58/182/201 57/236/202 71/244/203 70/160/204
f 57/236/205 56/151/206 72/163/207 71/244/208
f 62/203/209 61/239/210 75/248/211 74/204/212
f 61/239/213 66/185/214 76/171/215 75/247/216
f 66/185/217 65/241/218 69/243/219 68/186/220
f 65/241/221 64/159/222 70/160/223 69/243/224
f 68/186/225 67/242/226 83/254/227 82/172/228
f 67/242/229 72/163/230 84/175/231 83/253/232
f 74/204/233 73/246/234 87/258/235 86/166/236
f 73/245/237 78/189/238 88/179/239 87/257/240
f 78/189/241 77/249/242 81/252/243 80/190/244
f 77/249/245 76/171/246 82/172/247 81/252/248
f 80/190/249 79/250/250 95/264/251 94/180/252
f 79/251/253 84/175/254 96/176/255 95/263/256
f 90/193/257 89/259/258 93/262/259 92/178/260
f 89/259/261 88/179/262 94/180/263 93/262/264
f 52/143/265 58/182/266 70/160/267 64/159/268
f 66/185/269 68/186/270 82/172/271 76/171/272
f 78/189/273 80/190/274 94/180/275 88/179/276
f 90/193/277 92/178/278 60/147/279 50/139/280
f 56/151/281 96/176/282 84/175/283 72/163/284
f 86/166/285 54/202/286 62/203/287 74/204/288
f 49/229/289 50/205/290 51/231/291 52/143/292 53/233/293 54/202/294
f 55/234/295 56/151/296 57/236/297 58/182/298 59/238/299 60/210/300
f 61/239/301 62/203/302 63/240/303 64/159/304 65/241/305 66/185/306
f 67/242/307 68/186/308 69/243/309 70/160/310 71/244/311 72/163/312
f 73/245/313 74/217/314 75/247/315 76/171/316 77/249/317 78/189/318
f 79/250/319 80/190/320 81/252/321 82/172/322 83/254/323 84/222/324
f 85/256/325 86/223/326 87/257/327 88/179/328 89/259/329 90/193/330
f 91/260/331 92/178/332 93/262/333 94/180/334 95/264/335 96/228/336
g default
v -220.948182 43.312886 8.171377
v -220.917545 43.300000 8.165975
v -220.912143 43.312886 8.196611
v -220.909906 43.343996 8.209302
v -220.942780 43.343996 8.202013
v -220.960872 43.343996 8.173614
v -180.793407 43.312886 1.091006
v -180.780716 43.343996 1.088769
v -180.788005 43.343996 1.121643
v -180.816403 43.343996 1.139736
v -180.818641 43.312886 1.127045
v -180.824043 43.300000 1.096408
v -220.948182 60.687114 8.171377
v -220.960872 60.656004 8.173614
v -220.942780 60.656004 8.202013
v -220.909906 60.656004 8.209302
v -220.912143 60.687114 8.196611
v -220.917545 60.700000 8.165975
v -180.793407 60.687114 1.091006
v -180.824043 60.700000 1.096408
v -180.818641 60.687114 1.127045
v -180.816403 60.656004 1.139736
v -180.788005 60.656004 1.121643
v -180.780716 60.656004 1.088769
v -221.320330 60.656004 6.060817
v -221.327618 60.656004 6.093692
v -221.314928 60.687114 6.091454
v -221.284292 60.700000 6.086052
v -221.289694 60.687114 6.055415
v -221.291932 60.656004 6.042725
v -181.165555 60.656004 -1.019553
v -181.198429 60.656004 -1.026842
v -181.196191 60.687114 -1.014151
v -181.190789 60.700000 -0.983514
v -181.160153 60.687114 -0.988916
v -181.147463 60.656004 -0.991154
v -221.314928 43.312886 6.091454
v -221.327618 43.343996 6.093692
v -221.320330 43.343996 6.060817
v -221.291932 43.343996 6.042725
v -221.289694 43.312886 6.055415
v -221.284292 43.300000 6.086052
v -181.160153 43.312886 -0.988916
v -181.190789 43.300000 -0.983514
v -181.196191 43.312886 -1.014151
v -181.198429 43.343996 -1.026842
v -181.165555 43.343996 -1.019553
v -181.147463 43.343996 -0.991154
vt 0.330359 0.995000
vt 0.330359 0.755000
vt 0.323401 0.000633
vt 0.006599 0.000633
vt 0.330359 0.000632
vt 0.662974 0.000632
vt 0.330359 0.995000
vt 0.662974 0.995000
vt 0.323401 0.000633
vt 0.323401 0.249368
vt 0.330359 0.000632
vt 0.330359 0.249368
vt 0.670066 0.000633
vt 0.993267 0.000633
vt 0.662974 0.995000
vt 0.662974 0.755000
vt 0.662974 0.000632
vt 0.662974 0.249368
vt 0.670066 0.000633
vt 0.670066 0.249368
vt 0.323401 0.249368
vt 0.006599 0.249368
vt 0.330359 0.254999
vt 0.330359 0.495000
vt 0.330359 0.254999
vt 0.662974 0.255000
vt 0.330359 0.249368
vt 0.662974 0.249368
vt 0.662974 0.255000
vt 0.662974 0.495000
vt 0.670066 0.249368
vt 0.993267 0.249368
vt 0.006599 0.249368
vt 0.006599 0.000633
vt 0.330359 0.500632
vt 0.330359 0.749368
vt 0.330359 0.500632
vt 0.662974 0.500632
vt 0.330359 0.495000
vt 0.662974 0.495000
vt 0.662974 0.500632
vt 0.662974 0.749368
vt 0.993267 0.249368
vt 0.993267 0.000633
vt 0.330359 0.755000
vt 0.662974 0.755000
vt 0.330359 0.749368
vt 0.662974 0.749368
vt 0.330359 0.000632
vt 0.662974 0.000632
vt 0.662974 0.249368
vt 0.330359 0.249368
vt 0.330359 0.254999
vt 0.662974 0.255000
vt 0.662974 0.495000
vt 0.330359 0.495000
vt 0.330359 0.500632
vt 0.662974 0.500632
vt 0.662974 0.749368
vt 0.330359 0.749368
vt 0.330359 0.755000
vt 0.662974 0.755000
vt 0.662974 0.995000
vt 0.330359 0.995000
vt 0.670066 0.000633
vt 0.993267 0.000633
vt 0.993267 0.249368
vt 0.670066 0.249368
vt 0.006599 0.000633
vt 0.323401 0.000633
vt 0.323401 0.249368
vt 0.006599 0.249368
vt 0.330359 0.000000
vt 0.330359 0.000632
vt 0.323401 0.000633
vt 0.670066 0.000633
vt 0.662974 0.000632
vt 0.662974 0.000000
vt 0.323401 0.249368
vt 0.330359 0.249368
vt 0.330359 0.254999
vt 0.662974 0.255000
vt 0.662974 0.249368
vt 0.670066 0.249368
vt 0.330000 0.495000
vt 0.330359 0.495000
vt 0.330359 0.500632
vt 0.662974 0.500632
vt 0.662974 0.495000
vt 0.663333 0.495000
vt 0.330000 0.749368
vt 0.330359 0.749368
vt 0.330359 0.755000
vt 0.662974 0.755000
vt 0.662974 0.749368
vt 0.663333 0.749368
vt 0.325357 0.000010
vt 0.330354 0.991205
vt 0.330634 0.000000
vt 0.330634 0.995000
vt 0.326880 0.000634
vt 0.668077 0.000010
vt 0.662979 0.991205
vt 0.666519 0.000633
vt 0.662699 0.995000
vt 0.662699 0.000000
vt 0.330000 0.250000
vt 0.326886 0.249368
vt 0.330360 0.252184
vt 0.663333 0.250000
vt 0.662974 0.252182
vt 0.666520 0.249367
vt 0.330000 0.495493
vt 0.006599 0.248886
vt 0.330000 0.491156
vt 0.011675 0.249378
vt 0.330360 0.497816
vt 0.663333 0.495493
vt 0.993267 0.248886
vt 0.662974 0.497815
vt 0.988090 0.249378
vt 0.663333 0.491156
vt 0.011602 0.000623
vt 0.330006 0.753163
vt 0.330000 0.748875
vt 0.006599 0.001115
vt 0.330360 0.752184
vt 0.663328 0.753163
vt 0.988164 0.000623
vt 0.662974 0.752183
vt 0.993267 0.001115
vt 0.663333 0.748875
vn -0.376886 -0.923873 0.066455
vn -0.376886 -0.923873 0.066455
vn -0.376886 -0.923873 0.066455
vn -0.376886 -0.923873 0.066455
vn -0.909832 -0.382711 0.160428
vn -0.909832 -0.382711 0.160428
vn -0.909832 -0.382711 0.160428
vn -0.909832 -0.382711 0.160428
vn 0.160430 -0.382683 0.909844
vn 0.160430 -0.382683 0.909844
vn 0.160430 -0.382683 0.909844
vn 0.160430 -0.382683 0.909844
vn 0.066454 -0.923876 0.376877
vn 0.066454 -0.923876 0.376877
vn 0.066454 -0.923876 0.376877
vn 0.066454 -0.923876 0.376877
vn -0.843391 0.000000 0.537301
vn -0.843391 0.000000 0.537301
vn -0.843391 0.000000 0.537301
vn -0.843391 0.000000 0.537301
vn -0.216449 0.000000 0.976294
vn -0.216449 0.000000 0.976294
vn -0.216449 0.000000 0.976294
vn -0.216449 0.000000 0.976294
vn 0.909832 -0.382711 -0.160428
vn 0.909832 -0.382711 -0.160428
vn 0.909832 -0.382711 -0.160428
vn 0.909832 -0.382711 -0.160428
vn 0.376886 -0.923873 -0.066455
vn 0.376886 -0.923873 -0.066455
vn 0.376886 -0.923873 -0.066455
vn 0.376886 -0.923873 -0.066455
vn 0.537308 0.000000 0.843386
vn 0.537308 0.000000 0.843386
vn 0.537308 0.000000 0.843386
vn 0.537308 0.000000 0.843386
vn 0.976296 0.000000 0.216441
vn 0.976296 0.000000 0.216441
vn 0.976296 0.000000 0.216441
vn 0.976296 0.000000 0.216441
vn -0.909832 0.382711 0.160428
vn -0.909832 0.382711 0.160428
vn -0.909832 0.382711 0.160428
vn -0.909832 0.382711 0.160428
vn -0.376886 0.923873 0.066455
vn -0.376886 0.923873 0.066455
vn -0.376886 0.923873 0.066455
vn -0.376886 0.923873 0.066455
vn 0.066454 0.923876 0.376877
vn 0.066454 0.923876 0.376877
vn 0.066454 0.923876 0.376877
vn 0.066454 0.923876 0.376877
vn 0.160430 0.382683 0.909844
vn 0.160430 0.382683 0.909844
vn 0.160430 0.382683 0.909844
vn 0.160430 0.382683 0.909844
vn 0.376886 0.923873 -0.066455
vn 0.376886 0.923873 -0.066455
vn 0.376886 0.923873 -0.066455
vn 0.376886 0.923873 -0.066455
vn 0.909832 0.382711 -0.160428
vn 0.909832 0.382711 -0.160428
vn 0.909832 0.382711 -0.160428
vn 0.909832 0.382711 -0.160428
vn -0.976296 0.000000 -0.216441
vn -0.976296 0.000000 -0.216441
vn -0.976296 0.000000 -0.216441
vn -0.976296 0.000000 -0.216441
vn -0.537308 0.000000 -0.843386
vn -0.537308 0.000000 -0.843386
vn -0.537308 0.000000 -0.843386
vn -0.537308 0.000000 -0.843386
vn -0.160430 0.382683 -0.909844
vn -0.160430 0.382683 -0.909844
vn -0.160430 0.382683 -0.909844
vn -0.160430 0.382683 -0.909844
vn -0.066454 0.923876 -0.376877
vn -0.066454 0.923876 -0.376877
vn -0.066454 0.923876 -0.376877
vn -0.066454 0.923876 -0.376877
vn 0.216449 0.000000 -0.976294
vn 0.216449 0.000000 -0.976294
vn 0.216449 0.000000 -0.976294
vn 0.216449 0.000000 -0.976294
vn 0.843391 0.000000 -0.537301
vn 0.843391 0.000000 -0.537301
vn 0.843391 0.000000 -0.537301
vn 0.843391 0.000000 -0.537301
vn -0.066454 -0.923876 -0.376877
vn -0.066454 -0.923876 -0.376877
vn -0.066454 -0.923876 -0.376877
vn -0.066454 -0.923876 -0.376877
vn -0.160430 -0.382683 -0.909844
vn -0.160430 -0.382683 -0.909844
vn -0.160430 -0.382683 -0.909844
vn -0.160430 -0.382683 -0.909844
vn 0.173648 0.000000 0.984808
vn 0.173648 0.000000 0.984808
vn 0.173648 0.000000 0.984808
vn 0.173648 0.000000 0.984808
vn 0.000000 1.000000 0.000000
vn 0.000000 1.000000 0.000000
vn 0.000000 1.000000 0.000000
vn 0.000000 1.000000 0.000000
vn -0.173648 0.000000 -0.984808
vn -0.173648 0.000000 -0.984808
vn -0.173648 0.000000 -0.984808
vn -0.173648 0.000000 -0.984808
vn 0.000000 -1.000000 0.000000
vn 0.000000 -1.000000 0.000000
vn 0.000000 -1.000000 0.000000
vn 0.000000 -1.000000 0.000000
vn 0.984808 0.000000 -0.173648
vn 0.984808 0.000000 -0.173648
vn 0.984808 0.000000 -0.173648
vn 0.984808 0.000000 -0.173648
vn -0.984808 0.000000 0.173648
vn -0.984808 0.000000 0.173648
vn -0.984808 0.000000 0.173648
vn -0.984808 0.000000 0.173648
vn -0.468336 -0.577341 0.668834
vn -0.468336 -0.577341 0.668834
vn -0.468336 -0.577341 0.668834
vn -0.468336 -0.577341 0.668834
vn -0.468336 -0.577341 0.668834
vn -0.468336 -0.577341 0.668834
vn 0.668848 -0.577343 0.468313
vn 0.668848 -0.577343 0.468313
vn 0.668848 -0.577343 0.468313
vn 0.668848 -0.577343 0.468313
vn 0.668848 -0.577343 0.468313
vn 0.668848 -0.577343 0.468313
vn -0.468339 0.577343 0.668830
vn -0.468339 0.577343 0.668830
vn -0.468339 0.577343 0.668830
vn -0.468339 0.577343 0.668830
vn -0.468339 0.577343 0.668830
vn -0.468339 0.577343 0.668830
vn 0.668847 0.577341 0.468318
vn 0.668847 0.577341 0.468318
vn 0.668847 0.577341 0.468318
vn 0.668847 0.577341 0.468318
vn 0.668847 0.577341 0.468318
vn 0.668847 0.577341 0.468318
vn -0.668841 0.577347 -0.468319
vn -0.668841 0.577347 -0.468319
vn -0.668841 0.577347 -0.468319
vn -0.668841 0.577347 -0.468319
vn -0.668841 0.577347 -0.468319
vn -0.668841 0.577347 -0.468319
vn 0.468336 0.577341 -0.668834
vn 0.468336 0.577341 -0.668834
vn 0.468336 0.577341 -0.668834
vn 0.468336 0.577341 -0.668834
vn 0.468336 0.577341 -0.668834
vn 0.468336 0.577341 -0.668834
vn -0.668848 -0.577343 -0.468313
vn -0.668848 -0.577343 -0.468313
vn -0.668848 -0.577343 -0.468313
vn -0.668848 -0.577343 -0.468313
vn -0.668848 -0.577343 -0.468313
vn -0.668848 -0.577343 -0.468313
vn 0.468336 -0.577341 -0.668834
vn 0.468336 -0.577341 -0.668834
vn 0.468336 -0.577341 -0.668834
vn 0.468336 -0.577341 -0.668834
vn 0.468336 -0.577341 -0.668834
vn 0.468336 -0.577341 -0.668834
s off
g GRP_Retro_Office_Desk GRP_Props_Backrooms Backrooms_Level0_Master_GRP Desk_Drawer_Face_1
usemtl M_Retro_Walnut_WoodSG
f 98/271/337 97/362/338 133/388/339 138/325/340
f 97/361/341 102/334/342 134/298/343 133/387/344
f 100/275/345 99/363/346 107/370/347 106/314/348
f 99/364/349 98/271/350 108/279/351 107/369/352
f 102/334/353 101/365/354 111/372/355 110/335/356
f 101/365/357 100/275/358 112/291/359 111/372/360
f 104/283/361 103/366/362 139/393/363 144/308/364
f 103/367/365 108/279/366 140/310/367 139/392/368
f 106/314/369 105/368/370 119/376/371 118/292/372
f 105/368/373 104/283/374 120/295/375 119/376/376
f 110/335/377 109/371/378 123/380/379 122/336/380
f 109/371/381 114/317/382 124/303/383 123/379/384
f 114/317/385 113/373/386 117/375/387 116/318/388
f 113/373/389 112/291/390 118/292/391 117/375/392
f 116/318/393 115/374/394 131/386/395 130/304/396
f 115/374/397 120/295/398 132/307/399 131/385/400
f 122/336/401 121/378/402 135/390/403 134/298/404
f 121/377/405 126/321/406 136/311/407 135/389/408
f 126/321/409 125/381/410 129/384/411 128/322/412
f 125/381/413 124/303/414 130/304/415 129/384/416
f 128/322/417 127/382/418 143/396/419 142/312/420
f 127/383/421 132/307/422 144/308/423 143/395/424
f 138/325/425 137/391/426 141/394/427 140/310/428
f 137/391/429 136/311/430 142/312/431 141/394/432
f 100/275/433 106/314/434 118/292/435 112/291/436
f 114/317/437 116/318/438 130/304/439 124/303/440
f 126/321/441 128/322/442 142/312/443 136/311/444
f 138/325/445 140/310/446 108/279/447 98/271/448
f 104/283/449 144/308/450 132/307/451 120/295/452
f 134/298/453 102/334/454 110/335/455 122/336/456
f 97/361/457 98/337/458 99/363/459 100/275/460 101/365/461 102/334/462
f 103/366/463 104/283/464 105/368/465 106/314/466 107/370/467 108/342/468
f 109/371/469 110/335/470 111/372/471 112/291/472 113/373/473 114/317/474
f 115/374/475 116/318/476 117/375/477 118/292/478 119/376/479 120/295/480
f 121/377/481 122/349/482 123/379/483 124/303/484 125/381/485 126/321/486
f 127/382/487 128/322/488 129/384/489 130/304/490 131/386/491 132/354/492
f 133/388/493 134/355/494 135/389/495 136/311/496 137/391/497 138/325/498
f 139/392/499 140/310/500 141/394/501 142/312/502 143/396/503 144/360/504
g default
v -207.452424 51.223429 7.481384
v -207.396721 51.200000 7.471562
v -207.386899 51.223429 7.527265
v -207.382830 51.279992 7.550339
v -207.442602 51.279992 7.537088
v -207.475497 51.279992 7.485452
v -193.711262 51.223429 5.058446
v -193.688189 51.279992 5.054378
v -193.701440 51.279992 5.114150
v -193.753075 51.279992 5.147045
v -193.757143 51.223429 5.123972
v -193.766965 51.200000 5.068268
v -207.452424 52.776571 7.481384
v -207.475497 52.720008 7.485452
v -207.442602 52.720008 7.537088
v -207.382830 52.720008 7.550339
v -207.386899 52.776571 7.527265
v -207.396721 52.800000 7.471562
v -193.711262 52.776571 5.058446
v -193.766965 52.800000 5.068268
v -193.757143 52.776571 5.123972
v -193.753075 52.720008 5.147045
v -193.701440 52.720008 5.114150
v -193.688189 52.720008 5.054378
v -207.712302 52.720008 6.007541
v -207.725553 52.720008 6.067313
v -207.702480 52.776571 6.063245
v -207.646777 52.800000 6.053423
v -207.656599 52.776571 5.997719
v -207.660667 52.720008 5.974646
v -193.971140 52.720008 3.584604
v -194.030912 52.720008 3.571353
v -194.026843 52.776571 3.594426
v -194.017021 52.800000 3.650129
v -193.961318 52.776571 3.640307
v -193.938245 52.720008 3.636239
v -207.702480 51.223429 6.063245
v -207.725553 51.279992 6.067313
v -207.712302 51.279992 6.007541
v -207.660667 51.279992 5.974646
v -207.656599 51.223429 5.997719
v -207.646777 51.200000 6.053423
v -193.961318 51.223429 3.640307
v -194.017021 51.200000 3.650129
v -194.026843 51.223429 3.594426
v -194.030912 51.279992 3.571353
v -193.971140 51.279992 3.584604
v -193.938245 51.279992 3.636239
vt 0.331905 0.987501
vt 0.331905 0.762499
vt 0.313502 0.012499
vt 0.016498 0.012499
vt 0.331905 0.012499
vt 0.661429 0.012499
vt 0.331905 0.987501
vt 0.661429 0.987501
vt 0.313502 0.012499
vt 0.313502 0.237501
vt 0.331905 0.012499
vt 0.331905 0.237501
vt 0.680165 0.012499
vt 0.983168 0.012499
vt 0.661429 0.987501
vt 0.661429 0.762499
vt 0.661429 0.012499
vt 0.661429 0.237501
vt 0.680165 0.012499
vt 0.680165 0.237501
vt 0.313502 0.237501
vt 0.016498 0.237501
vt 0.331905 0.262499
vt 0.331905 0.487501
vt 0.331905 0.262499
vt 0.661429 0.262499
vt 0.331905 0.237501
vt 0.661429 0.237501
vt 0.661429 0.262499
vt 0.661429 0.487501
vt 0.680165 0.237501
vt 0.983168 0.237501
vt 0.016498 0.237501
vt 0.016498 0.012499
vt 0.331905 0.512499
vt 0.331905 0.737501
vt 0.331905 0.512499
vt 0.661429 0.512499
vt 0.331905 0.487501
vt 0.661429 0.487501
vt 0.661429 0.512499
vt 0.661429 0.737501
vt 0.983168 0.237501
vt 0.983168 0.012499
vt 0.331905 0.762499
vt 0.661429 0.762499
vt 0.331905 0.737501
vt 0.661429 0.737501
vt 0.331905 0.012499
vt 0.661429 0.012499
vt 0.661429 0.237501
vt 0.331905 0.237501
vt 0.331905 0.262499
vt 0.661429 0.262499
vt 0.661429 0.487501
vt 0.331905 0.487501
vt 0.331905 0.512499
vt 0.661429 0.512499
vt 0.661429 0.737501
vt 0.331905 0.737501
vt 0.331905 0.762499
vt 0.661429 0.762499
vt 0.661429 0.987501
vt 0.331905 0.987501
vt 0.680165 0.012499
vt 0.983168 0.012499
vt 0.983168 0.237501
vt 0.680165 0.237501
vt 0.016498 0.012499
vt 0.313502 0.012499
vt 0.313502 0.237501
vt 0.016498 0.237501
vt 0.331905 0.000000
vt 0.331905 0.012499
vt 0.313502 0.012499
vt 0.680165 0.012499
vt 0.661429 0.012499
vt 0.661429 -0.000000
vt 0.313502 0.237501
vt 0.331905 0.237501
vt 0.331905 0.262499
vt 0.661429 0.262499
vt 0.661429 0.237501
vt 0.680165 0.237501
vt 0.330000 0.487501
vt 0.331905 0.487501
vt 0.331905 0.512499
vt 0.661429 0.512499
vt 0.661429 0.487501
vt 0.663333 0.487501
vt 0.330000 0.737501
vt 0.331905 0.737501
vt 0.331905 0.762499
vt 0.661429 0.762499
vt 0.661429 0.737501
vt 0.663333 0.737501
vt 0.319546 0.000490
vt 0.331830 0.977705
vt 0.333349 0.000000
vt 0.333349 0.987501
vt 0.322704 0.012867
vt 0.674036 0.000490
vt 0.661503 0.977705
vt 0.670732 0.012585
vt 0.659984 0.987501
vt 0.659984 -0.000000
vt 0.330000 0.250000
vt 0.323019 0.237427
vt 0.331911 0.250000
vt 0.663333 0.250000
vt 0.661427 0.249979
vt 0.670797 0.237133
vt 0.330000 0.497297
vt 0.016498 0.228685
vt 0.330000 0.477816
vt 0.029283 0.238011
vt 0.331911 0.500000
vt 0.663333 0.497297
vt 0.983168 0.228685
vt 0.661427 0.499971
vt 0.970125 0.238011
vt 0.663333 0.477816
vt 0.028857 0.012009
vt 0.330075 0.747297
vt 0.330000 0.727705
vt 0.016498 0.021315
vt 0.331911 0.750000
vt 0.663259 0.747297
vt 0.970561 0.012009
vt 0.661427 0.749971
vt 0.983168 0.021315
vt 0.663333 0.727705
vn -0.376870 -0.923880 0.066452
vn -0.376870 -0.923880 0.066452
vn -0.376870 -0.923880 0.066452
vn -0.376870 -0.923880 0.066452
vn -0.909844 -0.382682 0.160430
vn -0.909844 -0.382682 0.160430
vn -0.909844 -0.382682 0.160430
vn -0.909844 -0.382682 0.160430
vn 0.160430 -0.382683 0.909844
vn 0.160430 -0.382683 0.909844
vn 0.160430 -0.382683 0.909844
vn 0.160430 -0.382683 0.909844
vn 0.066452 -0.923880 0.376869
vn 0.066452 -0.923880 0.376869
vn 0.066452 -0.923880 0.376869
vn 0.066452 -0.923880 0.376869
vn -0.843393 0.000000 0.537297
vn -0.843393 0.000000 0.537297
vn -0.843393 0.000000 0.537297
vn -0.843393 0.000000 0.537297
vn -0.216439 0.000000 0.976296
vn -0.216439 0.000000 0.976296
vn -0.216439 0.000000 0.976296
vn -0.216439 0.000000 0.976296
vn 0.909844 -0.382682 -0.160430
vn 0.909844 -0.382682 -0.160430
vn 0.909844 -0.382682 -0.160430
vn 0.909844 -0.382682 -0.160430
vn 0.376870 -0.923880 -0.066452
vn 0.376870 -0.923880 -0.066452
vn 0.376870 -0.923880 -0.066452
vn 0.376870 -0.923880 -0.066452
vn 0.537299 0.000000 0.843392
vn 0.537299 0.000000 0.843392
vn 0.537299 0.000000 0.843392
vn 0.537299 0.000000 0.843392
vn 0.976297 0.000000 0.216436
vn 0.976297 0.000000 0.216436
vn 0.976297 0.000000 0.216436
vn 0.976297 0.000000 0.216436
vn -0.909844 0.382682 0.160430
vn -0.909844 0.382682 0.160430
vn -0.909844 0.382682 0.160430
vn -0.909844 0.382682 0.160430
vn -0.376870 0.923880 0.066452
vn -0.376870 0.923880 0.066452
vn -0.376870 0.923880 0.066452
vn -0.376870 0.923880 0.066452
vn 0.066452 0.923880 0.376869
vn 0.066452 0.923880 0.376869
vn 0.066452 0.923880 0.376869
vn 0.066452 0.923880 0.376869
vn 0.160430 0.382683 0.909844
vn 0.160430 0.382683 0.909844
vn 0.160430 0.382683 0.909844
vn 0.160430 0.382683 0.909844
vn 0.376870 0.923880 -0.066452
vn 0.376870 0.923880 -0.066452
vn 0.376870 0.923880 -0.066452
vn 0.376870 0.923880 -0.066452
vn 0.909844 0.382682 -0.160430
vn 0.909844 0.382682 -0.160430
vn 0.909844 0.382682 -0.160430
vn 0.909844 0.382682 -0.160430
vn -0.976297 0.000000 -0.216436
vn -0.976297 0.000000 -0.216436
vn -0.976297 0.000000 -0.216436
vn -0.976297 0.000000 -0.216436
vn -0.537299 0.000000 -0.843392
vn -0.537299 0.000000 -0.843392
vn -0.537299 0.000000 -0.843392
vn -0.537299 0.000000 -0.843392
vn -0.160430 0.382683 -0.909844
vn -0.160430 0.382683 -0.909844
vn -0.160430 0.382683 -0.909844
vn -0.160430 0.382683 -0.909844
vn -0.066452 0.923880 -0.376869
vn -0.066452 0.923880 -0.376869
vn -0.066452 0.923880 -0.376869
vn -0.066452 0.923880 -0.376869
vn 0.216439 0.000000 -0.976296
vn 0.216439 0.000000 -0.976296
vn 0.216439 0.000000 -0.976296
vn 0.216439 0.000000 -0.976296
vn 0.843393 0.000000 -0.537297
vn 0.843393 0.000000 -0.537297
vn 0.843393 0.000000 -0.537297
vn 0.843393 0.000000 -0.537297
vn -0.066452 -0.923880 -0.376869
vn -0.066452 -0.923880 -0.376869
vn -0.066452 -0.923880 -0.376869
vn -0.066452 -0.923880 -0.376869
vn -0.160430 -0.382683 -0.909844
vn -0.160430 -0.382683 -0.909844
vn -0.160430 -0.382683 -0.909844
vn -0.160430 -0.382683 -0.909844
vn 0.173648 0.000000 0.984808
vn 0.173648 0.000000 0.984808
vn 0.173648 0.000000 0.984808
vn 0.173648 0.000000 0.984808
vn 0.000000 1.000000 0.000000
vn 0.000000 1.000000 0.000000
vn 0.000000 1.000000 0.000000
vn 0.000000 1.000000 0.000000
vn -0.173648 0.000000 -0.984808
vn -0.173648 0.000000 -0.984808
vn -0.173648 0.000000 -0.984808
vn -0.173648 0.000000 -0.984808
vn 0.000000 -1.000000 0.000000
vn 0.000000 -1.000000 0.000000
vn 0.000000 -1.000000 0.000000
vn 0.000000 -1.000000 0.000000
vn 0.984808 0.000000 -0.173648
vn 0.984808 0.000000 -0.173648
vn 0.984808 0.000000 -0.173648
vn 0.984808 0.000000 -0.173648
vn -0.984808 0.000000 0.173648
vn -0.984808 0.000000 0.173648
vn -0.984808 0.000000 0.173648
vn -0.984808 0.000000 0.173648
vn -0.468324 -0.577349 0.668836
vn -0.468324 -0.577349 0.668836
vn -0.468324 -0.577349 0.668836
vn -0.468324 -0.577349 0.668836
vn -0.468324 -0.577349 0.668836
vn -0.468324 -0.577349 0.668836
vn 0.668836 -0.577349 0.468323
vn 0.668836 -0.577349 0.468323
vn 0.668836 -0.577349 0.468323
vn 0.668836 -0.577349 0.468323
vn 0.668836 -0.577349 0.468323
vn 0.668836 -0.577349 0.468323
vn -0.468324 0.577349 0.668835
vn -0.468324 0.577349 0.668835
vn -0.468324 0.577349 0.668835
vn -0.468324 0.577349 0.668835
vn -0.468324 0.577349 0.668835
vn -0.468324 0.577349 0.668835
vn 0.668836 0.577349 0.468324
vn 0.668836 0.577349 0.468324
vn 0.668836 0.577349 0.468323
vn 0.668836 0.577349 0.468324
vn 0.668836 0.577349 0.468324
vn 0.668836 0.577349 0.468324
vn -0.668835 0.577350 -0.468323
vn -0.668835 0.577350 -0.468323
vn -0.668835 0.577350 -0.468323
vn -0.668835 0.577350 -0.468323
vn -0.668835 0.577350 -0.468323
vn -0.668835 0.577350 -0.468323
vn 0.468324 0.577349 -0.668836
vn 0.468324 0.577349 -0.668836
vn 0.468324 0.577349 -0.668836
vn 0.468324 0.577349 -0.668836
vn 0.468324 0.577349 -0.668836
vn 0.468324 0.577349 -0.668836
vn -0.668836 -0.577349 -0.468323
vn -0.668836 -0.577349 -0.468323
vn -0.668836 -0.577349 -0.468323
vn -0.668836 -0.577349 -0.468323
vn -0.668836 -0.577349 -0.468323
vn -0.668836 -0.577349 -0.468323
vn 0.468324 -0.577349 -0.668836
vn 0.468324 -0.577349 -0.668836
vn 0.468324 -0.577349 -0.668836
vn 0.468324 -0.577349 -0.668836
vn 0.468324 -0.577349 -0.668836
vn 0.468324 -0.577349 -0.668836
s off
g GRP_Retro_Office_Desk GRP_Props_Backrooms Backrooms_Level0_Master_GRP Desk_Drawer_Handle_1
usemtl M_Stainless_SteelSG
f 146/403/505 145/494/506 181/520/507 186/457/508
f 145/493/509 150/466/510 182/430/511 181/519/512
f 148/407/513 147/495/514 155/502/515 154/446/516
f 147/496/517 146/403/518 156/411/519 155/501/520
f 150/466/521 149/497/522 159/504/523 158/467/524
f 149/497/525 148/407/526 160/423/527 159/504/528
f 152/415/529 151/498/530 187/525/531 192/440/532
f 151/499/533 156/411/534 188/442/535 187/524/536
f 154/446/537 153/500/538 167/508/539 166/424/540
f 153/500/541 152/415/542 168/427/543 167/508/544
f 158/467/545 157/503/546 171/512/547 170/468/548
f 157/503/549 162/449/550 172/435/551 171/511/552
f 162/449/553 161/505/554 165/507/555 164/450/556
f 161/505/557 160/423/558 166/424/559 165/507/560
f 164/450/561 163/506/562 179/518/563 178/436/564
f 163/506/565 168/427/566 180/439/567 179/517/568
f 170/468/569 169/510/570 183/522/571 182/430/572
f 169/509/573 174/453/574 184/443/575 183/521/576
f 174/453/577 173/513/578 177/516/579 176/454/580
f 173/513/581 172/435/582 178/436/583 177/516/584
f 176/454/585 175/514/586 191/528/587 190/444/588
f 175/515/589 180/439/590 192/440/591 191/527/592
f 186/457/593 185/523/594 189/526/595 188/442/596
f 185/523/597 184/443/598 190/444/599 189/526/600
f 148/407/601 154/446/602 166/424/603 160/423/604
f 162/449/605 164/450/606 178/436/607 172/435/608
f 174/453/609 176/454/610 190/444/611 184/443/612
f 186/457/613 188/442/614 156/411/615 146/403/616
f 152/415/617 192/440/618 180/439/619 168/427/620
f 182/430/621 150/466/622 158/467/623 170/468/624
f 145/493/625 146/469/626 147/495/627 148/407/628 149/497/629 150/466/630
f 151/498/631 152/415/632 153/500/633 154/446/634 155/502/635 156/474/636
f 157/503/637 158/467/638 159/504/639 160/423/640 161/505/641 162/449/642
f 163/506/643 164/450/644 165/507/645 166/424/646 167/508/647 168/427/648
f 169/509/649 170/481/650 171/511/651 172/435/652 173/513/653 174/453/654
f 175/514/655 176/454/656 177/516/657 178/436/658 179/518/659 180/486/660
f 181/520/661 182/487/662 183/521/663 184/443/664 185/523/665 186/457/666
f 187/524/667 188/442/668 189/526/669 190/444/670 191/528/671 192/492/672
g default
v -220.948182 25.312886 8.171377
v -220.917545 25.300000 8.165975
v -220.912143 25.312886 8.196611
v -220.909906 25.343996 8.209302
v -220.942780 25.343996 8.202013
v -220.960872 25.343996 8.173614
v -180.793407 25.312886 1.091006
v -180.780716 25.343996 1.088769
v -180.788005 25.343996 1.121643
v -180.816403 25.343996 1.139736
v -180.818641 25.312886 1.127045
v -180.824043 25.300000 1.096408
v -220.948182 42.687114 8.171377
v -220.960872 42.656004 8.173614
v -220.942780 42.656004 8.202013
v -220.909906 42.656004 8.209302
v -220.912143 42.687114 8.196611
v -220.917545 42.700000 8.165975
v -180.793407 42.687114 1.091006
v -180.824043 42.700000 1.096408
v -180.818641 42.687114 1.127045
v -180.816403 42.656004 1.139736
v -180.788005 42.656004 1.121643
v -180.780716 42.656004 1.088769
v -221.320330 42.656004 6.060817
v -221.327618 42.656004 6.093692
v -221.314928 42.687114 6.091454
v -221.284292 42.700000 6.086052
v -221.289694 42.687114 6.055415
v -221.291932 42.656004 6.042725
v -181.165555 42.656004 -1.019553
v -181.198429 42.656004 -1.026842
v -181.196191 42.687114 -1.014151
v -181.190789 42.700000 -0.983514
v -181.160153 42.687114 -0.988916
v -181.147463 42.656004 -0.991154
v -221.314928 25.312886 6.091454
v -221.327618 25.343996 6.093692
v -221.320330 25.343996 6.060817
v -221.291932 25.343996 6.042725
v -221.289694 25.312886 6.055415
v -221.284292 25.300000 6.086052
v -181.160153 25.312886 -0.988916
v -181.190789 25.300000 -0.983514
v -181.196191 25.312886 -1.014151
v -181.198429 25.343996 -1.026842
v -181.165555 25.343996 -1.019553
v -181.147463 25.343996 -0.991154
vt 0.330359 0.995000
vt 0.330359 0.755000
vt 0.323401 0.000633
vt 0.006599 0.000633
vt 0.330359 0.000632
vt 0.662974 0.000632
vt 0.330359 0.995000
vt 0.662974 0.995000
vt 0.323401 0.000633
vt 0.323401 0.249368
vt 0.330359 0.000632
vt 0.330359 0.249368
vt 0.670066 0.000633
vt 0.993267 0.000633
vt 0.662974 0.995000
vt 0.662974 0.755000
vt 0.662974 0.000632
vt 0.662974 0.249368
vt 0.670066 0.000633
vt 0.670066 0.249368
vt 0.323401 0.249368
vt 0.006599 0.249368
vt 0.330359 0.254999
vt 0.330359 0.495000
vt 0.330359 0.254999
vt 0.662974 0.255000
vt 0.330359 0.249368
vt 0.662974 0.249368
vt 0.662974 0.255000
vt 0.662974 0.495000
vt 0.670066 0.249368
vt 0.993267 0.249368
vt 0.006599 0.249368
vt 0.006599 0.000633
vt 0.330359 0.500632
vt 0.330359 0.749368
vt 0.330359 0.500632
vt 0.662974 0.500632
vt 0.330359 0.495000
vt 0.662974 0.495000
vt 0.662974 0.500632
vt 0.662974 0.749368
vt 0.993267 0.249368
vt 0.993267 0.000633
vt 0.330359 0.755000
vt 0.662974 0.755000
vt 0.330359 0.749368
vt 0.662974 0.749368
vt 0.330359 0.000632
vt 0.662974 0.000632
vt 0.662974 0.249368
vt 0.330359 0.249368
vt 0.330359 0.254999
vt 0.662974 0.255000
vt 0.662974 0.495000
vt 0.330359 0.495000
vt 0.330359 0.500632
vt 0.662974 0.500632
vt 0.662974 0.749368
vt 0.330359 0.749368
vt 0.330359 0.755000
vt 0.662974 0.755000
vt 0.662974 0.995000
vt 0.330359 0.995000
vt 0.670066 0.000633
vt 0.993267 0.000633
vt 0.993267 0.249368
vt 0.670066 0.249368
vt 0.006599 0.000633
vt 0.323401 0.000633
vt 0.323401 0.249368
vt 0.006599 0.249368
vt 0.330359 0.000000
vt 0.330359 0.000632
vt 0.323401 0.000633
vt 0.670066 0.000633
vt 0.662974 0.000632
vt 0.662974 0.000000
vt 0.323401 0.249368
vt 0.330359 0.249368
vt 0.330359 0.254999
vt 0.662974 0.255000
vt 0.662974 0.249368
vt 0.670066 0.249368
vt 0.330000 0.495000
vt 0.330359 0.495000
vt 0.330359 0.500632
vt 0.662974 0.500632
vt 0.662974 0.495000
vt 0.663333 0.495000
vt 0.330000 0.749368
vt 0.330359 0.749368
vt 0.330359 0.755000
vt 0.662974 0.755000
vt 0.662974 0.749368
vt 0.663333 0.749368
vt 0.325357 0.000010
vt 0.330354 0.991205
vt 0.330634 0.000000
vt 0.330634 0.995000
vt 0.326880 0.000634
vt 0.668077 0.000010
vt 0.662979 0.991205
vt 0.666519 0.000633
vt 0.662699 0.995000
vt 0.662699 0.000000
vt 0.330000 0.250000
vt 0.326886 0.249368
vt 0.330360 0.252184
vt 0.663333 0.250000
vt 0.662974 0.252182
vt 0.666520 0.249367
vt 0.330000 0.495493
vt 0.006599 0.248886
vt 0.330000 0.491156
vt 0.011675 0.249378
vt 0.330360 0.497816
vt 0.663333 0.495493
vt 0.993267 0.248886
vt 0.662974 0.497815
vt 0.988090 0.249378
vt 0.663333 0.491156
vt 0.011602 0.000623
vt 0.330006 0.753163
vt 0.330000 0.748875
vt 0.006599 0.001115
vt 0.330360 0.752184
vt 0.663328 0.753163
vt 0.988164 0.000623
vt 0.662974 0.752183
vt 0.993267 0.001115
vt 0.663333 0.748875
vn -0.376886 -0.923873 0.066455
vn -0.376886 -0.923873 0.066455
vn -0.376886 -0.923873 0.066455
vn -0.376886 -0.923873 0.066455
vn -0.909832 -0.382711 0.160428
vn -0.909832 -0.382711 0.160428
vn -0.909832 -0.382711 0.160428
vn -0.909832 -0.382711 0.160428
vn 0.160430 -0.382683 0.909844
vn 0.160430 -0.382683 0.909844
vn 0.160430 -0.382683 0.909844
vn 0.160430 -0.382683 0.909844
vn 0.066454 -0.923876 0.376877
vn 0.066454 -0.923876 0.376877
vn 0.066454 -0.923876 0.376877
vn 0.066454 -0.923876 0.376877
vn -0.843391 0.000000 0.537301
vn -0.843391 0.000000 0.537301
vn -0.843391 0.000000 0.537301
vn -0.843391 0.000000 0.537301
vn -0.216449 0.000000 0.976294
vn -0.216449 0.000000 0.976294
vn -0.216449 0.000000 0.976294
vn -0.216449 0.000000 0.976294
vn 0.909832 -0.382711 -0.160428
vn 0.909832 -0.382711 -0.160428
vn 0.909832 -0.382711 -0.160428
vn 0.909832 -0.382711 -0.160428
vn 0.376886 -0.923873 -0.066455
vn 0.376886 -0.923873 -0.066455
vn 0.376886 -0.923873 -0.066455
vn 0.376886 -0.923873 -0.066455
vn 0.537308 0.000000 0.843386
vn 0.537308 0.000000 0.843386
vn 0.537308 0.000000 0.843386
vn 0.537308 0.000000 0.843386
vn 0.976296 0.000000 0.216441
vn 0.976296 0.000000 0.216441
vn 0.976296 0.000000 0.216441
vn 0.976296 0.000000 0.216441
vn -0.909832 0.382711 0.160428
vn -0.909832 0.382711 0.160428
vn -0.909832 0.382711 0.160428
vn -0.909832 0.382711 0.160428
vn -0.376886 0.923873 0.066455
vn -0.376886 0.923873 0.066455
vn -0.376886 0.923873 0.066455
vn -0.376886 0.923873 0.066455
vn 0.066454 0.923876 0.376877
vn 0.066454 0.923876 0.376877
vn 0.066454 0.923876 0.376877
vn 0.066454 0.923876 0.376877
vn 0.160430 0.382683 0.909844
vn 0.160430 0.382683 0.909844
vn 0.160430 0.382683 0.909844
vn 0.160430 0.382683 0.909844
vn 0.376886 0.923873 -0.066455
vn 0.376886 0.923873 -0.066455
vn 0.376886 0.923873 -0.066455
vn 0.376886 0.923873 -0.066455
vn 0.909832 0.382711 -0.160428
vn 0.909832 0.382711 -0.160428
vn 0.909832 0.382711 -0.160428
vn 0.909832 0.382711 -0.160428
vn -0.976296 0.000000 -0.216441
vn -0.976296 0.000000 -0.216441
vn -0.976296 0.000000 -0.216441
vn -0.976296 0.000000 -0.216441
vn -0.537308 0.000000 -0.843386
vn -0.537308 0.000000 -0.843386
vn -0.537308 0.000000 -0.843386
vn -0.537308 0.000000 -0.843386
vn -0.160430 0.382683 -0.909844
vn -0.160430 0.382683 -0.909844
vn -0.160430 0.382683 -0.909844
vn -0.160430 0.382683 -0.909844
vn -0.066454 0.923876 -0.376877
vn -0.066454 0.923876 -0.376877
vn -0.066454 0.923876 -0.376877
vn -0.066454 0.923876 -0.376877
vn 0.216449 0.000000 -0.976294
vn 0.216449 0.000000 -0.976294
vn 0.216449 0.000000 -0.976294
vn 0.216449 0.000000 -0.976294
vn 0.843391 0.000000 -0.537301
vn 0.843391 0.000000 -0.537301
vn 0.843391 0.000000 -0.537301
vn 0.843391 0.000000 -0.537301
vn -0.066454 -0.923876 -0.376877
vn -0.066454 -0.923876 -0.376877
vn -0.066454 -0.923876 -0.376877
vn -0.066454 -0.923876 -0.376877
vn -0.160430 -0.382683 -0.909844
vn -0.160430 -0.382683 -0.909844
vn -0.160430 -0.382683 -0.909844
vn -0.160430 -0.382683 -0.909844
vn 0.173648 0.000000 0.984808
vn 0.173648 0.000000 0.984808
vn 0.173648 0.000000 0.984808
vn 0.173648 0.000000 0.984808
vn 0.000000 1.000000 0.000000
vn 0.000000 1.000000 0.000000
vn 0.000000 1.000000 0.000000
vn 0.000000 1.000000 0.000000
vn -0.173648 0.000000 -0.984808
vn -0.173648 0.000000 -0.984808
vn -0.173648 0.000000 -0.984808
vn -0.173648 0.000000 -0.984808
vn 0.000000 -1.000000 0.000000
vn 0.000000 -1.000000 0.000000
vn 0.000000 -1.000000 0.000000
vn 0.000000 -1.000000 0.000000
vn 0.984808 0.000000 -0.173648
vn 0.984808 0.000000 -0.173648
vn 0.984808 0.000000 -0.173648
vn 0.984808 0.000000 -0.173648
vn -0.984808 0.000000 0.173648
vn -0.984808 0.000000 0.173648
vn -0.984808 0.000000 0.173648
vn -0.984808 0.000000 0.173648
vn -0.468336 -0.577341 0.668834
vn -0.468336 -0.577341 0.668834
vn -0.468336 -0.577341 0.668834
vn -0.468336 -0.577341 0.668834
vn -0.468336 -0.577341 0.668834
vn -0.468336 -0.577341 0.668834
vn 0.668848 -0.577343 0.468313
vn 0.668848 -0.577343 0.468313
vn 0.668848 -0.577343 0.468313
vn 0.668848 -0.577343 0.468313
vn 0.668848 -0.577343 0.468313
vn 0.668848 -0.577343 0.468313
vn -0.468339 0.577343 0.668830
vn -0.468339 0.577343 0.668830
vn -0.468339 0.577343 0.668830
vn -0.468339 0.577343 0.668830
vn -0.468339 0.577343 0.668830
vn -0.468339 0.577343 0.668830
vn 0.668847 0.577341 0.468318
vn 0.668847 0.577341 0.468318
vn 0.668847 0.577341 0.468318
vn 0.668847 0.577341 0.468318
vn 0.668847 0.577341 0.468318
vn 0.668847 0.577341 0.468318
vn -0.668841 0.577347 -0.468319
vn -0.668841 0.577347 -0.468319
vn -0.668841 0.577347 -0.468319
vn -0.668841 0.577347 -0.468319
vn -0.668841 0.577347 -0.468319
vn -0.668841 0.577347 -0.468319
vn 0.468336 0.577341 -0.668834
vn 0.468336 0.577341 -0.668834
vn 0.468336 0.577341 -0.668834
vn 0.468336 0.577341 -0.668834
vn 0.468336 0.577341 -0.668834
vn 0.468336 0.577341 -0.668834
vn -0.668848 -0.577343 -0.468313
vn -0.668848 -0.577343 -0.468313
vn -0.668848 -0.577343 -0.468313
vn -0.668848 -0.577343 -0.468313
vn -0.668848 -0.577343 -0.468313
vn -0.668848 -0.577343 -0.468313
vn 0.468336 -0.577341 -0.668834
vn 0.468336 -0.577341 -0.668834
vn 0.468336 -0.577341 -0.668834
vn 0.468336 -0.577341 -0.668834
vn 0.468336 -0.577341 -0.668834
vn 0.468336 -0.577341 -0.668834
s off
g GRP_Retro_Office_Desk GRP_Props_Backrooms Backrooms_Level0_Master_GRP Desk_Drawer_Face_2
usemtl M_Retro_Walnut_WoodSG
f 194/535/673 193/626/674 229/652/675 234/589/676
f 193/625/677 198/598/678 230/562/679 229/651/680
f 196/539/681 195/627/682 203/634/683 202/578/684
f 195/628/685 194/535/686 204/543/687 203/633/688
f 198/598/689 197/629/690 207/636/691 206/599/692
f 197/629/693 196/539/694 208/555/695 207/636/696
f 200/547/697 199/630/698 235/657/699 240/572/700
f 199/631/701 204/543/702 236/574/703 235/656/704
f 202/578/705 201/632/706 215/640/707 214/556/708
f 201/632/709 200/547/710 216/559/711 215/640/712
f 206/599/713 205/635/714 219/644/715 218/600/716
f 205/635/717 210/581/718 220/567/719 219/643/720
f 210/581/721 209/637/722 213/639/723 212/582/724
f 209/637/725 208/555/726 214/556/727 213/639/728
f 212/582/729 211/638/730 227/650/731 226/568/732
f 211/638/733 216/559/734 228/571/735 227/649/736
f 218/600/737 217/642/738 231/654/739 230/562/740
f 217/641/741 222/585/742 232/575/743 231/653/744
f 222/585/745 221/645/746 225/648/747 224/586/748
f 221/645/749 220/567/750 226/568/751 225/648/752
f 224/586/753 223/646/754 239/660/755 238/576/756
f 223/647/757 228/571/758 240/572/759 239/659/760
f 234/589/761 233/655/762 237/658/763 236/574/764
f 233/655/765 232/575/766 238/576/767 237/658/768
f 196/539/769 202/578/770 214/556/771 208/555/772
f 210/581/773 212/582/774 226/568/775 220/567/776
f 222/585/777 224/586/778 238/576/779 232/575/780
f 234/589/781 236/574/782 204/543/783 194/535/784
f 200/547/785 240/572/786 228/571/787 216/559/788
f 230/562/789 198/598/790 206/599/791 218/600/792
f 193/625/793 194/601/794 195/627/795 196/539/796 197/629/797 198/598/798
f 199/630/799 200/547/800 201/632/801 202/578/802 203/634/803 204/606/804
f 205/635/805 206/599/806 207/636/807 208/555/808 209/637/809 210/581/810
f 211/638/811 212/582/812 213/639/813 214/556/814 215/640/815 216/559/816
f 217/641/817 218/613/818 219/643/819 220/567/820 221/645/821 222/585/822
f 223/646/823 224/586/824 225/648/825 226/568/826 227/650/827 228/618/828
f 229/652/829 230/619/830 231/653/831 232/575/832 233/655/833 234/589/834
f 235/656/835 236/574/836 237/658/837 238/576/838 239/660/839 240/624/840
g default
v -207.452424 33.223429 7.481384
v -207.396721 33.200000 7.471562
v -207.386899 33.223429 7.527265
v -207.382830 33.279992 7.550339
v -207.442602 33.279992 7.537088
v -207.475497 33.279992 7.485452
v -193.711262 33.223429 5.058446
v -193.688189 33.279992 5.054378
v -193.701440 33.279992 5.114150
v -193.753075 33.279992 5.147045
v -193.757143 33.223429 5.123972
v -193.766965 33.200000 5.068268
v -207.452424 34.776571 7.481384
v -207.475497 34.720008 7.485452
v -207.442602 34.720008 7.537088
v -207.382830 34.720008 7.550339
v -207.386899 34.776571 7.527265
v -207.396721 34.800000 7.471562
v -193.711262 34.776571 5.058446
v -193.766965 34.800000 5.068268
v -193.757143 34.776571 5.123972
v -193.753075 34.720008 5.147045
v -193.701440 34.720008 5.114150
v -193.688189 34.720008 5.054378
v -207.712302 34.720008 6.007541
v -207.725553 34.720008 6.067313
v -207.702480 34.776571 6.063245
v -207.646777 34.800000 6.053423
v -207.656599 34.776571 5.997719
v -207.660667 34.720008 5.974646
v -193.971140 34.720008 3.584604
v -194.030912 34.720008 3.571353
v -194.026843 34.776571 3.594426
v -194.017021 34.800000 3.650129
v -193.961318 34.776571 3.640307
v -193.938245 34.720008 3.636239
v -207.702480 33.223429 6.063245
v -207.725553 33.279992 6.067313
v -207.712302 33.279992 6.007541
v -207.660667 33.279992 5.974646
v -207.656599 33.223429 5.997719
v -207.646777 33.200000 6.053423
v -193.961318 33.223429 3.640307
v -194.017021 33.200000 3.650129
v -194.026843 33.223429 3.594426
v -194.030912 33.279992 3.571353
v -193.971140 33.279992 3.584604
v -193.938245 33.279992 3.636239
vt 0.331905 0.987501
vt 0.331905 0.762499
vt 0.313502 0.012499
vt 0.016498 0.012499
vt 0.331905 0.012499
vt 0.661429 0.012499
vt 0.331905 0.987501
vt 0.661429 0.987501
vt 0.313502 0.012499
vt 0.313502 0.237501
vt 0.331905 0.012499
vt 0.331905 0.237501
vt 0.680165 0.012499
vt 0.983168 0.012499
vt 0.661429 0.987501
vt 0.661429 0.762499
vt 0.661429 0.012499
vt 0.661429 0.237501
vt 0.680165 0.012499
vt 0.680165 0.237501
vt 0.313502 0.237501
vt 0.016498 0.237501
vt 0.331905 0.262499
vt 0.331905 0.487501
vt 0.331905 0.262499
vt 0.661429 0.262499
vt 0.331905 0.237501
vt 0.661429 0.237501
vt 0.661429 0.262499
vt 0.661429 0.487501
vt 0.680165 0.237501
vt 0.983168 0.237501
vt 0.016498 0.237501
vt 0.016498 0.012499
vt 0.331905 0.512499
vt 0.331905 0.737501
vt 0.331905 0.512499
vt 0.661429 0.512499
vt 0.331905 0.487501
vt 0.661429 0.487501
vt 0.661429 0.512499
vt 0.661429 0.737501
vt 0.983168 0.237501
vt 0.983168 0.012499
vt 0.331905 0.762499
vt 0.661429 0.762499
vt 0.331905 0.737501
vt 0.661429 0.737501
vt 0.331905 0.012499
vt 0.661429 0.012499
vt 0.661429 0.237501
vt 0.331905 0.237501
vt 0.331905 0.262499
vt 0.661429 0.262499
vt 0.661429 0.487501
vt 0.331905 0.487501
vt 0.331905 0.512499
vt 0.661429 0.512499
vt 0.661429 0.737501
vt 0.331905 0.737501
vt 0.331905 0.762499
vt 0.661429 0.762499
vt 0.661429 0.987501
vt 0.331905 0.987501
vt 0.680165 0.012499
vt 0.983168 0.012499
vt 0.983168 0.237501
vt 0.680165 0.237501
vt 0.016498 0.012499
vt 0.313502 0.012499
vt 0.313502 0.237501
vt 0.016498 0.237501
vt 0.331905 0.000000
vt 0.331905 0.012499
vt 0.313502 0.012499
vt 0.680165 0.012499
vt 0.661429 0.012499
vt 0.661429 -0.000000
vt 0.313502 0.237501
vt 0.331905 0.237501
vt 0.331905 0.262499
vt 0.661429 0.262499
vt 0.661429 0.237501
vt 0.680165 0.237501
vt 0.330000 0.487501
vt 0.331905 0.487501
vt 0.331905 0.512499
vt 0.661429 0.512499
vt 0.661429 0.487501
vt 0.663333 0.487501
vt 0.330000 0.737501
vt 0.331905 0.737501
vt 0.331905 0.762499
vt 0.661429 0.762499
vt 0.661429 0.737501
vt 0.663333 0.737501
vt 0.319546 0.000490
vt 0.331830 0.977705
vt 0.333349 0.000000
vt 0.333349 0.987501
vt 0.322704 0.012867
vt 0.674036 0.000490
vt 0.661503 0.977705
vt 0.670732 0.012585
vt 0.659984 0.987501
vt 0.659984 -0.000000
vt 0.330000 0.250000
vt 0.323019 0.237427
vt 0.331911 0.250000
vt 0.663333 0.250000
vt 0.661427 0.249979
vt 0.670797 0.237133
vt 0.330000 0.497297
vt 0.016498 0.228685
vt 0.330000 0.477816
vt 0.029283 0.238011
vt 0.331911 0.500000
vt 0.663333 0.497297
vt 0.983168 0.228685
vt 0.661427 0.499971
vt 0.970125 0.238011
vt 0.663333 0.477816
vt 0.028857 0.012009
vt 0.330075 0.747297
vt 0.330000 0.727705
vt 0.016498 0.021315
vt 0.331911 0.750000
vt 0.663259 0.747297
vt 0.970561 0.012009
vt 0.661427 0.749971
vt 0.983168 0.021315
vt 0.663333 0.727705
vn -0.376870 -0.923880 0.066452
vn -0.376870 -0.923880 0.066452
vn -0.376870 -0.923880 0.066452
vn -0.376870 -0.923880 0.066452
vn -0.909844 -0.382682 0.160430
vn -0.909844 -0.382682 0.160430
vn -0.909844 -0.382682 0.160430
vn -0.909844 -0.382682 0.160430
vn 0.160430 -0.382683 0.909844
vn 0.160430 -0.382683 0.909844
vn 0.160430 -0.382683 0.909844
vn 0.160430 -0.382683 0.909844
vn 0.066452 -0.923880 0.376869
vn 0.066452 -0.923880 0.376869
vn 0.066452 -0.923880 0.376869
vn 0.066452 -0.923880 0.376869
vn -0.843393 0.000000 0.537297
vn -0.843393 0.000000 0.537297
vn -0.843393 0.000000 0.537297
vn -0.843393 0.000000 0.537297
vn -0.216439 0.000000 0.976296
vn -0.216439 0.000000 0.976296
vn -0.216439 0.000000 0.976296
vn -0.216439 0.000000 0.976296
vn 0.909844 -0.382682 -0.160430
vn 0.909844 -0.382682 -0.160430
vn 0.909844 -0.382682 -0.160430
vn 0.909844 -0.382682 -0.160430
vn 0.376870 -0.923880 -0.066452
vn 0.376870 -0.923880 -0.066452
vn 0.376870 -0.923880 -0.066452
vn 0.376870 -0.923880 -0.066452
vn 0.537299 0.000000 0.843392
vn 0.537299 0.000000 0.843392
vn 0.537299 0.000000 0.843392
vn 0.537299 0.000000 0.843392
vn 0.976297 0.000000 0.216436
vn 0.976297 0.000000 0.216436
vn 0.976297 0.000000 0.216436
vn 0.976297 0.000000 0.216436
vn -0.909844 0.382682 0.160430
vn -0.909844 0.382682 0.160430
vn -0.909844 0.382682 0.160430
vn -0.909844 0.382682 0.160430
vn -0.376870 0.923880 0.066452
vn -0.376870 0.923880 0.066452
vn -0.376870 0.923880 0.066452
vn -0.376870 0.923880 0.066452
vn 0.066452 0.923880 0.376869
vn 0.066452 0.923880 0.376869
vn 0.066452 0.923880 0.376869
vn 0.066452 0.923880 0.376869
vn 0.160430 0.382683 0.909844
vn 0.160430 0.382683 0.909844
vn 0.160430 0.382683 0.909844
vn 0.160430 0.382683 0.909844
vn 0.376870 0.923880 -0.066452
vn 0.376870 0.923880 -0.066452
vn 0.376870 0.923880 -0.066452
vn 0.376870 0.923880 -0.066452
vn 0.909844 0.382682 -0.160430
vn 0.909844 0.382682 -0.160430
vn 0.909844 0.382682 -0.160430
vn 0.909844 0.382682 -0.160430
vn -0.976297 0.000000 -0.216436
vn -0.976297 0.000000 -0.216436
vn -0.976297 0.000000 -0.216436
vn -0.976297 0.000000 -0.216436
vn -0.537299 0.000000 -0.843392
vn -0.537299 0.000000 -0.843392
vn -0.537299 0.000000 -0.843392
vn -0.537299 0.000000 -0.843392
vn -0.160430 0.382683 -0.909844
vn -0.160430 0.382683 -0.909844
vn -0.160430 0.382683 -0.909844
vn -0.160430 0.382683 -0.909844
vn -0.066452 0.923880 -0.376869
vn -0.066452 0.923880 -0.376869
vn -0.066452 0.923880 -0.376869
vn -0.066452 0.923880 -0.376869
vn 0.216439 0.000000 -0.976296
vn 0.216439 0.000000 -0.976296
vn 0.216439 0.000000 -0.976296
vn 0.216439 0.000000 -0.976296
vn 0.843393 0.000000 -0.537297
vn 0.843393 0.000000 -0.537297
vn 0.843393 0.000000 -0.537297
vn 0.843393 0.000000 -0.537297
vn -0.066452 -0.923880 -0.376869
vn -0.066452 -0.923880 -0.376869
vn -0.066452 -0.923880 -0.376869
vn -0.066452 -0.923880 -0.376869
vn -0.160430 -0.382683 -0.909844
vn -0.160430 -0.382683 -0.909844
vn -0.160430 -0.382683 -0.909844
vn -0.160430 -0.382683 -0.909844
vn 0.173648 0.000000 0.984808
vn 0.173648 0.000000 0.984808
vn 0.173648 0.000000 0.984808
vn 0.173648 0.000000 0.984808
vn 0.000000 1.000000 0.000000
vn 0.000000 1.000000 0.000000
vn 0.000000 1.000000 0.000000
vn 0.000000 1.000000 0.000000
vn -0.173648 0.000000 -0.984808
vn -0.173648 0.000000 -0.984808
vn -0.173648 0.000000 -0.984808
vn -0.173648 0.000000 -0.984808
vn 0.000000 -1.000000 0.000000
vn 0.000000 -1.000000 0.000000
vn 0.000000 -1.000000 0.000000
vn 0.000000 -1.000000 0.000000
vn 0.984808 0.000000 -0.173648
vn 0.984808 0.000000 -0.173648
vn 0.984808 0.000000 -0.173648
vn 0.984808 0.000000 -0.173648
vn -0.984808 0.000000 0.173648
vn -0.984808 0.000000 0.173648
vn -0.984808 0.000000 0.173648
vn -0.984808 0.000000 0.173648
vn -0.468324 -0.577349 0.668836
vn -0.468324 -0.577349 0.668836
vn -0.468324 -0.577349 0.668836
vn -0.468324 -0.577349 0.668836
vn -0.468324 -0.577349 0.668836
vn -0.468324 -0.577349 0.668836
vn 0.668836 -0.577349 0.468323
vn 0.668836 -0.577349 0.468323
vn 0.668836 -0.577349 0.468323
vn 0.668836 -0.577349 0.468323
vn 0.668836 -0.577349 0.468323
vn 0.668836 -0.577349 0.468323
vn -0.468324 0.577349 0.668835
vn -0.468324 0.577349 0.668835
vn -0.468324 0.577349 0.668835
vn -0.468324 0.577349 0.668835
vn -0.468324 0.577349 0.668835
vn -0.468324 0.577349 0.668835
vn 0.668836 0.577349 0.468324
vn 0.668836 0.577349 0.468324
vn 0.668836 0.577349 0.468323
vn 0.668836 0.577349 0.468324
vn 0.668836 0.577349 0.468324
vn 0.668836 0.577349 0.468324
vn -0.668835 0.577350 -0.468323
vn -0.668835 0.577350 -0.468323
vn -0.668835 0.577350 -0.468323
vn -0.668835 0.577350 -0.468323
vn -0.668835 0.577350 -0.468323
vn -0.668835 0.577350 -0.468323
vn 0.468324 0.577349 -0.668836
vn 0.468324 0.577349 -0.668836
vn 0.468324 0.577349 -0.668836
vn 0.468324 0.577349 -0.668836
vn 0.468324 0.577349 -0.668836
vn 0.468324 0.577349 -0.668836
vn -0.668836 -0.577349 -0.468323
vn -0.668836 -0.577349 -0.468323
vn -0.668836 -0.577349 -0.468323
vn -0.668836 -0.577349 -0.468323
vn -0.668836 -0.577349 -0.468323
vn -0.668836 -0.577349 -0.468323
vn 0.468324 -0.577349 -0.668836
vn 0.468324 -0.577349 -0.668836
vn 0.468324 -0.577349 -0.668836
vn 0.468324 -0.577349 -0.668836
vn 0.468324 -0.577349 -0.668836
vn 0.468324 -0.577349 -0.668836
s off
g GRP_Retro_Office_Desk GRP_Props_Backrooms Backrooms_Level0_Master_GRP Desk_Drawer_Handle_2
usemtl M_Stainless_SteelSG
f 242/667/841 241/758/842 277/784/843 282/721/844
f 241/757/845 246/730/846 278/694/847 277/783/848
f 244/671/849 243/759/850 251/766/851 250/710/852
f 243/760/853 242/667/854 252/675/855 251/765/856
f 246/730/857 245/761/858 255/768/859 254/731/860
f 245/761/861 244/671/862 256/687/863 255/768/864
f 248/679/865 247/762/866 283/789/867 288/704/868
f 247/763/869 252/675/870 284/706/871 283/788/872
f 250/710/873 249/764/874 263/772/875 262/688/876
f 249/764/877 248/679/878 264/691/879 263/772/880
f 254/731/881 253/767/882 267/776/883 266/732/884
f 253/767/885 258/713/886 268/699/887 267/775/888
f 258/713/889 257/769/890 261/771/891 260/714/892
f 257/769/893 256/687/894 262/688/895 261/771/896
f 260/714/897 259/770/898 275/782/899 274/700/900
f 259/770/901 264/691/902 276/703/903 275/781/904
f 266/732/905 265/774/906 279/786/907 278/694/908
f 265/773/909 270/717/910 280/707/911 279/785/912
f 270/717/913 269/777/914 273/780/915 272/718/916
f 269/777/917 268/699/918 274/700/919 273/780/920
f 272/718/921 271/778/922 287/792/923 286/708/924
f 271/779/925 276/703/926 288/704/927 287/791/928
f 282/721/929 281/787/930 285/790/931 284/706/932
f 281/787/933 280/707/934 286/708/935 285/790/936
f 244/671/937 250/710/938 262/688/939 256/687/940
f 258/713/941 260/714/942 274/700/943 268/699/944
f 270/717/945 272/718/946 286/708/947 280/707/948
f 282/721/949 284/706/950 252/675/951 242/667/952
f 248/679/953 288/704/954 276/703/955 264/691/956
f 278/694/957 246/730/958 254/731/959 266/732/960
f 241/757/961 242/733/962 243/759/963 244/671/964 245/761/965 246/730/966
f 247/762/967 248/679/968 249/764/969 250/710/970 251/766/971 252/738/972
f 253/767/973 254/731/974 255/768/975 256/687/976 257/769/977 258/713/978
f 259/770/979 260/714/980 261/771/981 262/688/982 263/772/983 264/691/984
f 265/773/985 266/745/986 267/775/987 268/699/988 269/777/989 270/717/990
f 271/778/991 272/718/992 273/780/993 274/700/994 275/782/995 276/750/996
f 277/784/997 278/751/998 279/785/999 280/707/1000 281/787/1001 282/721/1002
f 283/788/1003 284/706/1004 285/790/1005 286/708/1006 287/792/1007 288/756/1008
g default
v -220.948182 1.312886 8.171377
v -220.917545 1.300000 8.165975
v -220.912143 1.312886 8.196611
v -220.909906 1.343996 8.209302
v -220.942780 1.343996 8.202013
v -220.960872 1.343996 8.173614
v -180.793407 1.312886 1.091006
v -180.780716 1.343996 1.088769
v -180.788005 1.343996 1.121643
v -180.816403 1.343996 1.139736
v -180.818641 1.312886 1.127045
v -180.824043 1.300000 1.096408
v -220.948182 24.687114 8.171377
v -220.960872 24.656004 8.173614
v -220.942780 24.656004 8.202013
v -220.909906 24.656004 8.209302
v -220.912143 24.687114 8.196611
v -220.917545 24.700000 8.165975
v -180.793407 24.687114 1.091006
v -180.824043 24.700000 1.096408
v -180.818641 24.687114 1.127045
v -180.816403 24.656004 1.139736
v -180.788005 24.656004 1.121643
v -180.780716 24.656004 1.088769
v -221.320330 24.656004 6.060817
v -221.327618 24.656004 6.093692
v -221.314928 24.687114 6.091454
v -221.284292 24.700000 6.086052
v -221.289694 24.687114 6.055415
v -221.291932 24.656004 6.042725
v -181.165555 24.656004 -1.019553
v -181.198429 24.656004 -1.026842
v -181.196191 24.687114 -1.014151
v -181.190789 24.700000 -0.983514
v -181.160153 24.687114 -0.988916
v -181.147463 24.656004 -0.991154
v -221.314928 1.312886 6.091454
v -221.327618 1.343996 6.093692
v -221.320330 1.343996 6.060817
v -221.291932 1.343996 6.042725
v -221.289694 1.312886 6.055415
v -221.284292 1.300000 6.086052
v -181.160153 1.312886 -0.988916
v -181.190789 1.300000 -0.983514
v -181.196191 1.312886 -1.014151
v -181.198429 1.343996 -1.026842
v -181.165555 1.343996 -1.019553
v -181.147463 1.343996 -0.991154
vt 0.330359 0.995000
vt 0.330359 0.755000
vt 0.323397 0.000472
vt 0.006599 0.000472
vt 0.330359 0.000470
vt 0.662974 0.000470
vt 0.330359 0.995000
vt 0.662974 0.995000
vt 0.323397 0.000472
vt 0.323401 0.249530
vt 0.330359 0.000470
vt 0.330359 0.249530
vt 0.670066 0.000472
vt 0.993263 0.000472
vt 0.662974 0.995000
vt 0.662974 0.755000
vt 0.662974 0.000470
vt 0.662974 0.249530
vt 0.670066 0.000472
vt 0.670066 0.249530
vt 0.323401 0.249530
vt 0.006599 0.249530
vt 0.330359 0.254999
vt 0.330359 0.495000
vt 0.330359 0.254999
vt 0.662974 0.255000
vt 0.330359 0.249530
vt 0.662974 0.249530
vt 0.662974 0.255000
vt 0.662974 0.495000
vt 0.670066 0.249530
vt 0.993267 0.249530
vt 0.006599 0.249530
vt 0.006599 0.000472
vt 0.330359 0.500470
vt 0.330359 0.749530
vt 0.330359 0.500470
vt 0.662974 0.500470
vt 0.330359 0.495000
vt 0.662974 0.495000
vt 0.662974 0.500470
vt 0.662974 0.749530
vt 0.993267 0.249530
vt 0.993263 0.000472
vt 0.330359 0.755000
vt 0.662974 0.755000
vt 0.330359 0.749530
vt 0.662974 0.749530
vt 0.330359 0.000470
vt 0.662974 0.000470
vt 0.662974 0.249530
vt 0.330359 0.249530
vt 0.330359 0.254999
vt 0.662974 0.255000
vt 0.662974 0.495000
vt 0.330359 0.495000
vt 0.330359 0.500470
vt 0.662974 0.500470
vt 0.662974 0.749530
vt 0.330359 0.749530
vt 0.330359 0.755000
vt 0.662974 0.755000
vt 0.662974 0.995000
vt 0.330359 0.995000
vt 0.670066 0.000472
vt 0.993263 0.000472
vt 0.993267 0.249530
vt 0.670066 0.249530
vt 0.006599 0.000472
vt 0.323397 0.000472
vt 0.323401 0.249530
vt 0.006599 0.249530
vt 0.330359 -0.000000
vt 0.330359 0.000470
vt 0.323397 0.000472
vt 0.670066 0.000472
vt 0.662974 0.000470
vt 0.662974 -0.000000
vt 0.323401 0.249530
vt 0.330359 0.249530
vt 0.330359 0.254999
vt 0.662974 0.255000
vt 0.662974 0.249530
vt 0.670066 0.249530
vt 0.330000 0.495000
vt 0.330359 0.495000
vt 0.330359 0.500470
vt 0.662974 0.500470
vt 0.662974 0.495000
vt 0.663333 0.495000
vt 0.330000 0.749530
vt 0.330359 0.749530
vt 0.330359 0.755000
vt 0.662974 0.755000
vt 0.662974 0.749530
vt 0.663333 0.749530
vt 0.325357 0.000007
vt 0.330354 0.991208
vt 0.330634 -0.000000
vt 0.330634 0.995000
vt 0.326878 0.000471
vt 0.668077 0.000007
vt 0.662979 0.991208
vt 0.666519 0.000471
vt 0.662699 0.995000
vt 0.662699 -0.000000
vt 0.330000 0.250000
vt 0.326885 0.249530
vt 0.330360 0.252265
vt 0.663333 0.250000
vt 0.662974 0.252263
vt 0.666520 0.249529
vt 0.330000 0.495367
vt 0.006599 0.249171
vt 0.330000 0.491156
vt 0.011675 0.249537
vt 0.330360 0.497735
vt 0.663333 0.495367
vt 0.993267 0.249171
vt 0.662974 0.497734
vt 0.988090 0.249537
vt 0.663333 0.491156
vt 0.011602 0.000464
vt 0.330006 0.753323
vt 0.330000 0.749163
vt 0.006599 0.000830
vt 0.330360 0.752265
vt 0.663328 0.753323
vt 0.988160 0.000464
vt 0.662974 0.752264
vt 0.993263 0.000830
vt 0.663333 0.749163
vn -0.376886 -0.923873 0.066455
vn -0.376886 -0.923873 0.066455
vn -0.376886 -0.923873 0.066455
vn -0.376886 -0.923873 0.066455
vn -0.909832 -0.382711 0.160428
vn -0.909832 -0.382711 0.160428
vn -0.909832 -0.382711 0.160428
vn -0.909832 -0.382711 0.160428
vn 0.160430 -0.382683 0.909844
vn 0.160430 -0.382683 0.909844
vn 0.160430 -0.382683 0.909844
vn 0.160430 -0.382683 0.909844
vn 0.066454 -0.923876 0.376877
vn 0.066454 -0.923876 0.376877
vn 0.066454 -0.923876 0.376877
vn 0.066454 -0.923876 0.376877
vn -0.843391 0.000000 0.537300
vn -0.843391 0.000000 0.537300
vn -0.843391 0.000000 0.537300
vn -0.843391 0.000000 0.537300
vn -0.216449 0.000000 0.976294
vn -0.216449 0.000000 0.976294
vn -0.216449 0.000000 0.976294
vn -0.216449 0.000000 0.976294
vn 0.909832 -0.382711 -0.160428
vn 0.909832 -0.382711 -0.160428
vn 0.909832 -0.382711 -0.160428
vn 0.909832 -0.382711 -0.160428
vn 0.376886 -0.923873 -0.066455
vn 0.376886 -0.923873 -0.066455
vn 0.376886 -0.923873 -0.066455
vn 0.376886 -0.923873 -0.066455
vn 0.537308 0.000000 0.843386
vn 0.537308 0.000000 0.843386
vn 0.537308 0.000000 0.843386
vn 0.537308 0.000000 0.843386
vn 0.976296 0.000000 0.216440
vn 0.976296 0.000000 0.216440
vn 0.976296 0.000000 0.216440
vn 0.976296 0.000000 0.216440
vn -0.909832 0.382711 0.160428
vn -0.909832 0.382711 0.160428
vn -0.909832 0.382711 0.160428
vn -0.909832 0.382711 0.160428
vn -0.376886 0.923873 0.066455
vn -0.376886 0.923873 0.066455
vn -0.376886 0.923873 0.066455
vn -0.376886 0.923873 0.066455
vn 0.066454 0.923876 0.376877
vn 0.066454 0.923876 0.376877
vn 0.066454 0.923876 0.376877
vn 0.066454 0.923876 0.376877
vn 0.160430 0.382683 0.909844
vn 0.160430 0.382683 0.909844
vn 0.160430 0.382683 0.909844
vn 0.160430 0.382683 0.909844
vn 0.376886 0.923873 -0.066455
vn 0.376886 0.923873 -0.066455
vn 0.376886 0.923873 -0.066455
vn 0.376886 0.923873 -0.066455
vn 0.909832 0.382711 -0.160428
vn 0.909832 0.382711 -0.160428
vn 0.909832 0.382711 -0.160428
vn 0.909832 0.382711 -0.160428
vn -0.976296 0.000000 -0.216440
vn -0.976296 0.000000 -0.216440
vn -0.976296 0.000000 -0.216440
vn -0.976296 0.000000 -0.216440
vn -0.537308 0.000000 -0.843386
vn -0.537308 0.000000 -0.843386
vn -0.537308 0.000000 -0.843386
vn -0.537308 0.000000 -0.843386
vn -0.160430 0.382683 -0.909844
vn -0.160430 0.382683 -0.909844
vn -0.160430 0.382683 -0.909844
vn -0.160430 0.382683 -0.909844
vn -0.066454 0.923876 -0.376877
vn -0.066454 0.923876 -0.376877
vn -0.066454 0.923876 -0.376877
vn -0.066454 0.923876 -0.376877
vn 0.216449 0.000000 -0.976294
vn 0.216449 0.000000 -0.976294
vn 0.216449 0.000000 -0.976294
vn 0.216449 0.000000 -0.976294
vn 0.843391 0.000000 -0.537300
vn 0.843391 0.000000 -0.537300
vn 0.843391 0.000000 -0.537300
vn 0.843391 0.000000 -0.537300
vn -0.066454 -0.923876 -0.376877
vn -0.066454 -0.923876 -0.376877
vn -0.066454 -0.923876 -0.376877
vn -0.066454 -0.923876 -0.376877
vn -0.160430 -0.382683 -0.909844
vn -0.160430 -0.382683 -0.909844
vn -0.160430 -0.382683 -0.909844
vn -0.160430 -0.382683 -0.909844
vn 0.173648 0.000000 0.984808
vn 0.173648 0.000000 0.984808
vn 0.173648 0.000000 0.984808
vn 0.173648 0.000000 0.984808
vn 0.000000 1.000000 0.000000
vn 0.000000 1.000000 0.000000
vn 0.000000 1.000000 0.000000
vn 0.000000 1.000000 0.000000
vn -0.173648 0.000000 -0.984808
vn -0.173648 0.000000 -0.984808
vn -0.173648 0.000000 -0.984808
vn -0.173648 0.000000 -0.984808
vn 0.000000 -1.000000 0.000000
vn 0.000000 -1.000000 0.000000
vn 0.000000 -1.000000 0.000000
vn 0.000000 -1.000000 0.000000
vn 0.984808 0.000000 -0.173648
vn 0.984808 0.000000 -0.173648
vn 0.984808 0.000000 -0.173648
vn 0.984808 0.000000 -0.173648
vn -0.984808 0.000000 0.173648
vn -0.984808 0.000000 0.173648
vn -0.984808 0.000000 0.173648
vn -0.984808 0.000000 0.173648
vn -0.468336 -0.577341 0.668834
vn -0.468336 -0.577341 0.668834
vn -0.468336 -0.577341 0.668834
vn -0.468336 -0.577341 0.668834
vn -0.468336 -0.577341 0.668834
vn -0.468336 -0.577341 0.668834
vn 0.668848 -0.577343 0.468313
vn 0.668848 -0.577343 0.468313
vn 0.668848 -0.577343 0.468313
vn 0.668848 -0.577343 0.468313
vn 0.668848 -0.577343 0.468313
vn 0.668848 -0.577343 0.468313
vn -0.468339 0.577343 0.668830
vn -0.468339 0.577343 0.668830
vn -0.468339 0.577343 0.668830
vn -0.468339 0.577343 0.668830
vn -0.468339 0.577343 0.668830
vn -0.468339 0.577343 0.668830
vn 0.668847 0.577341 0.468318
vn 0.668847 0.577341 0.468318
vn 0.668847 0.577341 0.468318
vn 0.668847 0.577341 0.468318
vn 0.668847 0.577341 0.468318
vn 0.668847 0.577341 0.468318
vn -0.668841 0.577347 -0.468319
vn -0.668841 0.577347 -0.468319
vn -0.668841 0.577347 -0.468319
vn -0.668841 0.577347 -0.468319
vn -0.668841 0.577347 -0.468319
vn -0.668841 0.577347 -0.468319
vn 0.468336 0.577341 -0.668834
vn 0.468336 0.577341 -0.668834
vn 0.468336 0.577341 -0.668834
vn 0.468336 0.577341 -0.668834
vn 0.468336 0.577341 -0.668834
vn 0.468336 0.577341 -0.668834
vn -0.668848 -0.577343 -0.468313
vn -0.668848 -0.577343 -0.468313
vn -0.668848 -0.577343 -0.468313
vn -0.668848 -0.577343 -0.468313
vn -0.668848 -0.577343 -0.468313
vn -0.668848 -0.577343 -0.468313
vn 0.468336 -0.577341 -0.668834
vn 0.468336 -0.577341 -0.668834
vn 0.468336 -0.577341 -0.668834
vn 0.468336 -0.577341 -0.668834
vn 0.468336 -0.577341 -0.668834
vn 0.468336 -0.577341 -0.668834
s off
g GRP_Retro_Office_Desk GRP_Props_Backrooms Backrooms_Level0_Master_GRP Desk_Drawer_Face_3
usemtl M_Retro_Walnut_WoodSG
f 290/799/1009 289/890/1010 325/916/1011 330/853/1012
f 289/889/1013 294/862/1014 326/826/1015 325/915/1016
f 292/803/1017 291/891/1018 299/898/1019 298/842/1020
f 291/892/1021 290/799/1022 300/807/1023 299/897/1024
f 294/862/1025 293/893/1026 303/900/1027 302/863/1028
f 293/893/1029 292/803/1030 304/819/1031 303/900/1032
f 296/811/1033 295/894/1034 331/921/1035 336/836/1036
f 295/895/1037 300/807/1038 332/838/1039 331/920/1040
f 298/842/1041 297/896/1042 311/904/1043 310/820/1044
f 297/896/1045 296/811/1046 312/823/1047 311/904/1048
f 302/863/1049 301/899/1050 315/908/1051 314/864/1052
f 301/899/1053 306/845/1054 316/831/1055 315/907/1056
f 306/845/1057 305/901/1058 309/903/1059 308/846/1060
f 305/901/1061 304/819/1062 310/820/1063 309/903/1064
f 308/846/1065 307/902/1066 323/914/1067 322/832/1068
f 307/902/1069 312/823/1070 324/835/1071 323/913/1072
f 314/864/1073 313/906/1074 327/918/1075 326/826/1076
f 313/905/1077 318/849/1078 328/839/1079 327/917/1080
f 318/849/1081 317/909/1082 321/912/1083 320/850/1084
f 317/909/1085 316/831/1086 322/832/1087 321/912/1088
f 320/850/1089 319/910/1090 335/924/1091 334/840/1092
f 319/911/1093 324/835/1094 336/836/1095 335/923/1096
f 330/853/1097 329/919/1098 333/922/1099 332/838/1100
f 329/919/1101 328/839/1102 334/840/1103 333/922/1104
f 292/803/1105 298/842/1106 310/820/1107 304/819/1108
f 306/845/1109 308/846/1110 322/832/1111 316/831/1112
f 318/849/1113 320/850/1114 334/840/1115 328/839/1116
f 330/853/1117 332/838/1118 300/807/1119 290/799/1120
f 296/811/1121 336/836/1122 324/835/1123 312/823/1124
f 326/826/1125 294/862/1126 302/863/1127 314/864/1128
f 289/889/1129 290/865/1130 291/891/1131 292/803/1132 293/893/1133 294/862/1134
f 295/894/1135 296/811/1136 297/896/1137 298/842/1138 299/898/1139 300/870/1140
f 301/899/1141 302/863/1142 303/900/1143 304/819/1144 305/901/1145 306/845/1146
f 307/902/1147 308/846/1148 309/903/1149 310/820/1150 311/904/1151 312/823/1152
f 313/905/1153 314/877/1154 315/907/1155 316/831/1156 317/909/1157 318/849/1158
f 319/910/1159 320/850/1160 321/912/1161 322/832/1162 323/914/1163 324/882/1164
f 325/916/1165 326/883/1166 327/917/1167 328/839/1168 329/919/1169 330/853/1170
f 331/920/1171 332/838/1172 333/922/1173 334/840/1174 335/924/1175 336/888/1176
g default
v -207.452424 12.223429 7.481384
v -207.396721 12.200000 7.471562
v -207.386899 12.223429 7.527265
v -207.382830 12.279992 7.550339
v -207.442602 12.279992 7.537088
v -207.475497 12.279992 7.485452
v -193.711262 12.223429 5.058446
v -193.688189 12.279992 5.054378
v -193.701440 12.279992 5.114150
v -193.753075 12.279992 5.147045
v -193.757143 12.223429 5.123972
v -193.766965 12.200000 5.068268
v -207.452424 13.776571 7.481384
v -207.475497 13.720008 7.485452
v -207.442602 13.720008 7.537088
v -207.382830 13.720008 7.550339
v -207.386899 13.776571 7.527265
v -207.396721 13.800000 7.471562
v -193.711262 13.776571 5.058446
v -193.766965 13.800000 5.068268
v -193.757143 13.776571 5.123972
v -193.753075 13.720008 5.147045
v -193.701440 13.720008 5.114150
v -193.688189 13.720008 5.054378
v -207.712302 13.720008 6.007541
v -207.725553 13.720008 6.067313
v -207.702480 13.776571 6.063245
v -207.646777 13.800000 6.053423
v -207.656599 13.776571 5.997719
v -207.660667 13.720008 5.974646
v -193.971140 13.720008 3.584604
v -194.030912 13.720008 3.571353
v -194.026843 13.776571 3.594426
v -194.017021 13.800000 3.650129
v -193.961318 13.776571 3.640307
v -193.938245 13.720008 3.636239
v -207.702480 12.223429 6.063245
v -207.725553 12.279992 6.067313
v -207.712302 12.279992 6.007541
v -207.660667 12.279992 5.974646
v -207.656599 12.223429 5.997719
v -207.646777 12.200000 6.053423
v -193.961318 12.223429 3.640307
v -194.017021 12.200000 3.650129
v -194.026843 12.223429 3.594426
v -194.030912 12.279992 3.571353
v -193.971140 12.279992 3.584604
v -193.938245 12.279992 3.636239
vt 0.331905 0.987501
vt 0.331905 0.762499
vt 0.313502 0.012499
vt 0.016498 0.012499
vt 0.331905 0.012499
vt 0.661429 0.012499
vt 0.331905 0.987501
vt 0.661429 0.987501
vt 0.313502 0.012499
vt 0.313502 0.237501
vt 0.331905 0.012499
vt 0.331905 0.237501
vt 0.680165 0.012499
vt 0.983168 0.012499
vt 0.661429 0.987501
vt 0.661429 0.762499
vt 0.661429 0.012499
vt 0.661429 0.237501
vt 0.680165 0.012499
vt 0.680165 0.237501
vt 0.313502 0.237501
vt 0.016498 0.237501
vt 0.331905 0.262499
vt 0.331905 0.487501
vt 0.331905 0.262499
vt 0.661429 0.262499
vt 0.331905 0.237501
vt 0.661429 0.237501
vt 0.661429 0.262499
vt 0.661429 0.487501
vt 0.680165 0.237501
vt 0.983168 0.237501
vt 0.016498 0.237501
vt 0.016498 0.012499
vt 0.331905 0.512499
vt 0.331905 0.737501
vt 0.331905 0.512499
vt 0.661429 0.512499
vt 0.331905 0.487501
vt 0.661429 0.487501
vt 0.661429 0.512499
vt 0.661429 0.737501
vt 0.983168 0.237501
vt 0.983168 0.012499
vt 0.331905 0.762499
vt 0.661429 0.762499
vt 0.331905 0.737501
vt 0.661429 0.737501
vt 0.331905 0.012499
vt 0.661429 0.012499
vt 0.661429 0.237501
vt 0.331905 0.237501
vt 0.331905 0.262499
vt 0.661429 0.262499
vt 0.661429 0.487501
vt 0.331905 0.487501
vt 0.331905 0.512499
vt 0.661429 0.512499
vt 0.661429 0.737501
vt 0.331905 0.737501
vt 0.331905 0.762499
vt 0.661429 0.762499
vt 0.661429 0.987501
vt 0.331905 0.987501
vt 0.680165 0.012499
vt 0.983168 0.012499
vt 0.983168 0.237501
vt 0.680165 0.237501
vt 0.016498 0.012499
vt 0.313502 0.012499
vt 0.313502 0.237501
vt 0.016498 0.237501
vt 0.331905 0.000000
vt 0.331905 0.012499
vt 0.313502 0.012499
vt 0.680165 0.012499
vt 0.661429 0.012499
vt 0.661429 -0.000000
vt 0.313502 0.237501
vt 0.331905 0.237501
vt 0.331905 0.262499
vt 0.661429 0.262499
vt 0.661429 0.237501
vt 0.680165 0.237501
vt 0.330000 0.487501
vt 0.331905 0.487501
vt 0.331905 0.512499
vt 0.661429 0.512499
vt 0.661429 0.487501
vt 0.663333 0.487501
vt 0.330000 0.737501
vt 0.331905 0.737501
vt 0.331905 0.762499
vt 0.661429 0.762499
vt 0.661429 0.737501
vt 0.663333 0.737501
vt 0.319546 0.000490
vt 0.331830 0.977705
vt 0.333349 0.000000
vt 0.333349 0.987501
vt 0.322704 0.012867
vt 0.674036 0.000490
vt 0.661503 0.977705
vt 0.670732 0.012585
vt 0.659984 0.987501
vt 0.659984 -0.000000
vt 0.330000 0.250000
vt 0.323019 0.237427
vt 0.331911 0.250000
vt 0.663333 0.250000
vt 0.661427 0.249979
vt 0.670797 0.237133
vt 0.330000 0.497297
vt 0.016498 0.228685
vt 0.330000 0.477816
vt 0.029283 0.238011
vt 0.331911 0.500000
vt 0.663333 0.497297
vt 0.983168 0.228685
vt 0.661427 0.499971
vt 0.970125 0.238011
vt 0.663333 0.477816
vt 0.028857 0.012009
vt 0.330075 0.747297
vt 0.330000 0.727705
vt 0.016498 0.021315
vt 0.331911 0.750000
vt 0.663259 0.747297
vt 0.970561 0.012009
vt 0.661427 0.749971
vt 0.983168 0.021315
vt 0.663333 0.727705
vn -0.376870 -0.923880 0.066452
vn -0.376870 -0.923880 0.066452
vn -0.376870 -0.923880 0.066452
vn -0.376870 -0.923880 0.066452
vn -0.909844 -0.382682 0.160430
vn -0.909844 -0.382682 0.160430
vn -0.909844 -0.382682 0.160430
vn -0.909844 -0.382682 0.160430
vn 0.160430 -0.382683 0.909844
vn 0.160430 -0.382683 0.909844
vn 0.160430 -0.382683 0.909844
vn 0.160430 -0.382683 0.909844
vn 0.066452 -0.923880 0.376869
vn 0.066452 -0.923880 0.376869
vn 0.066452 -0.923880 0.376869
vn 0.066452 -0.923880 0.376869
vn -0.843393 0.000000 0.537297
vn -0.843393 0.000000 0.537297
vn -0.843393 0.000000 0.537297
vn -0.843393 0.000000 0.537297
vn -0.216439 0.000000 0.976296
vn -0.216439 0.000000 0.976296
vn -0.216439 0.000000 0.976296
vn -0.216439 0.000000 0.976296
vn 0.909844 -0.382682 -0.160430
vn 0.909844 -0.382682 -0.160430
vn 0.909844 -0.382682 -0.160430
vn 0.909844 -0.382682 -0.160430
vn 0.376870 -0.923880 -0.066452
vn 0.376870 -0.923880 -0.066452
vn 0.376870 -0.923880 -0.066452
vn 0.376870 -0.923880 -0.066452
vn 0.537299 0.000000 0.843392
vn 0.537299 0.000000 0.843392
vn 0.537299 0.000000 0.843392
vn 0.537299 0.000000 0.843392
vn 0.976297 0.000000 0.216436
vn 0.976297 0.000000 0.216436
vn 0.976297 0.000000 0.216436
vn 0.976297 0.000000 0.216436
vn -0.909844 0.382682 0.160430
vn -0.909844 0.382682 0.160430
vn -0.909844 0.382682 0.160430
vn -0.909844 0.382682 0.160430
vn -0.376870 0.923880 0.066452
vn -0.376870 0.923880 0.066452
vn -0.376870 0.923880 0.066452
vn -0.376870 0.923880 0.066452
vn 0.066452 0.923880 0.376869
vn 0.066452 0.923880 0.376869
vn 0.066452 0.923880 0.376869
vn 0.066452 0.923880 0.376869
vn 0.160430 0.382683 0.909844
vn 0.160430 0.382683 0.909844
vn 0.160430 0.382683 0.909844
vn 0.160430 0.382683 0.909844
vn 0.376870 0.923880 -0.066452
vn 0.376870 0.923880 -0.066452
vn 0.376870 0.923880 -0.066452
vn 0.376870 0.923880 -0.066452
vn 0.909844 0.382682 -0.160430
vn 0.909844 0.382682 -0.160430
vn 0.909844 0.382682 -0.160430
vn 0.909844 0.382682 -0.160430
vn -0.976297 0.000000 -0.216436
vn -0.976297 0.000000 -0.216436
vn -0.976297 0.000000 -0.216436
vn -0.976297 0.000000 -0.216436
vn -0.537299 0.000000 -0.843392
vn -0.537299 0.000000 -0.843392
vn -0.537299 0.000000 -0.843392
vn -0.537299 0.000000 -0.843392
vn -0.160430 0.382683 -0.909844
vn -0.160430 0.382683 -0.909844
vn -0.160430 0.382683 -0.909844
vn -0.160430 0.382683 -0.909844
vn -0.066452 0.923880 -0.376869
vn -0.066452 0.923880 -0.376869
vn -0.066452 0.923880 -0.376869
vn -0.066452 0.923880 -0.376869
vn 0.216439 0.000000 -0.976296
vn 0.216439 0.000000 -0.976296
vn 0.216439 0.000000 -0.976296
vn 0.216439 0.000000 -0.976296
vn 0.843393 0.000000 -0.537297
vn 0.843393 0.000000 -0.537297
vn 0.843393 0.000000 -0.537297
vn 0.843393 0.000000 -0.537297
vn -0.066452 -0.923880 -0.376869
vn -0.066452 -0.923880 -0.376869
vn -0.066452 -0.923880 -0.376869
vn -0.066452 -0.923880 -0.376869
vn -0.160430 -0.382683 -0.909844
vn -0.160430 -0.382683 -0.909844
vn -0.160430 -0.382683 -0.909844
vn -0.160430 -0.382683 -0.909844
vn 0.173648 0.000000 0.984808
vn 0.173648 0.000000 0.984808
vn 0.173648 0.000000 0.984808
vn 0.173648 0.000000 0.984808
vn 0.000000 1.000000 0.000000
vn 0.000000 1.000000 0.000000
vn 0.000000 1.000000 0.000000
vn 0.000000 1.000000 0.000000
vn -0.173648 0.000000 -0.984808
vn -0.173648 0.000000 -0.984808
vn -0.173648 0.000000 -0.984808
vn -0.173648 0.000000 -0.984808
vn 0.000000 -1.000000 0.000000
vn 0.000000 -1.000000 0.000000
vn 0.000000 -1.000000 0.000000
vn 0.000000 -1.000000 0.000000
vn 0.984808 0.000000 -0.173648
vn 0.984808 0.000000 -0.173648
vn 0.984808 0.000000 -0.173648
vn 0.984808 0.000000 -0.173648
vn -0.984808 0.000000 0.173648
vn -0.984808 0.000000 0.173648
vn -0.984808 0.000000 0.173648
vn -0.984808 0.000000 0.173648
vn -0.468324 -0.577349 0.668836
vn -0.468324 -0.577349 0.668836
vn -0.468324 -0.577349 0.668836
vn -0.468324 -0.577349 0.668836
vn -0.468324 -0.577349 0.668836
vn -0.468324 -0.577349 0.668836
vn 0.668836 -0.577349 0.468323
vn 0.668836 -0.577349 0.468323
vn 0.668836 -0.577349 0.468323
vn 0.668836 -0.577349 0.468323
vn 0.668836 -0.577349 0.468323
vn 0.668836 -0.577349 0.468323
vn -0.468324 0.577349 0.668835
vn -0.468324 0.577349 0.668835
vn -0.468324 0.577349 0.668835
vn -0.468324 0.577349 0.668835
vn -0.468324 0.577349 0.668835
vn -0.468324 0.577349 0.668835
vn 0.668836 0.577349 0.468324
vn 0.668836 0.577349 0.468324
vn 0.668836 0.577349 0.468323
vn 0.668836 0.577349 0.468324
vn 0.668836 0.577349 0.468324
vn 0.668836 0.577349 0.468324
vn -0.668835 0.577350 -0.468323
vn -0.668835 0.577350 -0.468323
vn -0.668835 0.577350 -0.468323
vn -0.668835 0.577350 -0.468323
vn -0.668835 0.577350 -0.468323
vn -0.668835 0.577350 -0.468323
vn 0.468324 0.577349 -0.668836
vn 0.468324 0.577349 -0.668836
vn 0.468324 0.577349 -0.668836
vn 0.468324 0.577349 -0.668836
vn 0.468324 0.577349 -0.668836
vn 0.468324 0.577349 -0.668836
vn -0.668836 -0.577349 -0.468323
vn -0.668836 -0.577349 -0.468323
vn -0.668836 -0.577349 -0.468323
vn -0.668836 -0.577349 -0.468323
vn -0.668836 -0.577349 -0.468323
vn -0.668836 -0.577349 -0.468323
vn 0.468324 -0.577349 -0.668836
vn 0.468324 -0.577349 -0.668836
vn 0.468324 -0.577349 -0.668836
vn 0.468324 -0.577349 -0.668836
vn 0.468324 -0.577349 -0.668836
vn 0.468324 -0.577349 -0.668836
s off
g GRP_Retro_Office_Desk GRP_Props_Backrooms Backrooms_Level0_Master_GRP Desk_Drawer_Handle_3
usemtl M_Stainless_SteelSG
f 338/931/1177 337/1022/1178 373/1048/1179 378/985/1180
f 337/1021/1181 342/994/1182 374/958/1183 373/1047/1184
f 340/935/1185 339/1023/1186 347/1030/1187 346/974/1188
f 339/1024/1189 338/931/1190 348/939/1191 347/1029/1192
f 342/994/1193 341/1025/1194 351/1032/1195 350/995/1196
f 341/1025/1197 340/935/1198 352/951/1199 351/1032/1200
f 344/943/1201 343/1026/1202 379/1053/1203 384/968/1204
f 343/1027/1205 348/939/1206 380/970/1207 379/1052/1208
f 346/974/1209 345/1028/1210 359/1036/1211 358/952/1212
f 345/1028/1213 344/943/1214 360/955/1215 359/1036/1216
f 350/995/1217 349/1031/1218 363/1040/1219 362/996/1220
f 349/1031/1221 354/977/1222 364/963/1223 363/1039/1224
f 354/977/1225 353/1033/1226 357/1035/1227 356/978/1228
f 353/1033/1229 352/951/1230 358/952/1231 357/1035/1232
f 356/978/1233 355/1034/1234 371/1046/1235 370/964/1236
f 355/1034/1237 360/955/1238 372/967/1239 371/1045/1240
f 362/996/1241 361/1038/1242 375/1050/1243 374/958/1244
f 361/1037/1245 366/981/1246 376/971/1247 375/1049/1248
f 366/981/1249 365/1041/1250 369/1044/1251 368/982/1252
f 365/1041/1253 364/963/1254 370/964/1255 369/1044/1256
f 368/982/1257 367/1042/1258 383/1056/1259 382/972/1260
f 367/1043/1261 372/967/1262 384/968/1263 383/1055/1264
f 378/985/1265 377/1051/1266 381/1054/1267 380/970/1268
f 377/1051/1269 376/971/1270 382/972/1271 381/1054/1272
f 340/935/1273 346/974/1274 358/952/1275 352/951/1276
f 354/977/1277 356/978/1278 370/964/1279 364/963/1280
f 366/981/1281 368/982/1282 382/972/1283 376/971/1284
f 378/985/1285 380/970/1286 348/939/1287 338/931/1288
f 344/943/1289 384/968/1290 372/967/1291 360/955/1292
f 374/958/1293 342/994/1294 350/995/1295 362/996/1296
f 337/1021/1297 338/997/1298 339/1023/1299 340/935/1300 341/1025/1301 342/994/1302
f 343/1026/1303 344/943/1304 345/1028/1305 346/974/1306 347/1030/1307 348/1002/1308
f 349/1031/1309 350/995/1310 351/1032/1311 352/951/1312 353/1033/1313 354/977/1314
f 355/1034/1315 356/978/1316 357/1035/1317 358/952/1318 359/1036/1319 360/955/1320
f 361/1037/1321 362/1009/1322 363/1039/1323 364/963/1324 365/1041/1325 366/981/1326
f 367/1042/1327 368/982/1328 369/1044/1329 370/964/1330 371/1046/1331 372/1014/1332
f 373/1048/1333 374/1015/1334 375/1049/1335 376/971/1336 377/1051/1337 378/985/1338
f 379/1052/1339 380/970/1340 381/1054/1341 382/972/1342 383/1056/1343 384/1020/1344
g default
v -194.250098 23.500000 -61.478845
v -93.799707 23.500000 -79.190959
v -194.250098 68.500000 -61.478845
v -93.799707 68.500000 -79.190959
v -194.562665 68.500000 -63.251499
v -94.112274 68.500000 -80.963613
v -194.562665 23.500000 -63.251499
v -94.112274 23.500000 -80.963613
vt 0.330000 0.000000
vt 0.663333 0.000000
vt 0.330000 0.250000
vt 0.663333 0.250000
vt 0.330000 0.500000
vt 0.663333 0.500000
vt 0.330000 0.750000
vt 0.663333 0.750000
vt 0.330000 1.000000
vt 0.663333 1.000000
vt 1.000000 0.000000
vt 1.000000 0.250000
vt 0.000000 0.000000
vt 0.000000 0.250000
vn 0.173648 0.000000 0.984808
vn 0.173648 0.000000 0.984808
vn 0.173648 0.000000 0.984808
vn 0.173648 0.000000 0.984808
vn 0.000000 1.000000 0.000000
vn 0.000000 1.000000 0.000000
vn 0.000000 1.000000 0.000000
vn 0.000000 1.000000 0.000000
vn -0.173648 0.000000 -0.984808
vn -0.173648 0.000000 -0.984808
vn -0.173648 0.000000 -0.984808
vn -0.173648 0.000000 -0.984808
vn 0.000000 -1.000000 0.000000
vn 0.000000 -1.000000 0.000000
vn 0.000000 -1.000000 0.000000
vn 0.000000 -1.000000 0.000000
vn 0.984808 0.000000 -0.173648
vn 0.984808 0.000000 -0.173648
vn 0.984808 0.000000 -0.173648
vn 0.984808 0.000000 -0.173648
vn -0.984808 0.000000 0.173648
vn -0.984808 0.000000 0.173648
vn -0.984808 0.000000 0.173648
vn -0.984808 0.000000 0.173648
s off
g GRP_Retro_Office_Desk GRP_Props_Backrooms Backrooms_Level0_Master_GRP Desk_Modesty_Panel
usemtl M_Retro_Walnut_WoodSG
f 385/1057/1345 386/1058/1346 388/1060/1347 387/1059/1348
f 387/1059/1349 388/1060/1350 390/1062/1351 389/1061/1352
f 389/1061/1353 390/1062/1354 392/1064/1355 391/1063/1356
f 391/1063/1357 392/1064/1358 386/1066/1359 385/1065/1360
f 386/1058/1361 392/1067/1362 390/1068/1363 388/1060/1364
f 391/1069/1365 385/1057/1366 387/1059/1367 389/1070/1368
g default
v -85.553342 1.000000 -18.602450
v -82.795881 1.000000 -19.088664
v -85.553342 69.000000 -18.602450
v -82.795881 69.000000 -19.088664
v -97.361418 69.000000 -85.569377
v -94.603957 69.000000 -86.055592
v -97.361418 1.000000 -85.569377
v -94.603957 1.000000 -86.055592
vt 0.330000 0.000000
vt 0.663333 0.000000
vt 0.330000 0.250000
vt 0.663333 0.250000
vt 0.330000 0.500000
vt 0.663333 0.500000
vt 0.330000 0.750000
vt 0.663333 0.750000
vt 0.330000 1.000000
vt 0.663333 1.000000
vt 1.000000 0.000000
vt 1.000000 0.250000
vt 0.000000 0.000000
vt 0.000000 0.250000
vn 0.173648 0.000000 0.984808
vn 0.173648 0.000000 0.984808
vn 0.173648 0.000000 0.984808
vn 0.173648 0.000000 0.984808
vn 0.000000 1.000000 0.000000
vn 0.000000 1.000000 0.000000
vn 0.000000 1.000000 0.000000
vn 0.000000 1.000000 0.000000
vn -0.173648 0.000000 -0.984808
vn -0.173648 0.000000 -0.984808
vn -0.173648 0.000000 -0.984808
vn -0.173648 0.000000 -0.984808
vn 0.000000 -1.000000 0.000000
vn 0.000000 -1.000000 0.000000
vn 0.000000 -1.000000 0.000000
vn 0.000000 -1.000000 0.000000
vn 0.984808 0.000000 -0.173648
vn 0.984808 0.000000 -0.173648
vn 0.984808 0.000000 -0.173648
vn 0.984808 0.000000 -0.173648
vn -0.984808 0.000000 0.173648
vn -0.984808 0.000000 0.173648
vn -0.984808 0.000000 0.173648
vn -0.984808 0.000000 0.173648
s off
g GRP_Retro_Office_Desk GRP_Props_Backrooms Backrooms_Level0_Master_GRP Desk_Side_Panel_Right
usemtl M_Metal_Dark_MatteSG
f 393/1071/1369 394/1072/1370 396/1074/1371 395/1073/1372
f 395/1073/1373 396/1074/1374 398/1076/1375 397/1075/1376
f 397/1075/1377 398/1076/1378 400/1078/1379 399/1077/1380
f 399/1077/1381 400/1078/1382 394/1080/1383 393/1079/1384
f 394/1072/1385 400/1081/1386 398/1082/1387 396/1074/1388
f 399/1083/1389 393/1071/1390 395/1073/1391 397/1084/1392
g default
v -216.567866 0.000000 -0.637096
v -217.567739 0.000000 -1.124767
v -218.663300 0.000000 -0.931590
v -219.436080 0.000000 -0.131352
v -219.590905 0.000000 0.970283
v -219.068636 0.000000 1.952528
v -218.068762 0.000000 2.440199
v -216.973202 0.000000 2.247022
v -216.200422 0.000000 1.446784
v -216.045597 0.000000 0.345149
v -216.567866 2.000000 -0.637096
v -217.567739 2.000000 -1.124767
v -218.663300 2.000000 -0.931590
v -219.436080 2.000000 -0.131352
v -219.590905 2.000000 0.970283
v -219.068636 2.000000 1.952528
v -218.068762 2.000000 2.440199
v -216.973202 2.000000 2.247022
v -216.200422 2.000000 1.446784
v -216.045597 2.000000 0.345149
vt 0.906388 0.051527
vt 0.656388 0.006118
vt 0.347371 0.006118
vt 0.097371 0.051527
vt 0.001880 0.125000
vt 0.097371 0.198473
vt 0.347371 0.243882
vt 0.656388 0.243882
vt 0.906388 0.198473
vt 1.001880 0.125000
vt 0.000000 0.250000
vt 0.100000 0.250000
vt 0.200000 0.250000
vt 0.300000 0.250000
vt 0.400000 0.250000
vt 0.500000 0.250000
vt 0.600000 0.250000
vt 0.700000 0.250000
vt 0.800000 0.250000
vt 0.900000 0.250000
vt 1.000000 0.250000
vt 0.000000 0.750000
vt 0.100000 0.750000
vt 0.200000 0.750000
vt 0.300000 0.750000
vt 0.400000 0.750000
vt 0.500000 0.750000
vt 0.600000 0.750000
vt 0.700000 0.750000
vt 0.800000 0.750000
vt 0.900000 0.750000
vt 1.000000 0.750000
vt 0.906388 0.801527
vt 0.656388 0.756118
vt 0.347371 0.756118
vt 0.097371 0.801527
vt 0.001880 0.875000
vt 0.097371 0.948473
vt 0.347371 0.993882
vt 0.656388 0.993882
vt 0.906388 0.948473
vt 1.001880 0.875000
vn 0.438371 0.000000 -0.898794
vn 0.438371 0.000000 -0.898794
vn 0.438371 0.000000 -0.898794
vn 0.438371 0.000000 -0.898794
vn -0.173648 0.000000 -0.984808
vn -0.173648 0.000000 -0.984808
vn -0.173648 0.000000 -0.984808
vn -0.173648 0.000000 -0.984808
vn -0.719340 0.000000 -0.694658
vn -0.719340 0.000000 -0.694658
vn -0.719340 0.000000 -0.694658
vn -0.719340 0.000000 -0.694658
vn -0.990268 0.000000 -0.139173
vn -0.990268 0.000000 -0.139173
vn -0.990268 0.000000 -0.139173
vn -0.990268 0.000000 -0.139173
vn -0.882948 0.000000 0.469472
vn -0.882948 0.000000 0.469472
vn -0.882948 0.000000 0.469472
vn -0.882948 0.000000 0.469472
vn -0.438371 0.000000 0.898794
vn -0.438371 0.000000 0.898794
vn -0.438371 0.000000 0.898794
vn -0.438371 0.000000 0.898794
vn 0.173648 0.000000 0.984808
vn 0.173648 0.000000 0.984808
vn 0.173648 0.000000 0.984808
vn 0.173648 0.000000 0.984808
vn 0.719340 0.000000 0.694658
vn 0.719340 0.000000 0.694658
vn 0.719340 0.000000 0.694658
vn 0.719340 0.000000 0.694658
vn 0.990268 0.000000 0.139173
vn 0.990268 0.000000 0.139173
vn 0.990268 0.000000 0.139173
vn 0.990268 0.000000 0.139173
vn 0.882948 0.000000 -0.469471
vn 0.882948 0.000000 -0.469471
vn 0.882948 0.000000 -0.469471
vn 0.882948 0.000000 -0.469471
vn 0.000000 -1.000000 0.000000
vn 0.000000 -1.000000 0.000000
vn 0.000000 -1.000000 0.000000
vn 0.000000 -1.000000 0.000000
vn 0.000000 -1.000000 0.000000
vn 0.000000 -1.000000 0.000000
vn 0.000000 -1.000000 0.000000
vn 0.000000 -1.000000 0.000000
vn 0.000000 -1.000000 0.000000
vn 0.000000 -1.000000 0.000000
vn 0.000000 1.000000 0.000000
vn 0.000000 1.000000 0.000000
vn 0.000000 1.000000 0.000000
vn 0.000000 1.000000 0.000000
vn 0.000000 1.000000 0.000000
vn 0.000000 1.000000 0.000000
vn 0.000000 1.000000 0.000000
vn 0.000000 1.000000 0.000000
vn 0.000000 1.000000 0.000000
vn 0.000000 1.000000 0.000000
s off
g GRP_Retro_Office_Desk GRP_Props_Backrooms Backrooms_Level0_Master_GRP Desk_Foot_Leveler
usemtl M_Metal_Dark_MatteSG
f 401/1095/1393 402/1096/1394 412/1107/1395 411/1106/1396
f 402/1096/1397 403/1097/1398 413/1108/1399 412/1107/1400
f 403/1097/1401 404/1098/1402 414/1109/1403 413/1108/1404
f 404/1098/1405 405/1099/1406 415/1110/1407 414/1109/1408
f 405/1099/1409 406/1100/1410 416/1111/1411 415/1110/1412
f 406/1100/1413 407/1101/1414 417/1112/1415 416/1111/1416
f 407/1101/1417 408/1102/1418 418/1113/1419 417/1112/1420
f 408/1102/1421 409/1103/1422 419/1114/1423 418/1113/1424
f 409/1103/1425 410/1104/1426 420/1115/1427 419/1114/1428
f 410/1104/1429 401/1105/1430 411/1116/1431 420/1115/1432
f 401/1085/1433 410/1094/1434 409/1093/1435 408/1092/1436 407/1091/1437 406/1090/1438 405/1089/1439 404/1088/1440 403/1087/1441 402/1086/1442
f 411/1125/1443 412/1124/1444 413/1123/1445 414/1122/1446 415/1121/1447 416/1120/1448 417/1119/1449 418/1118/1450 419/1117/1451 420/1126/1452
g default
v -226.986756 0.000000 -59.725561
v -227.986630 0.000000 -60.213232
v -229.082191 0.000000 -60.020055
v -229.854971 0.000000 -59.219817
v -230.009796 0.000000 -58.118182
v -229.487527 0.000000 -57.135937
v -228.487653 0.000000 -56.648267
v -227.392093 0.000000 -56.841444
v -226.619312 0.000000 -57.641681
v -226.464488 0.000000 -58.743316
v -226.986756 2.000000 -59.725561
v -227.986630 2.000000 -60.213232
v -229.082191 2.000000 -60.020055
v -229.854971 2.000000 -59.219817
v -230.009796 2.000000 -58.118182
v -229.487527 2.000000 -57.135937
v -228.487653 2.000000 -56.648267
v -227.392093 2.000000 -56.841444
v -226.619312 2.000000 -57.641681
v -226.464488 2.000000 -58.743316
vt 0.906388 0.051527
vt 0.656388 0.006118
vt 0.347371 0.006118
vt 0.097371 0.051527
vt 0.001880 0.125000
vt 0.097371 0.198473
vt 0.347371 0.243882
vt 0.656388 0.243882
vt 0.906388 0.198473
vt 1.001880 0.125000
vt 0.000000 0.250000
vt 0.100000 0.250000
vt 0.200000 0.250000
vt 0.300000 0.250000
vt 0.400000 0.250000
vt 0.500000 0.250000
vt 0.600000 0.250000
vt 0.700000 0.250000
vt 0.800000 0.250000
vt 0.900000 0.250000
vt 1.000000 0.250000
vt 0.000000 0.750000
vt 0.100000 0.750000
vt 0.200000 0.750000
vt 0.300000 0.750000
vt 0.400000 0.750000
vt 0.500000 0.750000
vt 0.600000 0.750000
vt 0.700000 0.750000
vt 0.800000 0.750000
vt 0.900000 0.750000
vt 1.000000 0.750000
vt 0.906388 0.801527
vt 0.656388 0.756118
vt 0.347371 0.756118
vt 0.097371 0.801527
vt 0.001880 0.875000
vt 0.097371 0.948473
vt 0.347371 0.993882
vt 0.656388 0.993882
vt 0.906388 0.948473
vt 1.001880 0.875000
vn 0.438371 0.000000 -0.898794
vn 0.438371 0.000000 -0.898794
vn 0.438371 0.000000 -0.898794
vn 0.438371 0.000000 -0.898794
vn -0.173648 0.000000 -0.984808
vn -0.173648 0.000000 -0.984808
vn -0.173648 0.000000 -0.984808
vn -0.173648 0.000000 -0.984808
vn -0.719340 0.000000 -0.694658
vn -0.719340 0.000000 -0.694658
vn -0.719340 0.000000 -0.694658
vn -0.719340 0.000000 -0.694658
vn -0.990268 0.000000 -0.139173
vn -0.990268 0.000000 -0.139173
vn -0.990268 0.000000 -0.139173
vn -0.990268 0.000000 -0.139173
vn -0.882948 0.000000 0.469472
vn -0.882948 0.000000 0.469472
vn -0.882948 0.000000 0.469472
vn -0.882948 0.000000 0.469472
vn -0.438371 0.000000 0.898794
vn -0.438371 0.000000 0.898794
vn -0.438371 0.000000 0.898794
vn -0.438371 0.000000 0.898794
vn 0.173648 0.000000 0.984808
vn 0.173648 0.000000 0.984808
vn 0.173648 0.000000 0.984808
vn 0.173648 0.000000 0.984808
vn 0.719340 0.000000 0.694658
vn 0.719340 0.000000 0.694658
vn 0.719340 0.000000 0.694658
vn 0.719340 0.000000 0.694658
vn 0.990268 0.000000 0.139173
vn 0.990268 0.000000 0.139173
vn 0.990268 0.000000 0.139173
vn 0.990268 0.000000 0.139173
vn 0.882948 0.000000 -0.469471
vn 0.882948 0.000000 -0.469471
vn 0.882948 0.000000 -0.469471
vn 0.882948 0.000000 -0.469471
vn 0.000000 -1.000000 0.000000
vn 0.000000 -1.000000 0.000000
vn 0.000000 -1.000000 0.000000
vn 0.000000 -1.000000 0.000000
vn 0.000000 -1.000000 0.000000
vn 0.000000 -1.000000 0.000000
vn 0.000000 -1.000000 0.000000
vn 0.000000 -1.000000 0.000000
vn 0.000000 -1.000000 0.000000
vn 0.000000 -1.000000 0.000000
vn 0.000000 1.000000 0.000000
vn 0.000000 1.000000 0.000000
vn 0.000000 1.000000 0.000000
vn 0.000000 1.000000 0.000000
vn 0.000000 1.000000 0.000000
vn 0.000000 1.000000 0.000000
vn 0.000000 1.000000 0.000000
vn 0.000000 1.000000 0.000000
vn 0.000000 1.000000 0.000000
vn 0.000000 1.000000 0.000000
s off
g GRP_Retro_Office_Desk GRP_Props_Backrooms Backrooms_Level0_Master_GRP Desk_Foot_Leveler1
usemtl M_Metal_Dark_MatteSG
f 421/1137/1453 422/1138/1454 432/1149/1455 431/1148/1456
f 422/1138/1457 423/1139/1458 433/1150/1459 432/1149/1460
f 423/1139/1461 424/1140/1462 434/1151/1463 433/1150/1464
f 424/1140/1465 425/1141/1466 435/1152/1467 434/1151/1468
f 425/1141/1469 426/1142/1470 436/1153/1471 435/1152/1472
f 426/1142/1473 427/1143/1474 437/1154/1475 436/1153/1476
f 427/1143/1477 428/1144/1478 438/1155/1479 437/1154/1480
f 428/1144/1481 429/1145/1482 439/1156/1483 438/1155/1484
f 429/1145/1485 430/1146/1486 440/1157/1487 439/1156/1488
f 430/1146/1489 421/1147/1490 431/1158/1491 440/1157/1492
f 421/1127/1493 430/1136/1494 429/1135/1495 428/1134/1496 427/1133/1497 426/1132/1498 425/1131/1499 424/1130/1500 423/1129/1501 422/1128/1502
f 431/1167/1503 432/1166/1504 433/1165/1505 434/1164/1506 435/1163/1507 436/1162/1508 437/1161/1509 438/1160/1510 439/1159/1511 440/1168/1512
g default
v -185.054018 0.000000 -6.193838
v -186.053891 0.000000 -6.681509
v -187.149452 0.000000 -6.488331
v -187.922232 0.000000 -5.688094
v -188.077057 0.000000 -4.586459
v -187.554788 0.000000 -3.604214
v -186.554914 0.000000 -3.116543
v -185.459354 0.000000 -3.309720
v -184.686574 0.000000 -4.109958
v -184.531749 0.000000 -5.211592
v -185.054018 2.000000 -6.193838
v -186.053891 2.000000 -6.681509
v -187.149452 2.000000 -6.488331
v -187.922232 2.000000 -5.688094
v -188.077057 2.000000 -4.586459
v -187.554788 2.000000 -3.604214
v -186.554914 2.000000 -3.116543
v -185.459354 2.000000 -3.309720
v -184.686574 2.000000 -4.109958
v -184.531749 2.000000 -5.211592
vt 0.906388 0.051527
vt 0.656388 0.006118
vt 0.347371 0.006118
vt 0.097371 0.051527
vt 0.001880 0.125000
vt 0.097371 0.198473
vt 0.347371 0.243882
vt 0.656388 0.243882
vt 0.906388 0.198473
vt 1.001880 0.125000
vt 0.000000 0.250000
vt 0.100000 0.250000
vt 0.200000 0.250000
vt 0.300000 0.250000
vt 0.400000 0.250000
vt 0.500000 0.250000
vt 0.600000 0.250000
vt 0.700000 0.250000
vt 0.800000 0.250000
vt 0.900000 0.250000
vt 1.000000 0.250000
vt 0.000000 0.750000
vt 0.100000 0.750000
vt 0.200000 0.750000
vt 0.300000 0.750000
vt 0.400000 0.750000
vt 0.500000 0.750000
vt 0.600000 0.750000
vt 0.700000 0.750000
vt 0.800000 0.750000
vt 0.900000 0.750000
vt 1.000000 0.750000
vt 0.906388 0.801527
vt 0.656388 0.756118
vt 0.347371 0.756118
vt 0.097371 0.801527
vt 0.001880 0.875000
vt 0.097371 0.948473
vt 0.347371 0.993882
vt 0.656388 0.993882
vt 0.906388 0.948473
vt 1.001880 0.875000
vn 0.438371 0.000000 -0.898794
vn 0.438371 0.000000 -0.898794
vn 0.438371 0.000000 -0.898794
vn 0.438371 0.000000 -0.898794
vn -0.173648 0.000000 -0.984808
vn -0.173648 0.000000 -0.984808
vn -0.173648 0.000000 -0.984808
vn -0.173648 0.000000 -0.984808
vn -0.719340 0.000000 -0.694658
vn -0.719340 0.000000 -0.694658
vn -0.719340 0.000000 -0.694658
vn -0.719340 0.000000 -0.694658
vn -0.990268 0.000000 -0.139173
vn -0.990268 0.000000 -0.139173
vn -0.990268 0.000000 -0.139173
vn -0.990268 0.000000 -0.139173
vn -0.882948 0.000000 0.469472
vn -0.882948 0.000000 0.469472
vn -0.882948 0.000000 0.469472
vn -0.882948 0.000000 0.469472
vn -0.438371 0.000000 0.898794
vn -0.438371 0.000000 0.898794
vn -0.438371 0.000000 0.898794
vn -0.438371 0.000000 0.898794
vn 0.173648 0.000000 0.984808
vn 0.173648 0.000000 0.984808
vn 0.173648 0.000000 0.984808
vn 0.173648 0.000000 0.984808
vn 0.719340 0.000000 0.694658
vn 0.719340 0.000000 0.694658
vn 0.719340 0.000000 0.694658
vn 0.719340 0.000000 0.694658
vn 0.990268 0.000000 0.139173
vn 0.990268 0.000000 0.139173
vn 0.990268 0.000000 0.139173
vn 0.990268 0.000000 0.139173
vn 0.882948 0.000000 -0.469471
vn 0.882948 0.000000 -0.469471
vn 0.882948 0.000000 -0.469471
vn 0.882948 0.000000 -0.469471
vn 0.000000 -1.000000 0.000000
vn 0.000000 -1.000000 0.000000
vn 0.000000 -1.000000 0.000000
vn 0.000000 -1.000000 0.000000
vn 0.000000 -1.000000 0.000000
vn 0.000000 -1.000000 0.000000
vn 0.000000 -1.000000 0.000000
vn 0.000000 -1.000000 0.000000
vn 0.000000 -1.000000 0.000000
vn 0.000000 -1.000000 0.000000
vn 0.000000 1.000000 0.000000
vn 0.000000 1.000000 0.000000
vn 0.000000 1.000000 0.000000
vn 0.000000 1.000000 0.000000
vn 0.000000 1.000000 0.000000
vn 0.000000 1.000000 0.000000
vn 0.000000 1.000000 0.000000
vn 0.000000 1.000000 0.000000
vn 0.000000 1.000000 0.000000
vn 0.000000 1.000000 0.000000
s off
g GRP_Retro_Office_Desk GRP_Props_Backrooms Backrooms_Level0_Master_GRP Desk_Foot_Leveler2
usemtl M_Metal_Dark_MatteSG
f 441/1179/1513 442/1180/1514 452/1191/1515 451/1190/1516
f 442/1180/1517 443/1181/1518 453/1192/1519 452/1191/1520
f 443/1181/1521 444/1182/1522 454/1193/1523 453/1192/1524
f 444/1182/1525 445/1183/1526 455/1194/1527 454/1193/1528
f 445/1183/1529 446/1184/1530 456/1195/1531 455/1194/1532
f 446/1184/1533 447/1185/1534 457/1196/1535 456/1195/1536
f 447/1185/1537 448/1186/1538 458/1197/1539 457/1196/1540
f 448/1186/1541 449/1187/1542 459/1198/1543 458/1197/1544
f 449/1187/1545 450/1188/1546 460/1199/1547 459/1198/1548
f 450/1188/1549 441/1189/1550 451/1200/1551 460/1199/1552
f 441/1169/1553 450/1178/1554 449/1177/1555 448/1176/1556 447/1175/1557 446/1174/1558 445/1173/1559 444/1172/1560 443/1171/1561 442/1170/1562
f 451/1209/1563 452/1208/1564 453/1207/1565 454/1206/1566 455/1205/1567 456/1204/1568 457/1203/1569 458/1202/1570 459/1201/1571 460/1210/1572
g default
v -195.472908 0.000000 -65.282303
v -196.472782 0.000000 -65.769974
v -197.568342 0.000000 -65.576797
v -198.341123 0.000000 -64.776559
v -198.495948 0.000000 -63.674924
v -197.973679 0.000000 -62.692679
v -196.973805 0.000000 -62.205008
v -195.878245 0.000000 -62.398185
v -195.105464 0.000000 -63.198423
v -194.950640 0.000000 -64.300058
v -195.472908 2.000000 -65.282303
v -196.472782 2.000000 -65.769974
v -197.568342 2.000000 -65.576797
v -198.341123 2.000000 -64.776559
v -198.495948 2.000000 -63.674924
v -197.973679 2.000000 -62.692679
v -196.973805 2.000000 -62.205008
v -195.878245 2.000000 -62.398185
v -195.105464 2.000000 -63.198423
v -194.950640 2.000000 -64.300058
vt 0.906388 0.051527
vt 0.656388 0.006118
vt 0.347371 0.006118
vt 0.097371 0.051527
vt 0.001880 0.125000
vt 0.097371 0.198473
vt 0.347371 0.243882
vt 0.656388 0.243882
vt 0.906388 0.198473
vt 1.001880 0.125000
vt 0.000000 0.250000
vt 0.100000 0.250000
vt 0.200000 0.250000
vt 0.300000 0.250000
vt 0.400000 0.250000
vt 0.500000 0.250000
vt 0.600000 0.250000
vt 0.700000 0.250000
vt 0.800000 0.250000
vt 0.900000 0.250000
vt 1.000000 0.250000
vt 0.000000 0.750000
vt 0.100000 0.750000
vt 0.200000 0.750000
vt 0.300000 0.750000
vt 0.400000 0.750000
vt 0.500000 0.750000
vt 0.600000 0.750000
vt 0.700000 0.750000
vt 0.800000 0.750000
vt 0.900000 0.750000
vt 1.000000 0.750000
vt 0.906388 0.801527
vt 0.656388 0.756118
vt 0.347371 0.756118
vt 0.097371 0.801527
vt 0.001880 0.875000
vt 0.097371 0.948473
vt 0.347371 0.993882
vt 0.656388 0.993882
vt 0.906388 0.948473
vt 1.001880 0.875000
vn 0.438371 0.000000 -0.898794
vn 0.438371 0.000000 -0.898794
vn 0.438371 0.000000 -0.898794
vn 0.438371 0.000000 -0.898794
vn -0.173648 0.000000 -0.984808
vn -0.173648 0.000000 -0.984808
vn -0.173648 0.000000 -0.984808
vn -0.173648 0.000000 -0.984808
vn -0.719340 0.000000 -0.694658
vn -0.719340 0.000000 -0.694658
vn -0.719340 0.000000 -0.694658
vn -0.719340 0.000000 -0.694658
vn -0.990268 0.000000 -0.139173
vn -0.990268 0.000000 -0.139173
vn -0.990268 0.000000 -0.139173
vn -0.990268 0.000000 -0.139173
vn -0.882948 0.000000 0.469472
vn -0.882948 0.000000 0.469472
vn -0.882948 0.000000 0.469472
vn -0.882948 0.000000 0.469472
vn -0.438371 0.000000 0.898794
vn -0.438371 0.000000 0.898794
vn -0.438371 0.000000 0.898794
vn -0.438371 0.000000 0.898794
vn 0.173648 0.000000 0.984808
vn 0.173648 0.000000 0.984808
vn 0.173648 0.000000 0.984808
vn 0.173648 0.000000 0.984808
vn 0.719340 0.000000 0.694658
vn 0.719340 0.000000 0.694658
vn 0.719340 0.000000 0.694658
vn 0.719340 0.000000 0.694658
vn 0.990268 0.000000 0.139173
vn 0.990268 0.000000 0.139173
vn 0.990268 0.000000 0.139173
vn 0.990268 0.000000 0.139173
vn 0.882948 0.000000 -0.469471
vn 0.882948 0.000000 -0.469471
vn 0.882948 0.000000 -0.469471
vn 0.882948 0.000000 -0.469471
vn 0.000000 -1.000000 0.000000
vn 0.000000 -1.000000 0.000000
vn 0.000000 -1.000000 0.000000
vn 0.000000 -1.000000 0.000000
vn 0.000000 -1.000000 0.000000
vn 0.000000 -1.000000 0.000000
vn 0.000000 -1.000000 0.000000
vn 0.000000 -1.000000 0.000000
vn 0.000000 -1.000000 0.000000
vn 0.000000 -1.000000 0.000000
vn 0.000000 1.000000 0.000000
vn 0.000000 1.000000 0.000000
vn 0.000000 1.000000 0.000000
vn 0.000000 1.000000 0.000000
vn 0.000000 1.000000 0.000000
vn 0.000000 1.000000 0.000000
vn 0.000000 1.000000 0.000000
vn 0.000000 1.000000 0.000000
vn 0.000000 1.000000 0.000000
vn 0.000000 1.000000 0.000000
s off
g GRP_Retro_Office_Desk GRP_Props_Backrooms Backrooms_Level0_Master_GRP Desk_Foot_Leveler3
usemtl M_Metal_Dark_MatteSG
f 461/1221/1573 462/1222/1574 472/1233/1575 471/1232/1576
f 462/1222/1577 463/1223/1578 473/1234/1579 472/1233/1580
f 463/1223/1581 464/1224/1582 474/1235/1583 473/1234/1584
f 464/1224/1585 465/1225/1586 475/1236/1587 474/1235/1588
f 465/1225/1589 466/1226/1590 476/1237/1591 475/1236/1592
f 466/1226/1593 467/1227/1594 477/1238/1595 476/1237/1596
f 467/1227/1597 468/1228/1598 478/1239/1599 477/1238/1600
f 468/1228/1601 469/1229/1602 479/1240/1603 478/1239/1604
f 469/1229/1605 470/1230/1606 480/1241/1607 479/1240/1608
f 470/1230/1609 461/1231/1610 471/1242/1611 480/1241/1612
f 461/1211/1613 470/1220/1614 469/1219/1615 468/1218/1616 467/1217/1617 466/1216/1618 465/1215/1619 464/1214/1620 463/1213/1621 462/1212/1622
f 471/1251/1623 472/1250/1624 473/1249/1625 474/1248/1626 475/1247/1627 476/1246/1628 477/1245/1629 478/1244/1630 479/1243/1631 480/1252/1632
g default
v -83.618819 0.000000 -24.079600
v -84.618693 0.000000 -24.567271
v -85.714253 0.000000 -24.374094
v -86.487034 0.000000 -23.573856
v -86.641858 0.000000 -22.472221
v -86.119589 0.000000 -21.489976
v -85.119716 0.000000 -21.002305
v -84.024155 0.000000 -21.195482
v -83.251375 0.000000 -21.995720
v -83.096550 0.000000 -23.097355
v -83.618819 2.000000 -24.079600
v -84.618693 2.000000 -24.567271
v -85.714253 2.000000 -24.374094
v -86.487034 2.000000 -23.573856
v -86.641858 2.000000 -22.472221
v -86.119589 2.000000 -21.489976
v -85.119716 2.000000 -21.002305
v -84.024155 2.000000 -21.195482
v -83.251375 2.000000 -21.995720
v -83.096550 2.000000 -23.097355
vt 0.906388 0.051527
vt 0.656388 0.006118
vt 0.347371 0.006118
vt 0.097371 0.051527
vt 0.001880 0.125000
vt 0.097371 0.198473
vt 0.347371 0.243882
vt 0.656388 0.243882
vt 0.906388 0.198473
vt 1.001880 0.125000
vt 0.000000 0.250000
vt 0.100000 0.250000
vt 0.200000 0.250000
vt 0.300000 0.250000
vt 0.400000 0.250000
vt 0.500000 0.250000
vt 0.600000 0.250000
vt 0.700000 0.250000
vt 0.800000 0.250000
vt 0.900000 0.250000
vt 1.000000 0.250000
vt 0.000000 0.750000
vt 0.100000 0.750000
vt 0.200000 0.750000
vt 0.300000 0.750000
vt 0.400000 0.750000
vt 0.500000 0.750000
vt 0.600000 0.750000
vt 0.700000 0.750000
vt 0.800000 0.750000
vt 0.900000 0.750000
vt 1.000000 0.750000
vt 0.906388 0.801527
vt 0.656388 0.756118
vt 0.347371 0.756118
vt 0.097371 0.801527
vt 0.001880 0.875000
vt 0.097371 0.948473
vt 0.347371 0.993882
vt 0.656388 0.993882
vt 0.906388 0.948473
vt 1.001880 0.875000
vn 0.438371 0.000000 -0.898794
vn 0.438371 0.000000 -0.898794
vn 0.438371 0.000000 -0.898794
vn 0.438371 0.000000 -0.898794
vn -0.173648 0.000000 -0.984808
vn -0.173648 0.000000 -0.984808
vn -0.173648 0.000000 -0.984808
vn -0.173648 0.000000 -0.984808
vn -0.719340 0.000000 -0.694658
vn -0.719340 0.000000 -0.694658
vn -0.719340 0.000000 -0.694658
vn -0.719340 0.000000 -0.694658
vn -0.990268 0.000000 -0.139173
vn -0.990268 0.000000 -0.139173
vn -0.990268 0.000000 -0.139173
vn -0.990268 0.000000 -0.139173
vn -0.882948 0.000000 0.469472
vn -0.882948 0.000000 0.469472
vn -0.882948 0.000000 0.469472
vn -0.882948 0.000000 0.469472
vn -0.438371 0.000000 0.898794
vn -0.438371 0.000000 0.898794
vn -0.438371 0.000000 0.898794
vn -0.438371 0.000000 0.898794
vn 0.173648 0.000000 0.984808
vn 0.173648 0.000000 0.984808
vn 0.173648 0.000000 0.984808
vn 0.173648 0.000000 0.984808
vn 0.719340 0.000000 0.694658
vn 0.719340 0.000000 0.694658
vn 0.719340 0.000000 0.694658
vn 0.719340 0.000000 0.694658
vn 0.990268 0.000000 0.139173
vn 0.990268 0.000000 0.139173
vn 0.990268 0.000000 0.139173
vn 0.990268 0.000000 0.139173
vn 0.882948 0.000000 -0.469471
vn 0.882948 0.000000 -0.469471
vn 0.882948 0.000000 -0.469471
vn 0.882948 0.000000 -0.469471
vn 0.000000 -1.000000 0.000000
vn 0.000000 -1.000000 0.000000
vn 0.000000 -1.000000 0.000000
vn 0.000000 -1.000000 0.000000
vn 0.000000 -1.000000 0.000000
vn 0.000000 -1.000000 0.000000
vn 0.000000 -1.000000 0.000000
vn 0.000000 -1.000000 0.000000
vn 0.000000 -1.000000 0.000000
vn 0.000000 -1.000000 0.000000
vn 0.000000 1.000000 0.000000
vn 0.000000 1.000000 0.000000
vn 0.000000 1.000000 0.000000
vn 0.000000 1.000000 0.000000
vn 0.000000 1.000000 0.000000
vn 0.000000 1.000000 0.000000
vn 0.000000 1.000000 0.000000
vn 0.000000 1.000000 0.000000
vn 0.000000 1.000000 0.000000
vn 0.000000 1.000000 0.000000
s off
g GRP_Retro_Office_Desk GRP_Props_Backrooms Backrooms_Level0_Master_GRP Desk_Foot_Leveler4
usemtl M_Metal_Dark_MatteSG
f 481/1263/1633 482/1264/1634 492/1275/1635 491/1274/1636
f 482/1264/1637 483/1265/1638 493/1276/1639 492/1275/1640
f 483/1265/1641 484/1266/1642 494/1277/1643 493/1276/1644
f 484/1266/1645 485/1267/1646 495/1278/1647 494/1277/1648
f 485/1267/1649 486/1268/1650 496/1279/1651 495/1278/1652
f 486/1268/1653 487/1269/1654 497/1280/1655 496/1279/1656
f 487/1269/1657 488/1270/1658 498/1281/1659 497/1280/1660
f 488/1270/1661 489/1271/1662 499/1282/1663 498/1281/1664
f 489/1271/1665 490/1272/1666 500/1283/1667 499/1282/1668
f 490/1272/1669 481/1273/1670 491/1284/1671 500/1283/1672
f 481/1253/1673 490/1262/1674 489/1261/1675 488/1260/1676 487/1259/1677 486/1258/1678 485/1257/1679 484/1256/1680 483/1255/1681 482/1254/1682
f 491/1293/1683 492/1292/1684 493/1291/1685 494/1290/1686 495/1289/1687 496/1288/1688 497/1287/1689 498/1286/1690 499/1285/1691 500/1294/1692
g default
v -94.037710 0.000000 -83.168065
v -95.037583 0.000000 -83.655736
v -96.133144 0.000000 -83.462559
v -96.905924 0.000000 -82.662321
v -97.060749 0.000000 -81.560686
v -96.538480 0.000000 -80.578441
v -95.538606 0.000000 -80.090771
v -94.443046 0.000000 -80.283947
v -93.670266 0.000000 -81.084185
v -93.515441 0.000000 -82.185820
v -94.037710 2.000000 -83.168065
v -95.037583 2.000000 -83.655736
v -96.133144 2.000000 -83.462559
v -96.905924 2.000000 -82.662321
v -97.060749 2.000000 -81.560686
v -96.538480 2.000000 -80.578441
v -95.538606 2.000000 -80.090771
v -94.443046 2.000000 -80.283947
v -93.670266 2.000000 -81.084185
v -93.515441 2.000000 -82.185820
vt 0.906388 0.051527
vt 0.656388 0.006118
vt 0.347371 0.006118
vt 0.097371 0.051527
vt 0.001880 0.125000
vt 0.097371 0.198473
vt 0.347371 0.243882
vt 0.656388 0.243882
vt 0.906388 0.198473
vt 1.001880 0.125000
vt 0.000000 0.250000
vt 0.100000 0.250000
vt 0.200000 0.250000
vt 0.300000 0.250000
vt 0.400000 0.250000
vt 0.500000 0.250000
vt 0.600000 0.250000
vt 0.700000 0.250000
vt 0.800000 0.250000
vt 0.900000 0.250000
vt 1.000000 0.250000
vt 0.000000 0.750000
vt 0.100000 0.750000
vt 0.200000 0.750000
vt 0.300000 0.750000
vt 0.400000 0.750000
vt 0.500000 0.750000
vt 0.600000 0.750000
vt 0.700000 0.750000
vt 0.800000 0.750000
vt 0.900000 0.750000
vt 1.000000 0.750000
vt 0.906388 0.801527
vt 0.656388 0.756118
vt 0.347371 0.756118
vt 0.097371 0.801527
vt 0.001880 0.875000
vt 0.097371 0.948473
vt 0.347371 0.993882
vt 0.656388 0.993882
vt 0.906388 0.948473
vt 1.001880 0.875000
vn 0.438371 0.000000 -0.898794
vn 0.438371 0.000000 -0.898794
vn 0.438371 0.000000 -0.898794
vn 0.438371 0.000000 -0.898794
vn -0.173648 0.000000 -0.984808
vn -0.173648 0.000000 -0.984808
vn -0.173648 0.000000 -0.984808
vn -0.173648 0.000000 -0.984808
vn -0.719340 0.000000 -0.694658
vn -0.719340 0.000000 -0.694658
vn -0.719340 0.000000 -0.694658
vn -0.719340 0.000000 -0.694658
vn -0.990268 0.000000 -0.139173
vn -0.990268 0.000000 -0.139173
vn -0.990268 0.000000 -0.139173
vn -0.990268 0.000000 -0.139173
vn -0.882948 0.000000 0.469472
vn -0.882948 0.000000 0.469472
vn -0.882948 0.000000 0.469472
vn -0.882948 0.000000 0.469472
vn -0.438371 0.000000 0.898794
vn -0.438371 0.000000 0.898794
vn -0.438371 0.000000 0.898794
vn -0.438371 0.000000 0.898794
vn 0.173648 0.000000 0.984808
vn 0.173648 0.000000 0.984808
vn 0.173648 0.000000 0.984808
vn 0.173648 0.000000 0.984808
vn 0.719340 0.000000 0.694658
vn 0.719340 0.000000 0.694658
vn 0.719340 0.000000 0.694658
vn 0.719340 0.000000 0.694658
vn 0.990268 0.000000 0.139173
vn 0.990268 0.000000 0.139173
vn 0.990268 0.000000 0.139173
vn 0.990268 0.000000 0.139173
vn 0.882948 0.000000 -0.469471
vn 0.882948 0.000000 -0.469471
vn 0.882948 0.000000 -0.469471
vn 0.882948 0.000000 -0.469471
vn 0.000000 -1.000000 0.000000
vn 0.000000 -1.000000 0.000000
vn 0.000000 -1.000000 0.000000
vn 0.000000 -1.000000 0.000000
vn 0.000000 -1.000000 0.000000
vn 0.000000 -1.000000 0.000000
vn 0.000000 -1.000000 0.000000
vn 0.000000 -1.000000 0.000000
vn 0.000000 -1.000000 0.000000
vn 0.000000 -1.000000 0.000000
vn 0.000000 1.000000 0.000000
vn 0.000000 1.000000 0.000000
vn 0.000000 1.000000 0.000000
vn 0.000000 1.000000 0.000000
vn 0.000000 1.000000 0.000000
vn 0.000000 1.000000 0.000000
vn 0.000000 1.000000 0.000000
vn 0.000000 1.000000 0.000000
vn 0.000000 1.000000 0.000000
vn 0.000000 1.000000 0.000000
s off
g GRP_Retro_Office_Desk GRP_Props_Backrooms Backrooms_Level0_Master_GRP Desk_Foot_Leveler5
usemtl M_Metal_Dark_MatteSG
f 501/1305/1693 502/1306/1694 512/1317/1695 511/1316/1696
f 502/1306/1697 503/1307/1698 513/1318/1699 512/1317/1700
f 503/1307/1701 504/1308/1702 514/1319/1703 513/1318/1704
f 504/1308/1705 505/1309/1706 515/1320/1707 514/1319/1708
f 505/1309/1709 506/1310/1710 516/1321/1711 515/1320/1712
f 506/1310/1713 507/1311/1714 517/1322/1715 516/1321/1716
f 507/1311/1717 508/1312/1718 518/1323/1719 517/1322/1720
f 508/1312/1721 509/1313/1722 519/1324/1723 518/1323/1724
f 509/1313/1725 510/1314/1726 520/1325/1727 519/1324/1728
f 510/1314/1729 501/1315/1730 511/1326/1731 520/1325/1732
f 501/1295/1733 510/1304/1734 509/1303/1735 508/1302/1736 507/1301/1737 506/1300/1738 505/1299/1739 504/1298/1740 503/1297/1741 502/1296/1742
f 511/1335/1743 512/1334/1744 513/1333/1745 514/1332/1746 515/1331/1747 516/1330/1748 517/1329/1749 518/1328/1750 519/1327/1751 520/1336/1752
g default
v -227.342232 71.216693 9.894876
v -227.302546 71.200000 9.887878
v -227.295548 71.216693 9.927568
v -227.292649 71.256994 9.944008
v -227.335234 71.256994 9.934566
v -227.358672 71.256994 9.897775
v -79.653949 71.216693 -16.146553
v -79.637509 71.256994 -16.149452
v -79.646950 71.256994 -16.106863
v -79.683738 71.256994 -16.083426
v -79.686636 71.216693 -16.099866
v -79.693635 71.200000 -16.139556
v -227.342232 74.983307 9.894876
v -227.358672 74.943006 9.897775
v -227.335234 74.943006 9.934566
v -227.292649 74.943006 9.944008
v -227.295548 74.983307 9.927568
v -227.302546 75.000000 9.887878
v -79.653949 74.983307 -16.146553
v -79.693635 75.000000 -16.139556
v -79.686636 74.983307 -16.099866
v -79.683738 74.943006 -16.083426
v -79.646950 74.943006 -16.106863
v -79.637509 74.943006 -16.149452
v -240.353050 74.943006 -63.893137
v -240.362491 74.943006 -63.850548
v -240.346051 74.983307 -63.853447
v -240.306365 75.000000 -63.860444
v -240.313364 74.983307 -63.900134
v -240.316262 74.943006 -63.916574
v -92.664766 74.943006 -89.934566
v -92.707351 74.943006 -89.944008
v -92.704452 74.983307 -89.927568
v -92.697454 75.000000 -89.887878
v -92.657768 74.983307 -89.894876
v -92.641328 74.943006 -89.897775
v -240.346051 71.216693 -63.853447
v -240.362491 71.256994 -63.850548
v -240.353050 71.256994 -63.893137
v -240.316262 71.256994 -63.916574
v -240.313364 71.216693 -63.900134
v -240.306365 71.200000 -63.860444
v -92.657768 71.216693 -89.894876
v -92.697454 71.200000 -89.887878
v -92.704452 71.216693 -89.927568
v -92.707351 71.256994 -89.944008
v -92.664766 71.256994 -89.934566
v -92.641328 71.256994 -89.897775
vt 0.330127 0.999810
vt 0.330127 0.750190
vt 0.329749 0.003750
vt 0.000251 0.003750
vt 0.330127 0.003750
vt 0.663207 0.003750
vt 0.330127 0.999810
vt 0.663207 0.999810
vt 0.329749 0.003750
vt 0.329749 0.246250
vt 0.330127 0.003750
vt 0.330127 0.246250
vt 0.663589 0.003750
vt 0.999744 0.003750
vt 0.663207 0.999810
vt 0.663207 0.750190
vt 0.663207 0.003750
vt 0.663207 0.246250
vt 0.663589 0.003750
vt 0.663589 0.246250
vt 0.329749 0.246250
vt 0.000251 0.246250
vt 0.330127 0.250190
vt 0.330127 0.499810
vt 0.330127 0.250190
vt 0.663207 0.250190
vt 0.330127 0.246250
vt 0.663207 0.246250
vt 0.663207 0.250190
vt 0.663207 0.499810
vt 0.663589 0.246250
vt 0.999744 0.246250
vt 0.000251 0.246250
vt 0.000251 0.003750
vt 0.330127 0.503750
vt 0.330127 0.746250
vt 0.330127 0.503750
vt 0.663207 0.503750
vt 0.330127 0.499810
vt 0.663207 0.499810
vt 0.663207 0.503750
vt 0.663207 0.746250
vt 0.999744 0.246250
vt 0.999744 0.003750
vt 0.330127 0.750190
vt 0.663207 0.750190
vt 0.330127 0.746250
vt 0.663207 0.746250
vt 0.330127 0.003750
vt 0.663207 0.003750
vt 0.663207 0.246250
vt 0.330127 0.246250
vt 0.330127 0.250190
vt 0.663207 0.250190
vt 0.663207 0.499810
vt 0.330127 0.499810
vt 0.330127 0.503750
vt 0.663207 0.503750
vt 0.663207 0.746250
vt 0.330127 0.746250
vt 0.330127 0.750190
vt 0.663207 0.750190
vt 0.663207 0.999810
vt 0.330127 0.999810
vt 0.663589 0.003750
vt 0.999744 0.003750
vt 0.999744 0.246250
vt 0.663589 0.246250
vt 0.000251 0.003750
vt 0.329749 0.003750
vt 0.329749 0.246250
vt 0.000251 0.246250
vt 0.330127 0.000000
vt 0.330127 0.003750
vt 0.329749 0.003750
vt 0.663589 0.003750
vt 0.663207 0.003750
vt 0.663207 -0.000000
vt 0.329749 0.246250
vt 0.330127 0.246250
vt 0.330127 0.250190
vt 0.663207 0.250190
vt 0.663207 0.246250
vt 0.663589 0.246250
vt 0.330000 0.499810
vt 0.330127 0.499810
vt 0.330127 0.503750
vt 0.663207 0.503750
vt 0.663207 0.499810
vt 0.663333 0.499810
vt 0.330000 0.746250
vt 0.330127 0.746250
vt 0.330127 0.750190
vt 0.663207 0.750190
vt 0.663207 0.746250
vt 0.663333 0.746250
vt 0.329935 0.000002
vt 0.330127 0.999662
vt 0.330224 0.000000
vt 0.330224 0.999810
vt 0.329938 0.003783
vt 0.663402 0.000002
vt 0.663207 0.999663
vt 0.663397 0.003756
vt 0.663110 0.999810
vt 0.663110 -0.000000
vt 0.330000 0.250000
vt 0.329939 0.246244
vt 0.330155 0.248220
vt 0.663333 0.250000
vt 0.663200 0.248334
vt 0.663398 0.246217
vt 0.330000 0.502659
vt 0.000251 0.243447
vt 0.330000 0.499665
vt 0.000443 0.246253
vt 0.330155 0.501780
vt 0.663333 0.502659
vt 0.999744 0.243447
vt 0.663200 0.501701
vt 0.999548 0.246253
vt 0.663333 0.499665
vt 0.000443 0.003747
vt 0.330000 0.746398
vt 0.330000 0.743401
vt 0.000251 0.006553
vt 0.330155 0.748220
vt 0.663333 0.746398
vt 0.999548 0.003747
vt 0.663200 0.747564
vt 0.999744 0.006553
vt 0.663333 0.743401
vn -0.376861 -0.923883 0.066451
vn -0.376861 -0.923883 0.066451
vn -0.376861 -0.923883 0.066451
vn -0.376861 -0.923883 0.066451
vn -0.909854 -0.382660 0.160432
vn -0.909854 -0.382660 0.160432
vn -0.909854 -0.382660 0.160432
vn -0.909854 -0.382660 0.160432
vn 0.160430 -0.382681 0.909845
vn 0.160430 -0.382681 0.909845
vn 0.160430 -0.382681 0.909845
vn 0.160430 -0.382681 0.909845
vn 0.066450 -0.923884 0.376859
vn 0.066450 -0.923884 0.376859
vn 0.066450 -0.923884 0.376859
vn 0.066450 -0.923884 0.376859
vn -0.843405 0.000000 0.537278
vn -0.843405 0.000000 0.537278
vn -0.843405 0.000000 0.537278
vn -0.843405 0.000000 0.537278
vn -0.216417 0.000000 0.976301
vn -0.216417 0.000000 0.976301
vn -0.216417 0.000000 0.976301
vn -0.216417 0.000000 0.976301
vn 0.909854 -0.382660 -0.160432
vn 0.909854 -0.382660 -0.160432
vn 0.909854 -0.382660 -0.160432
vn 0.909854 -0.382660 -0.160432
vn 0.376861 -0.923883 -0.066451
vn 0.376861 -0.923883 -0.066451
vn 0.376861 -0.923883 -0.066451
vn 0.376861 -0.923883 -0.066451
vn 0.537280 0.000000 0.843404
vn 0.537280 0.000000 0.843404
vn 0.537280 0.000000 0.843404
vn 0.537280 0.000000 0.843404
vn 0.976301 0.000000 0.216415
vn 0.976301 0.000000 0.216415
vn 0.976301 0.000000 0.216415
vn 0.976301 0.000000 0.216415
vn -0.909854 0.382660 0.160432
vn -0.909854 0.382660 0.160432
vn -0.909854 0.382660 0.160432
vn -0.909854 0.382660 0.160432
vn -0.376861 0.923883 0.066451
vn -0.376861 0.923883 0.066451
vn -0.376861 0.923883 0.066451
vn -0.376861 0.923883 0.066451
vn 0.066450 0.923884 0.376859
vn 0.066450 0.923884 0.376859
vn 0.066450 0.923884 0.376859
vn 0.066450 0.923884 0.376859
vn 0.160430 0.382681 0.909845
vn 0.160430 0.382681 0.909845
vn 0.160430 0.382681 0.909845
vn 0.160430 0.382681 0.909845
vn 0.376861 0.923883 -0.066451
vn 0.376861 0.923883 -0.066451
vn 0.376861 0.923883 -0.066451
vn 0.376861 0.923883 -0.066451
vn 0.909854 0.382660 -0.160432
vn 0.909854 0.382660 -0.160432
vn 0.909854 0.382660 -0.160432
vn 0.909854 0.382660 -0.160432
vn -0.976301 0.000000 -0.216415
vn -0.976301 0.000000 -0.216415
vn -0.976301 0.000000 -0.216415
vn -0.976301 0.000000 -0.216415
vn -0.537280 0.000000 -0.843404
vn -0.537280 0.000000 -0.843404
vn -0.537280 0.000000 -0.843404
vn -0.537280 0.000000 -0.843404
vn -0.160430 0.382681 -0.909845
vn -0.160430 0.382681 -0.909845
vn -0.160430 0.382681 -0.909845
vn -0.160430 0.382681 -0.909845
vn -0.066450 0.923884 -0.376859
vn -0.066450 0.923884 -0.376859
vn -0.066450 0.923884 -0.376859
vn -0.066450 0.923884 -0.376859
vn 0.216417 0.000000 -0.976301
vn 0.216417 0.000000 -0.976301
vn 0.216417 0.000000 -0.976301
vn 0.216417 0.000000 -0.976301
vn 0.843405 0.000000 -0.537278
vn 0.843405 0.000000 -0.537278
vn 0.843405 0.000000 -0.537278
vn 0.843405 0.000000 -0.537278
vn -0.066450 -0.923884 -0.376859
vn -0.066450 -0.923884 -0.376859
vn -0.066450 -0.923884 -0.376859
vn -0.066450 -0.923884 -0.376859
vn -0.160430 -0.382681 -0.909845
vn -0.160430 -0.382681 -0.909845
vn -0.160430 -0.382681 -0.909845
vn -0.160430 -0.382681 -0.909845
vn 0.173648 0.000000 0.984808
vn 0.173648 0.000000 0.984808
vn 0.173648 0.000000 0.984808
vn 0.173648 0.000000 0.984808
vn 0.000000 1.000000 0.000000
vn 0.000000 1.000000 0.000000
vn 0.000000 1.000000 0.000000
vn 0.000000 1.000000 0.000000
vn -0.173648 0.000000 -0.984808
vn -0.173648 0.000000 -0.984808
vn -0.173648 0.000000 -0.984808
vn -0.173648 0.000000 -0.984808
vn 0.000000 -1.000000 0.000000
vn 0.000000 -1.000000 0.000000
vn 0.000000 -1.000000 0.000000
vn 0.000000 -1.000000 0.000000
vn 0.984808 0.000000 -0.173648
vn 0.984808 0.000000 -0.173648
vn 0.984808 0.000000 -0.173648
vn 0.984808 0.000000 -0.173648
vn -0.984808 0.000000 0.173648
vn -0.984808 0.000000 0.173648
vn -0.984808 0.000000 0.173648
vn -0.984808 0.000000 0.173648
vn -0.468353 -0.577321 0.668839
vn -0.468353 -0.577321 0.668840
vn -0.468353 -0.577321 0.668840
vn -0.468353 -0.577321 0.668840
vn -0.468353 -0.577321 0.668840
vn -0.468353 -0.577321 0.668840
vn 0.668841 -0.577360 0.468302
vn 0.668841 -0.577360 0.468302
vn 0.668841 -0.577360 0.468302
vn 0.668841 -0.577360 0.468302
vn 0.668841 -0.577360 0.468302
vn 0.668841 -0.577360 0.468302
vn -0.468336 0.577360 0.668817
vn -0.468336 0.577360 0.668817
vn -0.468336 0.577360 0.668817
vn -0.468336 0.577360 0.668817
vn -0.468337 0.577360 0.668817
vn -0.468336 0.577360 0.668817
vn 0.668865 0.577321 0.468317
vn 0.668865 0.577321 0.468317
vn 0.668865 0.577321 0.468317
vn 0.668865 0.577321 0.468317
vn 0.668865 0.577321 0.468317
vn 0.668865 0.577321 0.468317
vn -0.668823 0.577370 -0.468315
vn -0.668823 0.577370 -0.468315
vn -0.668823 0.577370 -0.468315
vn -0.668823 0.577370 -0.468315
vn -0.668823 0.577370 -0.468315
vn -0.668823 0.577370 -0.468315
vn 0.468358 0.577350 -0.668810
vn 0.468358 0.577350 -0.668810
vn 0.468358 0.577350 -0.668810
vn 0.468358 0.577350 -0.668810
vn 0.468358 0.577350 -0.668810
vn 0.468358 0.577350 -0.668810
vn -0.668841 -0.577360 -0.468302
vn -0.668841 -0.577360 -0.468302
vn -0.668841 -0.577360 -0.468302
vn -0.668841 -0.577360 -0.468302
vn -0.668841 -0.577360 -0.468302
vn -0.668841 -0.577360 -0.468302
vn 0.468353 -0.577321 -0.668839
vn 0.468353 -0.577321 -0.668840
vn 0.468353 -0.577321 -0.668840
vn 0.468353 -0.577321 -0.668840
vn 0.468353 -0.577321 -0.668840
vn 0.468353 -0.577321 -0.668840
s off
g Desk_Top_Slab GRP_Retro_Office_Desk GRP_Props_Backrooms Backrooms_Level0_Master_GRP
f 522/1343/1753 521/1434/1754 557/1460/1755 562/1397/1756
f 521/1433/1757 526/1406/1758 558/1370/1759 557/1459/1760
f 524/1347/1761 523/1435/1762 531/1442/1763 530/1386/1764
f 523/1436/1765 522/1343/1766 532/1351/1767 531/1441/1768
f 526/1406/1769 525/1437/1770 535/1444/1771 534/1407/1772
f 525/1437/1773 524/1347/1774 536/1363/1775 535/1444/1776
f 528/1355/1777 527/1438/1778 563/1465/1779 568/1380/1780
f 527/1439/1781 532/1351/1782 564/1382/1783 563/1464/1784
f 530/1386/1785 529/1440/1786 543/1448/1787 542/1364/1788
f 529/1440/1789 528/1355/1790 544/1367/1791 543/1448/1792
f 534/1407/1793 533/1443/1794 547/1452/1795 546/1408/1796
f 533/1443/1797 538/1389/1798 548/1375/1799 547/1451/1800
f 538/1389/1801 537/1445/1802 541/1447/1803 540/1390/1804
f 537/1445/1805 536/1363/1806 542/1364/1807 541/1447/1808
f 540/1390/1809 539/1446/1810 555/1458/1811 554/1376/1812
f 539/1446/1813 544/1367/1814 556/1379/1815 555/1457/1816
f 546/1408/1817 545/1450/1818 559/1462/1819 558/1370/1820
f 545/1449/1821 550/1393/1822 560/1383/1823 559/1461/1824
f 550/1393/1825 549/1453/1826 553/1456/1827 552/1394/1828
f 549/1453/1829 548/1375/1830 554/1376/1831 553/1456/1832
f 552/1394/1833 551/1454/1834 567/1468/1835 566/1384/1836
f 551/1455/1837 556/1379/1838 568/1380/1839 567/1467/1840
f 562/1397/1841 561/1463/1842 565/1466/1843 564/1382/1844
f 561/1463/1845 560/1383/1846 566/1384/1847 565/1466/1848
f 524/1347/1849 530/1386/1850 542/1364/1851 536/1363/1852
f 538/1389/1853 540/1390/1854 554/1376/1855 548/1375/1856
f 550/1393/1857 552/1394/1858 566/1384/1859 560/1383/1860
f 562/1397/1861 564/1382/1862 532/1351/1863 522/1343/1864
f 528/1355/1865 568/1380/1866 556/1379/1867 544/1367/1868
f 558/1370/1869 526/1406/1870 534/1407/1871 546/1408/1872
f 521/1433/1873 522/1409/1874 523/1435/1875 524/1347/1876 525/1437/1877 526/1406/1878
f 527/1438/1879 528/1355/1880 529/1440/1881 530/1386/1882 531/1442/1883 532/1414/1884
f 533/1443/1885 534/1407/1886 535/1444/1887 536/1363/1888 537/1445/1889 538/1389/1890
f 539/1446/1891 540/1390/1892 541/1447/1893 542/1364/1894 543/1448/1895 544/1367/1896
f 545/1449/1897 546/1421/1898 547/1451/1899 548/1375/1900 549/1453/1901 550/1393/1902
f 551/1454/1903 552/1394/1904 553/1456/1905 554/1376/1906 555/1458/1907 556/1426/1908
f 557/1460/1909 558/1427/1910 559/1461/1911 560/1383/1912 561/1463/1913 562/1397/1914
f 563/1464/1915 564/1382/1916 565/1466/1917 566/1384/1918 567/1468/1919 568/1432/1920
g default
v -227.342232 71.216693 9.894876
v -227.302546 71.200000 9.887878
v -227.295548 71.216693 9.927568
v -227.292649 71.256994 9.944008
v -227.335234 71.256994 9.934566
v -227.358672 71.256994 9.897775
v -79.653949 71.216693 -16.146553
v -79.637509 71.256994 -16.149452
v -79.646950 71.256994 -16.106863
v -79.683738 71.256994 -16.083426
v -79.686636 71.216693 -16.099866
v -79.693635 71.200000 -16.139556
v -227.342232 74.983307 9.894876
v -227.358672 74.943006 9.897775
v -227.335234 74.943006 9.934566
v -227.292649 74.943006 9.944008
v -227.295548 74.983307 9.927568
v -227.302546 75.000000 9.887878
v -79.653949 74.983307 -16.146553
v -79.693635 75.000000 -16.139556
v -79.686636 74.983307 -16.099866
v -79.683738 74.943006 -16.083426
v -79.646950 74.943006 -16.106863
v -79.637509 74.943006 -16.149452
v -240.353050 74.943006 -63.893137
v -240.362491 74.943006 -63.850548
v -240.346051 74.983307 -63.853447
v -240.306365 75.000000 -63.860444
v -240.313364 74.983307 -63.900134
v -240.316262 74.943006 -63.916574
v -92.664766 74.943006 -89.934566
v -92.707351 74.943006 -89.944008
v -92.704452 74.983307 -89.927568
v -92.697454 75.000000 -89.887878
v -92.657768 74.983307 -89.894876
v -92.641328 74.943006 -89.897775
v -240.346051 71.216693 -63.853447
v -240.362491 71.256994 -63.850548
v -240.353050 71.256994 -63.893137
v -240.316262 71.256994 -63.916574
v -240.313364 71.216693 -63.900134
v -240.306365 71.200000 -63.860444
v -92.657768 71.216693 -89.894876
v -92.697454 71.200000 -89.887878
v -92.704452 71.216693 -89.927568
v -92.707351 71.256994 -89.944008
v -92.664766 71.256994 -89.934566
v -92.641328 71.256994 -89.897775
vt 0.330127 0.999810
vt 0.330127 0.750190
vt 0.329749 0.003750
vt 0.000251 0.003750
vt 0.330127 0.003750
vt 0.663207 0.003750
vt 0.330127 0.999810
vt 0.663207 0.999810
vt 0.329749 0.003750
vt 0.329749 0.246250
vt 0.330127 0.003750
vt 0.330127 0.246250
vt 0.663589 0.003750
vt 0.999744 0.003750
vt 0.663207 0.999810
vt 0.663207 0.750190
vt 0.663207 0.003750
vt 0.663207 0.246250
vt 0.663589 0.003750
vt 0.663589 0.246250
vt 0.329749 0.246250
vt 0.000251 0.246250
vt 0.330127 0.250190
vt 0.330127 0.499810
vt 0.330127 0.250190
vt 0.663207 0.250190
vt 0.330127 0.246250
vt 0.663207 0.246250
vt 0.663207 0.250190
vt 0.663207 0.499810
vt 0.663589 0.246250
vt 0.999744 0.246250
vt 0.000251 0.246250
vt 0.000251 0.003750
vt 0.330127 0.503750
vt 0.330127 0.746250
vt 0.330127 0.503750
vt 0.663207 0.503750
vt 0.330127 0.499810
vt 0.663207 0.499810
vt 0.663207 0.503750
vt 0.663207 0.746250
vt 0.999744 0.246250
vt 0.999744 0.003750
vt 0.330127 0.750190
vt 0.663207 0.750190
vt 0.330127 0.746250
vt 0.663207 0.746250
vt 0.330127 0.003750
vt 0.663207 0.003750
vt 0.663207 0.246250
vt 0.330127 0.246250
vt 0.330127 0.250190
vt 0.663207 0.250190
vt 0.663207 0.499810
vt 0.330127 0.499810
vt 0.330127 0.503750
vt 0.663207 0.503750
vt 0.663207 0.746250
vt 0.330127 0.746250
vt 0.330127 0.750190
vt 0.663207 0.750190
vt 0.663207 0.999810
vt 0.330127 0.999810
vt 0.663589 0.003750
vt 0.999744 0.003750
vt 0.999744 0.246250
vt 0.663589 0.246250
vt 0.000251 0.003750
vt 0.329749 0.003750
vt 0.329749 0.246250
vt 0.000251 0.246250
vt 0.330127 0.000000
vt 0.330127 0.003750
vt 0.329749 0.003750
vt 0.663589 0.003750
vt 0.663207 0.003750
vt 0.663207 -0.000000
vt 0.329749 0.246250
vt 0.330127 0.246250
vt 0.330127 0.250190
vt 0.663207 0.250190
vt 0.663207 0.246250
vt 0.663589 0.246250
vt 0.330000 0.499810
vt 0.330127 0.499810
vt 0.330127 0.503750
vt 0.663207 0.503750
vt 0.663207 0.499810
vt 0.663333 0.499810
vt 0.330000 0.746250
vt 0.330127 0.746250
vt 0.330127 0.750190
vt 0.663207 0.750190
vt 0.663207 0.746250
vt 0.663333 0.746250
vt 0.329935 0.000002
vt 0.330127 0.999662
vt 0.330224 0.000000
vt 0.330224 0.999810
vt 0.329938 0.003783
vt 0.663402 0.000002
vt 0.663207 0.999663
vt 0.663397 0.003756
vt 0.663110 0.999810
vt 0.663110 -0.000000
vt 0.330000 0.250000
vt 0.329939 0.246244
vt 0.330155 0.248220
vt 0.663333 0.250000
vt 0.663200 0.248334
vt 0.663398 0.246217
vt 0.330000 0.502659
vt 0.000251 0.243447
vt 0.330000 0.499665
vt 0.000443 0.246253
vt 0.330155 0.501780
vt 0.663333 0.502659
vt 0.999744 0.243447
vt 0.663200 0.501701
vt 0.999548 0.246253
vt 0.663333 0.499665
vt 0.000443 0.003747
vt 0.330000 0.746398
vt 0.330000 0.743401
vt 0.000251 0.006553
vt 0.330155 0.748220
vt 0.663333 0.746398
vt 0.999548 0.003747
vt 0.663200 0.747564
vt 0.999744 0.006553
vt 0.663333 0.743401
vn -0.376861 -0.923883 0.066451
vn -0.376861 -0.923883 0.066451
vn -0.376861 -0.923883 0.066451
vn -0.376861 -0.923883 0.066451
vn -0.909854 -0.382660 0.160432
vn -0.909854 -0.382660 0.160432
vn -0.909854 -0.382660 0.160432
vn -0.909854 -0.382660 0.160432
vn 0.160430 -0.382681 0.909845
vn 0.160430 -0.382681 0.909845
vn 0.160430 -0.382681 0.909845
vn 0.160430 -0.382681 0.909845
vn 0.066450 -0.923884 0.376859
vn 0.066450 -0.923884 0.376859
vn 0.066450 -0.923884 0.376859
vn 0.066450 -0.923884 0.376859
vn -0.843405 0.000000 0.537278
vn -0.843405 0.000000 0.537278
vn -0.843405 0.000000 0.537278
vn -0.843405 0.000000 0.537278
vn -0.216417 0.000000 0.976301
vn -0.216417 0.000000 0.976301
vn -0.216417 0.000000 0.976301
vn -0.216417 0.000000 0.976301
vn 0.909854 -0.382660 -0.160432
vn 0.909854 -0.382660 -0.160432
vn 0.909854 -0.382660 -0.160432
vn 0.909854 -0.382660 -0.160432
vn 0.376861 -0.923883 -0.066451
vn 0.376861 -0.923883 -0.066451
vn 0.376861 -0.923883 -0.066451
vn 0.376861 -0.923883 -0.066451
vn 0.537280 0.000000 0.843404
vn 0.537280 0.000000 0.843404
vn 0.537280 0.000000 0.843404
vn 0.537280 0.000000 0.843404
vn 0.976301 0.000000 0.216415
vn 0.976301 0.000000 0.216415
vn 0.976301 0.000000 0.216415
vn 0.976301 0.000000 0.216415
vn -0.909854 0.382660 0.160432
vn -0.909854 0.382660 0.160432
vn -0.909854 0.382660 0.160432
vn -0.909854 0.382660 0.160432
vn -0.376861 0.923883 0.066451
vn -0.376861 0.923883 0.066451
vn -0.376861 0.923883 0.066451
vn -0.376861 0.923883 0.066451
vn 0.066450 0.923884 0.376859
vn 0.066450 0.923884 0.376859
vn 0.066450 0.923884 0.376859
vn 0.066450 0.923884 0.376859
vn 0.160430 0.382681 0.909845
vn 0.160430 0.382681 0.909845
vn 0.160430 0.382681 0.909845
vn 0.160430 0.382681 0.909845
vn 0.376861 0.923883 -0.066451
vn 0.376861 0.923883 -0.066451
vn 0.376861 0.923883 -0.066451
vn 0.376861 0.923883 -0.066451
vn 0.909854 0.382660 -0.160432
vn 0.909854 0.382660 -0.160432
vn 0.909854 0.382660 -0.160432
vn 0.909854 0.382660 -0.160432
vn -0.976301 0.000000 -0.216415
vn -0.976301 0.000000 -0.216415
vn -0.976301 0.000000 -0.216415
vn -0.976301 0.000000 -0.216415
vn -0.537280 0.000000 -0.843404
vn -0.537280 0.000000 -0.843404
vn -0.537280 0.000000 -0.843404
vn -0.537280 0.000000 -0.843404
vn -0.160430 0.382681 -0.909845
vn -0.160430 0.382681 -0.909845
vn -0.160430 0.382681 -0.909845
vn -0.160430 0.382681 -0.909845
vn -0.066450 0.923884 -0.376859
vn -0.066450 0.923884 -0.376859
vn -0.066450 0.923884 -0.376859
vn -0.066450 0.923884 -0.376859
vn 0.216417 0.000000 -0.976301
vn 0.216417 0.000000 -0.976301
vn 0.216417 0.000000 -0.976301
vn 0.216417 0.000000 -0.976301
vn 0.843405 0.000000 -0.537278
vn 0.843405 0.000000 -0.537278
vn 0.843405 0.000000 -0.537278
vn 0.843405 0.000000 -0.537278
vn -0.066450 -0.923884 -0.376859
vn -0.066450 -0.923884 -0.376859
vn -0.066450 -0.923884 -0.376859
vn -0.066450 -0.923884 -0.376859
vn -0.160430 -0.382681 -0.909845
vn -0.160430 -0.382681 -0.909845
vn -0.160430 -0.382681 -0.909845
vn -0.160430 -0.382681 -0.909845
vn 0.173648 0.000000 0.984808
vn 0.173648 0.000000 0.984808
vn 0.173648 0.000000 0.984808
vn 0.173648 0.000000 0.984808
vn 0.000000 1.000000 0.000000
vn 0.000000 1.000000 0.000000
vn 0.000000 1.000000 0.000000
vn 0.000000 1.000000 0.000000
vn -0.173648 0.000000 -0.984808
vn -0.173648 0.000000 -0.984808
vn -0.173648 0.000000 -0.984808
vn -0.173648 0.000000 -0.984808
vn 0.000000 -1.000000 0.000000
vn 0.000000 -1.000000 0.000000
vn 0.000000 -1.000000 0.000000
vn 0.000000 -1.000000 0.000000
vn 0.984808 0.000000 -0.173648
vn 0.984808 0.000000 -0.173648
vn 0.984808 0.000000 -0.173648
vn 0.984808 0.000000 -0.173648
vn -0.984808 0.000000 0.173648
vn -0.984808 0.000000 0.173648
vn -0.984808 0.000000 0.173648
vn -0.984808 0.000000 0.173648
vn -0.468353 -0.577321 0.668839
vn -0.468353 -0.577321 0.668840
vn -0.468353 -0.577321 0.668840
vn -0.468353 -0.577321 0.668840
vn -0.468353 -0.577321 0.668840
vn -0.468353 -0.577321 0.668840
vn 0.668841 -0.577360 0.468302
vn 0.668841 -0.577360 0.468302
vn 0.668841 -0.577360 0.468302
vn 0.668841 -0.577360 0.468302
vn 0.668841 -0.577360 0.468302
vn 0.668841 -0.577360 0.468302
vn -0.468336 0.577360 0.668817
vn -0.468336 0.577360 0.668817
vn -0.468336 0.577360 0.668817
vn -0.468336 0.577360 0.668817
vn -0.468337 0.577360 0.668817
vn -0.468336 0.577360 0.668817
vn 0.668865 0.577321 0.468317
vn 0.668865 0.577321 0.468317
vn 0.668865 0.577321 0.468317
vn 0.668865 0.577321 0.468317
vn 0.668865 0.577321 0.468317
vn 0.668865 0.577321 0.468317
vn -0.668823 0.577370 -0.468315
vn -0.668823 0.577370 -0.468315
vn -0.668823 0.577370 -0.468315
vn -0.668823 0.577370 -0.468315
vn -0.668823 0.577370 -0.468315
vn -0.668823 0.577370 -0.468315
vn 0.468358 0.577350 -0.668810
vn 0.468358 0.577350 -0.668810
vn 0.468358 0.577350 -0.668810
vn 0.468358 0.577350 -0.668810
vn 0.468358 0.577350 -0.668810
vn 0.468358 0.577350 -0.668810
vn -0.668841 -0.577360 -0.468302
vn -0.668841 -0.577360 -0.468302
vn -0.668841 -0.577360 -0.468302
vn -0.668841 -0.577360 -0.468302
vn -0.668841 -0.577360 -0.468302
vn -0.668841 -0.577360 -0.468302
vn 0.468353 -0.577321 -0.668839
vn 0.468353 -0.577321 -0.668840
vn 0.468353 -0.577321 -0.668840
vn 0.468353 -0.577321 -0.668840
vn 0.468353 -0.577321 -0.668840
vn 0.468353 -0.577321 -0.668840
s off
g Desk_Top_Slab GRP_Retro_Office_Desk GRP_Props_Backrooms Backrooms_Level0_Master_GRP
f 570/1475/1921 569/1566/1922 605/1592/1923 610/1529/1924
f 569/1565/1925 574/1538/1926 606/1502/1927 605/1591/1928
f 572/1479/1929 571/1567/1930 579/1574/1931 578/1518/1932
f 571/1568/1933 570/1475/1934 580/1483/1935 579/1573/1936
f 574/1538/1937 573/1569/1938 583/1576/1939 582/1539/1940
f 573/1569/1941 572/1479/1942 584/1495/1943 583/1576/1944
f 576/1487/1945 575/1570/1946 611/1597/1947 616/1512/1948
f 575/1571/1949 580/1483/1950 612/1514/1951 611/1596/1952
f 578/1518/1953 577/1572/1954 591/1580/1955 590/1496/1956
f 577/1572/1957 576/1487/1958 592/1499/1959 591/1580/1960
f 582/1539/1961 581/1575/1962 595/1584/1963 594/1540/1964
f 581/1575/1965 586/1521/1966 596/1507/1967 595/1583/1968
f 586/1521/1969 585/1577/1970 589/1579/1971 588/1522/1972
f 585/1577/1973 584/1495/1974 590/1496/1975 589/1579/1976
f 588/1522/1977 587/1578/1978 603/1590/1979 602/1508/1980
f 587/1578/1981 592/1499/1982 604/1511/1983 603/1589/1984
f 594/1540/1985 593/1582/1986 607/1594/1987 606/1502/1988
f 593/1581/1989 598/1525/1990 608/1515/1991 607/1593/1992
f 598/1525/1993 597/1585/1994 601/1588/1995 600/1526/1996
f 597/1585/1997 596/1507/1998 602/1508/1999 601/1588/2000
f 600/1526/2001 599/1586/2002 615/1600/2003 614/1516/2004
f 599/1587/2005 604/1511/2006 616/1512/2007 615/1599/2008
f 610/1529/2009 609/1595/2010 613/1598/2011 612/1514/2012
f 609/1595/2013 608/1515/2014 614/1516/2015 613/1598/2016
f 572/1479/2017 578/1518/2018 590/1496/2019 584/1495/2020
f 586/1521/2021 588/1522/2022 602/1508/2023 596/1507/2024
f 598/1525/2025 600/1526/2026 614/1516/2027 608/1515/2028
f 610/1529/2029 612/1514/2030 580/1483/2031 570/1475/2032
f 576/1487/2033 616/1512/2034 604/1511/2035 592/1499/2036
f 606/1502/2037 574/1538/2038 582/1539/2039 594/1540/2040
f 569/1565/2041 570/1541/2042 571/1567/2043 572/1479/2044 573/1569/2045 574/1538/2046
f 575/1570/2047 576/1487/2048 577/1572/2049 578/1518/2050 579/1574/2051 580/1546/2052
f 581/1575/2053 582/1539/2054 583/1576/2055 584/1495/2056 585/1577/2057 586/1521/2058
f 587/1578/2059 588/1522/2060 589/1579/2061 590/1496/2062 591/1580/2063 592/1499/2064
f 593/1581/2065 594/1553/2066 595/1583/2067 596/1507/2068 597/1585/2069 598/1525/2070
f 599/1586/2071 600/1526/2072 601/1588/2073 602/1508/2074 603/1590/2075 604/1558/2076
f 605/1592/2077 606/1559/2078 607/1593/2079 608/1515/2080 609/1595/2081 610/1529/2082
f 611/1596/2083 612/1514/2084 613/1598/2085 614/1516/2086 615/1600/2087 616/1564/2088
g default
v -221.825839 4.123001 6.015060
v -221.533395 4.000000 5.963495
v -221.481830 4.123001 6.255938
v -221.460471 4.419956 6.377071
v -221.774273 4.419956 6.307504
v -221.946973 4.419956 6.036419
v -180.706182 4.123001 -1.235445
v -180.585048 4.419956 -1.256804
v -180.654616 4.419956 -0.943001
v -180.925701 4.419956 -0.770303
v -180.947060 4.123001 -0.891435
v -180.998626 4.000000 -1.183879
v -221.825839 68.876999 6.015060
v -221.946973 68.580044 6.036419
v -221.774273 68.580044 6.307504
v -221.460471 68.580044 6.377071
v -221.481830 68.876999 6.255938
v -221.533395 69.000000 5.963495
v -180.706182 68.876999 -1.235445
v -180.998626 69.000000 -1.183879
v -180.947060 68.876999 -0.891435
v -180.925701 68.580044 -0.770303
v -180.654616 68.580044 -0.943001
v -180.585048 68.580044 -1.256804
v -233.886928 68.580044 -62.386774
v -233.956497 68.580044 -62.072971
v -233.835362 68.876999 -62.094330
v -233.542919 69.000000 -62.145896
v -233.594484 68.876999 -62.438340
v -233.615843 68.580044 -62.559472
v -192.767271 68.580044 -69.637279
v -193.081074 68.580044 -69.706846
v -193.059715 68.876999 -69.585713
v -193.008149 69.000000 -69.293269
v -192.715705 68.876999 -69.344835
v -192.594571 68.580044 -69.366194
v -233.835362 4.123001 -62.094330
v -233.956497 4.419956 -62.072971
v -233.886928 4.419956 -62.386774
v -233.615843 4.419956 -62.559472
v -233.594484 4.123001 -62.438340
v -233.542919 4.000000 -62.145896
v -192.715705 4.123001 -69.344835
v -193.008149 4.000000 -69.293269
v -193.059715 4.123001 -69.585713
v -193.081074 4.419956 -69.706846
v -192.767271 4.419956 -69.637279
v -192.594571 4.419956 -69.366194
vt 0.333333 0.998500
vt 0.333333 0.751500
vt 0.328020 0.001615
vt 0.001980 0.001615
vt 0.333333 0.001615
vt 0.660000 0.001615
vt 0.333333 0.998500
vt 0.660000 0.998500
vt 0.328020 0.001615
vt 0.328020 0.248385
vt 0.333333 0.001615
vt 0.333333 0.248385
vt 0.665353 0.001615
vt 0.997980 0.001615
vt 0.660000 0.998500
vt 0.660000 0.751500
vt 0.660000 0.001615
vt 0.660000 0.248385
vt 0.665353 0.001615
vt 0.665353 0.248385
vt 0.328020 0.248385
vt 0.001980 0.248385
vt 0.333333 0.251500
vt 0.333333 0.498500
vt 0.333333 0.251500
vt 0.660000 0.251500
vt 0.333333 0.248385
vt 0.660000 0.248385
vt 0.660000 0.251500
vt 0.660000 0.498500
vt 0.665353 0.248385
vt 0.997980 0.248385
vt 0.001980 0.248385
vt 0.001980 0.001615
vt 0.333333 0.501615
vt 0.333333 0.748385
vt 0.333333 0.501615
vt 0.660000 0.501615
vt 0.333333 0.498500
vt 0.660000 0.498500
vt 0.660000 0.501615
vt 0.660000 0.748385
vt 0.997980 0.248385
vt 0.997980 0.001615
vt 0.333333 0.751500
vt 0.660000 0.751500
vt 0.333333 0.748385
vt 0.660000 0.748385
vt 0.333333 0.001615
vt 0.660000 0.001615
vt 0.660000 0.248385
vt 0.333333 0.248385
vt 0.333333 0.251500
vt 0.660000 0.251500
vt 0.660000 0.498500
vt 0.333333 0.498500
vt 0.333333 0.501615
vt 0.660000 0.501615
vt 0.660000 0.748385
vt 0.333333 0.748385
vt 0.333333 0.751500
vt 0.660000 0.751500
vt 0.660000 0.998500
vt 0.333333 0.998500
vt 0.665353 0.001615
vt 0.997980 0.001615
vt 0.997980 0.248385
vt 0.665353 0.248385
vt 0.001980 0.001615
vt 0.328020 0.001615
vt 0.328020 0.248385
vt 0.001980 0.248385
vt 0.333333 -0.000000
vt 0.333333 0.001615
vt 0.328020 0.001615
vt 0.665353 0.001615
vt 0.660000 0.001615
vt 0.660000 0.000000
vt 0.328020 0.248385
vt 0.333333 0.248385
vt 0.333333 0.251500
vt 0.660000 0.251500
vt 0.660000 0.248385
vt 0.665353 0.248385
vt 0.330000 0.498500
vt 0.333333 0.498500
vt 0.333333 0.501615
vt 0.660000 0.501615
vt 0.660000 0.498500
vt 0.663333 0.498500
vt 0.330000 0.748385
vt 0.333333 0.748385
vt 0.333333 0.751500
vt 0.660000 0.751500
vt 0.660000 0.748385
vt 0.663333 0.748385
vt 0.331807 0.000007
vt 0.333318 0.997348
vt 0.335845 -0.000000
vt 0.335845 0.998500
vt 0.330677 0.001621
vt 0.661557 0.000007
vt 0.660016 0.997348
vt 0.662668 0.001616
vt 0.657489 0.998500
vt 0.657489 0.000000
vt 0.330000 0.250000
vt 0.330680 0.248384
vt 0.333353 0.249942
vt 0.663333 0.250000
vt 0.659996 0.249938
vt 0.662677 0.248379
vt 0.330000 0.499740
vt 0.001980 0.247161
vt 0.330000 0.497351
vt 0.003497 0.248392
vt 0.333353 0.500058
vt 0.663333 0.499740
vt 0.997980 0.247161
vt 0.659996 0.500052
vt 0.996432 0.248392
vt 0.663333 0.497351
vt 0.003506 0.001608
vt 0.330015 0.749537
vt 0.330000 0.747145
vt 0.001980 0.002839
vt 0.333353 0.749942
vt 0.663318 0.749537
vt 0.996424 0.001608
vt 0.659996 0.749936
vt 0.997980 0.002839
vt 0.663333 0.747145
vn -0.376865 -0.923882 0.066451
vn -0.376865 -0.923882 0.066451
vn -0.376865 -0.923882 0.066451
vn -0.376865 -0.923882 0.066451
vn -0.909845 -0.382681 0.160430
vn -0.909845 -0.382681 0.160430
vn -0.909845 -0.382681 0.160430
vn -0.909845 -0.382681 0.160430
vn 0.160430 -0.382677 0.909846
vn 0.160430 -0.382677 0.909846
vn 0.160430 -0.382677 0.909846
vn 0.160430 -0.382677 0.909846
vn 0.066452 -0.923881 0.376866
vn 0.066452 -0.923881 0.376866
vn 0.066452 -0.923881 0.376866
vn 0.066452 -0.923881 0.376866
vn -0.843392 0.000000 0.537299
vn -0.843392 0.000000 0.537299
vn -0.843392 0.000000 0.537299
vn -0.843392 0.000000 0.537299
vn -0.216428 0.000000 0.976299
vn -0.216428 0.000000 0.976299
vn -0.216428 0.000000 0.976299
vn -0.216428 0.000000 0.976299
vn 0.909845 -0.382681 -0.160430
vn 0.909845 -0.382681 -0.160430
vn 0.909845 -0.382681 -0.160430
vn 0.909845 -0.382681 -0.160430
vn 0.376865 -0.923882 -0.066451
vn 0.376865 -0.923882 -0.066451
vn 0.376865 -0.923882 -0.066451
vn 0.376865 -0.923882 -0.066451
vn 0.537289 0.000000 0.843398
vn 0.537289 0.000000 0.843398
vn 0.537289 0.000000 0.843398
vn 0.537289 0.000000 0.843398
vn 0.976296 0.000000 0.216439
vn 0.976296 0.000000 0.216439
vn 0.976296 0.000000 0.216439
vn 0.976296 0.000000 0.216439
vn -0.909845 0.382681 0.160430
vn -0.909845 0.382681 0.160430
vn -0.909845 0.382681 0.160430
vn -0.909845 0.382681 0.160430
vn -0.376865 0.923882 0.066451
vn -0.376865 0.923882 0.066451
vn -0.376865 0.923882 0.066451
vn -0.376865 0.923882 0.066451
vn 0.066452 0.923881 0.376866
vn 0.066452 0.923881 0.376866
vn 0.066452 0.923881 0.376866
vn 0.066452 0.923881 0.376866
vn 0.160430 0.382677 0.909846
vn 0.160430 0.382677 0.909846
vn 0.160430 0.382677 0.909846
vn 0.160430 0.382677 0.909846
vn 0.376865 0.923882 -0.066451
vn 0.376865 0.923882 -0.066451
vn 0.376865 0.923882 -0.066451
vn 0.376865 0.923882 -0.066451
vn 0.909845 0.382681 -0.160430
vn 0.909845 0.382681 -0.160430
vn 0.909845 0.382681 -0.160430
vn 0.909845 0.382681 -0.160430
vn -0.976296 0.000000 -0.216439
vn -0.976296 0.000000 -0.216439
vn -0.976296 0.000000 -0.216439
vn -0.976296 0.000000 -0.216439
vn -0.537289 0.000000 -0.843398
vn -0.537289 0.000000 -0.843398
vn -0.537289 0.000000 -0.843398
vn -0.537289 0.000000 -0.843398
vn -0.160430 0.382677 -0.909846
vn -0.160430 0.382677 -0.909846
vn -0.160430 0.382677 -0.909846
vn -0.160430 0.382677 -0.909846
vn -0.066452 0.923881 -0.376866
vn -0.066452 0.923881 -0.376866
vn -0.066452 0.923881 -0.376866
vn -0.066452 0.923881 -0.376866
vn 0.216428 0.000000 -0.976299
vn 0.216428 0.000000 -0.976299
vn 0.216428 0.000000 -0.976299
vn 0.216428 0.000000 -0.976299
vn 0.843392 0.000000 -0.537299
vn 0.843392 0.000000 -0.537299
vn 0.843392 0.000000 -0.537299
vn 0.843392 0.000000 -0.537299
vn -0.066452 -0.923881 -0.376866
vn -0.066452 -0.923881 -0.376866
vn -0.066452 -0.923881 -0.376866
vn -0.066452 -0.923881 -0.376866
vn -0.160430 -0.382677 -0.909846
vn -0.160430 -0.382677 -0.909846
vn -0.160430 -0.382677 -0.909846
vn -0.160430 -0.382677 -0.909846
vn 0.173648 0.000000 0.984808
vn 0.173648 0.000000 0.984808
vn 0.173648 0.000000 0.984808
vn 0.173648 0.000000 0.984808
vn 0.000000 1.000000 0.000000
vn 0.000000 1.000000 0.000000
vn 0.000000 1.000000 0.000000
vn 0.000000 1.000000 0.000000
vn -0.173648 0.000000 -0.984808
vn -0.173648 0.000000 -0.984808
vn -0.173648 0.000000 -0.984808
vn -0.173648 0.000000 -0.984808
vn 0.000000 -1.000000 0.000000
vn 0.000000 -1.000000 0.000000
vn 0.000000 -1.000000 0.000000
vn 0.000000 -1.000000 0.000000
vn 0.984808 0.000000 -0.173648
vn 0.984808 0.000000 -0.173648
vn 0.984808 0.000000 -0.173648
vn 0.984808 0.000000 -0.173648
vn -0.984808 0.000000 0.173648
vn -0.984808 0.000000 0.173648
vn -0.984808 0.000000 0.173648
vn -0.984808 0.000000 0.173648
vn -0.468322 -0.577351 0.668835
vn -0.468322 -0.577351 0.668835
vn -0.468322 -0.577351 0.668835
vn -0.468322 -0.577351 0.668835
vn -0.468322 -0.577351 0.668835
vn -0.468322 -0.577351 0.668835
vn 0.668835 -0.577353 0.468321
vn 0.668834 -0.577353 0.468321
vn 0.668835 -0.577353 0.468321
vn 0.668835 -0.577353 0.468321
vn 0.668834 -0.577352 0.468321
vn 0.668835 -0.577353 0.468321
vn -0.468324 0.577353 0.668833
vn -0.468324 0.577353 0.668833
vn -0.468324 0.577353 0.668833
vn -0.468324 0.577352 0.668833
vn -0.468324 0.577352 0.668833
vn -0.468324 0.577352 0.668833
vn 0.668833 0.577351 0.468324
vn 0.668834 0.577351 0.468324
vn 0.668833 0.577351 0.468324
vn 0.668834 0.577351 0.468324
vn 0.668833 0.577351 0.468324
vn 0.668833 0.577351 0.468324
vn -0.668834 0.577352 -0.468323
vn -0.668834 0.577352 -0.468323
vn -0.668834 0.577352 -0.468323
vn -0.668834 0.577352 -0.468323
vn -0.668834 0.577352 -0.468323
vn -0.668834 0.577352 -0.468323
vn 0.468322 0.577351 -0.668835
vn 0.468322 0.577351 -0.668835
vn 0.468322 0.577351 -0.668835
vn 0.468322 0.577351 -0.668835
vn 0.468322 0.577351 -0.668835
vn 0.468322 0.577351 -0.668835
vn -0.668835 -0.577353 -0.468321
vn -0.668834 -0.577353 -0.468321
vn -0.668835 -0.577353 -0.468321
vn -0.668835 -0.577353 -0.468321
vn -0.668834 -0.577352 -0.468321
vn -0.668835 -0.577353 -0.468321
vn 0.468322 -0.577351 -0.668835
vn 0.468322 -0.577351 -0.668835
vn 0.468322 -0.577351 -0.668835
vn 0.468322 -0.577351 -0.668835
vn 0.468322 -0.577351 -0.668835
vn 0.468322 -0.577351 -0.668835
s off
g GRP_Retro_Office_Desk GRP_Props_Backrooms Backrooms_Level0_Master_GRP Desk_Pedestal_Body
f 618/1607/2089 617/1698/2090 653/1724/2091 658/1661/2092
f 617/1697/2093 622/1670/2094 654/1634/2095 653/1723/2096
f 620/1611/2097 619/1699/2098 627/1706/2099 626/1650/2100
f 619/1700/2101 618/1607/2102 628/1615/2103 627/1705/2104
f 622/1670/2105 621/1701/2106 631/1708/2107 630/1671/2108
f 621/1701/2109 620/1611/2110 632/1627/2111 631/1708/2112
f 624/1619/2113 623/1702/2114 659/1729/2115 664/1644/2116
f 623/1703/2117 628/1615/2118 660/1646/2119 659/1728/2120
f 626/1650/2121 625/1704/2122 639/1712/2123 638/1628/2124
f 625/1704/2125 624/1619/2126 640/1631/2127 639/1712/2128
f 630/1671/2129 629/1707/2130 643/1716/2131 642/1672/2132
f 629/1707/2133 634/1653/2134 644/1639/2135 643/1715/2136
f 634/1653/2137 633/1709/2138 637/1711/2139 636/1654/2140
f 633/1709/2141 632/1627/2142 638/1628/2143 637/1711/2144
f 636/1654/2145 635/1710/2146 651/1722/2147 650/1640/2148
f 635/1710/2149 640/1631/2150 652/1643/2151 651/1721/2152
f 642/1672/2153 641/1714/2154 655/1726/2155 654/1634/2156
f 641/1713/2157 646/1657/2158 656/1647/2159 655/1725/2160
f 646/1657/2161 645/1717/2162 649/1720/2163 648/1658/2164
f 645/1717/2165 644/1639/2166 650/1640/2167 649/1720/2168
f 648/1658/2169 647/1718/2170 663/1732/2171 662/1648/2172
f 647/1719/2173 652/1643/2174 664/1644/2175 663/1731/2176
f 658/1661/2177 657/1727/2178 661/1730/2179 660/1646/2180
f 657/1727/2181 656/1647/2182 662/1648/2183 661/1730/2184
f 620/1611/2185 626/1650/2186 638/1628/2187 632/1627/2188
f 634/1653/2189 636/1654/2190 650/1640/2191 644/1639/2192
f 646/1657/2193 648/1658/2194 662/1648/2195 656/1647/2196
f 658/1661/2197 660/1646/2198 628/1615/2199 618/1607/2200
f 624/1619/2201 664/1644/2202 652/1643/2203 640/1631/2204
f 654/1634/2205 622/1670/2206 630/1671/2207 642/1672/2208
f 617/1697/2209 618/1673/2210 619/1699/2211 620/1611/2212 621/1701/2213 622/1670/2214
f 623/1702/2215 624/1619/2216 625/1704/2217 626/1650/2218 627/1706/2219 628/1678/2220
f 629/1707/2221 630/1671/2222 631/1708/2223 632/1627/2224 633/1709/2225 634/1653/2226
f 635/1710/2227 636/1654/2228 637/1711/2229 638/1628/2230 639/1712/2231 640/1631/2232
f 641/1713/2233 642/1685/2234 643/1715/2235 644/1639/2236 645/1717/2237 646/1657/2238
f 647/1718/2239 648/1658/2240 649/1720/2241 650/1640/2242 651/1722/2243 652/1690/2244
f 653/1724/2245 654/1691/2246 655/1725/2247 656/1647/2248 657/1727/2249 658/1661/2250
f 659/1728/2251 660/1646/2252 661/1730/2253 662/1648/2254 663/1732/2255 664/1696/2256
g default
v -221.825839 4.123001 6.015060
v -221.533395 4.000000 5.963495
v -221.481830 4.123001 6.255938
v -221.460471 4.419956 6.377071
v -221.774273 4.419956 6.307504
v -221.946973 4.419956 6.036419
v -180.706182 4.123001 -1.235445
v -180.585048 4.419956 -1.256804
v -180.654616 4.419956 -0.943001
v -180.925701 4.419956 -0.770303
v -180.947060 4.123001 -0.891435
v -180.998626 4.000000 -1.183879
v -221.825839 68.876999 6.015060
v -221.946973 68.580044 6.036419
v -221.774273 68.580044 6.307504
v -221.460471 68.580044 6.377071
v -221.481830 68.876999 6.255938
v -221.533395 69.000000 5.963495
v -180.706182 68.876999 -1.235445
v -180.998626 69.000000 -1.183879
v -180.947060 68.876999 -0.891435
v -180.925701 68.580044 -0.770303
v -180.654616 68.580044 -0.943001
v -180.585048 68.580044 -1.256804
v -233.886928 68.580044 -62.386774
v -233.956497 68.580044 -62.072971
v -233.835362 68.876999 -62.094330
v -233.542919 69.000000 -62.145896
v -233.594484 68.876999 -62.438340
v -233.615843 68.580044 -62.559472
v -192.767271 68.580044 -69.637279
v -193.081074 68.580044 -69.706846
v -193.059715 68.876999 -69.585713
v -193.008149 69.000000 -69.293269
v -192.715705 68.876999 -69.344835
v -192.594571 68.580044 -69.366194
v -233.835362 4.123001 -62.094330
v -233.956497 4.419956 -62.072971
v -233.886928 4.419956 -62.386774
v -233.615843 4.419956 -62.559472
v -233.594484 4.123001 -62.438340
v -233.542919 4.000000 -62.145896
v -192.715705 4.123001 -69.344835
v -193.008149 4.000000 -69.293269
v -193.059715 4.123001 -69.585713
v -193.081074 4.419956 -69.706846
v -192.767271 4.419956 -69.637279
v -192.594571 4.419956 -69.366194
vt 0.333333 0.998500
vt 0.333333 0.751500
vt 0.328020 0.001615
vt 0.001980 0.001615
vt 0.333333 0.001615
vt 0.660000 0.001615
vt 0.333333 0.998500
vt 0.660000 0.998500
vt 0.328020 0.001615
vt 0.328020 0.248385
vt 0.333333 0.001615
vt 0.333333 0.248385
vt 0.665353 0.001615
vt 0.997980 0.001615
vt 0.660000 0.998500
vt 0.660000 0.751500
vt 0.660000 0.001615
vt 0.660000 0.248385
vt 0.665353 0.001615
vt 0.665353 0.248385
vt 0.328020 0.248385
vt 0.001980 0.248385
vt 0.333333 0.251500
vt 0.333333 0.498500
vt 0.333333 0.251500
vt 0.660000 0.251500
vt 0.333333 0.248385
vt 0.660000 0.248385
vt 0.660000 0.251500
vt 0.660000 0.498500
vt 0.665353 0.248385
vt 0.997980 0.248385
vt 0.001980 0.248385
vt 0.001980 0.001615
vt 0.333333 0.501615
vt 0.333333 0.748385
vt 0.333333 0.501615
vt 0.660000 0.501615
vt 0.333333 0.498500
vt 0.660000 0.498500
vt 0.660000 0.501615
vt 0.660000 0.748385
vt 0.997980 0.248385
vt 0.997980 0.001615
vt 0.333333 0.751500
vt 0.660000 0.751500
vt 0.333333 0.748385
vt 0.660000 0.748385
vt 0.333333 0.001615
vt 0.660000 0.001615
vt 0.660000 0.248385
vt 0.333333 0.248385
vt 0.333333 0.251500
vt 0.660000 0.251500
vt 0.660000 0.498500
vt 0.333333 0.498500
vt 0.333333 0.501615
vt 0.660000 0.501615
vt 0.660000 0.748385
vt 0.333333 0.748385
vt 0.333333 0.751500
vt 0.660000 0.751500
vt 0.660000 0.998500
vt 0.333333 0.998500
vt 0.665353 0.001615
vt 0.997980 0.001615
vt 0.997980 0.248385
vt 0.665353 0.248385
vt 0.001980 0.001615
vt 0.328020 0.001615
vt 0.328020 0.248385
vt 0.001980 0.248385
vt 0.333333 -0.000000
vt 0.333333 0.001615
vt 0.328020 0.001615
vt 0.665353 0.001615
vt 0.660000 0.001615
vt 0.660000 0.000000
vt 0.328020 0.248385
vt 0.333333 0.248385
vt 0.333333 0.251500
vt 0.660000 0.251500
vt 0.660000 0.248385
vt 0.665353 0.248385
vt 0.330000 0.498500
vt 0.333333 0.498500
vt 0.333333 0.501615
vt 0.660000 0.501615
vt 0.660000 0.498500
vt 0.663333 0.498500
vt 0.330000 0.748385
vt 0.333333 0.748385
vt 0.333333 0.751500
vt 0.660000 0.751500
vt 0.660000 0.748385
vt 0.663333 0.748385
vt 0.331807 0.000007
vt 0.333318 0.997348
vt 0.335845 -0.000000
vt 0.335845 0.998500
vt 0.330677 0.001621
vt 0.661557 0.000007
vt 0.660016 0.997348
vt 0.662668 0.001616
vt 0.657489 0.998500
vt 0.657489 0.000000
vt 0.330000 0.250000
vt 0.330680 0.248384
vt 0.333353 0.249942
vt 0.663333 0.250000
vt 0.659996 0.249938
vt 0.662677 0.248379
vt 0.330000 0.499740
vt 0.001980 0.247161
vt 0.330000 0.497351
vt 0.003497 0.248392
vt 0.333353 0.500058
vt 0.663333 0.499740
vt 0.997980 0.247161
vt 0.659996 0.500052
vt 0.996432 0.248392
vt 0.663333 0.497351
vt 0.003506 0.001608
vt 0.330015 0.749537
vt 0.330000 0.747145
vt 0.001980 0.002839
vt 0.333353 0.749942
vt 0.663318 0.749537
vt 0.996424 0.001608
vt 0.659996 0.749936
vt 0.997980 0.002839
vt 0.663333 0.747145
vn -0.376865 -0.923882 0.066451
vn -0.376865 -0.923882 0.066451
vn -0.376865 -0.923882 0.066451
vn -0.376865 -0.923882 0.066451
vn -0.909845 -0.382681 0.160430
vn -0.909845 -0.382681 0.160430
vn -0.909845 -0.382681 0.160430
vn -0.909845 -0.382681 0.160430
vn 0.160430 -0.382677 0.909846
vn 0.160430 -0.382677 0.909846
vn 0.160430 -0.382677 0.909846
vn 0.160430 -0.382677 0.909846
vn 0.066452 -0.923881 0.376866
vn 0.066452 -0.923881 0.376866
vn 0.066452 -0.923881 0.376866
vn 0.066452 -0.923881 0.376866
vn -0.843392 0.000000 0.537299
vn -0.843392 0.000000 0.537299
vn -0.843392 0.000000 0.537299
vn -0.843392 0.000000 0.537299
vn -0.216428 0.000000 0.976299
vn -0.216428 0.000000 0.976299
vn -0.216428 0.000000 0.976299
vn -0.216428 0.000000 0.976299
vn 0.909845 -0.382681 -0.160430
vn 0.909845 -0.382681 -0.160430
vn 0.909845 -0.382681 -0.160430
vn 0.909845 -0.382681 -0.160430
vn 0.376865 -0.923882 -0.066451
vn 0.376865 -0.923882 -0.066451
vn 0.376865 -0.923882 -0.066451
vn 0.376865 -0.923882 -0.066451
vn 0.537289 0.000000 0.843398
vn 0.537289 0.000000 0.843398
vn 0.537289 0.000000 0.843398
vn 0.537289 0.000000 0.843398
vn 0.976296 0.000000 0.216439
vn 0.976296 0.000000 0.216439
vn 0.976296 0.000000 0.216439
vn 0.976296 0.000000 0.216439
vn -0.909845 0.382681 0.160430
vn -0.909845 0.382681 0.160430
vn -0.909845 0.382681 0.160430
vn -0.909845 0.382681 0.160430
vn -0.376865 0.923882 0.066451
vn -0.376865 0.923882 0.066451
vn -0.376865 0.923882 0.066451
vn -0.376865 0.923882 0.066451
vn 0.066452 0.923881 0.376866
vn 0.066452 0.923881 0.376866
vn 0.066452 0.923881 0.376866
vn 0.066452 0.923881 0.376866
vn 0.160430 0.382677 0.909846
vn 0.160430 0.382677 0.909846
vn 0.160430 0.382677 0.909846
vn 0.160430 0.382677 0.909846
vn 0.376865 0.923882 -0.066451
vn 0.376865 0.923882 -0.066451
vn 0.376865 0.923882 -0.066451
vn 0.376865 0.923882 -0.066451
vn 0.909845 0.382681 -0.160430
vn 0.909845 0.382681 -0.160430
vn 0.909845 0.382681 -0.160430
vn 0.909845 0.382681 -0.160430
vn -0.976296 0.000000 -0.216439
vn -0.976296 0.000000 -0.216439
vn -0.976296 0.000000 -0.216439
vn -0.976296 0.000000 -0.216439
vn -0.537289 0.000000 -0.843398
vn -0.537289 0.000000 -0.843398
vn -0.537289 0.000000 -0.843398
vn -0.537289 0.000000 -0.843398
vn -0.160430 0.382677 -0.909846
vn -0.160430 0.382677 -0.909846
vn -0.160430 0.382677 -0.909846
vn -0.160430 0.382677 -0.909846
vn -0.066452 0.923881 -0.376866
vn -0.066452 0.923881 -0.376866
vn -0.066452 0.923881 -0.376866
vn -0.066452 0.923881 -0.376866
vn 0.216428 0.000000 -0.976299
vn 0.216428 0.000000 -0.976299
vn 0.216428 0.000000 -0.976299
vn 0.216428 0.000000 -0.976299
vn 0.843392 0.000000 -0.537299
vn 0.843392 0.000000 -0.537299
vn 0.843392 0.000000 -0.537299
vn 0.843392 0.000000 -0.537299
vn -0.066452 -0.923881 -0.376866
vn -0.066452 -0.923881 -0.376866
vn -0.066452 -0.923881 -0.376866
vn -0.066452 -0.923881 -0.376866
vn -0.160430 -0.382677 -0.909846
vn -0.160430 -0.382677 -0.909846
vn -0.160430 -0.382677 -0.909846
vn -0.160430 -0.382677 -0.909846
vn 0.173648 0.000000 0.984808
vn 0.173648 0.000000 0.984808
vn 0.173648 0.000000 0.984808
vn 0.173648 0.000000 0.984808
vn 0.000000 1.000000 0.000000
vn 0.000000 1.000000 0.000000
vn 0.000000 1.000000 0.000000
vn 0.000000 1.000000 0.000000
vn -0.173648 0.000000 -0.984808
vn -0.173648 0.000000 -0.984808
vn -0.173648 0.000000 -0.984808
vn -0.173648 0.000000 -0.984808
vn 0.000000 -1.000000 0.000000
vn 0.000000 -1.000000 0.000000
vn 0.000000 -1.000000 0.000000
vn 0.000000 -1.000000 0.000000
vn 0.984808 0.000000 -0.173648
vn 0.984808 0.000000 -0.173648
vn 0.984808 0.000000 -0.173648
vn 0.984808 0.000000 -0.173648
vn -0.984808 0.000000 0.173648
vn -0.984808 0.000000 0.173648
vn -0.984808 0.000000 0.173648
vn -0.984808 0.000000 0.173648
vn -0.468322 -0.577351 0.668835
vn -0.468322 -0.577351 0.668835
vn -0.468322 -0.577351 0.668835
vn -0.468322 -0.577351 0.668835
vn -0.468322 -0.577351 0.668835
vn -0.468322 -0.577351 0.668835
vn 0.668835 -0.577353 0.468321
vn 0.668834 -0.577353 0.468321
vn 0.668835 -0.577353 0.468321
vn 0.668835 -0.577353 0.468321
vn 0.668834 -0.577352 0.468321
vn 0.668835 -0.577353 0.468321
vn -0.468324 0.577353 0.668833
vn -0.468324 0.577353 0.668833
vn -0.468324 0.577353 0.668833
vn -0.468324 0.577352 0.668833
vn -0.468324 0.577352 0.668833
vn -0.468324 0.577352 0.668833
vn 0.668833 0.577351 0.468324
vn 0.668834 0.577351 0.468324
vn 0.668833 0.577351 0.468324
vn 0.668834 0.577351 0.468324
vn 0.668833 0.577351 0.468324
vn 0.668833 0.577351 0.468324
vn -0.668834 0.577352 -0.468323
vn -0.668834 0.577352 -0.468323
vn -0.668834 0.577352 -0.468323
vn -0.668834 0.577352 -0.468323
vn -0.668834 0.577352 -0.468323
vn -0.668834 0.577352 -0.468323
vn 0.468322 0.577351 -0.668835
vn 0.468322 0.577351 -0.668835
vn 0.468322 0.577351 -0.668835
vn 0.468322 0.577351 -0.668835
vn 0.468322 0.577351 -0.668835
vn 0.468322 0.577351 -0.668835
vn -0.668835 -0.577353 -0.468321
vn -0.668834 -0.577353 -0.468321
vn -0.668835 -0.577353 -0.468321
vn -0.668835 -0.577353 -0.468321
vn -0.668834 -0.577352 -0.468321
vn -0.668835 -0.577353 -0.468321
vn 0.468322 -0.577351 -0.668835
vn 0.468322 -0.577351 -0.668835
vn 0.468322 -0.577351 -0.668835
vn 0.468322 -0.577351 -0.668835
vn 0.468322 -0.577351 -0.668835
vn 0.468322 -0.577351 -0.668835
s off
g GRP_Retro_Office_Desk GRP_Props_Backrooms Backrooms_Level0_Master_GRP Desk_Pedestal_Body
f 666/1739/2257 665/1830/2258 701/1856/2259 706/1793/2260
f 665/1829/2261 670/1802/2262 702/1766/2263 701/1855/2264
f 668/1743/2265 667/1831/2266 675/1838/2267 674/1782/2268
f 667/1832/2269 666/1739/2270 676/1747/2271 675/1837/2272
f 670/1802/2273 669/1833/2274 679/1840/2275 678/1803/2276
f 669/1833/2277 668/1743/2278 680/1759/2279 679/1840/2280
f 672/1751/2281 671/1834/2282 707/1861/2283 712/1776/2284
f 671/1835/2285 676/1747/2286 708/1778/2287 707/1860/2288
f 674/1782/2289 673/1836/2290 687/1844/2291 686/1760/2292
f 673/1836/2293 672/1751/2294 688/1763/2295 687/1844/2296
f 678/1803/2297 677/1839/2298 691/1848/2299 690/1804/2300
f 677/1839/2301 682/1785/2302 692/1771/2303 691/1847/2304
f 682/1785/2305 681/1841/2306 685/1843/2307 684/1786/2308
f 681/1841/2309 680/1759/2310 686/1760/2311 685/1843/2312
f 684/1786/2313 683/1842/2314 699/1854/2315 698/1772/2316
f 683/1842/2317 688/1763/2318 700/1775/2319 699/1853/2320
f 690/1804/2321 689/1846/2322 703/1858/2323 702/1766/2324
f 689/1845/2325 694/1789/2326 704/1779/2327 703/1857/2328
f 694/1789/2329 693/1849/2330 697/1852/2331 696/1790/2332
f 693/1849/2333 692/1771/2334 698/1772/2335 697/1852/2336
f 696/1790/2337 695/1850/2338 711/1864/2339 710/1780/2340
f 695/1851/2341 700/1775/2342 712/1776/2343 711/1863/2344
f 706/1793/2345 705/1859/2346 709/1862/2347 708/1778/2348
f 705/1859/2349 704/1779/2350 710/1780/2351 709/1862/2352
f 668/1743/2353 674/1782/2354 686/1760/2355 680/1759/2356
f 682/1785/2357 684/1786/2358 698/1772/2359 692/1771/2360
f 694/1789/2361 696/1790/2362 710/1780/2363 704/1779/2364
f 706/1793/2365 708/1778/2366 676/1747/2367 666/1739/2368
f 672/1751/2369 712/1776/2370 700/1775/2371 688/1763/2372
f 702/1766/2373 670/1802/2374 678/1803/2375 690/1804/2376
f 665/1829/2377 666/1805/2378 667/1831/2379 668/1743/2380 669/1833/2381 670/1802/2382
f 671/1834/2383 672/1751/2384 673/1836/2385 674/1782/2386 675/1838/2387 676/1810/2388
f 677/1839/2389 678/1803/2390 679/1840/2391 680/1759/2392 681/1841/2393 682/1785/2394
f 683/1842/2395 684/1786/2396 685/1843/2397 686/1760/2398 687/1844/2399 688/1763/2400
f 689/1845/2401 690/1817/2402 691/1847/2403 692/1771/2404 693/1849/2405 694/1789/2406
f 695/1850/2407 696/1790/2408 697/1852/2409 698/1772/2410 699/1854/2411 700/1822/2412
f 701/1856/2413 702/1823/2414 703/1857/2415 704/1779/2416 705/1859/2417 706/1793/2418
f 707/1860/2419 708/1778/2420 709/1862/2421 710/1780/2422 711/1864/2423 712/1828/2424
g default
v -220.948182 43.312886 8.171377
v -220.917545 43.300000 8.165975
v -220.912143 43.312886 8.196611
v -220.909906 43.343996 8.209302
v -220.942780 43.343996 8.202013
v -220.960872 43.343996 8.173614
v -180.793407 43.312886 1.091006
v -180.780716 43.343996 1.088769
v -180.788005 43.343996 1.121643
v -180.816403 43.343996 1.139736
v -180.818641 43.312886 1.127045
v -180.824043 43.300000 1.096408
v -220.948182 60.687114 8.171377
v -220.960872 60.656004 8.173614
v -220.942780 60.656004 8.202013
v -220.909906 60.656004 8.209302
v -220.912143 60.687114 8.196611
v -220.917545 60.700000 8.165975
v -180.793407 60.687114 1.091006
v -180.824043 60.700000 1.096408
v -180.818641 60.687114 1.127045
v -180.816403 60.656004 1.139736
v -180.788005 60.656004 1.121643
v -180.780716 60.656004 1.088769
v -221.320330 60.656004 6.060817
v -221.327618 60.656004 6.093692
v -221.314928 60.687114 6.091454
v -221.284292 60.700000 6.086052
v -221.289694 60.687114 6.055415
v -221.291932 60.656004 6.042725
v -181.165555 60.656004 -1.019553
v -181.198429 60.656004 -1.026842
v -181.196191 60.687114 -1.014151
v -181.190789 60.700000 -0.983514
v -181.160153 60.687114 -0.988916
v -181.147463 60.656004 -0.991154
v -221.314928 43.312886 6.091454
v -221.327618 43.343996 6.093692
v -221.320330 43.343996 6.060817
v -221.291932 43.343996 6.042725
v -221.289694 43.312886 6.055415
v -221.284292 43.300000 6.086052
v -181.160153 43.312886 -0.988916
v -181.190789 43.300000 -0.983514
v -181.196191 43.312886 -1.014151
v -181.198429 43.343996 -1.026842
v -181.165555 43.343996 -1.019553
v -181.147463 43.343996 -0.991154
vt 0.330359 0.995000
vt 0.330359 0.755000
vt 0.323401 0.000633
vt 0.006599 0.000633
vt 0.330359 0.000632
vt 0.662974 0.000632
vt 0.330359 0.995000
vt 0.662974 0.995000
vt 0.323401 0.000633
vt 0.323401 0.249368
vt 0.330359 0.000632
vt 0.330359 0.249368
vt 0.670066 0.000633
vt 0.993267 0.000633
vt 0.662974 0.995000
vt 0.662974 0.755000
vt 0.662974 0.000632
vt 0.662974 0.249368
vt 0.670066 0.000633
vt 0.670066 0.249368
vt 0.323401 0.249368
vt 0.006599 0.249368
vt 0.330359 0.254999
vt 0.330359 0.495000
vt 0.330359 0.254999
vt 0.662974 0.255000
vt 0.330359 0.249368
vt 0.662974 0.249368
vt 0.662974 0.255000
vt 0.662974 0.495000
vt 0.670066 0.249368
vt 0.993267 0.249368
vt 0.006599 0.249368
vt 0.006599 0.000633
vt 0.330359 0.500632
vt 0.330359 0.749368
vt 0.330359 0.500632
vt 0.662974 0.500632
vt 0.330359 0.495000
vt 0.662974 0.495000
vt 0.662974 0.500632
vt 0.662974 0.749368
vt 0.993267 0.249368
vt 0.993267 0.000633
vt 0.330359 0.755000
vt 0.662974 0.755000
vt 0.330359 0.749368
vt 0.662974 0.749368
vt 0.330359 0.000632
vt 0.662974 0.000632
vt 0.662974 0.249368
vt 0.330359 0.249368
vt 0.330359 0.254999
vt 0.662974 0.255000
vt 0.662974 0.495000
vt 0.330359 0.495000
vt 0.330359 0.500632
vt 0.662974 0.500632
vt 0.662974 0.749368
vt 0.330359 0.749368
vt 0.330359 0.755000
vt 0.662974 0.755000
vt 0.662974 0.995000
vt 0.330359 0.995000
vt 0.670066 0.000633
vt 0.993267 0.000633
vt 0.993267 0.249368
vt 0.670066 0.249368
vt 0.006599 0.000633
vt 0.323401 0.000633
vt 0.323401 0.249368
vt 0.006599 0.249368
vt 0.330359 0.000000
vt 0.330359 0.000632
vt 0.323401 0.000633
vt 0.670066 0.000633
vt 0.662974 0.000632
vt 0.662974 0.000000
vt 0.323401 0.249368
vt 0.330359 0.249368
vt 0.330359 0.254999
vt 0.662974 0.255000
vt 0.662974 0.249368
vt 0.670066 0.249368
vt 0.330000 0.495000
vt 0.330359 0.495000
vt 0.330359 0.500632
vt 0.662974 0.500632
vt 0.662974 0.495000
vt 0.663333 0.495000
vt 0.330000 0.749368
vt 0.330359 0.749368
vt 0.330359 0.755000
vt 0.662974 0.755000
vt 0.662974 0.749368
vt 0.663333 0.749368
vt 0.325357 0.000010
vt 0.330354 0.991205
vt 0.330634 0.000000
vt 0.330634 0.995000
vt 0.326880 0.000634
vt 0.668077 0.000010
vt 0.662979 0.991205
vt 0.666519 0.000633
vt 0.662699 0.995000
vt 0.662699 0.000000
vt 0.330000 0.250000
vt 0.326886 0.249368
vt 0.330360 0.252184
vt 0.663333 0.250000
vt 0.662974 0.252182
vt 0.666520 0.249367
vt 0.330000 0.495493
vt 0.006599 0.248886
vt 0.330000 0.491156
vt 0.011675 0.249378
vt 0.330360 0.497816
vt 0.663333 0.495493
vt 0.993267 0.248886
vt 0.662974 0.497815
vt 0.988090 0.249378
vt 0.663333 0.491156
vt 0.011602 0.000623
vt 0.330006 0.753163
vt 0.330000 0.748875
vt 0.006599 0.001115
vt 0.330360 0.752184
vt 0.663328 0.753163
vt 0.988164 0.000623
vt 0.662974 0.752183
vt 0.993267 0.001115
vt 0.663333 0.748875
vn -0.376886 -0.923873 0.066455
vn -0.376886 -0.923873 0.066455
vn -0.376886 -0.923873 0.066455
vn -0.376886 -0.923873 0.066455
vn -0.909832 -0.382711 0.160428
vn -0.909832 -0.382711 0.160428
vn -0.909832 -0.382711 0.160428
vn -0.909832 -0.382711 0.160428
vn 0.160430 -0.382683 0.909844
vn 0.160430 -0.382683 0.909844
vn 0.160430 -0.382683 0.909844
vn 0.160430 -0.382683 0.909844
vn 0.066454 -0.923876 0.376877
vn 0.066454 -0.923876 0.376877
vn 0.066454 -0.923876 0.376877
vn 0.066454 -0.923876 0.376877
vn -0.843391 0.000000 0.537301
vn -0.843391 0.000000 0.537301
vn -0.843391 0.000000 0.537301
vn -0.843391 0.000000 0.537301
vn -0.216449 0.000000 0.976294
vn -0.216449 0.000000 0.976294
vn -0.216449 0.000000 0.976294
vn -0.216449 0.000000 0.976294
vn 0.909832 -0.382711 -0.160428
vn 0.909832 -0.382711 -0.160428
vn 0.909832 -0.382711 -0.160428
vn 0.909832 -0.382711 -0.160428
vn 0.376886 -0.923873 -0.066455
vn 0.376886 -0.923873 -0.066455
vn 0.376886 -0.923873 -0.066455
vn 0.376886 -0.923873 -0.066455
vn 0.537308 0.000000 0.843386
vn 0.537308 0.000000 0.843386
vn 0.537308 0.000000 0.843386
vn 0.537308 0.000000 0.843386
vn 0.976296 0.000000 0.216441
vn 0.976296 0.000000 0.216441
vn 0.976296 0.000000 0.216441
vn 0.976296 0.000000 0.216441
vn -0.909832 0.382711 0.160428
vn -0.909832 0.382711 0.160428
vn -0.909832 0.382711 0.160428
vn -0.909832 0.382711 0.160428
vn -0.376886 0.923873 0.066455
vn -0.376886 0.923873 0.066455
vn -0.376886 0.923873 0.066455
vn -0.376886 0.923873 0.066455
vn 0.066454 0.923876 0.376877
vn 0.066454 0.923876 0.376877
vn 0.066454 0.923876 0.376877
vn 0.066454 0.923876 0.376877
vn 0.160430 0.382683 0.909844
vn 0.160430 0.382683 0.909844
vn 0.160430 0.382683 0.909844
vn 0.160430 0.382683 0.909844
vn 0.376886 0.923873 -0.066455
vn 0.376886 0.923873 -0.066455
vn 0.376886 0.923873 -0.066455
vn 0.376886 0.923873 -0.066455
vn 0.909832 0.382711 -0.160428
vn 0.909832 0.382711 -0.160428
vn 0.909832 0.382711 -0.160428
vn 0.909832 0.382711 -0.160428
vn -0.976296 0.000000 -0.216441
vn -0.976296 0.000000 -0.216441
vn -0.976296 0.000000 -0.216441
vn -0.976296 0.000000 -0.216441
vn -0.537308 0.000000 -0.843386
vn -0.537308 0.000000 -0.843386
vn -0.537308 0.000000 -0.843386
vn -0.537308 0.000000 -0.843386
vn -0.160430 0.382683 -0.909844
vn -0.160430 0.382683 -0.909844
vn -0.160430 0.382683 -0.909844
vn -0.160430 0.382683 -0.909844
vn -0.066454 0.923876 -0.376877
vn -0.066454 0.923876 -0.376877
vn -0.066454 0.923876 -0.376877
vn -0.066454 0.923876 -0.376877
vn 0.216449 0.000000 -0.976294
vn 0.216449 0.000000 -0.976294
vn 0.216449 0.000000 -0.976294
vn 0.216449 0.000000 -0.976294
vn 0.843391 0.000000 -0.537301
vn 0.843391 0.000000 -0.537301
vn 0.843391 0.000000 -0.537301
vn 0.843391 0.000000 -0.537301
vn -0.066454 -0.923876 -0.376877
vn -0.066454 -0.923876 -0.376877
vn -0.066454 -0.923876 -0.376877
vn -0.066454 -0.923876 -0.376877
vn -0.160430 -0.382683 -0.909844
vn -0.160430 -0.382683 -0.909844
vn -0.160430 -0.382683 -0.909844
vn -0.160430 -0.382683 -0.909844
vn 0.173648 0.000000 0.984808
vn 0.173648 0.000000 0.984808
vn 0.173648 0.000000 0.984808
vn 0.173648 0.000000 0.984808
vn 0.000000 1.000000 0.000000
vn 0.000000 1.000000 0.000000
vn 0.000000 1.000000 0.000000
vn 0.000000 1.000000 0.000000
vn -0.173648 0.000000 -0.984808
vn -0.173648 0.000000 -0.984808
vn -0.173648 0.000000 -0.984808
vn -0.173648 0.000000 -0.984808
vn 0.000000 -1.000000 0.000000
vn 0.000000 -1.000000 0.000000
vn 0.000000 -1.000000 0.000000
vn 0.000000 -1.000000 0.000000
vn 0.984808 0.000000 -0.173648
vn 0.984808 0.000000 -0.173648
vn 0.984808 0.000000 -0.173648
vn 0.984808 0.000000 -0.173648
vn -0.984808 0.000000 0.173648
vn -0.984808 0.000000 0.173648
vn -0.984808 0.000000 0.173648
vn -0.984808 0.000000 0.173648
vn -0.468336 -0.577341 0.668834
vn -0.468336 -0.577341 0.668834
vn -0.468336 -0.577341 0.668834
vn -0.468336 -0.577341 0.668834
vn -0.468336 -0.577341 0.668834
vn -0.468336 -0.577341 0.668834
vn 0.668848 -0.577343 0.468313
vn 0.668848 -0.577343 0.468313
vn 0.668848 -0.577343 0.468313
vn 0.668848 -0.577343 0.468313
vn 0.668848 -0.577343 0.468313
vn 0.668848 -0.577343 0.468313
vn -0.468339 0.577343 0.668830
vn -0.468339 0.577343 0.668830
vn -0.468339 0.577343 0.668830
vn -0.468339 0.577343 0.668830
vn -0.468339 0.577343 0.668830
vn -0.468339 0.577343 0.668830
vn 0.668847 0.577341 0.468318
vn 0.668847 0.577341 0.468318
vn 0.668847 0.577341 0.468318
vn 0.668847 0.577341 0.468318
vn 0.668847 0.577341 0.468318
vn 0.668847 0.577341 0.468318
vn -0.668841 0.577347 -0.468319
vn -0.668841 0.577347 -0.468319
vn -0.668841 0.577347 -0.468319
vn -0.668841 0.577347 -0.468319
vn -0.668841 0.577347 -0.468319
vn -0.668841 0.577347 -0.468319
vn 0.468336 0.577341 -0.668834
vn 0.468336 0.577341 -0.668834
vn 0.468336 0.577341 -0.668834
vn 0.468336 0.577341 -0.668834
vn 0.468336 0.577341 -0.668834
vn 0.468336 0.577341 -0.668834
vn -0.668848 -0.577343 -0.468313
vn -0.668848 -0.577343 -0.468313
vn -0.668848 -0.577343 -0.468313
vn -0.668848 -0.577343 -0.468313
vn -0.668848 -0.577343 -0.468313
vn -0.668848 -0.577343 -0.468313
vn 0.468336 -0.577341 -0.668834
vn 0.468336 -0.577341 -0.668834
vn 0.468336 -0.577341 -0.668834
vn 0.468336 -0.577341 -0.668834
vn 0.468336 -0.577341 -0.668834
vn 0.468336 -0.577341 -0.668834
s off
g GRP_Retro_Office_Desk GRP_Props_Backrooms Backrooms_Level0_Master_GRP Desk_Drawer_Face_1
f 714/1871/2425 713/1962/2426 749/1988/2427 754/1925/2428
f 713/1961/2429 718/1934/2430 750/1898/2431 749/1987/2432
f 716/1875/2433 715/1963/2434 723/1970/2435 722/1914/2436
f 715/1964/2437 714/1871/2438 724/1879/2439 723/1969/2440
f 718/1934/2441 717/1965/2442 727/1972/2443 726/1935/2444
f 717/1965/2445 716/1875/2446 728/1891/2447 727/1972/2448
f 720/1883/2449 719/1966/2450 755/1993/2451 760/1908/2452
f 719/1967/2453 724/1879/2454 756/1910/2455 755/1992/2456
f 722/1914/2457 721/1968/2458 735/1976/2459 734/1892/2460
f 721/1968/2461 720/1883/2462 736/1895/2463 735/1976/2464
f 726/1935/2465 725/1971/2466 739/1980/2467 738/1936/2468
f 725/1971/2469 730/1917/2470 740/1903/2471 739/1979/2472
f 730/1917/2473 729/1973/2474 733/1975/2475 732/1918/2476
f 729/1973/2477 728/1891/2478 734/1892/2479 733/1975/2480
f 732/1918/2481 731/1974/2482 747/1986/2483 746/1904/2484
f 731/1974/2485 736/1895/2486 748/1907/2487 747/1985/2488
f 738/1936/2489 737/1978/2490 751/1990/2491 750/1898/2492
f 737/1977/2493 742/1921/2494 752/1911/2495 751/1989/2496
f 742/1921/2497 741/1981/2498 745/1984/2499 744/1922/2500
f 741/1981/2501 740/1903/2502 746/1904/2503 745/1984/2504
f 744/1922/2505 743/1982/2506 759/1996/2507 758/1912/2508
f 743/1983/2509 748/1907/2510 760/1908/2511 759/1995/2512
f 754/1925/2513 753/1991/2514 757/1994/2515 756/1910/2516
f 753/1991/2517 752/1911/2518 758/1912/2519 757/1994/2520
f 716/1875/2521 722/1914/2522 734/1892/2523 728/1891/2524
f 730/1917/2525 732/1918/2526 746/1904/2527 740/1903/2528
f 742/1921/2529 744/1922/2530 758/1912/2531 752/1911/2532
f 754/1925/2533 756/1910/2534 724/1879/2535 714/1871/2536
f 720/1883/2537 760/1908/2538 748/1907/2539 736/1895/2540
f 750/1898/2541 718/1934/2542 726/1935/2543 738/1936/2544
f 713/1961/2545 714/1937/2546 715/1963/2547 716/1875/2548 717/1965/2549 718/1934/2550
f 719/1966/2551 720/1883/2552 721/1968/2553 722/1914/2554 723/1970/2555 724/1942/2556
f 725/1971/2557 726/1935/2558 727/1972/2559 728/1891/2560 729/1973/2561 730/1917/2562
f 731/1974/2563 732/1918/2564 733/1975/2565 734/1892/2566 735/1976/2567 736/1895/2568
f 737/1977/2569 738/1949/2570 739/1979/2571 740/1903/2572 741/1981/2573 742/1921/2574
f 743/1982/2575 744/1922/2576 745/1984/2577 746/1904/2578 747/1986/2579 748/1954/2580
f 749/1988/2581 750/1955/2582 751/1989/2583 752/1911/2584 753/1991/2585 754/1925/2586
f 755/1992/2587 756/1910/2588 757/1994/2589 758/1912/2590 759/1996/2591 760/1960/2592
g default
v -220.948182 43.312886 8.171377
v -220.917545 43.300000 8.165975
v -220.912143 43.312886 8.196611
v -220.909906 43.343996 8.209302
v -220.942780 43.343996 8.202013
v -220.960872 43.343996 8.173614
v -180.793407 43.312886 1.091006
v -180.780716 43.343996 1.088769
v -180.788005 43.343996 1.121643
v -180.816403 43.343996 1.139736
v -180.818641 43.312886 1.127045
v -180.824043 43.300000 1.096408
v -220.948182 60.687114 8.171377
v -220.960872 60.656004 8.173614
v -220.942780 60.656004 8.202013
v -220.909906 60.656004 8.209302
v -220.912143 60.687114 8.196611
v -220.917545 60.700000 8.165975
v -180.793407 60.687114 1.091006
v -180.824043 60.700000 1.096408
v -180.818641 60.687114 1.127045
v -180.816403 60.656004 1.139736
v -180.788005 60.656004 1.121643
v -180.780716 60.656004 1.088769
v -221.320330 60.656004 6.060817
v -221.327618 60.656004 6.093692
v -221.314928 60.687114 6.091454
v -221.284292 60.700000 6.086052
v -221.289694 60.687114 6.055415
v -221.291932 60.656004 6.042725
v -181.165555 60.656004 -1.019553
v -181.198429 60.656004 -1.026842
v -181.196191 60.687114 -1.014151
v -181.190789 60.700000 -0.983514
v -181.160153 60.687114 -0.988916
v -181.147463 60.656004 -0.991154
v -221.314928 43.312886 6.091454
v -221.327618 43.343996 6.093692
v -221.320330 43.343996 6.060817
v -221.291932 43.343996 6.042725
v -221.289694 43.312886 6.055415
v -221.284292 43.300000 6.086052
v -181.160153 43.312886 -0.988916
v -181.190789 43.300000 -0.983514
v -181.196191 43.312886 -1.014151
v -181.198429 43.343996 -1.026842
v -181.165555 43.343996 -1.019553
v -181.147463 43.343996 -0.991154
vt 0.330359 0.995000
vt 0.330359 0.755000
vt 0.323401 0.000633
vt 0.006599 0.000633
vt 0.330359 0.000632
vt 0.662974 0.000632
vt 0.330359 0.995000
vt 0.662974 0.995000
vt 0.323401 0.000633
vt 0.323401 0.249368
vt 0.330359 0.000632
vt 0.330359 0.249368
vt 0.670066 0.000633
vt 0.993267 0.000633
vt 0.662974 0.995000
vt 0.662974 0.755000
vt 0.662974 0.000632
vt 0.662974 0.249368
vt 0.670066 0.000633
vt 0.670066 0.249368
vt 0.323401 0.249368
vt 0.006599 0.249368
vt 0.330359 0.254999
vt 0.330359 0.495000
vt 0.330359 0.254999
vt 0.662974 0.255000
vt 0.330359 0.249368
vt 0.662974 0.249368
vt 0.662974 0.255000
vt 0.662974 0.495000
vt 0.670066 0.249368
vt 0.993267 0.249368
vt 0.006599 0.249368
vt 0.006599 0.000633
vt 0.330359 0.500632
vt 0.330359 0.749368
vt 0.330359 0.500632
vt 0.662974 0.500632
vt 0.330359 0.495000
vt 0.662974 0.495000
vt 0.662974 0.500632
vt 0.662974 0.749368
vt 0.993267 0.249368
vt 0.993267 0.000633
vt 0.330359 0.755000
vt 0.662974 0.755000
vt 0.330359 0.749368
vt 0.662974 0.749368
vt 0.330359 0.000632
vt 0.662974 0.000632
vt 0.662974 0.249368
vt 0.330359 0.249368
vt 0.330359 0.254999
vt 0.662974 0.255000
vt 0.662974 0.495000
vt 0.330359 0.495000
vt 0.330359 0.500632
vt 0.662974 0.500632
vt 0.662974 0.749368
vt 0.330359 0.749368
vt 0.330359 0.755000
vt 0.662974 0.755000
vt 0.662974 0.995000
vt 0.330359 0.995000
vt 0.670066 0.000633
vt 0.993267 0.000633
vt 0.993267 0.249368
vt 0.670066 0.249368
vt 0.006599 0.000633
vt 0.323401 0.000633
vt 0.323401 0.249368
vt 0.006599 0.249368
vt 0.330359 0.000000
vt 0.330359 0.000632
vt 0.323401 0.000633
vt 0.670066 0.000633
vt 0.662974 0.000632
vt 0.662974 0.000000
vt 0.323401 0.249368
vt 0.330359 0.249368
vt 0.330359 0.254999
vt 0.662974 0.255000
vt 0.662974 0.249368
vt 0.670066 0.249368
vt 0.330000 0.495000
vt 0.330359 0.495000
vt 0.330359 0.500632
vt 0.662974 0.500632
vt 0.662974 0.495000
vt 0.663333 0.495000
vt 0.330000 0.749368
vt 0.330359 0.749368
vt 0.330359 0.755000
vt 0.662974 0.755000
vt 0.662974 0.749368
vt 0.663333 0.749368
vt 0.325357 0.000010
vt 0.330354 0.991205
vt 0.330634 0.000000
vt 0.330634 0.995000
vt 0.326880 0.000634
vt 0.668077 0.000010
vt 0.662979 0.991205
vt 0.666519 0.000633
vt 0.662699 0.995000
vt 0.662699 0.000000
vt 0.330000 0.250000
vt 0.326886 0.249368
vt 0.330360 0.252184
vt 0.663333 0.250000
vt 0.662974 0.252182
vt 0.666520 0.249367
vt 0.330000 0.495493
vt 0.006599 0.248886
vt 0.330000 0.491156
vt 0.011675 0.249378
vt 0.330360 0.497816
vt 0.663333 0.495493
vt 0.993267 0.248886
vt 0.662974 0.497815
vt 0.988090 0.249378
vt 0.663333 0.491156
vt 0.011602 0.000623
vt 0.330006 0.753163
vt 0.330000 0.748875
vt 0.006599 0.001115
vt 0.330360 0.752184
vt 0.663328 0.753163
vt 0.988164 0.000623
vt 0.662974 0.752183
vt 0.993267 0.001115
vt 0.663333 0.748875
vn -0.376886 -0.923873 0.066455
vn -0.376886 -0.923873 0.066455
vn -0.376886 -0.923873 0.066455
vn -0.376886 -0.923873 0.066455
vn -0.909832 -0.382711 0.160428
vn -0.909832 -0.382711 0.160428
vn -0.909832 -0.382711 0.160428
vn -0.909832 -0.382711 0.160428
vn 0.160430 -0.382683 0.909844
vn 0.160430 -0.382683 0.909844
vn 0.160430 -0.382683 0.909844
vn 0.160430 -0.382683 0.909844
vn 0.066454 -0.923876 0.376877
vn 0.066454 -0.923876 0.376877
vn 0.066454 -0.923876 0.376877
vn 0.066454 -0.923876 0.376877
vn -0.843391 0.000000 0.537301
vn -0.843391 0.000000 0.537301
vn -0.843391 0.000000 0.537301
vn -0.843391 0.000000 0.537301
vn -0.216449 0.000000 0.976294
vn -0.216449 0.000000 0.976294
vn -0.216449 0.000000 0.976294
vn -0.216449 0.000000 0.976294
vn 0.909832 -0.382711 -0.160428
vn 0.909832 -0.382711 -0.160428
vn 0.909832 -0.382711 -0.160428
vn 0.909832 -0.382711 -0.160428
vn 0.376886 -0.923873 -0.066455
vn 0.376886 -0.923873 -0.066455
vn 0.376886 -0.923873 -0.066455
vn 0.376886 -0.923873 -0.066455
vn 0.537308 0.000000 0.843386
vn 0.537308 0.000000 0.843386
vn 0.537308 0.000000 0.843386
vn 0.537308 0.000000 0.843386
vn 0.976296 0.000000 0.216441
vn 0.976296 0.000000 0.216441
vn 0.976296 0.000000 0.216441
vn 0.976296 0.000000 0.216441
vn -0.909832 0.382711 0.160428
vn -0.909832 0.382711 0.160428
vn -0.909832 0.382711 0.160428
vn -0.909832 0.382711 0.160428
vn -0.376886 0.923873 0.066455
vn -0.376886 0.923873 0.066455
vn -0.376886 0.923873 0.066455
vn -0.376886 0.923873 0.066455
vn 0.066454 0.923876 0.376877
vn 0.066454 0.923876 0.376877
vn 0.066454 0.923876 0.376877
vn 0.066454 0.923876 0.376877
vn 0.160430 0.382683 0.909844
vn 0.160430 0.382683 0.909844
vn 0.160430 0.382683 0.909844
vn 0.160430 0.382683 0.909844
vn 0.376886 0.923873 -0.066455
vn 0.376886 0.923873 -0.066455
vn 0.376886 0.923873 -0.066455
vn 0.376886 0.923873 -0.066455
vn 0.909832 0.382711 -0.160428
vn 0.909832 0.382711 -0.160428
vn 0.909832 0.382711 -0.160428
vn 0.909832 0.382711 -0.160428
vn -0.976296 0.000000 -0.216441
vn -0.976296 0.000000 -0.216441
vn -0.976296 0.000000 -0.216441
vn -0.976296 0.000000 -0.216441
vn -0.537308 0.000000 -0.843386
vn -0.537308 0.000000 -0.843386
vn -0.537308 0.000000 -0.843386
vn -0.537308 0.000000 -0.843386
vn -0.160430 0.382683 -0.909844
vn -0.160430 0.382683 -0.909844
vn -0.160430 0.382683 -0.909844
vn -0.160430 0.382683 -0.909844
vn -0.066454 0.923876 -0.376877
vn -0.066454 0.923876 -0.376877
vn -0.066454 0.923876 -0.376877
vn -0.066454 0.923876 -0.376877
vn 0.216449 0.000000 -0.976294
vn 0.216449 0.000000 -0.976294
vn 0.216449 0.000000 -0.976294
vn 0.216449 0.000000 -0.976294
vn 0.843391 0.000000 -0.537301
vn 0.843391 0.000000 -0.537301
vn 0.843391 0.000000 -0.537301
vn 0.843391 0.000000 -0.537301
vn -0.066454 -0.923876 -0.376877
vn -0.066454 -0.923876 -0.376877
vn -0.066454 -0.923876 -0.376877
vn -0.066454 -0.923876 -0.376877
vn -0.160430 -0.382683 -0.909844
vn -0.160430 -0.382683 -0.909844
vn -0.160430 -0.382683 -0.909844
vn -0.160430 -0.382683 -0.909844
vn 0.173648 0.000000 0.984808
vn 0.173648 0.000000 0.984808
vn 0.173648 0.000000 0.984808
vn 0.173648 0.000000 0.984808
vn 0.000000 1.000000 0.000000
vn 0.000000 1.000000 0.000000
vn 0.000000 1.000000 0.000000
vn 0.000000 1.000000 0.000000
vn -0.173648 0.000000 -0.984808
vn -0.173648 0.000000 -0.984808
vn -0.173648 0.000000 -0.984808
vn -0.173648 0.000000 -0.984808
vn 0.000000 -1.000000 0.000000
vn 0.000000 -1.000000 0.000000
vn 0.000000 -1.000000 0.000000
vn 0.000000 -1.000000 0.000000
vn 0.984808 0.000000 -0.173648
vn 0.984808 0.000000 -0.173648
vn 0.984808 0.000000 -0.173648
vn 0.984808 0.000000 -0.173648
vn -0.984808 0.000000 0.173648
vn -0.984808 0.000000 0.173648
vn -0.984808 0.000000 0.173648
vn -0.984808 0.000000 0.173648
vn -0.468336 -0.577341 0.668834
vn -0.468336 -0.577341 0.668834
vn -0.468336 -0.577341 0.668834
vn -0.468336 -0.577341 0.668834
vn -0.468336 -0.577341 0.668834
vn -0.468336 -0.577341 0.668834
vn 0.668848 -0.577343 0.468313
vn 0.668848 -0.577343 0.468313
vn 0.668848 -0.577343 0.468313
vn 0.668848 -0.577343 0.468313
vn 0.668848 -0.577343 0.468313
vn 0.668848 -0.577343 0.468313
vn -0.468339 0.577343 0.668830
vn -0.468339 0.577343 0.668830
vn -0.468339 0.577343 0.668830
vn -0.468339 0.577343 0.668830
vn -0.468339 0.577343 0.668830
vn -0.468339 0.577343 0.668830
vn 0.668847 0.577341 0.468318
vn 0.668847 0.577341 0.468318
vn 0.668847 0.577341 0.468318
vn 0.668847 0.577341 0.468318
vn 0.668847 0.577341 0.468318
vn 0.668847 0.577341 0.468318
vn -0.668841 0.577347 -0.468319
vn -0.668841 0.577347 -0.468319
vn -0.668841 0.577347 -0.468319
vn -0.668841 0.577347 -0.468319
vn -0.668841 0.577347 -0.468319
vn -0.668841 0.577347 -0.468319
vn 0.468336 0.577341 -0.668834
vn 0.468336 0.577341 -0.668834
vn 0.468336 0.577341 -0.668834
vn 0.468336 0.577341 -0.668834
vn 0.468336 0.577341 -0.668834
vn 0.468336 0.577341 -0.668834
vn -0.668848 -0.577343 -0.468313
vn -0.668848 -0.577343 -0.468313
vn -0.668848 -0.577343 -0.468313
vn -0.668848 -0.577343 -0.468313
vn -0.668848 -0.577343 -0.468313
vn -0.668848 -0.577343 -0.468313
vn 0.468336 -0.577341 -0.668834
vn 0.468336 -0.577341 -0.668834
vn 0.468336 -0.577341 -0.668834
vn 0.468336 -0.577341 -0.668834
vn 0.468336 -0.577341 -0.668834
vn 0.468336 -0.577341 -0.668834
s off
g GRP_Retro_Office_Desk GRP_Props_Backrooms Backrooms_Level0_Master_GRP Desk_Drawer_Face_1
f 762/2003/2593 761/2094/2594 797/2120/2595 802/2057/2596
f 761/2093/2597 766/2066/2598 798/2030/2599 797/2119/2600
f 764/2007/2601 763/2095/2602 771/2102/2603 770/2046/2604
f 763/2096/2605 762/2003/2606 772/2011/2607 771/2101/2608
f 766/2066/2609 765/2097/2610 775/2104/2611 774/2067/2612
f 765/2097/2613 764/2007/2614 776/2023/2615 775/2104/2616
f 768/2015/2617 767/2098/2618 803/2125/2619 808/2040/2620
f 767/2099/2621 772/2011/2622 804/2042/2623 803/2124/2624
f 770/2046/2625 769/2100/2626 783/2108/2627 782/2024/2628
f 769/2100/2629 768/2015/2630 784/2027/2631 783/2108/2632
f 774/2067/2633 773/2103/2634 787/2112/2635 786/2068/2636
f 773/2103/2637 778/2049/2638 788/2035/2639 787/2111/2640
f 778/2049/2641 777/2105/2642 781/2107/2643 780/2050/2644
f 777/2105/2645 776/2023/2646 782/2024/2647 781/2107/2648
f 780/2050/2649 779/2106/2650 795/2118/2651 794/2036/2652
f 779/2106/2653 784/2027/2654 796/2039/2655 795/2117/2656
f 786/2068/2657 785/2110/2658 799/2122/2659 798/2030/2660
f 785/2109/2661 790/2053/2662 800/2043/2663 799/2121/2664
f 790/2053/2665 789/2113/2666 793/2116/2667 792/2054/2668
f 789/2113/2669 788/2035/2670 794/2036/2671 793/2116/2672
f 792/2054/2673 791/2114/2674 807/2128/2675 806/2044/2676
f 791/2115/2677 796/2039/2678 808/2040/2679 807/2127/2680
f 802/2057/2681 801/2123/2682 805/2126/2683 804/2042/2684
f 801/2123/2685 800/2043/2686 806/2044/2687 805/2126/2688
f 764/2007/2689 770/2046/2690 782/2024/2691 776/2023/2692
f 778/2049/2693 780/2050/2694 794/2036/2695 788/2035/2696
f 790/2053/2697 792/2054/2698 806/2044/2699 800/2043/2700
f 802/2057/2701 804/2042/2702 772/2011/2703 762/2003/2704
f 768/2015/2705 808/2040/2706 796/2039/2707 784/2027/2708
f 798/2030/2709 766/2066/2710 774/2067/2711 786/2068/2712
f 761/2093/2713 762/2069/2714 763/2095/2715 764/2007/2716 765/2097/2717 766/2066/2718
f 767/2098/2719 768/2015/2720 769/2100/2721 770/2046/2722 771/2102/2723 772/2074/2724
f 773/2103/2725 774/2067/2726 775/2104/2727 776/2023/2728 777/2105/2729 778/2049/2730
f 779/2106/2731 780/2050/2732 781/2107/2733 782/2024/2734 783/2108/2735 784/2027/2736
f 785/2109/2737 786/2081/2738 787/2111/2739 788/2035/2740 789/2113/2741 790/2053/2742
f 791/2114/2743 792/2054/2744 793/2116/2745 794/2036/2746 795/2118/2747 796/2086/2748
f 797/2120/2749 798/2087/2750 799/2121/2751 800/2043/2752 801/2123/2753 802/2057/2754
f 803/2124/2755 804/2042/2756 805/2126/2757 806/2044/2758 807/2128/2759 808/2092/2760
g default
v -207.452424 51.223429 7.481384
v -207.396721 51.200000 7.471562
v -207.386899 51.223429 7.527265
v -207.382830 51.279992 7.550339
v -207.442602 51.279992 7.537088
v -207.475497 51.279992 7.485452
v -193.711262 51.223429 5.058446
v -193.688189 51.279992 5.054378
v -193.701440 51.279992 5.114150
v -193.753075 51.279992 5.147045
v -193.757143 51.223429 5.123972
v -193.766965 51.200000 5.068268
v -207.452424 52.776571 7.481384
v -207.475497 52.720008 7.485452
v -207.442602 52.720008 7.537088
v -207.382830 52.720008 7.550339
v -207.386899 52.776571 7.527265
v -207.396721 52.800000 7.471562
v -193.711262 52.776571 5.058446
v -193.766965 52.800000 5.068268
v -193.757143 52.776571 5.123972
v -193.753075 52.720008 5.147045
v -193.701440 52.720008 5.114150
v -193.688189 52.720008 5.054378
v -207.712302 52.720008 6.007541
v -207.725553 52.720008 6.067313
v -207.702480 52.776571 6.063245
v -207.646777 52.800000 6.053423
v -207.656599 52.776571 5.997719
v -207.660667 52.720008 5.974646
v -193.971140 52.720008 3.584604
v -194.030912 52.720008 3.571353
v -194.026843 52.776571 3.594426
v -194.017021 52.800000 3.650129
v -193.961318 52.776571 3.640307
v -193.938245 52.720008 3.636239
v -207.702480 51.223429 6.063245
v -207.725553 51.279992 6.067313
v -207.712302 51.279992 6.007541
v -207.660667 51.279992 5.974646
v -207.656599 51.223429 5.997719
v -207.646777 51.200000 6.053423
v -193.961318 51.223429 3.640307
v -194.017021 51.200000 3.650129
v -194.026843 51.223429 3.594426
v -194.030912 51.279992 3.571353
v -193.971140 51.279992 3.584604
v -193.938245 51.279992 3.636239
vt 0.331905 0.987501
vt 0.331905 0.762499
vt 0.313502 0.012499
vt 0.016498 0.012499
vt 0.331905 0.012499
vt 0.661429 0.012499
vt 0.331905 0.987501
vt 0.661429 0.987501
vt 0.313502 0.012499
vt 0.313502 0.237501
vt 0.331905 0.012499
vt 0.331905 0.237501
vt 0.680165 0.012499
vt 0.983168 0.012499
vt 0.661429 0.987501
vt 0.661429 0.762499
vt 0.661429 0.012499
vt 0.661429 0.237501
vt 0.680165 0.012499
vt 0.680165 0.237501
vt 0.313502 0.237501
vt 0.016498 0.237501
vt 0.331905 0.262499
vt 0.331905 0.487501
vt 0.331905 0.262499
vt 0.661429 0.262499
vt 0.331905 0.237501
vt 0.661429 0.237501
vt 0.661429 0.262499
vt 0.661429 0.487501
vt 0.680165 0.237501
vt 0.983168 0.237501
vt 0.016498 0.237501
vt 0.016498 0.012499
vt 0.331905 0.512499
vt 0.331905 0.737501
vt 0.331905 0.512499
vt 0.661429 0.512499
vt 0.331905 0.487501
vt 0.661429 0.487501
vt 0.661429 0.512499
vt 0.661429 0.737501
vt 0.983168 0.237501
vt 0.983168 0.012499
vt 0.331905 0.762499
vt 0.661429 0.762499
vt 0.331905 0.737501
vt 0.661429 0.737501
vt 0.331905 0.012499
vt 0.661429 0.012499
vt 0.661429 0.237501
vt 0.331905 0.237501
vt 0.331905 0.262499
vt 0.661429 0.262499
vt 0.661429 0.487501
vt 0.331905 0.487501
vt 0.331905 0.512499
vt 0.661429 0.512499
vt 0.661429 0.737501
vt 0.331905 0.737501
vt 0.331905 0.762499
vt 0.661429 0.762499
vt 0.661429 0.987501
vt 0.331905 0.987501
vt 0.680165 0.012499
vt 0.983168 0.012499
vt 0.983168 0.237501
vt 0.680165 0.237501
vt 0.016498 0.012499
vt 0.313502 0.012499
vt 0.313502 0.237501
vt 0.016498 0.237501
vt 0.331905 0.000000
vt 0.331905 0.012499
vt 0.313502 0.012499
vt 0.680165 0.012499
vt 0.661429 0.012499
vt 0.661429 -0.000000
vt 0.313502 0.237501
vt 0.331905 0.237501
vt 0.331905 0.262499
vt 0.661429 0.262499
vt 0.661429 0.237501
vt 0.680165 0.237501
vt 0.330000 0.487501
vt 0.331905 0.487501
vt 0.331905 0.512499
vt 0.661429 0.512499
vt 0.661429 0.487501
vt 0.663333 0.487501
vt 0.330000 0.737501
vt 0.331905 0.737501
vt 0.331905 0.762499
vt 0.661429 0.762499
vt 0.661429 0.737501
vt 0.663333 0.737501
vt 0.319546 0.000490
vt 0.331830 0.977705
vt 0.333349 0.000000
vt 0.333349 0.987501
vt 0.322704 0.012867
vt 0.674036 0.000490
vt 0.661503 0.977705
vt 0.670732 0.012585
vt 0.659984 0.987501
vt 0.659984 -0.000000
vt 0.330000 0.250000
vt 0.323019 0.237427
vt 0.331911 0.250000
vt 0.663333 0.250000
vt 0.661427 0.249979
vt 0.670797 0.237133
vt 0.330000 0.497297
vt 0.016498 0.228685
vt 0.330000 0.477816
vt 0.029283 0.238011
vt 0.331911 0.500000
vt 0.663333 0.497297
vt 0.983168 0.228685
vt 0.661427 0.499971
vt 0.970125 0.238011
vt 0.663333 0.477816
vt 0.028857 0.012009
vt 0.330075 0.747297
vt 0.330000 0.727705
vt 0.016498 0.021315
vt 0.331911 0.750000
vt 0.663259 0.747297
vt 0.970561 0.012009
vt 0.661427 0.749971
vt 0.983168 0.021315
vt 0.663333 0.727705
vn -0.376870 -0.923880 0.066452
vn -0.376870 -0.923880 0.066452
vn -0.376870 -0.923880 0.066452
vn -0.376870 -0.923880 0.066452
vn -0.909844 -0.382682 0.160430
vn -0.909844 -0.382682 0.160430
vn -0.909844 -0.382682 0.160430
vn -0.909844 -0.382682 0.160430
vn 0.160430 -0.382683 0.909844
vn 0.160430 -0.382683 0.909844
vn 0.160430 -0.382683 0.909844
vn 0.160430 -0.382683 0.909844
vn 0.066452 -0.923880 0.376869
vn 0.066452 -0.923880 0.376869
vn 0.066452 -0.923880 0.376869
vn 0.066452 -0.923880 0.376869
vn -0.843393 0.000000 0.537297
vn -0.843393 0.000000 0.537297
vn -0.843393 0.000000 0.537297
vn -0.843393 0.000000 0.537297
vn -0.216439 0.000000 0.976296
vn -0.216439 0.000000 0.976296
vn -0.216439 0.000000 0.976296
vn -0.216439 0.000000 0.976296
vn 0.909844 -0.382682 -0.160430
vn 0.909844 -0.382682 -0.160430
vn 0.909844 -0.382682 -0.160430
vn 0.909844 -0.382682 -0.160430
vn 0.376870 -0.923880 -0.066452
vn 0.376870 -0.923880 -0.066452
vn 0.376870 -0.923880 -0.066452
vn 0.376870 -0.923880 -0.066452
vn 0.537299 0.000000 0.843392
vn 0.537299 0.000000 0.843392
vn 0.537299 0.000000 0.843392
vn 0.537299 0.000000 0.843392
vn 0.976297 0.000000 0.216436
vn 0.976297 0.000000 0.216436
vn 0.976297 0.000000 0.216436
vn 0.976297 0.000000 0.216436
vn -0.909844 0.382682 0.160430
vn -0.909844 0.382682 0.160430
vn -0.909844 0.382682 0.160430
vn -0.909844 0.382682 0.160430
vn -0.376870 0.923880 0.066452
vn -0.376870 0.923880 0.066452
vn -0.376870 0.923880 0.066452
vn -0.376870 0.923880 0.066452
vn 0.066452 0.923880 0.376869
vn 0.066452 0.923880 0.376869
vn 0.066452 0.923880 0.376869
vn 0.066452 0.923880 0.376869
vn 0.160430 0.382683 0.909844
vn 0.160430 0.382683 0.909844
vn 0.160430 0.382683 0.909844
vn 0.160430 0.382683 0.909844
vn 0.376870 0.923880 -0.066452
vn 0.376870 0.923880 -0.066452
vn 0.376870 0.923880 -0.066452
vn 0.376870 0.923880 -0.066452
vn 0.909844 0.382682 -0.160430
vn 0.909844 0.382682 -0.160430
vn 0.909844 0.382682 -0.160430
vn 0.909844 0.382682 -0.160430
vn -0.976297 0.000000 -0.216436
vn -0.976297 0.000000 -0.216436
vn -0.976297 0.000000 -0.216436
vn -0.976297 0.000000 -0.216436
vn -0.537299 0.000000 -0.843392
vn -0.537299 0.000000 -0.843392
vn -0.537299 0.000000 -0.843392
vn -0.537299 0.000000 -0.843392
vn -0.160430 0.382683 -0.909844
vn -0.160430 0.382683 -0.909844
vn -0.160430 0.382683 -0.909844
vn -0.160430 0.382683 -0.909844
vn -0.066452 0.923880 -0.376869
vn -0.066452 0.923880 -0.376869
vn -0.066452 0.923880 -0.376869
vn -0.066452 0.923880 -0.376869
vn 0.216439 0.000000 -0.976296
vn 0.216439 0.000000 -0.976296
vn 0.216439 0.000000 -0.976296
vn 0.216439 0.000000 -0.976296
vn 0.843393 0.000000 -0.537297
vn 0.843393 0.000000 -0.537297
vn 0.843393 0.000000 -0.537297
vn 0.843393 0.000000 -0.537297
vn -0.066452 -0.923880 -0.376869
vn -0.066452 -0.923880 -0.376869
vn -0.066452 -0.923880 -0.376869
vn -0.066452 -0.923880 -0.376869
vn -0.160430 -0.382683 -0.909844
vn -0.160430 -0.382683 -0.909844
vn -0.160430 -0.382683 -0.909844
vn -0.160430 -0.382683 -0.909844
vn 0.173648 0.000000 0.984808
vn 0.173648 0.000000 0.984808
vn 0.173648 0.000000 0.984808
vn 0.173648 0.000000 0.984808
vn 0.000000 1.000000 0.000000
vn 0.000000 1.000000 0.000000
vn 0.000000 1.000000 0.000000
vn 0.000000 1.000000 0.000000
vn -0.173648 0.000000 -0.984808
vn -0.173648 0.000000 -0.984808
vn -0.173648 0.000000 -0.984808
vn -0.173648 0.000000 -0.984808
vn 0.000000 -1.000000 0.000000
vn 0.000000 -1.000000 0.000000
vn 0.000000 -1.000000 0.000000
vn 0.000000 -1.000000 0.000000
vn 0.984808 0.000000 -0.173648
vn 0.984808 0.000000 -0.173648
vn 0.984808 0.000000 -0.173648
vn 0.984808 0.000000 -0.173648
vn -0.984808 0.000000 0.173648
vn -0.984808 0.000000 0.173648
vn -0.984808 0.000000 0.173648
vn -0.984808 0.000000 0.173648
vn -0.468324 -0.577349 0.668836
vn -0.468324 -0.577349 0.668836
vn -0.468324 -0.577349 0.668836
vn -0.468324 -0.577349 0.668836
vn -0.468324 -0.577349 0.668836
vn -0.468324 -0.577349 0.668836
vn 0.668836 -0.577349 0.468323
vn 0.668836 -0.577349 0.468323
vn 0.668836 -0.577349 0.468323
vn 0.668836 -0.577349 0.468323
vn 0.668836 -0.577349 0.468323
vn 0.668836 -0.577349 0.468323
vn -0.468324 0.577349 0.668835
vn -0.468324 0.577349 0.668835
vn -0.468324 0.577349 0.668835
vn -0.468324 0.577349 0.668835
vn -0.468324 0.577349 0.668835
vn -0.468324 0.577349 0.668835
vn 0.668836 0.577349 0.468324
vn 0.668836 0.577349 0.468324
vn 0.668836 0.577349 0.468323
vn 0.668836 0.577349 0.468324
vn 0.668836 0.577349 0.468324
vn 0.668836 0.577349 0.468324
vn -0.668835 0.577350 -0.468323
vn -0.668835 0.577350 -0.468323
vn -0.668835 0.577350 -0.468323
vn -0.668835 0.577350 -0.468323
vn -0.668835 0.577350 -0.468323
vn -0.668835 0.577350 -0.468323
vn 0.468324 0.577349 -0.668836
vn 0.468324 0.577349 -0.668836
vn 0.468324 0.577349 -0.668836
vn 0.468324 0.577349 -0.668836
vn 0.468324 0.577349 -0.668836
vn 0.468324 0.577349 -0.668836
vn -0.668836 -0.577349 -0.468323
vn -0.668836 -0.577349 -0.468323
vn -0.668836 -0.577349 -0.468323
vn -0.668836 -0.577349 -0.468323
vn -0.668836 -0.577349 -0.468323
vn -0.668836 -0.577349 -0.468323
vn 0.468324 -0.577349 -0.668836
vn 0.468324 -0.577349 -0.668836
vn 0.468324 -0.577349 -0.668836
vn 0.468324 -0.577349 -0.668836
vn 0.468324 -0.577349 -0.668836
vn 0.468324 -0.577349 -0.668836
s off
g GRP_Retro_Office_Desk GRP_Props_Backrooms Backrooms_Level0_Master_GRP Desk_Drawer_Handle_1
f 810/2135/2761 809/2226/2762 845/2252/2763 850/2189/2764
f 809/2225/2765 814/2198/2766 846/2162/2767 845/2251/2768
f 812/2139/2769 811/2227/2770 819/2234/2771 818/2178/2772
f 811/2228/2773 810/2135/2774 820/2143/2775 819/2233/2776
f 814/2198/2777 813/2229/2778 823/2236/2779 822/2199/2780
f 813/2229/2781 812/2139/2782 824/2155/2783 823/2236/2784
f 816/2147/2785 815/2230/2786 851/2257/2787 856/2172/2788
f 815/2231/2789 820/2143/2790 852/2174/2791 851/2256/2792
f 818/2178/2793 817/2232/2794 831/2240/2795 830/2156/2796
f 817/2232/2797 816/2147/2798 832/2159/2799 831/2240/2800
f 822/2199/2801 821/2235/2802 835/2244/2803 834/2200/2804
f 821/2235/2805 826/2181/2806 836/2167/2807 835/2243/2808
f 826/2181/2809 825/2237/2810 829/2239/2811 828/2182/2812
f 825/2237/2813 824/2155/2814 830/2156/2815 829/2239/2816
f 828/2182/2817 827/2238/2818 843/2250/2819 842/2168/2820
f 827/2238/2821 832/2159/2822 844/2171/2823 843/2249/2824
f 834/2200/2825 833/2242/2826 847/2254/2827 846/2162/2828
f 833/2241/2829 838/2185/2830 848/2175/2831 847/2253/2832
f 838/2185/2833 837/2245/2834 841/2248/2835 840/2186/2836
f 837/2245/2837 836/2167/2838 842/2168/2839 841/2248/2840
f 840/2186/2841 839/2246/2842 855/2260/2843 854/2176/2844
f 839/2247/2845 844/2171/2846 856/2172/2847 855/2259/2848
f 850/2189/2849 849/2255/2850 853/2258/2851 852/2174/2852
f 849/2255/2853 848/2175/2854 854/2176/2855 853/2258/2856
f 812/2139/2857 818/2178/2858 830/2156/2859 824/2155/2860
f 826/2181/2861 828/2182/2862 842/2168/2863 836/2167/2864
f 838/2185/2865 840/2186/2866 854/2176/2867 848/2175/2868
f 850/2189/2869 852/2174/2870 820/2143/2871 810/2135/2872
f 816/2147/2873 856/2172/2874 844/2171/2875 832/2159/2876
f 846/2162/2877 814/2198/2878 822/2199/2879 834/2200/2880
f 809/2225/2881 810/2201/2882 811/2227/2883 812/2139/2884 813/2229/2885 814/2198/2886
f 815/2230/2887 816/2147/2888 817/2232/2889 818/2178/2890 819/2234/2891 820/2206/2892
f 821/2235/2893 822/2199/2894 823/2236/2895 824/2155/2896 825/2237/2897 826/2181/2898
f 827/2238/2899 828/2182/2900 829/2239/2901 830/2156/2902 831/2240/2903 832/2159/2904
f 833/2241/2905 834/2213/2906 835/2243/2907 836/2167/2908 837/2245/2909 838/2185/2910
f 839/2246/2911 840/2186/2912 841/2248/2913 842/2168/2914 843/2250/2915 844/2218/2916
f 845/2252/2917 846/2219/2918 847/2253/2919 848/2175/2920 849/2255/2921 850/2189/2922
f 851/2256/2923 852/2174/2924 853/2258/2925 854/2176/2926 855/2260/2927 856/2224/2928
g default
v -207.452424 51.223429 7.481384
v -207.396721 51.200000 7.471562
v -207.386899 51.223429 7.527265
v -207.382830 51.279992 7.550339
v -207.442602 51.279992 7.537088
v -207.475497 51.279992 7.485452
v -193.711262 51.223429 5.058446
v -193.688189 51.279992 5.054378
v -193.701440 51.279992 5.114150
v -193.753075 51.279992 5.147045
v -193.757143 51.223429 5.123972
v -193.766965 51.200000 5.068268
v -207.452424 52.776571 7.481384
v -207.475497 52.720008 7.485452
v -207.442602 52.720008 7.537088
v -207.382830 52.720008 7.550339
v -207.386899 52.776571 7.527265
v -207.396721 52.800000 7.471562
v -193.711262 52.776571 5.058446
v -193.766965 52.800000 5.068268
v -193.757143 52.776571 5.123972
v -193.753075 52.720008 5.147045
v -193.701440 52.720008 5.114150
v -193.688189 52.720008 5.054378
v -207.712302 52.720008 6.007541
v -207.725553 52.720008 6.067313
v -207.702480 52.776571 6.063245
v -207.646777 52.800000 6.053423
v -207.656599 52.776571 5.997719
v -207.660667 52.720008 5.974646
v -193.971140 52.720008 3.584604
v -194.030912 52.720008 3.571353
v -194.026843 52.776571 3.594426
v -194.017021 52.800000 3.650129
v -193.961318 52.776571 3.640307
v -193.938245 52.720008 3.636239
v -207.702480 51.223429 6.063245
v -207.725553 51.279992 6.067313
v -207.712302 51.279992 6.007541
v -207.660667 51.279992 5.974646
v -207.656599 51.223429 5.997719
v -207.646777 51.200000 6.053423
v -193.961318 51.223429 3.640307
v -194.017021 51.200000 3.650129
v -194.026843 51.223429 3.594426
v -194.030912 51.279992 3.571353
v -193.971140 51.279992 3.584604
v -193.938245 51.279992 3.636239
vt 0.331905 0.987501
vt 0.331905 0.762499
vt 0.313502 0.012499
vt 0.016498 0.012499
vt 0.331905 0.012499
vt 0.661429 0.012499
vt 0.331905 0.987501
vt 0.661429 0.987501
vt 0.313502 0.012499
vt 0.313502 0.237501
vt 0.331905 0.012499
vt 0.331905 0.237501
vt 0.680165 0.012499
vt 0.983168 0.012499
vt 0.661429 0.987501
vt 0.661429 0.762499
vt 0.661429 0.012499
vt 0.661429 0.237501
vt 0.680165 0.012499
vt 0.680165 0.237501
vt 0.313502 0.237501
vt 0.016498 0.237501
vt 0.331905 0.262499
vt 0.331905 0.487501
vt 0.331905 0.262499
vt 0.661429 0.262499
vt 0.331905 0.237501
vt 0.661429 0.237501
vt 0.661429 0.262499
vt 0.661429 0.487501
vt 0.680165 0.237501
vt 0.983168 0.237501
vt 0.016498 0.237501
vt 0.016498 0.012499
vt 0.331905 0.512499
vt 0.331905 0.737501
vt 0.331905 0.512499
vt 0.661429 0.512499
vt 0.331905 0.487501
vt 0.661429 0.487501
vt 0.661429 0.512499
vt 0.661429 0.737501
vt 0.983168 0.237501
vt 0.983168 0.012499
vt 0.331905 0.762499
vt 0.661429 0.762499
vt 0.331905 0.737501
vt 0.661429 0.737501
vt 0.331905 0.012499
vt 0.661429 0.012499
vt 0.661429 0.237501
vt 0.331905 0.237501
vt 0.331905 0.262499
vt 0.661429 0.262499
vt 0.661429 0.487501
vt 0.331905 0.487501
vt 0.331905 0.512499
vt 0.661429 0.512499
vt 0.661429 0.737501
vt 0.331905 0.737501
vt 0.331905 0.762499
vt 0.661429 0.762499
vt 0.661429 0.987501
vt 0.331905 0.987501
vt 0.680165 0.012499
vt 0.983168 0.012499
vt 0.983168 0.237501
vt 0.680165 0.237501
vt 0.016498 0.012499
vt 0.313502 0.012499
vt 0.313502 0.237501
vt 0.016498 0.237501
vt 0.331905 0.000000
vt 0.331905 0.012499
vt 0.313502 0.012499
vt 0.680165 0.012499
vt 0.661429 0.012499
vt 0.661429 -0.000000
vt 0.313502 0.237501
vt 0.331905 0.237501
vt 0.331905 0.262499
vt 0.661429 0.262499
vt 0.661429 0.237501
vt 0.680165 0.237501
vt 0.330000 0.487501
vt 0.331905 0.487501
vt 0.331905 0.512499
vt 0.661429 0.512499
vt 0.661429 0.487501
vt 0.663333 0.487501
vt 0.330000 0.737501
vt 0.331905 0.737501
vt 0.331905 0.762499
vt 0.661429 0.762499
vt 0.661429 0.737501
vt 0.663333 0.737501
vt 0.319546 0.000490
vt 0.331830 0.977705
vt 0.333349 0.000000
vt 0.333349 0.987501
vt 0.322704 0.012867
vt 0.674036 0.000490
vt 0.661503 0.977705
vt 0.670732 0.012585
vt 0.659984 0.987501
vt 0.659984 -0.000000
vt 0.330000 0.250000
vt 0.323019 0.237427
vt 0.331911 0.250000
vt 0.663333 0.250000
vt 0.661427 0.249979
vt 0.670797 0.237133
vt 0.330000 0.497297
vt 0.016498 0.228685
vt 0.330000 0.477816
vt 0.029283 0.238011
vt 0.331911 0.500000
vt 0.663333 0.497297
vt 0.983168 0.228685
vt 0.661427 0.499971
vt 0.970125 0.238011
vt 0.663333 0.477816
vt 0.028857 0.012009
vt 0.330075 0.747297
vt 0.330000 0.727705
vt 0.016498 0.021315
vt 0.331911 0.750000
vt 0.663259 0.747297
vt 0.970561 0.012009
vt 0.661427 0.749971
vt 0.983168 0.021315
vt 0.663333 0.727705
vn -0.376870 -0.923880 0.066452
vn -0.376870 -0.923880 0.066452
vn -0.376870 -0.923880 0.066452
vn -0.376870 -0.923880 0.066452
vn -0.909844 -0.382682 0.160430
vn -0.909844 -0.382682 0.160430
vn -0.909844 -0.382682 0.160430
vn -0.909844 -0.382682 0.160430
vn 0.160430 -0.382683 0.909844
vn 0.160430 -0.382683 0.909844
vn 0.160430 -0.382683 0.909844
vn 0.160430 -0.382683 0.909844
vn 0.066452 -0.923880 0.376869
vn 0.066452 -0.923880 0.376869
vn 0.066452 -0.923880 0.376869
vn 0.066452 -0.923880 0.376869
vn -0.843393 0.000000 0.537297
vn -0.843393 0.000000 0.537297
vn -0.843393 0.000000 0.537297
vn -0.843393 0.000000 0.537297
vn -0.216439 0.000000 0.976296
vn -0.216439 0.000000 0.976296
vn -0.216439 0.000000 0.976296
vn -0.216439 0.000000 0.976296
vn 0.909844 -0.382682 -0.160430
vn 0.909844 -0.382682 -0.160430
vn 0.909844 -0.382682 -0.160430
vn 0.909844 -0.382682 -0.160430
vn 0.376870 -0.923880 -0.066452
vn 0.376870 -0.923880 -0.066452
vn 0.376870 -0.923880 -0.066452
vn 0.376870 -0.923880 -0.066452
vn 0.537299 0.000000 0.843392
vn 0.537299 0.000000 0.843392
vn 0.537299 0.000000 0.843392
vn 0.537299 0.000000 0.843392
vn 0.976297 0.000000 0.216436
vn 0.976297 0.000000 0.216436
vn 0.976297 0.000000 0.216436
vn 0.976297 0.000000 0.216436
vn -0.909844 0.382682 0.160430
vn -0.909844 0.382682 0.160430
vn -0.909844 0.382682 0.160430
vn -0.909844 0.382682 0.160430
vn -0.376870 0.923880 0.066452
vn -0.376870 0.923880 0.066452
vn -0.376870 0.923880 0.066452
vn -0.376870 0.923880 0.066452
vn 0.066452 0.923880 0.376869
vn 0.066452 0.923880 0.376869
vn 0.066452 0.923880 0.376869
vn 0.066452 0.923880 0.376869
vn 0.160430 0.382683 0.909844
vn 0.160430 0.382683 0.909844
vn 0.160430 0.382683 0.909844
vn 0.160430 0.382683 0.909844
vn 0.376870 0.923880 -0.066452
vn 0.376870 0.923880 -0.066452
vn 0.376870 0.923880 -0.066452
vn 0.376870 0.923880 -0.066452
vn 0.909844 0.382682 -0.160430
vn 0.909844 0.382682 -0.160430
vn 0.909844 0.382682 -0.160430
vn 0.909844 0.382682 -0.160430
vn -0.976297 0.000000 -0.216436
vn -0.976297 0.000000 -0.216436
vn -0.976297 0.000000 -0.216436
vn -0.976297 0.000000 -0.216436
vn -0.537299 0.000000 -0.843392
vn -0.537299 0.000000 -0.843392
vn -0.537299 0.000000 -0.843392
vn -0.537299 0.000000 -0.843392
vn -0.160430 0.382683 -0.909844
vn -0.160430 0.382683 -0.909844
vn -0.160430 0.382683 -0.909844
vn -0.160430 0.382683 -0.909844
vn -0.066452 0.923880 -0.376869
vn -0.066452 0.923880 -0.376869
vn -0.066452 0.923880 -0.376869
vn -0.066452 0.923880 -0.376869
vn 0.216439 0.000000 -0.976296
vn 0.216439 0.000000 -0.976296
vn 0.216439 0.000000 -0.976296
vn 0.216439 0.000000 -0.976296
vn 0.843393 0.000000 -0.537297
vn 0.843393 0.000000 -0.537297
vn 0.843393 0.000000 -0.537297
vn 0.843393 0.000000 -0.537297
vn -0.066452 -0.923880 -0.376869
vn -0.066452 -0.923880 -0.376869
vn -0.066452 -0.923880 -0.376869
vn -0.066452 -0.923880 -0.376869
vn -0.160430 -0.382683 -0.909844
vn -0.160430 -0.382683 -0.909844
vn -0.160430 -0.382683 -0.909844
vn -0.160430 -0.382683 -0.909844
vn 0.173648 0.000000 0.984808
vn 0.173648 0.000000 0.984808
vn 0.173648 0.000000 0.984808
vn 0.173648 0.000000 0.984808
vn 0.000000 1.000000 0.000000
vn 0.000000 1.000000 0.000000
vn 0.000000 1.000000 0.000000
vn 0.000000 1.000000 0.000000
vn -0.173648 0.000000 -0.984808
vn -0.173648 0.000000 -0.984808
vn -0.173648 0.000000 -0.984808
vn -0.173648 0.000000 -0.984808
vn 0.000000 -1.000000 0.000000
vn 0.000000 -1.000000 0.000000
vn 0.000000 -1.000000 0.000000
vn 0.000000 -1.000000 0.000000
vn 0.984808 0.000000 -0.173648
vn 0.984808 0.000000 -0.173648
vn 0.984808 0.000000 -0.173648
vn 0.984808 0.000000 -0.173648
vn -0.984808 0.000000 0.173648
vn -0.984808 0.000000 0.173648
vn -0.984808 0.000000 0.173648
vn -0.984808 0.000000 0.173648
vn -0.468324 -0.577349 0.668836
vn -0.468324 -0.577349 0.668836
vn -0.468324 -0.577349 0.668836
vn -0.468324 -0.577349 0.668836
vn -0.468324 -0.577349 0.668836
vn -0.468324 -0.577349 0.668836
vn 0.668836 -0.577349 0.468323
vn 0.668836 -0.577349 0.468323
vn 0.668836 -0.577349 0.468323
vn 0.668836 -0.577349 0.468323
vn 0.668836 -0.577349 0.468323
vn 0.668836 -0.577349 0.468323
vn -0.468324 0.577349 0.668835
vn -0.468324 0.577349 0.668835
vn -0.468324 0.577349 0.668835
vn -0.468324 0.577349 0.668835
vn -0.468324 0.577349 0.668835
vn -0.468324 0.577349 0.668835
vn 0.668836 0.577349 0.468324
vn 0.668836 0.577349 0.468324
vn 0.668836 0.577349 0.468323
vn 0.668836 0.577349 0.468324
vn 0.668836 0.577349 0.468324
vn 0.668836 0.577349 0.468324
vn -0.668835 0.577350 -0.468323
vn -0.668835 0.577350 -0.468323
vn -0.668835 0.577350 -0.468323
vn -0.668835 0.577350 -0.468323
vn -0.668835 0.577350 -0.468323
vn -0.668835 0.577350 -0.468323
vn 0.468324 0.577349 -0.668836
vn 0.468324 0.577349 -0.668836
vn 0.468324 0.577349 -0.668836
vn 0.468324 0.577349 -0.668836
vn 0.468324 0.577349 -0.668836
vn 0.468324 0.577349 -0.668836
vn -0.668836 -0.577349 -0.468323
vn -0.668836 -0.577349 -0.468323
vn -0.668836 -0.577349 -0.468323
vn -0.668836 -0.577349 -0.468323
vn -0.668836 -0.577349 -0.468323
vn -0.668836 -0.577349 -0.468323
vn 0.468324 -0.577349 -0.668836
vn 0.468324 -0.577349 -0.668836
vn 0.468324 -0.577349 -0.668836
vn 0.468324 -0.577349 -0.668836
vn 0.468324 -0.577349 -0.668836
vn 0.468324 -0.577349 -0.668836
s off
g GRP_Retro_Office_Desk GRP_Props_Backrooms Backrooms_Level0_Master_GRP Desk_Drawer_Handle_1
f 858/2267/2929 857/2358/2930 893/2384/2931 898/2321/2932
f 857/2357/2933 862/2330/2934 894/2294/2935 893/2383/2936
f 860/2271/2937 859/2359/2938 867/2366/2939 866/2310/2940
f 859/2360/2941 858/2267/2942 868/2275/2943 867/2365/2944
f 862/2330/2945 861/2361/2946 871/2368/2947 870/2331/2948
f 861/2361/2949 860/2271/2950 872/2287/2951 871/2368/2952
f 864/2279/2953 863/2362/2954 899/2389/2955 904/2304/2956
f 863/2363/2957 868/2275/2958 900/2306/2959 899/2388/2960
f 866/2310/2961 865/2364/2962 879/2372/2963 878/2288/2964
f 865/2364/2965 864/2279/2966 880/2291/2967 879/2372/2968
f 870/2331/2969 869/2367/2970 883/2376/2971 882/2332/2972
f 869/2367/2973 874/2313/2974 884/2299/2975 883/2375/2976
f 874/2313/2977 873/2369/2978 877/2371/2979 876/2314/2980
f 873/2369/2981 872/2287/2982 878/2288/2983 877/2371/2984
f 876/2314/2985 875/2370/2986 891/2382/2987 890/2300/2988
f 875/2370/2989 880/2291/2990 892/2303/2991 891/2381/2992
f 882/2332/2993 881/2374/2994 895/2386/2995 894/2294/2996
f 881/2373/2997 886/2317/2998 896/2307/2999 895/2385/3000
f 886/2317/3001 885/2377/3002 889/2380/3003 888/2318/3004
f 885/2377/3005 884/2299/3006 890/2300/3007 889/2380/3008
f 888/2318/3009 887/2378/3010 903/2392/3011 902/2308/3012
f 887/2379/3013 892/2303/3014 904/2304/3015 903/2391/3016
f 898/2321/3017 897/2387/3018 901/2390/3019 900/2306/3020
f 897/2387/3021 896/2307/3022 902/2308/3023 901/2390/3024
f 860/2271/3025 866/2310/3026 878/2288/3027 872/2287/3028
f 874/2313/3029 876/2314/3030 890/2300/3031 884/2299/3032
f 886/2317/3033 888/2318/3034 902/2308/3035 896/2307/3036
f 898/2321/3037 900/2306/3038 868/2275/3039 858/2267/3040
f 864/2279/3041 904/2304/3042 892/2303/3043 880/2291/3044
f 894/2294/3045 862/2330/3046 870/2331/3047 882/2332/3048
f 857/2357/3049 858/2333/3050 859/2359/3051 860/2271/3052 861/2361/3053 862/2330/3054
f 863/2362/3055 864/2279/3056 865/2364/3057 866/2310/3058 867/2366/3059 868/2338/3060
f 869/2367/3061 870/2331/3062 871/2368/3063 872/2287/3064 873/2369/3065 874/2313/3066
f 875/2370/3067 876/2314/3068 877/2371/3069 878/2288/3070 879/2372/3071 880/2291/3072
f 881/2373/3073 882/2345/3074 883/2375/3075 884/2299/3076 885/2377/3077 886/2317/3078
f 887/2378/3079 888/2318/3080 889/2380/3081 890/2300/3082 891/2382/3083 892/2350/3084
f 893/2384/3085 894/2351/3086 895/2385/3087 896/2307/3088 897/2387/3089 898/2321/3090
f 899/2388/3091 900/2306/3092 901/2390/3093 902/2308/3094 903/2392/3095 904/2356/3096
g default
v -220.948182 25.312886 8.171377
v -220.917545 25.300000 8.165975
v -220.912143 25.312886 8.196611
v -220.909906 25.343996 8.209302
v -220.942780 25.343996 8.202013
v -220.960872 25.343996 8.173614
v -180.793407 25.312886 1.091006
v -180.780716 25.343996 1.088769
v -180.788005 25.343996 1.121643
v -180.816403 25.343996 1.139736
v -180.818641 25.312886 1.127045
v -180.824043 25.300000 1.096408
v -220.948182 42.687114 8.171377
v -220.960872 42.656004 8.173614
v -220.942780 42.656004 8.202013
v -220.909906 42.656004 8.209302
v -220.912143 42.687114 8.196611
v -220.917545 42.700000 8.165975
v -180.793407 42.687114 1.091006
v -180.824043 42.700000 1.096408
v -180.818641 42.687114 1.127045
v -180.816403 42.656004 1.139736
v -180.788005 42.656004 1.121643
v -180.780716 42.656004 1.088769
v -221.320330 42.656004 6.060817
v -221.327618 42.656004 6.093692
v -221.314928 42.687114 6.091454
v -221.284292 42.700000 6.086052
v -221.289694 42.687114 6.055415
v -221.291932 42.656004 6.042725
v -181.165555 42.656004 -1.019553
v -181.198429 42.656004 -1.026842
v -181.196191 42.687114 -1.014151
v -181.190789 42.700000 -0.983514
v -181.160153 42.687114 -0.988916
v -181.147463 42.656004 -0.991154
v -221.314928 25.312886 6.091454
v -221.327618 25.343996 6.093692
v -221.320330 25.343996 6.060817
v -221.291932 25.343996 6.042725
v -221.289694 25.312886 6.055415
v -221.284292 25.300000 6.086052
v -181.160153 25.312886 -0.988916
v -181.190789 25.300000 -0.983514
v -181.196191 25.312886 -1.014151
v -181.198429 25.343996 -1.026842
v -181.165555 25.343996 -1.019553
v -181.147463 25.343996 -0.991154
vt 0.330359 0.995000
vt 0.330359 0.755000
vt 0.323401 0.000633
vt 0.006599 0.000633
vt 0.330359 0.000632
vt 0.662974 0.000632
vt 0.330359 0.995000
vt 0.662974 0.995000
vt 0.323401 0.000633
vt 0.323401 0.249368
vt 0.330359 0.000632
vt 0.330359 0.249368
vt 0.670066 0.000633
vt 0.993267 0.000633
vt 0.662974 0.995000
vt 0.662974 0.755000
vt 0.662974 0.000632
vt 0.662974 0.249368
vt 0.670066 0.000633
vt 0.670066 0.249368
vt 0.323401 0.249368
vt 0.006599 0.249368
vt 0.330359 0.254999
vt 0.330359 0.495000
vt 0.330359 0.254999
vt 0.662974 0.255000
vt 0.330359 0.249368
vt 0.662974 0.249368
vt 0.662974 0.255000
vt 0.662974 0.495000
vt 0.670066 0.249368
vt 0.993267 0.249368
vt 0.006599 0.249368
vt 0.006599 0.000633
vt 0.330359 0.500632
vt 0.330359 0.749368
vt 0.330359 0.500632
vt 0.662974 0.500632
vt 0.330359 0.495000
vt 0.662974 0.495000
vt 0.662974 0.500632
vt 0.662974 0.749368
vt 0.993267 0.249368
vt 0.993267 0.000633
vt 0.330359 0.755000
vt 0.662974 0.755000
vt 0.330359 0.749368
vt 0.662974 0.749368
vt 0.330359 0.000632
vt 0.662974 0.000632
vt 0.662974 0.249368
vt 0.330359 0.249368
vt 0.330359 0.254999
vt 0.662974 0.255000
vt 0.662974 0.495000
vt 0.330359 0.495000
vt 0.330359 0.500632
vt 0.662974 0.500632
vt 0.662974 0.749368
vt 0.330359 0.749368
vt 0.330359 0.755000
vt 0.662974 0.755000
vt 0.662974 0.995000
vt 0.330359 0.995000
vt 0.670066 0.000633
vt 0.993267 0.000633
vt 0.993267 0.249368
vt 0.670066 0.249368
vt 0.006599 0.000633
vt 0.323401 0.000633
vt 0.323401 0.249368
vt 0.006599 0.249368
vt 0.330359 0.000000
vt 0.330359 0.000632
vt 0.323401 0.000633
vt 0.670066 0.000633
vt 0.662974 0.000632
vt 0.662974 0.000000
vt 0.323401 0.249368
vt 0.330359 0.249368
vt 0.330359 0.254999
vt 0.662974 0.255000
vt 0.662974 0.249368
vt 0.670066 0.249368
vt 0.330000 0.495000
vt 0.330359 0.495000
vt 0.330359 0.500632
vt 0.662974 0.500632
vt 0.662974 0.495000
vt 0.663333 0.495000
vt 0.330000 0.749368
vt 0.330359 0.749368
vt 0.330359 0.755000
vt 0.662974 0.755000
vt 0.662974 0.749368
vt 0.663333 0.749368
vt 0.325357 0.000010
vt 0.330354 0.991205
vt 0.330634 0.000000
vt 0.330634 0.995000
vt 0.326880 0.000634
vt 0.668077 0.000010
vt 0.662979 0.991205
vt 0.666519 0.000633
vt 0.662699 0.995000
vt 0.662699 0.000000
vt 0.330000 0.250000
vt 0.326886 0.249368
vt 0.330360 0.252184
vt 0.663333 0.250000
vt 0.662974 0.252182
vt 0.666520 0.249367
vt 0.330000 0.495493
vt 0.006599 0.248886
vt 0.330000 0.491156
vt 0.011675 0.249378
vt 0.330360 0.497816
vt 0.663333 0.495493
vt 0.993267 0.248886
vt 0.662974 0.497815
vt 0.988090 0.249378
vt 0.663333 0.491156
vt 0.011602 0.000623
vt 0.330006 0.753163
vt 0.330000 0.748875
vt 0.006599 0.001115
vt 0.330360 0.752184
vt 0.663328 0.753163
vt 0.988164 0.000623
vt 0.662974 0.752183
vt 0.993267 0.001115
vt 0.663333 0.748875
vn -0.376886 -0.923873 0.066455
vn -0.376886 -0.923873 0.066455
vn -0.376886 -0.923873 0.066455
vn -0.376886 -0.923873 0.066455
vn -0.909832 -0.382711 0.160428
vn -0.909832 -0.382711 0.160428
vn -0.909832 -0.382711 0.160428
vn -0.909832 -0.382711 0.160428
vn 0.160430 -0.382683 0.909844
vn 0.160430 -0.382683 0.909844
vn 0.160430 -0.382683 0.909844
vn 0.160430 -0.382683 0.909844
vn 0.066454 -0.923876 0.376877
vn 0.066454 -0.923876 0.376877
vn 0.066454 -0.923876 0.376877
vn 0.066454 -0.923876 0.376877
vn -0.843391 0.000000 0.537301
vn -0.843391 0.000000 0.537301
vn -0.843391 0.000000 0.537301
vn -0.843391 0.000000 0.537301
vn -0.216449 0.000000 0.976294
vn -0.216449 0.000000 0.976294
vn -0.216449 0.000000 0.976294
vn -0.216449 0.000000 0.976294
vn 0.909832 -0.382711 -0.160428
vn 0.909832 -0.382711 -0.160428
vn 0.909832 -0.382711 -0.160428
vn 0.909832 -0.382711 -0.160428
vn 0.376886 -0.923873 -0.066455
vn 0.376886 -0.923873 -0.066455
vn 0.376886 -0.923873 -0.066455
vn 0.376886 -0.923873 -0.066455
vn 0.537308 0.000000 0.843386
vn 0.537308 0.000000 0.843386
vn 0.537308 0.000000 0.843386
vn 0.537308 0.000000 0.843386
vn 0.976296 0.000000 0.216441
vn 0.976296 0.000000 0.216441
vn 0.976296 0.000000 0.216441
vn 0.976296 0.000000 0.216441
vn -0.909832 0.382711 0.160428
vn -0.909832 0.382711 0.160428
vn -0.909832 0.382711 0.160428
vn -0.909832 0.382711 0.160428
vn -0.376886 0.923873 0.066455
vn -0.376886 0.923873 0.066455
vn -0.376886 0.923873 0.066455
vn -0.376886 0.923873 0.066455
vn 0.066454 0.923876 0.376877
vn 0.066454 0.923876 0.376877
vn 0.066454 0.923876 0.376877
vn 0.066454 0.923876 0.376877
vn 0.160430 0.382683 0.909844
vn 0.160430 0.382683 0.909844
vn 0.160430 0.382683 0.909844
vn 0.160430 0.382683 0.909844
vn 0.376886 0.923873 -0.066455
vn 0.376886 0.923873 -0.066455
vn 0.376886 0.923873 -0.066455
vn 0.376886 0.923873 -0.066455
vn 0.909832 0.382711 -0.160428
vn 0.909832 0.382711 -0.160428
vn 0.909832 0.382711 -0.160428
vn 0.909832 0.382711 -0.160428
vn -0.976296 0.000000 -0.216441
vn -0.976296 0.000000 -0.216441
vn -0.976296 0.000000 -0.216441
vn -0.976296 0.000000 -0.216441
vn -0.537308 0.000000 -0.843386
vn -0.537308 0.000000 -0.843386
vn -0.537308 0.000000 -0.843386
vn -0.537308 0.000000 -0.843386
vn -0.160430 0.382683 -0.909844
vn -0.160430 0.382683 -0.909844
vn -0.160430 0.382683 -0.909844
vn -0.160430 0.382683 -0.909844
vn -0.066454 0.923876 -0.376877
vn -0.066454 0.923876 -0.376877
vn -0.066454 0.923876 -0.376877
vn -0.066454 0.923876 -0.376877
vn 0.216449 0.000000 -0.976294
vn 0.216449 0.000000 -0.976294
vn 0.216449 0.000000 -0.976294
vn 0.216449 0.000000 -0.976294
vn 0.843391 0.000000 -0.537301
vn 0.843391 0.000000 -0.537301
vn 0.843391 0.000000 -0.537301
vn 0.843391 0.000000 -0.537301
vn -0.066454 -0.923876 -0.376877
vn -0.066454 -0.923876 -0.376877
vn -0.066454 -0.923876 -0.376877
vn -0.066454 -0.923876 -0.376877
vn -0.160430 -0.382683 -0.909844
vn -0.160430 -0.382683 -0.909844
vn -0.160430 -0.382683 -0.909844
vn -0.160430 -0.382683 -0.909844
vn 0.173648 0.000000 0.984808
vn 0.173648 0.000000 0.984808
vn 0.173648 0.000000 0.984808
vn 0.173648 0.000000 0.984808
vn 0.000000 1.000000 0.000000
vn 0.000000 1.000000 0.000000
vn 0.000000 1.000000 0.000000
vn 0.000000 1.000000 0.000000
vn -0.173648 0.000000 -0.984808
vn -0.173648 0.000000 -0.984808
vn -0.173648 0.000000 -0.984808
vn -0.173648 0.000000 -0.984808
vn 0.000000 -1.000000 0.000000
vn 0.000000 -1.000000 0.000000
vn 0.000000 -1.000000 0.000000
vn 0.000000 -1.000000 0.000000
vn 0.984808 0.000000 -0.173648
vn 0.984808 0.000000 -0.173648
vn 0.984808 0.000000 -0.173648
vn 0.984808 0.000000 -0.173648
vn -0.984808 0.000000 0.173648
vn -0.984808 0.000000 0.173648
vn -0.984808 0.000000 0.173648
vn -0.984808 0.000000 0.173648
vn -0.468336 -0.577341 0.668834
vn -0.468336 -0.577341 0.668834
vn -0.468336 -0.577341 0.668834
vn -0.468336 -0.577341 0.668834
vn -0.468336 -0.577341 0.668834
vn -0.468336 -0.577341 0.668834
vn 0.668848 -0.577343 0.468313
vn 0.668848 -0.577343 0.468313
vn 0.668848 -0.577343 0.468313
vn 0.668848 -0.577343 0.468313
vn 0.668848 -0.577343 0.468313
vn 0.668848 -0.577343 0.468313
vn -0.468339 0.577343 0.668830
vn -0.468339 0.577343 0.668830
vn -0.468339 0.577343 0.668830
vn -0.468339 0.577343 0.668830
vn -0.468339 0.577343 0.668830
vn -0.468339 0.577343 0.668830
vn 0.668847 0.577341 0.468318
vn 0.668847 0.577341 0.468318
vn 0.668847 0.577341 0.468318
vn 0.668847 0.577341 0.468318
vn 0.668847 0.577341 0.468318
vn 0.668847 0.577341 0.468318
vn -0.668841 0.577347 -0.468319
vn -0.668841 0.577347 -0.468319
vn -0.668841 0.577347 -0.468319
vn -0.668841 0.577347 -0.468319
vn -0.668841 0.577347 -0.468319
vn -0.668841 0.577347 -0.468319
vn 0.468336 0.577341 -0.668834
vn 0.468336 0.577341 -0.668834
vn 0.468336 0.577341 -0.668834
vn 0.468336 0.577341 -0.668834
vn 0.468336 0.577341 -0.668834
vn 0.468336 0.577341 -0.668834
vn -0.668848 -0.577343 -0.468313
vn -0.668848 -0.577343 -0.468313
vn -0.668848 -0.577343 -0.468313
vn -0.668848 -0.577343 -0.468313
vn -0.668848 -0.577343 -0.468313
vn -0.668848 -0.577343 -0.468313
vn 0.468336 -0.577341 -0.668834
vn 0.468336 -0.577341 -0.668834
vn 0.468336 -0.577341 -0.668834
vn 0.468336 -0.577341 -0.668834
vn 0.468336 -0.577341 -0.668834
vn 0.468336 -0.577341 -0.668834
s off
g GRP_Retro_Office_Desk GRP_Props_Backrooms Backrooms_Level0_Master_GRP Desk_Drawer_Face_2
f 906/2399/3097 905/2490/3098 941/2516/3099 946/2453/3100
f 905/2489/3101 910/2462/3102 942/2426/3103 941/2515/3104
f 908/2403/3105 907/2491/3106 915/2498/3107 914/2442/3108
f 907/2492/3109 906/2399/3110 916/2407/3111 915/2497/3112
f 910/2462/3113 909/2493/3114 919/2500/3115 918/2463/3116
f 909/2493/3117 908/2403/3118 920/2419/3119 919/2500/3120
f 912/2411/3121 911/2494/3122 947/2521/3123 952/2436/3124
f 911/2495/3125 916/2407/3126 948/2438/3127 947/2520/3128
f 914/2442/3129 913/2496/3130 927/2504/3131 926/2420/3132
f 913/2496/3133 912/2411/3134 928/2423/3135 927/2504/3136
f 918/2463/3137 917/2499/3138 931/2508/3139 930/2464/3140
f 917/2499/3141 922/2445/3142 932/2431/3143 931/2507/3144
f 922/2445/3145 921/2501/3146 925/2503/3147 924/2446/3148
f 921/2501/3149 920/2419/3150 926/2420/3151 925/2503/3152
f 924/2446/3153 923/2502/3154 939/2514/3155 938/2432/3156
f 923/2502/3157 928/2423/3158 940/2435/3159 939/2513/3160
f 930/2464/3161 929/2506/3162 943/2518/3163 942/2426/3164
f 929/2505/3165 934/2449/3166 944/2439/3167 943/2517/3168
f 934/2449/3169 933/2509/3170 937/2512/3171 936/2450/3172
f 933/2509/3173 932/2431/3174 938/2432/3175 937/2512/3176
f 936/2450/3177 935/2510/3178 951/2524/3179 950/2440/3180
f 935/2511/3181 940/2435/3182 952/2436/3183 951/2523/3184
f 946/2453/3185 945/2519/3186 949/2522/3187 948/2438/3188
f 945/2519/3189 944/2439/3190 950/2440/3191 949/2522/3192
f 908/2403/3193 914/2442/3194 926/2420/3195 920/2419/3196
f 922/2445/3197 924/2446/3198 938/2432/3199 932/2431/3200
f 934/2449/3201 936/2450/3202 950/2440/3203 944/2439/3204
f 946/2453/3205 948/2438/3206 916/2407/3207 906/2399/3208
f 912/2411/3209 952/2436/3210 940/2435/3211 928/2423/3212
f 942/2426/3213 910/2462/3214 918/2463/3215 930/2464/3216
f 905/2489/3217 906/2465/3218 907/2491/3219 908/2403/3220 909/2493/3221 910/2462/3222
f 911/2494/3223 912/2411/3224 913/2496/3225 914/2442/3226 915/2498/3227 916/2470/3228
f 917/2499/3229 918/2463/3230 919/2500/3231 920/2419/3232 921/2501/3233 922/2445/3234
f 923/2502/3235 924/2446/3236 925/2503/3237 926/2420/3238 927/2504/3239 928/2423/3240
f 929/2505/3241 930/2477/3242 931/2507/3243 932/2431/3244 933/2509/3245 934/2449/3246
f 935/2510/3247 936/2450/3248 937/2512/3249 938/2432/3250 939/2514/3251 940/2482/3252
f 941/2516/3253 942/2483/3254 943/2517/3255 944/2439/3256 945/2519/3257 946/2453/3258
f 947/2520/3259 948/2438/3260 949/2522/3261 950/2440/3262 951/2524/3263 952/2488/3264
g default
v -220.948182 25.312886 8.171377
v -220.917545 25.300000 8.165975
v -220.912143 25.312886 8.196611
v -220.909906 25.343996 8.209302
v -220.942780 25.343996 8.202013
v -220.960872 25.343996 8.173614
v -180.793407 25.312886 1.091006
v -180.780716 25.343996 1.088769
v -180.788005 25.343996 1.121643
v -180.816403 25.343996 1.139736
v -180.818641 25.312886 1.127045
v -180.824043 25.300000 1.096408
v -220.948182 42.687114 8.171377
v -220.960872 42.656004 8.173614
v -220.942780 42.656004 8.202013
v -220.909906 42.656004 8.209302
v -220.912143 42.687114 8.196611
v -220.917545 42.700000 8.165975
v -180.793407 42.687114 1.091006
v -180.824043 42.700000 1.096408
v -180.818641 42.687114 1.127045
v -180.816403 42.656004 1.139736
v -180.788005 42.656004 1.121643
v -180.780716 42.656004 1.088769
v -221.320330 42.656004 6.060817
v -221.327618 42.656004 6.093692
v -221.314928 42.687114 6.091454
v -221.284292 42.700000 6.086052
v -221.289694 42.687114 6.055415
v -221.291932 42.656004 6.042725
v -181.165555 42.656004 -1.019553
v -181.198429 42.656004 -1.026842
v -181.196191 42.687114 -1.014151
v -181.190789 42.700000 -0.983514
v -181.160153 42.687114 -0.988916
v -181.147463 42.656004 -0.991154
v -221.314928 25.312886 6.091454
v -221.327618 25.343996 6.093692
v -221.320330 25.343996 6.060817
v -221.291932 25.343996 6.042725
v -221.289694 25.312886 6.055415
v -221.284292 25.300000 6.086052
v -181.160153 25.312886 -0.988916
v -181.190789 25.300000 -0.983514
v -181.196191 25.312886 -1.014151
v -181.198429 25.343996 -1.026842
v -181.165555 25.343996 -1.019553
v -181.147463 25.343996 -0.991154
vt 0.330359 0.995000
vt 0.330359 0.755000
vt 0.323401 0.000633
vt 0.006599 0.000633
vt 0.330359 0.000632
vt 0.662974 0.000632
vt 0.330359 0.995000
vt 0.662974 0.995000
vt 0.323401 0.000633
vt 0.323401 0.249368
vt 0.330359 0.000632
vt 0.330359 0.249368
vt 0.670066 0.000633
vt 0.993267 0.000633
vt 0.662974 0.995000
vt 0.662974 0.755000
vt 0.662974 0.000632
vt 0.662974 0.249368
vt 0.670066 0.000633
vt 0.670066 0.249368
vt 0.323401 0.249368
vt 0.006599 0.249368
vt 0.330359 0.254999
vt 0.330359 0.495000
vt 0.330359 0.254999
vt 0.662974 0.255000
vt 0.330359 0.249368
vt 0.662974 0.249368
vt 0.662974 0.255000
vt 0.662974 0.495000
vt 0.670066 0.249368
vt 0.993267 0.249368
vt 0.006599 0.249368
vt 0.006599 0.000633
vt 0.330359 0.500632
vt 0.330359 0.749368
vt 0.330359 0.500632
vt 0.662974 0.500632
vt 0.330359 0.495000
vt 0.662974 0.495000
vt 0.662974 0.500632
vt 0.662974 0.749368
vt 0.993267 0.249368
vt 0.993267 0.000633
vt 0.330359 0.755000
vt 0.662974 0.755000
vt 0.330359 0.749368
vt 0.662974 0.749368
vt 0.330359 0.000632
vt 0.662974 0.000632
vt 0.662974 0.249368
vt 0.330359 0.249368
vt 0.330359 0.254999
vt 0.662974 0.255000
vt 0.662974 0.495000
vt 0.330359 0.495000
vt 0.330359 0.500632
vt 0.662974 0.500632
vt 0.662974 0.749368
vt 0.330359 0.749368
vt 0.330359 0.755000
vt 0.662974 0.755000
vt 0.662974 0.995000
vt 0.330359 0.995000
vt 0.670066 0.000633
vt 0.993267 0.000633
vt 0.993267 0.249368
vt 0.670066 0.249368
vt 0.006599 0.000633
vt 0.323401 0.000633
vt 0.323401 0.249368
vt 0.006599 0.249368
vt 0.330359 0.000000
vt 0.330359 0.000632
vt 0.323401 0.000633
vt 0.670066 0.000633
vt 0.662974 0.000632
vt 0.662974 0.000000
vt 0.323401 0.249368
vt 0.330359 0.249368
vt 0.330359 0.254999
vt 0.662974 0.255000
vt 0.662974 0.249368
vt 0.670066 0.249368
vt 0.330000 0.495000
vt 0.330359 0.495000
vt 0.330359 0.500632
vt 0.662974 0.500632
vt 0.662974 0.495000
vt 0.663333 0.495000
vt 0.330000 0.749368
vt 0.330359 0.749368
vt 0.330359 0.755000
vt 0.662974 0.755000
vt 0.662974 0.749368
vt 0.663333 0.749368
vt 0.325357 0.000010
vt 0.330354 0.991205
vt 0.330634 0.000000
vt 0.330634 0.995000
vt 0.326880 0.000634
vt 0.668077 0.000010
vt 0.662979 0.991205
vt 0.666519 0.000633
vt 0.662699 0.995000
vt 0.662699 0.000000
vt 0.330000 0.250000
vt 0.326886 0.249368
vt 0.330360 0.252184
vt 0.663333 0.250000
vt 0.662974 0.252182
vt 0.666520 0.249367
vt 0.330000 0.495493
vt 0.006599 0.248886
vt 0.330000 0.491156
vt 0.011675 0.249378
vt 0.330360 0.497816
vt 0.663333 0.495493
vt 0.993267 0.248886
vt 0.662974 0.497815
vt 0.988090 0.249378
vt 0.663333 0.491156
vt 0.011602 0.000623
vt 0.330006 0.753163
vt 0.330000 0.748875
vt 0.006599 0.001115
vt 0.330360 0.752184
vt 0.663328 0.753163
vt 0.988164 0.000623
vt 0.662974 0.752183
vt 0.993267 0.001115
vt 0.663333 0.748875
vn -0.376886 -0.923873 0.066455
vn -0.376886 -0.923873 0.066455
vn -0.376886 -0.923873 0.066455
vn -0.376886 -0.923873 0.066455
vn -0.909832 -0.382711 0.160428
vn -0.909832 -0.382711 0.160428
vn -0.909832 -0.382711 0.160428
vn -0.909832 -0.382711 0.160428
vn 0.160430 -0.382683 0.909844
vn 0.160430 -0.382683 0.909844
vn 0.160430 -0.382683 0.909844
vn 0.160430 -0.382683 0.909844
vn 0.066454 -0.923876 0.376877
vn 0.066454 -0.923876 0.376877
vn 0.066454 -0.923876 0.376877
vn 0.066454 -0.923876 0.376877
vn -0.843391 0.000000 0.537301
vn -0.843391 0.000000 0.537301
vn -0.843391 0.000000 0.537301
vn -0.843391 0.000000 0.537301
vn -0.216449 0.000000 0.976294
vn -0.216449 0.000000 0.976294
vn -0.216449 0.000000 0.976294
vn -0.216449 0.000000 0.976294
vn 0.909832 -0.382711 -0.160428
vn 0.909832 -0.382711 -0.160428
vn 0.909832 -0.382711 -0.160428
vn 0.909832 -0.382711 -0.160428
vn 0.376886 -0.923873 -0.066455
vn 0.376886 -0.923873 -0.066455
vn 0.376886 -0.923873 -0.066455
vn 0.376886 -0.923873 -0.066455
vn 0.537308 0.000000 0.843386
vn 0.537308 0.000000 0.843386
vn 0.537308 0.000000 0.843386
vn 0.537308 0.000000 0.843386
vn 0.976296 0.000000 0.216441
vn 0.976296 0.000000 0.216441
vn 0.976296 0.000000 0.216441
vn 0.976296 0.000000 0.216441
vn -0.909832 0.382711 0.160428
vn -0.909832 0.382711 0.160428
vn -0.909832 0.382711 0.160428
vn -0.909832 0.382711 0.160428
vn -0.376886 0.923873 0.066455
vn -0.376886 0.923873 0.066455
vn -0.376886 0.923873 0.066455
vn -0.376886 0.923873 0.066455
vn 0.066454 0.923876 0.376877
vn 0.066454 0.923876 0.376877
vn 0.066454 0.923876 0.376877
vn 0.066454 0.923876 0.376877
vn 0.160430 0.382683 0.909844
vn 0.160430 0.382683 0.909844
vn 0.160430 0.382683 0.909844
vn 0.160430 0.382683 0.909844
vn 0.376886 0.923873 -0.066455
vn 0.376886 0.923873 -0.066455
vn 0.376886 0.923873 -0.066455
vn 0.376886 0.923873 -0.066455
vn 0.909832 0.382711 -0.160428
vn 0.909832 0.382711 -0.160428
vn 0.909832 0.382711 -0.160428
vn 0.909832 0.382711 -0.160428
vn -0.976296 0.000000 -0.216441
vn -0.976296 0.000000 -0.216441
vn -0.976296 0.000000 -0.216441
vn -0.976296 0.000000 -0.216441
vn -0.537308 0.000000 -0.843386
vn -0.537308 0.000000 -0.843386
vn -0.537308 0.000000 -0.843386
vn -0.537308 0.000000 -0.843386
vn -0.160430 0.382683 -0.909844
vn -0.160430 0.382683 -0.909844
vn -0.160430 0.382683 -0.909844
vn -0.160430 0.382683 -0.909844
vn -0.066454 0.923876 -0.376877
vn -0.066454 0.923876 -0.376877
vn -0.066454 0.923876 -0.376877
vn -0.066454 0.923876 -0.376877
vn 0.216449 0.000000 -0.976294
vn 0.216449 0.000000 -0.976294
vn 0.216449 0.000000 -0.976294
vn 0.216449 0.000000 -0.976294
vn 0.843391 0.000000 -0.537301
vn 0.843391 0.000000 -0.537301
vn 0.843391 0.000000 -0.537301
vn 0.843391 0.000000 -0.537301
vn -0.066454 -0.923876 -0.376877
vn -0.066454 -0.923876 -0.376877
vn -0.066454 -0.923876 -0.376877
vn -0.066454 -0.923876 -0.376877
vn -0.160430 -0.382683 -0.909844
vn -0.160430 -0.382683 -0.909844
vn -0.160430 -0.382683 -0.909844
vn -0.160430 -0.382683 -0.909844
vn 0.173648 0.000000 0.984808
vn 0.173648 0.000000 0.984808
vn 0.173648 0.000000 0.984808
vn 0.173648 0.000000 0.984808
vn 0.000000 1.000000 0.000000
vn 0.000000 1.000000 0.000000
vn 0.000000 1.000000 0.000000
vn 0.000000 1.000000 0.000000
vn -0.173648 0.000000 -0.984808
vn -0.173648 0.000000 -0.984808
vn -0.173648 0.000000 -0.984808
vn -0.173648 0.000000 -0.984808
vn 0.000000 -1.000000 0.000000
vn 0.000000 -1.000000 0.000000
vn 0.000000 -1.000000 0.000000
vn 0.000000 -1.000000 0.000000
vn 0.984808 0.000000 -0.173648
vn 0.984808 0.000000 -0.173648
vn 0.984808 0.000000 -0.173648
vn 0.984808 0.000000 -0.173648
vn -0.984808 0.000000 0.173648
vn -0.984808 0.000000 0.173648
vn -0.984808 0.000000 0.173648
vn -0.984808 0.000000 0.173648
vn -0.468336 -0.577341 0.668834
vn -0.468336 -0.577341 0.668834
vn -0.468336 -0.577341 0.668834
vn -0.468336 -0.577341 0.668834
vn -0.468336 -0.577341 0.668834
vn -0.468336 -0.577341 0.668834
vn 0.668848 -0.577343 0.468313
vn 0.668848 -0.577343 0.468313
vn 0.668848 -0.577343 0.468313
vn 0.668848 -0.577343 0.468313
vn 0.668848 -0.577343 0.468313
vn 0.668848 -0.577343 0.468313
vn -0.468339 0.577343 0.668830
vn -0.468339 0.577343 0.668830
vn -0.468339 0.577343 0.668830
vn -0.468339 0.577343 0.668830
vn -0.468339 0.577343 0.668830
vn -0.468339 0.577343 0.668830
vn 0.668847 0.577341 0.468318
vn 0.668847 0.577341 0.468318
vn 0.668847 0.577341 0.468318
vn 0.668847 0.577341 0.468318
vn 0.668847 0.577341 0.468318
vn 0.668847 0.577341 0.468318
vn -0.668841 0.577347 -0.468319
vn -0.668841 0.577347 -0.468319
vn -0.668841 0.577347 -0.468319
vn -0.668841 0.577347 -0.468319
vn -0.668841 0.577347 -0.468319
vn -0.668841 0.577347 -0.468319
vn 0.468336 0.577341 -0.668834
vn 0.468336 0.577341 -0.668834
vn 0.468336 0.577341 -0.668834
vn 0.468336 0.577341 -0.668834
vn 0.468336 0.577341 -0.668834
vn 0.468336 0.577341 -0.668834
vn -0.668848 -0.577343 -0.468313
vn -0.668848 -0.577343 -0.468313
vn -0.668848 -0.577343 -0.468313
vn -0.668848 -0.577343 -0.468313
vn -0.668848 -0.577343 -0.468313
vn -0.668848 -0.577343 -0.468313
vn 0.468336 -0.577341 -0.668834
vn 0.468336 -0.577341 -0.668834
vn 0.468336 -0.577341 -0.668834
vn 0.468336 -0.577341 -0.668834
vn 0.468336 -0.577341 -0.668834
vn 0.468336 -0.577341 -0.668834
s off
g GRP_Retro_Office_Desk GRP_Props_Backrooms Backrooms_Level0_Master_GRP Desk_Drawer_Face_2
f 954/2531/3265 953/2622/3266 989/2648/3267 994/2585/3268
f 953/2621/3269 958/2594/3270 990/2558/3271 989/2647/3272
f 956/2535/3273 955/2623/3274 963/2630/3275 962/2574/3276
f 955/2624/3277 954/2531/3278 964/2539/3279 963/2629/3280
f 958/2594/3281 957/2625/3282 967/2632/3283 966/2595/3284
f 957/2625/3285 956/2535/3286 968/2551/3287 967/2632/3288
f 960/2543/3289 959/2626/3290 995/2653/3291 1000/2568/3292
f 959/2627/3293 964/2539/3294 996/2570/3295 995/2652/3296
f 962/2574/3297 961/2628/3298 975/2636/3299 974/2552/3300
f 961/2628/3301 960/2543/3302 976/2555/3303 975/2636/3304
f 966/2595/3305 965/2631/3306 979/2640/3307 978/2596/3308
f 965/2631/3309 970/2577/3310 980/2563/3311 979/2639/3312
f 970/2577/3313 969/2633/3314 973/2635/3315 972/2578/3316
f 969/2633/3317 968/2551/3318 974/2552/3319 973/2635/3320
f 972/2578/3321 971/2634/3322 987/2646/3323 986/2564/3324
f 971/2634/3325 976/2555/3326 988/2567/3327 987/2645/3328
f 978/2596/3329 977/2638/3330 991/2650/3331 990/2558/3332
f 977/2637/3333 982/2581/3334 992/2571/3335 991/2649/3336
f 982/2581/3337 981/2641/3338 985/2644/3339 984/2582/3340
f 981/2641/3341 980/2563/3342 986/2564/3343 985/2644/3344
f 984/2582/3345 983/2642/3346 999/2656/3347 998/2572/3348
f 983/2643/3349 988/2567/3350 1000/2568/3351 999/2655/3352
f 994/2585/3353 993/2651/3354 997/2654/3355 996/2570/3356
f 993/2651/3357 992/2571/3358 998/2572/3359 997/2654/3360
f 956/2535/3361 962/2574/3362 974/2552/3363 968/2551/3364
f 970/2577/3365 972/2578/3366 986/2564/3367 980/2563/3368
f 982/2581/3369 984/2582/3370 998/2572/3371 992/2571/3372
f 994/2585/3373 996/2570/3374 964/2539/3375 954/2531/3376
f 960/2543/3377 1000/2568/3378 988/2567/3379 976/2555/3380
f 990/2558/3381 958/2594/3382 966/2595/3383 978/2596/3384
f 953/2621/3385 954/2597/3386 955/2623/3387 956/2535/3388 957/2625/3389 958/2594/3390
f 959/2626/3391 960/2543/3392 961/2628/3393 962/2574/3394 963/2630/3395 964/2602/3396
f 965/2631/3397 966/2595/3398 967/2632/3399 968/2551/3400 969/2633/3401 970/2577/3402
f 971/2634/3403 972/2578/3404 973/2635/3405 974/2552/3406 975/2636/3407 976/2555/3408
f 977/2637/3409 978/2609/3410 979/2639/3411 980/2563/3412 981/2641/3413 982/2581/3414
f 983/2642/3415 984/2582/3416 985/2644/3417 986/2564/3418 987/2646/3419 988/2614/3420
f 989/2648/3421 990/2615/3422 991/2649/3423 992/2571/3424 993/2651/3425 994/2585/3426
f 995/2652/3427 996/2570/3428 997/2654/3429 998/2572/3430 999/2656/3431 1000/2620/3432
g default
v -207.452424 33.223429 7.481384
v -207.396721 33.200000 7.471562
v -207.386899 33.223429 7.527265
v -207.382830 33.279992 7.550339
v -207.442602 33.279992 7.537088
v -207.475497 33.279992 7.485452
v -193.711262 33.223429 5.058446
v -193.688189 33.279992 5.054378
v -193.701440 33.279992 5.114150
v -193.753075 33.279992 5.147045
v -193.757143 33.223429 5.123972
v -193.766965 33.200000 5.068268
v -207.452424 34.776571 7.481384
v -207.475497 34.720008 7.485452
v -207.442602 34.720008 7.537088
v -207.382830 34.720008 7.550339
v -207.386899 34.776571 7.527265
v -207.396721 34.800000 7.471562
v -193.711262 34.776571 5.058446
v -193.766965 34.800000 5.068268
v -193.757143 34.776571 5.123972
v -193.753075 34.720008 5.147045
v -193.701440 34.720008 5.114150
v -193.688189 34.720008 5.054378
v -207.712302 34.720008 6.007541
v -207.725553 34.720008 6.067313
v -207.702480 34.776571 6.063245
v -207.646777 34.800000 6.053423
v -207.656599 34.776571 5.997719
v -207.660667 34.720008 5.974646
v -193.971140 34.720008 3.584604
v -194.030912 34.720008 3.571353
v -194.026843 34.776571 3.594426
v -194.017021 34.800000 3.650129
v -193.961318 34.776571 3.640307
v -193.938245 34.720008 3.636239
v -207.702480 33.223429 6.063245
v -207.725553 33.279992 6.067313
v -207.712302 33.279992 6.007541
v -207.660667 33.279992 5.974646
v -207.656599 33.223429 5.997719
v -207.646777 33.200000 6.053423
v -193.961318 33.223429 3.640307
v -194.017021 33.200000 3.650129
v -194.026843 33.223429 3.594426
v -194.030912 33.279992 3.571353
v -193.971140 33.279992 3.584604
v -193.938245 33.279992 3.636239
vt 0.331905 0.987501
vt 0.331905 0.762499
vt 0.313502 0.012499
vt 0.016498 0.012499
vt 0.331905 0.012499
vt 0.661429 0.012499
vt 0.331905 0.987501
vt 0.661429 0.987501
vt 0.313502 0.012499
vt 0.313502 0.237501
vt 0.331905 0.012499
vt 0.331905 0.237501
vt 0.680165 0.012499
vt 0.983168 0.012499
vt 0.661429 0.987501
vt 0.661429 0.762499
vt 0.661429 0.012499
vt 0.661429 0.237501
vt 0.680165 0.012499
vt 0.680165 0.237501
vt 0.313502 0.237501
vt 0.016498 0.237501
vt 0.331905 0.262499
vt 0.331905 0.487501
vt 0.331905 0.262499
vt 0.661429 0.262499
vt 0.331905 0.237501
vt 0.661429 0.237501
vt 0.661429 0.262499
vt 0.661429 0.487501
vt 0.680165 0.237501
vt 0.983168 0.237501
vt 0.016498 0.237501
vt 0.016498 0.012499
vt 0.331905 0.512499
vt 0.331905 0.737501
vt 0.331905 0.512499
vt 0.661429 0.512499
vt 0.331905 0.487501
vt 0.661429 0.487501
vt 0.661429 0.512499
vt 0.661429 0.737501
vt 0.983168 0.237501
vt 0.983168 0.012499
vt 0.331905 0.762499
vt 0.661429 0.762499
vt 0.331905 0.737501
vt 0.661429 0.737501
vt 0.331905 0.012499
vt 0.661429 0.012499
vt 0.661429 0.237501
vt 0.331905 0.237501
vt 0.331905 0.262499
vt 0.661429 0.262499
vt 0.661429 0.487501
vt 0.331905 0.487501
vt 0.331905 0.512499
vt 0.661429 0.512499
vt 0.661429 0.737501
vt 0.331905 0.737501
vt 0.331905 0.762499
vt 0.661429 0.762499
vt 0.661429 0.987501
vt 0.331905 0.987501
vt 0.680165 0.012499
vt 0.983168 0.012499
vt 0.983168 0.237501
vt 0.680165 0.237501
vt 0.016498 0.012499
vt 0.313502 0.012499
vt 0.313502 0.237501
vt 0.016498 0.237501
vt 0.331905 0.000000
vt 0.331905 0.012499
vt 0.313502 0.012499
vt 0.680165 0.012499
vt 0.661429 0.012499
vt 0.661429 -0.000000
vt 0.313502 0.237501
vt 0.331905 0.237501
vt 0.331905 0.262499
vt 0.661429 0.262499
vt 0.661429 0.237501
vt 0.680165 0.237501
vt 0.330000 0.487501
vt 0.331905 0.487501
vt 0.331905 0.512499
vt 0.661429 0.512499
vt 0.661429 0.487501
vt 0.663333 0.487501
vt 0.330000 0.737501
vt 0.331905 0.737501
vt 0.331905 0.762499
vt 0.661429 0.762499
vt 0.661429 0.737501
vt 0.663333 0.737501
vt 0.319546 0.000490
vt 0.331830 0.977705
vt 0.333349 0.000000
vt 0.333349 0.987501
vt 0.322704 0.012867
vt 0.674036 0.000490
vt 0.661503 0.977705
vt 0.670732 0.012585
vt 0.659984 0.987501
vt 0.659984 -0.000000
vt 0.330000 0.250000
vt 0.323019 0.237427
vt 0.331911 0.250000
vt 0.663333 0.250000
vt 0.661427 0.249979
vt 0.670797 0.237133
vt 0.330000 0.497297
vt 0.016498 0.228685
vt 0.330000 0.477816
vt 0.029283 0.238011
vt 0.331911 0.500000
vt 0.663333 0.497297
vt 0.983168 0.228685
vt 0.661427 0.499971
vt 0.970125 0.238011
vt 0.663333 0.477816
vt 0.028857 0.012009
vt 0.330075 0.747297
vt 0.330000 0.727705
vt 0.016498 0.021315
vt 0.331911 0.750000
vt 0.663259 0.747297
vt 0.970561 0.012009
vt 0.661427 0.749971
vt 0.983168 0.021315
vt 0.663333 0.727705
vn -0.376870 -0.923880 0.066452
vn -0.376870 -0.923880 0.066452
vn -0.376870 -0.923880 0.066452
vn -0.376870 -0.923880 0.066452
vn -0.909844 -0.382682 0.160430
vn -0.909844 -0.382682 0.160430
vn -0.909844 -0.382682 0.160430
vn -0.909844 -0.382682 0.160430
vn 0.160430 -0.382683 0.909844
vn 0.160430 -0.382683 0.909844
vn 0.160430 -0.382683 0.909844
vn 0.160430 -0.382683 0.909844
vn 0.066452 -0.923880 0.376869
vn 0.066452 -0.923880 0.376869
vn 0.066452 -0.923880 0.376869
vn 0.066452 -0.923880 0.376869
vn -0.843393 0.000000 0.537297
vn -0.843393 0.000000 0.537297
vn -0.843393 0.000000 0.537297
vn -0.843393 0.000000 0.537297
vn -0.216439 0.000000 0.976296
vn -0.216439 0.000000 0.976296
vn -0.216439 0.000000 0.976296
vn -0.216439 0.000000 0.976296
vn 0.909844 -0.382682 -0.160430
vn 0.909844 -0.382682 -0.160430
vn 0.909844 -0.382682 -0.160430
vn 0.909844 -0.382682 -0.160430
vn 0.376870 -0.923880 -0.066452
vn 0.376870 -0.923880 -0.066452
vn 0.376870 -0.923880 -0.066452
vn 0.376870 -0.923880 -0.066452
vn 0.537299 0.000000 0.843392
vn 0.537299 0.000000 0.843392
vn 0.537299 0.000000 0.843392
vn 0.537299 0.000000 0.843392
vn 0.976297 0.000000 0.216436
vn 0.976297 0.000000 0.216436
vn 0.976297 0.000000 0.216436
vn 0.976297 0.000000 0.216436
vn -0.909844 0.382682 0.160430
vn -0.909844 0.382682 0.160430
vn -0.909844 0.382682 0.160430
vn -0.909844 0.382682 0.160430
vn -0.376870 0.923880 0.066452
vn -0.376870 0.923880 0.066452
vn -0.376870 0.923880 0.066452
vn -0.376870 0.923880 0.066452
vn 0.066452 0.923880 0.376869
vn 0.066452 0.923880 0.376869
vn 0.066452 0.923880 0.376869
vn 0.066452 0.923880 0.376869
vn 0.160430 0.382683 0.909844
vn 0.160430 0.382683 0.909844
vn 0.160430 0.382683 0.909844
vn 0.160430 0.382683 0.909844
vn 0.376870 0.923880 -0.066452
vn 0.376870 0.923880 -0.066452
vn 0.376870 0.923880 -0.066452
vn 0.376870 0.923880 -0.066452
vn 0.909844 0.382682 -0.160430
vn 0.909844 0.382682 -0.160430
vn 0.909844 0.382682 -0.160430
vn 0.909844 0.382682 -0.160430
vn -0.976297 0.000000 -0.216436
vn -0.976297 0.000000 -0.216436
vn -0.976297 0.000000 -0.216436
vn -0.976297 0.000000 -0.216436
vn -0.537299 0.000000 -0.843392
vn -0.537299 0.000000 -0.843392
vn -0.537299 0.000000 -0.843392
vn -0.537299 0.000000 -0.843392
vn -0.160430 0.382683 -0.909844
vn -0.160430 0.382683 -0.909844
vn -0.160430 0.382683 -0.909844
vn -0.160430 0.382683 -0.909844
vn -0.066452 0.923880 -0.376869
vn -0.066452 0.923880 -0.376869
vn -0.066452 0.923880 -0.376869
vn -0.066452 0.923880 -0.376869
vn 0.216439 0.000000 -0.976296
vn 0.216439 0.000000 -0.976296
vn 0.216439 0.000000 -0.976296
vn 0.216439 0.000000 -0.976296
vn 0.843393 0.000000 -0.537297
vn 0.843393 0.000000 -0.537297
vn 0.843393 0.000000 -0.537297
vn 0.843393 0.000000 -0.537297
vn -0.066452 -0.923880 -0.376869
vn -0.066452 -0.923880 -0.376869
vn -0.066452 -0.923880 -0.376869
vn -0.066452 -0.923880 -0.376869
vn -0.160430 -0.382683 -0.909844
vn -0.160430 -0.382683 -0.909844
vn -0.160430 -0.382683 -0.909844
vn -0.160430 -0.382683 -0.909844
vn 0.173648 0.000000 0.984808
vn 0.173648 0.000000 0.984808
vn 0.173648 0.000000 0.984808
vn 0.173648 0.000000 0.984808
vn 0.000000 1.000000 0.000000
vn 0.000000 1.000000 0.000000
vn 0.000000 1.000000 0.000000
vn 0.000000 1.000000 0.000000
vn -0.173648 0.000000 -0.984808
vn -0.173648 0.000000 -0.984808
vn -0.173648 0.000000 -0.984808
vn -0.173648 0.000000 -0.984808
vn 0.000000 -1.000000 0.000000
vn 0.000000 -1.000000 0.000000
vn 0.000000 -1.000000 0.000000
vn 0.000000 -1.000000 0.000000
vn 0.984808 0.000000 -0.173648
vn 0.984808 0.000000 -0.173648
vn 0.984808 0.000000 -0.173648
vn 0.984808 0.000000 -0.173648
vn -0.984808 0.000000 0.173648
vn -0.984808 0.000000 0.173648
vn -0.984808 0.000000 0.173648
vn -0.984808 0.000000 0.173648
vn -0.468324 -0.577349 0.668836
vn -0.468324 -0.577349 0.668836
vn -0.468324 -0.577349 0.668836
vn -0.468324 -0.577349 0.668836
vn -0.468324 -0.577349 0.668836
vn -0.468324 -0.577349 0.668836
vn 0.668836 -0.577349 0.468323
vn 0.668836 -0.577349 0.468323
vn 0.668836 -0.577349 0.468323
vn 0.668836 -0.577349 0.468323
vn 0.668836 -0.577349 0.468323
vn 0.668836 -0.577349 0.468323
vn -0.468324 0.577349 0.668835
vn -0.468324 0.577349 0.668835
vn -0.468324 0.577349 0.668835
vn -0.468324 0.577349 0.668835
vn -0.468324 0.577349 0.668835
vn -0.468324 0.577349 0.668835
vn 0.668836 0.577349 0.468324
vn 0.668836 0.577349 0.468324
vn 0.668836 0.577349 0.468323
vn 0.668836 0.577349 0.468324
vn 0.668836 0.577349 0.468324
vn 0.668836 0.577349 0.468324
vn -0.668835 0.577350 -0.468323
vn -0.668835 0.577350 -0.468323
vn -0.668835 0.577350 -0.468323
vn -0.668835 0.577350 -0.468323
vn -0.668835 0.577350 -0.468323
vn -0.668835 0.577350 -0.468323
vn 0.468324 0.577349 -0.668836
vn 0.468324 0.577349 -0.668836
vn 0.468324 0.577349 -0.668836
vn 0.468324 0.577349 -0.668836
vn 0.468324 0.577349 -0.668836
vn 0.468324 0.577349 -0.668836
vn -0.668836 -0.577349 -0.468323
vn -0.668836 -0.577349 -0.468323
vn -0.668836 -0.577349 -0.468323
vn -0.668836 -0.577349 -0.468323
vn -0.668836 -0.577349 -0.468323
vn -0.668836 -0.577349 -0.468323
vn 0.468324 -0.577349 -0.668836
vn 0.468324 -0.577349 -0.668836
vn 0.468324 -0.577349 -0.668836
vn 0.468324 -0.577349 -0.668836
vn 0.468324 -0.577349 -0.668836
vn 0.468324 -0.577349 -0.668836
s off
g GRP_Retro_Office_Desk GRP_Props_Backrooms Backrooms_Level0_Master_GRP Desk_Drawer_Handle_2
f 1002/2663/3433 1001/2754/3434 1037/2780/3435 1042/2717/3436
f 1001/2753/3437 1006/2726/3438 1038/2690/3439 1037/2779/3440
f 1004/2667/3441 1003/2755/3442 1011/2762/3443 1010/2706/3444
f 1003/2756/3445 1002/2663/3446 1012/2671/3447 1011/2761/3448
f 1006/2726/3449 1005/2757/3450 1015/2764/3451 1014/2727/3452
f 1005/2757/3453 1004/2667/3454 1016/2683/3455 1015/2764/3456
f 1008/2675/3457 1007/2758/3458 1043/2785/3459 1048/2700/3460
f 1007/2759/3461 1012/2671/3462 1044/2702/3463 1043/2784/3464
f 1010/2706/3465 1009/2760/3466 1023/2768/3467 1022/2684/3468
f 1009/2760/3469 1008/2675/3470 1024/2687/3471 1023/2768/3472
f 1014/2727/3473 1013/2763/3474 1027/2772/3475 1026/2728/3476
f 1013/2763/3477 1018/2709/3478 1028/2695/3479 1027/2771/3480
f 1018/2709/3481 1017/2765/3482 1021/2767/3483 1020/2710/3484
f 1017/2765/3485 1016/2683/3486 1022/2684/3487 1021/2767/3488
f 1020/2710/3489 1019/2766/3490 1035/2778/3491 1034/2696/3492
f 1019/2766/3493 1024/2687/3494 1036/2699/3495 1035/2777/3496
f 1026/2728/3497 1025/2770/3498 1039/2782/3499 1038/2690/3500
f 1025/2769/3501 1030/2713/3502 1040/2703/3503 1039/2781/3504
f 1030/2713/3505 1029/2773/3506 1033/2776/3507 1032/2714/3508
f 1029/2773/3509 1028/2695/3510 1034/2696/3511 1033/2776/3512
f 1032/2714/3513 1031/2774/3514 1047/2788/3515 1046/2704/3516
f 1031/2775/3517 1036/2699/3518 1048/2700/3519 1047/2787/3520
f 1042/2717/3521 1041/2783/3522 1045/2786/3523 1044/2702/3524
f 1041/2783/3525 1040/2703/3526 1046/2704/3527 1045/2786/3528
f 1004/2667/3529 1010/2706/3530 1022/2684/3531 1016/2683/3532
f 1018/2709/3533 1020/2710/3534 1034/2696/3535 1028/2695/3536
f 1030/2713/3537 1032/2714/3538 1046/2704/3539 1040/2703/3540
f 1042/2717/3541 1044/2702/3542 1012/2671/3543 1002/2663/3544
f 1008/2675/3545 1048/2700/3546 1036/2699/3547 1024/2687/3548
f 1038/2690/3549 1006/2726/3550 1014/2727/3551 1026/2728/3552
f 1001/2753/3553 1002/2729/3554 1003/2755/3555 1004/2667/3556 1005/2757/3557 1006/2726/3558
f 1007/2758/3559 1008/2675/3560 1009/2760/3561 1010/2706/3562 1011/2762/3563 1012/2734/3564
f 1013/2763/3565 1014/2727/3566 1015/2764/3567 1016/2683/3568 1017/2765/3569 1018/2709/3570
f 1019/2766/3571 1020/2710/3572 1021/2767/3573 1022/2684/3574 1023/2768/3575 1024/2687/3576
f 1025/2769/3577 1026/2741/3578 1027/2771/3579 1028/2695/3580 1029/2773/3581 1030/2713/3582
f 1031/2774/3583 1032/2714/3584 1033/2776/3585 1034/2696/3586 1035/2778/3587 1036/2746/3588
f 1037/2780/3589 1038/2747/3590 1039/2781/3591 1040/2703/3592 1041/2783/3593 1042/2717/3594
f 1043/2784/3595 1044/2702/3596 1045/2786/3597 1046/2704/3598 1047/2788/3599 1048/2752/3600
g default
v -207.452424 33.223429 7.481384
v -207.396721 33.200000 7.471562
v -207.386899 33.223429 7.527265
v -207.382830 33.279992 7.550339
v -207.442602 33.279992 7.537088
v -207.475497 33.279992 7.485452
v -193.711262 33.223429 5.058446
v -193.688189 33.279992 5.054378
v -193.701440 33.279992 5.114150
v -193.753075 33.279992 5.147045
v -193.757143 33.223429 5.123972
v -193.766965 33.200000 5.068268
v -207.452424 34.776571 7.481384
v -207.475497 34.720008 7.485452
v -207.442602 34.720008 7.537088
v -207.382830 34.720008 7.550339
v -207.386899 34.776571 7.527265
v -207.396721 34.800000 7.471562
v -193.711262 34.776571 5.058446
v -193.766965 34.800000 5.068268
v -193.757143 34.776571 5.123972
v -193.753075 34.720008 5.147045
v -193.701440 34.720008 5.114150
v -193.688189 34.720008 5.054378
v -207.712302 34.720008 6.007541
v -207.725553 34.720008 6.067313
v -207.702480 34.776571 6.063245
v -207.646777 34.800000 6.053423
v -207.656599 34.776571 5.997719
v -207.660667 34.720008 5.974646
v -193.971140 34.720008 3.584604
v -194.030912 34.720008 3.571353
v -194.026843 34.776571 3.594426
v -194.017021 34.800000 3.650129
v -193.961318 34.776571 3.640307
v -193.938245 34.720008 3.636239
v -207.702480 33.223429 6.063245
v -207.725553 33.279992 6.067313
v -207.712302 33.279992 6.007541
v -207.660667 33.279992 5.974646
v -207.656599 33.223429 5.997719
v -207.646777 33.200000 6.053423
v -193.961318 33.223429 3.640307
v -194.017021 33.200000 3.650129
v -194.026843 33.223429 3.594426
v -194.030912 33.279992 3.571353
v -193.971140 33.279992 3.584604
v -193.938245 33.279992 3.636239
vt 0.331905 0.987501
vt 0.331905 0.762499
vt 0.313502 0.012499
vt 0.016498 0.012499
vt 0.331905 0.012499
vt 0.661429 0.012499
vt 0.331905 0.987501
vt 0.661429 0.987501
vt 0.313502 0.012499
vt 0.313502 0.237501
vt 0.331905 0.012499
vt 0.331905 0.237501
vt 0.680165 0.012499
vt 0.983168 0.012499
vt 0.661429 0.987501
vt 0.661429 0.762499
vt 0.661429 0.012499
vt 0.661429 0.237501
vt 0.680165 0.012499
vt 0.680165 0.237501
vt 0.313502 0.237501
vt 0.016498 0.237501
vt 0.331905 0.262499
vt 0.331905 0.487501
vt 0.331905 0.262499
vt 0.661429 0.262499
vt 0.331905 0.237501
vt 0.661429 0.237501
vt 0.661429 0.262499
vt 0.661429 0.487501
vt 0.680165 0.237501
vt 0.983168 0.237501
vt 0.016498 0.237501
vt 0.016498 0.012499
vt 0.331905 0.512499
vt 0.331905 0.737501
vt 0.331905 0.512499
vt 0.661429 0.512499
vt 0.331905 0.487501
vt 0.661429 0.487501
vt 0.661429 0.512499
vt 0.661429 0.737501
vt 0.983168 0.237501
vt 0.983168 0.012499
vt 0.331905 0.762499
vt 0.661429 0.762499
vt 0.331905 0.737501
vt 0.661429 0.737501
vt 0.331905 0.012499
vt 0.661429 0.012499
vt 0.661429 0.237501
vt 0.331905 0.237501
vt 0.331905 0.262499
vt 0.661429 0.262499
vt 0.661429 0.487501
vt 0.331905 0.487501
vt 0.331905 0.512499
vt 0.661429 0.512499
vt 0.661429 0.737501
vt 0.331905 0.737501
vt 0.331905 0.762499
vt 0.661429 0.762499
vt 0.661429 0.987501
vt 0.331905 0.987501
vt 0.680165 0.012499
vt 0.983168 0.012499
vt 0.983168 0.237501
vt 0.680165 0.237501
vt 0.016498 0.012499
vt 0.313502 0.012499
vt 0.313502 0.237501
vt 0.016498 0.237501
vt 0.331905 0.000000
vt 0.331905 0.012499
vt 0.313502 0.012499
vt 0.680165 0.012499
vt 0.661429 0.012499
vt 0.661429 -0.000000
vt 0.313502 0.237501
vt 0.331905 0.237501
vt 0.331905 0.262499
vt 0.661429 0.262499
vt 0.661429 0.237501
vt 0.680165 0.237501
vt 0.330000 0.487501
vt 0.331905 0.487501
vt 0.331905 0.512499
vt 0.661429 0.512499
vt 0.661429 0.487501
vt 0.663333 0.487501
vt 0.330000 0.737501
vt 0.331905 0.737501
vt 0.331905 0.762499
vt 0.661429 0.762499
vt 0.661429 0.737501
vt 0.663333 0.737501
vt 0.319546 0.000490
vt 0.331830 0.977705
vt 0.333349 0.000000
vt 0.333349 0.987501
vt 0.322704 0.012867
vt 0.674036 0.000490
vt 0.661503 0.977705
vt 0.670732 0.012585
vt 0.659984 0.987501
vt 0.659984 -0.000000
vt 0.330000 0.250000
vt 0.323019 0.237427
vt 0.331911 0.250000
vt 0.663333 0.250000
vt 0.661427 0.249979
vt 0.670797 0.237133
vt 0.330000 0.497297
vt 0.016498 0.228685
vt 0.330000 0.477816
vt 0.029283 0.238011
vt 0.331911 0.500000
vt 0.663333 0.497297
vt 0.983168 0.228685
vt 0.661427 0.499971
vt 0.970125 0.238011
vt 0.663333 0.477816
vt 0.028857 0.012009
vt 0.330075 0.747297
vt 0.330000 0.727705
vt 0.016498 0.021315
vt 0.331911 0.750000
vt 0.663259 0.747297
vt 0.970561 0.012009
vt 0.661427 0.749971
vt 0.983168 0.021315
vt 0.663333 0.727705
vn -0.376870 -0.923880 0.066452
vn -0.376870 -0.923880 0.066452
vn -0.376870 -0.923880 0.066452
vn -0.376870 -0.923880 0.066452
vn -0.909844 -0.382682 0.160430
vn -0.909844 -0.382682 0.160430
vn -0.909844 -0.382682 0.160430
vn -0.909844 -0.382682 0.160430
vn 0.160430 -0.382683 0.909844
vn 0.160430 -0.382683 0.909844
vn 0.160430 -0.382683 0.909844
vn 0.160430 -0.382683 0.909844
vn 0.066452 -0.923880 0.376869
vn 0.066452 -0.923880 0.376869
vn 0.066452 -0.923880 0.376869
vn 0.066452 -0.923880 0.376869
vn -0.843393 0.000000 0.537297
vn -0.843393 0.000000 0.537297
vn -0.843393 0.000000 0.537297
vn -0.843393 0.000000 0.537297
vn -0.216439 0.000000 0.976296
vn -0.216439 0.000000 0.976296
vn -0.216439 0.000000 0.976296
vn -0.216439 0.000000 0.976296
vn 0.909844 -0.382682 -0.160430
vn 0.909844 -0.382682 -0.160430
vn 0.909844 -0.382682 -0.160430
vn 0.909844 -0.382682 -0.160430
vn 0.376870 -0.923880 -0.066452
vn 0.376870 -0.923880 -0.066452
vn 0.376870 -0.923880 -0.066452
vn 0.376870 -0.923880 -0.066452
vn 0.537299 0.000000 0.843392
vn 0.537299 0.000000 0.843392
vn 0.537299 0.000000 0.843392
vn 0.537299 0.000000 0.843392
vn 0.976297 0.000000 0.216436
vn 0.976297 0.000000 0.216436
vn 0.976297 0.000000 0.216436
vn 0.976297 0.000000 0.216436
vn -0.909844 0.382682 0.160430
vn -0.909844 0.382682 0.160430
vn -0.909844 0.382682 0.160430
vn -0.909844 0.382682 0.160430
vn -0.376870 0.923880 0.066452
vn -0.376870 0.923880 0.066452
vn -0.376870 0.923880 0.066452
vn -0.376870 0.923880 0.066452
vn 0.066452 0.923880 0.376869
vn 0.066452 0.923880 0.376869
vn 0.066452 0.923880 0.376869
vn 0.066452 0.923880 0.376869
vn 0.160430 0.382683 0.909844
vn 0.160430 0.382683 0.909844
vn 0.160430 0.382683 0.909844
vn 0.160430 0.382683 0.909844
vn 0.376870 0.923880 -0.066452
vn 0.376870 0.923880 -0.066452
vn 0.376870 0.923880 -0.066452
vn 0.376870 0.923880 -0.066452
vn 0.909844 0.382682 -0.160430
vn 0.909844 0.382682 -0.160430
vn 0.909844 0.382682 -0.160430
vn 0.909844 0.382682 -0.160430
vn -0.976297 0.000000 -0.216436
vn -0.976297 0.000000 -0.216436
vn -0.976297 0.000000 -0.216436
vn -0.976297 0.000000 -0.216436
vn -0.537299 0.000000 -0.843392
vn -0.537299 0.000000 -0.843392
vn -0.537299 0.000000 -0.843392
vn -0.537299 0.000000 -0.843392
vn -0.160430 0.382683 -0.909844
vn -0.160430 0.382683 -0.909844
vn -0.160430 0.382683 -0.909844
vn -0.160430 0.382683 -0.909844
vn -0.066452 0.923880 -0.376869
vn -0.066452 0.923880 -0.376869
vn -0.066452 0.923880 -0.376869
vn -0.066452 0.923880 -0.376869
vn 0.216439 0.000000 -0.976296
vn 0.216439 0.000000 -0.976296
vn 0.216439 0.000000 -0.976296
vn 0.216439 0.000000 -0.976296
vn 0.843393 0.000000 -0.537297
vn 0.843393 0.000000 -0.537297
vn 0.843393 0.000000 -0.537297
vn 0.843393 0.000000 -0.537297
vn -0.066452 -0.923880 -0.376869
vn -0.066452 -0.923880 -0.376869
vn -0.066452 -0.923880 -0.376869
vn -0.066452 -0.923880 -0.376869
vn -0.160430 -0.382683 -0.909844
vn -0.160430 -0.382683 -0.909844
vn -0.160430 -0.382683 -0.909844
vn -0.160430 -0.382683 -0.909844
vn 0.173648 0.000000 0.984808
vn 0.173648 0.000000 0.984808
vn 0.173648 0.000000 0.984808
vn 0.173648 0.000000 0.984808
vn 0.000000 1.000000 0.000000
vn 0.000000 1.000000 0.000000
vn 0.000000 1.000000 0.000000
vn 0.000000 1.000000 0.000000
vn -0.173648 0.000000 -0.984808
vn -0.173648 0.000000 -0.984808
vn -0.173648 0.000000 -0.984808
vn -0.173648 0.000000 -0.984808
vn 0.000000 -1.000000 0.000000
vn 0.000000 -1.000000 0.000000
vn 0.000000 -1.000000 0.000000
vn 0.000000 -1.000000 0.000000
vn 0.984808 0.000000 -0.173648
vn 0.984808 0.000000 -0.173648
vn 0.984808 0.000000 -0.173648
vn 0.984808 0.000000 -0.173648
vn -0.984808 0.000000 0.173648
vn -0.984808 0.000000 0.173648
vn -0.984808 0.000000 0.173648
vn -0.984808 0.000000 0.173648
vn -0.468324 -0.577349 0.668836
vn -0.468324 -0.577349 0.668836
vn -0.468324 -0.577349 0.668836
vn -0.468324 -0.577349 0.668836
vn -0.468324 -0.577349 0.668836
vn -0.468324 -0.577349 0.668836
vn 0.668836 -0.577349 0.468323
vn 0.668836 -0.577349 0.468323
vn 0.668836 -0.577349 0.468323
vn 0.668836 -0.577349 0.468323
vn 0.668836 -0.577349 0.468323
vn 0.668836 -0.577349 0.468323
vn -0.468324 0.577349 0.668835
vn -0.468324 0.577349 0.668835
vn -0.468324 0.577349 0.668835
vn -0.468324 0.577349 0.668835
vn -0.468324 0.577349 0.668835
vn -0.468324 0.577349 0.668835
vn 0.668836 0.577349 0.468324
vn 0.668836 0.577349 0.468324
vn 0.668836 0.577349 0.468323
vn 0.668836 0.577349 0.468324
vn 0.668836 0.577349 0.468324
vn 0.668836 0.577349 0.468324
vn -0.668835 0.577350 -0.468323
vn -0.668835 0.577350 -0.468323
vn -0.668835 0.577350 -0.468323
vn -0.668835 0.577350 -0.468323
vn -0.668835 0.577350 -0.468323
vn -0.668835 0.577350 -0.468323
vn 0.468324 0.577349 -0.668836
vn 0.468324 0.577349 -0.668836
vn 0.468324 0.577349 -0.668836
vn 0.468324 0.577349 -0.668836
vn 0.468324 0.577349 -0.668836
vn 0.468324 0.577349 -0.668836
vn -0.668836 -0.577349 -0.468323
vn -0.668836 -0.577349 -0.468323
vn -0.668836 -0.577349 -0.468323
vn -0.668836 -0.577349 -0.468323
vn -0.668836 -0.577349 -0.468323
vn -0.668836 -0.577349 -0.468323
vn 0.468324 -0.577349 -0.668836
vn 0.468324 -0.577349 -0.668836
vn 0.468324 -0.577349 -0.668836
vn 0.468324 -0.577349 -0.668836
vn 0.468324 -0.577349 -0.668836
vn 0.468324 -0.577349 -0.668836
s off
g GRP_Retro_Office_Desk GRP_Props_Backrooms Backrooms_Level0_Master_GRP Desk_Drawer_Handle_2
f 1050/2795/3601 1049/2886/3602 1085/2912/3603 1090/2849/3604
f 1049/2885/3605 1054/2858/3606 1086/2822/3607 1085/2911/3608
f 1052/2799/3609 1051/2887/3610 1059/2894/3611 1058/2838/3612
f 1051/2888/3613 1050/2795/3614 1060/2803/3615 1059/2893/3616
f 1054/2858/3617 1053/2889/3618 1063/2896/3619 1062/2859/3620
f 1053/2889/3621 1052/2799/3622 1064/2815/3623 1063/2896/3624
f 1056/2807/3625 1055/2890/3626 1091/2917/3627 1096/2832/3628
f 1055/2891/3629 1060/2803/3630 1092/2834/3631 1091/2916/3632
f 1058/2838/3633 1057/2892/3634 1071/2900/3635 1070/2816/3636
f 1057/2892/3637 1056/2807/3638 1072/2819/3639 1071/2900/3640
f 1062/2859/3641 1061/2895/3642 1075/2904/3643 1074/2860/3644
f 1061/2895/3645 1066/2841/3646 1076/2827/3647 1075/2903/3648
f 1066/2841/3649 1065/2897/3650 1069/2899/3651 1068/2842/3652
f 1065/2897/3653 1064/2815/3654 1070/2816/3655 1069/2899/3656
f 1068/2842/3657 1067/2898/3658 1083/2910/3659 1082/2828/3660
f 1067/2898/3661 1072/2819/3662 1084/2831/3663 1083/2909/3664
f 1074/2860/3665 1073/2902/3666 1087/2914/3667 1086/2822/3668
f 1073/2901/3669 1078/2845/3670 1088/2835/3671 1087/2913/3672
f 1078/2845/3673 1077/2905/3674 1081/2908/3675 1080/2846/3676
f 1077/2905/3677 1076/2827/3678 1082/2828/3679 1081/2908/3680
f 1080/2846/3681 1079/2906/3682 1095/2920/3683 1094/2836/3684
f 1079/2907/3685 1084/2831/3686 1096/2832/3687 1095/2919/3688
f 1090/2849/3689 1089/2915/3690 1093/2918/3691 1092/2834/3692
f 1089/2915/3693 1088/2835/3694 1094/2836/3695 1093/2918/3696
f 1052/2799/3697 1058/2838/3698 1070/2816/3699 1064/2815/3700
f 1066/2841/3701 1068/2842/3702 1082/2828/3703 1076/2827/3704
f 1078/2845/3705 1080/2846/3706 1094/2836/3707 1088/2835/3708
f 1090/2849/3709 1092/2834/3710 1060/2803/3711 1050/2795/3712
f 1056/2807/3713 1096/2832/3714 1084/2831/3715 1072/2819/3716
f 1086/2822/3717 1054/2858/3718 1062/2859/3719 1074/2860/3720
f 1049/2885/3721 1050/2861/3722 1051/2887/3723 1052/2799/3724 1053/2889/3725 1054/2858/3726
f 1055/2890/3727 1056/2807/3728 1057/2892/3729 1058/2838/3730 1059/2894/3731 1060/2866/3732
f 1061/2895/3733 1062/2859/3734 1063/2896/3735 1064/2815/3736 1065/2897/3737 1066/2841/3738
f 1067/2898/3739 1068/2842/3740 1069/2899/3741 1070/2816/3742 1071/2900/3743 1072/2819/3744
f 1073/2901/3745 1074/2873/3746 1075/2903/3747 1076/2827/3748 1077/2905/3749 1078/2845/3750
f 1079/2906/3751 1080/2846/3752 1081/2908/3753 1082/2828/3754 1083/2910/3755 1084/2878/3756
f 1085/2912/3757 1086/2879/3758 1087/2913/3759 1088/2835/3760 1089/2915/3761 1090/2849/3762
f 1091/2916/3763 1092/2834/3764 1093/2918/3765 1094/2836/3766 1095/2920/3767 1096/2884/3768
g default
v -220.948182 1.312886 8.171377
v -220.917545 1.300000 8.165975
v -220.912143 1.312886 8.196611
v -220.909906 1.343996 8.209302
v -220.942780 1.343996 8.202013
v -220.960872 1.343996 8.173614
v -180.793407 1.312886 1.091006
v -180.780716 1.343996 1.088769
v -180.788005 1.343996 1.121643
v -180.816403 1.343996 1.139736
v -180.818641 1.312886 1.127045
v -180.824043 1.300000 1.096408
v -220.948182 24.687114 8.171377
v -220.960872 24.656004 8.173614
v -220.942780 24.656004 8.202013
v -220.909906 24.656004 8.209302
v -220.912143 24.687114 8.196611
v -220.917545 24.700000 8.165975
v -180.793407 24.687114 1.091006
v -180.824043 24.700000 1.096408
v -180.818641 24.687114 1.127045
v -180.816403 24.656004 1.139736
v -180.788005 24.656004 1.121643
v -180.780716 24.656004 1.088769
v -221.320330 24.656004 6.060817
v -221.327618 24.656004 6.093692
v -221.314928 24.687114 6.091454
v -221.284292 24.700000 6.086052
v -221.289694 24.687114 6.055415
v -221.291932 24.656004 6.042725
v -181.165555 24.656004 -1.019553
v -181.198429 24.656004 -1.026842
v -181.196191 24.687114 -1.014151
v -181.190789 24.700000 -0.983514
v -181.160153 24.687114 -0.988916
v -181.147463 24.656004 -0.991154
v -221.314928 1.312886 6.091454
v -221.327618 1.343996 6.093692
v -221.320330 1.343996 6.060817
v -221.291932 1.343996 6.042725
v -221.289694 1.312886 6.055415
v -221.284292 1.300000 6.086052
v -181.160153 1.312886 -0.988916
v -181.190789 1.300000 -0.983514
v -181.196191 1.312886 -1.014151
v -181.198429 1.343996 -1.026842
v -181.165555 1.343996 -1.019553
v -181.147463 1.343996 -0.991154
vt 0.330359 0.995000
vt 0.330359 0.755000
vt 0.323397 0.000472
vt 0.006599 0.000472
vt 0.330359 0.000470
vt 0.662974 0.000470
vt 0.330359 0.995000
vt 0.662974 0.995000
vt 0.323397 0.000472
vt 0.323401 0.249530
vt 0.330359 0.000470
vt 0.330359 0.249530
vt 0.670066 0.000472
vt 0.993263 0.000472
vt 0.662974 0.995000
vt 0.662974 0.755000
vt 0.662974 0.000470
vt 0.662974 0.249530
vt 0.670066 0.000472
vt 0.670066 0.249530
vt 0.323401 0.249530
vt 0.006599 0.249530
vt 0.330359 0.254999
vt 0.330359 0.495000
vt 0.330359 0.254999
vt 0.662974 0.255000
vt 0.330359 0.249530
vt 0.662974 0.249530
vt 0.662974 0.255000
vt 0.662974 0.495000
vt 0.670066 0.249530
vt 0.993267 0.249530
vt 0.006599 0.249530
vt 0.006599 0.000472
vt 0.330359 0.500470
vt 0.330359 0.749530
vt 0.330359 0.500470
vt 0.662974 0.500470
vt 0.330359 0.495000
vt 0.662974 0.495000
vt 0.662974 0.500470
vt 0.662974 0.749530
vt 0.993267 0.249530
vt 0.993263 0.000472
vt 0.330359 0.755000
vt 0.662974 0.755000
vt 0.330359 0.749530
vt 0.662974 0.749530
vt 0.330359 0.000470
vt 0.662974 0.000470
vt 0.662974 0.249530
vt 0.330359 0.249530
vt 0.330359 0.254999
vt 0.662974 0.255000
vt 0.662974 0.495000
vt 0.330359 0.495000
vt 0.330359 0.500470
vt 0.662974 0.500470
vt 0.662974 0.749530
vt 0.330359 0.749530
vt 0.330359 0.755000
vt 0.662974 0.755000
vt 0.662974 0.995000
vt 0.330359 0.995000
vt 0.670066 0.000472
vt 0.993263 0.000472
vt 0.993267 0.249530
vt 0.670066 0.249530
vt 0.006599 0.000472
vt 0.323397 0.000472
vt 0.323401 0.249530
vt 0.006599 0.249530
vt 0.330359 -0.000000
vt 0.330359 0.000470
vt 0.323397 0.000472
vt 0.670066 0.000472
vt 0.662974 0.000470
vt 0.662974 -0.000000
vt 0.323401 0.249530
vt 0.330359 0.249530
vt 0.330359 0.254999
vt 0.662974 0.255000
vt 0.662974 0.249530
vt 0.670066 0.249530
vt 0.330000 0.495000
vt 0.330359 0.495000
vt 0.330359 0.500470
vt 0.662974 0.500470
vt 0.662974 0.495000
vt 0.663333 0.495000
vt 0.330000 0.749530
vt 0.330359 0.749530
vt 0.330359 0.755000
vt 0.662974 0.755000
vt 0.662974 0.749530
vt 0.663333 0.749530
vt 0.325357 0.000007
vt 0.330354 0.991208
vt 0.330634 -0.000000
vt 0.330634 0.995000
vt 0.326878 0.000471
vt 0.668077 0.000007
vt 0.662979 0.991208
vt 0.666519 0.000471
vt 0.662699 0.995000
vt 0.662699 -0.000000
vt 0.330000 0.250000
vt 0.326885 0.249530
vt 0.330360 0.252265
vt 0.663333 0.250000
vt 0.662974 0.252263
vt 0.666520 0.249529
vt 0.330000 0.495367
vt 0.006599 0.249171
vt 0.330000 0.491156
vt 0.011675 0.249537
vt 0.330360 0.497735
vt 0.663333 0.495367
vt 0.993267 0.249171
vt 0.662974 0.497734
vt 0.988090 0.249537
vt 0.663333 0.491156
vt 0.011602 0.000464
vt 0.330006 0.753323
vt 0.330000 0.749163
vt 0.006599 0.000830
vt 0.330360 0.752265
vt 0.663328 0.753323
vt 0.988160 0.000464
vt 0.662974 0.752264
vt 0.993263 0.000830
vt 0.663333 0.749163
vn -0.376886 -0.923873 0.066455
vn -0.376886 -0.923873 0.066455
vn -0.376886 -0.923873 0.066455
vn -0.376886 -0.923873 0.066455
vn -0.909832 -0.382711 0.160428
vn -0.909832 -0.382711 0.160428
vn -0.909832 -0.382711 0.160428
vn -0.909832 -0.382711 0.160428
vn 0.160430 -0.382683 0.909844
vn 0.160430 -0.382683 0.909844
vn 0.160430 -0.382683 0.909844
vn 0.160430 -0.382683 0.909844
vn 0.066454 -0.923876 0.376877
vn 0.066454 -0.923876 0.376877
vn 0.066454 -0.923876 0.376877
vn 0.066454 -0.923876 0.376877
vn -0.843391 0.000000 0.537300
vn -0.843391 0.000000 0.537300
vn -0.843391 0.000000 0.537300
vn -0.843391 0.000000 0.537300
vn -0.216449 0.000000 0.976294
vn -0.216449 0.000000 0.976294
vn -0.216449 0.000000 0.976294
vn -0.216449 0.000000 0.976294
vn 0.909832 -0.382711 -0.160428
vn 0.909832 -0.382711 -0.160428
vn 0.909832 -0.382711 -0.160428
vn 0.909832 -0.382711 -0.160428
vn 0.376886 -0.923873 -0.066455
vn 0.376886 -0.923873 -0.066455
vn 0.376886 -0.923873 -0.066455
vn 0.376886 -0.923873 -0.066455
vn 0.537308 0.000000 0.843386
vn 0.537308 0.000000 0.843386
vn 0.537308 0.000000 0.843386
vn 0.537308 0.000000 0.843386
vn 0.976296 0.000000 0.216440
vn 0.976296 0.000000 0.216440
vn 0.976296 0.000000 0.216440
vn 0.976296 0.000000 0.216440
vn -0.909832 0.382711 0.160428
vn -0.909832 0.382711 0.160428
vn -0.909832 0.382711 0.160428
vn -0.909832 0.382711 0.160428
vn -0.376886 0.923873 0.066455
vn -0.376886 0.923873 0.066455
vn -0.376886 0.923873 0.066455
vn -0.376886 0.923873 0.066455
vn 0.066454 0.923876 0.376877
vn 0.066454 0.923876 0.376877
vn 0.066454 0.923876 0.376877
vn 0.066454 0.923876 0.376877
vn 0.160430 0.382683 0.909844
vn 0.160430 0.382683 0.909844
vn 0.160430 0.382683 0.909844
vn 0.160430 0.382683 0.909844
vn 0.376886 0.923873 -0.066455
vn 0.376886 0.923873 -0.066455
vn 0.376886 0.923873 -0.066455
vn 0.376886 0.923873 -0.066455
vn 0.909832 0.382711 -0.160428
vn 0.909832 0.382711 -0.160428
vn 0.909832 0.382711 -0.160428
vn 0.909832 0.382711 -0.160428
vn -0.976296 0.000000 -0.216440
vn -0.976296 0.000000 -0.216440
vn -0.976296 0.000000 -0.216440
vn -0.976296 0.000000 -0.216440
vn -0.537308 0.000000 -0.843386
vn -0.537308 0.000000 -0.843386
vn -0.537308 0.000000 -0.843386
vn -0.537308 0.000000 -0.843386
vn -0.160430 0.382683 -0.909844
vn -0.160430 0.382683 -0.909844
vn -0.160430 0.382683 -0.909844
vn -0.160430 0.382683 -0.909844
vn -0.066454 0.923876 -0.376877
vn -0.066454 0.923876 -0.376877
vn -0.066454 0.923876 -0.376877
vn -0.066454 0.923876 -0.376877
vn 0.216449 0.000000 -0.976294
vn 0.216449 0.000000 -0.976294
vn 0.216449 0.000000 -0.976294
vn 0.216449 0.000000 -0.976294
vn 0.843391 0.000000 -0.537300
vn 0.843391 0.000000 -0.537300
vn 0.843391 0.000000 -0.537300
vn 0.843391 0.000000 -0.537300
vn -0.066454 -0.923876 -0.376877
vn -0.066454 -0.923876 -0.376877
vn -0.066454 -0.923876 -0.376877
vn -0.066454 -0.923876 -0.376877
vn -0.160430 -0.382683 -0.909844
vn -0.160430 -0.382683 -0.909844
vn -0.160430 -0.382683 -0.909844
vn -0.160430 -0.382683 -0.909844
vn 0.173648 0.000000 0.984808
vn 0.173648 0.000000 0.984808
vn 0.173648 0.000000 0.984808
vn 0.173648 0.000000 0.984808
vn 0.000000 1.000000 0.000000
vn 0.000000 1.000000 0.000000
vn 0.000000 1.000000 0.000000
vn 0.000000 1.000000 0.000000
vn -0.173648 0.000000 -0.984808
vn -0.173648 0.000000 -0.984808
vn -0.173648 0.000000 -0.984808
vn -0.173648 0.000000 -0.984808
vn 0.000000 -1.000000 0.000000
vn 0.000000 -1.000000 0.000000
vn 0.000000 -1.000000 0.000000
vn 0.000000 -1.000000 0.000000
vn 0.984808 0.000000 -0.173648
vn 0.984808 0.000000 -0.173648
vn 0.984808 0.000000 -0.173648
vn 0.984808 0.000000 -0.173648
vn -0.984808 0.000000 0.173648
vn -0.984808 0.000000 0.173648
vn -0.984808 0.000000 0.173648
vn -0.984808 0.000000 0.173648
vn -0.468336 -0.577341 0.668834
vn -0.468336 -0.577341 0.668834
vn -0.468336 -0.577341 0.668834
vn -0.468336 -0.577341 0.668834
vn -0.468336 -0.577341 0.668834
vn -0.468336 -0.577341 0.668834
vn 0.668848 -0.577343 0.468313
vn 0.668848 -0.577343 0.468313
vn 0.668848 -0.577343 0.468313
vn 0.668848 -0.577343 0.468313
vn 0.668848 -0.577343 0.468313
vn 0.668848 -0.577343 0.468313
vn -0.468339 0.577343 0.668830
vn -0.468339 0.577343 0.668830
vn -0.468339 0.577343 0.668830
vn -0.468339 0.577343 0.668830
vn -0.468339 0.577343 0.668830
vn -0.468339 0.577343 0.668830
vn 0.668847 0.577341 0.468318
vn 0.668847 0.577341 0.468318
vn 0.668847 0.577341 0.468318
vn 0.668847 0.577341 0.468318
vn 0.668847 0.577341 0.468318
vn 0.668847 0.577341 0.468318
vn -0.668841 0.577347 -0.468319
vn -0.668841 0.577347 -0.468319
vn -0.668841 0.577347 -0.468319
vn -0.668841 0.577347 -0.468319
vn -0.668841 0.577347 -0.468319
vn -0.668841 0.577347 -0.468319
vn 0.468336 0.577341 -0.668834
vn 0.468336 0.577341 -0.668834
vn 0.468336 0.577341 -0.668834
vn 0.468336 0.577341 -0.668834
vn 0.468336 0.577341 -0.668834
vn 0.468336 0.577341 -0.668834
vn -0.668848 -0.577343 -0.468313
vn -0.668848 -0.577343 -0.468313
vn -0.668848 -0.577343 -0.468313
vn -0.668848 -0.577343 -0.468313
vn -0.668848 -0.577343 -0.468313
vn -0.668848 -0.577343 -0.468313
vn 0.468336 -0.577341 -0.668834
vn 0.468336 -0.577341 -0.668834
vn 0.468336 -0.577341 -0.668834
vn 0.468336 -0.577341 -0.668834
vn 0.468336 -0.577341 -0.668834
vn 0.468336 -0.577341 -0.668834
s off
g GRP_Retro_Office_Desk GRP_Props_Backrooms Backrooms_Level0_Master_GRP Desk_Drawer_Face_3
f 1098/2927/3769 1097/3018/3770 1133/3044/3771 1138/2981/3772
f 1097/3017/3773 1102/2990/3774 1134/2954/3775 1133/3043/3776
f 1100/2931/3777 1099/3019/3778 1107/3026/3779 1106/2970/3780
f 1099/3020/3781 1098/2927/3782 1108/2935/3783 1107/3025/3784
f 1102/2990/3785 1101/3021/3786 1111/3028/3787 1110/2991/3788
f 1101/3021/3789 1100/2931/3790 1112/2947/3791 1111/3028/3792
f 1104/2939/3793 1103/3022/3794 1139/3049/3795 1144/2964/3796
f 1103/3023/3797 1108/2935/3798 1140/2966/3799 1139/3048/3800
f 1106/2970/3801 1105/3024/3802 1119/3032/3803 1118/2948/3804
f 1105/3024/3805 1104/2939/3806 1120/2951/3807 1119/3032/3808
f 1110/2991/3809 1109/3027/3810 1123/3036/3811 1122/2992/3812
f 1109/3027/3813 1114/2973/3814 1124/2959/3815 1123/3035/3816
f 1114/2973/3817 1113/3029/3818 1117/3031/3819 1116/2974/3820
f 1113/3029/3821 1112/2947/3822 1118/2948/3823 1117/3031/3824
f 1116/2974/3825 1115/3030/3826 1131/3042/3827 1130/2960/3828
f 1115/3030/3829 1120/2951/3830 1132/2963/3831 1131/3041/3832
f 1122/2992/3833 1121/3034/3834 1135/3046/3835 1134/2954/3836
f 1121/3033/3837 1126/2977/3838 1136/2967/3839 1135/3045/3840
f 1126/2977/3841 1125/3037/3842 1129/3040/3843 1128/2978/3844
f 1125/3037/3845 1124/2959/3846 1130/2960/3847 1129/3040/3848
f 1128/2978/3849 1127/3038/3850 1143/3052/3851 1142/2968/3852
f 1127/3039/3853 1132/2963/3854 1144/2964/3855 1143/3051/3856
f 1138/2981/3857 1137/3047/3858 1141/3050/3859 1140/2966/3860
f 1137/3047/3861 1136/2967/3862 1142/2968/3863 1141/3050/3864
f 1100/2931/3865 1106/2970/3866 1118/2948/3867 1112/2947/3868
f 1114/2973/3869 1116/2974/3870 1130/2960/3871 1124/2959/3872
f 1126/2977/3873 1128/2978/3874 1142/2968/3875 1136/2967/3876
f 1138/2981/3877 1140/2966/3878 1108/2935/3879 1098/2927/3880
f 1104/2939/3881 1144/2964/3882 1132/2963/3883 1120/2951/3884
f 1134/2954/3885 1102/2990/3886 1110/2991/3887 1122/2992/3888
f 1097/3017/3889 1098/2993/3890 1099/3019/3891 1100/2931/3892 1101/3021/3893 1102/2990/3894
f 1103/3022/3895 1104/2939/3896 1105/3024/3897 1106/2970/3898 1107/3026/3899 1108/2998/3900
f 1109/3027/3901 1110/2991/3902 1111/3028/3903 1112/2947/3904 1113/3029/3905 1114/2973/3906
f 1115/3030/3907 1116/2974/3908 1117/3031/3909 1118/2948/3910 1119/3032/3911 1120/2951/3912
f 1121/3033/3913 1122/3005/3914 1123/3035/3915 1124/2959/3916 1125/3037/3917 1126/2977/3918
f 1127/3038/3919 1128/2978/3920 1129/3040/3921 1130/2960/3922 1131/3042/3923 1132/3010/3924
f 1133/3044/3925 1134/3011/3926 1135/3045/3927 1136/2967/3928 1137/3047/3929 1138/2981/3930
f 1139/3048/3931 1140/2966/3932 1141/3050/3933 1142/2968/3934 1143/3052/3935 1144/3016/3936
g default
v -220.948182 1.312886 8.171377
v -220.917545 1.300000 8.165975
v -220.912143 1.312886 8.196611
v -220.909906 1.343996 8.209302
v -220.942780 1.343996 8.202013
v -220.960872 1.343996 8.173614
v -180.793407 1.312886 1.091006
v -180.780716 1.343996 1.088769
v -180.788005 1.343996 1.121643
v -180.816403 1.343996 1.139736
v -180.818641 1.312886 1.127045
v -180.824043 1.300000 1.096408
v -220.948182 24.687114 8.171377
v -220.960872 24.656004 8.173614
v -220.942780 24.656004 8.202013
v -220.909906 24.656004 8.209302
v -220.912143 24.687114 8.196611
v -220.917545 24.700000 8.165975
v -180.793407 24.687114 1.091006
v -180.824043 24.700000 1.096408
v -180.818641 24.687114 1.127045
v -180.816403 24.656004 1.139736
v -180.788005 24.656004 1.121643
v -180.780716 24.656004 1.088769
v -221.320330 24.656004 6.060817
v -221.327618 24.656004 6.093692
v -221.314928 24.687114 6.091454
v -221.284292 24.700000 6.086052
v -221.289694 24.687114 6.055415
v -221.291932 24.656004 6.042725
v -181.165555 24.656004 -1.019553
v -181.198429 24.656004 -1.026842
v -181.196191 24.687114 -1.014151
v -181.190789 24.700000 -0.983514
v -181.160153 24.687114 -0.988916
v -181.147463 24.656004 -0.991154
v -221.314928 1.312886 6.091454
v -221.327618 1.343996 6.093692
v -221.320330 1.343996 6.060817
v -221.291932 1.343996 6.042725
v -221.289694 1.312886 6.055415
v -221.284292 1.300000 6.086052
v -181.160153 1.312886 -0.988916
v -181.190789 1.300000 -0.983514
v -181.196191 1.312886 -1.014151
v -181.198429 1.343996 -1.026842
v -181.165555 1.343996 -1.019553
v -181.147463 1.343996 -0.991154
vt 0.330359 0.995000
vt 0.330359 0.755000
vt 0.323397 0.000472
vt 0.006599 0.000472
vt 0.330359 0.000470
vt 0.662974 0.000470
vt 0.330359 0.995000
vt 0.662974 0.995000
vt 0.323397 0.000472
vt 0.323401 0.249530
vt 0.330359 0.000470
vt 0.330359 0.249530
vt 0.670066 0.000472
vt 0.993263 0.000472
vt 0.662974 0.995000
vt 0.662974 0.755000
vt 0.662974 0.000470
vt 0.662974 0.249530
vt 0.670066 0.000472
vt 0.670066 0.249530
vt 0.323401 0.249530
vt 0.006599 0.249530
vt 0.330359 0.254999
vt 0.330359 0.495000
vt 0.330359 0.254999
vt 0.662974 0.255000
vt 0.330359 0.249530
vt 0.662974 0.249530
vt 0.662974 0.255000
vt 0.662974 0.495000
vt 0.670066 0.249530
vt 0.993267 0.249530
vt 0.006599 0.249530
vt 0.006599 0.000472
vt 0.330359 0.500470
vt 0.330359 0.749530
vt 0.330359 0.500470
vt 0.662974 0.500470
vt 0.330359 0.495000
vt 0.662974 0.495000
vt 0.662974 0.500470
vt 0.662974 0.749530
vt 0.993267 0.249530
vt 0.993263 0.000472
vt 0.330359 0.755000
vt 0.662974 0.755000
vt 0.330359 0.749530
vt 0.662974 0.749530
vt 0.330359 0.000470
vt 0.662974 0.000470
vt 0.662974 0.249530
vt 0.330359 0.249530
vt 0.330359 0.254999
vt 0.662974 0.255000
vt 0.662974 0.495000
vt 0.330359 0.495000
vt 0.330359 0.500470
vt 0.662974 0.500470
vt 0.662974 0.749530
vt 0.330359 0.749530
vt 0.330359 0.755000
vt 0.662974 0.755000
vt 0.662974 0.995000
vt 0.330359 0.995000
vt 0.670066 0.000472
vt 0.993263 0.000472
vt 0.993267 0.249530
vt 0.670066 0.249530
vt 0.006599 0.000472
vt 0.323397 0.000472
vt 0.323401 0.249530
vt 0.006599 0.249530
vt 0.330359 -0.000000
vt 0.330359 0.000470
vt 0.323397 0.000472
vt 0.670066 0.000472
vt 0.662974 0.000470
vt 0.662974 -0.000000
vt 0.323401 0.249530
vt 0.330359 0.249530
vt 0.330359 0.254999
vt 0.662974 0.255000
vt 0.662974 0.249530
vt 0.670066 0.249530
vt 0.330000 0.495000
vt 0.330359 0.495000
vt 0.330359 0.500470
vt 0.662974 0.500470
vt 0.662974 0.495000
vt 0.663333 0.495000
vt 0.330000 0.749530
vt 0.330359 0.749530
vt 0.330359 0.755000
vt 0.662974 0.755000
vt 0.662974 0.749530
vt 0.663333 0.749530
vt 0.325357 0.000007
vt 0.330354 0.991208
vt 0.330634 -0.000000
vt 0.330634 0.995000
vt 0.326878 0.000471
vt 0.668077 0.000007
vt 0.662979 0.991208
vt 0.666519 0.000471
vt 0.662699 0.995000
vt 0.662699 -0.000000
vt 0.330000 0.250000
vt 0.326885 0.249530
vt 0.330360 0.252265
vt 0.663333 0.250000
vt 0.662974 0.252263
vt 0.666520 0.249529
vt 0.330000 0.495367
vt 0.006599 0.249171
vt 0.330000 0.491156
vt 0.011675 0.249537
vt 0.330360 0.497735
vt 0.663333 0.495367
vt 0.993267 0.249171
vt 0.662974 0.497734
vt 0.988090 0.249537
vt 0.663333 0.491156
vt 0.011602 0.000464
vt 0.330006 0.753323
vt 0.330000 0.749163
vt 0.006599 0.000830
vt 0.330360 0.752265
vt 0.663328 0.753323
vt 0.988160 0.000464
vt 0.662974 0.752264
vt 0.993263 0.000830
vt 0.663333 0.749163
vn -0.376886 -0.923873 0.066455
vn -0.376886 -0.923873 0.066455
vn -0.376886 -0.923873 0.066455
vn -0.376886 -0.923873 0.066455
vn -0.909832 -0.382711 0.160428
vn -0.909832 -0.382711 0.160428
vn -0.909832 -0.382711 0.160428
vn -0.909832 -0.382711 0.160428
vn 0.160430 -0.382683 0.909844
vn 0.160430 -0.382683 0.909844
vn 0.160430 -0.382683 0.909844
vn 0.160430 -0.382683 0.909844
vn 0.066454 -0.923876 0.376877
vn 0.066454 -0.923876 0.376877
vn 0.066454 -0.923876 0.376877
vn 0.066454 -0.923876 0.376877
vn -0.843391 0.000000 0.537300
vn -0.843391 0.000000 0.537300
vn -0.843391 0.000000 0.537300
vn -0.843391 0.000000 0.537300
vn -0.216449 0.000000 0.976294
vn -0.216449 0.000000 0.976294
vn -0.216449 0.000000 0.976294
vn -0.216449 0.000000 0.976294
vn 0.909832 -0.382711 -0.160428
vn 0.909832 -0.382711 -0.160428
vn 0.909832 -0.382711 -0.160428
vn 0.909832 -0.382711 -0.160428
vn 0.376886 -0.923873 -0.066455
vn 0.376886 -0.923873 -0.066455
vn 0.376886 -0.923873 -0.066455
vn 0.376886 -0.923873 -0.066455
vn 0.537308 0.000000 0.843386
vn 0.537308 0.000000 0.843386
vn 0.537308 0.000000 0.843386
vn 0.537308 0.000000 0.843386
vn 0.976296 0.000000 0.216440
vn 0.976296 0.000000 0.216440
vn 0.976296 0.000000 0.216440
vn 0.976296 0.000000 0.216440
vn -0.909832 0.382711 0.160428
vn -0.909832 0.382711 0.160428
vn -0.909832 0.382711 0.160428
vn -0.909832 0.382711 0.160428
vn -0.376886 0.923873 0.066455
vn -0.376886 0.923873 0.066455
vn -0.376886 0.923873 0.066455
vn -0.376886 0.923873 0.066455
vn 0.066454 0.923876 0.376877
vn 0.066454 0.923876 0.376877
vn 0.066454 0.923876 0.376877
vn 0.066454 0.923876 0.376877
vn 0.160430 0.382683 0.909844
vn 0.160430 0.382683 0.909844
vn 0.160430 0.382683 0.909844
vn 0.160430 0.382683 0.909844
vn 0.376886 0.923873 -0.066455
vn 0.376886 0.923873 -0.066455
vn 0.376886 0.923873 -0.066455
vn 0.376886 0.923873 -0.066455
vn 0.909832 0.382711 -0.160428
vn 0.909832 0.382711 -0.160428
vn 0.909832 0.382711 -0.160428
vn 0.909832 0.382711 -0.160428
vn -0.976296 0.000000 -0.216440
vn -0.976296 0.000000 -0.216440
vn -0.976296 0.000000 -0.216440
vn -0.976296 0.000000 -0.216440
vn -0.537308 0.000000 -0.843386
vn -0.537308 0.000000 -0.843386
vn -0.537308 0.000000 -0.843386
vn -0.537308 0.000000 -0.843386
vn -0.160430 0.382683 -0.909844
vn -0.160430 0.382683 -0.909844
vn -0.160430 0.382683 -0.909844
vn -0.160430 0.382683 -0.909844
vn -0.066454 0.923876 -0.376877
vn -0.066454 0.923876 -0.376877
vn -0.066454 0.923876 -0.376877
vn -0.066454 0.923876 -0.376877
vn 0.216449 0.000000 -0.976294
vn 0.216449 0.000000 -0.976294
vn 0.216449 0.000000 -0.976294
vn 0.216449 0.000000 -0.976294
vn 0.843391 0.000000 -0.537300
vn 0.843391 0.000000 -0.537300
vn 0.843391 0.000000 -0.537300
vn 0.843391 0.000000 -0.537300
vn -0.066454 -0.923876 -0.376877
vn -0.066454 -0.923876 -0.376877
vn -0.066454 -0.923876 -0.376877
vn -0.066454 -0.923876 -0.376877
vn -0.160430 -0.382683 -0.909844
vn -0.160430 -0.382683 -0.909844
vn -0.160430 -0.382683 -0.909844
vn -0.160430 -0.382683 -0.909844
vn 0.173648 0.000000 0.984808
vn 0.173648 0.000000 0.984808
vn 0.173648 0.000000 0.984808
vn 0.173648 0.000000 0.984808
vn 0.000000 1.000000 0.000000
vn 0.000000 1.000000 0.000000
vn 0.000000 1.000000 0.000000
vn 0.000000 1.000000 0.000000
vn -0.173648 0.000000 -0.984808
vn -0.173648 0.000000 -0.984808
vn -0.173648 0.000000 -0.984808
vn -0.173648 0.000000 -0.984808
vn 0.000000 -1.000000 0.000000
vn 0.000000 -1.000000 0.000000
vn 0.000000 -1.000000 0.000000
vn 0.000000 -1.000000 0.000000
vn 0.984808 0.000000 -0.173648
vn 0.984808 0.000000 -0.173648
vn 0.984808 0.000000 -0.173648
vn 0.984808 0.000000 -0.173648
vn -0.984808 0.000000 0.173648
vn -0.984808 0.000000 0.173648
vn -0.984808 0.000000 0.173648
vn -0.984808 0.000000 0.173648
vn -0.468336 -0.577341 0.668834
vn -0.468336 -0.577341 0.668834
vn -0.468336 -0.577341 0.668834
vn -0.468336 -0.577341 0.668834
vn -0.468336 -0.577341 0.668834
vn -0.468336 -0.577341 0.668834
vn 0.668848 -0.577343 0.468313
vn 0.668848 -0.577343 0.468313
vn 0.668848 -0.577343 0.468313
vn 0.668848 -0.577343 0.468313
vn 0.668848 -0.577343 0.468313
vn 0.668848 -0.577343 0.468313
vn -0.468339 0.577343 0.668830
vn -0.468339 0.577343 0.668830
vn -0.468339 0.577343 0.668830
vn -0.468339 0.577343 0.668830
vn -0.468339 0.577343 0.668830
vn -0.468339 0.577343 0.668830
vn 0.668847 0.577341 0.468318
vn 0.668847 0.577341 0.468318
vn 0.668847 0.577341 0.468318
vn 0.668847 0.577341 0.468318
vn 0.668847 0.577341 0.468318
vn 0.668847 0.577341 0.468318
vn -0.668841 0.577347 -0.468319
vn -0.668841 0.577347 -0.468319
vn -0.668841 0.577347 -0.468319
vn -0.668841 0.577347 -0.468319
vn -0.668841 0.577347 -0.468319
vn -0.668841 0.577347 -0.468319
vn 0.468336 0.577341 -0.668834
vn 0.468336 0.577341 -0.668834
vn 0.468336 0.577341 -0.668834
vn 0.468336 0.577341 -0.668834
vn 0.468336 0.577341 -0.668834
vn 0.468336 0.577341 -0.668834
vn -0.668848 -0.577343 -0.468313
vn -0.668848 -0.577343 -0.468313
vn -0.668848 -0.577343 -0.468313
vn -0.668848 -0.577343 -0.468313
vn -0.668848 -0.577343 -0.468313
vn -0.668848 -0.577343 -0.468313
vn 0.468336 -0.577341 -0.668834
vn 0.468336 -0.577341 -0.668834
vn 0.468336 -0.577341 -0.668834
vn 0.468336 -0.577341 -0.668834
vn 0.468336 -0.577341 -0.668834
vn 0.468336 -0.577341 -0.668834
s off
g GRP_Retro_Office_Desk GRP_Props_Backrooms Backrooms_Level0_Master_GRP Desk_Drawer_Face_3
f 1146/3059/3937 1145/3150/3938 1181/3176/3939 1186/3113/3940
f 1145/3149/3941 1150/3122/3942 1182/3086/3943 1181/3175/3944
f 1148/3063/3945 1147/3151/3946 1155/3158/3947 1154/3102/3948
f 1147/3152/3949 1146/3059/3950 1156/3067/3951 1155/3157/3952
f 1150/3122/3953 1149/3153/3954 1159/3160/3955 1158/3123/3956
f 1149/3153/3957 1148/3063/3958 1160/3079/3959 1159/3160/3960
f 1152/3071/3961 1151/3154/3962 1187/3181/3963 1192/3096/3964
f 1151/3155/3965 1156/3067/3966 1188/3098/3967 1187/3180/3968
f 1154/3102/3969 1153/3156/3970 1167/3164/3971 1166/3080/3972
f 1153/3156/3973 1152/3071/3974 1168/3083/3975 1167/3164/3976
f 1158/3123/3977 1157/3159/3978 1171/3168/3979 1170/3124/3980
f 1157/3159/3981 1162/3105/3982 1172/3091/3983 1171/3167/3984
f 1162/3105/3985 1161/3161/3986 1165/3163/3987 1164/3106/3988
f 1161/3161/3989 1160/3079/3990 1166/3080/3991 1165/3163/3992
f 1164/3106/3993 1163/3162/3994 1179/3174/3995 1178/3092/3996
f 1163/3162/3997 1168/3083/3998 1180/3095/3999 1179/3173/4000
f 1170/3124/4001 1169/3166/4002 1183/3178/4003 1182/3086/4004
f 1169/3165/4005 1174/3109/4006 1184/3099/4007 1183/3177/4008
f 1174/3109/4009 1173/3169/4010 1177/3172/4011 1176/3110/4012
f 1173/3169/4013 1172/3091/4014 1178/3092/4015 1177/3172/4016
f 1176/3110/4017 1175/3170/4018 1191/3184/4019 1190/3100/4020
f 1175/3171/4021 1180/3095/4022 1192/3096/4023 1191/3183/4024
f 1186/3113/4025 1185/3179/4026 1189/3182/4027 1188/3098/4028
f 1185/3179/4029 1184/3099/4030 1190/3100/4031 1189/3182/4032
f 1148/3063/4033 1154/3102/4034 1166/3080/4035 1160/3079/4036
f 1162/3105/4037 1164/3106/4038 1178/3092/4039 1172/3091/4040
f 1174/3109/4041 1176/3110/4042 1190/3100/4043 1184/3099/4044
f 1186/3113/4045 1188/3098/4046 1156/3067/4047 1146/3059/4048
f 1152/3071/4049 1192/3096/4050 1180/3095/4051 1168/3083/4052
f 1182/3086/4053 1150/3122/4054 1158/3123/4055 1170/3124/4056
f 1145/3149/4057 1146/3125/4058 1147/3151/4059 1148/3063/4060 1149/3153/4061 1150/3122/4062
f 1151/3154/4063 1152/3071/4064 1153/3156/4065 1154/3102/4066 1155/3158/4067 1156/3130/4068
f 1157/3159/4069 1158/3123/4070 1159/3160/4071 1160/3079/4072 1161/3161/4073 1162/3105/4074
f 1163/3162/4075 1164/3106/4076 1165/3163/4077 1166/3080/4078 1167/3164/4079 1168/3083/4080
f 1169/3165/4081 1170/3137/4082 1171/3167/4083 1172/3091/4084 1173/3169/4085 1174/3109/4086
f 1175/3170/4087 1176/3110/4088 1177/3172/4089 1178/3092/4090 1179/3174/4091 1180/3142/4092
f 1181/3176/4093 1182/3143/4094 1183/3177/4095 1184/3099/4096 1185/3179/4097 1186/3113/4098
f 1187/3180/4099 1188/3098/4100 1189/3182/4101 1190/3100/4102 1191/3184/4103 1192/3148/4104
g default
v -207.452424 12.223429 7.481384
v -207.396721 12.200000 7.471562
v -207.386899 12.223429 7.527265
v -207.382830 12.279992 7.550339
v -207.442602 12.279992 7.537088
v -207.475497 12.279992 7.485452
v -193.711262 12.223429 5.058446
v -193.688189 12.279992 5.054378
v -193.701440 12.279992 5.114150
v -193.753075 12.279992 5.147045
v -193.757143 12.223429 5.123972
v -193.766965 12.200000 5.068268
v -207.452424 13.776571 7.481384
v -207.475497 13.720008 7.485452
v -207.442602 13.720008 7.537088
v -207.382830 13.720008 7.550339
v -207.386899 13.776571 7.527265
v -207.396721 13.800000 7.471562
v -193.711262 13.776571 5.058446
v -193.766965 13.800000 5.068268
v -193.757143 13.776571 5.123972
v -193.753075 13.720008 5.147045
v -193.701440 13.720008 5.114150
v -193.688189 13.720008 5.054378
v -207.712302 13.720008 6.007541
v -207.725553 13.720008 6.067313
v -207.702480 13.776571 6.063245
v -207.646777 13.800000 6.053423
v -207.656599 13.776571 5.997719
v -207.660667 13.720008 5.974646
v -193.971140 13.720008 3.584604
v -194.030912 13.720008 3.571353
v -194.026843 13.776571 3.594426
v -194.017021 13.800000 3.650129
v -193.961318 13.776571 3.640307
v -193.938245 13.720008 3.636239
v -207.702480 12.223429 6.063245
v -207.725553 12.279992 6.067313
v -207.712302 12.279992 6.007541
v -207.660667 12.279992 5.974646
v -207.656599 12.223429 5.997719
v -207.646777 12.200000 6.053423
v -193.961318 12.223429 3.640307
v -194.017021 12.200000 3.650129
v -194.026843 12.223429 3.594426
v -194.030912 12.279992 3.571353
v -193.971140 12.279992 3.584604
v -193.938245 12.279992 3.636239
vt 0.331905 0.987501
vt 0.331905 0.762499
vt 0.313502 0.012499
vt 0.016498 0.012499
vt 0.331905 0.012499
vt 0.661429 0.012499
vt 0.331905 0.987501
vt 0.661429 0.987501
vt 0.313502 0.012499
vt 0.313502 0.237501
vt 0.331905 0.012499
vt 0.331905 0.237501
vt 0.680165 0.012499
vt 0.983168 0.012499
vt 0.661429 0.987501
vt 0.661429 0.762499
vt 0.661429 0.012499
vt 0.661429 0.237501
vt 0.680165 0.012499
vt 0.680165 0.237501
vt 0.313502 0.237501
vt 0.016498 0.237501
vt 0.331905 0.262499
vt 0.331905 0.487501
vt 0.331905 0.262499
vt 0.661429 0.262499
vt 0.331905 0.237501
vt 0.661429 0.237501
vt 0.661429 0.262499
vt 0.661429 0.487501
vt 0.680165 0.237501
vt 0.983168 0.237501
vt 0.016498 0.237501
vt 0.016498 0.012499
vt 0.331905 0.512499
vt 0.331905 0.737501
vt 0.331905 0.512499
vt 0.661429 0.512499
vt 0.331905 0.487501
vt 0.661429 0.487501
vt 0.661429 0.512499
vt 0.661429 0.737501
vt 0.983168 0.237501
vt 0.983168 0.012499
vt 0.331905 0.762499
vt 0.661429 0.762499
vt 0.331905 0.737501
vt 0.661429 0.737501
vt 0.331905 0.012499
vt 0.661429 0.012499
vt 0.661429 0.237501
vt 0.331905 0.237501
vt 0.331905 0.262499
vt 0.661429 0.262499
vt 0.661429 0.487501
vt 0.331905 0.487501
vt 0.331905 0.512499
vt 0.661429 0.512499
vt 0.661429 0.737501
vt 0.331905 0.737501
vt 0.331905 0.762499
vt 0.661429 0.762499
vt 0.661429 0.987501
vt 0.331905 0.987501
vt 0.680165 0.012499
vt 0.983168 0.012499
vt 0.983168 0.237501
vt 0.680165 0.237501
vt 0.016498 0.012499
vt 0.313502 0.012499
vt 0.313502 0.237501
vt 0.016498 0.237501
vt 0.331905 0.000000
vt 0.331905 0.012499
vt 0.313502 0.012499
vt 0.680165 0.012499
vt 0.661429 0.012499
vt 0.661429 -0.000000
vt 0.313502 0.237501
vt 0.331905 0.237501
vt 0.331905 0.262499
vt 0.661429 0.262499
vt 0.661429 0.237501
vt 0.680165 0.237501
vt 0.330000 0.487501
vt 0.331905 0.487501
vt 0.331905 0.512499
vt 0.661429 0.512499
vt 0.661429 0.487501
vt 0.663333 0.487501
vt 0.330000 0.737501
vt 0.331905 0.737501
vt 0.331905 0.762499
vt 0.661429 0.762499
vt 0.661429 0.737501
vt 0.663333 0.737501
vt 0.319546 0.000490
vt 0.331830 0.977705
vt 0.333349 0.000000
vt 0.333349 0.987501
vt 0.322704 0.012867
vt 0.674036 0.000490
vt 0.661503 0.977705
vt 0.670732 0.012585
vt 0.659984 0.987501
vt 0.659984 -0.000000
vt 0.330000 0.250000
vt 0.323019 0.237427
vt 0.331911 0.250000
vt 0.663333 0.250000
vt 0.661427 0.249979
vt 0.670797 0.237133
vt 0.330000 0.497297
vt 0.016498 0.228685
vt 0.330000 0.477816
vt 0.029283 0.238011
vt 0.331911 0.500000
vt 0.663333 0.497297
vt 0.983168 0.228685
vt 0.661427 0.499971
vt 0.970125 0.238011
vt 0.663333 0.477816
vt 0.028857 0.012009
vt 0.330075 0.747297
vt 0.330000 0.727705
vt 0.016498 0.021315
vt 0.331911 0.750000
vt 0.663259 0.747297
vt 0.970561 0.012009
vt 0.661427 0.749971
vt 0.983168 0.021315
vt 0.663333 0.727705
vn -0.376870 -0.923880 0.066452
vn -0.376870 -0.923880 0.066452
vn -0.376870 -0.923880 0.066452
vn -0.376870 -0.923880 0.066452
vn -0.909844 -0.382682 0.160430
vn -0.909844 -0.382682 0.160430
vn -0.909844 -0.382682 0.160430
vn -0.909844 -0.382682 0.160430
vn 0.160430 -0.382683 0.909844
vn 0.160430 -0.382683 0.909844
vn 0.160430 -0.382683 0.909844
vn 0.160430 -0.382683 0.909844
vn 0.066452 -0.923880 0.376869
vn 0.066452 -0.923880 0.376869
vn 0.066452 -0.923880 0.376869
vn 0.066452 -0.923880 0.376869
vn -0.843393 0.000000 0.537297
vn -0.843393 0.000000 0.537297
vn -0.843393 0.000000 0.537297
vn -0.843393 0.000000 0.537297
vn -0.216439 0.000000 0.976296
vn -0.216439 0.000000 0.976296
vn -0.216439 0.000000 0.976296
vn -0.216439 0.000000 0.976296
vn 0.909844 -0.382682 -0.160430
vn 0.909844 -0.382682 -0.160430
vn 0.909844 -0.382682 -0.160430
vn 0.909844 -0.382682 -0.160430
vn 0.376870 -0.923880 -0.066452
vn 0.376870 -0.923880 -0.066452
vn 0.376870 -0.923880 -0.066452
vn 0.376870 -0.923880 -0.066452
vn 0.537299 0.000000 0.843392
vn 0.537299 0.000000 0.843392
vn 0.537299 0.000000 0.843392
vn 0.537299 0.000000 0.843392
vn 0.976297 0.000000 0.216436
vn 0.976297 0.000000 0.216436
vn 0.976297 0.000000 0.216436
vn 0.976297 0.000000 0.216436
vn -0.909844 0.382682 0.160430
vn -0.909844 0.382682 0.160430
vn -0.909844 0.382682 0.160430
vn -0.909844 0.382682 0.160430
vn -0.376870 0.923880 0.066452
vn -0.376870 0.923880 0.066452
vn -0.376870 0.923880 0.066452
vn -0.376870 0.923880 0.066452
vn 0.066452 0.923880 0.376869
vn 0.066452 0.923880 0.376869
vn 0.066452 0.923880 0.376869
vn 0.066452 0.923880 0.376869
vn 0.160430 0.382683 0.909844
vn 0.160430 0.382683 0.909844
vn 0.160430 0.382683 0.909844
vn 0.160430 0.382683 0.909844
vn 0.376870 0.923880 -0.066452
vn 0.376870 0.923880 -0.066452
vn 0.376870 0.923880 -0.066452
vn 0.376870 0.923880 -0.066452
vn 0.909844 0.382682 -0.160430
vn 0.909844 0.382682 -0.160430
vn 0.909844 0.382682 -0.160430
vn 0.909844 0.382682 -0.160430
vn -0.976297 0.000000 -0.216436
vn -0.976297 0.000000 -0.216436
vn -0.976297 0.000000 -0.216436
vn -0.976297 0.000000 -0.216436
vn -0.537299 0.000000 -0.843392
vn -0.537299 0.000000 -0.843392
vn -0.537299 0.000000 -0.843392
vn -0.537299 0.000000 -0.843392
vn -0.160430 0.382683 -0.909844
vn -0.160430 0.382683 -0.909844
vn -0.160430 0.382683 -0.909844
vn -0.160430 0.382683 -0.909844
vn -0.066452 0.923880 -0.376869
vn -0.066452 0.923880 -0.376869
vn -0.066452 0.923880 -0.376869
vn -0.066452 0.923880 -0.376869
vn 0.216439 0.000000 -0.976296
vn 0.216439 0.000000 -0.976296
vn 0.216439 0.000000 -0.976296
vn 0.216439 0.000000 -0.976296
vn 0.843393 0.000000 -0.537297
vn 0.843393 0.000000 -0.537297
vn 0.843393 0.000000 -0.537297
vn 0.843393 0.000000 -0.537297
vn -0.066452 -0.923880 -0.376869
vn -0.066452 -0.923880 -0.376869
vn -0.066452 -0.923880 -0.376869
vn -0.066452 -0.923880 -0.376869
vn -0.160430 -0.382683 -0.909844
vn -0.160430 -0.382683 -0.909844
vn -0.160430 -0.382683 -0.909844
vn -0.160430 -0.382683 -0.909844
vn 0.173648 0.000000 0.984808
vn 0.173648 0.000000 0.984808
vn 0.173648 0.000000 0.984808
vn 0.173648 0.000000 0.984808
vn 0.000000 1.000000 0.000000
vn 0.000000 1.000000 0.000000
vn 0.000000 1.000000 0.000000
vn 0.000000 1.000000 0.000000
vn -0.173648 0.000000 -0.984808
vn -0.173648 0.000000 -0.984808
vn -0.173648 0.000000 -0.984808
vn -0.173648 0.000000 -0.984808
vn 0.000000 -1.000000 0.000000
vn 0.000000 -1.000000 0.000000
vn 0.000000 -1.000000 0.000000
vn 0.000000 -1.000000 0.000000
vn 0.984808 0.000000 -0.173648
vn 0.984808 0.000000 -0.173648
vn 0.984808 0.000000 -0.173648
vn 0.984808 0.000000 -0.173648
vn -0.984808 0.000000 0.173648
vn -0.984808 0.000000 0.173648
vn -0.984808 0.000000 0.173648
vn -0.984808 0.000000 0.173648
vn -0.468324 -0.577349 0.668836
vn -0.468324 -0.577349 0.668836
vn -0.468324 -0.577349 0.668836
vn -0.468324 -0.577349 0.668836
vn -0.468324 -0.577349 0.668836
vn -0.468324 -0.577349 0.668836
vn 0.668836 -0.577349 0.468323
vn 0.668836 -0.577349 0.468323
vn 0.668836 -0.577349 0.468323
vn 0.668836 -0.577349 0.468323
vn 0.668836 -0.577349 0.468323
vn 0.668836 -0.577349 0.468323
vn -0.468324 0.577349 0.668835
vn -0.468324 0.577349 0.668835
vn -0.468324 0.577349 0.668835
vn -0.468324 0.577349 0.668835
vn -0.468324 0.577349 0.668835
vn -0.468324 0.577349 0.668835
vn 0.668836 0.577349 0.468324
vn 0.668836 0.577349 0.468324
vn 0.668836 0.577349 0.468323
vn 0.668836 0.577349 0.468324
vn 0.668836 0.577349 0.468324
vn 0.668836 0.577349 0.468324
vn -0.668835 0.577350 -0.468323
vn -0.668835 0.577350 -0.468323
vn -0.668835 0.577350 -0.468323
vn -0.668835 0.577350 -0.468323
vn -0.668835 0.577350 -0.468323
vn -0.668835 0.577350 -0.468323
vn 0.468324 0.577349 -0.668836
vn 0.468324 0.577349 -0.668836
vn 0.468324 0.577349 -0.668836
vn 0.468324 0.577349 -0.668836
vn 0.468324 0.577349 -0.668836
vn 0.468324 0.577349 -0.668836
vn -0.668836 -0.577349 -0.468323
vn -0.668836 -0.577349 -0.468323
vn -0.668836 -0.577349 -0.468323
vn -0.668836 -0.577349 -0.468323
vn -0.668836 -0.577349 -0.468323
vn -0.668836 -0.577349 -0.468323
vn 0.468324 -0.577349 -0.668836
vn 0.468324 -0.577349 -0.668836
vn 0.468324 -0.577349 -0.668836
vn 0.468324 -0.577349 -0.668836
vn 0.468324 -0.577349 -0.668836
vn 0.468324 -0.577349 -0.668836
s off
g GRP_Retro_Office_Desk GRP_Props_Backrooms Backrooms_Level0_Master_GRP Desk_Drawer_Handle_3
f 1194/3191/4105 1193/3282/4106 1229/3308/4107 1234/3245/4108
f 1193/3281/4109 1198/3254/4110 1230/3218/4111 1229/3307/4112
f 1196/3195/4113 1195/3283/4114 1203/3290/4115 1202/3234/4116
f 1195/3284/4117 1194/3191/4118 1204/3199/4119 1203/3289/4120
f 1198/3254/4121 1197/3285/4122 1207/3292/4123 1206/3255/4124
f 1197/3285/4125 1196/3195/4126 1208/3211/4127 1207/3292/4128
f 1200/3203/4129 1199/3286/4130 1235/3313/4131 1240/3228/4132
f 1199/3287/4133 1204/3199/4134 1236/3230/4135 1235/3312/4136
f 1202/3234/4137 1201/3288/4138 1215/3296/4139 1214/3212/4140
f 1201/3288/4141 1200/3203/4142 1216/3215/4143 1215/3296/4144
f 1206/3255/4145 1205/3291/4146 1219/3300/4147 1218/3256/4148
f 1205/3291/4149 1210/3237/4150 1220/3223/4151 1219/3299/4152
f 1210/3237/4153 1209/3293/4154 1213/3295/4155 1212/3238/4156
f 1209/3293/4157 1208/3211/4158 1214/3212/4159 1213/3295/4160
f 1212/3238/4161 1211/3294/4162 1227/3306/4163 1226/3224/4164
f 1211/3294/4165 1216/3215/4166 1228/3227/4167 1227/3305/4168
f 1218/3256/4169 1217/3298/4170 1231/3310/4171 1230/3218/4172
f 1217/3297/4173 1222/3241/4174 1232/3231/4175 1231/3309/4176
f 1222/3241/4177 1221/3301/4178 1225/3304/4179 1224/3242/4180
f 1221/3301/4181 1220/3223/4182 1226/3224/4183 1225/3304/4184
f 1224/3242/4185 1223/3302/4186 1239/3316/4187 1238/3232/4188
f 1223/3303/4189 1228/3227/4190 1240/3228/4191 1239/3315/4192
f 1234/3245/4193 1233/3311/4194 1237/3314/4195 1236/3230/4196
f 1233/3311/4197 1232/3231/4198 1238/3232/4199 1237/3314/4200
f 1196/3195/4201 1202/3234/4202 1214/3212/4203 1208/3211/4204
f 1210/3237/4205 1212/3238/4206 1226/3224/4207 1220/3223/4208
f 1222/3241/4209 1224/3242/4210 1238/3232/4211 1232/3231/4212
f 1234/3245/4213 1236/3230/4214 1204/3199/4215 1194/3191/4216
f 1200/3203/4217 1240/3228/4218 1228/3227/4219 1216/3215/4220
f 1230/3218/4221 1198/3254/4222 1206/3255/4223 1218/3256/4224
f 1193/3281/4225 1194/3257/4226 1195/3283/4227 1196/3195/4228 1197/3285/4229 1198/3254/4230
f 1199/3286/4231 1200/3203/4232 1201/3288/4233 1202/3234/4234 1203/3290/4235 1204/3262/4236
f 1205/3291/4237 1206/3255/4238 1207/3292/4239 1208/3211/4240 1209/3293/4241 1210/3237/4242
f 1211/3294/4243 1212/3238/4244 1213/3295/4245 1214/3212/4246 1215/3296/4247 1216/3215/4248
f 1217/3297/4249 1218/3269/4250 1219/3299/4251 1220/3223/4252 1221/3301/4253 1222/3241/4254
f 1223/3302/4255 1224/3242/4256 1225/3304/4257 1226/3224/4258 1227/3306/4259 1228/3274/4260
f 1229/3308/4261 1230/3275/4262 1231/3309/4263 1232/3231/4264 1233/3311/4265 1234/3245/4266
f 1235/3312/4267 1236/3230/4268 1237/3314/4269 1238/3232/4270 1239/3316/4271 1240/3280/4272
g default
v -207.452424 12.223429 7.481384
v -207.396721 12.200000 7.471562
v -207.386899 12.223429 7.527265
v -207.382830 12.279992 7.550339
v -207.442602 12.279992 7.537088
v -207.475497 12.279992 7.485452
v -193.711262 12.223429 5.058446
v -193.688189 12.279992 5.054378
v -193.701440 12.279992 5.114150
v -193.753075 12.279992 5.147045
v -193.757143 12.223429 5.123972
v -193.766965 12.200000 5.068268
v -207.452424 13.776571 7.481384
v -207.475497 13.720008 7.485452
v -207.442602 13.720008 7.537088
v -207.382830 13.720008 7.550339
v -207.386899 13.776571 7.527265
v -207.396721 13.800000 7.471562
v -193.711262 13.776571 5.058446
v -193.766965 13.800000 5.068268
v -193.757143 13.776571 5.123972
v -193.753075 13.720008 5.147045
v -193.701440 13.720008 5.114150
v -193.688189 13.720008 5.054378
v -207.712302 13.720008 6.007541
v -207.725553 13.720008 6.067313
v -207.702480 13.776571 6.063245
v -207.646777 13.800000 6.053423
v -207.656599 13.776571 5.997719
v -207.660667 13.720008 5.974646
v -193.971140 13.720008 3.584604
v -194.030912 13.720008 3.571353
v -194.026843 13.776571 3.594426
v -194.017021 13.800000 3.650129
v -193.961318 13.776571 3.640307
v -193.938245 13.720008 3.636239
v -207.702480 12.223429 6.063245
v -207.725553 12.279992 6.067313
v -207.712302 12.279992 6.007541
v -207.660667 12.279992 5.974646
v -207.656599 12.223429 5.997719
v -207.646777 12.200000 6.053423
v -193.961318 12.223429 3.640307
v -194.017021 12.200000 3.650129
v -194.026843 12.223429 3.594426
v -194.030912 12.279992 3.571353
v -193.971140 12.279992 3.584604
v -193.938245 12.279992 3.636239
vt 0.331905 0.987501
vt 0.331905 0.762499
vt 0.313502 0.012499
vt 0.016498 0.012499
vt 0.331905 0.012499
vt 0.661429 0.012499
vt 0.331905 0.987501
vt 0.661429 0.987501
vt 0.313502 0.012499
vt 0.313502 0.237501
vt 0.331905 0.012499
vt 0.331905 0.237501
vt 0.680165 0.012499
vt 0.983168 0.012499
vt 0.661429 0.987501
vt 0.661429 0.762499
vt 0.661429 0.012499
vt 0.661429 0.237501
vt 0.680165 0.012499
vt 0.680165 0.237501
vt 0.313502 0.237501
vt 0.016498 0.237501
vt 0.331905 0.262499
vt 0.331905 0.487501
vt 0.331905 0.262499
vt 0.661429 0.262499
vt 0.331905 0.237501
vt 0.661429 0.237501
vt 0.661429 0.262499
vt 0.661429 0.487501
vt 0.680165 0.237501
vt 0.983168 0.237501
vt 0.016498 0.237501
vt 0.016498 0.012499
vt 0.331905 0.512499
vt 0.331905 0.737501
vt 0.331905 0.512499
vt 0.661429 0.512499
vt 0.331905 0.487501
vt 0.661429 0.487501
vt 0.661429 0.512499
vt 0.661429 0.737501
vt 0.983168 0.237501
vt 0.983168 0.012499
vt 0.331905 0.762499
vt 0.661429 0.762499
vt 0.331905 0.737501
vt 0.661429 0.737501
vt 0.331905 0.012499
vt 0.661429 0.012499
vt 0.661429 0.237501
vt 0.331905 0.237501
vt 0.331905 0.262499
vt 0.661429 0.262499
vt 0.661429 0.487501
vt 0.331905 0.487501
vt 0.331905 0.512499
vt 0.661429 0.512499
vt 0.661429 0.737501
vt 0.331905 0.737501
vt 0.331905 0.762499
vt 0.661429 0.762499
vt 0.661429 0.987501
vt 0.331905 0.987501
vt 0.680165 0.012499
vt 0.983168 0.012499
vt 0.983168 0.237501
vt 0.680165 0.237501
vt 0.016498 0.012499
vt 0.313502 0.012499
vt 0.313502 0.237501
vt 0.016498 0.237501
vt 0.331905 0.000000
vt 0.331905 0.012499
vt 0.313502 0.012499
vt 0.680165 0.012499
vt 0.661429 0.012499
vt 0.661429 -0.000000
vt 0.313502 0.237501
vt 0.331905 0.237501
vt 0.331905 0.262499
vt 0.661429 0.262499
vt 0.661429 0.237501
vt 0.680165 0.237501
vt 0.330000 0.487501
vt 0.331905 0.487501
vt 0.331905 0.512499
vt 0.661429 0.512499
vt 0.661429 0.487501
vt 0.663333 0.487501
vt 0.330000 0.737501
vt 0.331905 0.737501
vt 0.331905 0.762499
vt 0.661429 0.762499
vt 0.661429 0.737501
vt 0.663333 0.737501
vt 0.319546 0.000490
vt 0.331830 0.977705
vt 0.333349 0.000000
vt 0.333349 0.987501
vt 0.322704 0.012867
vt 0.674036 0.000490
vt 0.661503 0.977705
vt 0.670732 0.012585
vt 0.659984 0.987501
vt 0.659984 -0.000000
vt 0.330000 0.250000
vt 0.323019 0.237427
vt 0.331911 0.250000
vt 0.663333 0.250000
vt 0.661427 0.249979
vt 0.670797 0.237133
vt 0.330000 0.497297
vt 0.016498 0.228685
vt 0.330000 0.477816
vt 0.029283 0.238011
vt 0.331911 0.500000
vt 0.663333 0.497297
vt 0.983168 0.228685
vt 0.661427 0.499971
vt 0.970125 0.238011
vt 0.663333 0.477816
vt 0.028857 0.012009
vt 0.330075 0.747297
vt 0.330000 0.727705
vt 0.016498 0.021315
vt 0.331911 0.750000
vt 0.663259 0.747297
vt 0.970561 0.012009
vt 0.661427 0.749971
vt 0.983168 0.021315
vt 0.663333 0.727705
vn -0.376870 -0.923880 0.066452
vn -0.376870 -0.923880 0.066452
vn -0.376870 -0.923880 0.066452
vn -0.376870 -0.923880 0.066452
vn -0.909844 -0.382682 0.160430
vn -0.909844 -0.382682 0.160430
vn -0.909844 -0.382682 0.160430
vn -0.909844 -0.382682 0.160430
vn 0.160430 -0.382683 0.909844
vn 0.160430 -0.382683 0.909844
vn 0.160430 -0.382683 0.909844
vn 0.160430 -0.382683 0.909844
vn 0.066452 -0.923880 0.376869
vn 0.066452 -0.923880 0.376869
vn 0.066452 -0.923880 0.376869
vn 0.066452 -0.923880 0.376869
vn -0.843393 0.000000 0.537297
vn -0.843393 0.000000 0.537297
vn -0.843393 0.000000 0.537297
vn -0.843393 0.000000 0.537297
vn -0.216439 0.000000 0.976296
vn -0.216439 0.000000 0.976296
vn -0.216439 0.000000 0.976296
vn -0.216439 0.000000 0.976296
vn 0.909844 -0.382682 -0.160430
vn 0.909844 -0.382682 -0.160430
vn 0.909844 -0.382682 -0.160430
vn 0.909844 -0.382682 -0.160430
vn 0.376870 -0.923880 -0.066452
vn 0.376870 -0.923880 -0.066452
vn 0.376870 -0.923880 -0.066452
vn 0.376870 -0.923880 -0.066452
vn 0.537299 0.000000 0.843392
vn 0.537299 0.000000 0.843392
vn 0.537299 0.000000 0.843392
vn 0.537299 0.000000 0.843392
vn 0.976297 0.000000 0.216436
vn 0.976297 0.000000 0.216436
vn 0.976297 0.000000 0.216436
vn 0.976297 0.000000 0.216436
vn -0.909844 0.382682 0.160430
vn -0.909844 0.382682 0.160430
vn -0.909844 0.382682 0.160430
vn -0.909844 0.382682 0.160430
vn -0.376870 0.923880 0.066452
vn -0.376870 0.923880 0.066452
vn -0.376870 0.923880 0.066452
vn -0.376870 0.923880 0.066452
vn 0.066452 0.923880 0.376869
vn 0.066452 0.923880 0.376869
vn 0.066452 0.923880 0.376869
vn 0.066452 0.923880 0.376869
vn 0.160430 0.382683 0.909844
vn 0.160430 0.382683 0.909844
vn 0.160430 0.382683 0.909844
vn 0.160430 0.382683 0.909844
vn 0.376870 0.923880 -0.066452
vn 0.376870 0.923880 -0.066452
vn 0.376870 0.923880 -0.066452
vn 0.376870 0.923880 -0.066452
vn 0.909844 0.382682 -0.160430
vn 0.909844 0.382682 -0.160430
vn 0.909844 0.382682 -0.160430
vn 0.909844 0.382682 -0.160430
vn -0.976297 0.000000 -0.216436
vn -0.976297 0.000000 -0.216436
vn -0.976297 0.000000 -0.216436
vn -0.976297 0.000000 -0.216436
vn -0.537299 0.000000 -0.843392
vn -0.537299 0.000000 -0.843392
vn -0.537299 0.000000 -0.843392
vn -0.537299 0.000000 -0.843392
vn -0.160430 0.382683 -0.909844
vn -0.160430 0.382683 -0.909844
vn -0.160430 0.382683 -0.909844
vn -0.160430 0.382683 -0.909844
vn -0.066452 0.923880 -0.376869
vn -0.066452 0.923880 -0.376869
vn -0.066452 0.923880 -0.376869
vn -0.066452 0.923880 -0.376869
vn 0.216439 0.000000 -0.976296
vn 0.216439 0.000000 -0.976296
vn 0.216439 0.000000 -0.976296
vn 0.216439 0.000000 -0.976296
vn 0.843393 0.000000 -0.537297
vn 0.843393 0.000000 -0.537297
vn 0.843393 0.000000 -0.537297
vn 0.843393 0.000000 -0.537297
vn -0.066452 -0.923880 -0.376869
vn -0.066452 -0.923880 -0.376869
vn -0.066452 -0.923880 -0.376869
vn -0.066452 -0.923880 -0.376869
vn -0.160430 -0.382683 -0.909844
vn -0.160430 -0.382683 -0.909844
vn -0.160430 -0.382683 -0.909844
vn -0.160430 -0.382683 -0.909844
vn 0.173648 0.000000 0.984808
vn 0.173648 0.000000 0.984808
vn 0.173648 0.000000 0.984808
vn 0.173648 0.000000 0.984808
vn 0.000000 1.000000 0.000000
vn 0.000000 1.000000 0.000000
vn 0.000000 1.000000 0.000000
vn 0.000000 1.000000 0.000000
vn -0.173648 0.000000 -0.984808
vn -0.173648 0.000000 -0.984808
vn -0.173648 0.000000 -0.984808
vn -0.173648 0.000000 -0.984808
vn 0.000000 -1.000000 0.000000
vn 0.000000 -1.000000 0.000000
vn 0.000000 -1.000000 0.000000
vn 0.000000 -1.000000 0.000000
vn 0.984808 0.000000 -0.173648
vn 0.984808 0.000000 -0.173648
vn 0.984808 0.000000 -0.173648
vn 0.984808 0.000000 -0.173648
vn -0.984808 0.000000 0.173648
vn -0.984808 0.000000 0.173648
vn -0.984808 0.000000 0.173648
vn -0.984808 0.000000 0.173648
vn -0.468324 -0.577349 0.668836
vn -0.468324 -0.577349 0.668836
vn -0.468324 -0.577349 0.668836
vn -0.468324 -0.577349 0.668836
vn -0.468324 -0.577349 0.668836
vn -0.468324 -0.577349 0.668836
vn 0.668836 -0.577349 0.468323
vn 0.668836 -0.577349 0.468323
vn 0.668836 -0.577349 0.468323
vn 0.668836 -0.577349 0.468323
vn 0.668836 -0.577349 0.468323
vn 0.668836 -0.577349 0.468323
vn -0.468324 0.577349 0.668835
vn -0.468324 0.577349 0.668835
vn -0.468324 0.577349 0.668835
vn -0.468324 0.577349 0.668835
vn -0.468324 0.577349 0.668835
vn -0.468324 0.577349 0.668835
vn 0.668836 0.577349 0.468324
vn 0.668836 0.577349 0.468324
vn 0.668836 0.577349 0.468323
vn 0.668836 0.577349 0.468324
vn 0.668836 0.577349 0.468324
vn 0.668836 0.577349 0.468324
vn -0.668835 0.577350 -0.468323
vn -0.668835 0.577350 -0.468323
vn -0.668835 0.577350 -0.468323
vn -0.668835 0.577350 -0.468323
vn -0.668835 0.577350 -0.468323
vn -0.668835 0.577350 -0.468323
vn 0.468324 0.577349 -0.668836
vn 0.468324 0.577349 -0.668836
vn 0.468324 0.577349 -0.668836
vn 0.468324 0.577349 -0.668836
vn 0.468324 0.577349 -0.668836
vn 0.468324 0.577349 -0.668836
vn -0.668836 -0.577349 -0.468323
vn -0.668836 -0.577349 -0.468323
vn -0.668836 -0.577349 -0.468323
vn -0.668836 -0.577349 -0.468323
vn -0.668836 -0.577349 -0.468323
vn -0.668836 -0.577349 -0.468323
vn 0.468324 -0.577349 -0.668836
vn 0.468324 -0.577349 -0.668836
vn 0.468324 -0.577349 -0.668836
vn 0.468324 -0.577349 -0.668836
vn 0.468324 -0.577349 -0.668836
vn 0.468324 -0.577349 -0.668836
s off
g GRP_Retro_Office_Desk GRP_Props_Backrooms Backrooms_Level0_Master_GRP Desk_Drawer_Handle_3
f 1242/3323/4273 1241/3414/4274 1277/3440/4275 1282/3377/4276
f 1241/3413/4277 1246/3386/4278 1278/3350/4279 1277/3439/4280
f 1244/3327/4281 1243/3415/4282 1251/3422/4283 1250/3366/4284
f 1243/3416/4285 1242/3323/4286 1252/3331/4287 1251/3421/4288
f 1246/3386/4289 1245/3417/4290 1255/3424/4291 1254/3387/4292
f 1245/3417/4293 1244/3327/4294 1256/3343/4295 1255/3424/4296
f 1248/3335/4297 1247/3418/4298 1283/3445/4299 1288/3360/4300
f 1247/3419/4301 1252/3331/4302 1284/3362/4303 1283/3444/4304
f 1250/3366/4305 1249/3420/4306 1263/3428/4307 1262/3344/4308
f 1249/3420/4309 1248/3335/4310 1264/3347/4311 1263/3428/4312
f 1254/3387/4313 1253/3423/4314 1267/3432/4315 1266/3388/4316
f 1253/3423/4317 1258/3369/4318 1268/3355/4319 1267/3431/4320
f 1258/3369/4321 1257/3425/4322 1261/3427/4323 1260/3370/4324
f 1257/3425/4325 1256/3343/4326 1262/3344/4327 1261/3427/4328
f 1260/3370/4329 1259/3426/4330 1275/3438/4331 1274/3356/4332
f 1259/3426/4333 1264/3347/4334 1276/3359/4335 1275/3437/4336
f 1266/3388/4337 1265/3430/4338 1279/3442/4339 1278/3350/4340
f 1265/3429/4341 1270/3373/4342 1280/3363/4343 1279/3441/4344
f 1270/3373/4345 1269/3433/4346 1273/3436/4347 1272/3374/4348
f 1269/3433/4349 1268/3355/4350 1274/3356/4351 1273/3436/4352
f 1272/3374/4353 1271/3434/4354 1287/3448/4355 1286/3364/4356
f 1271/3435/4357 1276/3359/4358 1288/3360/4359 1287/3447/4360
f 1282/3377/4361 1281/3443/4362 1285/3446/4363 1284/3362/4364
f 1281/3443/4365 1280/3363/4366 1286/3364/4367 1285/3446/4368
f 1244/3327/4369 1250/3366/4370 1262/3344/4371 1256/3343/4372
f 1258/3369/4373 1260/3370/4374 1274/3356/4375 1268/3355/4376
f 1270/3373/4377 1272/3374/4378 1286/3364/4379 1280/3363/4380
f 1282/3377/4381 1284/3362/4382 1252/3331/4383 1242/3323/4384
f 1248/3335/4385 1288/3360/4386 1276/3359/4387 1264/3347/4388
f 1278/3350/4389 1246/3386/4390 1254/3387/4391 1266/3388/4392
f 1241/3413/4393 1242/3389/4394 1243/3415/4395 1244/3327/4396 1245/3417/4397 1246/3386/4398
f 1247/3418/4399 1248/3335/4400 1249/3420/4401 1250/3366/4402 1251/3422/4403 1252/3394/4404
f 1253/3423/4405 1254/3387/4406 1255/3424/4407 1256/3343/4408 1257/3425/4409 1258/3369/4410
f 1259/3426/4411 1260/3370/4412 1261/3427/4413 1262/3344/4414 1263/3428/4415 1264/3347/4416
f 1265/3429/4417 1266/3401/4418 1267/3431/4419 1268/3355/4420 1269/3433/4421 1270/3373/4422
f 1271/3434/4423 1272/3374/4424 1273/3436/4425 1274/3356/4426 1275/3438/4427 1276/3406/4428
f 1277/3440/4429 1278/3407/4430 1279/3441/4431 1280/3363/4432 1281/3443/4433 1282/3377/4434
f 1283/3444/4435 1284/3362/4436 1285/3446/4437 1286/3364/4438 1287/3448/4439 1288/3412/4440
g default
v -194.250098 23.500000 -61.478845
v -93.799707 23.500000 -79.190959
v -194.250098 68.500000 -61.478845
v -93.799707 68.500000 -79.190959
v -194.562665 68.500000 -63.251499
v -94.112274 68.500000 -80.963613
v -194.562665 23.500000 -63.251499
v -94.112274 23.500000 -80.963613
vt 0.330000 0.000000
vt 0.663333 0.000000
vt 0.330000 0.250000
vt 0.663333 0.250000
vt 0.330000 0.500000
vt 0.663333 0.500000
vt 0.330000 0.750000
vt 0.663333 0.750000
vt 0.330000 1.000000
vt 0.663333 1.000000
vt 1.000000 0.000000
vt 1.000000 0.250000
vt 0.000000 0.000000
vt 0.000000 0.250000
vn 0.173648 0.000000 0.984808
vn 0.173648 0.000000 0.984808
vn 0.173648 0.000000 0.984808
vn 0.173648 0.000000 0.984808
vn 0.000000 1.000000 0.000000
vn 0.000000 1.000000 0.000000
vn 0.000000 1.000000 0.000000
vn 0.000000 1.000000 0.000000
vn -0.173648 0.000000 -0.984808
vn -0.173648 0.000000 -0.984808
vn -0.173648 0.000000 -0.984808
vn -0.173648 0.000000 -0.984808
vn 0.000000 -1.000000 0.000000
vn 0.000000 -1.000000 0.000000
vn 0.000000 -1.000000 0.000000
vn 0.000000 -1.000000 0.000000
vn 0.984808 0.000000 -0.173648
vn 0.984808 0.000000 -0.173648
vn 0.984808 0.000000 -0.173648
vn 0.984808 0.000000 -0.173648
vn -0.984808 0.000000 0.173648
vn -0.984808 0.000000 0.173648
vn -0.984808 0.000000 0.173648
vn -0.984808 0.000000 0.173648
s off
g GRP_Retro_Office_Desk GRP_Props_Backrooms Backrooms_Level0_Master_GRP Desk_Modesty_Panel
f 1289/3449/4441 1290/3450/4442 1292/3452/4443 1291/3451/4444
f 1291/3451/4445 1292/3452/4446 1294/3454/4447 1293/3453/4448
f 1293/3453/4449 1294/3454/4450 1296/3456/4451 1295/3455/4452
f 1295/3455/4453 1296/3456/4454 1290/3458/4455 1289/3457/4456
f 1290/3450/4457 1296/3459/4458 1294/3460/4459 1292/3452/4460
f 1295/3461/4461 1289/3449/4462 1291/3451/4463 1293/3462/4464
g default
v -194.250098 23.500000 -61.478845
v -93.799707 23.500000 -79.190959
v -194.250098 68.500000 -61.478845
v -93.799707 68.500000 -79.190959
v -194.562665 68.500000 -63.251499
v -94.112274 68.500000 -80.963613
v -194.562665 23.500000 -63.251499
v -94.112274 23.500000 -80.963613
vt 0.330000 0.000000
vt 0.663333 0.000000
vt 0.330000 0.250000
vt 0.663333 0.250000
vt 0.330000 0.500000
vt 0.663333 0.500000
vt 0.330000 0.750000
vt 0.663333 0.750000
vt 0.330000 1.000000
vt 0.663333 1.000000
vt 1.000000 0.000000
vt 1.000000 0.250000
vt 0.000000 0.000000
vt 0.000000 0.250000
vn 0.173648 0.000000 0.984808
vn 0.173648 0.000000 0.984808
vn 0.173648 0.000000 0.984808
vn 0.173648 0.000000 0.984808
vn 0.000000 1.000000 0.000000
vn 0.000000 1.000000 0.000000
vn 0.000000 1.000000 0.000000
vn 0.000000 1.000000 0.000000
vn -0.173648 0.000000 -0.984808
vn -0.173648 0.000000 -0.984808
vn -0.173648 0.000000 -0.984808
vn -0.173648 0.000000 -0.984808
vn 0.000000 -1.000000 0.000000
vn 0.000000 -1.000000 0.000000
vn 0.000000 -1.000000 0.000000
vn 0.000000 -1.000000 0.000000
vn 0.984808 0.000000 -0.173648
vn 0.984808 0.000000 -0.173648
vn 0.984808 0.000000 -0.173648
vn 0.984808 0.000000 -0.173648
vn -0.984808 0.000000 0.173648
vn -0.984808 0.000000 0.173648
vn -0.984808 0.000000 0.173648
vn -0.984808 0.000000 0.173648
s off
g GRP_Retro_Office_Desk GRP_Props_Backrooms Backrooms_Level0_Master_GRP Desk_Modesty_Panel
f 1297/3463/4465 1298/3464/4466 1300/3466/4467 1299/3465/4468
f 1299/3465/4469 1300/3466/4470 1302/3468/4471 1301/3467/4472
f 1301/3467/4473 1302/3468/4474 1304/3470/4475 1303/3469/4476
f 1303/3469/4477 1304/3470/4478 1298/3472/4479 1297/3471/4480
f 1298/3464/4481 1304/3473/4482 1302/3474/4483 1300/3466/4484
f 1303/3475/4485 1297/3463/4486 1299/3465/4487 1301/3476/4488
g default
v -85.553342 1.000000 -18.602450
v -82.795881 1.000000 -19.088664
v -85.553342 69.000000 -18.602450
v -82.795881 69.000000 -19.088664
v -97.361418 69.000000 -85.569377
v -94.603957 69.000000 -86.055592
v -97.361418 1.000000 -85.569377
v -94.603957 1.000000 -86.055592
vt 0.330000 0.000000
vt 0.663333 0.000000
vt 0.330000 0.250000
vt 0.663333 0.250000
vt 0.330000 0.500000
vt 0.663333 0.500000
vt 0.330000 0.750000
vt 0.663333 0.750000
vt 0.330000 1.000000
vt 0.663333 1.000000
vt 1.000000 0.000000
vt 1.000000 0.250000
vt 0.000000 0.000000
vt 0.000000 0.250000
vn 0.173648 0.000000 0.984808
vn 0.173648 0.000000 0.984808
vn 0.173648 0.000000 0.984808
vn 0.173648 0.000000 0.984808
vn 0.000000 1.000000 0.000000
vn 0.000000 1.000000 0.000000
vn 0.000000 1.000000 0.000000
vn 0.000000 1.000000 0.000000
vn -0.173648 0.000000 -0.984808
vn -0.173648 0.000000 -0.984808
vn -0.173648 0.000000 -0.984808
vn -0.173648 0.000000 -0.984808
vn 0.000000 -1.000000 0.000000
vn 0.000000 -1.000000 0.000000
vn 0.000000 -1.000000 0.000000
vn 0.000000 -1.000000 0.000000
vn 0.984808 0.000000 -0.173648
vn 0.984808 0.000000 -0.173648
vn 0.984808 0.000000 -0.173648
vn 0.984808 0.000000 -0.173648
vn -0.984808 0.000000 0.173648
vn -0.984808 0.000000 0.173648
vn -0.984808 0.000000 0.173648
vn -0.984808 0.000000 0.173648
s off
g GRP_Retro_Office_Desk GRP_Props_Backrooms Backrooms_Level0_Master_GRP Desk_Side_Panel_Right
f 1305/3477/4489 1306/3478/4490 1308/3480/4491 1307/3479/4492
f 1307/3479/4493 1308/3480/4494 1310/3482/4495 1309/3481/4496
f 1309/3481/4497 1310/3482/4498 1312/3484/4499 1311/3483/4500
f 1311/3483/4501 1312/3484/4502 1306/3486/4503 1305/3485/4504
f 1306/3478/4505 1312/3487/4506 1310/3488/4507 1308/3480/4508
f 1311/3489/4509 1305/3477/4510 1307/3479/4511 1309/3490/4512
g default
v -85.553342 1.000000 -18.602450
v -82.795881 1.000000 -19.088664
v -85.553342 69.000000 -18.602450
v -82.795881 69.000000 -19.088664
v -97.361418 69.000000 -85.569377
v -94.603957 69.000000 -86.055592
v -97.361418 1.000000 -85.569377
v -94.603957 1.000000 -86.055592
vt 0.330000 0.000000
vt 0.663333 0.000000
vt 0.330000 0.250000
vt 0.663333 0.250000
vt 0.330000 0.500000
vt 0.663333 0.500000
vt 0.330000 0.750000
vt 0.663333 0.750000
vt 0.330000 1.000000
vt 0.663333 1.000000
vt 1.000000 0.000000
vt 1.000000 0.250000
vt 0.000000 0.000000
vt 0.000000 0.250000
vn 0.173648 0.000000 0.984808
vn 0.173648 0.000000 0.984808
vn 0.173648 0.000000 0.984808
vn 0.173648 0.000000 0.984808
vn 0.000000 1.000000 0.000000
vn 0.000000 1.000000 0.000000
vn 0.000000 1.000000 0.000000
vn 0.000000 1.000000 0.000000
vn -0.173648 0.000000 -0.984808
vn -0.173648 0.000000 -0.984808
vn -0.173648 0.000000 -0.984808
vn -0.173648 0.000000 -0.984808
vn 0.000000 -1.000000 0.000000
vn 0.000000 -1.000000 0.000000
vn 0.000000 -1.000000 0.000000
vn 0.000000 -1.000000 0.000000
vn 0.984808 0.000000 -0.173648
vn 0.984808 0.000000 -0.173648
vn 0.984808 0.000000 -0.173648
vn 0.984808 0.000000 -0.173648
vn -0.984808 0.000000 0.173648
vn -0.984808 0.000000 0.173648
vn -0.984808 0.000000 0.173648
vn -0.984808 0.000000 0.173648
s off
g GRP_Retro_Office_Desk GRP_Props_Backrooms Backrooms_Level0_Master_GRP Desk_Side_Panel_Right
f 1313/3491/4513 1314/3492/4514 1316/3494/4515 1315/3493/4516
f 1315/3493/4517 1316/3494/4518 1318/3496/4519 1317/3495/4520
f 1317/3495/4521 1318/3496/4522 1320/3498/4523 1319/3497/4524
f 1319/3497/4525 1320/3498/4526 1314/3500/4527 1313/3499/4528
f 1314/3492/4529 1320/3501/4530 1318/3502/4531 1316/3494/4532
f 1319/3503/4533 1313/3491/4534 1315/3493/4535 1317/3504/4536
g default
v -216.567866 0.000000 -0.637096
v -217.567739 0.000000 -1.124767
v -218.663300 0.000000 -0.931590
v -219.436080 0.000000 -0.131352
v -219.590905 0.000000 0.970283
v -219.068636 0.000000 1.952528
v -218.068762 0.000000 2.440199
v -216.973202 0.000000 2.247022
v -216.200422 0.000000 1.446784
v -216.045597 0.000000 0.345149
v -216.567866 2.000000 -0.637096
v -217.567739 2.000000 -1.124767
v -218.663300 2.000000 -0.931590
v -219.436080 2.000000 -0.131352
v -219.590905 2.000000 0.970283
v -219.068636 2.000000 1.952528
v -218.068762 2.000000 2.440199
v -216.973202 2.000000 2.247022
v -216.200422 2.000000 1.446784
v -216.045597 2.000000 0.345149
vt 0.906388 0.051527
vt 0.656388 0.006118
vt 0.347371 0.006118
vt 0.097371 0.051527
vt 0.001880 0.125000
vt 0.097371 0.198473
vt 0.347371 0.243882
vt 0.656388 0.243882
vt 0.906388 0.198473
vt 1.001880 0.125000
vt 0.000000 0.250000
vt 0.100000 0.250000
vt 0.200000 0.250000
vt 0.300000 0.250000
vt 0.400000 0.250000
vt 0.500000 0.250000
vt 0.600000 0.250000
vt 0.700000 0.250000
vt 0.800000 0.250000
vt 0.900000 0.250000
vt 1.000000 0.250000
vt 0.000000 0.750000
vt 0.100000 0.750000
vt 0.200000 0.750000
vt 0.300000 0.750000
vt 0.400000 0.750000
vt 0.500000 0.750000
vt 0.600000 0.750000
vt 0.700000 0.750000
vt 0.800000 0.750000
vt 0.900000 0.750000
vt 1.000000 0.750000
vt 0.906388 0.801527
vt 0.656388 0.756118
vt 0.347371 0.756118
vt 0.097371 0.801527
vt 0.001880 0.875000
vt 0.097371 0.948473
vt 0.347371 0.993882
vt 0.656388 0.993882
vt 0.906388 0.948473
vt 1.001880 0.875000
vn 0.438371 0.000000 -0.898794
vn 0.438371 0.000000 -0.898794
vn 0.438371 0.000000 -0.898794
vn 0.438371 0.000000 -0.898794
vn -0.173648 0.000000 -0.984808
vn -0.173648 0.000000 -0.984808
vn -0.173648 0.000000 -0.984808
vn -0.173648 0.000000 -0.984808
vn -0.719340 0.000000 -0.694658
vn -0.719340 0.000000 -0.694658
vn -0.719340 0.000000 -0.694658
vn -0.719340 0.000000 -0.694658
vn -0.990268 0.000000 -0.139173
vn -0.990268 0.000000 -0.139173
vn -0.990268 0.000000 -0.139173
vn -0.990268 0.000000 -0.139173
vn -0.882948 0.000000 0.469472
vn -0.882948 0.000000 0.469472
vn -0.882948 0.000000 0.469472
vn -0.882948 0.000000 0.469472
vn -0.438371 0.000000 0.898794
vn -0.438371 0.000000 0.898794
vn -0.438371 0.000000 0.898794
vn -0.438371 0.000000 0.898794
vn 0.173648 0.000000 0.984808
vn 0.173648 0.000000 0.984808
vn 0.173648 0.000000 0.984808
vn 0.173648 0.000000 0.984808
vn 0.719340 0.000000 0.694658
vn 0.719340 0.000000 0.694658
vn 0.719340 0.000000 0.694658
vn 0.719340 0.000000 0.694658
vn 0.990268 0.000000 0.139173
vn 0.990268 0.000000 0.139173
vn 0.990268 0.000000 0.139173
vn 0.990268 0.000000 0.139173
vn 0.882948 0.000000 -0.469471
vn 0.882948 0.000000 -0.469471
vn 0.882948 0.000000 -0.469471
vn 0.882948 0.000000 -0.469471
vn 0.000000 -1.000000 0.000000
vn 0.000000 -1.000000 0.000000
vn 0.000000 -1.000000 0.000000
vn 0.000000 -1.000000 0.000000
vn 0.000000 -1.000000 0.000000
vn 0.000000 -1.000000 0.000000
vn 0.000000 -1.000000 0.000000
vn 0.000000 -1.000000 0.000000
vn 0.000000 -1.000000 0.000000
vn 0.000000 -1.000000 0.000000
vn 0.000000 1.000000 0.000000
vn 0.000000 1.000000 0.000000
vn 0.000000 1.000000 0.000000
vn 0.000000 1.000000 0.000000
vn 0.000000 1.000000 0.000000
vn 0.000000 1.000000 0.000000
vn 0.000000 1.000000 0.000000
vn 0.000000 1.000000 0.000000
vn 0.000000 1.000000 0.000000
vn 0.000000 1.000000 0.000000
s off
g GRP_Retro_Office_Desk GRP_Props_Backrooms Backrooms_Level0_Master_GRP Desk_Foot_Leveler
f 1321/3515/4537 1322/3516/4538 1332/3527/4539 1331/3526/4540
f 1322/3516/4541 1323/3517/4542 1333/3528/4543 1332/3527/4544
f 1323/3517/4545 1324/3518/4546 1334/3529/4547 1333/3528/4548
f 1324/3518/4549 1325/3519/4550 1335/3530/4551 1334/3529/4552
f 1325/3519/4553 1326/3520/4554 1336/3531/4555 1335/3530/4556
f 1326/3520/4557 1327/3521/4558 1337/3532/4559 1336/3531/4560
f 1327/3521/4561 1328/3522/4562 1338/3533/4563 1337/3532/4564
f 1328/3522/4565 1329/3523/4566 1339/3534/4567 1338/3533/4568
f 1329/3523/4569 1330/3524/4570 1340/3535/4571 1339/3534/4572
f 1330/3524/4573 1321/3525/4574 1331/3536/4575 1340/3535/4576
f 1321/3505/4577 1330/3514/4578 1329/3513/4579 1328/3512/4580 1327/3511/4581 1326/3510/4582 1325/3509/4583 1324/3508/4584 1323/3507/4585 1322/3506/4586
f 1331/3545/4587 1332/3544/4588 1333/3543/4589 1334/3542/4590 1335/3541/4591 1336/3540/4592 1337/3539/4593 1338/3538/4594 1339/3537/4595 1340/3546/4596
g default
v -216.567866 0.000000 -0.637096
v -217.567739 0.000000 -1.124767
v -218.663300 0.000000 -0.931590
v -219.436080 0.000000 -0.131352
v -219.590905 0.000000 0.970283
v -219.068636 0.000000 1.952528
v -218.068762 0.000000 2.440199
v -216.973202 0.000000 2.247022
v -216.200422 0.000000 1.446784
v -216.045597 0.000000 0.345149
v -216.567866 2.000000 -0.637096
v -217.567739 2.000000 -1.124767
v -218.663300 2.000000 -0.931590
v -219.436080 2.000000 -0.131352
v -219.590905 2.000000 0.970283
v -219.068636 2.000000 1.952528
v -218.068762 2.000000 2.440199
v -216.973202 2.000000 2.247022
v -216.200422 2.000000 1.446784
v -216.045597 2.000000 0.345149
vt 0.906388 0.051527
vt 0.656388 0.006118
vt 0.347371 0.006118
vt 0.097371 0.051527
vt 0.001880 0.125000
vt 0.097371 0.198473
vt 0.347371 0.243882
vt 0.656388 0.243882
vt 0.906388 0.198473
vt 1.001880 0.125000
vt 0.000000 0.250000
vt 0.100000 0.250000
vt 0.200000 0.250000
vt 0.300000 0.250000
vt 0.400000 0.250000
vt 0.500000 0.250000
vt 0.600000 0.250000
vt 0.700000 0.250000
vt 0.800000 0.250000
vt 0.900000 0.250000
vt 1.000000 0.250000
vt 0.000000 0.750000
vt 0.100000 0.750000
vt 0.200000 0.750000
vt 0.300000 0.750000
vt 0.400000 0.750000
vt 0.500000 0.750000
vt 0.600000 0.750000
vt 0.700000 0.750000
vt 0.800000 0.750000
vt 0.900000 0.750000
vt 1.000000 0.750000
vt 0.906388 0.801527
vt 0.656388 0.756118
vt 0.347371 0.756118
vt 0.097371 0.801527
vt 0.001880 0.875000
vt 0.097371 0.948473
vt 0.347371 0.993882
vt 0.656388 0.993882
vt 0.906388 0.948473
vt 1.001880 0.875000
vn 0.438371 0.000000 -0.898794
vn 0.438371 0.000000 -0.898794
vn 0.438371 0.000000 -0.898794
vn 0.438371 0.000000 -0.898794
vn -0.173648 0.000000 -0.984808
vn -0.173648 0.000000 -0.984808
vn -0.173648 0.000000 -0.984808
vn -0.173648 0.000000 -0.984808
vn -0.719340 0.000000 -0.694658
vn -0.719340 0.000000 -0.694658
vn -0.719340 0.000000 -0.694658
vn -0.719340 0.000000 -0.694658
vn -0.990268 0.000000 -0.139173
vn -0.990268 0.000000 -0.139173
vn -0.990268 0.000000 -0.139173
vn -0.990268 0.000000 -0.139173
vn -0.882948 0.000000 0.469472
vn -0.882948 0.000000 0.469472
vn -0.882948 0.000000 0.469472
vn -0.882948 0.000000 0.469472
vn -0.438371 0.000000 0.898794
vn -0.438371 0.000000 0.898794
vn -0.438371 0.000000 0.898794
vn -0.438371 0.000000 0.898794
vn 0.173648 0.000000 0.984808
vn 0.173648 0.000000 0.984808
vn 0.173648 0.000000 0.984808
vn 0.173648 0.000000 0.984808
vn 0.719340 0.000000 0.694658
vn 0.719340 0.000000 0.694658
vn 0.719340 0.000000 0.694658
vn 0.719340 0.000000 0.694658
vn 0.990268 0.000000 0.139173
vn 0.990268 0.000000 0.139173
vn 0.990268 0.000000 0.139173
vn 0.990268 0.000000 0.139173
vn 0.882948 0.000000 -0.469471
vn 0.882948 0.000000 -0.469471
vn 0.882948 0.000000 -0.469471
vn 0.882948 0.000000 -0.469471
vn 0.000000 -1.000000 0.000000
vn 0.000000 -1.000000 0.000000
vn 0.000000 -1.000000 0.000000
vn 0.000000 -1.000000 0.000000
vn 0.000000 -1.000000 0.000000
vn 0.000000 -1.000000 0.000000
vn 0.000000 -1.000000 0.000000
vn 0.000000 -1.000000 0.000000
vn 0.000000 -1.000000 0.000000
vn 0.000000 -1.000000 0.000000
vn 0.000000 1.000000 0.000000
vn 0.000000 1.000000 0.000000
vn 0.000000 1.000000 0.000000
vn 0.000000 1.000000 0.000000
vn 0.000000 1.000000 0.000000
vn 0.000000 1.000000 0.000000
vn 0.000000 1.000000 0.000000
vn 0.000000 1.000000 0.000000
vn 0.000000 1.000000 0.000000
vn 0.000000 1.000000 0.000000
s off
g GRP_Retro_Office_Desk GRP_Props_Backrooms Backrooms_Level0_Master_GRP Desk_Foot_Leveler
f 1341/3557/4597 1342/3558/4598 1352/3569/4599 1351/3568/4600
f 1342/3558/4601 1343/3559/4602 1353/3570/4603 1352/3569/4604
f 1343/3559/4605 1344/3560/4606 1354/3571/4607 1353/3570/4608
f 1344/3560/4609 1345/3561/4610 1355/3572/4611 1354/3571/4612
f 1345/3561/4613 1346/3562/4614 1356/3573/4615 1355/3572/4616
f 1346/3562/4617 1347/3563/4618 1357/3574/4619 1356/3573/4620
f 1347/3563/4621 1348/3564/4622 1358/3575/4623 1357/3574/4624
f 1348/3564/4625 1349/3565/4626 1359/3576/4627 1358/3575/4628
f 1349/3565/4629 1350/3566/4630 1360/3577/4631 1359/3576/4632
f 1350/3566/4633 1341/3567/4634 1351/3578/4635 1360/3577/4636
f 1341/3547/4637 1350/3556/4638 1349/3555/4639 1348/3554/4640 1347/3553/4641 1346/3552/4642 1345/3551/4643 1344/3550/4644 1343/3549/4645 1342/3548/4646
f 1351/3587/4647 1352/3586/4648 1353/3585/4649 1354/3584/4650 1355/3583/4651 1356/3582/4652 1357/3581/4653 1358/3580/4654 1359/3579/4655 1360/3588/4656
g default
v -226.986756 0.000000 -59.725561
v -227.986630 0.000000 -60.213232
v -229.082191 0.000000 -60.020055
v -229.854971 0.000000 -59.219817
v -230.009796 0.000000 -58.118182
v -229.487527 0.000000 -57.135937
v -228.487653 0.000000 -56.648267
v -227.392093 0.000000 -56.841444
v -226.619312 0.000000 -57.641681
v -226.464488 0.000000 -58.743316
v -226.986756 2.000000 -59.725561
v -227.986630 2.000000 -60.213232
v -229.082191 2.000000 -60.020055
v -229.854971 2.000000 -59.219817
v -230.009796 2.000000 -58.118182
v -229.487527 2.000000 -57.135937
v -228.487653 2.000000 -56.648267
v -227.392093 2.000000 -56.841444
v -226.619312 2.000000 -57.641681
v -226.464488 2.000000 -58.743316
vt 0.906388 0.051527
vt 0.656388 0.006118
vt 0.347371 0.006118
vt 0.097371 0.051527
vt 0.001880 0.125000
vt 0.097371 0.198473
vt 0.347371 0.243882
vt 0.656388 0.243882
vt 0.906388 0.198473
vt 1.001880 0.125000
vt 0.000000 0.250000
vt 0.100000 0.250000
vt 0.200000 0.250000
vt 0.300000 0.250000
vt 0.400000 0.250000
vt 0.500000 0.250000
vt 0.600000 0.250000
vt 0.700000 0.250000
vt 0.800000 0.250000
vt 0.900000 0.250000
vt 1.000000 0.250000
vt 0.000000 0.750000
vt 0.100000 0.750000
vt 0.200000 0.750000
vt 0.300000 0.750000
vt 0.400000 0.750000
vt 0.500000 0.750000
vt 0.600000 0.750000
vt 0.700000 0.750000
vt 0.800000 0.750000
vt 0.900000 0.750000
vt 1.000000 0.750000
vt 0.906388 0.801527
vt 0.656388 0.756118
vt 0.347371 0.756118
vt 0.097371 0.801527
vt 0.001880 0.875000
vt 0.097371 0.948473
vt 0.347371 0.993882
vt 0.656388 0.993882
vt 0.906388 0.948473
vt 1.001880 0.875000
vn 0.438371 0.000000 -0.898794
vn 0.438371 0.000000 -0.898794
vn 0.438371 0.000000 -0.898794
vn 0.438371 0.000000 -0.898794
vn -0.173648 0.000000 -0.984808
vn -0.173648 0.000000 -0.984808
vn -0.173648 0.000000 -0.984808
vn -0.173648 0.000000 -0.984808
vn -0.719340 0.000000 -0.694658
vn -0.719340 0.000000 -0.694658
vn -0.719340 0.000000 -0.694658
vn -0.719340 0.000000 -0.694658
vn -0.990268 0.000000 -0.139173
vn -0.990268 0.000000 -0.139173
vn -0.990268 0.000000 -0.139173
vn -0.990268 0.000000 -0.139173
vn -0.882948 0.000000 0.469472
vn -0.882948 0.000000 0.469472
vn -0.882948 0.000000 0.469472
vn -0.882948 0.000000 0.469472
vn -0.438371 0.000000 0.898794
vn -0.438371 0.000000 0.898794
vn -0.438371 0.000000 0.898794
vn -0.438371 0.000000 0.898794
vn 0.173648 0.000000 0.984808
vn 0.173648 0.000000 0.984808
vn 0.173648 0.000000 0.984808
vn 0.173648 0.000000 0.984808
vn 0.719340 0.000000 0.694658
vn 0.719340 0.000000 0.694658
vn 0.719340 0.000000 0.694658
vn 0.719340 0.000000 0.694658
vn 0.990268 0.000000 0.139173
vn 0.990268 0.000000 0.139173
vn 0.990268 0.000000 0.139173
vn 0.990268 0.000000 0.139173
vn 0.882948 0.000000 -0.469471
vn 0.882948 0.000000 -0.469471
vn 0.882948 0.000000 -0.469471
vn 0.882948 0.000000 -0.469471
vn 0.000000 -1.000000 0.000000
vn 0.000000 -1.000000 0.000000
vn 0.000000 -1.000000 0.000000
vn 0.000000 -1.000000 0.000000
vn 0.000000 -1.000000 0.000000
vn 0.000000 -1.000000 0.000000
vn 0.000000 -1.000000 0.000000
vn 0.000000 -1.000000 0.000000
vn 0.000000 -1.000000 0.000000
vn 0.000000 -1.000000 0.000000
vn 0.000000 1.000000 0.000000
vn 0.000000 1.000000 0.000000
vn 0.000000 1.000000 0.000000
vn 0.000000 1.000000 0.000000
vn 0.000000 1.000000 0.000000
vn 0.000000 1.000000 0.000000
vn 0.000000 1.000000 0.000000
vn 0.000000 1.000000 0.000000
vn 0.000000 1.000000 0.000000
vn 0.000000 1.000000 0.000000
s off
g GRP_Retro_Office_Desk GRP_Props_Backrooms Backrooms_Level0_Master_GRP Desk_Foot_Leveler1
f 1361/3599/4657 1362/3600/4658 1372/3611/4659 1371/3610/4660
f 1362/3600/4661 1363/3601/4662 1373/3612/4663 1372/3611/4664
f 1363/3601/4665 1364/3602/4666 1374/3613/4667 1373/3612/4668
f 1364/3602/4669 1365/3603/4670 1375/3614/4671 1374/3613/4672
f 1365/3603/4673 1366/3604/4674 1376/3615/4675 1375/3614/4676
f 1366/3604/4677 1367/3605/4678 1377/3616/4679 1376/3615/4680
f 1367/3605/4681 1368/3606/4682 1378/3617/4683 1377/3616/4684
f 1368/3606/4685 1369/3607/4686 1379/3618/4687 1378/3617/4688
f 1369/3607/4689 1370/3608/4690 1380/3619/4691 1379/3618/4692
f 1370/3608/4693 1361/3609/4694 1371/3620/4695 1380/3619/4696
f 1361/3589/4697 1370/3598/4698 1369/3597/4699 1368/3596/4700 1367/3595/4701 1366/3594/4702 1365/3593/4703 1364/3592/4704 1363/3591/4705 1362/3590/4706
f 1371/3629/4707 1372/3628/4708 1373/3627/4709 1374/3626/4710 1375/3625/4711 1376/3624/4712 1377/3623/4713 1378/3622/4714 1379/3621/4715 1380/3630/4716
g default
v -226.986756 0.000000 -59.725561
v -227.986630 0.000000 -60.213232
v -229.082191 0.000000 -60.020055
v -229.854971 0.000000 -59.219817
v -230.009796 0.000000 -58.118182
v -229.487527 0.000000 -57.135937
v -228.487653 0.000000 -56.648267
v -227.392093 0.000000 -56.841444
v -226.619312 0.000000 -57.641681
v -226.464488 0.000000 -58.743316
v -226.986756 2.000000 -59.725561
v -227.986630 2.000000 -60.213232
v -229.082191 2.000000 -60.020055
v -229.854971 2.000000 -59.219817
v -230.009796 2.000000 -58.118182
v -229.487527 2.000000 -57.135937
v -228.487653 2.000000 -56.648267
v -227.392093 2.000000 -56.841444
v -226.619312 2.000000 -57.641681
v -226.464488 2.000000 -58.743316
vt 0.906388 0.051527
vt 0.656388 0.006118
vt 0.347371 0.006118
vt 0.097371 0.051527
vt 0.001880 0.125000
vt 0.097371 0.198473
vt 0.347371 0.243882
vt 0.656388 0.243882
vt 0.906388 0.198473
vt 1.001880 0.125000
vt 0.000000 0.250000
vt 0.100000 0.250000
vt 0.200000 0.250000
vt 0.300000 0.250000
vt 0.400000 0.250000
vt 0.500000 0.250000
vt 0.600000 0.250000
vt 0.700000 0.250000
vt 0.800000 0.250000
vt 0.900000 0.250000
vt 1.000000 0.250000
vt 0.000000 0.750000
vt 0.100000 0.750000
vt 0.200000 0.750000
vt 0.300000 0.750000
vt 0.400000 0.750000
vt 0.500000 0.750000
vt 0.600000 0.750000
vt 0.700000 0.750000
vt 0.800000 0.750000
vt 0.900000 0.750000
vt 1.000000 0.750000
vt 0.906388 0.801527
vt 0.656388 0.756118
vt 0.347371 0.756118
vt 0.097371 0.801527
vt 0.001880 0.875000
vt 0.097371 0.948473
vt 0.347371 0.993882
vt 0.656388 0.993882
vt 0.906388 0.948473
vt 1.001880 0.875000
vn 0.438371 0.000000 -0.898794
vn 0.438371 0.000000 -0.898794
vn 0.438371 0.000000 -0.898794
vn 0.438371 0.000000 -0.898794
vn -0.173648 0.000000 -0.984808
vn -0.173648 0.000000 -0.984808
vn -0.173648 0.000000 -0.984808
vn -0.173648 0.000000 -0.984808
vn -0.719340 0.000000 -0.694658
vn -0.719340 0.000000 -0.694658
vn -0.719340 0.000000 -0.694658
vn -0.719340 0.000000 -0.694658
vn -0.990268 0.000000 -0.139173
vn -0.990268 0.000000 -0.139173
vn -0.990268 0.000000 -0.139173
vn -0.990268 0.000000 -0.139173
vn -0.882948 0.000000 0.469472
vn -0.882948 0.000000 0.469472
vn -0.882948 0.000000 0.469472
vn -0.882948 0.000000 0.469472
vn -0.438371 0.000000 0.898794
vn -0.438371 0.000000 0.898794
vn -0.438371 0.000000 0.898794
vn -0.438371 0.000000 0.898794
vn 0.173648 0.000000 0.984808
vn 0.173648 0.000000 0.984808
vn 0.173648 0.000000 0.984808
vn 0.173648 0.000000 0.984808
vn 0.719340 0.000000 0.694658
vn 0.719340 0.000000 0.694658
vn 0.719340 0.000000 0.694658
vn 0.719340 0.000000 0.694658
vn 0.990268 0.000000 0.139173
vn 0.990268 0.000000 0.139173
vn 0.990268 0.000000 0.139173
vn 0.990268 0.000000 0.139173
vn 0.882948 0.000000 -0.469471
vn 0.882948 0.000000 -0.469471
vn 0.882948 0.000000 -0.469471
vn 0.882948 0.000000 -0.469471
vn 0.000000 -1.000000 0.000000
vn 0.000000 -1.000000 0.000000
vn 0.000000 -1.000000 0.000000
vn 0.000000 -1.000000 0.000000
vn 0.000000 -1.000000 0.000000
vn 0.000000 -1.000000 0.000000
vn 0.000000 -1.000000 0.000000
vn 0.000000 -1.000000 0.000000
vn 0.000000 -1.000000 0.000000
vn 0.000000 -1.000000 0.000000
vn 0.000000 1.000000 0.000000
vn 0.000000 1.000000 0.000000
vn 0.000000 1.000000 0.000000
vn 0.000000 1.000000 0.000000
vn 0.000000 1.000000 0.000000
vn 0.000000 1.000000 0.000000
vn 0.000000 1.000000 0.000000
vn 0.000000 1.000000 0.000000
vn 0.000000 1.000000 0.000000
vn 0.000000 1.000000 0.000000
s off
g GRP_Retro_Office_Desk GRP_Props_Backrooms Backrooms_Level0_Master_GRP Desk_Foot_Leveler1
f 1381/3641/4717 1382/3642/4718 1392/3653/4719 1391/3652/4720
f 1382/3642/4721 1383/3643/4722 1393/3654/4723 1392/3653/4724
f 1383/3643/4725 1384/3644/4726 1394/3655/4727 1393/3654/4728
f 1384/3644/4729 1385/3645/4730 1395/3656/4731 1394/3655/4732
f 1385/3645/4733 1386/3646/4734 1396/3657/4735 1395/3656/4736
f 1386/3646/4737 1387/3647/4738 1397/3658/4739 1396/3657/4740
f 1387/3647/4741 1388/3648/4742 1398/3659/4743 1397/3658/4744
f 1388/3648/4745 1389/3649/4746 1399/3660/4747 1398/3659/4748
f 1389/3649/4749 1390/3650/4750 1400/3661/4751 1399/3660/4752
f 1390/3650/4753 1381/3651/4754 1391/3662/4755 1400/3661/4756
f 1381/3631/4757 1390/3640/4758 1389/3639/4759 1388/3638/4760 1387/3637/4761 1386/3636/4762 1385/3635/4763 1384/3634/4764 1383/3633/4765 1382/3632/4766
f 1391/3671/4767 1392/3670/4768 1393/3669/4769 1394/3668/4770 1395/3667/4771 1396/3666/4772 1397/3665/4773 1398/3664/4774 1399/3663/4775 1400/3672/4776
g default
v -185.054018 0.000000 -6.193838
v -186.053891 0.000000 -6.681509
v -187.149452 0.000000 -6.488331
v -187.922232 0.000000 -5.688094
v -188.077057 0.000000 -4.586459
v -187.554788 0.000000 -3.604214
v -186.554914 0.000000 -3.116543
v -185.459354 0.000000 -3.309720
v -184.686574 0.000000 -4.109958
v -184.531749 0.000000 -5.211592
v -185.054018 2.000000 -6.193838
v -186.053891 2.000000 -6.681509
v -187.149452 2.000000 -6.488331
v -187.922232 2.000000 -5.688094
v -188.077057 2.000000 -4.586459
v -187.554788 2.000000 -3.604214
v -186.554914 2.000000 -3.116543
v -185.459354 2.000000 -3.309720
v -184.686574 2.000000 -4.109958
v -184.531749 2.000000 -5.211592
vt 0.906388 0.051527
vt 0.656388 0.006118
vt 0.347371 0.006118
vt 0.097371 0.051527
vt 0.001880 0.125000
vt 0.097371 0.198473
vt 0.347371 0.243882
vt 0.656388 0.243882
vt 0.906388 0.198473
vt 1.001880 0.125000
vt 0.000000 0.250000
vt 0.100000 0.250000
vt 0.200000 0.250000
vt 0.300000 0.250000
vt 0.400000 0.250000
vt 0.500000 0.250000
vt 0.600000 0.250000
vt 0.700000 0.250000
vt 0.800000 0.250000
vt 0.900000 0.250000
vt 1.000000 0.250000
vt 0.000000 0.750000
vt 0.100000 0.750000
vt 0.200000 0.750000
vt 0.300000 0.750000
vt 0.400000 0.750000
vt 0.500000 0.750000
vt 0.600000 0.750000
vt 0.700000 0.750000
vt 0.800000 0.750000
vt 0.900000 0.750000
vt 1.000000 0.750000
vt 0.906388 0.801527
vt 0.656388 0.756118
vt 0.347371 0.756118
vt 0.097371 0.801527
vt 0.001880 0.875000
vt 0.097371 0.948473
vt 0.347371 0.993882
vt 0.656388 0.993882
vt 0.906388 0.948473
vt 1.001880 0.875000
vn 0.438371 0.000000 -0.898794
vn 0.438371 0.000000 -0.898794
vn 0.438371 0.000000 -0.898794
vn 0.438371 0.000000 -0.898794
vn -0.173648 0.000000 -0.984808
vn -0.173648 0.000000 -0.984808
vn -0.173648 0.000000 -0.984808
vn -0.173648 0.000000 -0.984808
vn -0.719340 0.000000 -0.694658
vn -0.719340 0.000000 -0.694658
vn -0.719340 0.000000 -0.694658
vn -0.719340 0.000000 -0.694658
vn -0.990268 0.000000 -0.139173
vn -0.990268 0.000000 -0.139173
vn -0.990268 0.000000 -0.139173
vn -0.990268 0.000000 -0.139173
vn -0.882948 0.000000 0.469472
vn -0.882948 0.000000 0.469472
vn -0.882948 0.000000 0.469472
vn -0.882948 0.000000 0.469472
vn -0.438371 0.000000 0.898794
vn -0.438371 0.000000 0.898794
vn -0.438371 0.000000 0.898794
vn -0.438371 0.000000 0.898794
vn 0.173648 0.000000 0.984808
vn 0.173648 0.000000 0.984808
vn 0.173648 0.000000 0.984808
vn 0.173648 0.000000 0.984808
vn 0.719340 0.000000 0.694658
vn 0.719340 0.000000 0.694658
vn 0.719340 0.000000 0.694658
vn 0.719340 0.000000 0.694658
vn 0.990268 0.000000 0.139173
vn 0.990268 0.000000 0.139173
vn 0.990268 0.000000 0.139173
vn 0.990268 0.000000 0.139173
vn 0.882948 0.000000 -0.469471
vn 0.882948 0.000000 -0.469471
vn 0.882948 0.000000 -0.469471
vn 0.882948 0.000000 -0.469471
vn 0.000000 -1.000000 0.000000
vn 0.000000 -1.000000 0.000000
vn 0.000000 -1.000000 0.000000
vn 0.000000 -1.000000 0.000000
vn 0.000000 -1.000000 0.000000
vn 0.000000 -1.000000 0.000000
vn 0.000000 -1.000000 0.000000
vn 0.000000 -1.000000 0.000000
vn 0.000000 -1.000000 0.000000
vn 0.000000 -1.000000 0.000000
vn 0.000000 1.000000 0.000000
vn 0.000000 1.000000 0.000000
vn 0.000000 1.000000 0.000000
vn 0.000000 1.000000 0.000000
vn 0.000000 1.000000 0.000000
vn 0.000000 1.000000 0.000000
vn 0.000000 1.000000 0.000000
vn 0.000000 1.000000 0.000000
vn 0.000000 1.000000 0.000000
vn 0.000000 1.000000 0.000000
s off
g GRP_Retro_Office_Desk GRP_Props_Backrooms Backrooms_Level0_Master_GRP Desk_Foot_Leveler2
f 1401/3683/4777 1402/3684/4778 1412/3695/4779 1411/3694/4780
f 1402/3684/4781 1403/3685/4782 1413/3696/4783 1412/3695/4784
f 1403/3685/4785 1404/3686/4786 1414/3697/4787 1413/3696/4788
f 1404/3686/4789 1405/3687/4790 1415/3698/4791 1414/3697/4792
f 1405/3687/4793 1406/3688/4794 1416/3699/4795 1415/3698/4796
f 1406/3688/4797 1407/3689/4798 1417/3700/4799 1416/3699/4800
f 1407/3689/4801 1408/3690/4802 1418/3701/4803 1417/3700/4804
f 1408/3690/4805 1409/3691/4806 1419/3702/4807 1418/3701/4808
f 1409/3691/4809 1410/3692/4810 1420/3703/4811 1419/3702/4812
f 1410/3692/4813 1401/3693/4814 1411/3704/4815 1420/3703/4816
f 1401/3673/4817 1410/3682/4818 1409/3681/4819 1408/3680/4820 1407/3679/4821 1406/3678/4822 1405/3677/4823 1404/3676/4824 1403/3675/4825 1402/3674/4826
f 1411/3713/4827 1412/3712/4828 1413/3711/4829 1414/3710/4830 1415/3709/4831 1416/3708/4832 1417/3707/4833 1418/3706/4834 1419/3705/4835 1420/3714/4836
g default
v -185.054018 0.000000 -6.193838
v -186.053891 0.000000 -6.681509
v -187.149452 0.000000 -6.488331
v -187.922232 0.000000 -5.688094
v -188.077057 0.000000 -4.586459
v -187.554788 0.000000 -3.604214
v -186.554914 0.000000 -3.116543
v -185.459354 0.000000 -3.309720
v -184.686574 0.000000 -4.109958
v -184.531749 0.000000 -5.211592
v -185.054018 2.000000 -6.193838
v -186.053891 2.000000 -6.681509
v -187.149452 2.000000 -6.488331
v -187.922232 2.000000 -5.688094
v -188.077057 2.000000 -4.586459
v -187.554788 2.000000 -3.604214
v -186.554914 2.000000 -3.116543
v -185.459354 2.000000 -3.309720
v -184.686574 2.000000 -4.109958
v -184.531749 2.000000 -5.211592
vt 0.906388 0.051527
vt 0.656388 0.006118
vt 0.347371 0.006118
vt 0.097371 0.051527
vt 0.001880 0.125000
vt 0.097371 0.198473
vt 0.347371 0.243882
vt 0.656388 0.243882
vt 0.906388 0.198473
vt 1.001880 0.125000
vt 0.000000 0.250000
vt 0.100000 0.250000
vt 0.200000 0.250000
vt 0.300000 0.250000
vt 0.400000 0.250000
vt 0.500000 0.250000
vt 0.600000 0.250000
vt 0.700000 0.250000
vt 0.800000 0.250000
vt 0.900000 0.250000
vt 1.000000 0.250000
vt 0.000000 0.750000
vt 0.100000 0.750000
vt 0.200000 0.750000
vt 0.300000 0.750000
vt 0.400000 0.750000
vt 0.500000 0.750000
vt 0.600000 0.750000
vt 0.700000 0.750000
vt 0.800000 0.750000
vt 0.900000 0.750000
vt 1.000000 0.750000
vt 0.906388 0.801527
vt 0.656388 0.756118
vt 0.347371 0.756118
vt 0.097371 0.801527
vt 0.001880 0.875000
vt 0.097371 0.948473
vt 0.347371 0.993882
vt 0.656388 0.993882
vt 0.906388 0.948473
vt 1.001880 0.875000
vn 0.438371 0.000000 -0.898794
vn 0.438371 0.000000 -0.898794
vn 0.438371 0.000000 -0.898794
vn 0.438371 0.000000 -0.898794
vn -0.173648 0.000000 -0.984808
vn -0.173648 0.000000 -0.984808
vn -0.173648 0.000000 -0.984808
vn -0.173648 0.000000 -0.984808
vn -0.719340 0.000000 -0.694658
vn -0.719340 0.000000 -0.694658
vn -0.719340 0.000000 -0.694658
vn -0.719340 0.000000 -0.694658
vn -0.990268 0.000000 -0.139173
vn -0.990268 0.000000 -0.139173
vn -0.990268 0.000000 -0.139173
vn -0.990268 0.000000 -0.139173
vn -0.882948 0.000000 0.469472
vn -0.882948 0.000000 0.469472
vn -0.882948 0.000000 0.469472
vn -0.882948 0.000000 0.469472
vn -0.438371 0.000000 0.898794
vn -0.438371 0.000000 0.898794
vn -0.438371 0.000000 0.898794
vn -0.438371 0.000000 0.898794
vn 0.173648 0.000000 0.984808
vn 0.173648 0.000000 0.984808
vn 0.173648 0.000000 0.984808
vn 0.173648 0.000000 0.984808
vn 0.719340 0.000000 0.694658
vn 0.719340 0.000000 0.694658
vn 0.719340 0.000000 0.694658
vn 0.719340 0.000000 0.694658
vn 0.990268 0.000000 0.139173
vn 0.990268 0.000000 0.139173
vn 0.990268 0.000000 0.139173
vn 0.990268 0.000000 0.139173
vn 0.882948 0.000000 -0.469471
vn 0.882948 0.000000 -0.469471
vn 0.882948 0.000000 -0.469471
vn 0.882948 0.000000 -0.469471
vn 0.000000 -1.000000 0.000000
vn 0.000000 -1.000000 0.000000
vn 0.000000 -1.000000 0.000000
vn 0.000000 -1.000000 0.000000
vn 0.000000 -1.000000 0.000000
vn 0.000000 -1.000000 0.000000
vn 0.000000 -1.000000 0.000000
vn 0.000000 -1.000000 0.000000
vn 0.000000 -1.000000 0.000000
vn 0.000000 -1.000000 0.000000
vn 0.000000 1.000000 0.000000
vn 0.000000 1.000000 0.000000
vn 0.000000 1.000000 0.000000
vn 0.000000 1.000000 0.000000
vn 0.000000 1.000000 0.000000
vn 0.000000 1.000000 0.000000
vn 0.000000 1.000000 0.000000
vn 0.000000 1.000000 0.000000
vn 0.000000 1.000000 0.000000
vn 0.000000 1.000000 0.000000
s off
g GRP_Retro_Office_Desk GRP_Props_Backrooms Backrooms_Level0_Master_GRP Desk_Foot_Leveler2
f 1421/3725/4837 1422/3726/4838 1432/3737/4839 1431/3736/4840
f 1422/3726/4841 1423/3727/4842 1433/3738/4843 1432/3737/4844
f 1423/3727/4845 1424/3728/4846 1434/3739/4847 1433/3738/4848
f 1424/3728/4849 1425/3729/4850 1435/3740/4851 1434/3739/4852
f 1425/3729/4853 1426/3730/4854 1436/3741/4855 1435/3740/4856
f 1426/3730/4857 1427/3731/4858 1437/3742/4859 1436/3741/4860
f 1427/3731/4861 1428/3732/4862 1438/3743/4863 1437/3742/4864
f 1428/3732/4865 1429/3733/4866 1439/3744/4867 1438/3743/4868
f 1429/3733/4869 1430/3734/4870 1440/3745/4871 1439/3744/4872
f 1430/3734/4873 1421/3735/4874 1431/3746/4875 1440/3745/4876
f 1421/3715/4877 1430/3724/4878 1429/3723/4879 1428/3722/4880 1427/3721/4881 1426/3720/4882 1425/3719/4883 1424/3718/4884 1423/3717/4885 1422/3716/4886
f 1431/3755/4887 1432/3754/4888 1433/3753/4889 1434/3752/4890 1435/3751/4891 1436/3750/4892 1437/3749/4893 1438/3748/4894 1439/3747/4895 1440/3756/4896
g default
v -195.472908 0.000000 -65.282303
v -196.472782 0.000000 -65.769974
v -197.568342 0.000000 -65.576797
v -198.341123 0.000000 -64.776559
v -198.495948 0.000000 -63.674924
v -197.973679 0.000000 -62.692679
v -196.973805 0.000000 -62.205008
v -195.878245 0.000000 -62.398185
v -195.105464 0.000000 -63.198423
v -194.950640 0.000000 -64.300058
v -195.472908 2.000000 -65.282303
v -196.472782 2.000000 -65.769974
v -197.568342 2.000000 -65.576797
v -198.341123 2.000000 -64.776559
v -198.495948 2.000000 -63.674924
v -197.973679 2.000000 -62.692679
v -196.973805 2.000000 -62.205008
v -195.878245 2.000000 -62.398185
v -195.105464 2.000000 -63.198423
v -194.950640 2.000000 -64.300058
vt 0.906388 0.051527
vt 0.656388 0.006118
vt 0.347371 0.006118
vt 0.097371 0.051527
vt 0.001880 0.125000
vt 0.097371 0.198473
vt 0.347371 0.243882
vt 0.656388 0.243882
vt 0.906388 0.198473
vt 1.001880 0.125000
vt 0.000000 0.250000
vt 0.100000 0.250000
vt 0.200000 0.250000
vt 0.300000 0.250000
vt 0.400000 0.250000
vt 0.500000 0.250000
vt 0.600000 0.250000
vt 0.700000 0.250000
vt 0.800000 0.250000
vt 0.900000 0.250000
vt 1.000000 0.250000
vt 0.000000 0.750000
vt 0.100000 0.750000
vt 0.200000 0.750000
vt 0.300000 0.750000
vt 0.400000 0.750000
vt 0.500000 0.750000
vt 0.600000 0.750000
vt 0.700000 0.750000
vt 0.800000 0.750000
vt 0.900000 0.750000
vt 1.000000 0.750000
vt 0.906388 0.801527
vt 0.656388 0.756118
vt 0.347371 0.756118
vt 0.097371 0.801527
vt 0.001880 0.875000
vt 0.097371 0.948473
vt 0.347371 0.993882
vt 0.656388 0.993882
vt 0.906388 0.948473
vt 1.001880 0.875000
vn 0.438371 0.000000 -0.898794
vn 0.438371 0.000000 -0.898794
vn 0.438371 0.000000 -0.898794
vn 0.438371 0.000000 -0.898794
vn -0.173648 0.000000 -0.984808
vn -0.173648 0.000000 -0.984808
vn -0.173648 0.000000 -0.984808
vn -0.173648 0.000000 -0.984808
vn -0.719340 0.000000 -0.694658
vn -0.719340 0.000000 -0.694658
vn -0.719340 0.000000 -0.694658
vn -0.719340 0.000000 -0.694658
vn -0.990268 0.000000 -0.139173
vn -0.990268 0.000000 -0.139173
vn -0.990268 0.000000 -0.139173
vn -0.990268 0.000000 -0.139173
vn -0.882948 0.000000 0.469472
vn -0.882948 0.000000 0.469472
vn -0.882948 0.000000 0.469472
vn -0.882948 0.000000 0.469472
vn -0.438371 0.000000 0.898794
vn -0.438371 0.000000 0.898794
vn -0.438371 0.000000 0.898794
vn -0.438371 0.000000 0.898794
vn 0.173648 0.000000 0.984808
vn 0.173648 0.000000 0.984808
vn 0.173648 0.000000 0.984808
vn 0.173648 0.000000 0.984808
vn 0.719340 0.000000 0.694658
vn 0.719340 0.000000 0.694658
vn 0.719340 0.000000 0.694658
vn 0.719340 0.000000 0.694658
vn 0.990268 0.000000 0.139173
vn 0.990268 0.000000 0.139173
vn 0.990268 0.000000 0.139173
vn 0.990268 0.000000 0.139173
vn 0.882948 0.000000 -0.469471
vn 0.882948 0.000000 -0.469471
vn 0.882948 0.000000 -0.469471
vn 0.882948 0.000000 -0.469471
vn 0.000000 -1.000000 0.000000
vn 0.000000 -1.000000 0.000000
vn 0.000000 -1.000000 0.000000
vn 0.000000 -1.000000 0.000000
vn 0.000000 -1.000000 0.000000
vn 0.000000 -1.000000 0.000000
vn 0.000000 -1.000000 0.000000
vn 0.000000 -1.000000 0.000000
vn 0.000000 -1.000000 0.000000
vn 0.000000 -1.000000 0.000000
vn 0.000000 1.000000 0.000000
vn 0.000000 1.000000 0.000000
vn 0.000000 1.000000 0.000000
vn 0.000000 1.000000 0.000000
vn 0.000000 1.000000 0.000000
vn 0.000000 1.000000 0.000000
vn 0.000000 1.000000 0.000000
vn 0.000000 1.000000 0.000000
vn 0.000000 1.000000 0.000000
vn 0.000000 1.000000 0.000000
s off
g GRP_Retro_Office_Desk GRP_Props_Backrooms Backrooms_Level0_Master_GRP Desk_Foot_Leveler3
f 1441/3767/4897 1442/3768/4898 1452/3779/4899 1451/3778/4900
f 1442/3768/4901 1443/3769/4902 1453/3780/4903 1452/3779/4904
f 1443/3769/4905 1444/3770/4906 1454/3781/4907 1453/3780/4908
f 1444/3770/4909 1445/3771/4910 1455/3782/4911 1454/3781/4912
f 1445/3771/4913 1446/3772/4914 1456/3783/4915 1455/3782/4916
f 1446/3772/4917 1447/3773/4918 1457/3784/4919 1456/3783/4920
f 1447/3773/4921 1448/3774/4922 1458/3785/4923 1457/3784/4924
f 1448/3774/4925 1449/3775/4926 1459/3786/4927 1458/3785/4928
f 1449/3775/4929 1450/3776/4930 1460/3787/4931 1459/3786/4932
f 1450/3776/4933 1441/3777/4934 1451/3788/4935 1460/3787/4936
f 1441/3757/4937 1450/3766/4938 1449/3765/4939 1448/3764/4940 1447/3763/4941 1446/3762/4942 1445/3761/4943 1444/3760/4944 1443/3759/4945 1442/3758/4946
f 1451/3797/4947 1452/3796/4948 1453/3795/4949 1454/3794/4950 1455/3793/4951 1456/3792/4952 1457/3791/4953 1458/3790/4954 1459/3789/4955 1460/3798/4956
g default
v -195.472908 0.000000 -65.282303
v -196.472782 0.000000 -65.769974
v -197.568342 0.000000 -65.576797
v -198.341123 0.000000 -64.776559
v -198.495948 0.000000 -63.674924
v -197.973679 0.000000 -62.692679
v -196.973805 0.000000 -62.205008
v -195.878245 0.000000 -62.398185
v -195.105464 0.000000 -63.198423
v -194.950640 0.000000 -64.300058
v -195.472908 2.000000 -65.282303
v -196.472782 2.000000 -65.769974
v -197.568342 2.000000 -65.576797
v -198.341123 2.000000 -64.776559
v -198.495948 2.000000 -63.674924
v -197.973679 2.000000 -62.692679
v -196.973805 2.000000 -62.205008
v -195.878245 2.000000 -62.398185
v -195.105464 2.000000 -63.198423
v -194.950640 2.000000 -64.300058
vt 0.906388 0.051527
vt 0.656388 0.006118
vt 0.347371 0.006118
vt 0.097371 0.051527
vt 0.001880 0.125000
vt 0.097371 0.198473
vt 0.347371 0.243882
vt 0.656388 0.243882
vt 0.906388 0.198473
vt 1.001880 0.125000
vt 0.000000 0.250000
vt 0.100000 0.250000
vt 0.200000 0.250000
vt 0.300000 0.250000
vt 0.400000 0.250000
vt 0.500000 0.250000
vt 0.600000 0.250000
vt 0.700000 0.250000
vt 0.800000 0.250000
vt 0.900000 0.250000
vt 1.000000 0.250000
vt 0.000000 0.750000
vt 0.100000 0.750000
vt 0.200000 0.750000
vt 0.300000 0.750000
vt 0.400000 0.750000
vt 0.500000 0.750000
vt 0.600000 0.750000
vt 0.700000 0.750000
vt 0.800000 0.750000
vt 0.900000 0.750000
vt 1.000000 0.750000
vt 0.906388 0.801527
vt 0.656388 0.756118
vt 0.347371 0.756118
vt 0.097371 0.801527
vt 0.001880 0.875000
vt 0.097371 0.948473
vt 0.347371 0.993882
vt 0.656388 0.993882
vt 0.906388 0.948473
vt 1.001880 0.875000
vn 0.438371 0.000000 -0.898794
vn 0.438371 0.000000 -0.898794
vn 0.438371 0.000000 -0.898794
vn 0.438371 0.000000 -0.898794
vn -0.173648 0.000000 -0.984808
vn -0.173648 0.000000 -0.984808
vn -0.173648 0.000000 -0.984808
vn -0.173648 0.000000 -0.984808
vn -0.719340 0.000000 -0.694658
vn -0.719340 0.000000 -0.694658
vn -0.719340 0.000000 -0.694658
vn -0.719340 0.000000 -0.694658
vn -0.990268 0.000000 -0.139173
vn -0.990268 0.000000 -0.139173
vn -0.990268 0.000000 -0.139173
vn -0.990268 0.000000 -0.139173
vn -0.882948 0.000000 0.469472
vn -0.882948 0.000000 0.469472
vn -0.882948 0.000000 0.469472
vn -0.882948 0.000000 0.469472
vn -0.438371 0.000000 0.898794
vn -0.438371 0.000000 0.898794
vn -0.438371 0.000000 0.898794
vn -0.438371 0.000000 0.898794
vn 0.173648 0.000000 0.984808
vn 0.173648 0.000000 0.984808
vn 0.173648 0.000000 0.984808
vn 0.173648 0.000000 0.984808
vn 0.719340 0.000000 0.694658
vn 0.719340 0.000000 0.694658
vn 0.719340 0.000000 0.694658
vn 0.719340 0.000000 0.694658
vn 0.990268 0.000000 0.139173
vn 0.990268 0.000000 0.139173
vn 0.990268 0.000000 0.139173
vn 0.990268 0.000000 0.139173
vn 0.882948 0.000000 -0.469471
vn 0.882948 0.000000 -0.469471
vn 0.882948 0.000000 -0.469471
vn 0.882948 0.000000 -0.469471
vn 0.000000 -1.000000 0.000000
vn 0.000000 -1.000000 0.000000
vn 0.000000 -1.000000 0.000000
vn 0.000000 -1.000000 0.000000
vn 0.000000 -1.000000 0.000000
vn 0.000000 -1.000000 0.000000
vn 0.000000 -1.000000 0.000000
vn 0.000000 -1.000000 0.000000
vn 0.000000 -1.000000 0.000000
vn 0.000000 -1.000000 0.000000
vn 0.000000 1.000000 0.000000
vn 0.000000 1.000000 0.000000
vn 0.000000 1.000000 0.000000
vn 0.000000 1.000000 0.000000
vn 0.000000 1.000000 0.000000
vn 0.000000 1.000000 0.000000
vn 0.000000 1.000000 0.000000
vn 0.000000 1.000000 0.000000
vn 0.000000 1.000000 0.000000
vn 0.000000 1.000000 0.000000
s off
g GRP_Retro_Office_Desk GRP_Props_Backrooms Backrooms_Level0_Master_GRP Desk_Foot_Leveler3
f 1461/3809/4957 1462/3810/4958 1472/3821/4959 1471/3820/4960
f 1462/3810/4961 1463/3811/4962 1473/3822/4963 1472/3821/4964
f 1463/3811/4965 1464/3812/4966 1474/3823/4967 1473/3822/4968
f 1464/3812/4969 1465/3813/4970 1475/3824/4971 1474/3823/4972
f 1465/3813/4973 1466/3814/4974 1476/3825/4975 1475/3824/4976
f 1466/3814/4977 1467/3815/4978 1477/3826/4979 1476/3825/4980
f 1467/3815/4981 1468/3816/4982 1478/3827/4983 1477/3826/4984
f 1468/3816/4985 1469/3817/4986 1479/3828/4987 1478/3827/4988
f 1469/3817/4989 1470/3818/4990 1480/3829/4991 1479/3828/4992
f 1470/3818/4993 1461/3819/4994 1471/3830/4995 1480/3829/4996
f 1461/3799/4997 1470/3808/4998 1469/3807/4999 1468/3806/5000 1467/3805/5001 1466/3804/5002 1465/3803/5003 1464/3802/5004 1463/3801/5005 1462/3800/5006
f 1471/3839/5007 1472/3838/5008 1473/3837/5009 1474/3836/5010 1475/3835/5011 1476/3834/5012 1477/3833/5013 1478/3832/5014 1479/3831/5015 1480/3840/5016
g default
v -83.618819 0.000000 -24.079600
v -84.618693 0.000000 -24.567271
v -85.714253 0.000000 -24.374094
v -86.487034 0.000000 -23.573856
v -86.641858 0.000000 -22.472221
v -86.119589 0.000000 -21.489976
v -85.119716 0.000000 -21.002305
v -84.024155 0.000000 -21.195482
v -83.251375 0.000000 -21.995720
v -83.096550 0.000000 -23.097355
v -83.618819 2.000000 -24.079600
v -84.618693 2.000000 -24.567271
v -85.714253 2.000000 -24.374094
v -86.487034 2.000000 -23.573856
v -86.641858 2.000000 -22.472221
v -86.119589 2.000000 -21.489976
v -85.119716 2.000000 -21.002305
v -84.024155 2.000000 -21.195482
v -83.251375 2.000000 -21.995720
v -83.096550 2.000000 -23.097355
vt 0.906388 0.051527
vt 0.656388 0.006118
vt 0.347371 0.006118
vt 0.097371 0.051527
vt 0.001880 0.125000
vt 0.097371 0.198473
vt 0.347371 0.243882
vt 0.656388 0.243882
vt 0.906388 0.198473
vt 1.001880 0.125000
vt 0.000000 0.250000
vt 0.100000 0.250000
vt 0.200000 0.250000
vt 0.300000 0.250000
vt 0.400000 0.250000
vt 0.500000 0.250000
vt 0.600000 0.250000
vt 0.700000 0.250000
vt 0.800000 0.250000
vt 0.900000 0.250000
vt 1.000000 0.250000
vt 0.000000 0.750000
vt 0.100000 0.750000
vt 0.200000 0.750000
vt 0.300000 0.750000
vt 0.400000 0.750000
vt 0.500000 0.750000
vt 0.600000 0.750000
vt 0.700000 0.750000
vt 0.800000 0.750000
vt 0.900000 0.750000
vt 1.000000 0.750000
vt 0.906388 0.801527
vt 0.656388 0.756118
vt 0.347371 0.756118
vt 0.097371 0.801527
vt 0.001880 0.875000
vt 0.097371 0.948473
vt 0.347371 0.993882
vt 0.656388 0.993882
vt 0.906388 0.948473
vt 1.001880 0.875000
vn 0.438371 0.000000 -0.898794
vn 0.438371 0.000000 -0.898794
vn 0.438371 0.000000 -0.898794
vn 0.438371 0.000000 -0.898794
vn -0.173648 0.000000 -0.984808
vn -0.173648 0.000000 -0.984808
vn -0.173648 0.000000 -0.984808
vn -0.173648 0.000000 -0.984808
vn -0.719340 0.000000 -0.694658
vn -0.719340 0.000000 -0.694658
vn -0.719340 0.000000 -0.694658
vn -0.719340 0.000000 -0.694658
vn -0.990268 0.000000 -0.139173
vn -0.990268 0.000000 -0.139173
vn -0.990268 0.000000 -0.139173
vn -0.990268 0.000000 -0.139173
vn -0.882948 0.000000 0.469472
vn -0.882948 0.000000 0.469472
vn -0.882948 0.000000 0.469472
vn -0.882948 0.000000 0.469472
vn -0.438371 0.000000 0.898794
vn -0.438371 0.000000 0.898794
vn -0.438371 0.000000 0.898794
vn -0.438371 0.000000 0.898794
vn 0.173648 0.000000 0.984808
vn 0.173648 0.000000 0.984808
vn 0.173648 0.000000 0.984808
vn 0.173648 0.000000 0.984808
vn 0.719340 0.000000 0.694658
vn 0.719340 0.000000 0.694658
vn 0.719340 0.000000 0.694658
vn 0.719340 0.000000 0.694658
vn 0.990268 0.000000 0.139173
vn 0.990268 0.000000 0.139173
vn 0.990268 0.000000 0.139173
vn 0.990268 0.000000 0.139173
vn 0.882948 0.000000 -0.469471
vn 0.882948 0.000000 -0.469471
vn 0.882948 0.000000 -0.469471
vn 0.882948 0.000000 -0.469471
vn 0.000000 -1.000000 0.000000
vn 0.000000 -1.000000 0.000000
vn 0.000000 -1.000000 0.000000
vn 0.000000 -1.000000 0.000000
vn 0.000000 -1.000000 0.000000
vn 0.000000 -1.000000 0.000000
vn 0.000000 -1.000000 0.000000
vn 0.000000 -1.000000 0.000000
vn 0.000000 -1.000000 0.000000
vn 0.000000 -1.000000 0.000000
vn 0.000000 1.000000 0.000000
vn 0.000000 1.000000 0.000000
vn 0.000000 1.000000 0.000000
vn 0.000000 1.000000 0.000000
vn 0.000000 1.000000 0.000000
vn 0.000000 1.000000 0.000000
vn 0.000000 1.000000 0.000000
vn 0.000000 1.000000 0.000000
vn 0.000000 1.000000 0.000000
vn 0.000000 1.000000 0.000000
s off
g GRP_Retro_Office_Desk GRP_Props_Backrooms Backrooms_Level0_Master_GRP Desk_Foot_Leveler4
f 1481/3851/5017 1482/3852/5018 1492/3863/5019 1491/3862/5020
f 1482/3852/5021 1483/3853/5022 1493/3864/5023 1492/3863/5024
f 1483/3853/5025 1484/3854/5026 1494/3865/5027 1493/3864/5028
f 1484/3854/5029 1485/3855/5030 1495/3866/5031 1494/3865/5032
f 1485/3855/5033 1486/3856/5034 1496/3867/5035 1495/3866/5036
f 1486/3856/5037 1487/3857/5038 1497/3868/5039 1496/3867/5040
f 1487/3857/5041 1488/3858/5042 1498/3869/5043 1497/3868/5044
f 1488/3858/5045 1489/3859/5046 1499/3870/5047 1498/3869/5048
f 1489/3859/5049 1490/3860/5050 1500/3871/5051 1499/3870/5052
f 1490/3860/5053 1481/3861/5054 1491/3872/5055 1500/3871/5056
f 1481/3841/5057 1490/3850/5058 1489/3849/5059 1488/3848/5060 1487/3847/5061 1486/3846/5062 1485/3845/5063 1484/3844/5064 1483/3843/5065 1482/3842/5066
f 1491/3881/5067 1492/3880/5068 1493/3879/5069 1494/3878/5070 1495/3877/5071 1496/3876/5072 1497/3875/5073 1498/3874/5074 1499/3873/5075 1500/3882/5076
g default
v -83.618819 0.000000 -24.079600
v -84.618693 0.000000 -24.567271
v -85.714253 0.000000 -24.374094
v -86.487034 0.000000 -23.573856
v -86.641858 0.000000 -22.472221
v -86.119589 0.000000 -21.489976
v -85.119716 0.000000 -21.002305
v -84.024155 0.000000 -21.195482
v -83.251375 0.000000 -21.995720
v -83.096550 0.000000 -23.097355
v -83.618819 2.000000 -24.079600
v -84.618693 2.000000 -24.567271
v -85.714253 2.000000 -24.374094
v -86.487034 2.000000 -23.573856
v -86.641858 2.000000 -22.472221
v -86.119589 2.000000 -21.489976
v -85.119716 2.000000 -21.002305
v -84.024155 2.000000 -21.195482
v -83.251375 2.000000 -21.995720
v -83.096550 2.000000 -23.097355
vt 0.906388 0.051527
vt 0.656388 0.006118
vt 0.347371 0.006118
vt 0.097371 0.051527
vt 0.001880 0.125000
vt 0.097371 0.198473
vt 0.347371 0.243882
vt 0.656388 0.243882
vt 0.906388 0.198473
vt 1.001880 0.125000
vt 0.000000 0.250000
vt 0.100000 0.250000
vt 0.200000 0.250000
vt 0.300000 0.250000
vt 0.400000 0.250000
vt 0.500000 0.250000
vt 0.600000 0.250000
vt 0.700000 0.250000
vt 0.800000 0.250000
vt 0.900000 0.250000
vt 1.000000 0.250000
vt 0.000000 0.750000
vt 0.100000 0.750000
vt 0.200000 0.750000
vt 0.300000 0.750000
vt 0.400000 0.750000
vt 0.500000 0.750000
vt 0.600000 0.750000
vt 0.700000 0.750000
vt 0.800000 0.750000
vt 0.900000 0.750000
vt 1.000000 0.750000
vt 0.906388 0.801527
vt 0.656388 0.756118
vt 0.347371 0.756118
vt 0.097371 0.801527
vt 0.001880 0.875000
vt 0.097371 0.948473
vt 0.347371 0.993882
vt 0.656388 0.993882
vt 0.906388 0.948473
vt 1.001880 0.875000
vn 0.438371 0.000000 -0.898794
vn 0.438371 0.000000 -0.898794
vn 0.438371 0.000000 -0.898794
vn 0.438371 0.000000 -0.898794
vn -0.173648 0.000000 -0.984808
vn -0.173648 0.000000 -0.984808
vn -0.173648 0.000000 -0.984808
vn -0.173648 0.000000 -0.984808
vn -0.719340 0.000000 -0.694658
vn -0.719340 0.000000 -0.694658
vn -0.719340 0.000000 -0.694658
vn -0.719340 0.000000 -0.694658
vn -0.990268 0.000000 -0.139173
vn -0.990268 0.000000 -0.139173
vn -0.990268 0.000000 -0.139173
vn -0.990268 0.000000 -0.139173
vn -0.882948 0.000000 0.469472
vn -0.882948 0.000000 0.469472
vn -0.882948 0.000000 0.469472
vn -0.882948 0.000000 0.469472
vn -0.438371 0.000000 0.898794
vn -0.438371 0.000000 0.898794
vn -0.438371 0.000000 0.898794
vn -0.438371 0.000000 0.898794
vn 0.173648 0.000000 0.984808
vn 0.173648 0.000000 0.984808
vn 0.173648 0.000000 0.984808
vn 0.173648 0.000000 0.984808
vn 0.719340 0.000000 0.694658
vn 0.719340 0.000000 0.694658
vn 0.719340 0.000000 0.694658
vn 0.719340 0.000000 0.694658
vn 0.990268 0.000000 0.139173
vn 0.990268 0.000000 0.139173
vn 0.990268 0.000000 0.139173
vn 0.990268 0.000000 0.139173
vn 0.882948 0.000000 -0.469471
vn 0.882948 0.000000 -0.469471
vn 0.882948 0.000000 -0.469471
vn 0.882948 0.000000 -0.469471
vn 0.000000 -1.000000 0.000000
vn 0.000000 -1.000000 0.000000
vn 0.000000 -1.000000 0.000000
vn 0.000000 -1.000000 0.000000
vn 0.000000 -1.000000 0.000000
vn 0.000000 -1.000000 0.000000
vn 0.000000 -1.000000 0.000000
vn 0.000000 -1.000000 0.000000
vn 0.000000 -1.000000 0.000000
vn 0.000000 -1.000000 0.000000
vn 0.000000 1.000000 0.000000
vn 0.000000 1.000000 0.000000
vn 0.000000 1.000000 0.000000
vn 0.000000 1.000000 0.000000
vn 0.000000 1.000000 0.000000
vn 0.000000 1.000000 0.000000
vn 0.000000 1.000000 0.000000
vn 0.000000 1.000000 0.000000
vn 0.000000 1.000000 0.000000
vn 0.000000 1.000000 0.000000
s off
g GRP_Retro_Office_Desk GRP_Props_Backrooms Backrooms_Level0_Master_GRP Desk_Foot_Leveler4
f 1501/3893/5077 1502/3894/5078 1512/3905/5079 1511/3904/5080
f 1502/3894/5081 1503/3895/5082 1513/3906/5083 1512/3905/5084
f 1503/3895/5085 1504/3896/5086 1514/3907/5087 1513/3906/5088
f 1504/3896/5089 1505/3897/5090 1515/3908/5091 1514/3907/5092
f 1505/3897/5093 1506/3898/5094 1516/3909/5095 1515/3908/5096
f 1506/3898/5097 1507/3899/5098 1517/3910/5099 1516/3909/5100
f 1507/3899/5101 1508/3900/5102 1518/3911/5103 1517/3910/5104
f 1508/3900/5105 1509/3901/5106 1519/3912/5107 1518/3911/5108
f 1509/3901/5109 1510/3902/5110 1520/3913/5111 1519/3912/5112
f 1510/3902/5113 1501/3903/5114 1511/3914/5115 1520/3913/5116
f 1501/3883/5117 1510/3892/5118 1509/3891/5119 1508/3890/5120 1507/3889/5121 1506/3888/5122 1505/3887/5123 1504/3886/5124 1503/3885/5125 1502/3884/5126
f 1511/3923/5127 1512/3922/5128 1513/3921/5129 1514/3920/5130 1515/3919/5131 1516/3918/5132 1517/3917/5133 1518/3916/5134 1519/3915/5135 1520/3924/5136
g default
v -94.037710 0.000000 -83.168065
v -95.037583 0.000000 -83.655736
v -96.133144 0.000000 -83.462559
v -96.905924 0.000000 -82.662321
v -97.060749 0.000000 -81.560686
v -96.538480 0.000000 -80.578441
v -95.538606 0.000000 -80.090771
v -94.443046 0.000000 -80.283947
v -93.670266 0.000000 -81.084185
v -93.515441 0.000000 -82.185820
v -94.037710 2.000000 -83.168065
v -95.037583 2.000000 -83.655736
v -96.133144 2.000000 -83.462559
v -96.905924 2.000000 -82.662321
v -97.060749 2.000000 -81.560686
v -96.538480 2.000000 -80.578441
v -95.538606 2.000000 -80.090771
v -94.443046 2.000000 -80.283947
v -93.670266 2.000000 -81.084185
v -93.515441 2.000000 -82.185820
vt 0.906388 0.051527
vt 0.656388 0.006118
vt 0.347371 0.006118
vt 0.097371 0.051527
vt 0.001880 0.125000
vt 0.097371 0.198473
vt 0.347371 0.243882
vt 0.656388 0.243882
vt 0.906388 0.198473
vt 1.001880 0.125000
vt 0.000000 0.250000
vt 0.100000 0.250000
vt 0.200000 0.250000
vt 0.300000 0.250000
vt 0.400000 0.250000
vt 0.500000 0.250000
vt 0.600000 0.250000
vt 0.700000 0.250000
vt 0.800000 0.250000
vt 0.900000 0.250000
vt 1.000000 0.250000
vt 0.000000 0.750000
vt 0.100000 0.750000
vt 0.200000 0.750000
vt 0.300000 0.750000
vt 0.400000 0.750000
vt 0.500000 0.750000
vt 0.600000 0.750000
vt 0.700000 0.750000
vt 0.800000 0.750000
vt 0.900000 0.750000
vt 1.000000 0.750000
vt 0.906388 0.801527
vt 0.656388 0.756118
vt 0.347371 0.756118
vt 0.097371 0.801527
vt 0.001880 0.875000
vt 0.097371 0.948473
vt 0.347371 0.993882
vt 0.656388 0.993882
vt 0.906388 0.948473
vt 1.001880 0.875000
vn 0.438371 0.000000 -0.898794
vn 0.438371 0.000000 -0.898794
vn 0.438371 0.000000 -0.898794
vn 0.438371 0.000000 -0.898794
vn -0.173648 0.000000 -0.984808
vn -0.173648 0.000000 -0.984808
vn -0.173648 0.000000 -0.984808
vn -0.173648 0.000000 -0.984808
vn -0.719340 0.000000 -0.694658
vn -0.719340 0.000000 -0.694658
vn -0.719340 0.000000 -0.694658
vn -0.719340 0.000000 -0.694658
vn -0.990268 0.000000 -0.139173
vn -0.990268 0.000000 -0.139173
vn -0.990268 0.000000 -0.139173
vn -0.990268 0.000000 -0.139173
vn -0.882948 0.000000 0.469472
vn -0.882948 0.000000 0.469472
vn -0.882948 0.000000 0.469472
vn -0.882948 0.000000 0.469472
vn -0.438371 0.000000 0.898794
vn -0.438371 0.000000 0.898794
vn -0.438371 0.000000 0.898794
vn -0.438371 0.000000 0.898794
vn 0.173648 0.000000 0.984808
vn 0.173648 0.000000 0.984808
vn 0.173648 0.000000 0.984808
vn 0.173648 0.000000 0.984808
vn 0.719340 0.000000 0.694658
vn 0.719340 0.000000 0.694658
vn 0.719340 0.000000 0.694658
vn 0.719340 0.000000 0.694658
vn 0.990268 0.000000 0.139173
vn 0.990268 0.000000 0.139173
vn 0.990268 0.000000 0.139173
vn 0.990268 0.000000 0.139173
vn 0.882948 0.000000 -0.469471
vn 0.882948 0.000000 -0.469471
vn 0.882948 0.000000 -0.469471
vn 0.882948 0.000000 -0.469471
vn 0.000000 -1.000000 0.000000
vn 0.000000 -1.000000 0.000000
vn 0.000000 -1.000000 0.000000
vn 0.000000 -1.000000 0.000000
vn 0.000000 -1.000000 0.000000
vn 0.000000 -1.000000 0.000000
vn 0.000000 -1.000000 0.000000
vn 0.000000 -1.000000 0.000000
vn 0.000000 -1.000000 0.000000
vn 0.000000 -1.000000 0.000000
vn 0.000000 1.000000 0.000000
vn 0.000000 1.000000 0.000000
vn 0.000000 1.000000 0.000000
vn 0.000000 1.000000 0.000000
vn 0.000000 1.000000 0.000000
vn 0.000000 1.000000 0.000000
vn 0.000000 1.000000 0.000000
vn 0.000000 1.000000 0.000000
vn 0.000000 1.000000 0.000000
vn 0.000000 1.000000 0.000000
s off
g GRP_Retro_Office_Desk GRP_Props_Backrooms Backrooms_Level0_Master_GRP Desk_Foot_Leveler5
f 1521/3935/5137 1522/3936/5138 1532/3947/5139 1531/3946/5140
f 1522/3936/5141 1523/3937/5142 1533/3948/5143 1532/3947/5144
f 1523/3937/5145 1524/3938/5146 1534/3949/5147 1533/3948/5148
f 1524/3938/5149 1525/3939/5150 1535/3950/5151 1534/3949/5152
f 1525/3939/5153 1526/3940/5154 1536/3951/5155 1535/3950/5156
f 1526/3940/5157 1527/3941/5158 1537/3952/5159 1536/3951/5160
f 1527/3941/5161 1528/3942/5162 1538/3953/5163 1537/3952/5164
f 1528/3942/5165 1529/3943/5166 1539/3954/5167 1538/3953/5168
f 1529/3943/5169 1530/3944/5170 1540/3955/5171 1539/3954/5172
f 1530/3944/5173 1521/3945/5174 1531/3956/5175 1540/3955/5176
f 1521/3925/5177 1530/3934/5178 1529/3933/5179 1528/3932/5180 1527/3931/5181 1526/3930/5182 1525/3929/5183 1524/3928/5184 1523/3927/5185 1522/3926/5186
f 1531/3965/5187 1532/3964/5188 1533/3963/5189 1534/3962/5190 1535/3961/5191 1536/3960/5192 1537/3959/5193 1538/3958/5194 1539/3957/5195 1540/3966/5196
g default
v -94.037710 0.000000 -83.168065
v -95.037583 0.000000 -83.655736
v -96.133144 0.000000 -83.462559
v -96.905924 0.000000 -82.662321
v -97.060749 0.000000 -81.560686
v -96.538480 0.000000 -80.578441
v -95.538606 0.000000 -80.090771
v -94.443046 0.000000 -80.283947
v -93.670266 0.000000 -81.084185
v -93.515441 0.000000 -82.185820
v -94.037710 2.000000 -83.168065
v -95.037583 2.000000 -83.655736
v -96.133144 2.000000 -83.462559
v -96.905924 2.000000 -82.662321
v -97.060749 2.000000 -81.560686
v -96.538480 2.000000 -80.578441
v -95.538606 2.000000 -80.090771
v -94.443046 2.000000 -80.283947
v -93.670266 2.000000 -81.084185
v -93.515441 2.000000 -82.185820
vt 0.906388 0.051527
vt 0.656388 0.006118
vt 0.347371 0.006118
vt 0.097371 0.051527
vt 0.001880 0.125000
vt 0.097371 0.198473
vt 0.347371 0.243882
vt 0.656388 0.243882
vt 0.906388 0.198473
vt 1.001880 0.125000
vt 0.000000 0.250000
vt 0.100000 0.250000
vt 0.200000 0.250000
vt 0.300000 0.250000
vt 0.400000 0.250000
vt 0.500000 0.250000
vt 0.600000 0.250000
vt 0.700000 0.250000
vt 0.800000 0.250000
vt 0.900000 0.250000
vt 1.000000 0.250000
vt 0.000000 0.750000
vt 0.100000 0.750000
vt 0.200000 0.750000
vt 0.300000 0.750000
vt 0.400000 0.750000
vt 0.500000 0.750000
vt 0.600000 0.750000
vt 0.700000 0.750000
vt 0.800000 0.750000
vt 0.900000 0.750000
vt 1.000000 0.750000
vt 0.906388 0.801527
vt 0.656388 0.756118
vt 0.347371 0.756118
vt 0.097371 0.801527
vt 0.001880 0.875000
vt 0.097371 0.948473
vt 0.347371 0.993882
vt 0.656388 0.993882
vt 0.906388 0.948473
vt 1.001880 0.875000
vn 0.438371 0.000000 -0.898794
vn 0.438371 0.000000 -0.898794
vn 0.438371 0.000000 -0.898794
vn 0.438371 0.000000 -0.898794
vn -0.173648 0.000000 -0.984808
vn -0.173648 0.000000 -0.984808
vn -0.173648 0.000000 -0.984808
vn -0.173648 0.000000 -0.984808
vn -0.719340 0.000000 -0.694658
vn -0.719340 0.000000 -0.694658
vn -0.719340 0.000000 -0.694658
vn -0.719340 0.000000 -0.694658
vn -0.990268 0.000000 -0.139173
vn -0.990268 0.000000 -0.139173
vn -0.990268 0.000000 -0.139173
vn -0.990268 0.000000 -0.139173
vn -0.882948 0.000000 0.469472
vn -0.882948 0.000000 0.469472
vn -0.882948 0.000000 0.469472
vn -0.882948 0.000000 0.469472
vn -0.438371 0.000000 0.898794
vn -0.438371 0.000000 0.898794
vn -0.438371 0.000000 0.898794
vn -0.438371 0.000000 0.898794
vn 0.173648 0.000000 0.984808
vn 0.173648 0.000000 0.984808
vn 0.173648 0.000000 0.984808
vn 0.173648 0.000000 0.984808
vn 0.719340 0.000000 0.694658
vn 0.719340 0.000000 0.694658
vn 0.719340 0.000000 0.694658
vn 0.719340 0.000000 0.694658
vn 0.990268 0.000000 0.139173
vn 0.990268 0.000000 0.139173
vn 0.990268 0.000000 0.139173
vn 0.990268 0.000000 0.139173
vn 0.882948 0.000000 -0.469471
vn 0.882948 0.000000 -0.469471
vn 0.882948 0.000000 -0.469471
vn 0.882948 0.000000 -0.469471
vn 0.000000 -1.000000 0.000000
vn 0.000000 -1.000000 0.000000
vn 0.000000 -1.000000 0.000000
vn 0.000000 -1.000000 0.000000
vn 0.000000 -1.000000 0.000000
vn 0.000000 -1.000000 0.000000
vn 0.000000 -1.000000 0.000000
vn 0.000000 -1.000000 0.000000
vn 0.000000 -1.000000 0.000000
vn 0.000000 -1.000000 0.000000
vn 0.000000 1.000000 0.000000
vn 0.000000 1.000000 0.000000
vn 0.000000 1.000000 0.000000
vn 0.000000 1.000000 0.000000
vn 0.000000 1.000000 0.000000
vn 0.000000 1.000000 0.000000
vn 0.000000 1.000000 0.000000
vn 0.000000 1.000000 0.000000
vn 0.000000 1.000000 0.000000
vn 0.000000 1.000000 0.000000
s off
g GRP_Retro_Office_Desk GRP_Props_Backrooms Backrooms_Level0_Master_GRP Desk_Foot_Leveler5
f 1541/3977/5197 1542/3978/5198 1552/3989/5199 1551/3988/5200
f 1542/3978/5201 1543/3979/5202 1553/3990/5203 1552/3989/5204
f 1543/3979/5205 1544/3980/5206 1554/3991/5207 1553/3990/5208
f 1544/3980/5209 1545/3981/5210 1555/3992/5211 1554/3991/5212
f 1545/3981/5213 1546/3982/5214 1556/3993/5215 1555/3992/5216
f 1546/3982/5217 1547/3983/5218 1557/3994/5219 1556/3993/5220
f 1547/3983/5221 1548/3984/5222 1558/3995/5223 1557/3994/5224
f 1548/3984/5225 1549/3985/5226 1559/3996/5227 1558/3995/5228
f 1549/3985/5229 1550/3986/5230 1560/3997/5231 1559/3996/5232
f 1550/3986/5233 1541/3987/5234 1551/3998/5235 1560/3997/5236
f 1541/3967/5237 1550/3976/5238 1549/3975/5239 1548/3974/5240 1547/3973/5241 1546/3972/5242 1545/3971/5243 1544/3970/5244 1543/3969/5245 1542/3968/5246
f 1551/4007/5247 1552/4006/5248 1553/4005/5249 1554/4004/5250 1555/4003/5251 1556/4002/5252 1557/4001/5253 1558/4000/5254 1559/3999/5255 1560/4008/5256
