mtllib Prop_OfficeDesk_Ref.mtl
o Prop_Retro_Office_Desk
g Prop_Retro_Office_Desk
usemtl Furniture_1
v -4543.0271 -8.8246 607.4429
v -4543.0271 -10.0853 608.1743
v -4543.0271 -5.0900 615.7620
v -4539.3909 -8.8246 607.4429
v -4539.3909 -5.0900 615.7620
v -4539.3909 -10.0853 608.1743
v -4543.0271 -11.4433 608.3990
v -4543.0271 -11.4433 615.7620
v -4543.0271 -8.1181 606.2371
v -4543.0271 -7.8335 604.9890
v -4543.0271 -7.2594 604.1552
v -4543.0271 -6.2259 603.5036
v -4543.0271 -5.0900 603.2115
v -4543.0271 -5.0900 577.2388
v -4543.0271 -11.4433 577.2388
v -4543.0271 -11.4433 584.6018
v -4543.0271 -10.0853 584.8265
v -4543.0271 -8.8246 585.5579
v -4543.0271 -8.1181 586.7637
v -4543.0271 -7.8335 588.0118
v -4543.0271 -7.2594 588.8456
v -4543.0271 -6.2259 589.4972
v -4543.0271 -5.0900 589.7893
v -4539.3909 -11.4433 608.3990
v -4539.3909 -11.4433 615.7620
v -4539.3909 -8.1181 606.2371
v -4539.3909 -7.8335 604.9890
v -4539.3909 -7.2594 604.1552
v -4539.3909 -6.2259 603.5036
v -4539.3909 -5.0900 603.2115
v -4539.3909 -5.0900 577.2388
v -4539.3909 -11.4433 584.6018
v -4539.3909 -11.4433 577.2388
v -4539.3909 -10.0853 584.8265
v -4539.3909 -8.8246 585.5579
v -4539.3909 -8.1181 586.7637
v -4539.3909 -7.8335 588.0118
v -4539.3909 -7.2594 588.8456
v -4539.3909 -6.2259 589.4972
v -4539.3909 -5.0900 589.7893
v -4626.3245 -8.8246 607.4429
v -4626.3245 -10.0853 608.1743
v -4626.3245 -5.0900 615.7620
v -4622.6883 -8.8246 607.4429
v -4622.6883 -5.0900 615.7620
v -4622.6883 -10.0853 608.1743
v -4626.3245 -11.4433 608.3990
v -4626.3245 -11.4433 615.7620
v -4626.3245 -8.1181 606.2371
v -4626.3245 -7.8335 604.9890
v -4626.3245 -7.2594 604.1552
v -4626.3245 -6.2259 603.5036
v -4626.3245 -5.0900 603.2115
v -4626.3245 -5.0900 577.2388
v -4626.3245 -11.4433 577.2388
v -4626.3245 -11.4433 584.6018
v -4626.3245 -10.0853 584.8265
v -4626.3245 -8.8246 585.5579
v -4626.3245 -8.1181 586.7637
v -4626.3245 -7.8335 588.0118
v -4626.3245 -7.2594 588.8456
v -4626.3245 -6.2259 589.4972
v -4626.3245 -5.0900 589.7893
v -4622.6883 -11.4433 608.3990
v -4622.6883 -11.4433 615.7620
v -4622.6883 -8.1181 606.2371
v -4622.6883 -7.8335 604.9890
v -4622.6883 -7.2594 604.1552
v -4622.6883 -6.2259 603.5036
v -4622.6883 -5.0900 603.2115
v -4622.6883 -5.0900 577.2388
v -4622.6883 -11.4433 584.6018
v -4622.6883 -11.4433 577.2388
v -4622.6883 -10.0853 584.8265
v -4622.6883 -8.8246 585.5579
v -4622.6883 -8.1181 586.7637
v -4622.6883 -7.8335 588.0118
v -4622.6883 -7.2594 588.8456
v -4622.6883 -6.2259 589.4972
v -4622.6883 -5.0900 589.7893
v -6723.4344 -8.8246 1497.3150
v -6723.2452 -10.0853 1496.6084
v -6721.2814 -5.0900 1489.2793
v -6726.9470 -8.8246 1496.3738
v -6724.7932 -5.0900 1488.3382
v -6726.7578 -10.0853 1495.6674
v -6723.1873 -11.4433 1496.3915
v -6721.2814 -11.4433 1489.2793
v -6723.7465 -8.1181 1498.4797
v -6724.0692 -7.8336 1499.6853
v -6724.2851 -7.2594 1500.4908
v -6724.4537 -6.2259 1501.1201
v -6724.5293 -5.0900 1501.4022
v -6731.2515 -5.0900 1526.4899
v -6731.2515 -11.4433 1526.4899
v -6729.3457 -11.4433 1519.3778
v -6729.2877 -10.0853 1519.1607
v -6729.0985 -8.8246 1518.4543
v -6728.7865 -8.1181 1517.2896
v -6728.4637 -7.8336 1516.0839
v -6728.2478 -7.2594 1515.2785
v -6728.0792 -6.2259 1514.6492
v -6728.0037 -5.0900 1514.3671
v -6726.6991 -11.4433 1495.4503
v -6724.7932 -11.4433 1488.3382
v -6727.2583 -8.1181 1497.5386
v -6727.5818 -7.8336 1498.7442
v -6727.7977 -7.2594 1499.5496
v -6727.9663 -6.2259 1500.1789
v -6728.0418 -5.0900 1500.4611
v -6734.7641 -5.0900 1525.5488
v -6732.8583 -11.4433 1518.4367
v -6734.7641 -11.4433 1525.5488
v -6732.8003 -10.0853 1518.2197
v -6732.6111 -8.8246 1517.5132
v -6732.2990 -8.1181 1516.3485
v -6731.9756 -7.8336 1515.1428
v -6731.7596 -7.2594 1514.3374
v -6731.5918 -6.2259 1513.7081
v -6731.5155 -5.0900 1513.4259
v -6642.9756 -8.8246 1518.8739
v -6642.7856 -10.0853 1518.1674
v -6640.8218 -5.0900 1510.8382
v -6646.4874 -8.8246 1517.9328
v -6644.3344 -5.0900 1509.8971
v -6646.2982 -10.0853 1517.2263
v -6642.7277 -11.4433 1517.9503
v -6640.8218 -11.4433 1510.8382
v -6643.2877 -8.1181 1520.0386
v -6643.6104 -7.8335 1521.2442
v -6643.8263 -7.2594 1522.0496
v -6643.9949 -6.2259 1522.6789
v -6644.0704 -5.0900 1522.9611
v -6650.7927 -5.0900 1548.0489
v -6650.7927 -11.4433 1548.0489
v -6648.8869 -11.4433 1540.9368
v -6648.8289 -10.0853 1540.7197
v -6648.6397 -8.8246 1540.0132
v -6648.3276 -8.1181 1538.8485
v -6648.0042 -7.8335 1537.6429
v -6647.7890 -7.2594 1536.8375
v -6647.6196 -6.2259 1536.2082
v -6647.5449 -5.0900 1535.9260
v -6646.2402 -11.4433 1517.0093
v -6644.3344 -11.4433 1509.8971
v -6646.8002 -8.1181 1519.0974
v -6647.1230 -7.8335 1520.3032
v -6647.3389 -7.2594 1521.1085
v -6647.5075 -6.2259 1521.7379
v -6647.5830 -5.0900 1522.0200
v -6654.3053 -5.0900 1547.1078
v -6652.3994 -11.4433 1539.9956
v -6654.3053 -11.4433 1547.1078
v -6652.3415 -10.0853 1539.7786
v -6652.1523 -8.8246 1539.0720
v -6651.8402 -8.1181 1537.9074
v -6651.5167 -7.8335 1536.7018
v -6651.3008 -7.2594 1535.8964
v -6651.1322 -6.2259 1535.2670
v -6651.0567 -5.0900 1534.9849
v -227.8503 -8.8246 145.4342
v -227.1187 -10.0853 145.4341
v -219.5312 -5.0900 145.4340
v -227.8503 -8.8246 141.7977
v -219.5312 -5.0900 141.7978
v -227.1187 -10.0853 141.7977
v -226.8944 -11.4433 145.4340
v -219.5312 -11.4433 145.4340
v -229.0565 -8.1181 145.4340
v -230.3047 -7.8335 145.4338
v -231.1386 -7.2594 145.4341
v -231.7894 -6.2259 145.4341
v -232.0816 -5.0900 145.4339
v -258.0544 -5.0900 145.4339
v -258.0544 -11.4433 145.4339
v -250.6920 -11.4433 145.4340
v -250.4669 -10.0853 145.4339
v -249.7360 -8.8246 145.4341
v -248.5298 -8.1181 145.4339
v -247.2816 -7.8335 145.4340
v -246.4478 -7.2594 145.4339
v -245.7962 -6.2259 145.4340
v -245.5040 -5.0900 145.4340
v -226.8944 -11.4433 141.7975
v -219.5312 -11.4433 141.7978
v -229.0565 -8.1181 141.7976
v -230.3047 -7.8335 141.7978
v -231.1386 -7.2594 141.7976
v -231.7894 -6.2259 141.7977
v -232.0816 -5.0900 141.7979
v -258.0544 -5.0900 141.7979
v -250.6920 -11.4433 141.7976
v -258.0544 -11.4433 141.7979
v -250.4669 -10.0853 141.7975
v -249.7353 -8.8246 141.7977
v -248.5298 -8.1181 141.7977
v -247.2816 -7.8335 141.7978
v -246.4478 -7.2594 141.7977
v -245.7962 -6.2259 141.7976
v -245.5040 -5.0900 141.7977
v -227.8503 -8.8246 228.7312
v -227.1194 -10.0853 228.7313
v -219.5312 -5.0900 228.7312
v -227.8503 -8.8246 225.0950
v -219.5312 -5.0900 225.0950
v -227.1194 -10.0853 225.0950
v -226.8944 -11.4433 228.7313
v -219.5312 -11.4433 228.7312
v -229.0565 -8.1181 228.7312
v -230.3047 -7.8335 228.7313
v -231.1378 -7.2594 228.7313
v -231.7902 -6.2258 228.7313
v -232.0816 -5.0900 228.7312
v -258.0551 -5.0900 228.7311
v -258.0551 -11.4433 228.7311
v -250.6912 -11.4433 228.7313
v -250.4677 -10.0853 228.7312
v -249.7353 -8.8246 228.7312
v -248.5298 -8.1181 228.7313
v -247.2816 -7.8335 228.7313
v -246.4478 -7.2594 228.7313
v -245.7962 -6.2258 228.7312
v -245.5040 -5.0900 228.7312
v -226.8944 -11.4433 225.0951
v -219.5312 -11.4433 225.0950
v -229.0565 -8.1181 225.0952
v -230.3047 -7.8335 225.0949
v -231.1378 -7.2594 225.0950
v -231.7902 -6.2258 225.0949
v -232.0824 -5.0900 225.0949
v -258.0551 -5.0900 225.0949
v -250.6920 -11.4433 225.0949
v -258.0551 -11.4433 225.0949
v -250.4669 -10.0853 225.0950
v -249.7360 -8.8246 225.0949
v -248.5298 -8.1181 225.0949
v -247.2816 -7.8335 225.0951
v -246.4478 -7.2594 225.0950
v -245.7962 -6.2258 225.0950
v -245.5040 -5.0900 225.0950
v -6680.4382 -42.2512 1416.0392
v -6680.3024 -43.6024 1415.5095
v -6678.0212 -39.7265 1407.6165
v -6683.9363 -42.2136 1415.0466
v -6681.5193 -39.6889 1406.6240
v -6683.8013 -43.5647 1414.5171
v -6680.3078 -44.9784 1415.4758
v -6678.3287 -46.0161 1408.4601
v -6680.7281 -41.3819 1417.0941
v -6681.0501 -40.9243 1418.2457
v -6681.2469 -40.2384 1418.9640
v -6681.3721 -39.1234 1419.4475
v -6681.3950 -37.9578 1419.5749
v -6688.3774 -34.2975 1444.3224
v -6688.6841 -40.5871 1445.1660
v -6686.7050 -41.6248 1438.1504
v -6686.5791 -40.3120 1437.7560
v -6686.3220 -39.1671 1436.8917
v -6685.9634 -38.6376 1435.6490
v -6685.6140 -38.5318 1434.4218
v -6685.3622 -38.0809 1433.5511
v -6685.1372 -37.1495 1432.7931
v -6685.0037 -36.0662 1432.3640
v -6683.8058 -44.9408 1414.4834
v -6681.8268 -45.9784 1407.4677
v -6684.2262 -41.3443 1416.1017
v -6684.5482 -40.8867 1417.2532
v -6684.7443 -40.2008 1417.9714
v -6684.8701 -39.0858 1418.4550
v -6684.8938 -37.9202 1418.5825
v -6691.8755 -34.2599 1443.3300
v -6690.2031 -41.5871 1437.1580
v -6692.1829 -40.5495 1444.1736
v -6690.0772 -40.2744 1436.7636
v -6689.8193 -39.1294 1435.8993
v -6689.4615 -38.5999 1434.6565
v -6689.1121 -38.4941 1433.4294
v -6688.8603 -38.0432 1432.5587
v -6688.6353 -37.1119 1431.8007
v -6688.5017 -36.0286 1431.3715
v -6600.3082 -43.1135 1438.7738
v -6600.1724 -44.4646 1438.2443
v -6597.8912 -40.5887 1430.3513
v -6603.8063 -43.0758 1437.7814
v -6601.3901 -40.5511 1429.3589
v -6603.6705 -44.4269 1437.2519
v -6600.1778 -45.8407 1438.2106
v -6598.1987 -46.8783 1431.1950
v -6600.5981 -42.2441 1439.8290
v -6600.9201 -41.7865 1440.9804
v -6601.1169 -41.1006 1441.6986
v -6601.2421 -39.9857 1442.1823
v -6601.2657 -38.8200 1442.3098
v -6608.2474 -35.1598 1467.0572
v -6608.5548 -41.4493 1467.9008
v -6606.5750 -42.4870 1460.8852
v -6606.4491 -41.1742 1460.4908
v -6606.1920 -40.0293 1459.6265
v -6605.8334 -39.4998 1458.3838
v -6605.4840 -39.3940 1457.1567
v -6605.2322 -38.9431 1456.2860
v -6605.0072 -38.0118 1455.5280
v -6604.8737 -36.9285 1455.0987
v -6603.6758 -45.8030 1437.2182
v -6601.6968 -46.8406 1430.2025
v -6604.0962 -42.2065 1438.8365
v -6604.4182 -41.7489 1439.9880
v -6604.6143 -41.0630 1440.7063
v -6604.7394 -39.9480 1441.1899
v -6604.7638 -38.7824 1441.3173
v -6611.7455 -35.1221 1466.0648
v -6610.0731 -42.4493 1459.8927
v -6612.0529 -41.4117 1466.9085
v -6609.9472 -41.1366 1459.4983
v -6609.6893 -39.9916 1458.6340
v -6609.3315 -39.4622 1457.3914
v -6608.9821 -39.3563 1456.1643
v -6608.7303 -38.9054 1455.2936
v -6608.5052 -37.9741 1454.5354
v -6608.3717 -36.8908 1454.1063
v -6651.5099 -58.2189 1335.9224
v -6651.4633 -59.6555 1335.6807
v -6648.8022 -57.6282 1327.2346
v -6654.9820 -58.1502 1334.8450
v -6652.2743 -57.5595 1326.1572
v -6654.9355 -59.5868 1334.6033
v -6651.5656 -61.0062 1335.9255
v -6649.5682 -63.5796 1329.3224
v -6651.7517 -57.1357 1336.7715
v -6652.0561 -56.4329 1337.7974
v -6652.2133 -55.6036 1338.3565
v -6652.2659 -54.4077 1338.6011
v -6652.2079 -53.2417 1338.4897
v -6659.2560 -44.1639 1361.7815
v -6660.0212 -50.1154 1363.8693
v -6658.0231 -52.6888 1357.2664
v -6657.7988 -51.4952 1356.6186
v -6657.4478 -50.5699 1355.5484
v -6657.0358 -50.3295 1354.2350
v -6656.6635 -50.4992 1353.0220
v -6656.3675 -50.2528 1352.0856
v -6656.0661 -49.5124 1351.1618
v -6655.8502 -48.5504 1350.5264
v -6655.0385 -60.9374 1334.8480
v -6653.0403 -63.5109 1328.2451
v -6655.2238 -57.0670 1335.6941
v -6655.5283 -56.3642 1336.7199
v -6655.6854 -55.5349 1337.2789
v -6655.7381 -54.3390 1337.5237
v -6655.6801 -53.1729 1337.4123
v -6662.7274 -44.0952 1360.7041
v -6661.4960 -52.6200 1356.1890
v -6663.4933 -50.0466 1362.7920
v -6661.2709 -51.4265 1355.5412
v -6660.9207 -50.5012 1354.4710
v -6660.5080 -50.2608 1353.1575
v -6660.1349 -50.4305 1351.9446
v -6659.8396 -50.1841 1351.0082
v -6659.5383 -49.4436 1350.0843
v -6659.3224 -48.4818 1349.4491
v -6571.9688 -59.7930 1360.6035
v -6571.9223 -61.2296 1360.3619
v -6569.2612 -59.2023 1351.9157
v -6575.4410 -59.7243 1359.5261
v -6572.7333 -59.1336 1350.8385
v -6575.3944 -61.1609 1359.2845
v -6572.0245 -62.5803 1360.6067
v -6570.0272 -65.1537 1354.0037
v -6572.2107 -58.7098 1361.4527
v -6572.5151 -58.0070 1362.4784
v -6572.6723 -57.1777 1363.0375
v -6572.7242 -55.9819 1363.2822
v -6572.6669 -54.8157 1363.1708
v -6579.7142 -45.7380 1386.4627
v -6580.4802 -51.6894 1388.5506
v -6578.4821 -54.2629 1381.9475
v -6578.2578 -53.0693 1381.2998
v -6577.9068 -52.1440 1380.2296
v -6577.4948 -51.9036 1378.9161
v -6577.1217 -52.0733 1377.7032
v -6576.8265 -51.8269 1376.7668
v -6576.5251 -51.0865 1375.8429
v -6576.3092 -50.1246 1375.2076
v -6575.4974 -62.5115 1359.5293
v -6573.4993 -65.0850 1352.9263
v -6575.6828 -58.6411 1360.3752
v -6575.9872 -57.9382 1361.4011
v -6576.1444 -57.1090 1361.9601
v -6576.1963 -55.9131 1362.2048
v -6576.1391 -54.7471 1362.0934
v -6583.1863 -45.6693 1385.3853
v -6581.9542 -54.1942 1380.8701
v -6583.9523 -51.6207 1387.4731
v -6581.7299 -53.0006 1380.2223
v -6581.3797 -52.0753 1379.1521
v -6580.9669 -51.8349 1377.8387
v -6580.5939 -52.0046 1376.6258
v -6580.2986 -51.7581 1375.6894
v -6579.9973 -51.0178 1374.7654
v -6579.7813 -50.0558 1374.1302
v -6625.3235 -71.4336 1263.0116
v -6625.4349 -72.8699 1263.2328
v -6622.4350 -73.8934 1254.7194
v -6628.7491 -71.3561 1261.7950
v -6625.8606 -73.8159 1253.5029
v -6628.8605 -72.7924 1262.0165
v -6625.6920 -74.0564 1263.8815
v -6623.8945 -78.7714 1258.5193
v -6625.4562 -70.1190 1263.4671
v -6625.6950 -69.1013 1264.2059
v -6625.7668 -68.1264 1264.4698
v -6625.6882 -66.9158 1264.3261
v -6625.4990 -65.8567 1263.8594
v -6631.8390 -49.2250 1282.7744
v -6633.2985 -54.1030 1286.5743
v -6631.5010 -58.8179 1281.2120
v -6631.1340 -57.9191 1280.2362
v -6630.6656 -57.4195 1278.9495
v -6630.2094 -57.6492 1277.6489
v -6629.8393 -58.2299 1276.5696
v -6629.5036 -58.3230 1275.6189
v -6629.1077 -57.9467 1274.5264
v -6628.7750 -57.2617 1273.6343
v -6629.1183 -73.9789 1262.6650
v -6627.3201 -78.6939 1257.3029
v -6628.8818 -70.0415 1262.2507
v -6629.1206 -69.0238 1262.9894
v -6629.1924 -68.0490 1263.2532
v -6629.1138 -66.8383 1263.1096
v -6628.9246 -65.7791 1262.6431
v -6635.2646 -49.1475 1281.5579
v -6634.9274 -58.7403 1279.9957
v -6636.7241 -54.0254 1285.3579
v -6634.5596 -57.8415 1279.0197
v -6634.0919 -57.3420 1277.7331
v -6633.6349 -57.5717 1276.4324
v -6633.2649 -58.1525 1275.3532
v -6632.9300 -58.2455 1274.4026
v -6632.5333 -57.8692 1273.3100
v -6632.2006 -57.1842 1272.4178
v -6546.8460 -73.2090 1290.8777
v -6546.9574 -74.6453 1291.0990
v -6543.9575 -75.6688 1282.5855
v -6550.2716 -73.1315 1289.6612
v -6547.3831 -75.5912 1281.3691
v -6550.3830 -74.5678 1289.8827
v -6547.2137 -75.8319 1291.7477
v -6545.4170 -80.5467 1286.3855
v -6546.9780 -71.8944 1291.3333
v -6547.2176 -70.8767 1292.0720
v -6547.2885 -69.9019 1292.3359
v -6547.2107 -68.6912 1292.1923
v -6547.0207 -67.6320 1291.7255
v -6553.3607 -51.0004 1310.6405
v -6554.8210 -55.8783 1314.4403
v -6553.0228 -60.5933 1309.0782
v -6552.6566 -59.6945 1308.1024
v -6552.1881 -59.1949 1306.8157
v -6551.7319 -59.4246 1305.5151
v -6551.3611 -60.0054 1304.4358
v -6551.0262 -60.0984 1303.4851
v -6550.6294 -59.7221 1302.3926
v -6550.2975 -59.0371 1301.5005
v -6550.6401 -75.7543 1290.5313
v -6548.8426 -80.4692 1285.1690
v -6550.4044 -71.8170 1290.1168
v -6550.6432 -70.7992 1290.8556
v -6550.7149 -69.8244 1291.1194
v -6550.6363 -68.6136 1290.9758
v -6550.4471 -67.5546 1290.5091
v -6556.7871 -50.9228 1309.4241
v -6556.4491 -60.5158 1307.8617
v -6558.2466 -55.8008 1313.2240
v -6556.0822 -59.6170 1306.8859
v -6555.6145 -59.1174 1305.5992
v -6555.1575 -59.3471 1304.2986
v -6554.7874 -59.9278 1303.2194
v -6554.4518 -60.0209 1302.2688
v -6554.0558 -59.6447 1301.1761
v -6553.7231 -58.9596 1300.2840
v -6596.5904 -78.6928 1180.8274
v -6596.8422 -79.9998 1181.4215
v -6593.8240 -83.5525 1173.6242
v -6599.9741 -78.6469 1179.4968
v -6597.2076 -83.5066 1172.2937
v -6600.2258 -79.9538 1180.0908
v -6597.2214 -80.9387 1182.3538
v -6595.8015 -87.0697 1178.5316
v -6596.6034 -77.2977 1180.9076
v -6596.7552 -76.1008 1181.3356
v -6596.7377 -75.0885 1181.3251
v -6596.5416 -73.9739 1180.8649
v -6596.2440 -73.1019 1180.1392
v -6601.2520 -51.4749 1193.6214
v -6603.2295 -54.9922 1198.5289
v -6601.8097 -61.1232 1194.7068
v -6601.3443 -60.5584 1193.5411
v -6600.8102 -60.4696 1192.1878
v -6600.3578 -61.0824 1191.0162
v -6600.0290 -61.9642 1190.1484
v -6599.6895 -62.3407 1189.2720
v -6599.2424 -62.3110 1188.1355
v -6598.8327 -61.9254 1187.1065
v -6600.6050 -80.8927 1181.0231
v -6599.1852 -87.0238 1177.2011
v -6599.9870 -77.2517 1179.5770
v -6600.1389 -76.0548 1180.0051
v -6600.1205 -75.0427 1179.9944
v -6599.9252 -73.9280 1179.5342
v -6599.6277 -73.0559 1178.8086
v -6604.6356 -51.4289 1192.2909
v -6605.1941 -61.0771 1193.3762
v -6606.6132 -54.9461 1197.1983
v -6604.7279 -60.5124 1192.2106
v -6604.1946 -60.4235 1190.8571
v -6603.7415 -61.0365 1189.6855
v -6603.4126 -61.9183 1188.8178
v -6603.0731 -62.2947 1187.9416
v -6602.6260 -62.2650 1186.8050
v -6602.2156 -61.8795 1185.7759
v -6519.0781 -79.7457 1211.3091
v -6519.3298 -81.0526 1211.9032
v -6516.3116 -84.6054 1204.1059
v -6522.4617 -79.6997 1209.9785
v -6519.6953 -84.5594 1202.7754
v -6522.7127 -81.0067 1210.5726
v -6519.7090 -81.9915 1212.8355
v -6518.2892 -88.1225 1209.0134
v -6519.0903 -78.3505 1211.3894
v -6519.2429 -77.1536 1211.8174
v -6519.2245 -76.1415 1211.8067
v -6519.0285 -75.0268 1211.3466
v -6518.7317 -74.1548 1210.6209
v -6523.7396 -52.5277 1224.1033
v -6525.7172 -56.0449 1229.0106
v -6524.2973 -62.1760 1225.1886
v -6523.8312 -61.6113 1224.0230
v -6523.2979 -61.5224 1222.6695
v -6522.8455 -62.1353 1221.4979
v -6522.5159 -63.0171 1220.6301
v -6522.1771 -63.3935 1219.7538
v -6521.7293 -63.3639 1218.6172
v -6521.3196 -62.9783 1217.5883
v -6523.0927 -81.9455 1211.5049
v -6521.6728 -88.0766 1207.6828
v -6522.4747 -78.3046 1210.0586
v -6522.6265 -77.1077 1210.4868
v -6522.6089 -76.0955 1210.4761
v -6522.4121 -74.9808 1210.0161
v -6522.1153 -74.1088 1209.2903
v -6527.1233 -52.4817 1222.7726
v -6527.6810 -62.1301 1223.8579
v -6529.1008 -55.9989 1227.6800
v -6527.2156 -61.5653 1222.6923
v -6526.6815 -61.4764 1221.3388
v -6526.2291 -62.0893 1220.1674
v -6525.9003 -62.9711 1219.2995
v -6525.5608 -63.3475 1218.4232
v -6525.1129 -63.3180 1217.2867
v -6524.7032 -62.9323 1216.2577
v -4543.0271 108.9035 603.2115
v -4543.0271 108.9035 615.7620
v -4543.0271 108.9035 589.7892
v -4543.0271 108.9035 577.2388
v -4539.3909 108.9035 603.2115
v -4539.3909 108.9035 615.7620
v -4539.3909 108.9035 589.7892
v -4539.3909 108.9035 577.2388
v -4543.0271 -7.2594 604.1552
v -4543.0271 -6.2259 603.5036
v -4539.3909 -6.2259 603.5036
v -4539.3909 -7.2594 604.1552
v -4543.0271 -6.2259 589.4972
v -4543.0271 -7.2594 588.8456
v -4539.3909 -7.2594 588.8456
v -4539.3909 -6.2259 589.4972
v -4543.0271 -5.0900 603.2115
v -4539.3909 -5.0900 603.2115
v -4543.0271 -5.0900 577.2388
v -4543.0271 108.9035 577.2388
v -4539.3909 108.9035 577.2388
v -4539.3909 -5.0900 577.2388
v -4543.0271 -8.8246 607.4429
v -4543.0271 -8.1181 606.2371
v -4539.3909 -8.1181 606.2371
v -4539.3909 -8.8246 607.4429
v -4543.0271 -5.0900 589.7893
v -4539.3909 -5.0900 589.7893
v -4543.0271 -8.1181 586.7637
v -4543.0271 -8.8246 585.5579
v -4539.3909 -8.8246 585.5579
v -4539.3909 -8.1181 586.7637
v -4543.0271 108.9035 615.7620
v -4543.0271 -5.0900 615.7620
v -4539.3909 -5.0900 615.7620
v -4539.3909 108.9035 615.7620
v -4543.0271 -10.0853 608.1743
v -4539.3909 -10.0853 608.1743
v -4543.0271 -10.0853 584.8265
v -4539.3909 -10.0853 584.8265
v -4543.0271 -11.4433 615.7620
v -4543.0271 -11.4433 608.3990
v -4539.3909 -11.4433 608.3990
v -4539.3909 -11.4433 615.7620
v -4543.0271 -11.4433 615.7620
v -4539.3909 -11.4433 615.7620
v -4543.0271 -11.4433 584.6018
v -4543.0271 -11.4433 577.2388
v -4539.3909 -11.4433 577.2388
v -4539.3909 -11.4433 584.6018
v -4543.0271 -11.4433 608.3990
v -4539.3909 -11.4433 608.3990
v -4543.0271 -11.4433 577.2388
v -4539.3909 -11.4433 577.2388
v -4543.0271 -11.4433 584.6018
v -4539.3909 -11.4433 584.6018
v -4543.0271 -7.8335 604.9890
v -4539.3909 -7.8335 604.9890
v -4543.0271 108.9035 577.2388
v -4543.0271 108.9035 589.7892
v -4539.3909 108.9035 589.7892
v -4539.3909 108.9035 577.2388
v -4543.0271 -7.8335 588.0118
v -4539.3909 -7.8335 588.0118
v -4543.0271 108.9035 603.2115
v -4543.0271 108.9035 615.7620
v -4539.3909 108.9035 615.7620
v -4539.3909 108.9035 603.2115
v -4626.3245 108.9035 603.2115
v -4626.3245 108.9035 615.7620
v -4626.3245 108.9035 589.7892
v -4626.3245 108.9035 577.2388
v -4622.6883 108.9035 603.2115
v -4622.6883 108.9035 615.7620
v -4622.6883 108.9035 589.7892
v -4622.6883 108.9035 577.2388
v -4626.3245 -7.2594 604.1552
v -4626.3245 -6.2259 603.5036
v -4622.6883 -6.2259 603.5036
v -4622.6883 -7.2594 604.1552
v -4626.3245 -6.2259 589.4972
v -4626.3245 -7.2594 588.8456
v -4622.6883 -7.2594 588.8456
v -4622.6883 -6.2259 589.4972
v -4626.3245 -5.0900 603.2115
v -4622.6883 -5.0900 603.2115
v -4626.3245 -5.0900 577.2388
v -4626.3245 108.9035 577.2388
v -4622.6883 108.9035 577.2388
v -4622.6883 -5.0900 577.2388
v -4626.3245 -8.8246 607.4429
v -4626.3245 -8.1181 606.2371
v -4622.6883 -8.1181 606.2371
v -4622.6883 -8.8246 607.4429
v -4626.3245 -5.0900 589.7893
v -4622.6883 -5.0900 589.7893
v -4626.3245 -8.1181 586.7637
v -4626.3245 -8.8246 585.5579
v -4622.6883 -8.8246 585.5579
v -4622.6883 -8.1181 586.7637
v -4626.3245 108.9035 615.7620
v -4626.3245 -5.0900 615.7620
v -4622.6883 -5.0900 615.7620
v -4622.6883 108.9035 615.7620
v -4626.3245 -10.0853 608.1743
v -4622.6883 -10.0853 608.1743
v -4626.3245 -10.0853 584.8265
v -4622.6883 -10.0853 584.8265
v -4626.3245 -11.4433 615.7620
v -4626.3245 -11.4433 608.3990
v -4622.6883 -11.4433 608.3990
v -4622.6883 -11.4433 615.7620
v -4626.3245 -11.4433 615.7620
v -4622.6883 -11.4433 615.7620
v -4626.3245 -11.4433 584.6018
v -4626.3245 -11.4433 577.2388
v -4622.6883 -11.4433 577.2388
v -4622.6883 -11.4433 584.6018
v -4626.3245 -11.4433 608.3990
v -4622.6883 -11.4433 608.3990
v -4626.3245 -11.4433 577.2388
v -4622.6883 -11.4433 577.2388
v -4626.3245 -11.4433 584.6018
v -4622.6883 -11.4433 584.6018
v -4626.3245 -7.8335 604.9890
v -4622.6883 -7.8335 604.9890
v -4626.3245 108.9035 577.2388
v -4626.3245 108.9035 589.7892
v -4622.6883 108.9035 589.7892
v -4622.6883 108.9035 577.2388
v -4626.3245 -7.8335 588.0118
v -4622.6883 -7.8335 588.0118
v -4626.3245 108.9035 603.2115
v -4626.3245 108.9035 615.7620
v -4622.6883 108.9035 615.7620
v -4622.6883 108.9035 603.2115
v -4543.0271 108.9035 603.2115
v -4539.3909 108.9035 603.2115
v -4543.0271 108.9035 589.7892
v -4539.3909 108.9035 589.7892
v -4626.3245 108.9035 603.2115
v -4622.6883 108.9035 603.2115
v -4626.3245 108.9035 589.7892
v -4622.6883 108.9035 589.7892
v -4584.4543 99.7427 612.8802
v -4586.0031 100.3459 612.8802
v -4586.0031 108.9034 612.8802
v -4584.4543 108.9034 612.8802
v -4615.9428 99.5989 612.8802
v -4622.6883 99.5989 612.8802
v -4622.6883 108.9035 612.8802
v -4615.9428 108.9035 612.8802
v -4594.1463 99.7995 612.8802
v -4597.0085 99.5989 612.8802
v -4597.0085 108.9034 612.8802
v -4594.1463 108.9034 612.8802
v -4602.8271 100.4109 612.8802
v -4605.8514 101.3169 612.8802
v -4605.8514 108.9034 612.8802
v -4602.8271 108.9034 612.8802
v -4591.6389 100.4000 612.8802
v -4591.6389 108.9034 612.8802
v -4608.0212 101.8449 612.8802
v -4608.0212 108.9035 612.8802
v -4587.2490 101.3132 612.8802
v -4587.2490 108.9034 612.8802
v -4610.0426 101.9738 612.8802
v -4610.0426 108.9035 612.8802
v -4588.2305 102.5065 612.8802
v -4589.7972 101.2569 612.8802
v -4589.7972 108.9034 612.8802
v -4588.2305 108.9034 612.8802
v -4612.0770 101.6780 612.8802
v -4612.0770 108.9035 612.8802
v -4600.1232 99.7760 612.8802
v -4600.1232 108.9034 612.8802
v -4614.2380 100.8396 612.8802
v -4614.2380 108.9035 612.8802
v -4582.8575 99.5988 612.8802
v -4582.8575 108.9034 612.8802
v -4581.2614 99.7427 612.8802
v -4581.2614 108.9034 612.8802
v -4579.7119 108.9035 612.8802
v -4579.7119 100.3459 612.8802
v -4549.7726 99.5988 612.8802
v -4549.7726 108.9035 612.8802
v -4543.0271 108.9035 612.8802
v -4543.0271 99.5988 612.8802
v -4571.5691 99.7995 612.8802
v -4571.5691 108.9035 612.8802
v -4568.7065 108.9035 612.8802
v -4568.7065 99.5988 612.8802
v -4562.8883 100.4109 612.8802
v -4562.8883 108.9035 612.8802
v -4559.8640 108.9035 612.8802
v -4559.8640 101.3169 612.8802
v -4574.0765 100.4000 612.8802
v -4574.0765 108.9035 612.8802
v -4557.6942 108.9035 612.8802
v -4557.6942 101.8449 612.8802
v -4578.4664 108.9035 612.8802
v -4578.4664 101.3132 612.8802
v -4555.6728 108.9035 612.8802
v -4555.6728 101.9738 612.8802
v -4577.4849 102.5065 612.8802
v -4577.4849 108.9035 612.8802
v -4575.9178 108.9035 612.8802
v -4575.9178 101.2569 612.8802
v -4553.6385 108.9035 612.8802
v -4553.6385 101.6780 612.8802
v -4565.5922 99.7760 612.8802
v -4565.5922 108.9035 612.8802
v -4551.4771 108.9035 612.8802
v -4551.4771 100.8396 612.8802
v -4613.4102 -0.9910 612.3401
v -4615.6544 -1.7440 612.3401
v -4615.6544 6.5680 612.3401
v -4613.4102 6.5680 612.3401
v -4592.2470 -1.5939 612.3401
v -4596.1372 -1.0410 612.3401
v -4596.1372 6.5680 612.3401
v -4592.2470 6.5680 612.3401
v -4617.6434 -2.6772 612.3401
v -4617.6434 6.5680 612.3401
v -4599.8604 -0.4330 612.3401
v -4599.8604 6.5680 612.3401
v -4618.9568 -3.7230 612.3401
v -4618.9568 6.5680 612.3401
v -4602.8423 0.0173 612.3401
v -4602.8423 6.5680 612.3401
v -4619.9776 -4.9864 612.3401
v -4619.9776 6.5680 612.3401
v -4605.2116 0.1174 612.3401
v -4605.2116 6.5680 612.3401
v -4622.6883 -4.9864 612.3401
v -4622.6883 6.5680 612.3401
v -4607.7435 0.0773 612.3401
v -4607.7435 6.5680 612.3401
v -4582.8575 -2.1218 612.3401
v -4585.6621 -2.1193 612.3401
v -4585.6621 6.5680 612.3401
v -4582.8575 6.5680 612.3401
v -4610.5030 -0.3305 612.3401
v -4610.5030 6.5680 612.3401
v -4588.9946 -1.9642 612.3401
v -4588.9946 6.5680 612.3401
v -4552.3052 -0.9909 612.3401
v -4552.3052 6.5680 612.3401
v -4550.0610 6.5680 612.3401
v -4550.0610 -1.7440 612.3401
v -4573.4684 -1.5939 612.3401
v -4573.4684 6.5680 612.3401
v -4569.5778 6.5680 612.3401
v -4569.5778 -1.0410 612.3401
v -4548.0721 6.5680 612.3401
v -4548.0721 -2.6772 612.3401
v -4565.8554 6.5680 612.3401
v -4565.8554 -0.4330 612.3401
v -4546.7587 6.5680 612.3401
v -4546.7587 -3.7230 612.3401
v -4562.8731 6.5680 612.3401
v -4562.8731 0.0173 612.3401
v -4545.7378 6.5680 612.3401
v -4545.7378 -4.9864 612.3401
v -4560.5038 6.5680 612.3401
v -4560.5038 0.1174 612.3401
v -4543.0271 6.5680 612.3401
v -4543.0271 -4.9864 612.3401
v -4557.9720 6.5680 612.3401
v -4557.9720 0.0773 612.3401
v -4580.0529 6.5680 612.3401
v -4580.0529 -2.1193 612.3401
v -4555.2124 6.5680 612.3401
v -4555.2124 -0.3305 612.3401
v -4576.7208 6.5680 612.3401
v -4576.7208 -1.9642 612.3401
v -4584.4543 99.7427 615.4956
v -4584.4543 108.9034 615.4956
v -4586.0031 108.9034 615.4956
v -4586.0031 100.3459 615.4956
v -4615.9428 99.5989 615.4956
v -4615.9428 108.9035 615.4956
v -4622.6883 108.9035 615.4956
v -4622.6883 99.5989 615.4956
v -4594.1463 99.7995 615.4956
v -4594.1463 108.9034 615.4956
v -4597.0085 108.9034 615.4956
v -4597.0085 99.5989 615.4956
v -4602.8271 100.4109 615.4956
v -4602.8271 108.9034 615.4956
v -4605.8514 108.9034 615.4956
v -4605.8514 101.3169 615.4956
v -4591.6389 100.4000 615.4956
v -4591.6389 108.9034 615.4956
v -4608.0212 108.9035 615.4956
v -4608.0212 101.8449 615.4956
v -4587.2490 108.9034 615.4956
v -4587.2490 101.3132 615.4956
v -4610.0426 108.9035 615.4956
v -4610.0426 101.9738 615.4956
v -4588.2305 102.5065 615.4956
v -4588.2305 108.9034 615.4956
v -4589.7972 108.9034 615.4956
v -4589.7972 101.2569 615.4956
v -4612.0770 108.9035 615.4956
v -4612.0770 101.6780 615.4956
v -4600.1232 99.7760 615.4956
v -4600.1232 108.9034 615.4956
v -4614.2380 108.9035 615.4956
v -4614.2380 100.8396 615.4956
v -4582.8575 99.5988 615.4956
v -4582.8575 108.9034 615.4956
v -4581.2614 99.7427 615.4956
v -4579.7119 100.3459 615.4956
v -4579.7119 108.9035 615.4956
v -4581.2614 108.9034 615.4956
v -4549.7726 99.5988 615.4956
v -4543.0271 99.5988 615.4956
v -4543.0271 108.9035 615.4956
v -4549.7726 108.9035 615.4956
v -4571.5691 99.7995 615.4956
v -4568.7065 99.5988 615.4956
v -4568.7065 108.9035 615.4956
v -4571.5691 108.9035 615.4956
v -4562.8883 100.4109 615.4956
v -4559.8640 101.3169 615.4956
v -4559.8640 108.9035 615.4956
v -4562.8883 108.9035 615.4956
v -4574.0765 100.4000 615.4956
v -4574.0765 108.9035 615.4956
v -4557.6942 101.8449 615.4956
v -4557.6942 108.9035 615.4956
v -4578.4664 101.3132 615.4956
v -4578.4664 108.9035 615.4956
v -4555.6728 101.9738 615.4956
v -4555.6728 108.9035 615.4956
v -4577.4849 102.5065 615.4956
v -4575.9178 101.2569 615.4956
v -4575.9178 108.9035 615.4956
v -4577.4849 108.9035 615.4956
v -4553.6385 101.6780 615.4956
v -4553.6385 108.9035 615.4956
v -4565.5922 99.7760 615.4956
v -4565.5922 108.9035 615.4956
v -4551.4771 100.8396 615.4956
v -4551.4771 108.9035 615.4956
v -4613.4102 -0.9910 614.9554
v -4613.4102 6.5680 614.9554
v -4615.6544 6.5680 614.9554
v -4615.6544 -1.7440 614.9554
v -4592.2470 -1.5939 614.9554
v -4592.2470 6.5680 614.9554
v -4596.1372 6.5680 614.9554
v -4596.1372 -1.0410 614.9554
v -4617.6434 6.5680 614.9554
v -4617.6434 -2.6772 614.9554
v -4599.8604 6.5680 614.9554
v -4599.8604 -0.4330 614.9554
v -4618.9568 6.5680 614.9554
v -4618.9568 -3.7230 614.9554
v -4602.8423 6.5680 614.9554
v -4602.8423 0.0173 614.9554
v -4619.9776 6.5680 614.9554
v -4619.9776 -4.9864 614.9554
v -4605.2116 6.5680 614.9554
v -4605.2116 0.1174 614.9554
v -4622.6883 6.5680 614.9554
v -4622.6883 -4.9864 614.9554
v -4607.7435 6.5680 614.9554
v -4607.7435 0.0773 614.9554
v -4582.8575 -2.1218 614.9554
v -4582.8575 6.5680 614.9554
v -4585.6621 6.5680 614.9554
v -4585.6621 -2.1193 614.9554
v -4610.5030 6.5680 614.9554
v -4610.5030 -0.3305 614.9554
v -4588.9946 6.5680 614.9554
v -4588.9946 -1.9642 614.9554
v -4552.3052 -0.9909 614.9554
v -4550.0610 -1.7440 614.9554
v -4550.0610 6.5680 614.9554
v -4552.3052 6.5680 614.9554
v -4573.4684 -1.5939 614.9554
v -4569.5778 -1.0410 614.9554
v -4569.5778 6.5680 614.9554
v -4573.4684 6.5680 614.9554
v -4548.0721 -2.6772 614.9554
v -4548.0721 6.5680 614.9554
v -4565.8554 -0.4330 614.9554
v -4565.8554 6.5680 614.9554
v -4546.7587 -3.7230 614.9554
v -4546.7587 6.5680 614.9554
v -4562.8731 0.0173 614.9554
v -4562.8731 6.5680 614.9554
v -4545.7378 -4.9864 614.9554
v -4545.7378 6.5680 614.9554
v -4560.5038 0.1174 614.9554
v -4560.5038 6.5680 614.9554
v -4543.0271 -4.9864 614.9554
v -4543.0271 6.5680 614.9554
v -4557.9720 0.0773 614.9554
v -4557.9720 6.5680 614.9554
v -4580.0529 -2.1193 614.9554
v -4580.0529 6.5680 614.9554
v -4555.2124 -0.3305 614.9554
v -4555.2124 6.5680 614.9554
v -4576.7208 -1.9642 614.9554
v -4576.7208 6.5680 614.9554
v -4585.6621 6.5680 612.3401
v -4588.9946 6.5680 612.3401
v -4588.9946 6.5680 614.9554
v -4585.6621 6.5680 614.9554
v -4562.8883 108.9035 612.8802
v -4565.5922 108.9035 612.8802
v -4565.5922 108.9035 615.4956
v -4562.8883 108.9035 615.4956
v -4552.3052 6.5680 612.3401
v -4555.2124 6.5680 612.3401
v -4555.2124 6.5680 614.9554
v -4552.3052 6.5680 614.9554
v -4600.1232 108.9034 612.8802
v -4602.8271 108.9034 612.8802
v -4602.8271 108.9034 615.4956
v -4600.1232 108.9034 615.4956
v -4582.8575 6.5680 612.3401
v -4582.8575 6.5680 614.9554
v -4568.7065 108.9035 612.8802
v -4568.7065 108.9035 615.4956
v -4550.0610 6.5680 612.3401
v -4550.0610 6.5680 614.9554
v -4582.8575 108.9034 612.8802
v -4584.4543 108.9034 612.8802
v -4584.4543 108.9034 615.4956
v -4582.8575 108.9034 615.4956
v -4592.2470 6.5680 612.3401
v -4596.1372 6.5680 612.3401
v -4596.1372 6.5680 614.9554
v -4592.2470 6.5680 614.9554
v -4543.0271 108.9035 612.8802
v -4549.7726 108.9035 612.8802
v -4549.7726 108.9035 615.4956
v -4543.0271 108.9035 615.4956
v -4548.0721 6.5680 612.3401
v -4548.0721 6.5680 614.9554
v -4597.0085 108.9034 612.8802
v -4597.0085 108.9034 615.4956
v -4599.8604 6.5680 612.3401
v -4599.8604 6.5680 614.9554
v -4559.8640 108.9035 612.8802
v -4559.8640 108.9035 615.4956
v -4546.7587 6.5680 612.3401
v -4546.7587 6.5680 614.9554
v -4615.9428 108.9035 612.8802
v -4622.6883 108.9035 612.8802
v -4622.6883 108.9035 615.4956
v -4615.9428 108.9035 615.4956
v -4602.8423 6.5680 612.3401
v -4602.8423 6.5680 614.9554
v -4557.6942 108.9035 612.8802
v -4557.6942 108.9035 615.4956
v -4545.7378 6.5680 612.3401
v -4545.7378 6.5680 614.9554
v -4605.8514 108.9034 612.8802
v -4605.8514 108.9034 615.4956
v -4605.2116 6.5680 612.3401
v -4605.2116 6.5680 614.9554
v -4555.6728 108.9035 612.8802
v -4555.6728 108.9035 615.4956
v -4543.0271 6.5680 612.3401
v -4543.0271 6.5680 614.9554
v -4608.0212 108.9035 612.8802
v -4608.0212 108.9035 615.4956
v -4607.7435 6.5680 612.3401
v -4607.7435 6.5680 614.9554
v -4553.6385 108.9035 612.8802
v -4553.6385 108.9035 615.4956
v -4610.0426 108.9035 612.8802
v -4610.0426 108.9035 615.4956
v -4610.5030 6.5680 612.3401
v -4610.5030 6.5680 614.9554
v -4551.4771 108.9035 612.8802
v -4551.4771 108.9035 615.4956
v -4612.0770 108.9035 612.8802
v -4612.0770 108.9035 615.4956
v -4613.4102 6.5680 612.3401
v -4613.4102 6.5680 614.9554
v -4614.2380 108.9035 612.8802
v -4614.2380 108.9035 615.4956
v -4615.6544 6.5680 612.3401
v -4615.6544 6.5680 614.9554
v -4579.7119 108.9035 612.8802
v -4581.2614 108.9034 612.8802
v -4581.2614 108.9034 615.4956
v -4579.7119 108.9035 615.4956
v -4617.6434 6.5680 612.3401
v -4617.6434 6.5680 614.9554
v -4571.5691 108.9035 612.8802
v -4571.5691 108.9035 615.4956
v -4586.0031 108.9034 612.8802
v -4586.0031 108.9034 615.4956
v -4618.9568 6.5680 612.3401
v -4618.9568 6.5680 614.9554
v -4574.0765 108.9035 612.8802
v -4574.0765 108.9035 615.4956
v -4594.1463 108.9034 612.8802
v -4594.1463 108.9034 615.4956
v -4619.9776 6.5680 612.3401
v -4619.9776 6.5680 614.9554
v -4578.4664 108.9035 612.8802
v -4578.4664 108.9035 615.4956
v -4591.6389 108.9034 612.8802
v -4591.6389 108.9034 615.4956
v -4622.6883 6.5680 612.3401
v -4622.6883 6.5680 614.9554
v -4575.9178 108.9035 612.8802
v -4577.4849 108.9035 612.8802
v -4577.4849 108.9035 615.4956
v -4575.9178 108.9035 615.4956
v -4587.2490 108.9034 612.8802
v -4587.2490 108.9034 615.4956
v -4588.2305 108.9034 612.8802
v -4589.7972 108.9034 612.8802
v -4589.7972 108.9034 615.4956
v -4588.2305 108.9034 615.4956
v -4543.0271 -4.9864 612.3401
v -4543.0271 6.5680 612.3401
v -4543.0271 6.5680 614.9554
v -4543.0271 -4.9864 614.9554
v -4543.0271 99.5988 612.8802
v -4543.0271 108.9035 612.8802
v -4543.0271 108.9035 615.4956
v -4543.0271 99.5988 615.4956
v -4622.6883 108.9035 612.8802
v -4622.6883 99.5989 612.8802
v -4622.6883 99.5989 615.4956
v -4622.6883 108.9035 615.4956
v -4582.8575 -2.1218 612.3401
v -4580.0529 -2.1193 612.3401
v -4580.0529 -2.1193 614.9554
v -4582.8575 -2.1218 614.9554
v -4580.0529 6.5680 612.3401
v -4580.0529 6.5680 614.9554
v -4622.6883 6.5680 612.3401
v -4622.6883 -4.9864 612.3401
v -4622.6883 -4.9864 614.9554
v -4622.6883 6.5680 614.9554
v -4576.7208 -1.9642 612.3401
v -4576.7208 -1.9642 614.9554
v -4573.4684 -1.5939 612.3401
v -4573.4684 -1.5939 614.9554
v -4569.5778 -1.0410 612.3401
v -4569.5778 -1.0410 614.9554
v -4565.8554 -0.4330 612.3401
v -4565.8554 -0.4330 614.9554
v -4582.8575 99.5988 612.8802
v -4581.2614 99.7427 612.8802
v -4581.2614 99.7427 615.4956
v -4582.8575 99.5988 615.4956
v -4562.8731 0.0173 612.3401
v -4562.8731 0.0173 614.9554
v -4560.5038 0.1174 612.3401
v -4560.5038 0.1174 614.9554
v -4602.8271 100.4109 612.8802
v -4600.1232 99.7760 612.8802
v -4600.1232 99.7760 615.4956
v -4602.8271 100.4109 615.4956
v -4585.6621 -2.1193 612.3401
v -4585.6621 -2.1193 614.9554
v -4565.5922 99.7760 612.8802
v -4562.8883 100.4109 612.8802
v -4562.8883 100.4109 615.4956
v -4565.5922 99.7760 615.4956
v -4557.9720 0.0773 612.3401
v -4557.9720 0.0773 614.9554
v -4584.4543 99.7427 612.8802
v -4584.4543 99.7427 615.4956
v -4588.9946 -1.9642 612.3401
v -4588.9946 -1.9642 614.9554
v -4568.7065 99.5988 612.8802
v -4568.7065 99.5988 615.4956
v -4555.2124 -0.3305 612.3401
v -4555.2124 -0.3305 614.9554
v -4597.0085 99.5989 612.8802
v -4597.0085 99.5989 615.4956
v -4592.2470 -1.5939 612.3401
v -4592.2470 -1.5939 614.9554
v -4549.7726 99.5988 612.8802
v -4543.0271 99.5988 612.8802
v -4543.0271 99.5988 615.4956
v -4549.7726 99.5988 615.4956
v -4552.3052 -0.9909 612.3401
v -4552.3052 -0.9909 614.9554
v -4622.6883 99.5989 612.8802
v -4615.9428 99.5989 612.8802
v -4615.9428 99.5989 615.4956
v -4622.6883 99.5989 615.4956
v -4596.1372 -1.0410 612.3401
v -4596.1372 -1.0410 614.9554
v -4559.8640 101.3169 612.8802
v -4559.8640 101.3169 615.4956
v -4550.0610 -1.7440 612.3401
v -4550.0610 -1.7440 614.9554
v -4605.8514 101.3169 612.8802
v -4605.8514 101.3169 615.4956
v -4599.8604 -0.4330 612.3401
v -4599.8604 -0.4330 614.9554
v -4557.6942 101.8449 612.8802
v -4557.6942 101.8449 615.4956
v -4548.0721 -2.6772 612.3401
v -4548.0721 -2.6772 614.9554
v -4608.0212 101.8449 612.8802
v -4608.0212 101.8449 615.4956
v -4602.8423 0.0173 612.3401
v -4602.8423 0.0173 614.9554
v -4555.6728 101.9738 612.8802
v -4555.6728 101.9738 615.4956
v -4546.7587 -3.7230 612.3401
v -4546.7587 -3.7230 614.9554
v -4610.0426 101.9738 612.8802
v -4610.0426 101.9738 615.4956
v -4605.2116 0.1174 612.3401
v -4605.2116 0.1174 614.9554
v -4553.6385 101.6780 612.8802
v -4553.6385 101.6780 615.4956
v -4545.7378 -4.9864 612.3401
v -4545.7378 -4.9864 614.9554
v -4612.0770 101.6780 612.8802
v -4612.0770 101.6780 615.4956
v -4607.7435 0.0773 612.3401
v -4607.7435 0.0773 614.9554
v -4551.4771 100.8396 612.8802
v -4551.4771 100.8396 615.4956
v -4545.7378 -4.9864 612.3401
v -4543.0271 -4.9864 612.3401
v -4543.0271 -4.9864 614.9554
v -4545.7378 -4.9864 614.9554
v -4614.2380 100.8396 612.8802
v -4614.2380 100.8396 615.4956
v -4610.5030 -0.3305 612.3401
v -4610.5030 -0.3305 614.9554
v -4549.7726 99.5988 612.8802
v -4549.7726 99.5988 615.4956
v -4573.4684 6.5680 612.3401
v -4576.7208 6.5680 612.3401
v -4576.7208 6.5680 614.9554
v -4573.4684 6.5680 614.9554
v -4615.9428 99.5989 612.8802
v -4615.9428 99.5989 615.4956
v -4613.4102 -0.9910 612.3401
v -4613.4102 -0.9910 614.9554
v -4579.7119 100.3459 612.8802
v -4579.7119 100.3459 615.4956
v -4586.0031 100.3459 612.8802
v -4586.0031 100.3459 615.4956
v -4615.6544 -1.7440 612.3401
v -4615.6544 -1.7440 614.9554
v -4571.5691 99.7995 612.8802
v -4571.5691 99.7995 615.4956
v -4569.5778 6.5680 612.3401
v -4569.5778 6.5680 614.9554
v -4594.1463 99.7995 612.8802
v -4594.1463 99.7995 615.4956
v -4617.6434 -2.6772 612.3401
v -4617.6434 -2.6772 614.9554
v -4574.0765 100.4000 612.8802
v -4574.0765 100.4000 615.4956
v -4565.8554 6.5680 612.3401
v -4565.8554 6.5680 614.9554
v -4591.6389 100.4000 612.8802
v -4591.6389 100.4000 615.4956
v -4618.9568 -3.7230 612.3401
v -4618.9568 -3.7230 614.9554
v -4578.4664 101.3132 612.8802
v -4578.4664 101.3132 615.4956
v -4562.8731 6.5680 612.3401
v -4562.8731 6.5680 614.9554
v -4587.2490 101.3132 612.8802
v -4587.2490 101.3132 615.4956
v -4619.9776 -4.9864 612.3401
v -4619.9776 -4.9864 614.9554
v -4577.4849 102.5065 612.8802
v -4575.9178 101.2569 612.8802
v -4575.9178 101.2569 615.4956
v -4577.4849 102.5065 615.4956
v -4560.5038 6.5680 612.3401
v -4560.5038 6.5680 614.9554
v -4589.7972 101.2569 612.8802
v -4588.2305 102.5065 612.8802
v -4588.2305 102.5065 615.4956
v -4589.7972 101.2569 615.4956
v -4622.6883 -4.9864 612.3401
v -4619.9776 -4.9864 612.3401
v -4619.9776 -4.9864 614.9554
v -4622.6883 -4.9864 614.9554
v -4577.4849 102.5065 612.8802
v -4577.4849 102.5065 615.4956
v -4557.9720 6.5680 612.3401
v -4557.9720 6.5680 614.9554
v -4588.2305 102.5065 612.8802
v -4588.2305 102.5065 615.4956
v -4622.6883 6.5680 615.2725
v -4622.6883 8.9604 615.2725
v -4622.6883 8.9604 579.6311
v -4622.6883 6.5680 579.6311
v -4622.6883 6.5680 579.6311
v -4622.6883 8.9604 579.6311
v -4543.0271 8.9604 579.6311
v -4543.0271 6.5680 579.6311
v -4543.0271 6.5680 579.6311
v -4543.0271 8.9604 579.6311
v -4543.0271 8.9604 615.2725
v -4543.0271 6.5680 615.2725
v -4543.0271 6.5680 615.2725
v -4543.0271 8.9604 615.2725
v -4622.6883 8.9604 615.2725
v -4622.6883 6.5680 615.2725
v -4622.6883 6.5680 579.6311
v -4543.0271 6.5680 579.6311
v -4543.0271 6.5680 615.2725
v -4622.6883 6.5680 615.2725
v -4543.0271 8.9604 579.6311
v -4622.6883 8.9604 579.6311
v -4622.6883 8.9604 615.2725
v -4543.0271 8.9604 615.2725
v -4622.6883 39.9633 615.2725
v -4622.6883 42.3558 615.2725
v -4622.6883 42.3558 579.6311
v -4622.6883 39.9633 579.6311
v -4622.6883 39.9633 579.6311
v -4622.6883 42.3558 579.6311
v -4543.0271 42.3558 579.6311
v -4543.0271 39.9633 579.6311
v -4543.0271 39.9633 579.6311
v -4543.0271 42.3558 579.6311
v -4543.0271 42.3558 615.2725
v -4543.0271 39.9633 615.2725
v -4543.0271 39.9633 615.2725
v -4543.0271 42.3558 615.2725
v -4622.6883 42.3558 615.2725
v -4622.6883 39.9633 615.2725
v -4622.6883 39.9633 579.6311
v -4543.0271 39.9633 579.6311
v -4543.0271 39.9633 615.2725
v -4622.6883 39.9633 615.2725
v -4543.0271 42.3558 579.6311
v -4622.6883 42.3558 579.6311
v -4622.6883 42.3558 615.2725
v -4543.0271 42.3558 615.2725
v -4622.6883 70.6631 615.2725
v -4622.6883 73.0555 615.2725
v -4622.6883 73.0555 579.6311
v -4622.6883 70.6631 579.6311
v -4622.6883 70.6631 579.6311
v -4622.6883 73.0555 579.6311
v -4543.0271 73.0555 579.6311
v -4543.0271 70.6630 579.6311
v -4543.0271 70.6630 579.6311
v -4543.0271 73.0555 579.6311
v -4543.0271 73.0555 615.2725
v -4543.0271 70.6630 615.2725
v -4543.0271 70.6630 615.2725
v -4543.0271 73.0555 615.2725
v -4622.6883 73.0555 615.2725
v -4622.6883 70.6631 615.2725
v -4622.6883 70.6631 579.6311
v -4543.0271 70.6630 579.6311
v -4543.0271 70.6630 615.2725
v -4622.6883 70.6631 615.2725
v -4543.0271 73.0555 579.6311
v -4622.6883 73.0555 579.6311
v -4622.6883 73.0555 615.2725
v -4543.0271 73.0555 615.2725
v -4629.0031 108.9035 618.0212
v -4629.0031 111.2959 618.0212
v -4629.0031 111.2959 574.9796
v -4629.0031 108.9035 574.9796
v -4629.0031 108.9035 574.9796
v -4629.0031 111.2959 574.9796
v -4536.7123 111.2959 574.9796
v -4536.7123 108.9034 574.9796
v -4536.7123 108.9034 574.9796
v -4536.7123 111.2959 574.9796
v -4536.7123 111.2959 618.0212
v -4536.7123 108.9034 618.0212
v -4536.7123 108.9034 618.0212
v -4536.7123 111.2959 618.0212
v -4629.0031 111.2959 618.0212
v -4629.0031 108.9035 618.0212
v -4629.0031 108.9035 574.9796
v -4536.7123 108.9034 574.9796
v -4536.7123 108.9034 618.0212
v -4629.0031 108.9035 618.0212
v -4537.6663 111.5012 575.9336
v -4628.0491 111.5012 575.9336
v -4628.0491 111.5012 617.0671
v -4537.6663 111.5012 617.0671
v -4628.4721 111.2959 617.4903
v -4628.4721 111.2959 575.5105
v -4629.0031 111.2959 574.9796
v -4629.0031 111.2959 618.0212
v -4537.2429 111.2959 575.5105
v -4536.7123 111.2959 574.9796
v -4537.2429 111.2959 617.4903
v -4536.7123 111.2959 618.0212
v -4628.4721 111.2959 617.4903
v -4629.0031 111.2959 618.0212
v -4628.0491 111.5012 617.0671
v -4628.0491 111.5012 575.9336
v -4628.4721 111.2959 575.5105
v -4628.4721 111.2959 617.4903
v -4628.0491 111.5012 575.9336
v -4537.6663 111.5012 575.9336
v -4537.2429 111.2959 575.5105
v -4628.4721 111.2959 575.5105
v -4537.6663 111.5012 575.9336
v -4537.6663 111.5012 617.0671
v -4537.2429 111.2959 617.4903
v -4537.2429 111.2959 575.5105
v -4537.6663 111.5012 617.0671
v -4628.0491 111.5012 617.0671
v -4628.4721 111.2959 617.4903
v -4537.2429 111.2959 617.4903
v -4622.6883 108.9034 579.6312
v -4622.6883 108.9034 578.1108
v -4622.6883 8.9604 578.1108
v -4622.6883 8.9604 579.6311
v -4622.6883 8.9604 579.6311
v -4622.6883 8.9604 578.1108
v -4543.0271 8.9604 578.1108
v -4543.0271 8.9604 579.6311
v -4543.0271 8.9604 579.6311
v -4543.0271 8.9604 578.1108
v -4543.0271 108.9034 578.1108
v -4543.0271 108.9034 579.6312
v -4543.0271 108.9034 579.6312
v -4543.0271 108.9034 578.1108
v -4622.6883 108.9034 578.1108
v -4622.6883 108.9034 579.6312
v -4622.6883 8.9604 579.6311
v -4543.0271 8.9604 579.6311
v -4543.0271 108.9034 579.6312
v -4622.6883 108.9034 579.6312
v -4543.0271 8.9604 578.1108
v -4622.6883 8.9604 578.1108
v -4622.6883 108.9034 578.1108
v -4543.0271 108.9034 578.1108
v -4622.6883 8.9604 579.6312
v -4622.6883 8.9604 577.2388
v -4622.6883 -2.1057 577.2388
v -4622.6883 -2.1057 579.6311
v -4622.6883 -2.1057 579.6311
v -4622.6883 -2.1057 577.2388
v -4543.0271 -2.1057 577.2388
v -4543.0271 -2.1057 579.6311
v -4543.0271 -2.1057 579.6311
v -4543.0271 -2.1057 577.2388
v -4543.0271 8.9604 577.2388
v -4543.0271 8.9604 579.6312
v -4543.0271 8.9604 579.6312
v -4543.0271 8.9604 577.2388
v -4622.6883 8.9604 577.2388
v -4622.6883 8.9604 579.6312
v -4622.6883 -2.1057 579.6311
v -4543.0271 -2.1057 579.6311
v -4543.0271 8.9604 579.6312
v -4622.6883 8.9604 579.6312
v -4543.0271 -2.1057 577.2388
v -4622.6883 -2.1057 577.2388
v -4622.6883 8.9604 577.2388
v -4543.0271 8.9604 577.2388
v -4543.0271 -5.0900 603.2115
v -4543.0271 108.9035 603.2115
v -4543.0271 108.9035 589.7892
v -4543.0271 -5.0900 589.7893
v -4539.3909 -5.0900 603.2115
v -4539.3909 -5.0900 589.7893
v -4539.3909 108.9035 589.7892
v -4539.3909 108.9035 603.2115
v -4543.0271 108.9035 589.7892
v -4543.0271 108.9035 603.2115
v -4539.3909 108.9035 603.2115
v -4539.3909 108.9035 589.7892
v -4543.0271 -5.0900 603.2115
v -4543.0271 -5.0900 589.7893
v -4539.3909 -5.0900 589.7893
v -4539.3909 -5.0900 603.2115
v -4543.0271 108.9035 589.7892
v -4539.3909 108.9035 589.7892
v -4539.3909 -5.0900 589.7893
v -4543.0271 -5.0900 589.7893
v -4543.0271 108.9035 603.2115
v -4543.0271 -5.0900 603.2115
v -4539.3909 -5.0900 603.2115
v -4539.3909 108.9035 603.2115
v -4626.3245 -5.0900 603.2115
v -4626.3245 108.9035 603.2115
v -4626.3245 108.9035 589.7892
v -4626.3245 -5.0900 589.7893
v -4622.6883 -5.0900 603.2115
v -4622.6883 -5.0900 589.7893
v -4622.6883 108.9035 589.7892
v -4622.6883 108.9035 603.2115
v -4626.3245 108.9035 589.7892
v -4626.3245 108.9035 603.2115
v -4622.6883 108.9035 603.2115
v -4622.6883 108.9035 589.7892
v -4626.3245 -5.0900 603.2115
v -4626.3245 -5.0900 589.7893
v -4622.6883 -5.0900 589.7893
v -4622.6883 -5.0900 603.2115
v -4626.3245 108.9035 603.2115
v -4626.3245 -5.0900 603.2115
v -4622.6883 -5.0900 603.2115
v -4622.6883 108.9035 603.2115
v -4626.3245 108.9035 589.7892
v -4622.6883 108.9035 589.7892
v -4622.6883 -5.0900 589.7893
v -4626.3245 -5.0900 589.7893
v -6724.5293 108.9034 1501.4022
v -6721.2814 108.9034 1489.2793
v -6728.0037 108.9034 1514.3671
v -6731.2515 108.9034 1526.4899
v -6728.0418 108.9034 1500.4610
v -6724.7932 108.9034 1488.3382
v -6731.5155 108.9034 1513.4260
v -6734.7641 108.9034 1525.5488
v -6724.2851 -7.2594 1500.4908
v -6724.4537 -6.2259 1501.1201
v -6727.9663 -6.2259 1500.1789
v -6727.7977 -7.2594 1499.5496
v -6728.0792 -6.2259 1514.6492
v -6728.2478 -7.2594 1515.2785
v -6731.7596 -7.2594 1514.3374
v -6731.5918 -6.2259 1513.7081
v -6724.5293 -5.0900 1501.4022
v -6728.0418 -5.0900 1500.4611
v -6731.2515 -5.0900 1526.4899
v -6731.2515 108.9034 1526.4899
v -6734.7641 108.9034 1525.5488
v -6734.7641 -5.0900 1525.5488
v -6723.4344 -8.8246 1497.3150
v -6723.7465 -8.1181 1498.4797
v -6727.2583 -8.1181 1497.5386
v -6726.9470 -8.8246 1496.3738
v -6728.0037 -5.0900 1514.3671
v -6731.5155 -5.0900 1513.4259
v -6728.7865 -8.1181 1517.2896
v -6729.0985 -8.8246 1518.4543
v -6732.6111 -8.8246 1517.5132
v -6732.2990 -8.1181 1516.3485
v -6721.2814 108.9034 1489.2793
v -6721.2814 -5.0900 1489.2793
v -6724.7932 -5.0900 1488.3382
v -6724.7932 108.9034 1488.3382
v -6723.2452 -10.0853 1496.6084
v -6726.7578 -10.0853 1495.6674
v -6729.2877 -10.0853 1519.1607
v -6732.8003 -10.0853 1518.2197
v -6721.2814 -11.4433 1489.2793
v -6723.1873 -11.4433 1496.3915
v -6726.6991 -11.4433 1495.4503
v -6724.7932 -11.4433 1488.3382
v -6721.2814 -11.4433 1489.2793
v -6724.7932 -11.4433 1488.3382
v -6729.3457 -11.4433 1519.3778
v -6731.2515 -11.4433 1526.4899
v -6734.7641 -11.4433 1525.5488
v -6732.8583 -11.4433 1518.4367
v -6723.1873 -11.4433 1496.3915
v -6726.6991 -11.4433 1495.4503
v -6731.2515 -11.4433 1526.4899
v -6734.7641 -11.4433 1525.5488
v -6729.3457 -11.4433 1519.3778
v -6732.8583 -11.4433 1518.4367
v -6724.0692 -7.8336 1499.6853
v -6727.5818 -7.8336 1498.7442
v -6731.2515 108.9034 1526.4899
v -6728.0037 108.9034 1514.3671
v -6731.5155 108.9034 1513.4260
v -6734.7641 108.9034 1525.5488
v -6728.4637 -7.8336 1516.0839
v -6731.9756 -7.8336 1515.1428
v -6724.5293 108.9034 1501.4022
v -6721.2814 108.9034 1489.2793
v -6724.7932 108.9034 1488.3382
v -6728.0418 108.9034 1500.4610
v -6644.0704 108.9034 1522.9611
v -6640.8218 108.9034 1510.8382
v -6647.5449 108.9034 1535.9261
v -6650.7927 108.9034 1548.0489
v -6647.5830 108.9034 1522.0200
v -6644.3344 108.9034 1509.8971
v -6651.0567 108.9034 1534.9849
v -6654.3053 108.9034 1547.1078
v -6643.8263 -7.2594 1522.0496
v -6643.9949 -6.2259 1522.6789
v -6647.5075 -6.2259 1521.7379
v -6647.3389 -7.2594 1521.1085
v -6647.6196 -6.2259 1536.2082
v -6647.7890 -7.2594 1536.8375
v -6651.3008 -7.2594 1535.8964
v -6651.1322 -6.2259 1535.2670
v -6644.0704 -5.0900 1522.9611
v -6647.5830 -5.0900 1522.0200
v -6650.7927 -5.0900 1548.0489
v -6650.7927 108.9034 1548.0489
v -6654.3053 108.9034 1547.1078
v -6654.3053 -5.0900 1547.1078
v -6642.9756 -8.8246 1518.8739
v -6643.2877 -8.1181 1520.0386
v -6646.8002 -8.1181 1519.0974
v -6646.4874 -8.8246 1517.9328
v -6647.5449 -5.0900 1535.9260
v -6651.0567 -5.0900 1534.9849
v -6648.3276 -8.1181 1538.8485
v -6648.6397 -8.8246 1540.0132
v -6652.1523 -8.8246 1539.0720
v -6651.8402 -8.1181 1537.9074
v -6640.8218 108.9034 1510.8382
v -6640.8218 -5.0900 1510.8382
v -6644.3344 -5.0900 1509.8971
v -6644.3344 108.9034 1509.8971
v -6642.7856 -10.0853 1518.1674
v -6646.2982 -10.0853 1517.2263
v -6648.8289 -10.0853 1540.7197
v -6652.3415 -10.0853 1539.7786
v -6640.8218 -11.4433 1510.8382
v -6642.7277 -11.4433 1517.9503
v -6646.2402 -11.4433 1517.0093
v -6644.3344 -11.4433 1509.8971
v -6640.8218 -11.4433 1510.8382
v -6644.3344 -11.4433 1509.8971
v -6648.8869 -11.4433 1540.9368
v -6650.7927 -11.4433 1548.0489
v -6654.3053 -11.4433 1547.1078
v -6652.3994 -11.4433 1539.9956
v -6642.7277 -11.4433 1517.9503
v -6646.2402 -11.4433 1517.0093
v -6650.7927 -11.4433 1548.0489
v -6654.3053 -11.4433 1547.1078
v -6648.8869 -11.4433 1540.9368
v -6652.3994 -11.4433 1539.9956
v -6643.6104 -7.8335 1521.2442
v -6647.1230 -7.8335 1520.3032
v -6650.7927 108.9034 1548.0489
v -6647.5449 108.9034 1535.9261
v -6651.0567 108.9034 1534.9849
v -6654.3053 108.9034 1547.1078
v -6648.0042 -7.8335 1537.6429
v -6651.5167 -7.8335 1536.7018
v -6644.0704 108.9034 1522.9611
v -6640.8218 108.9034 1510.8382
v -6644.3344 108.9034 1509.8971
v -6647.5830 108.9034 1522.0200
v -6724.5293 108.9034 1501.4022
v -6728.0418 108.9034 1500.4610
v -6728.0037 108.9034 1514.3671
v -6731.5155 108.9034 1513.4260
v -6644.0704 108.9034 1522.9611
v -6647.5830 108.9034 1522.0200
v -6647.5449 108.9034 1535.9261
v -6651.0567 108.9034 1534.9849
v -6682.0114 99.7427 1502.7851
v -6680.5153 100.3459 1503.1860
v -6680.5153 108.9034 1503.1860
v -6682.0114 108.9034 1502.7851
v -6651.5961 99.5988 1510.9349
v -6645.0806 99.5988 1512.6807
v -6645.0806 108.9034 1512.6807
v -6651.5961 108.9034 1510.9349
v -6672.6494 99.7994 1505.2937
v -6669.8853 99.5988 1506.0344
v -6669.8853 108.9034 1506.0344
v -6672.6494 108.9034 1505.2937
v -6664.2647 100.4109 1507.5403
v -6661.3434 101.3169 1508.3231
v -6661.3434 108.9034 1508.3231
v -6664.2647 108.9034 1507.5403
v -6675.0717 100.4000 1504.6446
v -6675.0717 108.9034 1504.6446
v -6659.2476 101.8449 1508.8846
v -6659.2476 108.9034 1508.8846
v -6679.3121 101.3132 1503.5084
v -6679.3121 108.9034 1503.5084
v -6657.2952 101.9738 1509.4078
v -6657.2952 108.9034 1509.4078
v -6678.3646 102.5064 1503.7624
v -6676.8509 101.2569 1504.1679
v -6676.8509 108.9034 1504.1679
v -6678.3646 108.9034 1503.7624
v -6655.3299 101.6779 1509.9344
v -6655.3299 108.9034 1509.9344
v -6666.8762 99.7760 1506.8405
v -6666.8762 108.9034 1506.8405
v -6653.2425 100.8395 1510.4938
v -6653.2425 108.9034 1510.4938
v -6683.5541 99.5988 1502.3719
v -6683.5541 108.9034 1502.3719
v -6685.0960 99.7427 1501.9587
v -6685.0960 108.9034 1501.9587
v -6686.5921 108.9034 1501.5577
v -6686.5921 100.3459 1501.5577
v -6715.5121 99.5988 1493.8087
v -6715.5121 108.9034 1493.8087
v -6722.0268 108.9034 1492.0630
v -6722.0268 99.5988 1492.0630
v -6694.4580 99.7994 1499.4501
v -6694.4580 108.9034 1499.4501
v -6697.2229 108.9034 1498.7093
v -6697.2229 99.5988 1498.7093
v -6702.8427 100.4109 1497.2034
v -6702.8427 108.9034 1497.2034
v -6705.7640 108.9034 1496.4207
v -6705.7640 101.3168 1496.4207
v -6692.0357 100.4000 1500.0992
v -6692.0357 108.9034 1500.0992
v -6707.8598 108.9034 1495.8591
v -6707.8598 101.8449 1495.8591
v -6687.7953 108.9034 1501.2353
v -6687.7953 101.3132 1501.2353
v -6709.8122 108.9034 1495.3359
v -6709.8122 101.9738 1495.3359
v -6688.7436 102.5064 1500.9813
v -6688.7436 108.9034 1500.9813
v -6690.2573 108.9034 1500.5757
v -6690.2573 101.2569 1500.5757
v -6711.7775 108.9034 1494.8093
v -6711.7775 101.6779 1494.8093
v -6700.2312 99.7760 1497.9033
v -6700.2312 108.9034 1497.9033
v -6713.8649 108.9034 1494.2500
v -6713.8649 100.8395 1494.2500
v -6654.1824 -0.9910 1510.8011
v -6652.0142 -1.7440 1511.3820
v -6652.0142 6.5680 1511.3820
v -6654.1824 6.5680 1510.8011
v -6674.6239 -1.5939 1505.3238
v -6670.8664 -1.0410 1506.3307
v -6670.8664 6.5680 1506.3307
v -6674.6239 6.5680 1505.3238
v -6650.0931 -2.6772 1511.8968
v -6650.0931 6.5680 1511.8968
v -6667.2707 -0.4331 1507.2942
v -6667.2707 6.5680 1507.2942
v -6648.8243 -3.7230 1512.2367
v -6648.8243 6.5680 1512.2367
v -6664.3898 0.0173 1508.0660
v -6664.3898 6.5680 1508.0660
v -6647.8386 -4.9864 1512.5010
v -6647.8386 6.5680 1512.5010
v -6662.1017 0.1173 1508.6792
v -6662.1017 6.5680 1508.6792
v -6645.2202 -4.9864 1513.2025
v -6645.2202 6.5680 1513.2025
v -6659.6558 0.0773 1509.3346
v -6659.6558 6.5680 1509.3346
v -6683.6937 -2.1218 1502.8936
v -6680.9845 -2.1193 1503.6195
v -6680.9845 6.5680 1503.6195
v -6683.6937 6.5680 1502.8936
v -6656.9901 -0.3305 1510.0488
v -6656.9901 6.5680 1510.0488
v -6677.7657 -1.9642 1504.4820
v -6677.7657 6.5680 1504.4820
v -6713.2050 -0.9910 1494.9861
v -6713.2050 6.5680 1494.9861
v -6715.3725 6.5680 1494.4052
v -6715.3725 -1.7440 1494.4052
v -6692.7628 -1.5939 1500.4635
v -6692.7628 6.5680 1500.4635
v -6696.5210 6.5680 1499.4565
v -6696.5210 -1.0410 1499.4565
v -6717.2935 6.5680 1493.8905
v -6717.2935 -2.6772 1493.8905
v -6700.1167 6.5680 1498.4930
v -6700.1167 -0.4331 1498.4930
v -6718.5623 6.5680 1493.5505
v -6718.5623 -3.7230 1493.5505
v -6702.9968 6.5680 1497.7212
v -6702.9968 0.0173 1497.7212
v -6719.5488 6.5680 1493.2863
v -6719.5488 -4.9864 1493.2863
v -6705.2856 6.5680 1497.1080
v -6705.2856 0.1173 1497.1080
v -6722.1664 6.5680 1492.5847
v -6722.1664 -4.9864 1492.5847
v -6707.7316 6.5680 1496.4527
v -6707.7316 0.0773 1496.4527
v -6686.4029 6.5680 1502.1677
v -6686.4029 -2.1193 1502.1677
v -6710.3973 6.5680 1495.7385
v -6710.3973 -0.3305 1495.7385
v -6689.6217 6.5680 1501.3052
v -6689.6217 -1.9642 1501.3052
v -6681.3347 99.7427 1500.2588
v -6681.3347 108.9034 1500.2588
v -6679.8386 108.9034 1500.6598
v -6679.8386 100.3459 1500.6598
v -6650.9186 99.5988 1508.4087
v -6650.9186 108.9034 1508.4087
v -6644.4038 108.9034 1510.1545
v -6644.4038 99.5988 1510.1545
v -6671.9727 99.7994 1502.7674
v -6671.9727 108.9034 1502.7674
v -6669.2078 108.9034 1503.5082
v -6669.2078 99.5988 1503.5082
v -6663.5880 100.4109 1505.0141
v -6663.5880 108.9034 1505.0141
v -6660.6667 108.9034 1505.7968
v -6660.6667 101.3169 1505.7968
v -6674.3950 100.4000 1502.1183
v -6674.3950 108.9034 1502.1183
v -6658.5709 108.9034 1506.3583
v -6658.5709 101.8449 1506.3583
v -6678.6354 108.9034 1500.9821
v -6678.6354 101.3132 1500.9821
v -6656.6185 108.9034 1506.8816
v -6656.6185 101.9738 1506.8816
v -6677.6871 102.5064 1501.2362
v -6677.6871 108.9034 1501.2362
v -6676.1734 108.9034 1501.6418
v -6676.1734 101.2569 1501.6418
v -6654.6532 108.9034 1507.4081
v -6654.6532 101.6779 1507.4081
v -6666.1995 99.7760 1504.3142
v -6666.1995 108.9034 1504.3142
v -6652.5658 108.9034 1507.9675
v -6652.5658 100.8395 1507.9675
v -6682.8766 99.5988 1499.8456
v -6682.8766 108.9034 1499.8456
v -6684.4193 99.7427 1499.4324
v -6685.9154 100.3459 1499.0314
v -6685.9154 108.9034 1499.0314
v -6684.4193 108.9034 1499.4324
v -6714.8346 99.5988 1491.2826
v -6721.3501 99.5988 1489.5367
v -6721.3501 108.9034 1489.5367
v -6714.8346 108.9034 1491.2826
v -6693.7805 99.7994 1496.9238
v -6696.5454 99.5988 1496.1830
v -6696.5454 108.9034 1496.1830
v -6693.7805 108.9034 1496.9238
v -6702.1660 100.4109 1494.6772
v -6705.0873 101.3168 1493.8944
v -6705.0873 108.9034 1493.8944
v -6702.1660 108.9034 1494.6772
v -6691.3589 100.4000 1497.5729
v -6691.3589 108.9034 1497.5729
v -6707.1831 101.8449 1493.3329
v -6707.1831 108.9034 1493.3329
v -6687.1185 101.3132 1498.7091
v -6687.1185 108.9034 1498.7091
v -6709.1354 101.9738 1492.8097
v -6709.1354 108.9034 1492.8097
v -6688.0661 102.5064 1498.4550
v -6689.5798 101.2569 1498.0494
v -6689.5798 108.9034 1498.0494
v -6688.0661 108.9034 1498.4550
v -6711.1008 101.6779 1492.2831
v -6711.1008 108.9034 1492.2831
v -6699.5544 99.7760 1495.3770
v -6699.5544 108.9034 1495.3770
v -6713.1882 100.8395 1491.7237
v -6713.1882 108.9034 1491.7237
v -6653.5049 -0.9910 1508.2749
v -6653.5049 6.5680 1508.2749
v -6651.3374 6.5680 1508.8557
v -6651.3374 -1.7440 1508.8557
v -6673.9471 -1.5939 1502.7975
v -6673.9471 6.5680 1502.7975
v -6670.1897 6.5680 1503.8044
v -6670.1897 -1.0410 1503.8044
v -6649.4164 6.5680 1509.3705
v -6649.4164 -2.6772 1509.3705
v -6666.5939 6.5680 1504.7679
v -6666.5939 -0.4331 1504.7679
v -6648.1476 6.5680 1509.7105
v -6648.1476 -3.7230 1509.7105
v -6663.7131 6.5680 1505.5398
v -6663.7131 0.0173 1505.5398
v -6647.1619 6.5680 1509.9747
v -6647.1619 -4.9864 1509.9747
v -6661.4243 6.5680 1506.1530
v -6661.4243 0.1173 1506.1530
v -6644.5435 6.5680 1510.6762
v -6644.5435 -4.9864 1510.6762
v -6658.9790 6.5680 1506.8083
v -6658.9790 0.0773 1506.8083
v -6683.0170 -2.1218 1500.3674
v -6683.0170 6.5680 1500.3674
v -6680.3078 6.5680 1501.0932
v -6680.3078 -2.1193 1501.0932
v -6656.3133 6.5680 1507.5225
v -6656.3133 -0.3305 1507.5225
v -6677.0889 6.5680 1501.9557
v -6677.0889 -1.9642 1501.9557
v -6712.5282 -0.9910 1492.4598
v -6714.6957 -1.7440 1491.8790
v -6714.6957 6.5680 1491.8790
v -6712.5282 6.5680 1492.4598
v -6692.0860 -1.5939 1497.9372
v -6695.8435 -1.0410 1496.9303
v -6695.8435 6.5680 1496.9303
v -6692.0860 6.5680 1497.9372
v -6716.6168 -2.6772 1491.3642
v -6716.6168 6.5680 1491.3642
v -6699.4400 -0.4331 1495.9668
v -6699.4400 6.5680 1495.9668
v -6717.8856 -3.7230 1491.0242
v -6717.8856 6.5680 1491.0242
v -6702.3201 0.0173 1495.1949
v -6702.3201 6.5680 1495.1949
v -6718.8721 -4.9864 1490.7600
v -6718.8721 6.5680 1490.7600
v -6704.6089 0.1173 1494.5817
v -6704.6089 6.5680 1494.5817
v -6721.4897 -4.9864 1490.0584
v -6721.4897 6.5680 1490.0584
v -6707.0541 0.0773 1493.9264
v -6707.0541 6.5680 1493.9264
v -6685.7254 -2.1193 1499.6415
v -6685.7254 6.5680 1499.6415
v -6709.7198 -0.3305 1493.2122
v -6709.7198 6.5680 1493.2122
v -6688.9450 -1.9642 1498.7790
v -6688.9450 6.5680 1498.7790
v -6680.9845 6.5680 1503.6195
v -6677.7657 6.5680 1504.4820
v -6677.0889 6.5680 1501.9557
v -6680.3078 6.5680 1501.0932
v -6702.8427 108.9034 1497.2034
v -6700.2312 108.9034 1497.9033
v -6699.5544 108.9034 1495.3770
v -6702.1660 108.9034 1494.6772
v -6713.2050 6.5680 1494.9861
v -6710.3973 6.5680 1495.7385
v -6709.7198 6.5680 1493.2122
v -6712.5282 6.5680 1492.4598
v -6666.8762 108.9034 1506.8405
v -6664.2647 108.9034 1507.5403
v -6663.5880 108.9034 1505.0141
v -6666.1995 108.9034 1504.3142
v -6683.6937 6.5680 1502.8936
v -6683.0170 6.5680 1500.3674
v -6697.2229 108.9034 1498.7093
v -6696.5454 108.9034 1496.1830
v -6715.3725 6.5680 1494.4052
v -6714.6957 6.5680 1491.8790
v -6683.5541 108.9034 1502.3719
v -6682.0114 108.9034 1502.7851
v -6681.3347 108.9034 1500.2588
v -6682.8766 108.9034 1499.8456
v -6674.6239 6.5680 1505.3238
v -6670.8664 6.5680 1506.3307
v -6670.1897 6.5680 1503.8044
v -6673.9471 6.5680 1502.7975
v -6722.0268 108.9034 1492.0630
v -6715.5121 108.9034 1493.8087
v -6714.8346 108.9034 1491.2826
v -6721.3501 108.9034 1489.5367
v -6717.2935 6.5680 1493.8905
v -6716.6168 6.5680 1491.3642
v -6669.8853 108.9034 1506.0344
v -6669.2078 108.9034 1503.5082
v -6667.2707 6.5680 1507.2942
v -6666.5939 6.5680 1504.7679
v -6705.7640 108.9034 1496.4207
v -6705.0873 108.9034 1493.8944
v -6718.5623 6.5680 1493.5505
v -6717.8856 6.5680 1491.0242
v -6651.5961 108.9034 1510.9349
v -6645.0806 108.9034 1512.6807
v -6644.4038 108.9034 1510.1545
v -6650.9186 108.9034 1508.4087
v -6664.3898 6.5680 1508.0660
v -6663.7131 6.5680 1505.5398
v -6707.8598 108.9034 1495.8591
v -6707.1831 108.9034 1493.3329
v -6719.5488 6.5680 1493.2863
v -6718.8721 6.5680 1490.7600
v -6661.3434 108.9034 1508.3231
v -6660.6667 108.9034 1505.7968
v -6662.1017 6.5680 1508.6792
v -6661.4243 6.5680 1506.1530
v -6709.8122 108.9034 1495.3359
v -6709.1354 108.9034 1492.8097
v -6722.1664 6.5680 1492.5847
v -6721.4897 6.5680 1490.0584
v -6659.2476 108.9034 1508.8846
v -6658.5709 108.9034 1506.3583
v -6659.6558 6.5680 1509.3346
v -6658.9790 6.5680 1506.8083
v -6711.7775 108.9034 1494.8093
v -6711.1008 108.9034 1492.2831
v -6657.2952 108.9034 1509.4078
v -6656.6185 108.9034 1506.8816
v -6656.9901 6.5680 1510.0488
v -6656.3133 6.5680 1507.5225
v -6713.8649 108.9034 1494.2500
v -6713.1882 108.9034 1491.7237
v -6655.3299 108.9034 1509.9344
v -6654.6532 108.9034 1507.4081
v -6654.1824 6.5680 1510.8011
v -6653.5049 6.5680 1508.2749
v -6653.2425 108.9034 1510.4938
v -6652.5658 108.9034 1507.9675
v -6652.0142 6.5680 1511.3820
v -6651.3374 6.5680 1508.8557
v -6686.5921 108.9034 1501.5577
v -6685.0960 108.9034 1501.9587
v -6684.4193 108.9034 1499.4324
v -6685.9154 108.9034 1499.0314
v -6650.0931 6.5680 1511.8968
v -6649.4164 6.5680 1509.3705
v -6694.4580 108.9034 1499.4501
v -6693.7805 108.9034 1496.9238
v -6680.5153 108.9034 1503.1860
v -6679.8386 108.9034 1500.6598
v -6648.8243 6.5680 1512.2367
v -6648.1476 6.5680 1509.7105
v -6692.0357 108.9034 1500.0992
v -6691.3589 108.9034 1497.5729
v -6672.6494 108.9034 1505.2937
v -6671.9727 108.9034 1502.7674
v -6647.8386 6.5680 1512.5010
v -6647.1619 6.5680 1509.9747
v -6687.7953 108.9034 1501.2353
v -6687.1185 108.9034 1498.7091
v -6675.0717 108.9034 1504.6446
v -6674.3950 108.9034 1502.1183
v -6645.2202 6.5680 1513.2025
v -6644.5435 6.5680 1510.6762
v -6690.2573 108.9034 1500.5757
v -6688.7436 108.9034 1500.9813
v -6688.0661 108.9034 1498.4550
v -6689.5798 108.9034 1498.0494
v -6679.3121 108.9034 1503.5084
v -6678.6354 108.9034 1500.9821
v -6678.3646 108.9034 1503.7624
v -6676.8509 108.9034 1504.1679
v -6676.1734 108.9034 1501.6418
v -6677.6871 108.9034 1501.2362
v -6722.1664 -4.9864 1492.5847
v -6722.1664 6.5680 1492.5847
v -6721.4897 6.5680 1490.0584
v -6721.4897 -4.9864 1490.0584
v -6722.0268 99.5988 1492.0630
v -6722.0268 108.9034 1492.0630
v -6721.3501 108.9034 1489.5367
v -6721.3501 99.5988 1489.5367
v -6645.0806 108.9034 1512.6807
v -6645.0806 99.5988 1512.6807
v -6644.4038 99.5988 1510.1545
v -6644.4038 108.9034 1510.1545
v -6683.6937 -2.1218 1502.8936
v -6686.4029 -2.1193 1502.1677
v -6685.7254 -2.1193 1499.6415
v -6683.0170 -2.1218 1500.3674
v -6686.4029 6.5680 1502.1677
v -6685.7254 6.5680 1499.6415
v -6645.2202 6.5680 1513.2025
v -6645.2202 -4.9864 1513.2025
v -6644.5435 -4.9864 1510.6762
v -6644.5435 6.5680 1510.6762
v -6689.6217 -1.9642 1501.3052
v -6688.9450 -1.9642 1498.7790
v -6692.7628 -1.5939 1500.4635
v -6692.0860 -1.5939 1497.9372
v -6696.5210 -1.0410 1499.4565
v -6695.8435 -1.0410 1496.9303
v -6700.1167 -0.4331 1498.4930
v -6699.4400 -0.4331 1495.9668
v -6683.5541 99.5988 1502.3719
v -6685.0960 99.7427 1501.9587
v -6684.4193 99.7427 1499.4324
v -6682.8766 99.5988 1499.8456
v -6702.9968 0.0173 1497.7212
v -6702.3201 0.0173 1495.1949
v -6705.2856 0.1173 1497.1080
v -6704.6089 0.1173 1494.5817
v -6664.2647 100.4109 1507.5403
v -6666.8762 99.7760 1506.8405
v -6666.1995 99.7760 1504.3142
v -6663.5880 100.4109 1505.0141
v -6680.9845 -2.1193 1503.6195
v -6680.3078 -2.1193 1501.0932
v -6700.2312 99.7760 1497.9033
v -6702.8427 100.4109 1497.2034
v -6702.1660 100.4109 1494.6772
v -6699.5544 99.7760 1495.3770
v -6707.7316 0.0773 1496.4527
v -6707.0541 0.0773 1493.9264
v -6682.0114 99.7427 1502.7851
v -6681.3347 99.7427 1500.2588
v -6677.7657 -1.9642 1504.4820
v -6677.0889 -1.9642 1501.9557
v -6697.2229 99.5988 1498.7093
v -6696.5454 99.5988 1496.1830
v -6710.3973 -0.3305 1495.7385
v -6709.7198 -0.3305 1493.2122
v -6669.8853 99.5988 1506.0344
v -6669.2078 99.5988 1503.5082
v -6674.6239 -1.5939 1505.3238
v -6673.9471 -1.5939 1502.7975
v -6715.5121 99.5988 1493.8087
v -6722.0268 99.5988 1492.0630
v -6721.3501 99.5988 1489.5367
v -6714.8346 99.5988 1491.2826
v -6713.2050 -0.9910 1494.9861
v -6712.5282 -0.9910 1492.4598
v -6645.0806 99.5988 1512.6807
v -6651.5961 99.5988 1510.9349
v -6650.9186 99.5988 1508.4087
v -6644.4038 99.5988 1510.1545
v -6670.8664 -1.0410 1506.3307
v -6670.1897 -1.0410 1503.8044
v -6705.7640 101.3168 1496.4207
v -6705.0873 101.3168 1493.8944
v -6715.3725 -1.7440 1494.4052
v -6714.6957 -1.7440 1491.8790
v -6661.3434 101.3169 1508.3231
v -6660.6667 101.3169 1505.7968
v -6667.2707 -0.4331 1507.2942
v -6666.5939 -0.4331 1504.7679
v -6707.8598 101.8449 1495.8591
v -6707.1831 101.8449 1493.3329
v -6717.2935 -2.6772 1493.8905
v -6716.6168 -2.6772 1491.3642
v -6659.2476 101.8449 1508.8846
v -6658.5709 101.8449 1506.3583
v -6664.3898 0.0173 1508.0660
v -6663.7131 0.0173 1505.5398
v -6709.8122 101.9738 1495.3359
v -6709.1354 101.9738 1492.8097
v -6718.5623 -3.7230 1493.5505
v -6717.8856 -3.7230 1491.0242
v -6657.2952 101.9738 1509.4078
v -6656.6185 101.9738 1506.8816
v -6662.1017 0.1173 1508.6792
v -6661.4243 0.1173 1506.1530
v -6711.7775 101.6779 1494.8093
v -6711.1008 101.6779 1492.2831
v -6719.5488 -4.9864 1493.2863
v -6718.8721 -4.9864 1490.7600
v -6655.3299 101.6779 1509.9344
v -6654.6532 101.6779 1507.4081
v -6659.6558 0.0773 1509.3346
v -6658.9790 0.0773 1506.8083
v -6713.8649 100.8395 1494.2500
v -6713.1882 100.8395 1491.7237
v -6719.5488 -4.9864 1493.2863
v -6722.1664 -4.9864 1492.5847
v -6721.4897 -4.9864 1490.0584
v -6718.8721 -4.9864 1490.7600
v -6653.2425 100.8395 1510.4938
v -6652.5658 100.8395 1507.9675
v -6656.9901 -0.3305 1510.0488
v -6656.3133 -0.3305 1507.5225
v -6715.5121 99.5988 1493.8087
v -6714.8346 99.5988 1491.2826
v -6692.7628 6.5680 1500.4635
v -6689.6217 6.5680 1501.3052
v -6688.9450 6.5680 1498.7790
v -6692.0860 6.5680 1497.9372
v -6651.5961 99.5988 1510.9349
v -6650.9186 99.5988 1508.4087
v -6654.1824 -0.9910 1510.8011
v -6653.5049 -0.9910 1508.2749
v -6686.5921 100.3459 1501.5577
v -6685.9154 100.3459 1499.0314
v -6680.5153 100.3459 1503.1860
v -6679.8386 100.3459 1500.6598
v -6652.0142 -1.7440 1511.3820
v -6651.3374 -1.7440 1508.8557
v -6694.4580 99.7994 1499.4501
v -6693.7805 99.7994 1496.9238
v -6696.5210 6.5680 1499.4565
v -6695.8435 6.5680 1496.9303
v -6672.6494 99.7994 1505.2937
v -6671.9727 99.7994 1502.7674
v -6650.0931 -2.6772 1511.8968
v -6649.4164 -2.6772 1509.3705
v -6692.0357 100.4000 1500.0992
v -6691.3589 100.4000 1497.5729
v -6700.1167 6.5680 1498.4930
v -6699.4400 6.5680 1495.9668
v -6675.0717 100.4000 1504.6446
v -6674.3950 100.4000 1502.1183
v -6648.8243 -3.7230 1512.2367
v -6648.1476 -3.7230 1509.7105
v -6687.7953 101.3132 1501.2353
v -6687.1185 101.3132 1498.7091
v -6702.9968 6.5680 1497.7212
v -6702.3201 6.5680 1495.1949
v -6679.3121 101.3132 1503.5084
v -6678.6354 101.3132 1500.9821
v -6647.8386 -4.9864 1512.5010
v -6647.1619 -4.9864 1509.9747
v -6688.7436 102.5064 1500.9813
v -6690.2573 101.2569 1500.5757
v -6689.5798 101.2569 1498.0494
v -6688.0661 102.5064 1498.4550
v -6705.2856 6.5680 1497.1080
v -6704.6089 6.5680 1494.5817
v -6676.8509 101.2569 1504.1679
v -6678.3646 102.5064 1503.7624
v -6677.6871 102.5064 1501.2362
v -6676.1734 101.2569 1501.6418
v -6645.2202 -4.9864 1513.2025
v -6647.8386 -4.9864 1512.5010
v -6647.1619 -4.9864 1509.9747
v -6644.5435 -4.9864 1510.6762
v -6688.7436 102.5064 1500.9813
v -6688.0661 102.5064 1498.4550
v -6707.7316 6.5680 1496.4527
v -6707.0541 6.5680 1493.9264
v -6678.3646 102.5064 1503.7624
v -6677.6871 102.5064 1501.2362
v -6644.4611 6.5680 1510.3700
v -6644.4611 8.9604 1510.3700
v -6653.6858 8.9604 1544.7968
v -6653.6858 6.5680 1544.7968
v -6653.6858 6.5680 1544.7968
v -6653.6858 8.9604 1544.7968
v -6730.6328 8.9604 1524.1791
v -6730.6328 6.5680 1524.1791
v -6730.6328 6.5680 1524.1791
v -6730.6328 8.9604 1524.1791
v -6721.4081 8.9604 1489.7522
v -6721.4081 6.5680 1489.7522
v -6721.4081 6.5680 1489.7522
v -6721.4081 8.9604 1489.7522
v -6644.4611 8.9604 1510.3700
v -6644.4611 6.5680 1510.3700
v -6653.6858 6.5680 1544.7968
v -6730.6328 6.5680 1524.1791
v -6721.4081 6.5680 1489.7522
v -6644.4611 6.5680 1510.3700
v -6730.6328 8.9604 1524.1791
v -6653.6858 8.9604 1544.7968
v -6644.4611 8.9604 1510.3700
v -6721.4081 8.9604 1489.7522
v -6644.4611 39.9633 1510.3700
v -6644.4611 42.3558 1510.3700
v -6653.6858 42.3557 1544.7968
v -6653.6858 39.9633 1544.7968
v -6653.6858 39.9633 1544.7968
v -6653.6858 42.3557 1544.7968
v -6730.6328 42.3557 1524.1791
v -6730.6328 39.9633 1524.1791
v -6730.6328 39.9633 1524.1791
v -6730.6328 42.3557 1524.1791
v -6721.4081 42.3557 1489.7522
v -6721.4081 39.9633 1489.7522
v -6721.4081 39.9633 1489.7522
v -6721.4081 42.3557 1489.7522
v -6644.4611 42.3558 1510.3700
v -6644.4611 39.9633 1510.3700
v -6653.6858 39.9633 1544.7968
v -6730.6328 39.9633 1524.1791
v -6721.4081 39.9633 1489.7522
v -6644.4611 39.9633 1510.3700
v -6730.6328 42.3557 1524.1791
v -6653.6858 42.3557 1544.7968
v -6644.4611 42.3558 1510.3700
v -6721.4081 42.3557 1489.7522
v -6644.4611 70.6630 1510.3700
v -6644.4611 73.0555 1510.3700
v -6653.6858 73.0555 1544.7968
v -6653.6858 70.6630 1544.7968
v -6653.6858 70.6630 1544.7968
v -6653.6858 73.0555 1544.7968
v -6730.6328 73.0554 1524.1791
v -6730.6328 70.6630 1524.1791
v -6730.6328 70.6630 1524.1791
v -6730.6328 73.0554 1524.1791
v -6721.4081 73.0554 1489.7522
v -6721.4081 70.6630 1489.7522
v -6721.4081 70.6630 1489.7522
v -6721.4081 73.0554 1489.7522
v -6644.4611 73.0555 1510.3700
v -6644.4611 70.6630 1510.3700
v -6653.6858 70.6630 1544.7968
v -6730.6328 70.6630 1524.1791
v -6721.4081 70.6630 1489.7522
v -6644.4611 70.6630 1510.3700
v -6730.6328 73.0554 1524.1791
v -6653.6858 73.0555 1544.7968
v -6644.4611 73.0555 1510.3700
v -6721.4081 73.0554 1489.7522
v -6637.6503 108.9034 1509.3493
v -6637.6503 111.2959 1509.3493
v -6648.7900 111.2959 1550.9244
v -6648.7900 108.9034 1550.9244
v -6648.7900 108.9034 1550.9244
v -6648.7900 111.2959 1550.9244
v -6737.9364 111.2958 1527.0377
v -6737.9364 108.9034 1527.0377
v -6737.9364 108.9034 1527.0377
v -6737.9364 111.2958 1527.0377
v -6726.7960 111.2958 1485.4627
v -6726.7960 108.9034 1485.4627
v -6726.7960 108.9034 1485.4627
v -6726.7960 111.2958 1485.4627
v -6637.6503 111.2959 1509.3493
v -6637.6503 108.9034 1509.3493
v -6648.7900 108.9034 1550.9244
v -6737.9364 108.9034 1527.0377
v -6726.7960 108.9034 1485.4627
v -6637.6503 108.9034 1509.3493
v -6736.7676 111.5012 1526.3631
v -6649.4644 111.5012 1549.7559
v -6638.8184 111.5012 1510.0240
v -6726.1215 111.5012 1486.6312
v -6638.3003 111.2959 1509.7248
v -6649.1653 111.2959 1550.2742
v -6648.7900 111.2959 1550.9244
v -6637.6503 111.2959 1509.3493
v -6737.2864 111.2958 1526.6623
v -6737.9364 111.2958 1527.0377
v -6726.4206 111.2958 1486.1129
v -6726.7960 111.2958 1485.4627
v -6638.3003 111.2959 1509.7248
v -6637.6503 111.2959 1509.3493
v -6638.8184 111.5012 1510.0240
v -6649.4644 111.5012 1549.7559
v -6649.1653 111.2959 1550.2742
v -6638.3003 111.2959 1509.7248
v -6649.4644 111.5012 1549.7559
v -6736.7676 111.5012 1526.3631
v -6737.2864 111.2958 1526.6623
v -6649.1653 111.2959 1550.2742
v -6736.7676 111.5012 1526.3631
v -6726.1215 111.5012 1486.6312
v -6726.4206 111.2958 1486.1129
v -6737.2864 111.2958 1526.6623
v -6726.1215 111.5012 1486.6312
v -6638.8184 111.5012 1510.0240
v -6638.3003 111.2959 1509.7248
v -6726.4206 111.2958 1486.1129
v -6653.6858 108.9034 1544.7968
v -6654.0794 108.9034 1546.2654
v -6654.0794 8.9604 1546.2654
v -6653.6858 8.9604 1544.7968
v -6653.6858 8.9604 1544.7968
v -6654.0794 8.9604 1546.2654
v -6731.0257 8.9604 1525.6476
v -6730.6328 8.9604 1524.1791
v -6730.6328 8.9604 1524.1791
v -6731.0257 8.9604 1525.6476
v -6731.0257 108.9034 1525.6476
v -6730.6328 108.9034 1524.1791
v -6730.6328 108.9034 1524.1791
v -6731.0257 108.9034 1525.6476
v -6654.0794 108.9034 1546.2654
v -6653.6858 108.9034 1544.7968
v -6653.6858 8.9604 1544.7968
v -6730.6328 8.9604 1524.1791
v -6730.6328 108.9034 1524.1791
v -6653.6858 108.9034 1544.7968
v -6731.0257 8.9604 1525.6476
v -6654.0794 8.9604 1546.2654
v -6654.0794 108.9034 1546.2654
v -6731.0257 108.9034 1525.6476
v -6653.6858 8.9604 1544.7968
v -6654.3053 8.9604 1547.1078
v -6654.3053 -2.1058 1547.1078
v -6653.6858 -2.1058 1544.7968
v -6653.6858 -2.1058 1544.7968
v -6654.3053 -2.1058 1547.1078
v -6731.2515 -2.1058 1526.4899
v -6730.6328 -2.1058 1524.1791
v -6730.6328 -2.1058 1524.1791
v -6731.2515 -2.1058 1526.4899
v -6731.2515 8.9604 1526.4899
v -6730.6328 8.9604 1524.1791
v -6730.6328 8.9604 1524.1791
v -6731.2515 8.9604 1526.4899
v -6654.3053 8.9604 1547.1078
v -6653.6858 8.9604 1544.7968
v -6653.6858 -2.1058 1544.7968
v -6730.6328 -2.1058 1524.1791
v -6730.6328 8.9604 1524.1791
v -6653.6858 8.9604 1544.7968
v -6731.2515 -2.1058 1526.4899
v -6654.3053 -2.1058 1547.1078
v -6654.3053 8.9604 1547.1078
v -6731.2515 8.9604 1526.4899
v -6724.5293 -5.0900 1501.4022
v -6724.5293 108.9034 1501.4022
v -6728.0037 108.9034 1514.3671
v -6728.0037 -5.0900 1514.3671
v -6728.0418 -5.0900 1500.4611
v -6731.5155 -5.0900 1513.4259
v -6731.5155 108.9034 1513.4260
v -6728.0418 108.9034 1500.4610
v -6728.0037 108.9034 1514.3671
v -6724.5293 108.9034 1501.4022
v -6728.0418 108.9034 1500.4610
v -6731.5155 108.9034 1513.4260
v -6724.5293 -5.0900 1501.4022
v -6728.0037 -5.0900 1514.3671
v -6731.5155 -5.0900 1513.4259
v -6728.0418 -5.0900 1500.4611
v -6728.0037 108.9034 1514.3671
v -6731.5155 108.9034 1513.4260
v -6731.5155 -5.0900 1513.4259
v -6728.0037 -5.0900 1514.3671
v -6724.5293 108.9034 1501.4022
v -6724.5293 -5.0900 1501.4022
v -6728.0418 -5.0900 1500.4611
v -6728.0418 108.9034 1500.4610
v -6644.0704 -5.0900 1522.9611
v -6644.0704 108.9034 1522.9611
v -6647.5449 108.9034 1535.9261
v -6647.5449 -5.0900 1535.9260
v -6647.5830 -5.0900 1522.0200
v -6651.0567 -5.0900 1534.9849
v -6651.0567 108.9034 1534.9849
v -6647.5830 108.9034 1522.0200
v -6647.5449 108.9034 1535.9261
v -6644.0704 108.9034 1522.9611
v -6647.5830 108.9034 1522.0200
v -6651.0567 108.9034 1534.9849
v -6644.0704 -5.0900 1522.9611
v -6647.5449 -5.0900 1535.9260
v -6651.0567 -5.0900 1534.9849
v -6647.5830 -5.0900 1522.0200
v -6644.0704 108.9034 1522.9611
v -6644.0704 -5.0900 1522.9611
v -6647.5830 -5.0900 1522.0200
v -6647.5830 108.9034 1522.0200
v -6647.5449 108.9034 1535.9261
v -6651.0567 108.9034 1534.9849
v -6651.0567 -5.0900 1534.9849
v -6647.5449 -5.0900 1535.9260
v -232.0816 108.9035 145.4339
v -219.5312 108.9035 145.4340
v -245.5040 108.9035 145.4339
v -258.0544 108.9035 145.4339
v -232.0816 108.9035 141.7979
v -219.5312 108.9035 141.7977
v -245.5040 108.9035 141.7977
v -258.0544 108.9035 141.7979
v -231.1386 -7.2594 145.4341
v -231.7894 -6.2259 145.4341
v -231.7894 -6.2259 141.7977
v -231.1386 -7.2594 141.7976
v -245.7962 -6.2259 145.4340
v -246.4478 -7.2594 145.4339
v -246.4478 -7.2594 141.7977
v -245.7962 -6.2259 141.7976
v -232.0816 -5.0900 145.4339
v -232.0816 -5.0900 141.7979
v -258.0544 -5.0900 145.4339
v -258.0544 108.9035 145.4339
v -258.0544 108.9035 141.7979
v -258.0544 -5.0900 141.7979
v -227.8503 -8.8246 145.4342
v -229.0565 -8.1181 145.4340
v -229.0565 -8.1181 141.7976
v -227.8503 -8.8246 141.7977
v -245.5040 -5.0900 145.4340
v -245.5040 -5.0900 141.7977
v -248.5298 -8.1181 145.4339
v -249.7360 -8.8246 145.4341
v -249.7353 -8.8246 141.7977
v -248.5298 -8.1181 141.7977
v -219.5312 108.9035 145.4340
v -219.5312 -5.0900 145.4340
v -219.5312 -5.0900 141.7978
v -219.5312 108.9035 141.7977
v -227.1187 -10.0853 145.4341
v -227.1187 -10.0853 141.7977
v -250.4669 -10.0853 145.4339
v -250.4669 -10.0853 141.7975
v -219.5312 -11.4433 145.4340
v -226.8944 -11.4433 145.4340
v -226.8944 -11.4433 141.7975
v -219.5312 -11.4433 141.7978
v -219.5312 -11.4433 145.4340
v -219.5312 -11.4433 141.7978
v -250.6920 -11.4433 145.4340
v -258.0544 -11.4433 145.4339
v -258.0544 -11.4433 141.7979
v -250.6920 -11.4433 141.7976
v -226.8944 -11.4433 145.4340
v -226.8944 -11.4433 141.7975
v -258.0544 -11.4433 145.4339
v -258.0544 -11.4433 141.7979
v -250.6920 -11.4433 145.4340
v -250.6920 -11.4433 141.7976
v -230.3047 -7.8335 145.4338
v -230.3047 -7.8335 141.7978
v -258.0544 108.9035 145.4339
v -245.5040 108.9035 145.4339
v -245.5040 108.9035 141.7977
v -258.0544 108.9035 141.7979
v -247.2816 -7.8335 145.4340
v -247.2816 -7.8335 141.7978
v -232.0816 108.9035 145.4339
v -219.5312 108.9035 145.4340
v -219.5312 108.9035 141.7977
v -232.0816 108.9035 141.7979
v -232.0816 108.9035 228.7312
v -219.5312 108.9035 228.7312
v -245.5040 108.9035 228.7312
v -258.0551 108.9035 228.7311
v -232.0816 108.9035 225.0950
v -219.5312 108.9035 225.0950
v -245.5040 108.9035 225.0950
v -258.0551 108.9035 225.0949
v -231.1378 -7.2594 228.7313
v -231.7902 -6.2258 228.7313
v -231.7902 -6.2258 225.0949
v -231.1378 -7.2594 225.0950
v -245.7962 -6.2258 228.7312
v -246.4478 -7.2594 228.7313
v -246.4478 -7.2594 225.0950
v -245.7962 -6.2258 225.0950
v -232.0816 -5.0900 228.7312
v -232.0824 -5.0900 225.0949
v -258.0551 -5.0900 228.7311
v -258.0551 108.9035 228.7311
v -258.0551 108.9035 225.0949
v -258.0551 -5.0900 225.0949
v -227.8503 -8.8246 228.7312
v -229.0565 -8.1181 228.7312
v -229.0565 -8.1181 225.0952
v -227.8503 -8.8246 225.0950
v -245.5040 -5.0900 228.7312
v -245.5040 -5.0900 225.0950
v -248.5298 -8.1181 228.7313
v -249.7353 -8.8246 228.7312
v -249.7360 -8.8246 225.0949
v -248.5298 -8.1181 225.0949
v -219.5312 108.9035 228.7312
v -219.5312 -5.0900 228.7312
v -219.5312 -5.0900 225.0950
v -219.5312 108.9035 225.0950
v -227.1194 -10.0853 228.7313
v -227.1194 -10.0853 225.0950
v -250.4677 -10.0853 228.7312
v -250.4669 -10.0853 225.0950
v -219.5312 -11.4433 228.7312
v -226.8944 -11.4433 228.7313
v -226.8944 -11.4433 225.0951
v -219.5312 -11.4433 225.0950
v -219.5312 -11.4433 228.7312
v -219.5312 -11.4433 225.0950
v -250.6912 -11.4433 228.7313
v -258.0551 -11.4433 228.7311
v -258.0551 -11.4433 225.0949
v -250.6920 -11.4433 225.0949
v -226.8944 -11.4433 228.7313
v -226.8944 -11.4433 225.0951
v -258.0551 -11.4433 228.7311
v -258.0551 -11.4433 225.0949
v -250.6912 -11.4433 228.7313
v -250.6920 -11.4433 225.0949
v -230.3047 -7.8335 228.7313
v -230.3047 -7.8335 225.0949
v -258.0551 108.9035 228.7311
v -245.5040 108.9035 228.7312
v -245.5040 108.9035 225.0950
v -258.0551 108.9035 225.0949
v -247.2816 -7.8335 228.7313
v -247.2816 -7.8335 225.0951
v -232.0816 108.9035 228.7312
v -219.5312 108.9035 228.7312
v -219.5312 108.9035 225.0950
v -232.0816 108.9035 225.0950
v -232.0816 108.9035 145.4339
v -232.0816 108.9035 141.7979
v -245.5040 108.9035 145.4339
v -245.5040 108.9035 141.7977
v -232.0816 108.9035 228.7312
v -232.0816 108.9035 225.0950
v -245.5040 108.9035 228.7312
v -245.5040 108.9035 225.0950
v -222.4129 99.7427 186.8608
v -222.4129 100.3459 188.4102
v -222.4129 108.9035 188.4102
v -222.4129 108.9035 186.8608
v -222.4136 99.5989 218.3497
v -222.4129 99.5989 225.0950
v -222.4129 108.9035 225.0950
v -222.4136 108.9035 218.3497
v -222.4129 99.7995 196.5532
v -222.4129 99.5989 199.4154
v -222.4129 108.9035 199.4154
v -222.4129 108.9035 196.5532
v -222.4136 100.4109 205.2341
v -222.4136 101.3169 208.2582
v -222.4136 108.9035 208.2582
v -222.4136 108.9035 205.2341
v -222.4136 100.4000 194.0456
v -222.4136 108.9035 194.0456
v -222.4136 101.8449 210.4280
v -222.4136 108.9035 210.4280
v -222.4136 101.3132 189.6556
v -222.4136 108.9035 189.6556
v -222.4136 101.9738 212.4494
v -222.4136 108.9035 212.4494
v -222.4129 102.5065 190.6372
v -222.4136 101.2569 192.2040
v -222.4136 108.9035 192.2040
v -222.4129 108.9035 190.6372
v -222.4136 101.6780 214.4838
v -222.4136 108.9035 214.4838
v -222.4129 99.7760 202.5301
v -222.4129 108.9035 202.5301
v -222.4129 100.8396 216.6450
v -222.4129 108.9035 216.6450
v -222.4129 99.5989 185.2645
v -222.4129 108.9035 185.2645
v -222.4136 99.7427 183.6678
v -222.4136 108.9035 183.6678
v -222.4136 108.9035 182.1188
v -222.4136 100.3459 182.1188
v -222.4129 99.5989 152.1792
v -222.4129 108.9035 152.1792
v -222.4136 108.9035 145.4338
v -222.4136 99.5989 145.4338
v -222.4136 99.7995 173.9756
v -222.4136 108.9035 173.9756
v -222.4136 108.9035 171.1134
v -222.4136 99.5989 171.1134
v -222.4136 100.4109 165.2950
v -222.4136 108.9035 165.2950
v -222.4136 108.9035 162.2706
v -222.4136 101.3169 162.2706
v -222.4129 100.4000 176.4833
v -222.4129 108.9035 176.4833
v -222.4136 108.9035 160.1010
v -222.4136 101.8449 160.1010
v -222.4136 108.9035 180.8733
v -222.4136 101.3132 180.8733
v -222.4136 108.9035 158.0796
v -222.4136 101.9738 158.0796
v -222.4136 102.5065 179.8918
v -222.4136 108.9035 179.8918
v -222.4136 108.9035 178.3247
v -222.4136 101.2569 178.3247
v -222.4136 108.9035 156.0452
v -222.4136 101.6780 156.0452
v -222.4136 99.7760 167.9989
v -222.4136 108.9035 167.9989
v -222.4129 108.9035 153.8840
v -222.4129 100.8396 153.8840
v -222.9538 -0.9910 215.8170
v -222.9530 -1.7440 218.0612
v -222.9530 6.5680 218.0612
v -222.9538 6.5680 215.8170
v -222.9538 -1.5939 194.6538
v -222.9538 -1.0410 198.5441
v -222.9538 6.5680 198.5441
v -222.9538 6.5680 194.6538
v -222.9538 -2.6772 220.0500
v -222.9538 6.5680 220.0500
v -222.9538 -0.4330 202.2670
v -222.9538 6.5680 202.2670
v -222.9538 -3.7230 221.3634
v -222.9538 6.5680 221.3634
v -222.9538 0.0173 205.2490
v -222.9538 6.5680 205.2490
v -222.9538 -4.9864 222.3845
v -222.9538 6.5680 222.3845
v -222.9530 0.1174 207.6185
v -222.9530 6.5680 207.6185
v -222.9530 -4.9864 225.0950
v -222.9530 6.5680 225.0950
v -222.9538 0.0773 210.1503
v -222.9538 6.5680 210.1503
v -222.9538 -2.1218 185.2644
v -222.9538 -2.1193 188.0691
v -222.9538 6.5680 188.0691
v -222.9538 6.5680 185.2644
v -222.9530 -0.3305 212.9100
v -222.9530 6.5680 212.9100
v -222.9538 -1.9642 191.4016
v -222.9538 6.5680 191.4016
v -222.9530 -0.9910 154.7119
v -222.9530 6.5680 154.7119
v -222.9530 6.5680 152.4678
v -222.9530 -1.7440 152.4678
v -222.9538 -1.5939 175.8750
v -222.9538 6.5680 175.8750
v -222.9538 6.5680 171.9848
v -222.9538 -1.0410 171.9848
v -222.9530 6.5680 150.4790
v -222.9530 -2.6772 150.4790
v -222.9538 6.5680 168.2620
v -222.9538 -0.4330 168.2620
v -222.9538 6.5680 149.1652
v -222.9538 -3.7230 149.1652
v -222.9538 6.5680 165.2799
v -222.9538 0.0173 165.2799
v -222.9538 6.5680 148.1446
v -222.9538 -4.9864 148.1446
v -222.9538 6.5680 162.9105
v -222.9538 0.1174 162.9105
v -222.9530 6.5680 145.4339
v -222.9530 -4.9864 145.4339
v -222.9538 6.5680 160.3786
v -222.9538 0.0773 160.3786
v -222.9538 6.5680 182.4598
v -222.9538 -2.1193 182.4598
v -222.9538 6.5680 157.6191
v -222.9538 -0.3305 157.6191
v -222.9538 6.5680 179.1274
v -222.9538 -1.9642 179.1274
v -219.7983 99.7427 186.8608
v -219.7983 108.9035 186.8608
v -219.7983 108.9035 188.4102
v -219.7983 100.3459 188.4102
v -219.7975 99.5989 218.3498
v -219.7975 108.9035 218.3498
v -219.7983 108.9035 225.0950
v -219.7983 99.5989 225.0950
v -219.7983 99.7995 196.5531
v -219.7983 108.9035 196.5531
v -219.7983 108.9035 199.4154
v -219.7983 99.5989 199.4154
v -219.7983 100.4109 205.2341
v -219.7983 108.9035 205.2341
v -219.7983 108.9035 208.2582
v -219.7983 101.3169 208.2582
v -219.7975 100.4000 194.0456
v -219.7975 108.9035 194.0456
v -219.7983 108.9035 210.4280
v -219.7983 101.8449 210.4280
v -219.7975 108.9035 189.6555
v -219.7975 101.3132 189.6555
v -219.7983 108.9035 212.4494
v -219.7983 101.9738 212.4494
v -219.7983 102.5065 190.6372
v -219.7983 108.9035 190.6372
v -219.7983 108.9035 192.2039
v -219.7983 101.2569 192.2039
v -219.7975 108.9035 214.4839
v -219.7975 101.6780 214.4839
v -219.7983 99.7760 202.5300
v -219.7983 108.9035 202.5300
v -219.7975 108.9035 216.6449
v -219.7975 100.8396 216.6449
v -219.7983 99.5989 185.2644
v -219.7983 108.9035 185.2644
v -219.7975 99.7427 183.6679
v -219.7975 100.3459 182.1189
v -219.7975 108.9035 182.1189
v -219.7975 108.9035 183.6679
v -219.7983 99.5989 152.1791
v -219.7975 99.5989 145.4339
v -219.7975 108.9035 145.4339
v -219.7983 108.9035 152.1791
v -219.7975 99.7995 173.9757
v -219.7983 99.5989 171.1135
v -219.7983 108.9035 171.1135
v -219.7975 108.9035 173.9757
v -219.7975 100.4109 165.2949
v -219.7975 101.3169 162.2708
v -219.7975 108.9035 162.2708
v -219.7975 108.9035 165.2949
v -219.7983 100.4000 176.4833
v -219.7983 108.9035 176.4833
v -219.7983 101.8449 160.1010
v -219.7983 108.9035 160.1010
v -219.7975 101.3132 180.8733
v -219.7975 108.9035 180.8733
v -219.7975 101.9738 158.0797
v -219.7975 108.9035 158.0797
v -219.7983 102.5065 179.8919
v -219.7983 101.2569 178.3247
v -219.7983 108.9035 178.3247
v -219.7983 108.9035 179.8919
v -219.7975 101.6780 156.0452
v -219.7975 108.9035 156.0452
v -219.7983 99.7760 167.9990
v -219.7983 108.9035 167.9990
v -219.7975 100.8396 153.8839
v -219.7975 108.9035 153.8839
v -220.3384 -0.9910 215.8169
v -220.3384 6.5680 215.8169
v -220.3384 6.5680 218.0612
v -220.3384 -1.7440 218.0612
v -220.3377 -1.5939 194.6539
v -220.3377 6.5680 194.6539
v -220.3377 6.5680 198.5441
v -220.3377 -1.0410 198.5441
v -220.3384 6.5680 220.0501
v -220.3384 -2.6772 220.0501
v -220.3377 6.5680 202.2670
v -220.3377 -0.4330 202.2670
v -220.3377 6.5680 221.3635
v -220.3377 -3.7230 221.3635
v -220.3384 6.5680 205.2489
v -220.3384 0.0173 205.2489
v -220.3377 6.5680 222.3844
v -220.3377 -4.9864 222.3844
v -220.3377 6.5680 207.6185
v -220.3377 0.1174 207.6185
v -220.3384 6.5680 225.0949
v -220.3384 -4.9864 225.0949
v -220.3384 6.5680 210.1504
v -220.3384 0.0773 210.1504
v -220.3377 -2.1218 185.2644
v -220.3377 6.5680 185.2644
v -220.3377 6.5680 188.0690
v -220.3377 -2.1193 188.0690
v -220.3377 6.5680 212.9098
v -220.3377 -0.3305 212.9098
v -220.3377 6.5680 191.4016
v -220.3377 -1.9642 191.4016
v -220.3384 -0.9910 154.7121
v -220.3384 -1.7440 152.4678
v -220.3384 6.5680 152.4678
v -220.3384 6.5680 154.7121
v -220.3377 -1.5939 175.8750
v -220.3384 -1.0410 171.9847
v -220.3384 6.5680 171.9847
v -220.3377 6.5680 175.8750
v -220.3377 -2.6772 150.4789
v -220.3377 6.5680 150.4789
v -220.3384 -0.4330 168.2620
v -220.3384 6.5680 168.2620
v -220.3384 -3.7230 149.1653
v -220.3384 6.5680 149.1653
v -220.3377 0.0173 165.2797
v -220.3377 6.5680 165.2797
v -220.3384 -4.9864 148.1446
v -220.3384 6.5680 148.1446
v -220.3384 0.1174 162.9106
v -220.3384 6.5680 162.9106
v -220.3377 -4.9864 145.4339
v -220.3377 6.5680 145.4339
v -220.3377 0.0773 160.3786
v -220.3377 6.5680 160.3786
v -220.3377 -2.1193 182.4598
v -220.3377 6.5680 182.4598
v -220.3377 -0.3305 157.6191
v -220.3377 6.5680 157.6191
v -220.3384 -1.9642 179.1274
v -220.3384 6.5680 179.1274
v -222.9538 6.5680 188.0691
v -222.9538 6.5680 191.4016
v -220.3377 6.5680 191.4016
v -220.3377 6.5680 188.0690
v -222.4136 108.9035 165.2950
v -222.4136 108.9035 167.9989
v -219.7983 108.9035 167.9990
v -219.7975 108.9035 165.2949
v -222.9530 6.5680 154.7119
v -222.9538 6.5680 157.6191
v -220.3377 6.5680 157.6191
v -220.3384 6.5680 154.7121
v -222.4129 108.9035 202.5301
v -222.4136 108.9035 205.2341
v -219.7983 108.9035 205.2341
v -219.7983 108.9035 202.5300
v -222.9538 6.5680 185.2644
v -220.3377 6.5680 185.2644
v -222.4136 108.9035 171.1134
v -219.7983 108.9035 171.1135
v -222.9530 6.5680 152.4678
v -220.3384 6.5680 152.4678
v -222.4129 108.9035 185.2645
v -222.4129 108.9035 186.8608
v -219.7983 108.9035 186.8608
v -219.7983 108.9035 185.2644
v -222.9538 6.5680 194.6538
v -222.9538 6.5680 198.5441
v -220.3377 6.5680 198.5441
v -220.3377 6.5680 194.6539
v -222.4136 108.9035 145.4338
v -222.4129 108.9035 152.1792
v -219.7983 108.9035 152.1791
v -219.7975 108.9035 145.4339
v -222.9530 6.5680 150.4790
v -220.3377 6.5680 150.4789
v -222.4129 108.9035 199.4154
v -219.7983 108.9035 199.4154
v -222.9538 6.5680 202.2670
v -220.3377 6.5680 202.2670
v -222.4136 108.9035 162.2706
v -219.7975 108.9035 162.2708
v -222.9538 6.5680 149.1652
v -220.3384 6.5680 149.1653
v -222.4136 108.9035 218.3497
v -222.4129 108.9035 225.0950
v -219.7983 108.9035 225.0950
v -219.7975 108.9035 218.3498
v -222.9538 6.5680 205.2490
v -220.3384 6.5680 205.2489
v -222.4136 108.9035 160.1010
v -219.7983 108.9035 160.1010
v -222.9538 6.5680 148.1446
v -220.3384 6.5680 148.1446
v -222.4136 108.9035 208.2582
v -219.7983 108.9035 208.2582
v -222.9530 6.5680 207.6185
v -220.3377 6.5680 207.6185
v -222.4136 108.9035 158.0796
v -219.7975 108.9035 158.0797
v -222.9530 6.5680 145.4339
v -220.3377 6.5680 145.4339
v -222.4136 108.9035 210.4280
v -219.7983 108.9035 210.4280
v -222.9538 6.5680 210.1503
v -220.3384 6.5680 210.1504
v -222.4136 108.9035 156.0452
v -219.7975 108.9035 156.0452
v -222.4136 108.9035 212.4494
v -219.7983 108.9035 212.4494
v -222.9530 6.5680 212.9100
v -220.3377 6.5680 212.9098
v -222.4129 108.9035 153.8840
v -219.7975 108.9035 153.8839
v -222.4136 108.9035 214.4838
v -219.7975 108.9035 214.4839
v -222.9538 6.5680 215.8170
v -220.3384 6.5680 215.8169
v -222.4129 108.9035 216.6450
v -219.7975 108.9035 216.6449
v -222.9530 6.5680 218.0612
v -220.3384 6.5680 218.0612
v -222.4136 108.9035 182.1188
v -222.4136 108.9035 183.6678
v -219.7975 108.9035 183.6679
v -219.7975 108.9035 182.1189
v -222.9538 6.5680 220.0500
v -220.3384 6.5680 220.0501
v -222.4136 108.9035 173.9756
v -219.7975 108.9035 173.9757
v -222.4129 108.9035 188.4102
v -219.7983 108.9035 188.4102
v -222.9538 6.5680 221.3634
v -220.3377 6.5680 221.3635
v -222.4129 108.9035 176.4833
v -219.7983 108.9035 176.4833
v -222.4129 108.9035 196.5532
v -219.7983 108.9035 196.5531
v -222.9538 6.5680 222.3845
v -220.3377 6.5680 222.3844
v -222.4136 108.9035 180.8733
v -219.7975 108.9035 180.8733
v -222.4136 108.9035 194.0456
v -219.7975 108.9035 194.0456
v -222.9530 6.5680 225.0950
v -220.3384 6.5680 225.0949
v -222.4136 108.9035 178.3247
v -222.4136 108.9035 179.8918
v -219.7983 108.9035 179.8919
v -219.7983 108.9035 178.3247
v -222.4136 108.9035 189.6556
v -219.7975 108.9035 189.6555
v -222.4129 108.9035 190.6372
v -222.4136 108.9035 192.2040
v -219.7983 108.9035 192.2039
v -219.7983 108.9035 190.6372
v -222.9530 -4.9864 145.4339
v -222.9530 6.5680 145.4339
v -220.3377 6.5680 145.4339
v -220.3377 -4.9864 145.4339
v -222.4136 99.5989 145.4338
v -222.4136 108.9035 145.4338
v -219.7975 108.9035 145.4339
v -219.7975 99.5989 145.4339
v -222.4129 108.9035 225.0950
v -222.4129 99.5989 225.0950
v -219.7983 99.5989 225.0950
v -219.7983 108.9035 225.0950
v -222.9538 -2.1218 185.2644
v -222.9538 -2.1193 182.4598
v -220.3377 -2.1193 182.4598
v -220.3377 -2.1218 185.2644
v -222.9538 6.5680 182.4598
v -220.3377 6.5680 182.4598
v -222.9530 6.5680 225.0950
v -222.9530 -4.9864 225.0950
v -220.3384 -4.9864 225.0949
v -220.3384 6.5680 225.0949
v -222.9538 -1.9642 179.1274
v -220.3384 -1.9642 179.1274
v -222.9538 -1.5939 175.8750
v -220.3377 -1.5939 175.8750
v -222.9538 -1.0410 171.9848
v -220.3384 -1.0410 171.9847
v -222.9538 -0.4330 168.2620
v -220.3384 -0.4330 168.2620
v -222.4129 99.5989 185.2645
v -222.4136 99.7427 183.6678
v -219.7975 99.7427 183.6679
v -219.7983 99.5989 185.2644
v -222.9538 0.0173 165.2799
v -220.3377 0.0173 165.2797
v -222.9538 0.1174 162.9105
v -220.3384 0.1174 162.9106
v -222.4136 100.4109 205.2341
v -222.4129 99.7760 202.5301
v -219.7983 99.7760 202.5300
v -219.7983 100.4109 205.2341
v -222.9538 -2.1193 188.0691
v -220.3377 -2.1193 188.0690
v -222.4136 99.7760 167.9989
v -222.4136 100.4109 165.2950
v -219.7975 100.4109 165.2949
v -219.7983 99.7760 167.9990
v -222.9538 0.0773 160.3786
v -220.3377 0.0773 160.3786
v -222.4129 99.7427 186.8608
v -219.7983 99.7427 186.8608
v -222.9538 -1.9642 191.4016
v -220.3377 -1.9642 191.4016
v -222.4136 99.5989 171.1134
v -219.7983 99.5989 171.1135
v -222.9538 -0.3305 157.6191
v -220.3377 -0.3305 157.6191
v -222.4129 99.5989 199.4154
v -219.7983 99.5989 199.4154
v -222.9538 -1.5939 194.6538
v -220.3377 -1.5939 194.6539
v -222.4129 99.5989 152.1792
v -222.4136 99.5989 145.4338
v -219.7975 99.5989 145.4339
v -219.7983 99.5989 152.1791
v -222.9530 -0.9910 154.7119
v -220.3384 -0.9910 154.7121
v -222.4129 99.5989 225.0950
v -222.4136 99.5989 218.3497
v -219.7975 99.5989 218.3498
v -219.7983 99.5989 225.0950
v -222.9538 -1.0410 198.5441
v -220.3377 -1.0410 198.5441
v -222.4136 101.3169 162.2706
v -219.7975 101.3169 162.2708
v -222.9530 -1.7440 152.4678
v -220.3384 -1.7440 152.4678
v -222.4136 101.3169 208.2582
v -219.7983 101.3169 208.2582
v -222.9538 -0.4330 202.2670
v -220.3377 -0.4330 202.2670
v -222.4136 101.8449 160.1010
v -219.7983 101.8449 160.1010
v -222.9530 -2.6772 150.4790
v -220.3377 -2.6772 150.4789
v -222.4136 101.8449 210.4280
v -219.7983 101.8449 210.4280
v -222.9538 0.0173 205.2490
v -220.3384 0.0173 205.2489
v -222.4136 101.9738 158.0796
v -219.7975 101.9738 158.0797
v -222.9538 -3.7230 149.1652
v -220.3384 -3.7230 149.1653
v -222.4136 101.9738 212.4494
v -219.7983 101.9738 212.4494
v -222.9530 0.1174 207.6185
v -220.3377 0.1174 207.6185
v -222.4136 101.6780 156.0452
v -219.7975 101.6780 156.0452
v -222.9538 -4.9864 148.1446
v -220.3384 -4.9864 148.1446
v -222.4136 101.6780 214.4838
v -219.7975 101.6780 214.4839
v -222.9538 0.0773 210.1503
v -220.3384 0.0773 210.1504
v -222.4129 100.8396 153.8840
v -219.7975 100.8396 153.8839
v -222.9538 -4.9864 148.1446
v -222.9530 -4.9864 145.4339
v -220.3377 -4.9864 145.4339
v -220.3384 -4.9864 148.1446
v -222.4129 100.8396 216.6450
v -219.7975 100.8396 216.6449
v -222.9530 -0.3305 212.9100
v -220.3377 -0.3305 212.9098
v -222.4129 99.5989 152.1792
v -219.7983 99.5989 152.1791
v -222.9538 6.5680 175.8750
v -222.9538 6.5680 179.1274
v -220.3384 6.5680 179.1274
v -220.3377 6.5680 175.8750
v -222.4136 99.5989 218.3497
v -219.7975 99.5989 218.3498
v -222.9538 -0.9910 215.8170
v -220.3384 -0.9910 215.8169
v -222.4136 100.3459 182.1188
v -219.7975 100.3459 182.1189
v -222.4129 100.3459 188.4102
v -219.7983 100.3459 188.4102
v -222.9530 -1.7440 218.0612
v -220.3384 -1.7440 218.0612
v -222.4136 99.7995 173.9756
v -219.7975 99.7995 173.9757
v -222.9538 6.5680 171.9848
v -220.3384 6.5680 171.9847
v -222.4129 99.7995 196.5532
v -219.7983 99.7995 196.5531
v -222.9538 -2.6772 220.0500
v -220.3384 -2.6772 220.0501
v -222.4129 100.4000 176.4833
v -219.7983 100.4000 176.4833
v -222.9538 6.5680 168.2620
v -220.3384 6.5680 168.2620
v -222.4136 100.4000 194.0456
v -219.7975 100.4000 194.0456
v -222.9538 -3.7230 221.3634
v -220.3377 -3.7230 221.3635
v -222.4136 101.3132 180.8733
v -219.7975 101.3132 180.8733
v -222.9538 6.5680 165.2799
v -220.3377 6.5680 165.2797
v -222.4136 101.3132 189.6556
v -219.7975 101.3132 189.6555
v -222.9538 -4.9864 222.3845
v -220.3377 -4.9864 222.3844
v -222.4136 102.5065 179.8918
v -222.4136 101.2569 178.3247
v -219.7983 101.2569 178.3247
v -219.7983 102.5065 179.8919
v -222.9538 6.5680 162.9105
v -220.3384 6.5680 162.9106
v -222.4136 101.2569 192.2040
v -222.4129 102.5065 190.6372
v -219.7983 102.5065 190.6372
v -219.7983 101.2569 192.2039
v -222.9530 -4.9864 225.0950
v -222.9538 -4.9864 222.3845
v -220.3377 -4.9864 222.3844
v -220.3384 -4.9864 225.0949
v -222.4136 102.5065 179.8918
v -219.7983 102.5065 179.8919
v -222.9538 6.5680 160.3786
v -220.3377 6.5680 160.3786
v -222.4129 102.5065 190.6372
v -219.7983 102.5065 190.6372
v -220.0211 6.5680 225.0949
v -220.0211 8.9604 225.0949
v -255.6625 8.9604 225.0949
v -255.6625 6.5680 225.0949
v -255.6625 6.5680 225.0949
v -255.6625 8.9604 225.0949
v -255.6625 8.9604 145.4340
v -255.6625 6.5680 145.4340
v -255.6625 6.5680 145.4340
v -255.6625 8.9604 145.4340
v -220.0211 8.9604 145.4340
v -220.0211 6.5680 145.4340
v -220.0211 6.5680 145.4340
v -220.0211 8.9604 145.4340
v -220.0211 8.9604 225.0949
v -220.0211 6.5680 225.0949
v -255.6625 6.5680 225.0949
v -255.6625 6.5680 145.4340
v -220.0211 6.5680 145.4340
v -220.0211 6.5680 225.0949
v -255.6625 8.9604 145.4340
v -255.6625 8.9604 225.0949
v -220.0211 8.9604 225.0949
v -220.0211 8.9604 145.4340
v -220.0211 39.9633 225.0949
v -220.0211 42.3558 225.0949
v -255.6625 42.3558 225.0949
v -255.6625 39.9633 225.0949
v -255.6625 39.9633 225.0949
v -255.6625 42.3558 225.0949
v -255.6625 42.3558 145.4340
v -255.6625 39.9633 145.4340
v -255.6625 39.9633 145.4340
v -255.6625 42.3558 145.4340
v -220.0211 42.3558 145.4340
v -220.0211 39.9633 145.4340
v -220.0211 39.9633 145.4340
v -220.0211 42.3558 145.4340
v -220.0211 42.3558 225.0949
v -220.0211 39.9633 225.0949
v -255.6625 39.9633 225.0949
v -255.6625 39.9633 145.4340
v -220.0211 39.9633 145.4340
v -220.0211 39.9633 225.0949
v -255.6625 42.3558 145.4340
v -255.6625 42.3558 225.0949
v -220.0211 42.3558 225.0949
v -220.0211 42.3558 145.4340
v -220.0211 70.6631 225.0949
v -220.0211 73.0555 225.0949
v -255.6625 73.0555 225.0949
v -255.6625 70.6630 225.0949
v -255.6625 70.6630 225.0949
v -255.6625 73.0555 225.0949
v -255.6625 73.0555 145.4340
v -255.6625 70.6630 145.4340
v -255.6625 70.6630 145.4340
v -255.6625 73.0555 145.4340
v -220.0211 73.0555 145.4340
v -220.0211 70.6631 145.4340
v -220.0211 70.6631 145.4340
v -220.0211 73.0555 145.4340
v -220.0211 73.0555 225.0949
v -220.0211 70.6631 225.0949
v -255.6625 70.6630 225.0949
v -255.6625 70.6630 145.4340
v -220.0211 70.6631 145.4340
v -220.0211 70.6631 225.0949
v -255.6625 73.0555 145.4340
v -255.6625 73.0555 225.0949
v -220.0211 73.0555 225.0949
v -220.0211 73.0555 145.4340
v -217.2722 108.9035 231.4100
v -217.2722 111.2959 231.4100
v -260.3134 111.2959 231.4100
v -260.3134 108.9035 231.4100
v -260.3134 108.9035 231.4100
v -260.3134 111.2959 231.4100
v -260.3134 111.2959 139.1189
v -260.3134 108.9034 139.1189
v -260.3134 108.9034 139.1189
v -260.3134 111.2959 139.1189
v -217.2722 111.2959 139.1191
v -217.2722 108.9034 139.1191
v -217.2722 108.9034 139.1191
v -217.2722 111.2959 139.1191
v -217.2722 111.2959 231.4100
v -217.2722 108.9035 231.4100
v -260.3134 108.9035 231.4100
v -260.3134 108.9034 139.1189
v -217.2722 108.9034 139.1191
v -217.2722 108.9035 231.4100
v -259.3597 111.5012 140.0730
v -259.3597 111.5013 230.4558
v -218.2259 111.5013 230.4559
v -218.2266 111.5012 140.0731
v -217.8032 111.2959 230.8789
v -259.7832 111.2959 230.8790
v -260.3134 111.2959 231.4100
v -217.2722 111.2959 231.4100
v -259.7824 111.2959 139.6498
v -260.3134 111.2959 139.1189
v -217.8032 111.2959 139.6499
v -217.2722 111.2959 139.1191
v -217.8032 111.2959 230.8789
v -217.2722 111.2959 231.4100
v -218.2259 111.5013 230.4559
v -259.3597 111.5013 230.4558
v -259.7832 111.2959 230.8790
v -217.8032 111.2959 230.8789
v -259.3597 111.5013 230.4558
v -259.3597 111.5012 140.0730
v -259.7824 111.2959 139.6498
v -259.7832 111.2959 230.8790
v -259.3597 111.5012 140.0730
v -218.2266 111.5012 140.0731
v -217.8032 111.2959 139.6499
v -259.7824 111.2959 139.6498
v -218.2266 111.5012 140.0731
v -218.2259 111.5013 230.4559
v -217.8032 111.2959 230.8789
v -217.8032 111.2959 139.6499
v -255.6625 108.9035 225.0949
v -257.1823 108.9035 225.0950
v -257.1823 8.9604 225.0950
v -255.6625 8.9604 225.0949
v -255.6625 8.9604 225.0949
v -257.1823 8.9604 225.0950
v -257.1831 8.9604 145.4339
v -255.6625 8.9604 145.4340
v -255.6625 8.9604 145.4340
v -257.1831 8.9604 145.4339
v -257.1831 108.9034 145.4339
v -255.6625 108.9034 145.4340
v -255.6625 108.9034 145.4340
v -257.1831 108.9034 145.4339
v -257.1823 108.9035 225.0950
v -255.6625 108.9035 225.0949
v -255.6625 8.9604 225.0949
v -255.6625 8.9604 145.4340
v -255.6625 108.9034 145.4340
v -255.6625 108.9035 225.0949
v -257.1831 8.9604 145.4339
v -257.1823 8.9604 225.0950
v -257.1823 108.9035 225.0950
v -257.1831 108.9034 145.4339
v -255.6625 8.9604 225.0949
v -258.0551 8.9604 225.0949
v -258.0551 -2.1057 225.0949
v -255.6625 -2.1057 225.0949
v -255.6625 -2.1057 225.0949
v -258.0551 -2.1057 225.0949
v -258.0544 -2.1057 145.4339
v -255.6625 -2.1057 145.4340
v -255.6625 -2.1057 145.4340
v -258.0544 -2.1057 145.4339
v -258.0544 8.9604 145.4339
v -255.6625 8.9604 145.4340
v -255.6625 8.9604 145.4340
v -258.0544 8.9604 145.4339
v -258.0551 8.9604 225.0949
v -255.6625 8.9604 225.0949
v -255.6625 -2.1057 225.0949
v -255.6625 -2.1057 145.4340
v -255.6625 8.9604 145.4340
v -255.6625 8.9604 225.0949
v -258.0544 -2.1057 145.4339
v -258.0551 -2.1057 225.0949
v -258.0551 8.9604 225.0949
v -258.0544 8.9604 145.4339
v -232.0816 -5.0900 145.4339
v -232.0816 108.9035 145.4339
v -245.5040 108.9035 145.4339
v -245.5040 -5.0900 145.4340
v -232.0816 -5.0900 141.7979
v -245.5040 -5.0900 141.7977
v -245.5040 108.9035 141.7977
v -232.0816 108.9035 141.7979
v -245.5040 108.9035 145.4339
v -232.0816 108.9035 145.4339
v -232.0816 108.9035 141.7979
v -245.5040 108.9035 141.7977
v -232.0816 -5.0900 145.4339
v -245.5040 -5.0900 145.4340
v -245.5040 -5.0900 141.7977
v -232.0816 -5.0900 141.7979
v -245.5040 108.9035 145.4339
v -245.5040 108.9035 141.7977
v -245.5040 -5.0900 141.7977
v -245.5040 -5.0900 145.4340
v -232.0816 108.9035 145.4339
v -232.0816 -5.0900 145.4339
v -232.0816 -5.0900 141.7979
v -232.0816 108.9035 141.7979
v -232.0816 -5.0900 228.7312
v -232.0816 108.9035 228.7312
v -245.5040 108.9035 228.7312
v -245.5040 -5.0900 228.7312
v -232.0824 -5.0900 225.0949
v -245.5040 -5.0900 225.0950
v -245.5040 108.9035 225.0950
v -232.0816 108.9035 225.0950
v -245.5040 108.9035 228.7312
v -232.0816 108.9035 228.7312
v -232.0816 108.9035 225.0950
v -245.5040 108.9035 225.0950
v -232.0816 -5.0900 228.7312
v -245.5040 -5.0900 228.7312
v -245.5040 -5.0900 225.0950
v -232.0824 -5.0900 225.0949
v -232.0816 108.9035 228.7312
v -232.0816 -5.0900 228.7312
v -232.0824 -5.0900 225.0949
v -232.0816 108.9035 225.0950
v -245.5040 108.9035 228.7312
v -245.5040 108.9035 225.0950
v -245.5040 -5.0900 225.0950
v -245.5040 -5.0900 228.7312
v -6675.8865 74.8918 1404.4382
v -6672.5128 73.1231 1392.4797
v -6679.4952 76.7834 1417.2273
v -6682.8690 78.5521 1429.1857
v -6679.3846 74.9295 1403.4457
v -6676.0101 73.1607 1391.4873
v -6682.9926 76.8210 1416.2349
v -6686.3663 78.5897 1428.1933
v -6681.2469 -40.2384 1418.9640
v -6681.3721 -39.1234 1419.4475
v -6684.8701 -39.0858 1418.4550
v -6684.7443 -40.2008 1417.9714
v -6685.1372 -37.1495 1432.7931
v -6685.3622 -38.0809 1433.5511
v -6688.8603 -38.0432 1432.5587
v -6688.6353 -37.1119 1431.8007
v -6681.3950 -37.9578 1419.5749
v -6684.8938 -37.9202 1418.5825
v -6688.3774 -34.2975 1444.3224
v -6682.8690 78.5521 1429.1857
v -6686.3663 78.5897 1428.1933
v -6691.8755 -34.2599 1443.3300
v -6680.4382 -42.2512 1416.0392
v -6680.7281 -41.3819 1417.0941
v -6684.2262 -41.3443 1416.1017
v -6683.9363 -42.2136 1415.0466
v -6685.0037 -36.0662 1432.3640
v -6688.5017 -36.0286 1431.3715
v -6685.9634 -38.6376 1435.6490
v -6686.3220 -39.1671 1436.8917
v -6689.8193 -39.1294 1435.8993
v -6689.4615 -38.5999 1434.6565
v -6672.5128 73.1231 1392.4797
v -6678.0212 -39.7265 1407.6165
v -6681.5193 -39.6889 1406.6240
v -6676.0101 73.1607 1391.4873
v -6680.3024 -43.6024 1415.5095
v -6683.8013 -43.5647 1414.5171
v -6686.5791 -40.3120 1437.7560
v -6690.0772 -40.2744 1436.7636
v -6678.3287 -46.0161 1408.4601
v -6680.3078 -44.9784 1415.4758
v -6683.8058 -44.9408 1414.4834
v -6681.8268 -45.9784 1407.4677
v -6678.3287 -46.0161 1408.4601
v -6681.8268 -45.9784 1407.4677
v -6686.7050 -41.6248 1438.1504
v -6688.6841 -40.5871 1445.1660
v -6692.1829 -40.5495 1444.1736
v -6690.2031 -41.5871 1437.1580
v -6680.3078 -44.9784 1415.4758
v -6683.8058 -44.9408 1414.4834
v -6688.6841 -40.5871 1445.1660
v -6692.1829 -40.5495 1444.1736
v -6686.7050 -41.6248 1438.1504
v -6690.2031 -41.5871 1437.1580
v -6681.0501 -40.9243 1418.2457
v -6684.5482 -40.8867 1417.2532
v -6682.8690 78.5521 1429.1857
v -6679.4952 76.7834 1417.2273
v -6682.9926 76.8210 1416.2349
v -6686.3663 78.5897 1428.1933
v -6685.6140 -38.5318 1434.4218
v -6689.1121 -38.4941 1433.4294
v -6675.8865 74.8918 1404.4382
v -6672.5128 73.1231 1392.4797
v -6676.0101 73.1607 1391.4873
v -6679.3846 74.9295 1403.4457
v -6595.7565 74.0296 1427.1730
v -6592.3828 72.2609 1415.2145
v -6599.3645 75.9212 1439.9621
v -6602.7390 77.6899 1451.9205
v -6599.2546 74.0672 1426.1806
v -6595.8809 72.2986 1414.2221
v -6602.8625 75.9588 1438.9696
v -6606.2363 77.7275 1450.9281
v -6601.1169 -41.1006 1441.6986
v -6601.2421 -39.9857 1442.1823
v -6604.7394 -39.9480 1441.1899
v -6604.6143 -41.0630 1440.7063
v -6605.0072 -38.0118 1455.5280
v -6605.2322 -38.9431 1456.2860
v -6608.7303 -38.9054 1455.2936
v -6608.5052 -37.9741 1454.5354
v -6601.2657 -38.8200 1442.3098
v -6604.7638 -38.7824 1441.3173
v -6608.2474 -35.1598 1467.0572
v -6602.7390 77.6899 1451.9205
v -6606.2363 77.7275 1450.9281
v -6611.7455 -35.1221 1466.0648
v -6600.3082 -43.1135 1438.7738
v -6600.5981 -42.2441 1439.8290
v -6604.0962 -42.2065 1438.8365
v -6603.8063 -43.0758 1437.7814
v -6604.8737 -36.9285 1455.0987
v -6608.3717 -36.8908 1454.1063
v -6605.8334 -39.4998 1458.3838
v -6606.1920 -40.0293 1459.6265
v -6609.6893 -39.9916 1458.6340
v -6609.3315 -39.4622 1457.3914
v -6592.3828 72.2609 1415.2145
v -6597.8912 -40.5887 1430.3513
v -6601.3901 -40.5511 1429.3589
v -6595.8809 72.2986 1414.2221
v -6600.1724 -44.4646 1438.2443
v -6603.6705 -44.4269 1437.2519
v -6606.4491 -41.1742 1460.4908
v -6609.9472 -41.1366 1459.4983
v -6598.1987 -46.8783 1431.1950
v -6600.1778 -45.8407 1438.2106
v -6603.6758 -45.8030 1437.2182
v -6601.6968 -46.8406 1430.2025
v -6598.1987 -46.8783 1431.1950
v -6601.6968 -46.8406 1430.2025
v -6606.5750 -42.4870 1460.8852
v -6608.5548 -41.4493 1467.9008
v -6612.0529 -41.4117 1466.9085
v -6610.0731 -42.4493 1459.8927
v -6600.1778 -45.8407 1438.2106
v -6603.6758 -45.8030 1437.2182
v -6608.5548 -41.4493 1467.9008
v -6612.0529 -41.4117 1466.9085
v -6606.5750 -42.4870 1460.8852
v -6610.0731 -42.4493 1459.8927
v -6600.9201 -41.7865 1440.9804
v -6604.4182 -41.7489 1439.9880
v -6602.7390 77.6899 1451.9205
v -6599.3645 75.9212 1439.9621
v -6602.8625 75.9588 1438.9696
v -6606.2363 77.7275 1450.9281
v -6605.4840 -39.3940 1457.1567
v -6608.9821 -39.3563 1456.1643
v -6595.7565 74.0296 1427.1730
v -6592.3828 72.2609 1415.2145
v -6595.8809 72.2986 1414.2221
v -6599.2546 74.0672 1426.1806
v -6675.8865 74.8918 1404.4382
v -6679.3846 74.9295 1403.4457
v -6679.4952 76.7834 1417.2273
v -6682.9926 76.8210 1416.2349
v -6595.7565 74.0296 1427.1730
v -6599.2546 74.0672 1426.1806
v -6599.3645 75.9212 1439.9621
v -6602.8625 75.9588 1438.9696
v -6633.8783 64.0316 1407.7491
v -6632.3593 64.6127 1408.0917
v -6631.9450 73.0844 1406.9554
v -6633.4351 73.1004 1406.5327
v -6603.5934 63.5633 1416.3625
v -6597.1046 63.4934 1418.2034
v -6596.6553 72.7047 1416.9680
v -6603.1441 72.7745 1415.1270
v -6624.5514 63.9875 1410.3868
v -6621.8079 63.7592 1411.1946
v -6621.3585 72.9705 1409.9591
v -6624.1119 73.0001 1409.1780
v -6616.1713 64.5029 1412.6749
v -6613.2187 65.3685 1413.3801
v -6612.8517 72.8789 1412.3727
v -6615.7608 72.9102 1411.5472
v -6626.9348 64.6080 1409.6227
v -6626.5244 73.0261 1408.4935
v -6611.1061 65.8687 1413.9021
v -6610.7651 72.8565 1412.9648
v -6631.1142 65.5574 1408.3033
v -6630.7472 73.0715 1407.2953
v -6609.1553 65.9754 1414.4367
v -6608.8203 72.8356 1413.5165
v -6630.1117 66.7286 1408.4126
v -6628.6652 65.4753 1409.0062
v -6628.2959 73.0451 1407.9908
v -6629.8027 73.0613 1407.5632
v -6607.2121 65.6615 1415.0313
v -6606.8634 72.8145 1414.0718
v -6618.8034 63.9024 1412.0213
v -6618.3624 72.9382 1410.8092
v -6605.1735 64.8092 1415.7325
v -6604.7836 72.7921 1414.6617
v -6635.4210 63.9057 1407.3324
v -6634.9716 73.1170 1406.0968
v -6636.9499 64.0646 1406.8775
v -6636.5067 73.1335 1405.6611
v -6637.9974 73.1495 1405.2383
v -6638.4109 64.6778 1406.3746
v -6667.2485 64.2482 1398.3022
v -6666.7984 73.4594 1397.0667
v -6673.2872 73.5292 1395.2257
v -6673.7366 64.3180 1396.4612
v -6646.2708 64.2212 1404.2246
v -6645.8305 73.2338 1403.0157
v -6648.5840 73.2634 1402.2346
v -6649.0341 64.0522 1403.4700
v -6654.5921 64.9164 1401.7741
v -6654.1817 73.3237 1400.6464
v -6657.0908 73.3550 1399.8211
v -6657.4570 65.8445 1400.8285
v -6643.8293 64.7898 1404.8293
v -6643.4189 73.2078 1403.7002
v -6659.1782 73.3774 1399.2289
v -6659.5192 66.3897 1400.1661
v -6639.1953 73.1624 1404.8983
v -6639.5622 65.6483 1405.9062
v -6661.1221 73.3983 1398.6771
v -6661.4578 66.5382 1399.5973
v -6640.4488 66.8398 1405.4799
v -6640.1398 73.1726 1404.6305
v -6641.6473 73.1888 1404.2027
v -6642.0166 65.6190 1405.2181
v -6663.0798 73.4194 1398.1218
v -6663.4293 66.2664 1399.0813
v -6652.0218 64.2598 1402.5965
v -6651.5808 73.2957 1401.3845
v -6665.1581 73.4418 1397.5320
v -6665.5487 65.4588 1398.6028
v -6611.0367 -35.9149 1429.5427
v -6608.9142 -36.6836 1430.2553
v -6608.5129 -28.4550 1429.1516
v -6610.6712 -28.4318 1428.5391
v -6631.4240 -36.2927 1423.8467
v -6627.6550 -35.7856 1424.8351
v -6627.2873 -28.2530 1423.8248
v -6631.0295 -28.2127 1422.7630
v -6607.0457 -37.6280 1430.9221
v -6606.5994 -28.4756 1429.6945
v -6624.0448 -35.2223 1425.7705
v -6623.7061 -28.2915 1424.8408
v -6605.8327 -38.6769 1431.4194
v -6605.3360 -28.4892 1430.0529
v -6621.1540 -34.8074 1426.5245
v -6620.8374 -28.3224 1425.6547
v -6604.9118 -39.9382 1431.8659
v -6604.3533 -28.4998 1430.3316
v -6618.8698 -34.7328 1427.1580
v -6618.5577 -28.3469 1426.3014
v -6602.3041 -39.9663 1432.6056
v -6601.7456 -28.5279 1431.0714
v -6616.4360 -34.7987 1427.8543
v -6616.1224 -28.3731 1426.9925
v -6640.4816 -36.7181 1421.3541
v -6637.7838 -36.7447 1422.1192
v -6637.3642 -28.1446 1420.9657
v -6640.0620 -28.1156 1420.2003
v -6613.8016 -35.2309 1428.6616
v -6613.4682 -28.4017 1427.7456
v -6634.5703 -36.6256 1423.0082
v -6634.1583 -28.1791 1421.8753
v -6669.8181 -35.2824 1412.8651
v -6669.4527 -27.7993 1411.8614
v -6671.6118 -27.7761 1411.2488
v -6672.0139 -36.0047 1412.3526
v -6649.4888 -36.0983 1418.7214
v -6649.0944 -28.0184 1417.6375
v -6652.8366 -27.9781 1416.5756
v -6653.2043 -35.5107 1417.5860
v -6673.5245 -27.7555 1410.7060
v -6673.9716 -36.9079 1411.9337
v -6656.4178 -27.9396 1415.5596
v -6656.7566 -34.8703 1416.4892
v -6674.7887 -27.7419 1410.3476
v -6675.2861 -37.9296 1411.7140
v -6659.2865 -27.9087 1414.7457
v -6659.6039 -34.3937 1415.6156
v -6675.7706 -27.7313 1410.0690
v -6676.3290 -39.1697 1411.6032
v -6661.5662 -27.8842 1414.0990
v -6661.8774 -34.2701 1414.9556
v -6678.3783 -27.7033 1409.3290
v -6678.9368 -39.1417 1410.8633
v -6664.0015 -27.8580 1413.4080
v -6664.3158 -34.2835 1414.2699
v -6642.7597 -28.0865 1419.4347
v -6643.1801 -36.6866 1420.5883
v -6666.6565 -27.8294 1412.6549
v -6666.9899 -34.6586 1413.5709
v -6645.9656 -28.0520 1418.5252
v -6646.3783 -36.4986 1419.6582
v -6633.1749 63.6630 1405.2570
v -6632.7324 72.7318 1404.0406
v -6631.2424 72.7158 1404.4634
v -6631.6559 64.2441 1405.5997
v -6602.8908 63.1947 1413.8705
v -6602.4414 72.4059 1412.6350
v -6595.9526 72.3361 1414.4760
v -6596.4020 63.1249 1415.7116
v -6623.8487 63.6189 1407.8949
v -6623.4085 72.6315 1406.6859
v -6620.6551 72.6019 1407.4672
v -6621.1052 63.3907 1408.7028
v -6615.4686 64.1344 1410.1830
v -6615.0581 72.5417 1409.0552
v -6612.1490 72.5104 1409.8806
v -6612.5153 64.9999 1410.8880
v -6626.2321 64.2394 1407.1306
v -6625.8209 72.6575 1406.0015
v -6610.0616 72.4879 1410.4728
v -6610.4027 65.5002 1411.4100
v -6630.0438 72.7029 1404.8033
v -6630.4108 65.1889 1405.8112
v -6608.1169 72.4670 1411.0246
v -6608.4518 65.6069 1411.9448
v -6629.4090 66.3600 1405.9207
v -6629.1000 72.6928 1405.0713
v -6627.5925 72.6766 1405.4990
v -6627.9617 65.1067 1406.5143
v -6606.1600 72.4459 1411.5799
v -6606.5094 65.2929 1412.5393
v -6618.1000 63.5338 1409.5292
v -6617.6590 72.5697 1408.3172
v -6604.0810 72.4236 1412.1697
v -6604.4708 64.4406 1413.2404
v -6634.7183 63.5371 1404.8404
v -6634.2682 72.7484 1403.6049
v -6636.2465 63.6961 1404.3855
v -6637.7075 64.3092 1403.8826
v -6637.2940 72.7809 1402.7463
v -6635.8040 72.7649 1403.1691
v -6666.5451 63.8796 1395.8103
v -6673.0339 63.9494 1393.9692
v -6672.5845 73.1607 1392.7336
v -6666.0957 73.0909 1394.5747
v -6645.5673 63.8526 1401.7326
v -6648.3307 63.6836 1400.9780
v -6647.8813 72.8949 1399.7425
v -6645.1279 72.8652 1400.5238
v -6653.8887 64.5478 1399.2822
v -6656.7543 65.4759 1398.3364
v -6656.3873 72.9864 1397.3290
v -6653.4790 72.9551 1398.1545
v -6643.1267 64.4212 1402.3374
v -6642.7155 72.8393 1401.2082
v -6658.8158 66.0211 1397.6742
v -6658.4747 73.0089 1396.7369
v -6638.8596 65.2798 1403.4142
v -6638.4926 72.7938 1402.4063
v -6660.7544 66.1696 1397.1053
v -6660.4195 73.0298 1396.1851
v -6639.7461 66.4712 1402.9879
v -6641.3132 65.2504 1402.7261
v -6640.9439 72.8202 1401.7107
v -6639.4363 72.8040 1402.1384
v -6662.7258 65.8978 1396.5893
v -6662.3764 73.0508 1395.6299
v -6651.3184 63.8912 1400.1045
v -6650.8774 72.9271 1398.8925
v -6664.8453 65.0902 1396.1107
v -6664.4554 73.0732 1395.0399
v -6610.3333 -36.2835 1427.0509
v -6609.9686 -28.8004 1426.0471
v -6607.8094 -28.8236 1426.6596
v -6608.2115 -37.0522 1427.7633
v -6630.7213 -36.6613 1421.3548
v -6630.3268 -28.5813 1420.2709
v -6626.5839 -28.6216 1421.3327
v -6626.9516 -36.1542 1422.3432
v -6605.8960 -28.8442 1427.2024
v -6606.3431 -37.9966 1428.4301
v -6623.0026 -28.6601 1422.3488
v -6623.3414 -35.5909 1423.2784
v -6604.6326 -28.8578 1427.5610
v -6605.1300 -39.0455 1428.9275
v -6620.1340 -28.6910 1423.1628
v -6620.4506 -35.1760 1424.0327
v -6603.6507 -28.8684 1427.8396
v -6604.2091 -40.3068 1429.3738
v -6617.8551 -28.7155 1423.8094
v -6618.1671 -35.1014 1424.6660
v -6601.0429 -28.8964 1428.5793
v -6601.6014 -40.3349 1430.1136
v -6615.4198 -28.7417 1424.5005
v -6615.7333 -35.1672 1425.3623
v -6639.7789 -37.0867 1418.8622
v -6639.3585 -28.4841 1417.7082
v -6636.6608 -28.5132 1418.4737
v -6637.0811 -37.1133 1419.6272
v -6612.7647 -28.7703 1425.2537
v -6613.0981 -35.5995 1426.1697
v -6633.4549 -28.5477 1419.3832
v -6633.8676 -36.9942 1420.5162
v -6669.1147 -35.6510 1410.3731
v -6671.3104 -36.3732 1409.8606
v -6670.9084 -28.1446 1408.7569
v -6668.7500 -28.1679 1409.3694
v -6648.7854 -36.4669 1416.2293
v -6652.5017 -35.8793 1415.0941
v -6652.1339 -28.3467 1414.0838
v -6648.3917 -28.3869 1415.1456
v -6673.2689 -37.2765 1409.4417
v -6672.8218 -28.1241 1408.2140
v -6656.0532 -35.2389 1413.9974
v -6655.7152 -28.3081 1413.0677
v -6674.5827 -38.2981 1409.2220
v -6674.0852 -28.1105 1407.8555
v -6658.9005 -34.7622 1413.1235
v -6658.5838 -28.2773 1412.2537
v -6675.6256 -39.5383 1409.1112
v -6675.0671 -28.0999 1407.5769
v -6661.1748 -34.6386 1412.4636
v -6660.8627 -28.2527 1411.6071
v -6678.2333 -39.5103 1408.3713
v -6677.6749 -28.0718 1406.8371
v -6663.6124 -34.6521 1411.7779
v -6663.2988 -28.2265 1410.9160
v -6642.4767 -37.0552 1418.0964
v -6642.0570 -28.4551 1416.9428
v -6666.2865 -35.0272 1411.0788
v -6665.9531 -28.1980 1410.1628
v -6645.6749 -36.8671 1417.1662
v -6645.2629 -28.4206 1416.0333
v -6637.3642 -28.1446 1420.9657
v -6634.1583 -28.1791 1421.8753
v -6633.4549 -28.5477 1419.3832
v -6636.6608 -28.5132 1418.4737
v -6654.1817 73.3237 1400.6464
v -6651.5808 73.2957 1401.3845
v -6650.8774 72.9271 1398.8925
v -6653.4790 72.9551 1398.1545
v -6669.4527 -27.7993 1411.8614
v -6666.6565 -27.8294 1412.6549
v -6665.9531 -28.1980 1410.1628
v -6668.7500 -28.1679 1409.3694
v -6618.3624 72.9382 1410.8092
v -6615.7608 72.9102 1411.5472
v -6615.0581 72.5417 1409.0552
v -6617.6590 72.5697 1408.3172
v -6640.0620 -28.1156 1420.2003
v -6639.3585 -28.4841 1417.7082
v -6648.5840 73.2634 1402.2346
v -6647.8813 72.8949 1399.7425
v -6671.6118 -27.7761 1411.2488
v -6670.9084 -28.1446 1408.7569
v -6634.9716 73.1170 1406.0968
v -6633.4351 73.1004 1406.5327
v -6632.7324 72.7318 1404.0406
v -6634.2682 72.7484 1403.6049
v -6631.0295 -28.2127 1422.7630
v -6627.2873 -28.2530 1423.8248
v -6626.5839 -28.6216 1421.3327
v -6630.3268 -28.5813 1420.2709
v -6673.2872 73.5292 1395.2257
v -6666.7984 73.4594 1397.0667
v -6666.0957 73.0909 1394.5747
v -6672.5845 73.1607 1392.7336
v -6673.5245 -27.7555 1410.7060
v -6672.8218 -28.1241 1408.2140
v -6621.3585 72.9705 1409.9591
v -6620.6551 72.6019 1407.4672
v -6623.7061 -28.2915 1424.8408
v -6623.0026 -28.6601 1422.3488
v -6657.0908 73.3550 1399.8211
v -6656.3873 72.9864 1397.3290
v -6674.7887 -27.7419 1410.3476
v -6674.0852 -28.1105 1407.8555
v -6603.1441 72.7745 1415.1270
v -6596.6553 72.7047 1416.9680
v -6595.9526 72.3361 1414.4760
v -6602.4414 72.4059 1412.6350
v -6620.8374 -28.3224 1425.6547
v -6620.1340 -28.6910 1423.1628
v -6659.1782 73.3774 1399.2289
v -6658.4747 73.0089 1396.7369
v -6675.7706 -27.7313 1410.0690
v -6675.0671 -28.0999 1407.5769
v -6612.8517 72.8789 1412.3727
v -6612.1490 72.5104 1409.8806
v -6618.5577 -28.3469 1426.3014
v -6617.8551 -28.7155 1423.8094
v -6661.1221 73.3983 1398.6771
v -6660.4195 73.0298 1396.1851
v -6678.3783 -27.7033 1409.3290
v -6677.6749 -28.0718 1406.8371
v -6610.7651 72.8565 1412.9648
v -6610.0616 72.4879 1410.4728
v -6616.1224 -28.3731 1426.9925
v -6615.4198 -28.7417 1424.5005
v -6663.0798 73.4194 1398.1218
v -6662.3764 73.0508 1395.6299
v -6608.8203 72.8356 1413.5165
v -6608.1169 72.4670 1411.0246
v -6613.4682 -28.4017 1427.7456
v -6612.7647 -28.7703 1425.2537
v -6665.1581 73.4418 1397.5320
v -6664.4554 73.0732 1395.0399
v -6606.8634 72.8145 1414.0718
v -6606.1600 72.4459 1411.5799
v -6610.6712 -28.4318 1428.5391
v -6609.9686 -28.8004 1426.0471
v -6604.7836 72.7921 1414.6617
v -6604.0810 72.4236 1412.1697
v -6608.5129 -28.4550 1429.1516
v -6607.8094 -28.8236 1426.6596
v -6637.9974 73.1495 1405.2383
v -6636.5067 73.1335 1405.6611
v -6635.8040 72.7649 1403.1691
v -6637.2940 72.7809 1402.7463
v -6606.5994 -28.4756 1429.6945
v -6605.8960 -28.8442 1427.2024
v -6645.8305 73.2338 1403.0157
v -6645.1279 72.8652 1400.5238
v -6631.9450 73.0844 1406.9554
v -6631.2424 72.7158 1404.4634
v -6605.3360 -28.4892 1430.0529
v -6604.6326 -28.8578 1427.5610
v -6643.4189 73.2078 1403.7002
v -6642.7155 72.8393 1401.2082
v -6624.1119 73.0001 1409.1780
v -6623.4085 72.6315 1406.6859
v -6604.3533 -28.4998 1430.3316
v -6603.6507 -28.8684 1427.8396
v -6639.1953 73.1624 1404.8983
v -6638.4926 72.7938 1402.4063
v -6626.5244 73.0261 1408.4935
v -6625.8209 72.6575 1406.0015
v -6601.7456 -28.5279 1431.0714
v -6601.0429 -28.8964 1428.5793
v -6641.6473 73.1888 1404.2027
v -6640.1398 73.1726 1404.6305
v -6639.4363 72.8040 1402.1384
v -6640.9439 72.8202 1401.7107
v -6630.7472 73.0715 1407.2953
v -6630.0438 72.7029 1404.8033
v -6629.8027 73.0613 1407.5632
v -6628.2959 73.0451 1407.9908
v -6627.5925 72.6766 1405.4990
v -6629.1000 72.6928 1405.0713
v -6678.9368 -39.1417 1410.8633
v -6678.3783 -27.7033 1409.3290
v -6677.6749 -28.0718 1406.8371
v -6678.2333 -39.5103 1408.3713
v -6673.7366 64.3180 1396.4612
v -6673.2872 73.5292 1395.2257
v -6672.5845 73.1607 1392.7336
v -6673.0339 63.9494 1393.9692
v -6596.6553 72.7047 1416.9680
v -6597.1046 63.4934 1418.2034
v -6596.4020 63.1249 1415.7116
v -6595.9526 72.3361 1414.4760
v -6640.4816 -36.7181 1421.3541
v -6643.1801 -36.6866 1420.5883
v -6642.4767 -37.0552 1418.0964
v -6639.7789 -37.0867 1418.8622
v -6642.7597 -28.0865 1419.4347
v -6642.0570 -28.4551 1416.9428
v -6601.7456 -28.5279 1431.0714
v -6602.3041 -39.9663 1432.6056
v -6601.6014 -40.3349 1430.1136
v -6601.0429 -28.8964 1428.5793
v -6646.3783 -36.4986 1419.6582
v -6645.6749 -36.8671 1417.1662
v -6649.4888 -36.0983 1418.7214
v -6648.7854 -36.4669 1416.2293
v -6653.2043 -35.5107 1417.5860
v -6652.5017 -35.8793 1415.0941
v -6656.7566 -34.8703 1416.4892
v -6656.0532 -35.2389 1413.9974
v -6635.4210 63.9057 1407.3324
v -6636.9499 64.0646 1406.8775
v -6636.2465 63.6961 1404.3855
v -6634.7183 63.5371 1404.8404
v -6659.6039 -34.3937 1415.6156
v -6658.9005 -34.7622 1413.1235
v -6661.8774 -34.2701 1414.9556
v -6661.1748 -34.6386 1412.4636
v -6616.1713 64.5029 1412.6749
v -6618.8034 63.9024 1412.0213
v -6618.1000 63.5338 1409.5292
v -6615.4686 64.1344 1410.1830
v -6637.7838 -36.7447 1422.1192
v -6637.0811 -37.1133 1419.6272
v -6652.0218 64.2598 1402.5965
v -6654.5921 64.9164 1401.7741
v -6653.8887 64.5478 1399.2822
v -6651.3184 63.8912 1400.1045
v -6664.3158 -34.2835 1414.2699
v -6663.6124 -34.6521 1411.7779
v -6633.8783 64.0316 1407.7491
v -6633.1749 63.6630 1405.2570
v -6634.5703 -36.6256 1423.0082
v -6633.8676 -36.9942 1420.5162
v -6649.0341 64.0522 1403.4700
v -6648.3307 63.6836 1400.9780
v -6666.9899 -34.6586 1413.5709
v -6666.2865 -35.0272 1411.0788
v -6621.8079 63.7592 1411.1946
v -6621.1052 63.3907 1408.7028
v -6631.4240 -36.2927 1423.8467
v -6630.7213 -36.6613 1421.3548
v -6667.2485 64.2482 1398.3022
v -6673.7366 64.3180 1396.4612
v -6673.0339 63.9494 1393.9692
v -6666.5451 63.8796 1395.8103
v -6669.8181 -35.2824 1412.8651
v -6669.1147 -35.6510 1410.3731
v -6597.1046 63.4934 1418.2034
v -6603.5934 63.5633 1416.3625
v -6602.8908 63.1947 1413.8705
v -6596.4020 63.1249 1415.7116
v -6627.6550 -35.7856 1424.8351
v -6626.9516 -36.1542 1422.3432
v -6657.4570 65.8445 1400.8285
v -6656.7543 65.4759 1398.3364
v -6672.0139 -36.0047 1412.3526
v -6671.3104 -36.3732 1409.8606
v -6613.2187 65.3685 1413.3801
v -6612.5153 64.9999 1410.8880
v -6624.0448 -35.2223 1425.7705
v -6623.3414 -35.5909 1423.2784
v -6659.5192 66.3897 1400.1661
v -6658.8158 66.0211 1397.6742
v -6673.9716 -36.9079 1411.9337
v -6673.2689 -37.2765 1409.4417
v -6611.1061 65.8687 1413.9021
v -6610.4027 65.5002 1411.4100
v -6621.1540 -34.8074 1426.5245
v -6620.4506 -35.1760 1424.0327
v -6661.4578 66.5382 1399.5973
v -6660.7544 66.1696 1397.1053
v -6675.2861 -37.9296 1411.7140
v -6674.5827 -38.2981 1409.2220
v -6609.1553 65.9754 1414.4367
v -6608.4518 65.6069 1411.9448
v -6618.8698 -34.7328 1427.1580
v -6618.1671 -35.1014 1424.6660
v -6663.4293 66.2664 1399.0813
v -6662.7258 65.8978 1396.5893
v -6676.3290 -39.1697 1411.6032
v -6675.6256 -39.5383 1409.1112
v -6607.2121 65.6615 1415.0313
v -6606.5094 65.2929 1412.5393
v -6616.4360 -34.7987 1427.8543
v -6615.7333 -35.1672 1425.3623
v -6665.5487 65.4588 1398.6028
v -6664.8453 65.0902 1396.1107
v -6676.3290 -39.1697 1411.6032
v -6678.9368 -39.1417 1410.8633
v -6678.2333 -39.5103 1408.3713
v -6675.6256 -39.5383 1409.1112
v -6605.1735 64.8092 1415.7325
v -6604.4708 64.4406 1413.2404
v -6613.8016 -35.2309 1428.6616
v -6613.0981 -35.5995 1426.1697
v -6667.2485 64.2482 1398.3022
v -6666.5451 63.8796 1395.8103
v -6649.0944 -28.0184 1417.6375
v -6645.9656 -28.0520 1418.5252
v -6645.2629 -28.4206 1416.0333
v -6648.3917 -28.3869 1415.1456
v -6603.5934 63.5633 1416.3625
v -6602.8908 63.1947 1413.8705
v -6611.0367 -35.9149 1429.5427
v -6610.3333 -36.2835 1427.0509
v -6638.4109 64.6778 1406.3746
v -6637.7075 64.3092 1403.8826
v -6632.3593 64.6127 1408.0917
v -6631.6559 64.2441 1405.5997
v -6608.9142 -36.6836 1430.2553
v -6608.2115 -37.0522 1427.7633
v -6646.2708 64.2212 1404.2246
v -6645.5673 63.8526 1401.7326
v -6652.8366 -27.9781 1416.5756
v -6652.1339 -28.3467 1414.0838
v -6624.5514 63.9875 1410.3868
v -6623.8487 63.6189 1407.8949
v -6607.0457 -37.6280 1430.9221
v -6606.3431 -37.9966 1428.4301
v -6643.8293 64.7898 1404.8293
v -6643.1267 64.4212 1402.3374
v -6656.4178 -27.9396 1415.5596
v -6655.7152 -28.3081 1413.0677
v -6626.9348 64.6080 1409.6227
v -6626.2321 64.2394 1407.1306
v -6605.8327 -38.6769 1431.4194
v -6605.1300 -39.0455 1428.9275
v -6639.5622 65.6483 1405.9062
v -6638.8596 65.2798 1403.4142
v -6659.2865 -27.9087 1414.7457
v -6658.5838 -28.2773 1412.2537
v -6631.1142 65.5574 1408.3033
v -6630.4108 65.1889 1405.8112
v -6604.9118 -39.9382 1431.8659
v -6604.2091 -40.3068 1429.3738
v -6640.4488 66.8398 1405.4799
v -6642.0166 65.6190 1405.2181
v -6641.3132 65.2504 1402.7261
v -6639.7461 66.4712 1402.9879
v -6661.5662 -27.8842 1414.0990
v -6660.8627 -28.2527 1411.6071
v -6628.6652 65.4753 1409.0062
v -6630.1117 66.7286 1408.4126
v -6629.4090 66.3600 1405.9207
v -6627.9617 65.1067 1406.5143
v -6602.3041 -39.9663 1432.6056
v -6604.9118 -39.9382 1431.8659
v -6604.2091 -40.3068 1429.3738
v -6601.6014 -40.3349 1430.1136
v -6640.4488 66.8398 1405.4799
v -6639.7461 66.4712 1402.9879
v -6664.0015 -27.8580 1413.4080
v -6663.2988 -28.2265 1410.9160
v -6630.1117 66.7286 1408.4126
v -6629.4090 66.3600 1405.9207
v -6600.9575 -28.9411 1428.2773
v -6600.8423 -26.5727 1427.9596
v -6610.4233 -21.5498 1461.9195
v -6610.5392 -23.9183 1462.2372
v -6610.5392 -23.9183 1462.2372
v -6610.4233 -21.5498 1461.9195
v -6687.0552 -20.7253 1440.1772
v -6687.1712 -23.0937 1440.4949
v -6687.1712 -23.0937 1440.4949
v -6687.0552 -20.7253 1440.1772
v -6677.4742 -25.7481 1406.2173
v -6677.5894 -28.1165 1406.5350
v -6677.5894 -28.1165 1406.5350
v -6677.4742 -25.7481 1406.2173
v -6600.8423 -26.5727 1427.9596
v -6600.9575 -28.9411 1428.2773
v -6610.5392 -23.9183 1462.2372
v -6687.1712 -23.0937 1440.4949
v -6677.5894 -28.1165 1406.5350
v -6600.9575 -28.9411 1428.2773
v -6687.0552 -20.7253 1440.1772
v -6610.4233 -21.5498 1461.9195
v -6600.8423 -26.5727 1427.9596
v -6677.4742 -25.7481 1406.2173
v -6599.3439 4.1191 1423.8428
v -6599.2279 6.4876 1423.5251
v -6608.8097 11.5104 1457.4851
v -6608.9249 9.1420 1457.8028
v -6608.9249 9.1420 1457.8028
v -6608.8097 11.5104 1457.4851
v -6685.4416 12.3350 1435.7428
v -6685.5576 9.9666 1436.0604
v -6685.5576 9.9666 1436.0604
v -6685.4416 12.3350 1435.7428
v -6675.8606 7.3122 1401.7829
v -6675.9758 4.9437 1402.1006
v -6675.9758 4.9437 1402.1006
v -6675.8606 7.3122 1401.7829
v -6599.2279 6.4876 1423.5251
v -6599.3439 4.1191 1423.8428
v -6608.9249 9.1420 1457.8028
v -6685.5576 9.9666 1436.0604
v -6675.9758 4.9437 1402.1006
v -6599.3439 4.1191 1423.8428
v -6685.4416 12.3350 1435.7428
v -6608.8097 11.5104 1457.4851
v -6599.2279 6.4876 1423.5251
v -6675.8606 7.3122 1401.7829
v -6597.8607 34.5108 1419.7663
v -6597.7448 36.8792 1419.4487
v -6607.3257 41.9021 1453.4086
v -6607.4417 39.5337 1453.7263
v -6607.4417 39.5337 1453.7263
v -6607.3257 41.9021 1453.4086
v -6683.9577 42.7267 1431.6663
v -6684.0736 40.3582 1431.9839
v -6684.0736 40.3582 1431.9839
v -6683.9577 42.7267 1431.6663
v -6674.3767 37.7038 1397.7063
v -6674.4919 35.3354 1398.0241
v -6674.4919 35.3354 1398.0241
v -6674.3767 37.7038 1397.7063
v -6597.7448 36.8792 1419.4487
v -6597.8607 34.5108 1419.7663
v -6607.4417 39.5337 1453.7263
v -6684.0736 40.3582 1431.9839
v -6674.4919 35.3354 1398.0241
v -6597.8607 34.5108 1419.7663
v -6683.9577 42.7267 1431.6663
v -6607.3257 41.9021 1453.4086
v -6597.7448 36.8792 1419.4487
v -6674.3767 37.7038 1397.7063
v -6589.1983 71.9148 1413.7931
v -6589.0831 74.2832 1413.4754
v -6600.6531 80.3489 1454.4866
v -6600.7690 77.9805 1454.8042
v -6600.7690 77.9805 1454.8042
v -6600.6531 80.3489 1454.4866
v -6689.4348 81.3042 1429.2971
v -6689.5508 78.9358 1429.6147
v -6689.5508 78.9358 1429.6147
v -6689.4348 81.3042 1429.2971
v -6677.8648 75.2385 1388.2859
v -6677.9800 72.8701 1388.6036
v -6677.9800 72.8701 1388.6036
v -6677.8648 75.2385 1388.2859
v -6589.0831 74.2832 1413.4754
v -6589.1983 71.9148 1413.7931
v -6600.7690 77.9805 1454.8042
v -6689.5508 78.9358 1429.6147
v -6677.9800 72.8701 1388.6036
v -6589.1983 71.9148 1413.7931
v -6688.2507 81.3632 1428.6211
v -6601.3046 80.4277 1453.2898
v -6590.2473 74.6308 1414.0968
v -6677.1935 75.5664 1389.4281
v -6589.7362 74.3635 1413.8364
v -6601.0216 80.2796 1453.8358
v -6600.6531 80.3489 1454.4866
v -6589.0831 74.2832 1413.4754
v -6688.7817 81.2239 1428.9360
v -6689.4348 81.3042 1429.2971
v -6677.4963 75.3078 1388.9366
v -6677.8648 75.2385 1388.2859
v -6589.7362 74.3635 1413.8364
v -6589.0831 74.2832 1413.4754
v -6590.2473 74.6308 1414.0968
v -6601.3046 80.4277 1453.2898
v -6601.0216 80.2796 1453.8358
v -6589.7362 74.3635 1413.8364
v -6601.3046 80.4277 1453.2898
v -6688.2507 81.3632 1428.6211
v -6688.7817 81.2239 1428.9360
v -6601.0216 80.2796 1453.8358
v -6688.2507 81.3632 1428.6211
v -6677.1935 75.5664 1389.4281
v -6677.4963 75.3078 1388.9366
v -6688.7817 81.2239 1428.9360
v -6677.1935 75.5664 1389.4281
v -6590.2473 74.6308 1414.0968
v -6589.7362 74.3635 1413.8364
v -6677.4963 75.3078 1388.9366
v -6605.5939 77.3903 1448.6485
v -6606.0020 77.6046 1450.0971
v -6610.8322 -21.3356 1463.3681
v -6610.4233 -21.5499 1461.9195
v -6610.4233 -21.5499 1461.9195
v -6610.8322 -21.3356 1463.3681
v -6687.4641 -20.5110 1441.6259
v -6687.0552 -20.7253 1440.1772
v -6687.0552 -20.7253 1440.1772
v -6687.4641 -20.5110 1441.6259
v -6682.6340 78.4292 1428.3548
v -6682.2250 78.2149 1426.9062
v -6682.2250 78.2149 1426.9062
v -6682.6340 78.4292 1428.3548
v -6606.0020 77.6046 1450.0971
v -6605.5939 77.3903 1448.6485
v -6610.4233 -21.5499 1461.9195
v -6687.0552 -20.7253 1440.1772
v -6682.2250 78.2149 1426.9062
v -6605.5939 77.3903 1448.6485
v -6687.4641 -20.5110 1441.6259
v -6610.8322 -21.3356 1463.3681
v -6606.0020 77.6046 1450.0971
v -6682.6340 78.4292 1428.3548
v -6610.4233 -21.5498 1461.9195
v -6611.0664 -21.2127 1464.1992
v -6611.6013 -32.1678 1465.6686
v -6610.9581 -32.5050 1463.3889
v -6610.9581 -32.5050 1463.3889
v -6611.6013 -32.1678 1465.6686
v -6688.2332 -31.3432 1443.9261
v -6687.5900 -31.6804 1441.6467
v -6687.5900 -31.6804 1441.6467
v -6688.2332 -31.3432 1443.9261
v -6687.6984 -20.3881 1442.4567
v -6687.0552 -20.7253 1440.1772
v -6687.0552 -20.7253 1440.1772
v -6687.6984 -20.3881 1442.4567
v -6611.0664 -21.2127 1464.1992
v -6610.4233 -21.5498 1461.9195
v -6610.9581 -32.5050 1463.3889
v -6687.5900 -31.6804 1441.6467
v -6687.0552 -20.7253 1440.1772
v -6610.4233 -21.5498 1461.9195
v -6688.2332 -31.3432 1443.9261
v -6611.6013 -32.1678 1465.6686
v -6611.0664 -21.2127 1464.1992
v -6687.6984 -20.3881 1442.4567
v -6681.3950 -37.9578 1419.5749
v -6675.8865 74.8918 1404.4382
v -6679.4952 76.7834 1417.2273
v -6685.0037 -36.0662 1432.3640
v -6684.8938 -37.9202 1418.5825
v -6688.5017 -36.0286 1431.3715
v -6682.9926 76.8210 1416.2349
v -6679.3846 74.9295 1403.4457
v -6679.4952 76.7834 1417.2273
v -6675.8865 74.8918 1404.4382
v -6679.3846 74.9295 1403.4457
v -6682.9926 76.8210 1416.2349
v -6681.3950 -37.9578 1419.5749
v -6685.0037 -36.0662 1432.3640
v -6688.5017 -36.0286 1431.3715
v -6684.8938 -37.9202 1418.5825
v -6679.4952 76.7834 1417.2273
v -6682.9926 76.8210 1416.2349
v -6688.5017 -36.0286 1431.3715
v -6685.0037 -36.0662 1432.3640
v -6675.8865 74.8918 1404.4382
v -6681.3950 -37.9578 1419.5749
v -6684.8938 -37.9202 1418.5825
v -6679.3846 74.9295 1403.4457
v -6601.2657 -38.8200 1442.3098
v -6595.7565 74.0296 1427.1730
v -6599.3645 75.9212 1439.9621
v -6604.8737 -36.9285 1455.0987
v -6604.7638 -38.7824 1441.3173
v -6608.3717 -36.8908 1454.1063
v -6602.8625 75.9588 1438.9696
v -6599.2546 74.0672 1426.1806
v -6599.3645 75.9212 1439.9621
v -6595.7565 74.0296 1427.1730
v -6599.2546 74.0672 1426.1806
v -6602.8625 75.9588 1438.9696
v -6601.2657 -38.8200 1442.3098
v -6604.8737 -36.9285 1455.0987
v -6608.3717 -36.8908 1454.1063
v -6604.7638 -38.7824 1441.3173
v -6595.7565 74.0296 1427.1730
v -6601.2657 -38.8200 1442.3098
v -6604.7638 -38.7824 1441.3173
v -6599.2546 74.0672 1426.1806
v -6599.3645 75.9212 1439.9621
v -6602.8625 75.9588 1438.9696
v -6608.3717 -36.8908 1454.1063
v -6604.8737 -36.9285 1455.0987
v -6638.4705 53.5408 1301.0289
v -6635.0655 49.1543 1289.7739
v -6642.1127 58.2320 1313.0657
v -6645.5185 62.6185 1324.3208
v -6641.9434 53.6095 1299.9516
v -6638.5376 49.2230 1288.6965
v -6645.5849 58.3007 1311.9884
v -6648.9906 62.6873 1323.2433
v -6652.2133 -55.6036 1338.3565
v -6652.2659 -54.4077 1338.6011
v -6655.7381 -54.3390 1337.5237
v -6655.6854 -55.5349 1337.2789
v -6656.0661 -49.5124 1351.1618
v -6656.3675 -50.2528 1352.0856
v -6659.8396 -50.1841 1351.0082
v -6659.5383 -49.4436 1350.0843
v -6652.2079 -53.2417 1338.4897
v -6655.6801 -53.1729 1337.4123
v -6659.2560 -44.1639 1361.7815
v -6645.5185 62.6185 1324.3208
v -6648.9906 62.6873 1323.2433
v -6662.7274 -44.0952 1360.7041
v -6651.5099 -58.2189 1335.9224
v -6651.7517 -57.1357 1336.7715
v -6655.2238 -57.0670 1335.6941
v -6654.9820 -58.1502 1334.8450
v -6655.8502 -48.5504 1350.5264
v -6659.3224 -48.4818 1349.4491
v -6657.0358 -50.3295 1354.2350
v -6657.4478 -50.5699 1355.5484
v -6660.9207 -50.5012 1354.4710
v -6660.5080 -50.2608 1353.1575
v -6635.0655 49.1543 1289.7739
v -6648.8022 -57.6282 1327.2346
v -6652.2743 -57.5595 1326.1572
v -6638.5376 49.2230 1288.6965
v -6651.4633 -59.6555 1335.6807
v -6654.9355 -59.5868 1334.6033
v -6657.7988 -51.4952 1356.6186
v -6661.2709 -51.4265 1355.5412
v -6649.5682 -63.5796 1329.3224
v -6651.5656 -61.0062 1335.9255
v -6655.0385 -60.9374 1334.8480
v -6653.0403 -63.5109 1328.2451
v -6649.5682 -63.5796 1329.3224
v -6653.0403 -63.5109 1328.2451
v -6658.0231 -52.6888 1357.2664
v -6660.0212 -50.1154 1363.8693
v -6663.4933 -50.0466 1362.7920
v -6661.4960 -52.6200 1356.1890
v -6651.5656 -61.0062 1335.9255
v -6655.0385 -60.9374 1334.8480
v -6660.0212 -50.1154 1363.8693
v -6663.4933 -50.0466 1362.7920
v -6658.0231 -52.6888 1357.2664
v -6661.4960 -52.6200 1356.1890
v -6652.0561 -56.4329 1337.7974
v -6655.5283 -56.3642 1336.7199
v -6645.5185 62.6185 1324.3208
v -6642.1127 58.2320 1313.0657
v -6645.5849 58.3007 1311.9884
v -6648.9906 62.6873 1323.2433
v -6656.6635 -50.4992 1353.0220
v -6660.1349 -50.4305 1351.9446
v -6638.4705 53.5408 1301.0289
v -6635.0655 49.1543 1289.7739
v -6638.5376 49.2230 1288.6965
v -6641.9434 53.6095 1299.9516
v -6558.9294 51.9667 1325.7101
v -6555.5237 47.5802 1314.4550
v -6562.5717 56.6579 1337.7470
v -6565.9775 61.0445 1349.0020
v -6562.4023 52.0354 1324.6326
v -6558.9966 47.6489 1313.3777
v -6566.0446 56.7267 1336.6695
v -6569.4496 61.1132 1347.9246
v -6572.6723 -57.1777 1363.0375
v -6572.7242 -55.9819 1363.2822
v -6576.1963 -55.9131 1362.2048
v -6576.1444 -57.1090 1361.9601
v -6576.5251 -51.0865 1375.8429
v -6576.8265 -51.8269 1376.7668
v -6580.2986 -51.7581 1375.6894
v -6579.9973 -51.0178 1374.7654
v -6572.6669 -54.8157 1363.1708
v -6576.1391 -54.7471 1362.0934
v -6579.7142 -45.7380 1386.4627
v -6565.9775 61.0445 1349.0020
v -6569.4496 61.1132 1347.9246
v -6583.1863 -45.6693 1385.3853
v -6571.9688 -59.7930 1360.6035
v -6572.2107 -58.7098 1361.4527
v -6575.6828 -58.6411 1360.3752
v -6575.4410 -59.7243 1359.5261
v -6576.3092 -50.1246 1375.2076
v -6579.7813 -50.0558 1374.1302
v -6577.4948 -51.9036 1378.9161
v -6577.9068 -52.1440 1380.2296
v -6581.3797 -52.0753 1379.1521
v -6580.9669 -51.8349 1377.8387
v -6555.5237 47.5802 1314.4550
v -6569.2612 -59.2023 1351.9157
v -6572.7333 -59.1336 1350.8385
v -6558.9966 47.6489 1313.3777
v -6571.9223 -61.2296 1360.3619
v -6575.3944 -61.1609 1359.2845
v -6578.2578 -53.0693 1381.2998
v -6581.7299 -53.0006 1380.2223
v -6570.0272 -65.1537 1354.0037
v -6572.0245 -62.5803 1360.6067
v -6575.4974 -62.5115 1359.5293
v -6573.4993 -65.0850 1352.9263
v -6570.0272 -65.1537 1354.0037
v -6573.4993 -65.0850 1352.9263
v -6578.4821 -54.2629 1381.9475
v -6580.4802 -51.6894 1388.5506
v -6583.9523 -51.6207 1387.4731
v -6581.9542 -54.1942 1380.8701
v -6572.0245 -62.5803 1360.6067
v -6575.4974 -62.5115 1359.5293
v -6580.4802 -51.6894 1388.5506
v -6583.9523 -51.6207 1387.4731
v -6578.4821 -54.2629 1381.9475
v -6581.9542 -54.1942 1380.8701
v -6572.5151 -58.0070 1362.4784
v -6575.9872 -57.9382 1361.4011
v -6565.9775 61.0445 1349.0020
v -6562.5717 56.6579 1337.7470
v -6566.0446 56.7267 1336.6695
v -6569.4496 61.1132 1347.9246
v -6577.1217 -52.0733 1377.7032
v -6580.5939 -52.0046 1376.6258
v -6558.9294 51.9667 1325.7101
v -6555.5237 47.5802 1314.4550
v -6558.9966 47.6489 1313.3777
v -6562.4023 52.0354 1324.6326
v -6638.4705 53.5408 1301.0289
v -6641.9434 53.6095 1299.9516
v -6642.1127 58.2320 1313.0657
v -6645.5849 58.3007 1311.9884
v -6558.9294 51.9667 1325.7101
v -6562.4023 52.0354 1324.6326
v -6562.5717 56.6579 1337.7470
v -6566.0446 56.7267 1336.6695
v -6597.3923 40.7974 1307.6437
v -6595.8405 41.3331 1307.9044
v -6594.8090 49.3494 1305.0922
v -6596.2883 49.3786 1304.6333
v -6567.3409 40.0676 1317.0210
v -6560.8994 39.9401 1319.0197
v -6559.7786 48.6561 1315.9620
v -6566.2193 48.7836 1313.9634
v -6588.1302 40.6674 1310.4969
v -6585.4210 40.4254 1311.4107
v -6584.3002 49.1414 1308.3530
v -6587.0331 49.1955 1307.5050
v -6579.7668 41.0761 1312.8679
v -6576.7700 41.8676 1313.4664
v -6575.8560 48.9743 1310.9733
v -6578.7437 49.0314 1310.0771
v -6590.4526 41.2774 1309.5564
v -6589.4279 49.2429 1306.7620
v -6574.6346 42.3212 1313.9357
v -6573.7839 48.9333 1311.6161
v -6594.5343 42.2157 1307.9556
v -6593.6195 49.3258 1305.4613
v -6572.6891 42.4038 1314.4923
v -6571.8536 48.8951 1312.2150
v -6593.4532 43.3150 1307.8543
v -6592.1074 42.1148 1308.7292
v -6591.1865 49.2776 1306.2163
v -6592.6826 49.3073 1305.7521
v -6570.7817 42.0882 1315.1924
v -6569.9112 48.8567 1312.8180
v -6582.4257 40.5325 1312.2755
v -6581.3263 49.0825 1309.2760
v -6568.8187 41.2620 1316.1083
v -6567.8474 48.8158 1313.4583
v -6598.9342 40.6928 1307.2180
v -6597.8127 49.4088 1304.1601
v -6600.4410 40.8577 1306.6976
v -6599.3370 49.4390 1303.6871
v -6600.8163 49.4683 1303.2282
v -6601.8478 41.4520 1306.0404
v -6630.5275 41.3180 1297.4146
v -6629.4060 50.0340 1294.3569
v -6635.8475 50.1615 1292.3583
v -6636.9682 41.4455 1295.4160
v -6609.6893 41.0940 1303.8071
v -6608.5922 49.6221 1300.8152
v -6611.3258 49.6762 1299.9672
v -6612.4466 40.9602 1303.0249
v -6617.9054 41.8309 1301.0340
v -6616.8823 49.7862 1298.2431
v -6619.7693 49.8433 1297.3471
v -6620.6841 42.7366 1299.8402
v -6607.2227 41.6092 1304.3528
v -6606.1981 49.5747 1301.5583
v -6621.8414 49.8843 1296.7042
v -6622.6921 43.2723 1299.0238
v -6602.0058 49.4918 1302.8589
v -6602.9205 42.3817 1305.3534
v -6623.7717 49.9225 1296.1052
v -6624.6071 43.4312 1298.3824
v -6603.7140 43.5180 1304.6704
v -6602.9434 49.5103 1302.5682
v -6604.4395 49.5399 1302.1039
v -6605.3612 42.3771 1304.6167
v -6625.7141 49.9610 1295.5024
v -6626.5854 43.1926 1297.8769
v -6615.3999 41.1850 1302.0439
v -6614.2998 49.7351 1299.0444
v -6627.7779 50.0018 1294.8621
v -6628.7498 42.4480 1297.5121
v -6582.0274 -53.9225 1349.8110
v -6579.9759 -54.6703 1350.7235
v -6578.9742 -46.8841 1347.9919
v -6581.1165 -46.8417 1347.3270
v -6602.3094 -54.0874 1343.7386
v -6598.5275 -53.6430 1344.7096
v -6597.6105 -46.5153 1342.2091
v -6601.3260 -46.4418 1341.0564
v -6578.1891 -55.5820 1351.6195
v -6577.0744 -46.9217 1348.5813
v -6594.8990 -53.1438 1345.6128
v -6594.0559 -46.5856 1343.3121
v -6577.0599 -56.5865 1352.3522
v -6575.8202 -46.9465 1348.9704
v -6591.9975 -52.7783 1346.3484
v -6591.2079 -46.6420 1344.1957
v -6576.2383 -57.7892 1353.0701
v -6574.8459 -46.9658 1349.2730
v -6589.7232 -52.7293 1347.0176
v -6588.9458 -46.6868 1344.8977
v -6573.6496 -57.8405 1353.8731
v -6572.2572 -47.0170 1350.0761
v -6587.3100 -52.8147 1347.7810
v -6586.5280 -46.7346 1345.6480
v -6611.3388 -54.4044 1341.1299
v -6608.6601 -54.4551 1341.9600
v -6607.6134 -46.3173 1339.1052
v -6610.2921 -46.2643 1338.2743
v -6584.7244 -53.2488 1348.7326
v -6583.8928 -46.7868 1346.4657
v -6605.4596 -54.3728 1342.8965
v -6604.4312 -46.3803 1340.0927
v -6640.3770 -52.7678 1331.7055
v -6639.4661 -45.6870 1329.2215
v -6641.6092 -45.6446 1328.5564
v -6642.6109 -53.4308 1331.2880
v -6620.2408 -53.7325 1338.1744
v -6619.2574 -46.0869 1335.4921
v -6622.9729 -46.0134 1334.3393
v -6623.8892 -53.1410 1336.8399
v -6643.5081 -45.6070 1327.9673
v -6644.6228 -54.2673 1331.0055
v -6626.5274 -45.9430 1333.2363
v -6627.3712 -52.5012 1335.5370
v -6644.7632 -45.5822 1327.5781
v -6646.0030 -55.2221 1330.9599
v -6629.3747 -45.8867 1332.3527
v -6630.1643 -52.0230 1334.5055
v -6645.7375 -45.5628 1327.2757
v -6647.1298 -56.3863 1331.0726
v -6631.6376 -45.8419 1331.6507
v -6632.4150 -51.8845 1333.7706
v -6648.3261 -45.5117 1326.4723
v -6649.7185 -56.3351 1330.2694
v -6634.0553 -45.7941 1330.9006
v -6634.8373 -51.8741 1333.0336
v -6612.9700 -46.2113 1337.4432
v -6614.0167 -54.3491 1340.2981
v -6636.6905 -45.7419 1330.0829
v -6637.5214 -52.2040 1332.3499
v -6616.1522 -46.1484 1336.4558
v -6617.1799 -54.1408 1339.2597
v -6596.6827 39.8833 1305.2982
v -6595.5788 48.4645 1302.2879
v -6594.0994 48.4352 1302.7468
v -6595.1309 40.4190 1305.5590
v -6566.6313 39.1535 1314.6757
v -6565.5098 47.8695 1311.6180
v -6559.0691 47.7420 1313.6166
v -6560.1898 39.0260 1316.6744
v -6587.4207 39.7533 1308.1514
v -6586.3235 48.2814 1305.1596
v -6583.5899 48.2273 1306.0078
v -6584.7115 39.5113 1309.0654
v -6579.0573 40.1620 1310.5227
v -6578.0342 48.1173 1307.7317
v -6575.1465 48.0602 1308.6278
v -6576.0605 40.9535 1311.1209
v -6589.7430 40.3632 1307.2109
v -6588.7177 48.3287 1304.4166
v -6573.0743 48.0192 1309.2707
v -6573.9250 41.4071 1311.5902
v -6592.9100 48.4117 1303.1158
v -6593.8248 41.3016 1305.6102
v -6571.1441 47.9810 1309.8697
v -6571.9795 41.4897 1312.1469
v -6592.7437 42.4009 1305.5089
v -6591.9724 48.3932 1303.4067
v -6590.4762 48.3636 1303.8710
v -6591.3979 41.2007 1306.3838
v -6569.2017 47.9426 1310.4725
v -6570.0722 41.1741 1312.8469
v -6581.7162 39.6183 1309.9300
v -6580.6168 48.1684 1306.9305
v -6567.1379 47.9017 1311.1129
v -6568.1091 40.3479 1313.7629
v -6598.2246 39.7787 1304.8725
v -6597.1031 48.4947 1301.8148
v -6599.7314 39.9436 1304.3521
v -6601.1383 40.5379 1303.6949
v -6600.1068 48.5542 1300.8827
v -6598.6275 48.5248 1301.3416
v -6629.8180 40.4039 1295.0693
v -6636.2587 40.5314 1293.0705
v -6635.1379 49.2474 1290.0128
v -6628.6964 49.1199 1292.0115
v -6608.9798 40.1799 1301.4616
v -6611.7371 40.0461 1300.6794
v -6610.6155 48.7621 1297.6217
v -6607.8827 48.7080 1298.4699
v -6617.1959 40.9168 1298.6886
v -6619.9745 41.8225 1297.4947
v -6619.0598 48.9292 1295.0016
v -6616.1728 48.8721 1295.8979
v -6606.5132 40.6951 1302.0073
v -6605.4886 48.6606 1299.2129
v -6621.9826 42.3582 1296.6784
v -6621.1319 48.9702 1294.3588
v -6602.2110 41.4676 1303.0080
v -6601.2962 48.5777 1300.5136
v -6623.8976 42.5171 1296.0371
v -6623.0621 49.0084 1293.7598
v -6603.0045 42.6039 1302.3250
v -6604.6509 41.4630 1302.2713
v -6603.7300 48.6258 1299.7584
v -6602.2339 48.5962 1300.2228
v -6625.8759 42.2784 1295.5315
v -6625.0046 49.0469 1293.1570
v -6614.6896 40.2709 1299.6984
v -6613.5902 48.8210 1296.6990
v -6628.0403 41.5339 1295.1666
v -6627.0683 49.0877 1292.5166
v -6581.3179 -54.8366 1347.4657
v -6580.4077 -47.7558 1344.9816
v -6578.2639 -47.7982 1345.6465
v -6579.2664 -55.5844 1348.3780
v -6601.5991 -55.0014 1341.3931
v -6600.6157 -47.3559 1338.7110
v -6596.9009 -47.4294 1339.8636
v -6597.8180 -54.5570 1342.3641
v -6576.3649 -47.8358 1346.2358
v -6577.4788 -56.4961 1349.2741
v -6593.3456 -47.4998 1340.9666
v -6594.1895 -54.0579 1343.2673
v -6575.1106 -47.8606 1346.6251
v -6576.3504 -57.5006 1350.0070
v -6590.4984 -47.5561 1341.8505
v -6591.2880 -53.6924 1344.0031
v -6574.1364 -47.8799 1346.9275
v -6575.5287 -58.7034 1350.7246
v -6588.2362 -47.6009 1342.5524
v -6589.0137 -53.6434 1344.6722
v -6571.5469 -47.9312 1347.7306
v -6572.9401 -58.7546 1351.5276
v -6585.8185 -47.6487 1343.3025
v -6586.6005 -53.7288 1345.4355
v -6610.6293 -55.3185 1338.7845
v -6609.5818 -47.1785 1335.9288
v -6606.9038 -47.2314 1336.7599
v -6607.9506 -55.3692 1339.6146
v -6583.1833 -47.7009 1344.1202
v -6584.0149 -54.1629 1346.3872
v -6603.7216 -47.2944 1337.7472
v -6604.7501 -55.2869 1340.5511
v -6639.6675 -53.6819 1329.3601
v -6641.9014 -54.3449 1328.9427
v -6640.8997 -46.5587 1326.2112
v -6638.7566 -46.6011 1326.8761
v -6619.5312 -54.6466 1335.8290
v -6623.1796 -54.0551 1334.4945
v -6622.2626 -46.9275 1331.9941
v -6618.5478 -47.0010 1333.1469
v -6643.9133 -55.1814 1328.6600
v -6642.7994 -46.5211 1325.6218
v -6626.6617 -53.4153 1333.1917
v -6625.8179 -46.8571 1330.8910
v -6645.2934 -56.1362 1328.6144
v -6644.0529 -46.4963 1325.2326
v -6629.4548 -52.9371 1332.1600
v -6628.6652 -46.8008 1330.0073
v -6646.4203 -57.3004 1328.7271
v -6645.0279 -46.4770 1324.9302
v -6631.7055 -52.7986 1331.4251
v -6630.9280 -46.7560 1329.3053
v -6649.0082 -57.2492 1327.9240
v -6647.6166 -46.4258 1324.1270
v -6634.1278 -52.7882 1330.6881
v -6633.3458 -46.7082 1328.5551
v -6613.3072 -55.2632 1337.9527
v -6612.2597 -47.1254 1335.0979
v -6636.8118 -53.1181 1330.0044
v -6635.9810 -46.6560 1327.7374
v -6616.4703 -55.0549 1336.9143
v -6615.4419 -47.0624 1334.1105
v -6607.6134 -46.3173 1339.1052
v -6604.4312 -46.3803 1340.0927
v -6603.7216 -47.2944 1337.7472
v -6606.9038 -47.2314 1336.7599
v -6616.8823 49.7862 1298.2431
v -6614.2998 49.7351 1299.0444
v -6613.5902 48.8210 1296.6990
v -6616.1728 48.8721 1295.8979
v -6639.4661 -45.6870 1329.2215
v -6636.6905 -45.7419 1330.0829
v -6635.9810 -46.6560 1327.7374
v -6638.7566 -46.6011 1326.8761
v -6581.3263 49.0825 1309.2760
v -6578.7437 49.0314 1310.0771
v -6578.0342 48.1173 1307.7317
v -6580.6168 48.1684 1306.9305
v -6610.2921 -46.2643 1338.2743
v -6609.5818 -47.1785 1335.9288
v -6611.3258 49.6762 1299.9672
v -6610.6155 48.7621 1297.6217
v -6641.6092 -45.6446 1328.5564
v -6640.8997 -46.5587 1326.2112
v -6597.8127 49.4088 1304.1601
v -6596.2883 49.3786 1304.6333
v -6595.5788 48.4645 1302.2879
v -6597.1031 48.4947 1301.8148
v -6601.3260 -46.4418 1341.0564
v -6597.6105 -46.5153 1342.2091
v -6596.9009 -47.4294 1339.8636
v -6600.6157 -47.3559 1338.7110
v -6635.8475 50.1615 1292.3583
v -6629.4060 50.0340 1294.3569
v -6628.6964 49.1199 1292.0115
v -6635.1379 49.2474 1290.0128
v -6643.5081 -45.6070 1327.9673
v -6642.7994 -46.5211 1325.6218
v -6584.3002 49.1414 1308.3530
v -6583.5899 48.2273 1306.0078
v -6594.0559 -46.5856 1343.3121
v -6593.3456 -47.4998 1340.9666
v -6619.7693 49.8433 1297.3471
v -6619.0598 48.9292 1295.0016
v -6644.7632 -45.5822 1327.5781
v -6644.0529 -46.4963 1325.2326
v -6566.2193 48.7836 1313.9634
v -6559.7786 48.6561 1315.9620
v -6559.0691 47.7420 1313.6166
v -6565.5098 47.8695 1311.6180
v -6591.2079 -46.6420 1344.1957
v -6590.4984 -47.5561 1341.8505
v -6621.8414 49.8843 1296.7042
v -6621.1319 48.9702 1294.3588
v -6645.7375 -45.5628 1327.2757
v -6645.0279 -46.4770 1324.9302
v -6575.8560 48.9743 1310.9733
v -6575.1465 48.0602 1308.6278
v -6588.9458 -46.6868 1344.8977
v -6588.2362 -47.6009 1342.5524
v -6623.7717 49.9225 1296.1052
v -6623.0621 49.0084 1293.7598
v -6648.3261 -45.5117 1326.4723
v -6647.6166 -46.4258 1324.1270
v -6573.7839 48.9333 1311.6161
v -6573.0743 48.0192 1309.2707
v -6586.5280 -46.7346 1345.6480
v -6585.8185 -47.6487 1343.3025
v -6625.7141 49.9610 1295.5024
v -6625.0046 49.0469 1293.1570
v -6571.8536 48.8951 1312.2150
v -6571.1441 47.9810 1309.8697
v -6583.8928 -46.7868 1346.4657
v -6583.1833 -47.7009 1344.1202
v -6627.7779 50.0018 1294.8621
v -6627.0683 49.0877 1292.5166
v -6569.9112 48.8567 1312.8180
v -6569.2017 47.9426 1310.4725
v -6581.1165 -46.8417 1347.3270
v -6580.4077 -47.7558 1344.9816
v -6567.8474 48.8158 1313.4583
v -6567.1379 47.9017 1311.1129
v -6578.9742 -46.8841 1347.9919
v -6578.2639 -47.7982 1345.6465
v -6600.8163 49.4683 1303.2282
v -6599.3370 49.4390 1303.6871
v -6598.6275 48.5248 1301.3416
v -6600.1068 48.5542 1300.8827
v -6577.0744 -46.9217 1348.5813
v -6576.3649 -47.8358 1346.2358
v -6608.5922 49.6221 1300.8152
v -6607.8827 48.7080 1298.4699
v -6594.8090 49.3494 1305.0922
v -6594.0994 48.4352 1302.7468
v -6575.8202 -46.9465 1348.9704
v -6575.1106 -47.8606 1346.6251
v -6606.1981 49.5747 1301.5583
v -6605.4886 48.6606 1299.2129
v -6587.0331 49.1955 1307.5050
v -6586.3235 48.2814 1305.1596
v -6574.8459 -46.9658 1349.2730
v -6574.1364 -47.8799 1346.9275
v -6602.0058 49.4918 1302.8589
v -6601.2962 48.5777 1300.5136
v -6589.4279 49.2429 1306.7620
v -6588.7177 48.3287 1304.4166
v -6572.2572 -47.0170 1350.0761
v -6571.5469 -47.9312 1347.7306
v -6604.4395 49.5399 1302.1039
v -6602.9434 49.5103 1302.5682
v -6602.2339 48.5962 1300.2228
v -6603.7300 48.6258 1299.7584
v -6593.6195 49.3258 1305.4613
v -6592.9100 48.4117 1303.1158
v -6592.6826 49.3073 1305.7521
v -6591.1865 49.2776 1306.2163
v -6590.4762 48.3636 1303.8710
v -6591.9724 48.3932 1303.4067
v -6649.7185 -56.3351 1330.2694
v -6648.3261 -45.5117 1326.4723
v -6647.6166 -46.4258 1324.1270
v -6649.0082 -57.2492 1327.9240
v -6636.9682 41.4455 1295.4160
v -6635.8475 50.1615 1292.3583
v -6635.1379 49.2474 1290.0128
v -6636.2587 40.5314 1293.0705
v -6559.7786 48.6561 1315.9620
v -6560.8994 39.9401 1319.0197
v -6560.1898 39.0260 1316.6744
v -6559.0691 47.7420 1313.6166
v -6611.3388 -54.4044 1341.1299
v -6614.0167 -54.3491 1340.2981
v -6613.3072 -55.2632 1337.9527
v -6610.6293 -55.3185 1338.7845
v -6612.9700 -46.2113 1337.4432
v -6612.2597 -47.1254 1335.0979
v -6572.2572 -47.0170 1350.0761
v -6573.6496 -57.8405 1353.8731
v -6572.9401 -58.7546 1351.5276
v -6571.5469 -47.9312 1347.7306
v -6617.1799 -54.1408 1339.2597
v -6616.4703 -55.0549 1336.9143
v -6620.2408 -53.7325 1338.1744
v -6619.5312 -54.6466 1335.8290
v -6623.8892 -53.1410 1336.8399
v -6623.1796 -54.0551 1334.4945
v -6627.3712 -52.5012 1335.5370
v -6626.6617 -53.4153 1333.1917
v -6598.9342 40.6928 1307.2180
v -6600.4410 40.8577 1306.6976
v -6599.7314 39.9436 1304.3521
v -6598.2246 39.7787 1304.8725
v -6630.1643 -52.0230 1334.5055
v -6629.4548 -52.9371 1332.1600
v -6632.4150 -51.8845 1333.7706
v -6631.7055 -52.7986 1331.4251
v -6579.7668 41.0761 1312.8679
v -6582.4257 40.5325 1312.2755
v -6581.7162 39.6183 1309.9300
v -6579.0573 40.1620 1310.5227
v -6608.6601 -54.4551 1341.9600
v -6607.9506 -55.3692 1339.6146
v -6615.3999 41.1850 1302.0439
v -6617.9054 41.8309 1301.0340
v -6617.1959 40.9168 1298.6886
v -6614.6896 40.2709 1299.6984
v -6634.8373 -51.8741 1333.0336
v -6634.1278 -52.7882 1330.6881
v -6597.3923 40.7974 1307.6437
v -6596.6827 39.8833 1305.2982
v -6605.4596 -54.3728 1342.8965
v -6604.7501 -55.2869 1340.5511
v -6612.4466 40.9602 1303.0249
v -6611.7371 40.0461 1300.6794
v -6637.5214 -52.2040 1332.3499
v -6636.8118 -53.1181 1330.0044
v -6585.4210 40.4254 1311.4107
v -6584.7115 39.5113 1309.0654
v -6602.3094 -54.0874 1343.7386
v -6601.5991 -55.0014 1341.3931
v -6630.5275 41.3180 1297.4146
v -6636.9682 41.4455 1295.4160
v -6636.2587 40.5314 1293.0705
v -6629.8180 40.4039 1295.0693
v -6640.3770 -52.7678 1331.7055
v -6639.6675 -53.6819 1329.3601
v -6560.8994 39.9401 1319.0197
v -6567.3409 40.0676 1317.0210
v -6566.6313 39.1535 1314.6757
v -6560.1898 39.0260 1316.6744
v -6598.5275 -53.6430 1344.7096
v -6597.8180 -54.5570 1342.3641
v -6620.6841 42.7366 1299.8402
v -6619.9745 41.8225 1297.4947
v -6642.6109 -53.4308 1331.2880
v -6641.9014 -54.3449 1328.9427
v -6576.7700 41.8676 1313.4664
v -6576.0605 40.9535 1311.1209
v -6594.8990 -53.1438 1345.6128
v -6594.1895 -54.0579 1343.2673
v -6622.6921 43.2723 1299.0238
v -6621.9826 42.3582 1296.6784
v -6644.6228 -54.2673 1331.0055
v -6643.9133 -55.1814 1328.6600
v -6574.6346 42.3212 1313.9357
v -6573.9250 41.4071 1311.5902
v -6591.9975 -52.7783 1346.3484
v -6591.2880 -53.6924 1344.0031
v -6624.6071 43.4312 1298.3824
v -6623.8976 42.5171 1296.0371
v -6646.0030 -55.2221 1330.9599
v -6645.2934 -56.1362 1328.6144
v -6572.6891 42.4038 1314.4923
v -6571.9795 41.4897 1312.1469
v -6589.7232 -52.7293 1347.0176
v -6589.0137 -53.6434 1344.6722
v -6626.5854 43.1926 1297.8769
v -6625.8759 42.2784 1295.5315
v -6647.1298 -56.3863 1331.0726
v -6646.4203 -57.3004 1328.7271
v -6570.7817 42.0882 1315.1924
v -6570.0722 41.1741 1312.8469
v -6587.3100 -52.8147 1347.7810
v -6586.6005 -53.7288 1345.4355
v -6628.7498 42.4480 1297.5121
v -6628.0403 41.5339 1295.1666
v -6647.1298 -56.3863 1331.0726
v -6649.7185 -56.3351 1330.2694
v -6649.0082 -57.2492 1327.9240
v -6646.4203 -57.3004 1328.7271
v -6568.8187 41.2620 1316.1083
v -6568.1091 40.3479 1313.7629
v -6584.7244 -53.2488 1348.7326
v -6584.0149 -54.1629 1346.3872
v -6630.5275 41.3180 1297.4146
v -6629.8180 40.4039 1295.0693
v -6619.2574 -46.0869 1335.4921
v -6616.1522 -46.1484 1336.4558
v -6615.4419 -47.0624 1334.1105
v -6618.5478 -47.0010 1333.1469
v -6567.3409 40.0676 1317.0210
v -6566.6313 39.1535 1314.6757
v -6582.0274 -53.9225 1349.8110
v -6581.3179 -54.8366 1347.4657
v -6601.8478 41.4520 1306.0404
v -6601.1383 40.5379 1303.6949
v -6595.8405 41.3331 1307.9044
v -6595.1309 40.4190 1305.5590
v -6579.9759 -54.6703 1350.7235
v -6579.2664 -55.5844 1348.3780
v -6609.6893 41.0940 1303.8071
v -6608.9798 40.1799 1301.4616
v -6622.9729 -46.0134 1334.3393
v -6622.2626 -46.9275 1331.9941
v -6588.1302 40.6674 1310.4969
v -6587.4207 39.7533 1308.1514
v -6578.1891 -55.5820 1351.6195
v -6577.4788 -56.4961 1349.2741
v -6607.2227 41.6092 1304.3528
v -6606.5132 40.6951 1302.0073
v -6626.5274 -45.9430 1333.2363
v -6625.8179 -46.8571 1330.8910
v -6590.4526 41.2774 1309.5564
v -6589.7430 40.3632 1307.2109
v -6577.0599 -56.5865 1352.3522
v -6576.3504 -57.5006 1350.0070
v -6602.9205 42.3817 1305.3534
v -6602.2110 41.4676 1303.0080
v -6629.3747 -45.8867 1332.3527
v -6628.6652 -46.8008 1330.0073
v -6594.5343 42.2157 1307.9556
v -6593.8248 41.3016 1305.6102
v -6576.2383 -57.7892 1353.0701
v -6575.5287 -58.7034 1350.7246
v -6603.7140 43.5180 1304.6704
v -6605.3612 42.3771 1304.6167
v -6604.6509 41.4630 1302.2713
v -6603.0045 42.6039 1302.3250
v -6631.6376 -45.8419 1331.6507
v -6630.9280 -46.7560 1329.3053
v -6592.1074 42.1148 1308.7292
v -6593.4532 43.3150 1307.8543
v -6592.7437 42.4009 1305.5089
v -6591.3979 41.2007 1306.3838
v -6573.6496 -57.8405 1353.8731
v -6576.2383 -57.7892 1353.0701
v -6575.5287 -58.7034 1350.7246
v -6572.9401 -58.7546 1351.5276
v -6603.7140 43.5180 1304.6704
v -6603.0045 42.6039 1302.3250
v -6634.0553 -45.7941 1330.9006
v -6633.3458 -46.7082 1328.5551
v -6593.4532 43.3150 1307.8543
v -6592.7437 42.4009 1305.5089
v -6571.4615 -48.0420 1347.4464
v -6571.1731 -45.8009 1346.6602
v -6580.8441 -33.3439 1378.6225
v -6581.1325 -35.5849 1379.4086
v -6581.1325 -35.5849 1379.4086
v -6580.8441 -33.3439 1378.6225
v -6656.9130 -31.8385 1355.0188
v -6657.2014 -34.0796 1355.8050
v -6657.2014 -34.0796 1355.8050
v -6656.9130 -31.8385 1355.0188
v -6647.2420 -44.2955 1323.0564
v -6647.5304 -46.5366 1323.8426
v -6647.5304 -46.5366 1323.8426
v -6647.2420 -44.2955 1323.0564
v -6571.1731 -45.8009 1346.6602
v -6571.4615 -48.0420 1347.4464
v -6581.1325 -35.5849 1379.4086
v -6657.2014 -34.0796 1355.8050
v -6647.5304 -46.5366 1323.8426
v -6571.4615 -48.0420 1347.4464
v -6656.9130 -31.8385 1355.0188
v -6580.8441 -33.3439 1378.6225
v -6571.1731 -45.8009 1346.6602
v -6647.2420 -44.2955 1323.0564
v -6567.4370 -16.7591 1336.4719
v -6567.1486 -14.5180 1335.6857
v -6576.8204 -2.0610 1367.6481
v -6577.1080 -4.3021 1368.4343
v -6577.1080 -4.3021 1368.4343
v -6576.8204 -2.0610 1367.6481
v -6652.8885 -0.5556 1344.0443
v -6653.1769 -2.7967 1344.8305
v -6653.1769 -2.7967 1344.8305
v -6652.8885 -0.5556 1344.0443
v -6643.2175 -13.0127 1312.0820
v -6643.5059 -15.2537 1312.8682
v -6643.5059 -15.2537 1312.8682
v -6643.2175 -13.0127 1312.0820
v -6567.1486 -14.5180 1335.6857
v -6567.4370 -16.7591 1336.4719
v -6577.1080 -4.3021 1368.4343
v -6653.1769 -2.7967 1344.8305
v -6643.5059 -15.2537 1312.8682
v -6567.4370 -16.7591 1336.4719
v -6652.8885 -0.5556 1344.0443
v -6576.8204 -2.0610 1367.6481
v -6567.1486 -14.5180 1335.6857
v -6643.2175 -13.0127 1312.0820
v -6563.7375 11.9986 1326.3832
v -6563.4491 14.2397 1325.5971
v -6573.1201 26.6967 1357.5596
v -6573.4085 24.4556 1358.3457
v -6573.4085 24.4556 1358.3457
v -6573.1201 26.6967 1357.5596
v -6649.1898 28.2021 1333.9558
v -6649.4774 25.9610 1334.7420
v -6649.4774 25.9610 1334.7420
v -6649.1898 28.2021 1333.9558
v -6639.5180 15.7450 1301.9934
v -6639.8064 13.5040 1302.7796
v -6639.8064 13.5040 1302.7796
v -6639.5180 15.7450 1301.9934
v -6563.4491 14.2397 1325.5971
v -6563.7375 11.9986 1326.3832
v -6573.4085 24.4556 1358.3457
v -6649.4774 25.9610 1334.7420
v -6639.8064 13.5040 1302.7796
v -6563.7375 11.9986 1326.3832
v -6649.1898 28.2021 1333.9558
v -6573.1201 26.6967 1357.5596
v -6563.4491 14.2397 1325.5971
v -6639.5180 15.7450 1301.9934
v -6552.3529 46.7400 1313.2228
v -6552.0645 48.9810 1312.4366
v -6563.7436 64.0245 1351.0355
v -6564.0320 61.7834 1351.8217
v -6564.0320 61.7834 1351.8217
v -6563.7436 64.0245 1351.0355
v -6651.8738 65.7685 1323.6895
v -6652.1622 63.5275 1324.4757
v -6652.1622 63.5275 1324.4757
v -6651.8738 65.7685 1323.6895
v -6640.1947 50.7251 1285.0906
v -6640.4823 48.4840 1285.8768
v -6640.4823 48.4840 1285.8768
v -6640.1947 50.7251 1285.0906
v -6552.0645 48.9810 1312.4366
v -6552.3529 46.7400 1313.2228
v -6564.0320 61.7834 1351.8217
v -6652.1622 63.5275 1324.4757
v -6640.4823 48.4840 1285.8768
v -6552.3529 46.7400 1313.2228
v -6650.6790 65.6094 1323.0490
v -6564.3715 63.9014 1349.8297
v -6553.2104 49.5249 1312.9420
v -6639.5172 51.2329 1286.1614
v -6552.7161 49.1766 1312.7554
v -6564.1068 63.8490 1350.4021
v -6563.7436 64.0245 1351.0355
v -6552.0645 48.9810 1312.4366
v -6651.2222 65.5729 1323.3706
v -6651.8738 65.7685 1323.6895
v -6639.8315 50.9006 1285.7240
v -6640.1947 50.7251 1285.0906
v -6552.7161 49.1766 1312.7554
v -6552.0645 48.9810 1312.4366
v -6553.2104 49.5249 1312.9420
v -6564.3715 63.9014 1349.8297
v -6564.1068 63.8490 1350.4021
v -6552.7161 49.1766 1312.7554
v -6564.3715 63.9014 1349.8297
v -6650.6790 65.6094 1323.0490
v -6651.2222 65.5729 1323.3706
v -6564.1068 63.8490 1350.4021
v -6650.6790 65.6094 1323.0490
v -6639.5172 51.2329 1286.1614
v -6639.8315 50.9006 1285.7240
v -6651.2222 65.5729 1323.3706
v -6639.5172 51.2329 1286.1614
v -6553.2104 49.5249 1312.9420
v -6552.7161 49.1766 1312.7554
v -6639.8315 50.9006 1285.7240
v -6568.8004 60.2770 1345.7790
v -6569.2131 60.8084 1347.1424
v -6581.2569 -32.8125 1379.9860
v -6580.8441 -33.3439 1378.6225
v -6580.8441 -33.3439 1378.6225
v -6581.2569 -32.8125 1379.9860
v -6657.3257 -31.3071 1356.3823
v -6656.9130 -31.8385 1355.0188
v -6656.9130 -31.8385 1355.0188
v -6657.3257 -31.3071 1356.3823
v -6645.2820 62.3137 1323.5388
v -6644.8692 61.7824 1322.1754
v -6644.8692 61.7824 1322.1754
v -6645.2820 62.3137 1323.5388
v -6569.2131 60.8084 1347.1424
v -6568.8004 60.2770 1345.7790
v -6580.8441 -33.3439 1378.6225
v -6656.9130 -31.8385 1355.0188
v -6644.8692 61.7824 1322.1754
v -6568.8004 60.2770 1345.7790
v -6657.3257 -31.3071 1356.3823
v -6581.2569 -32.8125 1379.9860
v -6569.2131 60.8084 1347.1424
v -6645.2820 62.3137 1323.5388
v -6580.8441 -33.3439 1378.6225
v -6581.4934 -32.5077 1380.7681
v -6582.8270 -42.8738 1384.4047
v -6582.1777 -43.7100 1382.2591
v -6582.1777 -43.7100 1382.2591
v -6582.8270 -42.8738 1384.4047
v -6658.8959 -41.3684 1360.8008
v -6658.2466 -42.2046 1358.6555
v -6658.2466 -42.2046 1358.6555
v -6658.8959 -41.3684 1360.8008
v -6657.5623 -31.0023 1357.1642
v -6656.9130 -31.8385 1355.0188
v -6656.9130 -31.8385 1355.0188
v -6657.5623 -31.0023 1357.1642
v -6581.4934 -32.5077 1380.7681
v -6580.8441 -33.3439 1378.6225
v -6582.1777 -43.7100 1382.2591
v -6658.2466 -42.2046 1358.6555
v -6656.9130 -31.8385 1355.0188
v -6580.8441 -33.3439 1378.6225
v -6658.8959 -41.3684 1360.8008
v -6582.8270 -42.8738 1384.4047
v -6581.4934 -32.5077 1380.7681
v -6657.5623 -31.0023 1357.1642
v -6652.2079 -53.2417 1338.4897
v -6638.4705 53.5408 1301.0289
v -6642.1127 58.2320 1313.0657
v -6655.8502 -48.5504 1350.5264
v -6655.6801 -53.1729 1337.4123
v -6659.3224 -48.4818 1349.4491
v -6645.5849 58.3007 1311.9884
v -6641.9434 53.6095 1299.9516
v -6642.1127 58.2320 1313.0657
v -6638.4705 53.5408 1301.0289
v -6641.9434 53.6095 1299.9516
v -6645.5849 58.3007 1311.9884
v -6652.2079 -53.2417 1338.4897
v -6655.8502 -48.5504 1350.5264
v -6659.3224 -48.4818 1349.4491
v -6655.6801 -53.1729 1337.4123
v -6642.1127 58.2320 1313.0657
v -6645.5849 58.3007 1311.9884
v -6659.3224 -48.4818 1349.4491
v -6655.8502 -48.5504 1350.5264
v -6638.4705 53.5408 1301.0289
v -6652.2079 -53.2417 1338.4897
v -6655.6801 -53.1729 1337.4123
v -6641.9434 53.6095 1299.9516
v -6572.6669 -54.8157 1363.1708
v -6558.9294 51.9667 1325.7101
v -6562.5717 56.6579 1337.7470
v -6576.3092 -50.1246 1375.2076
v -6576.1391 -54.7471 1362.0934
v -6579.7813 -50.0558 1374.1302
v -6566.0446 56.7267 1336.6695
v -6562.4023 52.0354 1324.6326
v -6562.5717 56.6579 1337.7470
v -6558.9294 51.9667 1325.7101
v -6562.4023 52.0354 1324.6326
v -6566.0446 56.7267 1336.6695
v -6572.6669 -54.8157 1363.1708
v -6576.3092 -50.1246 1375.2076
v -6579.7813 -50.0558 1374.1302
v -6576.1391 -54.7471 1362.0934
v -6558.9294 51.9667 1325.7101
v -6572.6669 -54.8157 1363.1708
v -6576.1391 -54.7471 1362.0934
v -6562.4023 52.0354 1324.6326
v -6562.5717 56.6579 1337.7470
v -6566.0446 56.7267 1336.6695
v -6579.7813 -50.0558 1374.1302
v -6576.3092 -50.1246 1375.2076
v -6599.3095 21.6660 1195.6802
v -6596.2456 13.6293 1186.5402
v -6602.5864 30.2610 1205.4550
v -6605.6496 38.2977 1214.5951
v -6602.7351 21.7435 1194.4637
v -6599.6712 13.7068 1185.3237
v -6606.0112 30.3385 1204.2387
v -6609.0752 38.3752 1213.3787
v -6625.7668 -68.1264 1264.4698
v -6625.6882 -66.9158 1264.3261
v -6629.1138 -66.8383 1263.1096
v -6629.1924 -68.0490 1263.2532
v -6629.1077 -57.9467 1274.5264
v -6629.5036 -58.3230 1275.6189
v -6632.9300 -58.2455 1274.4026
v -6632.5333 -57.8692 1273.3100
v -6625.4990 -65.8567 1263.8594
v -6628.9246 -65.7791 1262.6431
v -6631.8390 -49.2250 1282.7744
v -6605.6496 38.2977 1214.5951
v -6609.0752 38.3752 1213.3787
v -6635.2646 -49.1475 1281.5579
v -6625.3235 -71.4336 1263.0116
v -6625.4562 -70.1190 1263.4671
v -6628.8818 -70.0415 1262.2507
v -6628.7491 -71.3561 1261.7950
v -6628.7750 -57.2617 1273.6343
v -6632.2006 -57.1842 1272.4178
v -6630.2094 -57.6492 1277.6489
v -6630.6656 -57.4195 1278.9495
v -6634.0919 -57.3420 1277.7331
v -6633.6349 -57.5717 1276.4324
v -6596.2456 13.6293 1186.5402
v -6622.4350 -73.8934 1254.7194
v -6625.8606 -73.8159 1253.5029
v -6599.6712 13.7068 1185.3237
v -6625.4349 -72.8699 1263.2328
v -6628.8605 -72.7924 1262.0165
v -6631.1340 -57.9191 1280.2362
v -6634.5596 -57.8415 1279.0197
v -6623.8945 -78.7714 1258.5193
v -6625.6920 -74.0564 1263.8815
v -6629.1183 -73.9789 1262.6650
v -6627.3201 -78.6939 1257.3029
v -6623.8945 -78.7714 1258.5193
v -6627.3201 -78.6939 1257.3029
v -6631.5010 -58.8179 1281.2120
v -6633.2985 -54.1030 1286.5743
v -6636.7241 -54.0254 1285.3579
v -6634.9274 -58.7403 1279.9957
v -6625.6920 -74.0564 1263.8815
v -6629.1183 -73.9789 1262.6650
v -6633.2985 -54.1030 1286.5743
v -6636.7241 -54.0254 1285.3579
v -6631.5010 -58.8179 1281.2120
v -6634.9274 -58.7403 1279.9957
v -6625.6950 -69.1013 1264.2059
v -6629.1206 -69.0238 1262.9894
v -6605.6496 38.2977 1214.5951
v -6602.5864 30.2610 1205.4550
v -6606.0112 30.3385 1204.2387
v -6609.0752 38.3752 1213.3787
v -6629.8393 -58.2299 1276.5696
v -6633.2649 -58.1525 1275.3532
v -6599.3095 21.6660 1195.6802
v -6596.2456 13.6293 1186.5402
v -6599.6712 13.7068 1185.3237
v -6602.7351 21.7435 1194.4637
v -6520.8313 19.8907 1223.5464
v -6517.7681 11.8539 1214.4063
v -6524.1081 28.4856 1233.3213
v -6527.1713 36.5224 1242.4613
v -6524.2577 19.9681 1222.3299
v -6521.1937 11.9314 1213.1899
v -6527.5337 28.5631 1232.1048
v -6530.5977 36.5999 1241.2449
v -6547.2885 -69.9019 1292.3359
v -6547.2107 -68.6912 1292.1923
v -6550.6363 -68.6136 1290.9758
v -6550.7149 -69.8244 1291.1194
v -6550.6294 -59.7221 1302.3926
v -6551.0262 -60.0984 1303.4851
v -6554.4518 -60.0209 1302.2688
v -6554.0558 -59.6447 1301.1761
v -6547.0207 -67.6320 1291.7255
v -6550.4471 -67.5546 1290.5091
v -6553.3607 -51.0004 1310.6405
v -6527.1713 36.5224 1242.4613
v -6530.5977 36.5999 1241.2449
v -6556.7871 -50.9228 1309.4241
v -6546.8460 -73.2090 1290.8777
v -6546.9780 -71.8944 1291.3333
v -6550.4044 -71.8170 1290.1168
v -6550.2716 -73.1315 1289.6612
v -6550.2975 -59.0371 1301.5005
v -6553.7231 -58.9596 1300.2840
v -6551.7319 -59.4246 1305.5151
v -6552.1881 -59.1949 1306.8157
v -6555.6145 -59.1174 1305.5992
v -6555.1575 -59.3471 1304.2986
v -6517.7681 11.8539 1214.4063
v -6543.9575 -75.6688 1282.5855
v -6547.3831 -75.5912 1281.3691
v -6521.1937 11.9314 1213.1899
v -6546.9574 -74.6453 1291.0990
v -6550.3830 -74.5678 1289.8827
v -6552.6566 -59.6945 1308.1024
v -6556.0822 -59.6170 1306.8859
v -6545.4170 -80.5467 1286.3855
v -6547.2137 -75.8319 1291.7477
v -6550.6401 -75.7543 1290.5313
v -6548.8426 -80.4692 1285.1690
v -6545.4170 -80.5467 1286.3855
v -6548.8426 -80.4692 1285.1690
v -6553.0228 -60.5933 1309.0782
v -6554.8210 -55.8783 1314.4403
v -6558.2466 -55.8008 1313.2240
v -6556.4491 -60.5158 1307.8617
v -6547.2137 -75.8319 1291.7477
v -6550.6401 -75.7543 1290.5313
v -6554.8210 -55.8783 1314.4403
v -6558.2466 -55.8008 1313.2240
v -6553.0228 -60.5933 1309.0782
v -6556.4491 -60.5158 1307.8617
v -6547.2176 -70.8767 1292.0720
v -6550.6432 -70.7992 1290.8556
v -6527.1713 36.5224 1242.4613
v -6524.1081 28.4856 1233.3213
v -6527.5337 28.5631 1232.1048
v -6530.5977 36.5999 1241.2449
v -6551.3611 -60.0054 1304.4358
v -6554.7874 -59.9278 1303.2194
v -6520.8313 19.8907 1223.5464
v -6517.7681 11.8539 1214.4063
v -6521.1937 11.9314 1213.1899
v -6524.2577 19.9681 1222.3299
v -6599.3095 21.6660 1195.6802
v -6602.7351 21.7435 1194.4637
v -6602.5864 30.2610 1205.4550
v -6606.0112 30.3385 1204.2387
v -6520.8313 19.8907 1223.5464
v -6524.2577 19.9681 1222.3299
v -6524.1081 28.4856 1233.3213
v -6527.5337 28.5631 1232.1048
v -6560.0235 7.5582 1207.9769
v -6558.4259 7.9883 1208.1344
v -6556.4590 14.5587 1203.0161
v -6557.9193 14.5917 1202.4979
v -6530.3902 6.7766 1218.5970
v -6524.0349 6.6328 1220.8536
v -6521.8971 13.7768 1215.2885
v -6528.2524 13.9206 1213.0321
v -6550.8789 7.3952 1211.1855
v -6548.2285 7.1801 1212.2628
v -6546.0907 14.3241 1206.6978
v -6548.7877 14.3851 1205.7404
v -6542.5598 7.6796 1213.7237
v -6539.5035 8.3108 1214.1935
v -6537.7602 14.1357 1209.6560
v -6540.6090 14.2001 1208.6443
v -6553.1036 7.9098 1209.9873
v -6551.1505 14.4386 1204.9013
v -6537.3375 8.6699 1214.6036
v -6535.7155 14.0894 1210.3819
v -6557.0297 8.7045 1207.9725
v -6555.2856 14.5321 1203.4328
v -6535.4034 8.7258 1215.2027
v -6533.8112 14.0463 1211.0580
v -6555.8311 9.5997 1207.5871
v -6554.6417 8.6069 1208.8587
v -6552.8854 14.4778 1204.2852
v -6554.3610 14.5112 1203.7611
v -6533.5541 8.4554 1216.0604
v -6531.8939 14.0030 1211.7388
v -6545.2538 7.2498 1213.1989
v -6543.1564 14.2578 1207.7397
v -6531.7108 7.7655 1217.2848
v -6529.8584 13.9569 1212.4617
v -6561.5608 7.4818 1207.5289
v -6559.4231 14.6257 1201.9638
v -6563.0318 7.6262 1206.9087
v -6560.9268 14.6597 1201.4297
v -6562.3871 14.6928 1200.9114
v -6564.3524 8.1224 1206.0297
v -6592.7322 8.1870 1196.4605
v -6590.5945 15.3309 1190.8955
v -6596.9490 15.4747 1188.6389
v -6599.0868 8.3307 1194.2039
v -6572.1504 7.8764 1203.6324
v -6570.0584 14.8663 1198.1873
v -6572.7554 14.9273 1197.2298
v -6574.8932 7.7834 1202.7947
v -6580.1888 8.5309 1200.3626
v -6578.2372 15.0514 1195.2831
v -6581.0867 15.1158 1194.2715
v -6582.8293 9.2909 1198.8091
v -6569.6503 8.2841 1204.1121
v -6567.6964 14.8129 1199.0261
v -6583.1306 15.1621 1193.5456
v -6584.7527 9.7426 1197.7673
v -6563.5605 14.7193 1200.4947
v -6565.3038 8.8916 1205.0344
v -6585.0349 15.2051 1192.8693
v -6586.6272 9.8846 1197.0140
v -6565.9546 9.8287 1203.9925
v -6564.4852 14.7403 1200.1664
v -6565.9615 14.7736 1199.6422
v -6567.7177 8.9027 1204.2155
v -6586.9522 15.2485 1192.1887
v -6588.6124 9.7009 1196.5103
v -6577.7863 7.9858 1201.6470
v -6575.6897 14.9938 1196.1878
v -6588.9877 15.2945 1191.4658
v -6590.8409 9.1032 1196.2888
v -6556.0181 -70.0551 1278.3056
v -6554.0771 -70.6810 1279.5069
v -6552.1667 -64.2992 1274.5356
v -6554.2816 -64.2514 1273.7847
v -6576.0948 -70.0669 1271.5864
v -6572.3022 -69.7254 1272.5573
v -6570.5544 -63.8832 1268.0063
v -6574.2203 -63.8003 1266.7049
v -6552.4170 -71.4399 1280.7304
v -6550.2930 -64.3416 1275.2008
v -6568.6554 -69.3379 1273.4390
v -6567.0471 -63.9626 1269.2517
v -6551.4198 -72.2709 1281.7952
v -6549.0555 -64.3696 1275.6403
v -6565.7425 -69.0558 1274.1673
v -6564.2372 -64.0262 1270.2494
v -6550.7484 -73.2626 1282.8924
v -6548.0942 -64.3913 1275.9818
v -6563.4872 -69.0294 1274.9001
v -6562.0056 -64.0767 1271.0421
v -6548.1949 -73.3205 1283.7992
v -6545.5399 -64.4492 1276.8887
v -6561.1115 -69.1141 1275.7710
v -6559.6199 -64.1306 1271.8890
v -6585.0624 -70.2721 1268.7611
v -6582.4196 -70.3300 1269.6978
v -6580.4237 -63.6600 1264.5020
v -6583.0658 -63.6002 1263.5637
v -6558.6052 -69.4860 1276.9381
v -6557.0206 -64.1894 1272.8122
v -6579.2442 -70.2819 1270.7199
v -6577.2842 -63.7310 1265.6168
v -6613.5872 -68.7527 1257.8637
v -6611.8507 -62.9490 1253.3428
v -6613.9648 -62.9012 1252.5919
v -6615.8752 -69.2830 1257.5634
v -6593.7874 -69.6666 1265.3043
v -6591.9121 -63.4001 1260.4227
v -6595.5780 -63.3172 1259.1211
v -6597.3259 -69.1592 1263.6721
v -6615.8386 -62.8588 1251.9267
v -6617.9626 -69.9571 1257.4562
v -6599.0852 -63.2378 1257.8756
v -6600.6927 -68.6132 1262.0630
v -6617.0761 -62.8308 1251.4873
v -6619.4405 -70.7320 1257.6422
v -6601.8944 -63.1743 1256.8781
v -6603.3997 -68.2038 1260.7961
v -6618.0382 -62.8090 1251.1457
v -6620.6924 -71.6803 1258.0564
v -6604.1267 -63.1238 1256.0854
v -6605.6084 -68.0764 1259.9436
v -6620.5917 -62.7513 1250.2388
v -6623.2468 -71.6226 1257.1495
v -6606.5117 -63.0698 1255.2385
v -6608.0032 -68.0532 1259.1206
v -6585.7086 -63.5404 1262.6255
v -6587.7045 -70.2104 1267.8213
v -6609.1118 -63.0109 1254.3154
v -6610.6964 -68.3075 1258.4413
v -6588.8481 -63.4694 1261.5107
v -6590.8081 -70.0203 1266.6138
v -6559.3849 5.8834 1206.0722
v -6557.2807 12.9170 1200.5932
v -6555.8212 12.8839 1201.1114
v -6557.7873 6.3135 1206.2296
v -6529.7516 5.1019 1216.6924
v -6527.6138 12.2458 1211.1275
v -6521.2585 12.1021 1213.3839
v -6523.3963 4.9581 1218.9490
v -6550.2411 5.7205 1209.2808
v -6548.1491 12.7104 1203.8356
v -6545.4521 12.6493 1204.7932
v -6547.5899 5.5054 1210.3582
v -6541.9220 6.0049 1211.8191
v -6539.9704 12.5253 1206.7396
v -6537.1216 12.4609 1207.7513
v -6538.8641 6.6360 1212.2889
v -6552.4651 6.2350 1208.0826
v -6550.5119 12.7638 1202.9966
v -6535.0769 12.4146 1208.4772
v -6536.6989 6.9951 1212.6988
v -6554.6478 12.8573 1201.5280
v -6556.3911 7.0297 1206.0678
v -6533.1726 12.3716 1209.1535
v -6534.7649 7.0511 1213.2980
v -6555.1926 7.9250 1205.6825
v -6553.7231 12.8365 1201.8564
v -6552.2469 12.8031 1202.3808
v -6554.0031 6.9322 1206.9540
v -6531.2561 12.3282 1209.8341
v -6532.9163 6.7806 1214.1556
v -6544.6152 5.5750 1211.2942
v -6542.5186 12.5830 1205.8350
v -6529.2198 12.2822 1210.5571
v -6531.0730 6.0908 1215.3801
v -6560.9222 5.8070 1205.6242
v -6558.7845 12.9510 1200.0591
v -6562.3932 5.9515 1205.0039
v -6563.7146 6.4476 1204.1250
v -6561.7485 13.0180 1199.0067
v -6560.2890 12.9850 1199.5249
v -6592.0937 6.5123 1194.5559
v -6598.4482 6.6559 1192.2993
v -6596.3104 13.7999 1186.7342
v -6589.9559 13.6562 1188.9908
v -6571.5118 6.2017 1201.7277
v -6574.2546 6.1086 1200.8900
v -6572.1169 13.2526 1195.3250
v -6569.4199 13.1916 1196.2826
v -6579.5502 6.8562 1198.4579
v -6582.1915 7.6162 1196.9043
v -6580.4482 13.4411 1192.3668
v -6577.5993 13.3767 1193.3785
v -6569.0109 6.6093 1202.2074
v -6567.0578 13.1381 1197.1215
v -6584.1141 8.0678 1195.8627
v -6582.4921 13.4874 1191.6410
v -6564.6652 7.2169 1203.1298
v -6562.9219 13.0445 1198.5901
v -6585.9886 8.2099 1195.1094
v -6584.3964 13.5304 1190.9647
v -6565.3168 8.1540 1202.0877
v -6567.0792 7.2279 1202.3108
v -6565.3229 13.0988 1197.7375
v -6563.8466 13.0655 1198.2616
v -6587.9738 8.0261 1194.6056
v -6586.3136 13.5737 1190.2841
v -6577.1484 6.3110 1199.7423
v -6575.0519 13.3190 1194.2831
v -6590.2023 7.4284 1194.3842
v -6588.3499 13.6198 1189.5611
v -6555.3795 -71.7298 1276.4011
v -6553.6430 -65.9261 1271.8801
v -6551.5289 -65.9740 1272.6308
v -6553.4386 -72.3558 1277.6022
v -6575.4562 -71.7417 1269.6818
v -6573.5817 -65.4751 1264.8002
v -6569.9158 -65.5580 1266.1016
v -6571.6644 -71.4000 1270.6526
v -6549.6544 -66.0164 1273.2962
v -6551.7784 -73.1147 1278.8258
v -6566.4085 -65.6374 1267.3470
v -6568.0176 -71.0127 1271.5343
v -6548.4169 -66.0444 1273.7356
v -6550.7812 -73.9456 1279.8906
v -6563.5994 -65.7009 1268.3448
v -6565.1039 -70.7304 1272.2628
v -6547.4556 -66.0661 1274.0771
v -6550.1099 -74.9374 1280.9877
v -6561.3670 -65.7514 1269.1374
v -6562.8494 -70.7041 1272.9954
v -6544.9013 -66.1240 1274.9839
v -6547.5563 -74.9952 1281.8945
v -6558.9813 -65.8054 1269.9842
v -6560.4729 -70.7888 1273.8663
v -6584.4238 -71.9468 1266.8564
v -6582.4272 -65.2750 1261.6590
v -6579.7852 -65.3348 1262.5973
v -6581.7810 -72.0047 1267.7931
v -6556.3820 -65.8642 1270.9076
v -6557.9666 -71.1607 1275.0335
v -6576.6457 -65.4058 1263.7121
v -6578.6057 -71.9567 1268.8152
v -6612.9486 -70.4274 1255.9591
v -6615.2359 -70.9578 1255.6587
v -6613.3270 -64.5759 1250.6874
v -6611.2122 -64.6238 1251.4381
v -6593.1488 -71.3414 1263.3996
v -6596.6873 -70.8340 1261.7674
v -6594.9387 -64.9919 1257.2165
v -6591.2735 -65.0748 1258.5180
v -6617.3248 -71.6318 1255.5515
v -6615.2008 -64.5335 1250.0219
v -6600.0549 -70.2878 1260.1584
v -6598.4467 -64.9125 1255.9711
v -6618.8019 -72.4068 1255.7376
v -6616.4383 -64.5056 1249.5825
v -6602.7603 -69.8786 1258.8914
v -6601.2558 -64.8490 1254.9734
v -6620.0546 -73.3551 1256.1518
v -6617.3996 -64.4838 1249.2411
v -6604.9698 -69.7512 1258.0389
v -6603.4882 -64.7985 1254.1808
v -6622.6082 -73.2974 1255.2448
v -6619.9539 -64.4260 1248.3342
v -6607.3647 -69.7280 1257.2159
v -6605.8731 -64.7445 1253.3339
v -6587.0659 -71.8851 1265.9167
v -6585.0693 -65.2152 1260.7208
v -6610.0586 -69.9823 1256.5365
v -6608.4732 -64.6857 1252.4106
v -6590.1703 -71.6950 1264.7091
v -6588.2095 -65.1441 1259.6060
v -6580.4237 -63.6600 1264.5020
v -6577.2842 -63.7310 1265.6168
v -6576.6457 -65.4058 1263.7121
v -6579.7852 -65.3348 1262.5973
v -6578.2372 15.0514 1195.2831
v -6575.6897 14.9938 1196.1878
v -6575.0519 13.3190 1194.2831
v -6577.5993 13.3767 1193.3785
v -6611.8507 -62.9490 1253.3428
v -6609.1118 -63.0109 1254.3154
v -6608.4732 -64.6857 1252.4106
v -6611.2122 -64.6238 1251.4381
v -6543.1564 14.2578 1207.7397
v -6540.6090 14.2001 1208.6443
v -6539.9704 12.5253 1206.7396
v -6542.5186 12.5830 1205.8350
v -6583.0658 -63.6002 1263.5637
v -6582.4272 -65.2750 1261.6590
v -6572.7554 14.9273 1197.2298
v -6572.1169 13.2526 1195.3250
v -6613.9648 -62.9012 1252.5919
v -6613.3270 -64.5759 1250.6874
v -6559.4231 14.6257 1201.9638
v -6557.9193 14.5917 1202.4979
v -6557.2807 12.9170 1200.5932
v -6558.7845 12.9510 1200.0591
v -6574.2203 -63.8003 1266.7049
v -6570.5544 -63.8832 1268.0063
v -6569.9158 -65.5580 1266.1016
v -6573.5817 -65.4751 1264.8002
v -6596.9490 15.4747 1188.6389
v -6590.5945 15.3309 1190.8955
v -6589.9559 13.6562 1188.9908
v -6596.3104 13.7999 1186.7342
v -6615.8386 -62.8588 1251.9267
v -6615.2008 -64.5335 1250.0219
v -6546.0907 14.3241 1206.6978
v -6545.4521 12.6493 1204.7932
v -6567.0471 -63.9626 1269.2517
v -6566.4085 -65.6374 1267.3470
v -6581.0867 15.1158 1194.2715
v -6580.4482 13.4411 1192.3668
v -6617.0761 -62.8308 1251.4873
v -6616.4383 -64.5056 1249.5825
v -6528.2524 13.9206 1213.0321
v -6521.8971 13.7768 1215.2885
v -6521.2585 12.1021 1213.3839
v -6527.6138 12.2458 1211.1275
v -6564.2372 -64.0262 1270.2494
v -6563.5994 -65.7009 1268.3448
v -6583.1306 15.1621 1193.5456
v -6582.4921 13.4874 1191.6410
v -6618.0382 -62.8090 1251.1457
v -6617.3996 -64.4838 1249.2411
v -6537.7602 14.1357 1209.6560
v -6537.1216 12.4609 1207.7513
v -6562.0056 -64.0767 1271.0421
v -6561.3670 -65.7514 1269.1374
v -6585.0349 15.2051 1192.8693
v -6584.3964 13.5304 1190.9647
v -6620.5917 -62.7513 1250.2388
v -6619.9539 -64.4260 1248.3342
v -6535.7155 14.0894 1210.3819
v -6535.0769 12.4146 1208.4772
v -6559.6199 -64.1306 1271.8890
v -6558.9813 -65.8054 1269.9842
v -6586.9522 15.2485 1192.1887
v -6586.3136 13.5737 1190.2841
v -6533.8112 14.0463 1211.0580
v -6533.1726 12.3716 1209.1535
v -6557.0206 -64.1894 1272.8122
v -6556.3820 -65.8642 1270.9076
v -6588.9877 15.2945 1191.4658
v -6588.3499 13.6198 1189.5611
v -6531.8939 14.0030 1211.7388
v -6531.2561 12.3282 1209.8341
v -6554.2816 -64.2514 1273.7847
v -6553.6430 -65.9261 1271.8801
v -6529.8584 13.9569 1212.4617
v -6529.2198 12.2822 1210.5571
v -6552.1667 -64.2992 1274.5356
v -6551.5289 -65.9740 1272.6308
v -6562.3871 14.6928 1200.9114
v -6560.9268 14.6597 1201.4297
v -6560.2890 12.9850 1199.5249
v -6561.7485 13.0180 1199.0067
v -6550.2930 -64.3416 1275.2008
v -6549.6544 -66.0164 1273.2962
v -6570.0584 14.8663 1198.1873
v -6569.4199 13.1916 1196.2826
v -6556.4590 14.5587 1203.0161
v -6555.8212 12.8839 1201.1114
v -6549.0555 -64.3696 1275.6403
v -6548.4169 -66.0444 1273.7356
v -6567.6964 14.8129 1199.0261
v -6567.0578 13.1381 1197.1215
v -6548.7877 14.3851 1205.7404
v -6548.1491 12.7104 1203.8356
v -6548.0942 -64.3913 1275.9818
v -6547.4556 -66.0661 1274.0771
v -6563.5605 14.7193 1200.4947
v -6562.9219 13.0445 1198.5901
v -6551.1505 14.4386 1204.9013
v -6550.5119 12.7638 1202.9966
v -6545.5399 -64.4492 1276.8887
v -6544.9013 -66.1240 1274.9839
v -6565.9615 14.7736 1199.6422
v -6564.4852 14.7403 1200.1664
v -6563.8466 13.0655 1198.2616
v -6565.3229 13.0988 1197.7375
v -6555.2856 14.5321 1203.4328
v -6554.6478 12.8573 1201.5280
v -6554.3610 14.5112 1203.7611
v -6552.8854 14.4778 1204.2852
v -6552.2469 12.8031 1202.3808
v -6553.7231 12.8365 1201.8564
v -6623.2468 -71.6226 1257.1495
v -6620.5917 -62.7513 1250.2388
v -6619.9539 -64.4260 1248.3342
v -6622.6082 -73.2974 1255.2448
v -6599.0868 8.3307 1194.2039
v -6596.9490 15.4747 1188.6389
v -6596.3104 13.7999 1186.7342
v -6598.4482 6.6559 1192.2993
v -6521.8971 13.7768 1215.2885
v -6524.0349 6.6328 1220.8536
v -6523.3963 4.9581 1218.9490
v -6521.2585 12.1021 1213.3839
v -6585.0624 -70.2721 1268.7611
v -6587.7045 -70.2104 1267.8213
v -6587.0659 -71.8851 1265.9167
v -6584.4238 -71.9468 1266.8564
v -6585.7086 -63.5404 1262.6255
v -6585.0693 -65.2152 1260.7208
v -6545.5399 -64.4492 1276.8887
v -6548.1949 -73.3205 1283.7992
v -6547.5563 -74.9952 1281.8945
v -6544.9013 -66.1240 1274.9839
v -6590.8081 -70.0203 1266.6138
v -6590.1703 -71.6950 1264.7091
v -6593.7874 -69.6666 1265.3043
v -6593.1488 -71.3414 1263.3996
v -6597.3259 -69.1592 1263.6721
v -6596.6873 -70.8340 1261.7674
v -6600.6927 -68.6132 1262.0630
v -6600.0549 -70.2878 1260.1584
v -6561.5608 7.4818 1207.5289
v -6563.0318 7.6262 1206.9087
v -6562.3932 5.9515 1205.0039
v -6560.9222 5.8070 1205.6242
v -6603.3997 -68.2038 1260.7961
v -6602.7603 -69.8786 1258.8914
v -6605.6084 -68.0764 1259.9436
v -6604.9698 -69.7512 1258.0389
v -6542.5598 7.6796 1213.7237
v -6545.2538 7.2498 1213.1989
v -6544.6152 5.5750 1211.2942
v -6541.9220 6.0049 1211.8191
v -6582.4196 -70.3300 1269.6978
v -6581.7810 -72.0047 1267.7931
v -6577.7863 7.9858 1201.6470
v -6580.1888 8.5309 1200.3626
v -6579.5502 6.8562 1198.4579
v -6577.1484 6.3110 1199.7423
v -6608.0032 -68.0532 1259.1206
v -6607.3647 -69.7280 1257.2159
v -6560.0235 7.5582 1207.9769
v -6559.3849 5.8834 1206.0722
v -6579.2442 -70.2819 1270.7199
v -6578.6057 -71.9567 1268.8152
v -6574.8932 7.7834 1202.7947
v -6574.2546 6.1086 1200.8900
v -6610.6964 -68.3075 1258.4413
v -6610.0586 -69.9823 1256.5365
v -6548.2285 7.1801 1212.2628
v -6547.5899 5.5054 1210.3582
v -6576.0948 -70.0669 1271.5864
v -6575.4562 -71.7417 1269.6818
v -6592.7322 8.1870 1196.4605
v -6599.0868 8.3307 1194.2039
v -6598.4482 6.6559 1192.2993
v -6592.0937 6.5123 1194.5559
v -6613.5872 -68.7527 1257.8637
v -6612.9486 -70.4274 1255.9591
v -6524.0349 6.6328 1220.8536
v -6530.3902 6.7766 1218.5970
v -6529.7516 5.1019 1216.6924
v -6523.3963 4.9581 1218.9490
v -6572.3022 -69.7254 1272.5573
v -6571.6644 -71.4000 1270.6526
v -6582.8293 9.2909 1198.8091
v -6582.1915 7.6162 1196.9043
v -6615.8752 -69.2830 1257.5634
v -6615.2359 -70.9578 1255.6587
v -6539.5035 8.3108 1214.1935
v -6538.8641 6.6360 1212.2889
v -6568.6554 -69.3379 1273.4390
v -6568.0176 -71.0127 1271.5343
v -6584.7527 9.7426 1197.7673
v -6584.1141 8.0678 1195.8627
v -6617.9626 -69.9571 1257.4562
v -6617.3248 -71.6318 1255.5515
v -6537.3375 8.6699 1214.6036
v -6536.6989 6.9951 1212.6988
v -6565.7425 -69.0558 1274.1673
v -6565.1039 -70.7304 1272.2628
v -6586.6272 9.8846 1197.0140
v -6585.9886 8.2099 1195.1094
v -6619.4405 -70.7320 1257.6422
v -6618.8019 -72.4068 1255.7376
v -6535.4034 8.7258 1215.2027
v -6534.7649 7.0511 1213.2980
v -6563.4872 -69.0294 1274.9001
v -6562.8494 -70.7041 1272.9954
v -6588.6124 9.7009 1196.5103
v -6587.9738 8.0261 1194.6056
v -6620.6924 -71.6803 1258.0564
v -6620.0546 -73.3551 1256.1518
v -6533.5541 8.4554 1216.0604
v -6532.9163 6.7806 1214.1556
v -6561.1115 -69.1141 1275.7710
v -6560.4729 -70.7888 1273.8663
v -6590.8409 9.1032 1196.2888
v -6590.2023 7.4284 1194.3842
v -6620.6924 -71.6803 1258.0564
v -6623.2468 -71.6226 1257.1495
v -6622.6082 -73.2974 1255.2448
v -6620.0546 -73.3551 1256.1518
v -6531.7108 7.7655 1217.2848
v -6531.0730 6.0908 1215.3801
v -6558.6052 -69.4860 1276.9381
v -6557.9666 -71.1607 1275.0335
v -6592.7322 8.1870 1196.4605
v -6592.0937 6.5123 1194.5559
v -6591.9121 -63.4001 1260.4227
v -6588.8481 -63.4694 1261.5107
v -6588.2095 -65.1441 1259.6060
v -6591.2735 -65.0748 1258.5180
v -6530.3902 6.7766 1218.5970
v -6529.7516 5.1019 1216.6924
v -6556.0181 -70.0551 1278.3056
v -6555.3795 -71.7298 1276.4011
v -6564.3524 8.1224 1206.0297
v -6563.7146 6.4476 1204.1250
v -6558.4259 7.9883 1208.1344
v -6557.7873 6.3135 1206.2296
v -6554.0771 -70.6810 1279.5069
v -6553.4386 -72.3558 1277.6022
v -6572.1504 7.8764 1203.6324
v -6571.5118 6.2017 1201.7277
v -6595.5780 -63.3172 1259.1211
v -6594.9387 -64.9919 1257.2165
v -6550.8789 7.3952 1211.1855
v -6550.2411 5.7205 1209.2808
v -6552.4170 -71.4399 1280.7304
v -6551.7784 -73.1147 1278.8258
v -6569.6503 8.2841 1204.1121
v -6569.0109 6.6093 1202.2074
v -6599.0852 -63.2378 1257.8756
v -6598.4467 -64.9125 1255.9711
v -6553.1036 7.9098 1209.9873
v -6552.4651 6.2350 1208.0826
v -6551.4198 -72.2709 1281.7952
v -6550.7812 -73.9456 1279.8906
v -6565.3038 8.8916 1205.0344
v -6564.6652 7.2169 1203.1298
v -6601.8944 -63.1743 1256.8781
v -6601.2558 -64.8490 1254.9734
v -6557.0297 8.7045 1207.9725
v -6556.3911 7.0297 1206.0678
v -6550.7484 -73.2626 1282.8924
v -6550.1099 -74.9374 1280.9877
v -6565.9546 9.8287 1203.9925
v -6567.7177 8.9027 1204.2155
v -6567.0792 7.2279 1202.3108
v -6565.3168 8.1540 1202.0877
v -6604.1267 -63.1238 1256.0854
v -6603.4882 -64.7985 1254.1808
v -6554.6417 8.6069 1208.8587
v -6555.8311 9.5997 1207.5871
v -6555.1926 7.9250 1205.6825
v -6554.0031 6.9322 1206.9540
v -6548.1949 -73.3205 1283.7992
v -6550.7484 -73.2626 1282.8924
v -6550.1099 -74.9374 1280.9877
v -6547.5563 -74.9952 1281.8945
v -6565.9546 9.8287 1203.9925
v -6565.3168 8.1540 1202.0877
v -6606.5117 -63.0698 1255.2385
v -6605.8731 -64.7445 1253.3339
v -6555.8311 9.5997 1207.5871
v -6555.1926 7.9250 1205.6825
v -6544.8242 -66.3269 1274.7530
v -6544.2749 -64.4901 1273.3221
v -6552.9755 -41.6671 1299.2783
v -6553.5248 -43.5040 1300.7092
v -6553.5248 -43.5040 1300.7092
v -6552.9755 -41.6671 1299.2783
v -6628.0266 -39.9692 1272.6286
v -6628.5767 -41.8061 1274.0595
v -6628.5767 -41.8061 1274.0595
v -6628.0266 -39.9692 1272.6286
v -6619.3268 -62.7922 1246.6724
v -6619.8761 -64.6290 1248.1033
v -6619.8761 -64.6290 1248.1033
v -6619.3268 -62.7922 1246.6724
v -6544.2749 -64.4901 1273.3221
v -6544.8242 -66.3269 1274.7530
v -6553.5248 -43.5040 1300.7092
v -6628.5767 -41.8061 1274.0595
v -6619.8761 -64.6290 1248.1033
v -6544.8242 -66.3269 1274.7530
v -6628.0266 -39.9692 1272.6286
v -6552.9755 -41.6671 1299.2783
v -6544.2749 -64.4901 1273.3221
v -6619.3268 -62.7922 1246.6724
v -6537.1521 -40.6865 1254.7792
v -6536.6020 -38.8496 1253.3484
v -6545.3026 -16.0266 1279.3046
v -6545.8519 -17.8635 1280.7354
v -6545.8519 -17.8635 1280.7354
v -6545.3026 -16.0266 1279.3046
v -6620.3545 -14.3287 1252.6548
v -6620.9045 -16.1656 1254.0857
v -6620.9045 -16.1656 1254.0857
v -6620.3545 -14.3287 1252.6548
v -6611.6539 -37.1517 1226.6988
v -6612.2040 -38.9885 1228.1297
v -6612.2040 -38.9885 1228.1297
v -6611.6539 -37.1517 1226.6988
v -6536.6020 -38.8496 1253.3484
v -6537.1521 -40.6865 1254.7792
v -6545.8519 -17.8635 1280.7354
v -6620.9045 -16.1656 1254.0857
v -6612.2040 -38.9885 1228.1297
v -6537.1521 -40.6865 1254.7792
v -6620.3545 -14.3287 1252.6548
v -6545.3026 -16.0266 1279.3046
v -6536.6020 -38.8496 1253.3484
v -6611.6539 -37.1517 1226.6988
v -6530.0987 -17.1156 1236.4179
v -6529.5486 -15.2788 1234.9870
v -6538.2492 7.5442 1260.9432
v -6538.7993 5.7074 1262.3740
v -6538.7993 5.7074 1262.3740
v -6538.2492 7.5442 1260.9432
v -6613.3011 9.2421 1234.2935
v -6613.8512 7.4052 1235.7244
v -6613.8512 7.4052 1235.7244
v -6613.3011 9.2421 1234.2935
v -6604.6013 -13.5808 1208.3372
v -6605.1506 -15.4177 1209.7683
v -6605.1506 -15.4177 1209.7683
v -6604.6013 -13.5808 1208.3372
v -6529.5486 -15.2788 1234.9870
v -6530.0987 -17.1156 1236.4179
v -6538.7993 5.7074 1262.3740
v -6613.8512 7.4052 1235.7244
v -6605.1506 -15.4177 1209.7683
v -6530.0987 -17.1156 1236.4179
v -6613.3011 9.2421 1234.2935
v -6538.2492 7.5442 1260.9432
v -6529.5486 -15.2788 1234.9870
v -6604.6013 -13.5808 1208.3372
v -6514.6927 10.3501 1213.6572
v -6514.1434 12.1870 1212.2263
v -6524.6498 39.7487 1243.5719
v -6525.1991 37.9119 1245.0027
v -6525.1991 37.9119 1245.0027
v -6524.6498 39.7487 1243.5719
v -6611.6013 41.7158 1212.6970
v -6612.1506 39.8790 1214.1278
v -6612.1506 39.8790 1214.1278
v -6611.6013 41.7158 1212.6970
v -6601.0941 14.1541 1181.3515
v -6601.6434 12.3172 1182.7824
v -6601.6434 12.3172 1182.7824
v -6601.0941 14.1541 1181.3515
v -6514.1434 12.1870 1212.2263
v -6514.6927 10.3501 1213.6572
v -6525.1991 37.9119 1245.0027
v -6612.1506 39.8790 1214.1278
v -6601.6434 12.3172 1182.7824
v -6514.6927 10.3501 1213.6572
v -6610.4218 41.2422 1212.1984
v -6525.2686 39.3158 1242.4351
v -6515.2275 12.9760 1212.4791
v -6600.3815 14.9024 1182.2426
v -6514.7728 12.5383 1212.4353
v -6525.0206 39.4201 1243.0076
v -6524.6498 39.7487 1243.5719
v -6514.1434 12.1870 1212.2263
v -6610.9711 41.3645 1212.4878
v -6611.6013 41.7158 1212.6970
v -6600.7233 14.4827 1181.9157
v -6601.0941 14.1541 1181.3515
v -6514.7728 12.5383 1212.4353
v -6514.1434 12.1870 1212.2263
v -6515.2275 12.9760 1212.4791
v -6525.2686 39.3158 1242.4351
v -6525.0206 39.4201 1243.0076
v -6514.7728 12.5383 1212.4353
v -6525.2686 39.3158 1242.4351
v -6610.4218 41.2422 1212.1984
v -6610.9711 41.3645 1212.4878
v -6525.0206 39.4201 1243.0076
v -6610.4218 41.2422 1212.1984
v -6600.3815 14.9024 1182.2426
v -6600.7233 14.4827 1181.9157
v -6610.9711 41.3645 1212.4878
v -6600.3815 14.9024 1182.2426
v -6515.2275 12.9760 1212.4791
v -6514.7728 12.5383 1212.4353
v -6600.7233 14.4827 1181.9157
v -6530.0140 35.0678 1239.5025
v -6530.3848 36.0414 1240.6097
v -6553.3463 -40.6936 1300.3855
v -6552.9755 -41.6671 1299.2783
v -6552.9755 -41.6671 1299.2783
v -6553.3463 -40.6936 1300.3855
v -6628.3981 -38.9956 1273.7358
v -6628.0266 -39.9692 1272.6286
v -6628.0266 -39.9692 1272.6286
v -6628.3981 -38.9956 1273.7358
v -6605.4367 37.7393 1213.9601
v -6605.0659 36.7658 1212.8529
v -6605.0659 36.7658 1212.8529
v -6605.4367 37.7393 1213.9601
v -6530.3848 36.0414 1240.6097
v -6530.0140 35.0678 1239.5025
v -6552.9755 -41.6671 1299.2783
v -6628.0266 -39.9692 1272.6286
v -6605.0659 36.7658 1212.8529
v -6530.0140 35.0678 1239.5025
v -6628.3981 -38.9956 1273.7358
v -6553.3463 -40.6936 1300.3855
v -6530.3848 36.0414 1240.6097
v -6605.4367 37.7393 1213.9601
v -6552.9755 -41.6671 1299.2783
v -6553.5591 -40.1351 1301.0206
v -6556.1012 -48.6316 1307.6393
v -6555.5176 -50.1636 1305.8969
v -6555.5176 -50.1636 1305.8969
v -6556.1012 -48.6316 1307.6393
v -6631.1531 -46.9337 1280.9895
v -6630.5695 -48.4656 1279.2473
v -6630.5695 -48.4656 1279.2473
v -6631.1531 -46.9337 1280.9895
v -6628.6110 -38.4373 1274.3709
v -6628.0266 -39.9692 1272.6286
v -6628.0266 -39.9692 1272.6286
v -6628.6110 -38.4373 1274.3709
v -6553.5591 -40.1351 1301.0206
v -6552.9755 -41.6671 1299.2783
v -6555.5176 -50.1636 1305.8969
v -6630.5695 -48.4656 1279.2473
v -6628.0266 -39.9692 1272.6286
v -6552.9755 -41.6671 1299.2783
v -6631.1531 -46.9337 1280.9895
v -6556.1012 -48.6316 1307.6393
v -6553.5591 -40.1351 1301.0206
v -6628.6110 -38.4373 1274.3709
v -6625.4990 -65.8567 1263.8594
v -6599.3095 21.6660 1195.6802
v -6602.5864 30.2610 1205.4550
v -6628.7750 -57.2617 1273.6343
v -6628.9246 -65.7791 1262.6431
v -6632.2006 -57.1842 1272.4178
v -6606.0112 30.3385 1204.2387
v -6602.7351 21.7435 1194.4637
v -6602.5864 30.2610 1205.4550
v -6599.3095 21.6660 1195.6802
v -6602.7351 21.7435 1194.4637
v -6606.0112 30.3385 1204.2387
v -6625.4990 -65.8567 1263.8594
v -6628.7750 -57.2617 1273.6343
v -6632.2006 -57.1842 1272.4178
v -6628.9246 -65.7791 1262.6431
v -6602.5864 30.2610 1205.4550
v -6606.0112 30.3385 1204.2387
v -6632.2006 -57.1842 1272.4178
v -6628.7750 -57.2617 1273.6343
v -6599.3095 21.6660 1195.6802
v -6625.4990 -65.8567 1263.8594
v -6628.9246 -65.7791 1262.6431
v -6602.7351 21.7435 1194.4637
v -6547.0207 -67.6320 1291.7255
v -6520.8313 19.8907 1223.5464
v -6524.1081 28.4856 1233.3213
v -6550.2975 -59.0371 1301.5005
v -6550.4471 -67.5546 1290.5091
v -6553.7231 -58.9596 1300.2840
v -6527.5337 28.5631 1232.1048
v -6524.2577 19.9681 1222.3299
v -6524.1081 28.4856 1233.3213
v -6520.8313 19.8907 1223.5464
v -6524.2577 19.9681 1222.3299
v -6527.5337 28.5631 1232.1048
v -6547.0207 -67.6320 1291.7255
v -6550.2975 -59.0371 1301.5005
v -6553.7231 -58.9596 1300.2840
v -6550.4471 -67.5546 1290.5091
v -6520.8313 19.8907 1223.5464
v -6547.0207 -67.6320 1291.7255
v -6550.4471 -67.5546 1290.5091
v -6524.2577 19.9681 1222.3299
v -6524.1081 28.4856 1233.3213
v -6527.5337 28.5631 1232.1048
v -6553.7231 -58.9596 1300.2840
v -6550.2975 -59.0371 1301.5005
v -6560.7613 -9.9943 1092.0886
v -6558.3405 -20.4449 1085.5738
v -6563.3492 1.1822 1099.0561
v -6565.7692 11.6327 1105.5710
v -6564.1449 -9.9484 1090.7580
v -6561.7249 -20.3990 1084.2431
v -6566.7328 1.2281 1097.7255
v -6569.1528 11.6787 1104.2404
v -6596.7377 -75.0885 1181.3251
v -6596.5416 -73.9739 1180.8649
v -6599.9252 -73.9280 1179.5342
v -6600.1205 -75.0427 1179.9944
v -6599.2424 -62.3110 1188.1355
v -6599.6895 -62.3407 1189.2720
v -6603.0731 -62.2947 1187.9416
v -6602.6260 -62.2650 1186.8050
v -6596.2440 -73.1019 1180.1392
v -6599.6277 -73.0559 1178.8086
v -6601.2520 -51.4749 1193.6214
v -6565.7692 11.6327 1105.5710
v -6569.1528 11.6787 1104.2404
v -6604.6356 -51.4289 1192.2909
v -6596.5904 -78.6928 1180.8274
v -6596.6034 -77.2977 1180.9076
v -6599.9870 -77.2517 1179.5770
v -6599.9741 -78.6469 1179.4968
v -6598.8327 -61.9254 1187.1065
v -6602.2156 -61.8795 1185.7759
v -6600.3578 -61.0824 1191.0162
v -6600.8102 -60.4696 1192.1878
v -6604.1946 -60.4235 1190.8571
v -6603.7415 -61.0365 1189.6855
v -6558.3405 -20.4449 1085.5738
v -6593.8240 -83.5525 1173.6242
v -6597.2076 -83.5066 1172.2937
v -6561.7249 -20.3990 1084.2431
v -6596.8422 -79.9998 1181.4215
v -6600.2258 -79.9538 1180.0908
v -6601.3443 -60.5584 1193.5411
v -6604.7279 -60.5124 1192.2106
v -6595.8015 -87.0697 1178.5316
v -6597.2214 -80.9387 1182.3538
v -6600.6050 -80.8927 1181.0231
v -6599.1852 -87.0238 1177.2011
v -6595.8015 -87.0697 1178.5316
v -6599.1852 -87.0238 1177.2011
v -6601.8097 -61.1232 1194.7068
v -6603.2295 -54.9922 1198.5289
v -6606.6132 -54.9461 1197.1983
v -6605.1941 -61.0771 1193.3762
v -6597.2214 -80.9387 1182.3538
v -6600.6050 -80.8927 1181.0231
v -6603.2295 -54.9922 1198.5289
v -6606.6132 -54.9461 1197.1983
v -6601.8097 -61.1232 1194.7068
v -6605.1941 -61.0771 1193.3762
v -6596.7552 -76.1008 1181.3356
v -6600.1389 -76.0548 1180.0051
v -6565.7692 11.6327 1105.5710
v -6563.3492 1.1822 1099.0561
v -6566.7328 1.2281 1097.7255
v -6569.1528 11.6787 1104.2404
v -6600.0290 -61.9642 1190.1484
v -6603.4126 -61.9183 1188.8178
v -6560.7613 -9.9943 1092.0886
v -6558.3405 -20.4449 1085.5738
v -6561.7249 -20.3990 1084.2431
v -6564.1449 -9.9484 1090.7580
v -6483.2489 -11.0471 1122.5704
v -6480.8289 -21.4978 1116.0555
v -6485.8368 0.1293 1129.5378
v -6488.2568 10.5799 1136.0527
v -6486.6325 -11.0012 1121.2397
v -6484.2125 -21.4518 1114.7248
v -6489.2204 0.1753 1128.2071
v -6491.6405 10.6259 1134.7221
v -6519.2245 -76.1415 1211.8067
v -6519.0285 -75.0268 1211.3466
v -6522.4121 -74.9808 1210.0161
v -6522.6089 -76.0955 1210.4761
v -6521.7293 -63.3639 1218.6172
v -6522.1771 -63.3935 1219.7538
v -6525.5608 -63.3475 1218.4232
v -6525.1129 -63.3180 1217.2867
v -6518.7317 -74.1548 1210.6209
v -6522.1153 -74.1088 1209.2903
v -6523.7396 -52.5277 1224.1033
v -6488.2568 10.5799 1136.0527
v -6491.6405 10.6259 1134.7221
v -6527.1233 -52.4817 1222.7726
v -6519.0781 -79.7457 1211.3091
v -6519.0903 -78.3505 1211.3894
v -6522.4747 -78.3046 1210.0586
v -6522.4617 -79.6997 1209.9785
v -6521.3196 -62.9783 1217.5883
v -6524.7032 -62.9323 1216.2577
v -6522.8455 -62.1353 1221.4979
v -6523.2979 -61.5224 1222.6695
v -6526.6815 -61.4764 1221.3388
v -6526.2291 -62.0893 1220.1674
v -6480.8289 -21.4978 1116.0555
v -6516.3116 -84.6054 1204.1059
v -6519.6953 -84.5594 1202.7754
v -6484.2125 -21.4518 1114.7248
v -6519.3298 -81.0526 1211.9032
v -6522.7127 -81.0067 1210.5726
v -6523.8312 -61.6113 1224.0230
v -6527.2156 -61.5653 1222.6923
v -6518.2892 -88.1225 1209.0134
v -6519.7090 -81.9915 1212.8355
v -6523.0927 -81.9455 1211.5049
v -6521.6728 -88.0766 1207.6828
v -6518.2892 -88.1225 1209.0134
v -6521.6728 -88.0766 1207.6828
v -6524.2973 -62.1760 1225.1886
v -6525.7172 -56.0449 1229.0106
v -6529.1008 -55.9989 1227.6800
v -6527.6810 -62.1301 1223.8579
v -6519.7090 -81.9915 1212.8355
v -6523.0927 -81.9455 1211.5049
v -6525.7172 -56.0449 1229.0106
v -6529.1008 -55.9989 1227.6800
v -6524.2973 -62.1760 1225.1886
v -6527.6810 -62.1301 1223.8579
v -6519.2429 -77.1536 1211.8174
v -6522.6265 -77.1077 1210.4868
v -6488.2568 10.5799 1136.0527
v -6485.8368 0.1293 1129.5378
v -6489.2204 0.1753 1128.2071
v -6491.6405 10.6259 1134.7221
v -6522.5159 -63.0171 1220.6301
v -6525.9003 -62.9711 1219.2995
v -6483.2489 -11.0471 1122.5704
v -6480.8289 -21.4978 1116.0555
v -6484.2125 -21.4518 1114.7248
v -6486.6325 -11.0012 1121.2397
v -6560.7613 -9.9943 1092.0886
v -6564.1449 -9.9484 1090.7580
v -6563.3492 1.1822 1099.0561
v -6566.7328 1.2281 1097.7255
v -6483.2489 -11.0471 1122.5704
v -6486.6325 -11.0012 1121.2397
v -6485.8368 0.1293 1129.5378
v -6489.2204 0.1753 1128.2071
v -6523.1979 -23.6403 1109.3055
v -6521.5683 -23.3260 1109.4064
v -6518.9049 -18.5885 1102.7964
v -6520.3461 -18.5688 1102.2295
v -6493.9407 -24.1180 1120.9394
v -6487.6640 -24.2033 1123.4077
v -6484.7679 -19.0522 1116.2207
v -6491.0446 -18.9669 1113.7524
v -6514.1617 -23.7314 1112.8084
v -6511.5601 -23.8787 1114.0106
v -6508.6639 -18.7276 1106.8236
v -6511.3274 -18.6914 1105.7762
v -6505.8929 -23.5027 1115.5127
v -6502.7969 -23.0393 1115.9195
v -6500.4356 -18.8393 1110.0595
v -6503.2501 -18.8011 1108.9528
v -6516.3078 -23.3672 1111.4267
v -6513.6612 -18.6597 1104.8586
v -6500.6134 -22.7745 1116.3056
v -6498.4161 -18.8668 1110.8535
v -6520.1088 -22.8062 1109.1150
v -6517.7460 -18.6042 1103.2522
v -6498.6923 -22.7286 1116.9458
v -6496.5355 -18.8923 1111.5932
v -6518.8240 -22.1580 1108.5525
v -6517.7544 -22.8697 1110.0910
v -6515.3748 -18.6365 1104.1847
v -6516.8327 -18.6166 1103.6113
v -6496.8910 -22.9181 1117.9189
v -6494.6419 -18.9180 1112.3377
v -6508.6075 -23.8199 1115.0136
v -6505.7655 -18.7669 1107.9634
v -6495.1408 -23.4096 1119.3573
v -6492.6315 -18.9453 1113.1285
v -6524.7284 -23.6997 1108.8324
v -6521.8323 -18.5487 1101.6453
v -6526.1688 -23.6000 1108.1369
v -6523.3177 -18.5286 1101.0611
v -6524.7597 -18.5089 1100.4941
v -6527.4231 -23.2465 1107.1041
v -6555.5161 -23.2816 1096.7251
v -6552.6199 -18.1305 1089.5380
v -6558.8966 -18.0452 1087.0697
v -6561.7928 -23.1964 1094.2568
v -6535.1707 -23.4461 1104.5464
v -6532.3372 -18.4061 1097.5142
v -6535.0006 -18.3699 1096.4668
v -6537.8967 -23.5210 1103.6539
v -6543.0588 -22.9978 1100.8974
v -6540.4152 -18.2963 1094.3375
v -6543.2297 -18.2580 1093.2310
v -6545.5902 -22.4581 1099.0910
v -6532.6508 -23.1453 1105.0001
v -6530.0034 -18.4377 1098.4319
v -6545.2484 -18.2306 1092.4370
v -6547.4457 -22.1383 1097.8890
v -6525.9186 -18.4933 1100.0383
v -6528.2806 -22.6952 1105.9011
v -6547.1291 -18.2052 1091.6971
v -6549.2859 -22.0415 1097.0497
v -6528.8231 -22.0222 1104.6203
v -6526.8318 -18.4808 1099.6792
v -6528.2898 -18.4610 1099.1056
v -6530.6702 -22.6942 1105.0120
v -6549.0219 -18.1794 1090.9527
v -6551.2718 -22.1794 1096.5338
v -6540.7394 -23.3835 1102.3773
v -6537.8990 -18.3304 1095.3272
v -6551.0330 -18.1521 1090.1619
v -6553.5439 -22.6163 1096.3905
v -6527.7130 -79.3235 1197.9903
v -6525.8591 -79.7686 1199.3932
v -6523.2719 -75.1670 1192.9729
v -6525.3601 -75.1388 1192.1516
v -6547.5937 -79.3897 1190.7116
v -6543.8011 -79.1329 1191.7082
v -6541.4330 -74.9204 1185.8309
v -6545.0531 -74.8712 1184.4072
v -6524.2989 -80.3104 1200.8419
v -6521.4211 -75.1922 1193.7008
v -6540.1482 -78.8433 1192.6009
v -6537.9692 -74.9674 1187.1931
v -6523.4016 -80.9061 1202.1303
v -6520.1988 -75.2089 1194.1813
v -6537.2330 -78.6318 1193.3443
v -6535.1936 -75.0053 1188.2845
v -6522.8455 -81.6183 1203.4798
v -6519.2490 -75.2217 1194.5549
v -6534.9968 -78.6062 1194.1341
v -6532.9895 -75.0351 1189.1516
v -6520.3232 -81.6526 1204.4716
v -6516.7267 -75.2560 1195.5469
v -6532.6538 -78.6604 1195.0914
v -6530.6335 -75.0671 1190.0780
v -6556.4957 -79.5633 1187.6835
v -6553.8849 -79.5974 1188.7078
v -6551.1810 -74.7880 1181.9976
v -6553.7910 -74.7525 1180.9713
v -6530.2124 -78.9210 1196.4163
v -6528.0655 -75.1020 1191.0878
v -6550.7355 -79.5536 1189.8075
v -6548.0797 -74.8301 1183.2171
v -6584.5741 -78.5511 1175.6296
v -6582.2212 -74.3664 1169.7910
v -6584.3094 -74.3381 1168.9697
v -6586.8973 -78.9396 1175.3901
v -6565.0688 -79.1523 1183.8398
v -6562.5275 -74.6339 1177.5354
v -6566.1484 -74.5847 1176.1117
v -6568.5165 -78.7971 1181.9890
v -6586.1603 -74.3129 1168.2421
v -6589.0381 -79.4311 1175.3832
v -6569.6129 -74.5376 1174.7494
v -6571.7911 -78.4135 1180.1571
v -6587.3825 -74.2963 1167.7613
v -6590.5861 -79.9934 1175.7102
v -6572.3877 -74.5000 1173.6582
v -6574.4263 -78.1265 1178.7180
v -6588.3324 -74.2833 1167.3878
v -6591.9296 -80.6799 1176.3124
v -6574.5926 -74.4700 1172.7911
v -6576.5999 -78.0411 1177.7738
v -6590.8554 -74.2492 1166.3958
v -6594.4519 -80.6457 1175.3206
v -6576.9485 -74.4380 1171.8647
v -6578.9688 -78.0312 1176.8782
v -6556.4003 -74.7171 1179.9450
v -6559.1049 -79.5265 1186.6552
v -6579.5158 -74.4031 1170.8548
v -6581.6635 -78.2221 1176.1833
v -6559.5016 -74.6750 1178.7255
v -6562.1574 -79.3984 1185.3159
v -6522.6936 -25.8181 1107.9477
v -6519.8425 -20.7467 1100.8718
v -6518.4006 -20.7663 1101.4387
v -6521.0648 -25.5038 1108.0486
v -6493.4364 -26.2958 1119.5818
v -6490.5403 -21.1446 1112.3948
v -6484.2636 -21.2299 1114.8631
v -6487.1597 -26.3810 1122.0502
v -6513.6566 -25.9092 1111.4508
v -6510.8231 -20.8691 1104.4186
v -6508.1596 -20.9054 1105.4661
v -6511.0558 -26.0564 1112.6531
v -6505.3886 -25.6804 1114.1550
v -6502.7451 -20.9789 1107.5952
v -6499.9313 -21.0172 1108.7019
v -6502.2926 -25.2172 1114.5618
v -6515.8035 -25.5451 1110.0691
v -6513.1569 -20.8375 1103.5009
v -6497.9118 -21.0446 1109.4958
v -6500.1099 -24.9523 1114.9479
v -6517.2417 -20.7821 1101.8944
v -6519.6045 -24.9840 1107.7574
v -6496.0312 -21.0701 1110.2356
v -6498.1880 -24.9064 1115.5882
v -6518.3197 -24.3358 1107.1948
v -6516.3284 -20.7944 1102.2537
v -6514.8705 -20.8142 1102.8271
v -6517.2501 -25.0474 1108.7334
v -6494.1376 -21.0957 1110.9800
v -6496.3867 -25.0959 1116.5611
v -6508.1024 -25.9978 1113.6559
v -6505.2620 -20.9447 1106.6057
v -6492.1265 -21.1231 1111.7710
v -6494.6365 -25.5874 1117.9996
v -6524.2241 -25.8776 1107.4747
v -6521.3280 -20.7265 1100.2876
v -6525.6653 -25.7778 1106.7793
v -6526.9188 -25.4242 1105.7465
v -6524.2554 -20.6867 1099.1364
v -6522.8134 -20.7064 1099.7033
v -6555.0125 -25.4593 1095.3674
v -6561.2885 -25.3742 1092.8990
v -6558.3923 -20.2231 1085.7121
v -6552.1156 -20.3082 1088.1804
v -6534.6664 -25.6238 1103.1887
v -6537.3924 -25.6988 1102.2962
v -6534.4963 -20.5477 1095.1092
v -6531.8329 -20.5838 1096.1567
v -6542.5537 -25.1755 1099.5398
v -6545.0867 -24.6359 1097.7333
v -6542.7246 -20.4358 1091.8733
v -6539.9109 -20.4740 1092.9800
v -6532.1457 -25.3230 1103.6425
v -6529.4991 -20.6155 1097.0743
v -6546.9406 -24.3161 1096.5315
v -6544.7441 -20.4084 1091.0793
v -6527.7763 -24.8730 1104.5436
v -6525.4143 -20.6710 1098.6807
v -6548.7823 -24.2192 1095.6923
v -6546.6248 -20.3829 1090.3396
v -6528.3188 -24.2000 1103.2626
v -6530.1659 -24.8720 1103.6545
v -6527.7855 -20.6388 1097.7481
v -6526.3275 -20.6586 1098.3215
v -6550.7675 -24.3573 1095.1761
v -6548.5184 -20.3572 1089.5950
v -6540.2359 -25.5613 1101.0197
v -6537.3947 -20.5082 1093.9694
v -6553.0388 -24.7941 1095.0331
v -6550.5295 -20.3299 1088.8042
v -6527.2087 -81.5011 1196.6328
v -6524.8558 -77.3164 1190.7940
v -6522.7676 -77.3449 1191.6153
v -6525.3548 -81.9465 1198.0355
v -6547.0894 -81.5675 1189.3541
v -6544.5488 -77.0490 1183.0496
v -6540.9286 -77.0982 1184.4732
v -6543.2976 -81.3105 1190.3506
v -6520.9167 -77.3701 1192.3431
v -6523.7946 -82.4882 1199.4843
v -6537.4649 -77.1453 1185.8356
v -6539.6439 -81.0211 1191.2432
v -6519.6945 -77.3866 1192.8238
v -6522.8973 -83.0837 1200.7728
v -6534.6893 -77.1829 1186.9269
v -6536.7287 -80.8094 1191.9868
v -6518.7447 -77.3995 1193.1973
v -6522.3412 -83.7960 1202.1221
v -6532.4844 -77.2129 1187.7939
v -6534.4925 -80.7839 1192.7765
v -6516.2216 -77.4339 1194.1893
v -6519.8181 -83.8304 1203.1139
v -6530.1285 -77.2449 1188.7203
v -6532.1487 -80.8382 1193.7338
v -6555.9914 -81.7410 1186.3258
v -6553.2860 -76.9304 1179.6137
v -6550.6760 -76.9658 1180.6400
v -6553.3806 -81.7752 1187.3501
v -6527.5604 -77.2797 1189.7303
v -6529.7081 -81.0988 1195.0587
v -6547.5754 -77.0079 1181.8594
v -6550.2312 -81.7314 1188.4499
v -6584.0698 -80.7289 1174.2720
v -6586.3922 -81.1174 1174.0324
v -6583.8051 -76.5158 1167.6122
v -6581.7169 -76.5442 1168.4334
v -6564.5645 -81.3301 1182.4821
v -6568.0122 -80.9749 1180.6314
v -6565.6433 -76.7625 1174.7541
v -6562.0239 -76.8116 1176.1778
v -6588.5345 -81.6088 1174.0254
v -6585.6560 -76.4907 1166.8842
v -6571.2875 -80.5912 1178.7996
v -6569.1078 -76.7154 1173.3919
v -6590.0818 -82.1712 1174.3526
v -6586.8782 -76.4741 1166.4036
v -6573.9220 -80.3043 1177.3604
v -6571.8834 -76.6778 1172.3005
v -6591.4246 -82.8577 1174.9550
v -6587.8281 -76.4611 1166.0301
v -6576.0956 -80.2189 1176.4160
v -6574.0883 -76.6477 1171.4334
v -6593.9468 -82.8236 1173.9630
v -6590.3503 -76.4269 1165.0381
v -6578.4645 -80.2090 1175.5205
v -6576.4435 -76.6158 1170.5070
v -6558.5999 -81.7042 1185.2976
v -6555.8960 -76.8949 1178.5874
v -6581.1592 -80.4000 1174.8257
v -6579.0115 -76.5809 1169.4971
v -6561.6531 -81.5761 1183.9584
v -6558.9973 -76.8527 1177.3680
v -6551.1810 -74.7880 1181.9976
v -6548.0797 -74.8301 1183.2171
v -6547.5754 -77.0079 1181.8594
v -6550.6760 -76.9658 1180.6400
v -6540.4152 -18.2963 1094.3375
v -6537.8990 -18.3304 1095.3272
v -6537.3947 -20.5082 1093.9694
v -6539.9109 -20.4740 1092.9800
v -6582.2212 -74.3664 1169.7910
v -6579.5158 -74.4031 1170.8548
v -6579.0115 -76.5809 1169.4971
v -6581.7169 -76.5442 1168.4334
v -6505.7655 -18.7669 1107.9634
v -6503.2501 -18.8011 1108.9528
v -6502.7451 -20.9789 1107.5952
v -6505.2620 -20.9447 1106.6057
v -6553.7910 -74.7525 1180.9713
v -6553.2860 -76.9304 1179.6137
v -6535.0006 -18.3699 1096.4668
v -6534.4963 -20.5477 1095.1092
v -6584.3094 -74.3381 1168.9697
v -6583.8051 -76.5158 1167.6122
v -6521.8323 -18.5487 1101.6453
v -6520.3461 -18.5688 1102.2295
v -6519.8425 -20.7467 1100.8718
v -6521.3280 -20.7265 1100.2876
v -6545.0531 -74.8712 1184.4072
v -6541.4330 -74.9204 1185.8309
v -6540.9286 -77.0982 1184.4732
v -6544.5488 -77.0490 1183.0496
v -6558.8966 -18.0452 1087.0697
v -6552.6199 -18.1305 1089.5380
v -6552.1156 -20.3082 1088.1804
v -6558.3923 -20.2231 1085.7121
v -6586.1603 -74.3129 1168.2421
v -6585.6560 -76.4907 1166.8842
v -6508.6639 -18.7276 1106.8236
v -6508.1596 -20.9054 1105.4661
v -6537.9692 -74.9674 1187.1931
v -6537.4649 -77.1453 1185.8356
v -6543.2297 -18.2580 1093.2310
v -6542.7246 -20.4358 1091.8733
v -6587.3825 -74.2963 1167.7613
v -6586.8782 -76.4741 1166.4036
v -6491.0446 -18.9669 1113.7524
v -6484.7679 -19.0522 1116.2207
v -6484.2636 -21.2299 1114.8631
v -6490.5403 -21.1446 1112.3948
v -6535.1936 -75.0053 1188.2845
v -6534.6893 -77.1829 1186.9269
v -6545.2484 -18.2306 1092.4370
v -6544.7441 -20.4084 1091.0793
v -6588.3324 -74.2833 1167.3878
v -6587.8281 -76.4611 1166.0301
v -6500.4356 -18.8393 1110.0595
v -6499.9313 -21.0172 1108.7019
v -6532.9895 -75.0351 1189.1516
v -6532.4844 -77.2129 1187.7939
v -6547.1291 -18.2052 1091.6971
v -6546.6248 -20.3829 1090.3396
v -6590.8554 -74.2492 1166.3958
v -6590.3503 -76.4269 1165.0381
v -6498.4161 -18.8668 1110.8535
v -6497.9118 -21.0446 1109.4958
v -6530.6335 -75.0671 1190.0780
v -6530.1285 -77.2449 1188.7203
v -6549.0219 -18.1794 1090.9527
v -6548.5184 -20.3572 1089.5950
v -6496.5355 -18.8923 1111.5932
v -6496.0312 -21.0701 1110.2356
v -6528.0655 -75.1020 1191.0878
v -6527.5604 -77.2797 1189.7303
v -6551.0330 -18.1521 1090.1619
v -6550.5295 -20.3299 1088.8042
v -6494.6419 -18.9180 1112.3377
v -6494.1376 -21.0957 1110.9800
v -6525.3601 -75.1388 1192.1516
v -6524.8558 -77.3164 1190.7940
v -6492.6315 -18.9453 1113.1285
v -6492.1265 -21.1231 1111.7710
v -6523.2719 -75.1670 1192.9729
v -6522.7676 -77.3449 1191.6153
v -6524.7597 -18.5089 1100.4941
v -6523.3177 -18.5286 1101.0611
v -6522.8134 -20.7064 1099.7033
v -6524.2554 -20.6867 1099.1364
v -6521.4211 -75.1922 1193.7008
v -6520.9167 -77.3701 1192.3431
v -6532.3372 -18.4061 1097.5142
v -6531.8329 -20.5838 1096.1567
v -6518.9049 -18.5885 1102.7964
v -6518.4006 -20.7663 1101.4387
v -6520.1988 -75.2089 1194.1813
v -6519.6945 -77.3866 1192.8238
v -6530.0034 -18.4377 1098.4319
v -6529.4991 -20.6155 1097.0743
v -6511.3274 -18.6914 1105.7762
v -6510.8231 -20.8691 1104.4186
v -6519.2490 -75.2217 1194.5549
v -6518.7447 -77.3995 1193.1973
v -6525.9186 -18.4933 1100.0383
v -6525.4143 -20.6710 1098.6807
v -6513.6612 -18.6597 1104.8586
v -6513.1569 -20.8375 1103.5009
v -6516.7267 -75.2560 1195.5469
v -6516.2216 -77.4339 1194.1893
v -6528.2898 -18.4610 1099.1056
v -6526.8318 -18.4808 1099.6792
v -6526.3275 -20.6586 1098.3215
v -6527.7855 -20.6388 1097.7481
v -6517.7460 -18.6042 1103.2522
v -6517.2417 -20.7821 1101.8944
v -6516.8327 -18.6166 1103.6113
v -6515.3748 -18.6365 1104.1847
v -6514.8705 -20.8142 1102.8271
v -6516.3284 -20.7944 1102.2537
v -6594.4519 -80.6457 1175.3206
v -6590.8554 -74.2492 1166.3958
v -6590.3503 -76.4269 1165.0381
v -6593.9468 -82.8236 1173.9630
v -6561.7928 -23.1964 1094.2568
v -6558.8966 -18.0452 1087.0697
v -6558.3923 -20.2231 1085.7121
v -6561.2885 -25.3742 1092.8990
v -6484.7679 -19.0522 1116.2207
v -6487.6640 -24.2033 1123.4077
v -6487.1597 -26.3810 1122.0502
v -6484.2636 -21.2299 1114.8631
v -6556.4957 -79.5633 1187.6835
v -6559.1049 -79.5265 1186.6552
v -6558.5999 -81.7042 1185.2976
v -6555.9914 -81.7410 1186.3258
v -6556.4003 -74.7171 1179.9450
v -6555.8960 -76.8949 1178.5874
v -6516.7267 -75.2560 1195.5469
v -6520.3232 -81.6526 1204.4716
v -6519.8181 -83.8304 1203.1139
v -6516.2216 -77.4339 1194.1893
v -6562.1574 -79.3984 1185.3159
v -6561.6531 -81.5761 1183.9584
v -6565.0688 -79.1523 1183.8398
v -6564.5645 -81.3301 1182.4821
v -6568.5165 -78.7971 1181.9890
v -6568.0122 -80.9749 1180.6314
v -6571.7911 -78.4135 1180.1571
v -6571.2875 -80.5912 1178.7996
v -6524.7284 -23.6997 1108.8324
v -6526.1688 -23.6000 1108.1369
v -6525.6653 -25.7778 1106.7793
v -6524.2241 -25.8776 1107.4747
v -6574.4263 -78.1265 1178.7180
v -6573.9220 -80.3043 1177.3604
v -6576.5999 -78.0411 1177.7738
v -6576.0956 -80.2189 1176.4160
v -6505.8929 -23.5027 1115.5127
v -6508.6075 -23.8199 1115.0136
v -6508.1024 -25.9978 1113.6559
v -6505.3886 -25.6804 1114.1550
v -6553.8849 -79.5974 1188.7078
v -6553.3806 -81.7752 1187.3501
v -6540.7394 -23.3835 1102.3773
v -6543.0588 -22.9978 1100.8974
v -6542.5537 -25.1755 1099.5398
v -6540.2359 -25.5613 1101.0197
v -6578.9688 -78.0312 1176.8782
v -6578.4645 -80.2090 1175.5205
v -6523.1979 -23.6403 1109.3055
v -6522.6936 -25.8181 1107.9477
v -6550.7355 -79.5536 1189.8075
v -6550.2312 -81.7314 1188.4499
v -6537.8967 -23.5210 1103.6539
v -6537.3924 -25.6988 1102.2962
v -6581.6635 -78.2221 1176.1833
v -6581.1592 -80.4000 1174.8257
v -6511.5601 -23.8787 1114.0106
v -6511.0558 -26.0564 1112.6531
v -6547.5937 -79.3897 1190.7116
v -6547.0894 -81.5675 1189.3541
v -6555.5161 -23.2816 1096.7251
v -6561.7928 -23.1964 1094.2568
v -6561.2885 -25.3742 1092.8990
v -6555.0125 -25.4593 1095.3674
v -6584.5741 -78.5511 1175.6296
v -6584.0698 -80.7289 1174.2720
v -6487.6640 -24.2033 1123.4077
v -6493.9407 -24.1180 1120.9394
v -6493.4364 -26.2958 1119.5818
v -6487.1597 -26.3810 1122.0502
v -6543.8011 -79.1329 1191.7082
v -6543.2976 -81.3105 1190.3506
v -6545.5902 -22.4581 1099.0910
v -6545.0867 -24.6359 1097.7333
v -6586.8973 -78.9396 1175.3901
v -6586.3922 -81.1174 1174.0324
v -6502.7969 -23.0393 1115.9195
v -6502.2926 -25.2172 1114.5618
v -6540.1482 -78.8433 1192.6009
v -6539.6439 -81.0211 1191.2432
v -6547.4457 -22.1383 1097.8890
v -6546.9406 -24.3161 1096.5315
v -6589.0381 -79.4311 1175.3832
v -6588.5345 -81.6088 1174.0254
v -6500.6134 -22.7745 1116.3056
v -6500.1099 -24.9523 1114.9479
v -6537.2330 -78.6318 1193.3443
v -6536.7287 -80.8094 1191.9868
v -6549.2859 -22.0415 1097.0497
v -6548.7823 -24.2192 1095.6923
v -6590.5861 -79.9934 1175.7102
v -6590.0818 -82.1712 1174.3526
v -6498.6923 -22.7286 1116.9458
v -6498.1880 -24.9064 1115.5882
v -6534.9968 -78.6062 1194.1341
v -6534.4925 -80.7839 1192.7765
v -6551.2718 -22.1794 1096.5338
v -6550.7675 -24.3573 1095.1761
v -6591.9296 -80.6799 1176.3124
v -6591.4246 -82.8577 1174.9550
v -6496.8910 -22.9181 1117.9189
v -6496.3867 -25.0959 1116.5611
v -6532.6538 -78.6604 1195.0914
v -6532.1487 -80.8382 1193.7338
v -6553.5439 -22.6163 1096.3905
v -6553.0388 -24.7941 1095.0331
v -6591.9296 -80.6799 1176.3124
v -6594.4519 -80.6457 1175.3206
v -6593.9468 -82.8236 1173.9630
v -6591.4246 -82.8577 1174.9550
v -6495.1408 -23.4096 1119.3573
v -6494.6365 -25.5874 1117.9996
v -6530.2124 -78.9210 1196.4163
v -6529.7081 -81.0988 1195.0587
v -6555.5161 -23.2816 1096.7251
v -6555.0125 -25.4593 1095.3674
v -6562.5275 -74.6339 1177.5354
v -6559.5016 -74.6750 1178.7255
v -6558.9973 -76.8527 1177.3680
v -6562.0239 -76.8116 1176.1778
v -6493.9407 -24.1180 1120.9394
v -6493.4364 -26.2958 1119.5818
v -6527.7130 -79.3235 1197.9903
v -6527.2087 -81.5011 1196.6328
v -6527.4231 -23.2465 1107.1041
v -6526.9188 -25.4242 1105.7465
v -6521.5683 -23.3260 1109.4064
v -6521.0648 -25.5038 1108.0486
v -6525.8591 -79.7686 1199.3932
v -6525.3548 -81.9465 1198.0355
v -6535.1707 -23.4461 1104.5464
v -6534.6664 -25.6238 1103.1887
v -6566.1484 -74.5847 1176.1117
v -6565.6433 -76.7625 1174.7541
v -6514.1617 -23.7314 1112.8084
v -6513.6566 -25.9092 1111.4508
v -6524.2989 -80.3104 1200.8419
v -6523.7946 -82.4882 1199.4843
v -6532.6508 -23.1453 1105.0001
v -6532.1457 -25.3230 1103.6425
v -6569.6129 -74.5376 1174.7494
v -6569.1078 -76.7154 1173.3919
v -6516.3078 -23.3672 1111.4267
v -6515.8035 -25.5451 1110.0691
v -6523.4016 -80.9061 1202.1303
v -6522.8973 -83.0837 1200.7728
v -6528.2806 -22.6952 1105.9011
v -6527.7763 -24.8730 1104.5436
v -6572.3877 -74.5000 1173.6582
v -6571.8834 -76.6778 1172.3005
v -6520.1088 -22.8062 1109.1150
v -6519.6045 -24.9840 1107.7574
v -6522.8455 -81.6183 1203.4798
v -6522.3412 -83.7960 1202.1221
v -6528.8231 -22.0222 1104.6203
v -6530.6702 -22.6942 1105.0120
v -6530.1659 -24.8720 1103.6545
v -6528.3188 -24.2000 1103.2626
v -6574.5926 -74.4700 1172.7911
v -6574.0883 -76.6477 1171.4334
v -6517.7544 -22.8697 1110.0910
v -6518.8240 -22.1580 1108.5525
v -6518.3197 -24.3358 1107.1948
v -6517.2501 -25.0474 1108.7334
v -6520.3232 -81.6526 1204.4716
v -6522.8455 -81.6183 1203.4798
v -6522.3412 -83.7960 1202.1221
v -6519.8181 -83.8304 1203.1139
v -6528.8231 -22.0222 1104.6203
v -6528.3188 -24.2000 1103.2626
v -6576.9485 -74.4380 1171.8647
v -6576.4435 -76.6158 1170.5070
v -6518.8240 -22.1580 1108.5525
v -6518.3197 -24.3358 1107.1948
v -6516.1606 -77.6978 1194.0247
v -6515.4160 -76.3733 1192.1768
v -6522.2885 -46.6954 1210.6779
v -6523.0331 -48.0199 1212.5258
v -6523.0331 -48.0199 1212.5258
v -6522.2885 -46.6954 1210.6779
v -6596.4172 -45.6885 1181.5269
v -6597.1619 -47.0130 1183.3748
v -6597.1619 -47.0130 1183.3748
v -6596.4172 -45.6885 1181.5269
v -6589.5447 -75.3665 1163.0257
v -6590.2893 -76.6909 1164.8735
v -6590.2893 -76.6909 1164.8735
v -6589.5447 -75.3665 1163.0257
v -6515.4160 -76.3733 1192.1768
v -6516.1606 -77.6978 1194.0247
v -6523.0331 -48.0199 1212.5258
v -6597.1619 -47.0130 1183.3748
v -6590.2893 -76.6909 1164.8735
v -6516.1606 -77.6978 1194.0247
v -6596.4172 -45.6885 1181.5269
v -6522.2885 -46.6954 1210.6779
v -6515.4160 -76.3733 1192.1768
v -6589.5447 -75.3665 1163.0257
v -6505.7655 -59.2099 1168.2295
v -6505.0209 -57.8855 1166.3815
v -6511.8935 -28.2075 1184.8827
v -6512.6381 -29.5320 1186.7308
v -6512.6381 -29.5320 1186.7308
v -6511.8935 -28.2075 1184.8827
v -6586.0222 -27.2006 1155.7317
v -6586.7676 -28.5251 1157.5796
v -6586.7676 -28.5251 1157.5796
v -6586.0222 -27.2006 1155.7317
v -6579.1496 -56.8786 1137.2305
v -6579.8950 -58.2030 1139.0784
v -6579.8950 -58.2030 1139.0784
v -6579.1496 -56.8786 1137.2305
v -6505.0209 -57.8855 1166.3815
v -6505.7655 -59.2099 1168.2295
v -6512.6381 -29.5320 1186.7308
v -6586.7676 -28.5251 1157.5796
v -6579.8950 -58.2030 1139.0784
v -6505.7655 -59.2099 1168.2295
v -6586.0222 -27.2006 1155.7317
v -6511.8935 -28.2075 1184.8827
v -6505.0209 -57.8855 1166.3815
v -6579.1496 -56.8786 1137.2305
v -6496.2097 -42.2144 1144.5165
v -6495.4651 -40.8899 1142.6685
v -6502.3376 -11.2119 1161.1698
v -6503.0823 -12.5364 1163.0177
v -6503.0823 -12.5364 1163.0177
v -6502.3376 -11.2119 1161.1698
v -6576.4664 -10.2051 1132.0187
v -6577.2110 -11.5295 1133.8667
v -6577.2110 -11.5295 1133.8667
v -6576.4664 -10.2051 1132.0187
v -6569.5938 -39.8830 1113.5174
v -6570.3384 -41.2074 1115.3654
v -6570.3384 -41.2074 1115.3654
v -6569.5938 -39.8830 1113.5174
v -6495.4651 -40.8899 1142.6685
v -6496.2097 -42.2144 1144.5165
v -6503.0823 -12.5364 1163.0177
v -6577.2110 -11.5295 1133.8667
v -6570.3384 -41.2074 1115.3654
v -6496.2097 -42.2144 1144.5165
v -6576.4664 -10.2051 1132.0187
v -6502.3376 -11.2119 1161.1698
v -6495.4651 -40.8899 1142.6685
v -6569.5938 -39.8830 1113.5174
v -6477.8999 -23.4128 1115.8629
v -6477.1553 -22.0884 1114.0150
v -6485.4546 13.7516 1136.3577
v -6486.2000 12.4272 1138.2057
v -6486.2000 12.4272 1138.2057
v -6485.4546 13.7516 1136.3577
v -6571.3364 14.9182 1102.5848
v -6572.0810 13.5937 1104.4329
v -6572.0810 13.5937 1104.4329
v -6571.3364 14.9182 1102.5848
v -6563.0371 -20.9218 1080.2422
v -6563.7817 -22.2463 1082.0902
v -6563.7817 -22.2463 1082.0902
v -6563.0371 -20.9218 1080.2422
v -6477.1553 -22.0884 1114.0150
v -6477.8999 -23.4128 1115.8629
v -6486.2000 12.4272 1138.2057
v -6572.0810 13.5937 1104.4329
v -6563.7817 -22.2463 1082.0902
v -6477.8999 -23.4128 1115.8629
v -6570.2011 14.2254 1102.2800
v -6486.0947 13.0830 1135.3548
v -6478.1631 -21.1681 1114.0025
v -6562.2696 -20.0257 1080.9278
v -6477.7519 -21.6395 1114.0963
v -6485.8467 13.3163 1135.8879
v -6485.4546 13.7516 1136.3577
v -6477.1553 -22.0884 1114.0150
v -6570.7397 14.4693 1102.5036
v -6571.3364 14.9182 1102.5848
v -6562.6457 -20.4865 1080.7119
v -6563.0371 -20.9218 1080.2422
v -6477.7519 -21.6395 1114.0963
v -6477.1553 -22.0884 1114.0150
v -6478.1631 -21.1681 1114.0025
v -6486.0947 13.0830 1135.3548
v -6485.8467 13.3163 1135.8879
v -6477.7519 -21.6395 1114.0963
v -6486.0947 13.0830 1135.3548
v -6570.2011 14.2254 1102.2800
v -6570.7397 14.4693 1102.5036
v -6485.8467 13.3163 1135.8879
v -6570.2011 14.2254 1102.2800
v -6562.2696 -20.0257 1080.9278
v -6562.6457 -20.4865 1080.7119
v -6570.7397 14.4693 1102.5036
v -6562.2696 -20.0257 1080.9278
v -6478.1631 -21.1681 1114.0025
v -6477.7519 -21.6395 1114.0963
v -6562.6457 -20.4865 1080.7119
v -6491.1789 8.6337 1133.4801
v -6491.4719 9.8997 1134.2693
v -6522.5815 -45.4295 1211.4672
v -6522.2885 -46.6954 1210.6779
v -6522.2885 -46.6954 1210.6779
v -6522.5815 -45.4295 1211.4672
v -6596.7102 -44.4225 1182.3160
v -6596.4172 -45.6885 1181.5269
v -6596.4172 -45.6885 1181.5269
v -6596.7102 -44.4225 1182.3160
v -6565.6013 10.9066 1105.1184
v -6565.3076 9.6407 1104.3291
v -6565.3076 9.6407 1104.3291
v -6565.6013 10.9066 1105.1184
v -6491.4719 9.8997 1134.2693
v -6491.1789 8.6337 1133.4801
v -6522.2885 -46.6954 1210.6779
v -6596.4172 -45.6885 1181.5269
v -6565.3076 9.6407 1104.3291
v -6491.1789 8.6337 1133.4801
v -6596.7102 -44.4225 1182.3160
v -6522.5815 -45.4295 1211.4672
v -6491.4719 9.8997 1134.2693
v -6565.6013 10.9066 1105.1184
v -6522.2885 -46.6954 1210.6779
v -6522.7501 -44.7033 1211.9199
v -6526.1948 -50.8296 1220.4676
v -6525.7332 -52.8218 1219.2256
v -6525.7332 -52.8218 1219.2256
v -6526.1948 -50.8296 1220.4676
v -6600.3235 -49.8227 1191.3164
v -6599.8619 -51.8148 1190.0745
v -6599.8619 -51.8148 1190.0745
v -6600.3235 -49.8227 1191.3164
v -6596.8788 -43.6965 1182.7687
v -6596.4172 -45.6885 1181.5269
v -6596.4172 -45.6885 1181.5269
v -6596.8788 -43.6965 1182.7687
v -6522.7501 -44.7033 1211.9199
v -6522.2885 -46.6954 1210.6779
v -6525.7332 -52.8218 1219.2256
v -6599.8619 -51.8148 1190.0745
v -6596.4172 -45.6885 1181.5269
v -6522.2885 -46.6954 1210.6779
v -6600.3235 -49.8227 1191.3164
v -6526.1948 -50.8296 1220.4676
v -6522.7501 -44.7033 1211.9199
v -6596.8788 -43.6965 1182.7687
v -6596.2440 -73.1019 1180.1392
v -6560.7613 -9.9943 1092.0886
v -6563.3492 1.1822 1099.0561
v -6598.8327 -61.9254 1187.1065
v -6599.6277 -73.0559 1178.8086
v -6602.2156 -61.8795 1185.7759
v -6566.7328 1.2281 1097.7255
v -6564.1449 -9.9484 1090.7580
v -6563.3492 1.1822 1099.0561
v -6560.7613 -9.9943 1092.0886
v -6564.1449 -9.9484 1090.7580
v -6566.7328 1.2281 1097.7255
v -6596.2440 -73.1019 1180.1392
v -6598.8327 -61.9254 1187.1065
v -6602.2156 -61.8795 1185.7759
v -6599.6277 -73.0559 1178.8086
v -6563.3492 1.1822 1099.0561
v -6566.7328 1.2281 1097.7255
v -6602.2156 -61.8795 1185.7759
v -6598.8327 -61.9254 1187.1065
v -6560.7613 -9.9943 1092.0886
v -6596.2440 -73.1019 1180.1392
v -6599.6277 -73.0559 1178.8086
v -6564.1449 -9.9484 1090.7580
v -6518.7317 -74.1548 1210.6209
v -6483.2489 -11.0471 1122.5704
v -6485.8368 0.1293 1129.5378
v -6521.3196 -62.9783 1217.5883
v -6522.1153 -74.1088 1209.2903
v -6524.7032 -62.9323 1216.2577
v -6489.2204 0.1753 1128.2071
v -6486.6325 -11.0012 1121.2397
v -6485.8368 0.1293 1129.5378
v -6483.2489 -11.0471 1122.5704
v -6486.6325 -11.0012 1121.2397
v -6489.2204 0.1753 1128.2071
v -6518.7317 -74.1548 1210.6209
v -6521.3196 -62.9783 1217.5883
v -6524.7032 -62.9323 1216.2577
v -6522.1153 -74.1088 1209.2903
v -6483.2489 -11.0471 1122.5704
v -6518.7317 -74.1548 1210.6209
v -6522.1153 -74.1088 1209.2903
v -6486.6325 -11.0012 1121.2397
v -6485.8368 0.1293 1129.5378
v -6489.2204 0.1753 1128.2071
v -6524.7032 -62.9323 1216.2577
v -6521.3196 -62.9783 1217.5883
vt 0.32836 0.36368
vt 0.32678 0.36460
vt 0.33302 0.37407
vt 0.32836 0.38899
vt 0.33302 0.37861
vt 0.32678 0.38807
vt 0.32509 0.36488
vt 0.32509 0.37407
vt 0.32924 0.36218
vt 0.32959 0.36062
vt 0.33031 0.35958
vt 0.33160 0.35877
vt 0.33302 0.35840
vt 0.61946 0.67739
vt 0.61946 0.68532
vt 0.62865 0.68532
vt 0.62893 0.68363
vt 0.62984 0.68205
vt 0.63134 0.68117
vt 0.63290 0.68082
vt 0.63394 0.68010
vt 0.63476 0.67881
vt 0.63512 0.67739
vt 0.32509 0.38779
vt 0.32509 0.37861
vt 0.32924 0.39049
vt 0.32959 0.39205
vt 0.33031 0.39309
vt 0.33160 0.39390
vt 0.33302 0.39427
vt 0.61492 0.67739
vt 0.60573 0.68532
vt 0.61492 0.68532
vt 0.60545 0.68363
vt 0.60454 0.68205
vt 0.60303 0.68117
vt 0.60147 0.68082
vt 0.60043 0.68010
vt 0.59962 0.67881
vt 0.59926 0.67739
vt 0.60355 0.99195
vt 0.60446 0.99352
vt 0.61393 0.98729
vt 0.62885 0.99195
vt 0.61847 0.98729
vt 0.62794 0.99352
vt 0.60474 0.99522
vt 0.61393 0.99522
vt 0.60204 0.99107
vt 0.60048 0.99071
vt 0.59944 0.99000
vt 0.59863 0.98871
vt 0.59826 0.98729
vt 0.59838 0.38743
vt 0.59838 0.37950
vt 0.58919 0.37950
vt 0.58891 0.38120
vt 0.58800 0.38277
vt 0.58649 0.38365
vt 0.58494 0.38401
vt 0.58390 0.38472
vt 0.58308 0.38601
vt 0.58272 0.38743
vt 0.62766 0.99522
vt 0.61847 0.99522
vt 0.63036 0.99107
vt 0.63191 0.99071
vt 0.63295 0.99000
vt 0.63377 0.98871
vt 0.63413 0.98729
vt 0.60292 0.38743
vt 0.61211 0.37950
vt 0.60292 0.37950
vt 0.61239 0.38120
vt 0.61330 0.38277
vt 0.61481 0.38365
vt 0.61637 0.38401
vt 0.61741 0.38472
vt 0.61822 0.38601
vt 0.61858 0.38743
vt 0.48728 0.49004
vt 0.48637 0.48847
vt 0.47690 0.49471
vt 0.46198 0.49004
vt 0.47236 0.49471
vt 0.46289 0.48847
vt 0.48609 0.48678
vt 0.47690 0.48678
vt 0.48878 0.49093
vt 0.49034 0.49128
vt 0.49138 0.49200
vt 0.49220 0.49329
vt 0.49256 0.49471
vt 0.17287 0.40172
vt 0.16494 0.40172
vt 0.16494 0.41091
vt 0.16663 0.41119
vt 0.16820 0.41211
vt 0.16909 0.41361
vt 0.16944 0.41517
vt 0.17016 0.41621
vt 0.17145 0.41702
vt 0.17287 0.41739
vt 0.46317 0.48678
vt 0.47236 0.48678
vt 0.46047 0.49093
vt 0.45891 0.49128
vt 0.45787 0.49200
vt 0.45706 0.49329
vt 0.45669 0.49471
vt 0.17287 0.39718
vt 0.16494 0.38799
vt 0.16494 0.39718
vt 0.16663 0.38771
vt 0.16820 0.38680
vt 0.16909 0.38530
vt 0.16944 0.38374
vt 0.17016 0.38270
vt 0.17145 0.38188
vt 0.17287 0.38152
vt 0.54827 0.67752
vt 0.54919 0.67909
vt 0.55866 0.67285
vt 0.57358 0.67752
vt 0.56320 0.67285
vt 0.57267 0.67909
vt 0.54947 0.68078
vt 0.55866 0.68078
vt 0.54677 0.67663
vt 0.54521 0.67628
vt 0.54417 0.67556
vt 0.54336 0.67427
vt 0.54299 0.67285
vt 0.56065 0.98729
vt 0.56065 0.99522
vt 0.56984 0.99522
vt 0.57012 0.99352
vt 0.57103 0.99195
vt 0.57254 0.99107
vt 0.57410 0.99071
vt 0.57514 0.98999
vt 0.57595 0.98871
vt 0.57631 0.98729
vt 0.57239 0.68078
vt 0.56320 0.68078
vt 0.57508 0.67663
vt 0.57664 0.67628
vt 0.57768 0.67556
vt 0.57850 0.67427
vt 0.57886 0.67285
vt 0.55611 0.98729
vt 0.54692 0.99522
vt 0.55611 0.99522
vt 0.54664 0.99352
vt 0.54573 0.99195
vt 0.54422 0.99107
vt 0.54267 0.99071
vt 0.54163 0.98999
vt 0.54081 0.98871
vt 0.54045 0.98729
vt 0.42189 0.99195
vt 0.42281 0.99352
vt 0.43228 0.98729
vt 0.44720 0.99195
vt 0.43682 0.98729
vt 0.44629 0.99352
vt 0.42309 0.99522
vt 0.43228 0.99522
vt 0.42039 0.99107
vt 0.41883 0.99071
vt 0.41779 0.98999
vt 0.41698 0.98870
vt 0.41661 0.98729
vt 0.30721 0.35137
vt 0.31514 0.35137
vt 0.31514 0.34218
vt 0.31345 0.34190
vt 0.31187 0.34099
vt 0.31099 0.33948
vt 0.31063 0.33792
vt 0.30992 0.33688
vt 0.30863 0.33607
vt 0.30721 0.33570
vt 0.44600 0.99522
vt 0.43682 0.99522
vt 0.44870 0.99107
vt 0.45026 0.99071
vt 0.45130 0.98999
vt 0.45211 0.98870
vt 0.45248 0.98729
vt 0.30721 0.35591
vt 0.31514 0.36509
vt 0.31514 0.35590
vt 0.31345 0.36538
vt 0.31187 0.36629
vt 0.31099 0.36779
vt 0.31063 0.36935
vt 0.30992 0.37039
vt 0.30863 0.37120
vt 0.30721 0.37157
vt 0.47943 0.33443
vt 0.47786 0.33534
vt 0.48410 0.34481
vt 0.47943 0.35973
vt 0.48410 0.34935
vt 0.47786 0.35882
vt 0.47617 0.33562
vt 0.47617 0.34481
vt 0.48032 0.33292
vt 0.48067 0.33137
vt 0.48139 0.33033
vt 0.48268 0.32951
vt 0.48410 0.32915
vt 0.63500 0.83621
vt 0.63500 0.84414
vt 0.64420 0.84414
vt 0.64447 0.84245
vt 0.64539 0.84087
vt 0.64689 0.83999
vt 0.64845 0.83963
vt 0.64949 0.83892
vt 0.65030 0.83763
vt 0.65067 0.83621
vt 0.47617 0.35854
vt 0.47617 0.34935
vt 0.48032 0.36124
vt 0.48067 0.36280
vt 0.48139 0.36384
vt 0.48268 0.36465
vt 0.48410 0.36501
vt 0.63046 0.83621
vt 0.62128 0.84414
vt 0.63047 0.84414
vt 0.62099 0.84245
vt 0.62008 0.84087
vt 0.61858 0.83999
vt 0.61702 0.83963
vt 0.61598 0.83892
vt 0.61516 0.83763
vt 0.61480 0.83621
vt 0.00805 0.34552
vt 0.00648 0.34644
vt 0.01271 0.35590
vt 0.00805 0.37083
vt 0.01271 0.36044
vt 0.00648 0.36991
vt 0.00478 0.34672
vt 0.00478 0.35590
vt 0.00893 0.34402
vt 0.00929 0.34246
vt 0.01001 0.34142
vt 0.01130 0.34061
vt 0.01271 0.34024
vt 0.52391 0.98729
vt 0.52391 0.99522
vt 0.53310 0.99522
vt 0.53338 0.99352
vt 0.53429 0.99195
vt 0.53580 0.99107
vt 0.53736 0.99071
vt 0.53840 0.98999
vt 0.53921 0.98870
vt 0.53958 0.98729
vt 0.00478 0.36963
vt 0.00478 0.36044
vt 0.00893 0.37233
vt 0.00929 0.37389
vt 0.01001 0.37493
vt 0.01129 0.37574
vt 0.01271 0.37611
vt 0.51937 0.98729
vt 0.51018 0.99522
vt 0.51937 0.99522
vt 0.50990 0.99352
vt 0.50899 0.99195
vt 0.50748 0.99107
vt 0.50593 0.99071
vt 0.50489 0.98999
vt 0.50407 0.98871
vt 0.50371 0.98729
vt 0.46749 0.43027
vt 0.46906 0.42935
vt 0.46283 0.41988
vt 0.46749 0.40496
vt 0.46283 0.41534
vt 0.46906 0.40587
vt 0.47076 0.42907
vt 0.47076 0.41988
vt 0.46661 0.43177
vt 0.46625 0.43333
vt 0.46553 0.43437
vt 0.46424 0.43518
vt 0.46283 0.43555
vt 0.55710 0.37836
vt 0.55710 0.37043
vt 0.54791 0.37043
vt 0.54763 0.37212
vt 0.54672 0.37370
vt 0.54522 0.37458
vt 0.54366 0.37493
vt 0.54262 0.37565
vt 0.54180 0.37694
vt 0.54144 0.37836
vt 0.47076 0.40615
vt 0.47076 0.41534
vt 0.46661 0.40346
vt 0.46625 0.40190
vt 0.46553 0.40086
vt 0.46424 0.40004
vt 0.46283 0.39968
vt 0.56164 0.37836
vt 0.57083 0.37043
vt 0.56164 0.37043
vt 0.57111 0.37212
vt 0.57203 0.37370
vt 0.57353 0.37458
vt 0.57509 0.37493
vt 0.57613 0.37565
vt 0.57694 0.37694
vt 0.57731 0.37836
vt 0.56227 0.83633
vt 0.56318 0.83791
vt 0.57265 0.83167
vt 0.58757 0.83633
vt 0.57719 0.83167
vt 0.58666 0.83791
vt 0.56346 0.83960
vt 0.57265 0.83960
vt 0.56076 0.83545
vt 0.55920 0.83510
vt 0.55816 0.83438
vt 0.55735 0.83309
vt 0.55699 0.83167
vt 0.39754 0.51648
vt 0.40547 0.51648
vt 0.40547 0.50729
vt 0.40377 0.50701
vt 0.40220 0.50610
vt 0.40132 0.50459
vt 0.40096 0.50303
vt 0.40024 0.50199
vt 0.39895 0.50118
vt 0.39754 0.50082
vt 0.58638 0.83960
vt 0.57719 0.83960
vt 0.58908 0.83545
vt 0.59063 0.83510
vt 0.59167 0.83438
vt 0.59249 0.83309
vt 0.59285 0.83167
vt 0.39754 0.52102
vt 0.40547 0.53021
vt 0.40547 0.52102
vt 0.40377 0.53049
vt 0.40220 0.53140
vt 0.40132 0.53291
vt 0.40096 0.53446
vt 0.40024 0.53550
vt 0.39895 0.53632
vt 0.39754 0.53668
vt 0.44146 0.49004
vt 0.44055 0.48847
vt 0.43108 0.49471
vt 0.41616 0.49004
vt 0.42654 0.49471
vt 0.41707 0.48847
vt 0.44027 0.48677
vt 0.43108 0.48678
vt 0.44297 0.49093
vt 0.44453 0.49128
vt 0.44557 0.49200
vt 0.44638 0.49329
vt 0.44675 0.49471
vt 0.47809 0.85294
vt 0.47809 0.84501
vt 0.46891 0.84501
vt 0.46862 0.84671
vt 0.46771 0.84828
vt 0.46621 0.84916
vt 0.46465 0.84952
vt 0.46361 0.85024
vt 0.46279 0.85152
vt 0.46243 0.85294
vt 0.41735 0.48678
vt 0.42654 0.48678
vt 0.41465 0.49093
vt 0.41310 0.49128
vt 0.41206 0.49200
vt 0.41124 0.49329
vt 0.41088 0.49471
vt 0.48263 0.85294
vt 0.49182 0.84501
vt 0.48263 0.84501
vt 0.49210 0.84671
vt 0.49302 0.84828
vt 0.49452 0.84916
vt 0.49608 0.84952
vt 0.49712 0.85024
vt 0.49793 0.85152
vt 0.49830 0.85294
vt 0.51381 0.83633
vt 0.51473 0.83791
vt 0.52420 0.83167
vt 0.53912 0.83633
vt 0.52874 0.83167
vt 0.53821 0.83791
vt 0.51501 0.83960
vt 0.52420 0.83960
vt 0.51231 0.83545
vt 0.51075 0.83510
vt 0.50971 0.83438
vt 0.50890 0.83309
vt 0.50853 0.83167
vt 0.30721 0.43392
vt 0.31514 0.43392
vt 0.31514 0.42473
vt 0.31345 0.42445
vt 0.31187 0.42354
vt 0.31099 0.42204
vt 0.31064 0.42048
vt 0.30992 0.41944
vt 0.30863 0.41862
vt 0.30721 0.41826
vt 0.53793 0.83960
vt 0.52874 0.83960
vt 0.54062 0.83545
vt 0.54218 0.83510
vt 0.54322 0.83438
vt 0.54404 0.83309
vt 0.54440 0.83167
vt 0.30721 0.43846
vt 0.31514 0.44765
vt 0.31514 0.43846
vt 0.31345 0.44793
vt 0.31187 0.44885
vt 0.31099 0.45035
vt 0.31064 0.45191
vt 0.30992 0.45295
vt 0.30863 0.45376
vt 0.30721 0.45413
vt 0.50544 0.63505
vt 0.50635 0.63662
vt 0.51582 0.63039
vt 0.53075 0.63505
vt 0.52036 0.63039
vt 0.52983 0.63662
vt 0.50664 0.63832
vt 0.51582 0.63832
vt 0.50394 0.63417
vt 0.50238 0.63381
vt 0.50134 0.63309
vt 0.50052 0.63181
vt 0.50016 0.63039
vt 0.30134 0.47974
vt 0.30926 0.47974
vt 0.30927 0.47055
vt 0.30757 0.47027
vt 0.30600 0.46936
vt 0.30512 0.46785
vt 0.30476 0.46629
vt 0.30404 0.46525
vt 0.30275 0.46444
vt 0.30134 0.46408
vt 0.52955 0.63832
vt 0.52036 0.63832
vt 0.53225 0.63417
vt 0.53381 0.63381
vt 0.53485 0.63309
vt 0.53566 0.63180
vt 0.53603 0.63039
vt 0.30134 0.48428
vt 0.30927 0.49347
vt 0.30926 0.48428
vt 0.30757 0.49375
vt 0.30600 0.49466
vt 0.30512 0.49617
vt 0.30476 0.49772
vt 0.30404 0.49876
vt 0.30275 0.49958
vt 0.30134 0.49994
vt 0.15172 0.53404
vt 0.15329 0.53313
vt 0.14706 0.52366
vt 0.15172 0.50874
vt 0.14706 0.51912
vt 0.15329 0.50965
vt 0.15499 0.53285
vt 0.15499 0.52366
vt 0.15084 0.53555
vt 0.15048 0.53710
vt 0.14976 0.53815
vt 0.14848 0.53896
vt 0.14706 0.53932
vt 0.01271 0.40626
vt 0.00478 0.40626
vt 0.00478 0.41545
vt 0.00648 0.41573
vt 0.00805 0.41664
vt 0.00893 0.41815
vt 0.00929 0.41971
vt 0.01001 0.42075
vt 0.01130 0.42156
vt 0.01271 0.42193
vt 0.15499 0.50993
vt 0.15499 0.51912
vt 0.15084 0.50723
vt 0.15048 0.50567
vt 0.14976 0.50463
vt 0.14848 0.50382
vt 0.14706 0.50346
vt 0.01271 0.40172
vt 0.00478 0.39253
vt 0.00478 0.40172
vt 0.00648 0.39225
vt 0.00805 0.39134
vt 0.00893 0.38983
vt 0.00929 0.38828
vt 0.01001 0.38724
vt 0.01130 0.38642
vt 0.01271 0.38606
vt 0.00805 0.43262
vt 0.00648 0.43353
vt 0.01271 0.44300
vt 0.00805 0.45792
vt 0.01271 0.44754
vt 0.00648 0.45701
vt 0.00478 0.43381
vt 0.00478 0.44300
vt 0.00893 0.43111
vt 0.00929 0.42955
vt 0.01001 0.42851
vt 0.01129 0.42770
vt 0.01271 0.42734
vt 0.49510 0.46116
vt 0.50303 0.46116
vt 0.50303 0.45197
vt 0.50133 0.45169
vt 0.49976 0.45078
vt 0.49888 0.44927
vt 0.49852 0.44772
vt 0.49781 0.44668
vt 0.49652 0.44586
vt 0.49510 0.44550
vt 0.00478 0.45673
vt 0.00478 0.44754
vt 0.00893 0.45943
vt 0.00929 0.46099
vt 0.01001 0.46202
vt 0.01130 0.46284
vt 0.01271 0.46320
vt 0.49510 0.46570
vt 0.50303 0.47489
vt 0.50303 0.46570
vt 0.50133 0.47517
vt 0.49976 0.47608
vt 0.49888 0.47759
vt 0.49852 0.47915
vt 0.49781 0.48019
vt 0.49652 0.48100
vt 0.49510 0.48136
vt 0.47529 0.35840
vt 0.47529 0.37407
vt 0.63512 0.53512
vt 0.61946 0.53512
vt 0.47529 0.39427
vt 0.47529 0.37861
vt 0.59926 0.53512
vt 0.61492 0.53512
vt 0.33003 0.39881
vt 0.33156 0.39881
vt 0.33156 0.39427
vt 0.33003 0.39427
vt 0.59472 0.67886
vt 0.59472 0.68038
vt 0.59926 0.68038
vt 0.59926 0.67886
vt 0.33302 0.39881
vt 0.33302 0.39427
vt 0.61946 0.67739
vt 0.61946 0.53512
vt 0.61492 0.53512
vt 0.61492 0.67739
vt 0.32542 0.39881
vt 0.32717 0.39881
vt 0.32717 0.39427
vt 0.32542 0.39427
vt 0.59472 0.67739
vt 0.59926 0.67739
vt 0.59472 0.68324
vt 0.59472 0.68499
vt 0.59926 0.68499
vt 0.59926 0.68324
vt 0.47529 0.37407
vt 0.33302 0.37407
vt 0.33302 0.37861
vt 0.47529 0.37861
vt 0.32361 0.39881
vt 0.32361 0.39427
vt 0.59472 0.68681
vt 0.59926 0.68681
vt 0.32055 0.37861
vt 0.32055 0.38779
vt 0.32509 0.38779
vt 0.32509 0.37861
vt 0.32509 0.37407
vt 0.32509 0.37861
vt 0.60573 0.68986
vt 0.61492 0.68986
vt 0.61492 0.68532
vt 0.60573 0.68532
vt 0.32189 0.39881
vt 0.32189 0.39427
vt 0.61946 0.68532
vt 0.61492 0.68532
vt 0.59472 0.68852
vt 0.59926 0.68852
vt 0.32877 0.39881
vt 0.32877 0.39427
vt 0.61492 0.53058
vt 0.59926 0.53058
vt 0.59926 0.53512
vt 0.61492 0.53512
vt 0.59472 0.68165
vt 0.59926 0.68165
vt 0.47983 0.39427
vt 0.47983 0.37861
vt 0.47529 0.37861
vt 0.47529 0.39427
vt 0.59826 0.84501
vt 0.61393 0.84501
vt 0.58272 0.52971
vt 0.59838 0.52971
vt 0.63413 0.84501
vt 0.61847 0.84501
vt 0.61858 0.52971
vt 0.60292 0.52971
vt 0.59826 0.99028
vt 0.59826 0.98875
vt 0.59373 0.98875
vt 0.59373 0.99028
vt 0.58272 0.38597
vt 0.58272 0.38444
vt 0.57818 0.38444
vt 0.57818 0.38597
vt 0.59826 0.98729
vt 0.59373 0.98729
vt 0.59838 0.38743
vt 0.59838 0.52971
vt 0.60292 0.52971
vt 0.60292 0.38743
vt 0.59826 0.99488
vt 0.59826 0.99314
vt 0.59373 0.99314
vt 0.59373 0.99488
vt 0.58272 0.38743
vt 0.57818 0.38743
vt 0.58272 0.38158
vt 0.58272 0.37984
vt 0.57818 0.37984
vt 0.57818 0.38158
vt 0.61393 0.84501
vt 0.61393 0.98729
vt 0.61847 0.98729
vt 0.61847 0.84501
vt 0.59826 0.99670
vt 0.59373 0.99670
vt 0.58272 0.37802
vt 0.57818 0.37802
vt 0.61393 0.99522
vt 0.60474 0.99522
vt 0.60474 0.99976
vt 0.61393 0.99976
vt 0.61393 0.99522
vt 0.61847 0.99522
vt 0.58919 0.37950
vt 0.59838 0.37950
vt 0.59838 0.37497
vt 0.58919 0.37497
vt 0.59826 0.99842
vt 0.59373 0.99842
vt 0.59838 0.37950
vt 0.60292 0.37950
vt 0.58272 0.37630
vt 0.57818 0.37630
vt 0.59826 0.99154
vt 0.59373 0.99154
vt 0.59838 0.52971
vt 0.58272 0.52971
vt 0.58272 0.53425
vt 0.59838 0.53425
vt 0.58272 0.38318
vt 0.57818 0.38318
vt 0.59826 0.84501
vt 0.61393 0.84501
vt 0.61393 0.84047
vt 0.59826 0.84047
vt 0.47529 0.39881
vt 0.47529 0.39427
vt 0.59472 0.53512
vt 0.59926 0.53512
vt 0.59826 0.84501
vt 0.59373 0.84501
vt 0.58272 0.52971
vt 0.57818 0.52971
vt 0.05521 0.25228
vt 0.05715 0.25153
vt 0.05715 0.24085
vt 0.05521 0.24085
vt 0.09451 0.25246
vt 0.10293 0.25246
vt 0.10293 0.24085
vt 0.09451 0.24085
vt 0.06731 0.25221
vt 0.07088 0.25246
vt 0.07088 0.24085
vt 0.06731 0.24085
vt 0.07814 0.25144
vt 0.08192 0.25031
vt 0.08192 0.24085
vt 0.07814 0.24085
vt 0.06418 0.25146
vt 0.06418 0.24085
vt 0.08463 0.24966
vt 0.08463 0.24085
vt 0.05870 0.25032
vt 0.05870 0.24085
vt 0.08715 0.24949
vt 0.08715 0.24085
vt 0.05993 0.24883
vt 0.06188 0.25039
vt 0.06188 0.24085
vt 0.05993 0.24085
vt 0.08969 0.24986
vt 0.08969 0.24085
vt 0.07477 0.25224
vt 0.07477 0.24085
vt 0.09239 0.25091
vt 0.09239 0.24085
vt 0.05322 0.25246
vt 0.05322 0.24085
vt 0.05123 0.25228
vt 0.05123 0.24085
vt 0.04930 0.24085
vt 0.04930 0.25153
vt 0.01193 0.25246
vt 0.01193 0.24085
vt 0.00351 0.24085
vt 0.00351 0.25246
vt 0.03913 0.25221
vt 0.03913 0.24085
vt 0.03556 0.24085
vt 0.03556 0.25246
vt 0.02830 0.25144
vt 0.02830 0.24085
vt 0.02452 0.24085
vt 0.02452 0.25031
vt 0.04226 0.25146
vt 0.04226 0.24085
vt 0.02181 0.24085
vt 0.02181 0.24966
vt 0.04774 0.24085
vt 0.04774 0.25032
vt 0.01929 0.24085
vt 0.01929 0.24949
vt 0.04651 0.24883
vt 0.04651 0.24085
vt 0.04456 0.24085
vt 0.04456 0.25039
vt 0.01675 0.24085
vt 0.01675 0.24986
vt 0.03167 0.25224
vt 0.03167 0.24085
vt 0.01405 0.24085
vt 0.01405 0.25091
vt 0.09135 0.49306
vt 0.09415 0.49400
vt 0.09415 0.48362
vt 0.09135 0.48362
vt 0.06494 0.49381
vt 0.06979 0.49312
vt 0.06979 0.48362
vt 0.06494 0.48362
vt 0.09664 0.49516
vt 0.09664 0.48362
vt 0.07444 0.49236
vt 0.07444 0.48362
vt 0.09828 0.49647
vt 0.09828 0.48362
vt 0.07816 0.49180
vt 0.07816 0.48362
vt 0.09955 0.49805
vt 0.09955 0.48362
vt 0.08112 0.49168
vt 0.08112 0.48362
vt 0.10293 0.49805
vt 0.10293 0.48362
vt 0.08428 0.49173
vt 0.08428 0.48362
vt 0.05322 0.49447
vt 0.05672 0.49447
vt 0.05672 0.48362
vt 0.05322 0.48362
vt 0.08772 0.49223
vt 0.08772 0.48362
vt 0.06088 0.49427
vt 0.06088 0.48362
vt 0.01509 0.49306
vt 0.01509 0.48362
vt 0.01229 0.48362
vt 0.01229 0.49400
vt 0.04150 0.49381
vt 0.04150 0.48362
vt 0.03665 0.48362
vt 0.03665 0.49312
vt 0.00981 0.48362
vt 0.00981 0.49516
vt 0.03200 0.48362
vt 0.03200 0.49236
vt 0.00817 0.48362
vt 0.00817 0.49647
vt 0.02828 0.48362
vt 0.02828 0.49180
vt 0.00689 0.48362
vt 0.00689 0.49805
vt 0.02532 0.48362
vt 0.02532 0.49168
vt 0.00351 0.48362
vt 0.00351 0.49805
vt 0.02216 0.48362
vt 0.02216 0.49173
vt 0.04972 0.48362
vt 0.04972 0.49447
vt 0.01872 0.48362
vt 0.01872 0.49223
vt 0.04556 0.48362
vt 0.04556 0.49427
vt 0.05521 0.22615
vt 0.05521 0.23758
vt 0.05715 0.23758
vt 0.05715 0.22690
vt 0.09451 0.22597
vt 0.09451 0.23758
vt 0.10293 0.23758
vt 0.10293 0.22597
vt 0.06731 0.22622
vt 0.06731 0.23758
vt 0.07088 0.23758
vt 0.07088 0.22597
vt 0.07814 0.22698
vt 0.07814 0.23758
vt 0.08192 0.23758
vt 0.08192 0.22811
vt 0.06418 0.22697
vt 0.06418 0.23758
vt 0.08463 0.23758
vt 0.08463 0.22877
vt 0.05870 0.23758
vt 0.05870 0.22811
vt 0.08715 0.23758
vt 0.08715 0.22893
vt 0.05993 0.22960
vt 0.05993 0.23758
vt 0.06188 0.23758
vt 0.06188 0.22804
vt 0.08969 0.23758
vt 0.08969 0.22856
vt 0.07477 0.22619
vt 0.07477 0.23758
vt 0.09239 0.23758
vt 0.09239 0.22752
vt 0.05322 0.22597
vt 0.05322 0.23758
vt 0.05123 0.22615
vt 0.04930 0.22690
vt 0.04930 0.23758
vt 0.05123 0.23758
vt 0.01193 0.22597
vt 0.00351 0.22597
vt 0.00351 0.23758
vt 0.01193 0.23758
vt 0.03913 0.22622
vt 0.03556 0.22597
vt 0.03556 0.23758
vt 0.03913 0.23758
vt 0.02830 0.22698
vt 0.02452 0.22811
vt 0.02452 0.23758
vt 0.02830 0.23758
vt 0.04226 0.22697
vt 0.04226 0.23758
vt 0.02181 0.22877
vt 0.02181 0.23758
vt 0.04774 0.22811
vt 0.04774 0.23758
vt 0.01929 0.22893
vt 0.01929 0.23758
vt 0.04651 0.22960
vt 0.04456 0.22804
vt 0.04456 0.23758
vt 0.04651 0.23758
vt 0.01675 0.22856
vt 0.01675 0.23758
vt 0.03167 0.22619
vt 0.03167 0.23758
vt 0.01405 0.22752
vt 0.01405 0.23758
vt 0.09135 0.47092
vt 0.09135 0.48036
vt 0.09415 0.48036
vt 0.09415 0.46999
vt 0.06494 0.47017
vt 0.06494 0.48036
vt 0.06979 0.48036
vt 0.06979 0.47086
vt 0.09664 0.48036
vt 0.09664 0.46882
vt 0.07444 0.48036
vt 0.07444 0.47162
vt 0.09828 0.48036
vt 0.09828 0.46752
vt 0.07816 0.48036
vt 0.07816 0.47218
vt 0.09955 0.48036
vt 0.09955 0.46594
vt 0.08112 0.48036
vt 0.08112 0.47231
vt 0.10293 0.48036
vt 0.10293 0.46594
vt 0.08428 0.48036
vt 0.08428 0.47226
vt 0.05322 0.46951
vt 0.05322 0.48036
vt 0.05672 0.48036
vt 0.05672 0.46952
vt 0.08772 0.48036
vt 0.08772 0.47175
vt 0.06088 0.48036
vt 0.06088 0.46971
vt 0.01509 0.47092
vt 0.01229 0.46999
vt 0.01229 0.48036
vt 0.01509 0.48036
vt 0.04150 0.47017
vt 0.03665 0.47086
vt 0.03665 0.48036
vt 0.04150 0.48036
vt 0.00981 0.46882
vt 0.00981 0.48036
vt 0.03200 0.47162
vt 0.03200 0.48036
vt 0.00817 0.46752
vt 0.00817 0.48036
vt 0.02828 0.47218
vt 0.02828 0.48036
vt 0.00689 0.46594
vt 0.00689 0.48036
vt 0.02532 0.47231
vt 0.02532 0.48036
vt 0.00351 0.46594
vt 0.00351 0.48036
vt 0.02216 0.47226
vt 0.02216 0.48036
vt 0.04972 0.46952
vt 0.04972 0.48036
vt 0.01872 0.47175
vt 0.01872 0.48036
vt 0.04556 0.46971
vt 0.04556 0.48036
vt 0.05672 0.48362
vt 0.06088 0.48362
vt 0.06088 0.48036
vt 0.05672 0.48036
vt 0.02830 0.24085
vt 0.03167 0.24085
vt 0.03167 0.23758
vt 0.02830 0.23758
vt 0.01509 0.48362
vt 0.01872 0.48362
vt 0.01872 0.48036
vt 0.01509 0.48036
vt 0.07477 0.24085
vt 0.07814 0.24085
vt 0.07814 0.23758
vt 0.07477 0.23758
vt 0.05322 0.48362
vt 0.05322 0.48036
vt 0.03556 0.24085
vt 0.03556 0.23758
vt 0.01229 0.48362
vt 0.01229 0.48036
vt 0.05322 0.24085
vt 0.05521 0.24085
vt 0.05521 0.23758
vt 0.05322 0.23758
vt 0.06494 0.48362
vt 0.06979 0.48362
vt 0.06979 0.48036
vt 0.06494 0.48036
vt 0.00351 0.24085
vt 0.01193 0.24085
vt 0.01193 0.23758
vt 0.00351 0.23758
vt 0.00981 0.48362
vt 0.00981 0.48036
vt 0.07088 0.24085
vt 0.07088 0.23758
vt 0.07444 0.48362
vt 0.07444 0.48036
vt 0.02452 0.24085
vt 0.02452 0.23758
vt 0.00817 0.48362
vt 0.00817 0.48036
vt 0.09451 0.24085
vt 0.10293 0.24085
vt 0.10293 0.23758
vt 0.09451 0.23758
vt 0.07816 0.48362
vt 0.07816 0.48036
vt 0.02181 0.24085
vt 0.02181 0.23758
vt 0.00689 0.48362
vt 0.00689 0.48036
vt 0.08192 0.24085
vt 0.08192 0.23758
vt 0.08112 0.48362
vt 0.08112 0.48036
vt 0.01929 0.24085
vt 0.01929 0.23758
vt 0.00351 0.48362
vt 0.00351 0.48036
vt 0.08463 0.24085
vt 0.08463 0.23758
vt 0.08428 0.48362
vt 0.08428 0.48036
vt 0.01675 0.24085
vt 0.01675 0.23758
vt 0.08715 0.24085
vt 0.08715 0.23758
vt 0.08772 0.48362
vt 0.08772 0.48036
vt 0.01405 0.24085
vt 0.01405 0.23758
vt 0.08969 0.24085
vt 0.08969 0.23758
vt 0.09135 0.48362
vt 0.09135 0.48036
vt 0.09239 0.24085
vt 0.09239 0.23758
vt 0.09415 0.48362
vt 0.09415 0.48036
vt 0.04930 0.24085
vt 0.05123 0.24085
vt 0.05123 0.23758
vt 0.04930 0.23758
vt 0.09664 0.48362
vt 0.09664 0.48036
vt 0.03913 0.24085
vt 0.03913 0.23758
vt 0.05715 0.24085
vt 0.05715 0.23758
vt 0.09828 0.48362
vt 0.09828 0.48036
vt 0.04226 0.24085
vt 0.04226 0.23758
vt 0.06731 0.24085
vt 0.06731 0.23758
vt 0.09955 0.48362
vt 0.09955 0.48036
vt 0.04774 0.24085
vt 0.04774 0.23758
vt 0.06418 0.24085
vt 0.06418 0.23758
vt 0.10293 0.48362
vt 0.10293 0.48036
vt 0.04456 0.24085
vt 0.04651 0.24085
vt 0.04651 0.23758
vt 0.04456 0.23758
vt 0.05870 0.24085
vt 0.05870 0.23758
vt 0.05993 0.24085
vt 0.06188 0.24085
vt 0.06188 0.23758
vt 0.05993 0.23758
vt 0.00024 0.46594
vt 0.00024 0.48036
vt 0.00351 0.48036
vt 0.00351 0.46594
vt 0.00024 0.22597
vt 0.00024 0.23758
vt 0.00351 0.23758
vt 0.00351 0.22597
vt 0.10620 0.23758
vt 0.10620 0.22597
vt 0.10293 0.22597
vt 0.10293 0.23758
vt 0.97733 0.94810
vt 0.97733 0.94461
vt 0.97406 0.94461
vt 0.97406 0.94810
vt 0.04972 0.48362
vt 0.04972 0.48036
vt 0.10620 0.48036
vt 0.10620 0.46594
vt 0.10293 0.46594
vt 0.10293 0.48036
vt 0.97733 0.94044
vt 0.97406 0.94044
vt 0.97733 0.93636
vt 0.97406 0.93636
vt 0.97733 0.93145
vt 0.97406 0.93145
vt 0.97733 0.92674
vt 0.97406 0.92674
vt 0.85567 0.84326
vt 0.85567 0.84126
vt 0.85241 0.84126
vt 0.85241 0.84326
vt 0.97733 0.92298
vt 0.97406 0.92298
vt 0.97733 0.92002
vt 0.97406 0.92002
vt 0.85567 0.87043
vt 0.85567 0.86696
vt 0.85241 0.86696
vt 0.85241 0.87043
vt 0.97733 0.95160
vt 0.97406 0.95160
vt 0.85567 0.81956
vt 0.85567 0.81609
vt 0.85241 0.81609
vt 0.85241 0.81956
vt 0.97733 0.91686
vt 0.97406 0.91686
vt 0.85567 0.84526
vt 0.85241 0.84526
vt 0.97733 0.95577
vt 0.97406 0.95577
vt 0.85567 0.82345
vt 0.85241 0.82345
vt 0.97733 0.91338
vt 0.97406 0.91338
vt 0.85567 0.86307
vt 0.85241 0.86307
vt 0.97733 0.95986
vt 0.97406 0.95986
vt 0.85567 0.79875
vt 0.85567 0.79033
vt 0.85241 0.79033
vt 0.85241 0.79875
vt 0.97733 0.90966
vt 0.97406 0.90966
vt 0.85567 0.89619
vt 0.85567 0.88777
vt 0.85241 0.88777
vt 0.85241 0.89619
vt 0.97733 0.96476
vt 0.97406 0.96476
vt 0.85567 0.81215
vt 0.85241 0.81215
vt 0.97733 0.90670
vt 0.97406 0.90670
vt 0.85567 0.87437
vt 0.85241 0.87437
vt 0.97733 0.96947
vt 0.97406 0.96947
vt 0.85567 0.80937
vt 0.85241 0.80937
vt 0.97733 0.90396
vt 0.97406 0.90396
vt 0.85567 0.87716
vt 0.85241 0.87716
vt 0.97733 0.97323
vt 0.97406 0.97323
vt 0.85567 0.80684
vt 0.85241 0.80684
vt 0.97733 0.90186
vt 0.97406 0.90186
vt 0.85567 0.87968
vt 0.85241 0.87968
vt 0.97733 0.97619
vt 0.97406 0.97619
vt 0.85567 0.80427
vt 0.85241 0.80427
vt 0.97733 0.89984
vt 0.97406 0.89984
vt 0.85567 0.88225
vt 0.85241 0.88225
vt 0.97733 0.97935
vt 0.97406 0.97935
vt 0.85567 0.80138
vt 0.85241 0.80138
vt 0.97733 0.89984
vt 0.97733 0.89645
vt 0.97406 0.89645
vt 0.97406 0.89984
vt 0.85567 0.88514
vt 0.85241 0.88514
vt 0.97733 0.98283
vt 0.97406 0.98283
vt 0.85567 0.79875
vt 0.85241 0.79875
vt 0.04150 0.48362
vt 0.04556 0.48362
vt 0.04556 0.48036
vt 0.04150 0.48036
vt 0.85567 0.88777
vt 0.85241 0.88777
vt 0.97733 0.98655
vt 0.97406 0.98655
vt 0.85567 0.83919
vt 0.85241 0.83919
vt 0.85567 0.84734
vt 0.85241 0.84734
vt 0.97733 0.98951
vt 0.97406 0.98951
vt 0.85567 0.82703
vt 0.85241 0.82703
vt 0.03665 0.48362
vt 0.03665 0.48036
vt 0.85567 0.85949
vt 0.85241 0.85949
vt 0.97733 0.99225
vt 0.97406 0.99225
vt 0.85567 0.83025
vt 0.85241 0.83025
vt 0.03200 0.48362
vt 0.03200 0.48036
vt 0.85567 0.85627
vt 0.85241 0.85627
vt 0.97733 0.99435
vt 0.97406 0.99435
vt 0.85567 0.83722
vt 0.85241 0.83722
vt 0.02828 0.48362
vt 0.02828 0.48036
vt 0.85567 0.84931
vt 0.85241 0.84931
vt 0.97733 0.99637
vt 0.97406 0.99637
vt 0.85567 0.83529
vt 0.85567 0.83279
vt 0.85241 0.83279
vt 0.85241 0.83529
vt 0.02532 0.48362
vt 0.02532 0.48036
vt 0.85567 0.85373
vt 0.85567 0.85123
vt 0.85241 0.85123
vt 0.85241 0.85373
vt 0.97733 0.99976
vt 0.97733 0.99637
vt 0.97406 0.99637
vt 0.97406 0.99976
vt 0.85567 0.83529
vt 0.85241 0.83529
vt 0.02216 0.48362
vt 0.02216 0.48036
vt 0.85567 0.85123
vt 0.85241 0.85123
vt 0.92572 0.99976
vt 0.92572 0.99677
vt 0.88124 0.99677
vt 0.88124 0.99976
vt 0.87825 0.99677
vt 0.88124 0.99677
vt 0.88124 0.89734
vt 0.87825 0.89735
vt 0.88124 0.89436
vt 0.88124 0.89734
vt 0.92572 0.89734
vt 0.92572 0.89436
vt 0.92870 0.89734
vt 0.92572 0.89734
vt 0.92572 0.99677
vt 0.92870 0.99677
vt 0.97319 0.99677
vt 0.97319 0.89734
vt 0.92870 0.89734
vt 0.92870 0.99677
vt 0.88124 0.89734
vt 0.88124 0.99677
vt 0.92572 0.99677
vt 0.92572 0.89734
vt 0.93741 0.47653
vt 0.93741 0.47355
vt 0.89292 0.47355
vt 0.89292 0.47653
vt 0.88994 0.47355
vt 0.89292 0.47355
vt 0.89292 0.37412
vt 0.88994 0.37412
vt 0.89292 0.37113
vt 0.89292 0.37412
vt 0.93741 0.37412
vt 0.93741 0.37113
vt 0.94039 0.37412
vt 0.93741 0.37412
vt 0.93741 0.47355
vt 0.94039 0.47355
vt 0.98488 0.47355
vt 0.98488 0.37412
vt 0.94039 0.37412
vt 0.94039 0.47355
vt 0.89292 0.37412
vt 0.89292 0.47355
vt 0.93741 0.47355
vt 0.93741 0.37412
vt 0.93657 0.58280
vt 0.93657 0.57982
vt 0.89209 0.57982
vt 0.89209 0.58280
vt 0.88910 0.57982
vt 0.89209 0.57982
vt 0.89209 0.48039
vt 0.88910 0.48039
vt 0.89209 0.47741
vt 0.89209 0.48039
vt 0.93657 0.48039
vt 0.93657 0.47741
vt 0.93956 0.48039
vt 0.93657 0.48039
vt 0.93657 0.57982
vt 0.93956 0.57982
vt 0.98404 0.57982
vt 0.98404 0.48039
vt 0.93956 0.48039
vt 0.93956 0.57982
vt 0.89209 0.48039
vt 0.89209 0.57982
vt 0.93657 0.57982
vt 0.93657 0.48039
vt 0.83483 0.31361
vt 0.83493 0.31061
vt 0.78089 0.30893
vt 0.78080 0.31193
vt 0.77793 0.30891
vt 0.78089 0.30893
vt 0.78149 0.19473
vt 0.77853 0.19471
vt 0.78151 0.19175
vt 0.78149 0.19473
vt 0.83501 0.19505
vt 0.83503 0.19208
vt 0.83801 0.19505
vt 0.83501 0.19505
vt 0.83501 0.31050
vt 0.83801 0.31050
vt 0.89185 0.31050
vt 0.89185 0.19505
vt 0.83801 0.19505
vt 0.83801 0.31050
vt 0.78273 0.19598
vt 0.78213 0.30772
vt 0.83377 0.30931
vt 0.83377 0.19628
vt 0.83429 0.30993
vt 0.78155 0.30829
vt 0.78089 0.30893
vt 0.83493 0.31061
vt 0.78215 0.19538
vt 0.78149 0.19473
vt 0.83435 0.19571
vt 0.83501 0.19505
vt 0.83435 0.30983
vt 0.83501 0.31050
vt 0.83377 0.30931
vt 0.78213 0.30772
vt 0.78155 0.30829
vt 0.83429 0.30993
vt 0.78213 0.30772
vt 0.78273 0.19598
vt 0.78215 0.19538
vt 0.78155 0.30829
vt 0.78273 0.19598
vt 0.83377 0.19628
vt 0.83435 0.19571
vt 0.78215 0.19538
vt 0.83377 0.19628
vt 0.83377 0.30931
vt 0.83435 0.30983
vt 0.83435 0.19571
vt 0.25439 0.64342
vt 0.25439 0.64152
vt 0.12965 0.64152
vt 0.12965 0.64342
vt 0.12775 0.64152
vt 0.12965 0.64152
vt 0.12965 0.54209
vt 0.12775 0.54209
vt 0.12965 0.54020
vt 0.12965 0.54209
vt 0.25439 0.54209
vt 0.25439 0.54020
vt 0.25629 0.54209
vt 0.25439 0.54209
vt 0.25439 0.64152
vt 0.25629 0.64152
vt 0.38102 0.64152
vt 0.38102 0.54209
vt 0.25629 0.54209
vt 0.25629 0.64152
vt 0.12965 0.54209
vt 0.12965 0.64152
vt 0.25439 0.64152
vt 0.25439 0.54209
vt 0.90526 0.68907
vt 0.90526 0.68608
vt 0.89145 0.68608
vt 0.89145 0.68907
vt 0.88847 0.68608
vt 0.89145 0.68608
vt 0.89145 0.58666
vt 0.88847 0.58666
vt 0.89145 0.58367
vt 0.89145 0.58666
vt 0.90526 0.58666
vt 0.90526 0.58367
vt 0.90825 0.58666
vt 0.90526 0.58666
vt 0.90526 0.68608
vt 0.90825 0.68608
vt 0.92206 0.68608
vt 0.92206 0.58666
vt 0.90825 0.58666
vt 0.90825 0.68608
vt 0.89145 0.58666
vt 0.89145 0.68608
vt 0.90526 0.68608
vt 0.90526 0.58666
vt 0.68874 0.39403
vt 0.68874 0.53630
vt 0.70549 0.53630
vt 0.70549 0.39403
vt 0.68420 0.39403
vt 0.66745 0.39403
vt 0.66745 0.53630
vt 0.68420 0.53630
vt 0.66745 0.54084
vt 0.68420 0.54084
vt 0.68420 0.53630
vt 0.66745 0.53630
vt 0.68420 0.38949
vt 0.66745 0.38949
vt 0.66745 0.39403
vt 0.68420 0.39403
vt 0.66291 0.53630
vt 0.66745 0.53630
vt 0.66745 0.39403
vt 0.66291 0.39403
vt 0.68874 0.53630
vt 0.68874 0.39403
vt 0.68420 0.39403
vt 0.68420 0.53630
vt 0.69975 0.85294
vt 0.69975 0.99522
vt 0.71650 0.99522
vt 0.71650 0.85294
vt 0.69521 0.85294
vt 0.67846 0.85294
vt 0.67846 0.99522
vt 0.69521 0.99522
vt 0.71650 0.99522
vt 0.69975 0.99522
vt 0.69975 0.99976
vt 0.71650 0.99976
vt 0.69975 0.85294
vt 0.71650 0.85294
vt 0.71650 0.84841
vt 0.69975 0.84841
vt 0.69975 0.99522
vt 0.69975 0.85294
vt 0.69521 0.85294
vt 0.69521 0.99522
vt 0.71650 0.99522
vt 0.72104 0.99522
vt 0.72104 0.85294
vt 0.71650 0.85294
vt 0.49256 0.63698
vt 0.47690 0.63698
vt 0.31514 0.41739
vt 0.31514 0.40172
vt 0.45669 0.63698
vt 0.47236 0.63698
vt 0.31514 0.38152
vt 0.31514 0.39718
vt 0.45216 0.49172
vt 0.45216 0.49324
vt 0.45669 0.49324
vt 0.45669 0.49172
vt 0.17140 0.37698
vt 0.16988 0.37698
vt 0.16988 0.38152
vt 0.17140 0.38152
vt 0.45216 0.49471
vt 0.45669 0.49471
vt 0.17287 0.40172
vt 0.31514 0.40172
vt 0.31514 0.39718
vt 0.17287 0.39718
vt 0.45216 0.48711
vt 0.45216 0.48886
vt 0.45669 0.48886
vt 0.45669 0.48711
vt 0.17287 0.37698
vt 0.17287 0.38152
vt 0.16702 0.37698
vt 0.16527 0.37698
vt 0.16527 0.38152
vt 0.16702 0.38152
vt 0.47690 0.63698
vt 0.47690 0.49471
vt 0.47236 0.49471
vt 0.47236 0.63698
vt 0.45216 0.48529
vt 0.45669 0.48529
vt 0.16345 0.37698
vt 0.16345 0.38152
vt 0.47236 0.48224
vt 0.46317 0.48224
vt 0.46317 0.48678
vt 0.47236 0.48678
vt 0.47690 0.48678
vt 0.47236 0.48678
vt 0.16040 0.38799
vt 0.16040 0.39718
vt 0.16494 0.39718
vt 0.16494 0.38799
vt 0.45216 0.48357
vt 0.45669 0.48357
vt 0.16494 0.40172
vt 0.16494 0.39718
vt 0.16173 0.37698
vt 0.16173 0.38152
vt 0.45216 0.49045
vt 0.45669 0.49045
vt 0.31968 0.39718
vt 0.31968 0.38152
vt 0.31514 0.38152
vt 0.31514 0.39718
vt 0.16861 0.37698
vt 0.16861 0.38152
vt 0.45669 0.64152
vt 0.47236 0.64152
vt 0.47236 0.63698
vt 0.45669 0.63698
vt 0.54299 0.53058
vt 0.55866 0.53058
vt 0.57631 0.84501
vt 0.56065 0.84501
vt 0.57886 0.53058
vt 0.56319 0.53058
vt 0.54045 0.84501
vt 0.55611 0.84501
vt 0.54299 0.67584
vt 0.54299 0.67432
vt 0.53846 0.67432
vt 0.53846 0.67584
vt 0.57631 0.98875
vt 0.57631 0.99028
vt 0.58085 0.99028
vt 0.58085 0.98875
vt 0.54299 0.67285
vt 0.53846 0.67285
vt 0.56065 0.98729
vt 0.56065 0.84501
vt 0.55611 0.84501
vt 0.55611 0.98729
vt 0.54299 0.68045
vt 0.54299 0.67871
vt 0.53846 0.67871
vt 0.53846 0.68045
vt 0.57631 0.98729
vt 0.58085 0.98729
vt 0.57631 0.99314
vt 0.57631 0.99488
vt 0.58085 0.99488
vt 0.58085 0.99314
vt 0.55866 0.53058
vt 0.55866 0.67285
vt 0.56320 0.67285
vt 0.56319 0.53058
vt 0.54299 0.68227
vt 0.53846 0.68227
vt 0.57631 0.99670
vt 0.58085 0.99670
vt 0.55866 0.68078
vt 0.54947 0.68078
vt 0.54947 0.68532
vt 0.55866 0.68532
vt 0.55866 0.68078
vt 0.56320 0.68078
vt 0.56984 0.99522
vt 0.56065 0.99522
vt 0.56065 0.99976
vt 0.56984 0.99976
vt 0.54299 0.68399
vt 0.53846 0.68399
vt 0.56065 0.99522
vt 0.55611 0.99522
vt 0.57631 0.99842
vt 0.58085 0.99842
vt 0.54299 0.67711
vt 0.53846 0.67711
vt 0.56065 0.84501
vt 0.57631 0.84501
vt 0.57631 0.84047
vt 0.56065 0.84047
vt 0.57631 0.99154
vt 0.58085 0.99154
vt 0.54299 0.53058
vt 0.55866 0.53058
vt 0.55866 0.52604
vt 0.54299 0.52604
vt 0.45216 0.63698
vt 0.45669 0.63698
vt 0.31514 0.37698
vt 0.31514 0.38152
vt 0.54299 0.53058
vt 0.53846 0.53058
vt 0.57631 0.84501
vt 0.58085 0.84501
vt 0.12747 0.19929
vt 0.12554 0.20005
vt 0.12554 0.21073
vt 0.12747 0.21073
vt 0.08817 0.19911
vt 0.07975 0.19911
vt 0.07975 0.21073
vt 0.08817 0.21073
vt 0.11537 0.19937
vt 0.11180 0.19911
vt 0.11180 0.21073
vt 0.11537 0.21073
vt 0.10454 0.20013
vt 0.10076 0.20126
vt 0.10076 0.21073
vt 0.10454 0.21073
vt 0.11850 0.20012
vt 0.11850 0.21073
vt 0.09806 0.20192
vt 0.09806 0.21073
vt 0.12398 0.20125
vt 0.12398 0.21073
vt 0.09554 0.20208
vt 0.09554 0.21073
vt 0.12276 0.20274
vt 0.12080 0.20118
vt 0.12080 0.21073
vt 0.12276 0.21073
vt 0.09300 0.20171
vt 0.09300 0.21073
vt 0.10791 0.19934
vt 0.10791 0.21073
vt 0.09030 0.20066
vt 0.09030 0.21073
vt 0.12946 0.19911
vt 0.12946 0.21073
vt 0.13146 0.19929
vt 0.13146 0.21073
vt 0.13339 0.21073
vt 0.13339 0.20005
vt 0.17076 0.19911
vt 0.17076 0.21073
vt 0.17918 0.21073
vt 0.17918 0.19911
vt 0.14355 0.19937
vt 0.14355 0.21073
vt 0.14713 0.21073
vt 0.14713 0.19911
vt 0.15439 0.20013
vt 0.15439 0.21073
vt 0.15816 0.21073
vt 0.15816 0.20126
vt 0.14042 0.20012
vt 0.14042 0.21073
vt 0.16087 0.21073
vt 0.16087 0.20192
vt 0.13494 0.21073
vt 0.13494 0.20125
vt 0.16339 0.21073
vt 0.16339 0.20208
vt 0.13617 0.20274
vt 0.13617 0.21073
vt 0.13813 0.21073
vt 0.13813 0.20118
vt 0.16593 0.21073
vt 0.16593 0.20171
vt 0.15101 0.19934
vt 0.15101 0.21073
vt 0.16863 0.21073
vt 0.16863 0.20066
vt 0.85588 0.51737
vt 0.85682 0.51457
vt 0.84644 0.51457
vt 0.84644 0.51737
vt 0.85663 0.54378
vt 0.85594 0.53893
vt 0.84644 0.53893
vt 0.84644 0.54378
vt 0.85798 0.51208
vt 0.84644 0.51208
vt 0.85518 0.53428
vt 0.84644 0.53428
vt 0.85929 0.51044
vt 0.84644 0.51044
vt 0.85462 0.53056
vt 0.84644 0.53056
vt 0.86086 0.50917
vt 0.84644 0.50917
vt 0.85449 0.52760
vt 0.84644 0.52760
vt 0.86086 0.50579
vt 0.84644 0.50579
vt 0.85454 0.52444
vt 0.84644 0.52444
vt 0.85729 0.55550
vt 0.85729 0.55200
vt 0.84644 0.55200
vt 0.84644 0.55550
vt 0.85505 0.52100
vt 0.84644 0.52100
vt 0.85709 0.54784
vt 0.84644 0.54784
vt 0.85588 0.59363
vt 0.84644 0.59363
vt 0.84644 0.59643
vt 0.85682 0.59643
vt 0.85663 0.56722
vt 0.84644 0.56722
vt 0.84644 0.57208
vt 0.85594 0.57208
vt 0.84644 0.59892
vt 0.85798 0.59892
vt 0.84644 0.57672
vt 0.85518 0.57672
vt 0.84644 0.60056
vt 0.85929 0.60056
vt 0.84644 0.58044
vt 0.85462 0.58044
vt 0.84644 0.60183
vt 0.86086 0.60183
vt 0.84644 0.58340
vt 0.85449 0.58340
vt 0.84644 0.60521
vt 0.86086 0.60521
vt 0.84644 0.58656
vt 0.85454 0.58656
vt 0.84644 0.55900
vt 0.85729 0.55900
vt 0.84644 0.59001
vt 0.85505 0.59001
vt 0.84644 0.56316
vt 0.85709 0.56316
vt 0.12747 0.22543
vt 0.12747 0.21399
vt 0.12554 0.21399
vt 0.12554 0.22467
vt 0.08817 0.22561
vt 0.08817 0.21399
vt 0.07975 0.21399
vt 0.07975 0.22561
vt 0.11537 0.22536
vt 0.11537 0.21399
vt 0.11180 0.21399
vt 0.11180 0.22561
vt 0.10454 0.22459
vt 0.10454 0.21399
vt 0.10076 0.21399
vt 0.10077 0.22346
vt 0.11850 0.22461
vt 0.11850 0.21399
vt 0.09806 0.21399
vt 0.09806 0.22280
vt 0.12398 0.21399
vt 0.12398 0.22347
vt 0.09554 0.21399
vt 0.09553 0.22264
vt 0.12276 0.22198
vt 0.12276 0.21399
vt 0.12080 0.21399
vt 0.12080 0.22354
vt 0.09300 0.21399
vt 0.09300 0.22301
vt 0.10791 0.22538
vt 0.10791 0.21399
vt 0.09030 0.21399
vt 0.09030 0.22406
vt 0.12946 0.22561
vt 0.12946 0.21399
vt 0.13146 0.22543
vt 0.13339 0.22467
vt 0.13339 0.21399
vt 0.13146 0.21399
vt 0.17076 0.22561
vt 0.17918 0.22561
vt 0.17918 0.21399
vt 0.17076 0.21399
vt 0.14355 0.22536
vt 0.14713 0.22561
vt 0.14713 0.21399
vt 0.14355 0.21399
vt 0.15439 0.22459
vt 0.15816 0.22346
vt 0.15816 0.21399
vt 0.15439 0.21399
vt 0.14042 0.22461
vt 0.14042 0.21399
vt 0.16087 0.22280
vt 0.16087 0.21399
vt 0.13494 0.22347
vt 0.13494 0.21399
vt 0.16339 0.22264
vt 0.16339 0.21399
vt 0.13617 0.22198
vt 0.13813 0.22354
vt 0.13813 0.21399
vt 0.13617 0.21399
vt 0.16593 0.22301
vt 0.16593 0.21399
vt 0.15101 0.22538
vt 0.15101 0.21399
vt 0.16863 0.22406
vt 0.16863 0.21399
vt 0.83374 0.51737
vt 0.84318 0.51737
vt 0.84318 0.51457
vt 0.83280 0.51457
vt 0.83299 0.54378
vt 0.84318 0.54378
vt 0.84318 0.53893
vt 0.83368 0.53893
vt 0.84318 0.51208
vt 0.83164 0.51208
vt 0.84318 0.53428
vt 0.83444 0.53428
vt 0.84318 0.51044
vt 0.83033 0.51044
vt 0.84318 0.53056
vt 0.83500 0.53056
vt 0.84318 0.50917
vt 0.82876 0.50917
vt 0.84318 0.52760
vt 0.83513 0.52760
vt 0.84318 0.50579
vt 0.82876 0.50579
vt 0.84318 0.52444
vt 0.83508 0.52444
vt 0.83233 0.55550
vt 0.84318 0.55550
vt 0.84318 0.55200
vt 0.83233 0.55200
vt 0.84318 0.52100
vt 0.83457 0.52100
vt 0.84318 0.54784
vt 0.83253 0.54784
vt 0.83374 0.59363
vt 0.83280 0.59643
vt 0.84318 0.59643
vt 0.84318 0.59363
vt 0.83299 0.56722
vt 0.83368 0.57208
vt 0.84318 0.57208
vt 0.84318 0.56722
vt 0.83164 0.59892
vt 0.84318 0.59892
vt 0.83444 0.57672
vt 0.84318 0.57672
vt 0.83033 0.60056
vt 0.84318 0.60056
vt 0.83500 0.58044
vt 0.84318 0.58044
vt 0.82876 0.60183
vt 0.84318 0.60183
vt 0.83513 0.58340
vt 0.84318 0.58340
vt 0.82876 0.60521
vt 0.84318 0.60521
vt 0.83508 0.58656
vt 0.84318 0.58656
vt 0.83233 0.55900
vt 0.84318 0.55900
vt 0.83457 0.59001
vt 0.84318 0.59000
vt 0.83253 0.56316
vt 0.84318 0.56316
vt 0.84644 0.55200
vt 0.84644 0.54784
vt 0.84318 0.54784
vt 0.84318 0.55200
vt 0.15439 0.21073
vt 0.15101 0.21073
vt 0.15101 0.21399
vt 0.15439 0.21399
vt 0.84644 0.59363
vt 0.84644 0.59001
vt 0.84318 0.59000
vt 0.84318 0.59363
vt 0.10791 0.21073
vt 0.10454 0.21073
vt 0.10454 0.21399
vt 0.10791 0.21399
vt 0.84644 0.55550
vt 0.84318 0.55550
vt 0.14713 0.21073
vt 0.14713 0.21399
vt 0.84644 0.59643
vt 0.84318 0.59643
vt 0.12946 0.21073
vt 0.12747 0.21073
vt 0.12747 0.21399
vt 0.12946 0.21399
vt 0.84644 0.54378
vt 0.84644 0.53893
vt 0.84318 0.53893
vt 0.84318 0.54378
vt 0.17918 0.21073
vt 0.17076 0.21073
vt 0.17076 0.21399
vt 0.17918 0.21399
vt 0.84644 0.59892
vt 0.84318 0.59892
vt 0.11180 0.21073
vt 0.11180 0.21399
vt 0.84644 0.53428
vt 0.84318 0.53428
vt 0.15816 0.21073
vt 0.15816 0.21399
vt 0.84644 0.60056
vt 0.84318 0.60056
vt 0.08817 0.21073
vt 0.07975 0.21073
vt 0.07975 0.21399
vt 0.08817 0.21399
vt 0.84644 0.53056
vt 0.84318 0.53056
vt 0.16087 0.21073
vt 0.16087 0.21399
vt 0.84644 0.60183
vt 0.84318 0.60183
vt 0.10076 0.21073
vt 0.10076 0.21399
vt 0.84644 0.52760
vt 0.84318 0.52760
vt 0.16339 0.21073
vt 0.16339 0.21399
vt 0.84644 0.60521
vt 0.84318 0.60521
vt 0.09806 0.21073
vt 0.09806 0.21399
vt 0.84644 0.52444
vt 0.84318 0.52444
vt 0.16593 0.21073
vt 0.16593 0.21399
vt 0.09554 0.21073
vt 0.09554 0.21399
vt 0.84644 0.52100
vt 0.84318 0.52100
vt 0.16863 0.21073
vt 0.16863 0.21399
vt 0.09300 0.21073
vt 0.09300 0.21399
vt 0.84644 0.51737
vt 0.84318 0.51737
vt 0.09030 0.21073
vt 0.09030 0.21399
vt 0.84644 0.51457
vt 0.84318 0.51457
vt 0.13339 0.21073
vt 0.13146 0.21073
vt 0.13146 0.21399
vt 0.13339 0.21399
vt 0.84644 0.51208
vt 0.84318 0.51208
vt 0.14355 0.21073
vt 0.14355 0.21399
vt 0.12554 0.21073
vt 0.12554 0.21399
vt 0.84644 0.51044
vt 0.84318 0.51044
vt 0.14042 0.21073
vt 0.14042 0.21399
vt 0.11537 0.21073
vt 0.11537 0.21399
vt 0.84644 0.50917
vt 0.84318 0.50917
vt 0.13494 0.21073
vt 0.13494 0.21399
vt 0.11850 0.21073
vt 0.11850 0.21399
vt 0.84644 0.50579
vt 0.84318 0.50579
vt 0.13813 0.21073
vt 0.13617 0.21073
vt 0.13617 0.21399
vt 0.13813 0.21399
vt 0.12398 0.21073
vt 0.12398 0.21399
vt 0.12276 0.21073
vt 0.12080 0.21073
vt 0.12080 0.21399
vt 0.12276 0.21399
vt 0.82876 0.60848
vt 0.84318 0.60848
vt 0.84318 0.60521
vt 0.82876 0.60521
vt 0.18244 0.22561
vt 0.18244 0.21399
vt 0.17918 0.21399
vt 0.17918 0.22561
vt 0.07649 0.21399
vt 0.07649 0.22561
vt 0.07975 0.22561
vt 0.07975 0.21399
vt 0.47220 0.11270
vt 0.47220 0.11620
vt 0.47547 0.11620
vt 0.47547 0.11270
vt 0.84644 0.55900
vt 0.84318 0.55900
vt 0.84318 0.50252
vt 0.82876 0.50252
vt 0.82876 0.50579
vt 0.84318 0.50579
vt 0.47220 0.12036
vt 0.47547 0.12037
vt 0.47220 0.12445
vt 0.47547 0.12445
vt 0.47220 0.12935
vt 0.47547 0.12935
vt 0.47220 0.13406
vt 0.47547 0.13406
vt 0.59826 0.78667
vt 0.59826 0.78867
vt 0.60153 0.78867
vt 0.60153 0.78667
vt 0.47220 0.13783
vt 0.47547 0.13783
vt 0.47220 0.14079
vt 0.47547 0.14079
vt 0.59826 0.75950
vt 0.59826 0.76297
vt 0.60153 0.76297
vt 0.60153 0.75950
vt 0.47220 0.10920
vt 0.47547 0.10920
vt 0.59826 0.81037
vt 0.59826 0.81384
vt 0.60153 0.81384
vt 0.60153 0.81037
vt 0.47220 0.14395
vt 0.47547 0.14395
vt 0.59826 0.78467
vt 0.60153 0.78467
vt 0.47220 0.10504
vt 0.47547 0.10504
vt 0.59826 0.80648
vt 0.60153 0.80648
vt 0.47220 0.14743
vt 0.47547 0.14743
vt 0.59826 0.76686
vt 0.60153 0.76686
vt 0.47220 0.10095
vt 0.47547 0.10095
vt 0.59826 0.83118
vt 0.59826 0.83960
vt 0.60153 0.83960
vt 0.60153 0.83118
vt 0.47220 0.15115
vt 0.47547 0.15115
vt 0.59826 0.73374
vt 0.59826 0.74215
vt 0.60153 0.74215
vt 0.60153 0.73374
vt 0.47220 0.09605
vt 0.47547 0.09605
vt 0.59826 0.81778
vt 0.60153 0.81778
vt 0.47220 0.15410
vt 0.47547 0.15410
vt 0.59826 0.75556
vt 0.60153 0.75556
vt 0.47220 0.09134
vt 0.47547 0.09134
vt 0.59826 0.82057
vt 0.60153 0.82057
vt 0.47220 0.15684
vt 0.47547 0.15684
vt 0.59826 0.75277
vt 0.60153 0.75277
vt 0.47220 0.08757
vt 0.47547 0.08757
vt 0.59826 0.82309
vt 0.60153 0.82309
vt 0.47220 0.15894
vt 0.47547 0.15894
vt 0.59826 0.75025
vt 0.60153 0.75025
vt 0.47220 0.08461
vt 0.47547 0.08461
vt 0.59826 0.82566
vt 0.60153 0.82566
vt 0.47220 0.16097
vt 0.47547 0.16097
vt 0.59826 0.74768
vt 0.60153 0.74768
vt 0.47220 0.08145
vt 0.47547 0.08145
vt 0.59826 0.82855
vt 0.60153 0.82855
vt 0.47220 0.16097
vt 0.47220 0.16435
vt 0.47547 0.16435
vt 0.47547 0.16097
vt 0.59826 0.74479
vt 0.60153 0.74479
vt 0.47220 0.07797
vt 0.47547 0.07797
vt 0.59826 0.83118
vt 0.60153 0.83118
vt 0.84644 0.56722
vt 0.84644 0.56316
vt 0.84318 0.56316
vt 0.84318 0.56722
vt 0.59826 0.74215
vt 0.60153 0.74215
vt 0.47220 0.07425
vt 0.47547 0.07425
vt 0.59826 0.79075
vt 0.60153 0.79075
vt 0.59826 0.78259
vt 0.60153 0.78259
vt 0.47220 0.07130
vt 0.47547 0.07130
vt 0.59826 0.80290
vt 0.60153 0.80290
vt 0.84644 0.57208
vt 0.84318 0.57208
vt 0.59826 0.77044
vt 0.60153 0.77044
vt 0.47220 0.06856
vt 0.47547 0.06856
vt 0.59826 0.79968
vt 0.60153 0.79968
vt 0.84644 0.57672
vt 0.84318 0.57672
vt 0.59826 0.77366
vt 0.60153 0.77366
vt 0.47220 0.06646
vt 0.47547 0.06646
vt 0.59826 0.79271
vt 0.60153 0.79271
vt 0.84644 0.58044
vt 0.84318 0.58044
vt 0.59826 0.78063
vt 0.60153 0.78063
vt 0.47220 0.06443
vt 0.47547 0.06443
vt 0.59826 0.79464
vt 0.59826 0.79714
vt 0.60153 0.79714
vt 0.60153 0.79464
vt 0.84644 0.58340
vt 0.84318 0.58340
vt 0.59826 0.77620
vt 0.59826 0.77870
vt 0.60153 0.77870
vt 0.60153 0.77620
vt 0.47220 0.06105
vt 0.47220 0.06443
vt 0.47547 0.06443
vt 0.47547 0.06105
vt 0.59826 0.79464
vt 0.60153 0.79464
vt 0.84644 0.58656
vt 0.84318 0.58656
vt 0.59826 0.77870
vt 0.60153 0.77870
vt 0.61256 0.22484
vt 0.61555 0.22484
vt 0.61555 0.18035
vt 0.61256 0.18035
vt 0.61555 0.17737
vt 0.61555 0.18035
vt 0.71497 0.18036
vt 0.71497 0.17737
vt 0.71796 0.18036
vt 0.71497 0.18036
vt 0.71497 0.22484
vt 0.71796 0.22484
vt 0.71497 0.22782
vt 0.71497 0.22484
vt 0.61555 0.22484
vt 0.61555 0.22782
vt 0.61555 0.27231
vt 0.71497 0.27231
vt 0.71497 0.22782
vt 0.61555 0.22782
vt 0.71497 0.18036
vt 0.61555 0.18035
vt 0.61555 0.22484
vt 0.71497 0.22484
vt 0.94019 0.26785
vt 0.94019 0.27084
vt 0.98467 0.27084
vt 0.98467 0.26785
vt 0.98766 0.27084
vt 0.98467 0.27084
vt 0.98467 0.37026
vt 0.98766 0.37026
vt 0.98467 0.37325
vt 0.98467 0.37026
vt 0.94019 0.37026
vt 0.94019 0.37325
vt 0.93720 0.37026
vt 0.94019 0.37026
vt 0.94019 0.27084
vt 0.93720 0.27084
vt 0.89272 0.27084
vt 0.89272 0.37026
vt 0.93720 0.37026
vt 0.93720 0.27084
vt 0.98467 0.37026
vt 0.98467 0.27084
vt 0.94019 0.27084
vt 0.94019 0.37026
vt 0.79826 0.14353
vt 0.80124 0.14353
vt 0.80124 0.09904
vt 0.79826 0.09904
vt 0.80124 0.09606
vt 0.80124 0.09904
vt 0.90067 0.09904
vt 0.90067 0.09606
vt 0.90365 0.09904
vt 0.90067 0.09904
vt 0.90067 0.14353
vt 0.90365 0.14353
vt 0.90067 0.14651
vt 0.90067 0.14353
vt 0.80124 0.14353
vt 0.80124 0.14651
vt 0.80124 0.19100
vt 0.90067 0.19100
vt 0.90067 0.14651
vt 0.80124 0.14651
vt 0.90067 0.09904
vt 0.80124 0.09904
vt 0.80124 0.14353
vt 0.90067 0.14353
vt 0.77896 0.87778
vt 0.77884 0.88082
vt 0.83344 0.88283
vt 0.83355 0.87980
vt 0.83639 0.88288
vt 0.83344 0.88283
vt 0.83174 0.99681
vt 0.83469 0.99685
vt 0.83172 0.99975
vt 0.83174 0.99681
vt 0.77876 0.99643
vt 0.77874 0.99938
vt 0.77577 0.99643
vt 0.77876 0.99643
vt 0.77876 0.88095
vt 0.77577 0.88095
vt 0.72191 0.88095
vt 0.72191 0.99643
vt 0.77577 0.99643
vt 0.77577 0.88095
vt 0.83054 0.99558
vt 0.83217 0.88405
vt 0.78001 0.88214
vt 0.78001 0.99520
vt 0.77949 0.88152
vt 0.83277 0.88348
vt 0.83344 0.88283
vt 0.77884 0.88082
vt 0.83110 0.99615
vt 0.83174 0.99681
vt 0.77942 0.99579
vt 0.77876 0.99643
vt 0.77942 0.88160
vt 0.77876 0.88095
vt 0.78001 0.88214
vt 0.83217 0.88405
vt 0.83277 0.88348
vt 0.77949 0.88152
vt 0.83217 0.88405
vt 0.83054 0.99558
vt 0.83110 0.99615
vt 0.83277 0.88348
vt 0.83054 0.99558
vt 0.78001 0.99520
vt 0.77942 0.99579
vt 0.83110 0.99615
vt 0.78001 0.99520
vt 0.78001 0.88214
vt 0.77942 0.88160
vt 0.77942 0.99579
vt 0.20843 0.87312
vt 0.21033 0.87312
vt 0.21033 0.74838
vt 0.20843 0.74838
vt 0.21033 0.74648
vt 0.21033 0.74838
vt 0.30975 0.74838
vt 0.30975 0.74648
vt 0.31165 0.74838
vt 0.30975 0.74838
vt 0.30975 0.87312
vt 0.31165 0.87312
vt 0.30975 0.87502
vt 0.30975 0.87312
vt 0.21033 0.87312
vt 0.21033 0.87502
vt 0.21033 0.99976
vt 0.30975 0.99976
vt 0.30975 0.87502
vt 0.21033 0.87502
vt 0.30975 0.74838
vt 0.21033 0.74838
vt 0.21033 0.87312
vt 0.30975 0.87312
vt 0.22958 0.09582
vt 0.22958 0.09880
vt 0.24339 0.09880
vt 0.24339 0.09582
vt 0.24638 0.09880
vt 0.24339 0.09880
vt 0.24339 0.19823
vt 0.24638 0.19823
vt 0.24339 0.20121
vt 0.24339 0.19823
vt 0.22958 0.19823
vt 0.22958 0.20121
vt 0.22659 0.19823
vt 0.22958 0.19823
vt 0.22958 0.09880
vt 0.22659 0.09880
vt 0.21278 0.09880
vt 0.21278 0.19823
vt 0.22659 0.19823
vt 0.22659 0.09880
vt 0.24339 0.19823
vt 0.24339 0.09880
vt 0.22958 0.09880
vt 0.22958 0.19823
vt 0.00478 0.31354
vt 0.14706 0.31354
vt 0.14706 0.29679
vt 0.00478 0.29679
vt 0.00478 0.31808
vt 0.00478 0.33483
vt 0.14706 0.33483
vt 0.14706 0.31808
vt 0.15159 0.33483
vt 0.15160 0.31808
vt 0.14706 0.31808
vt 0.14706 0.33483
vt 0.00024 0.31808
vt 0.00024 0.33483
vt 0.00478 0.33483
vt 0.00478 0.31808
vt 0.14706 0.33937
vt 0.14706 0.33483
vt 0.00478 0.33483
vt 0.00478 0.33937
vt 0.14706 0.31354
vt 0.00478 0.31354
vt 0.00478 0.31808
vt 0.14706 0.31808
vt 0.15247 0.31354
vt 0.29474 0.31354
vt 0.29474 0.29679
vt 0.15247 0.29679
vt 0.15247 0.31808
vt 0.15247 0.33483
vt 0.29474 0.33483
vt 0.29474 0.31808
vt 0.29474 0.29679
vt 0.29474 0.31354
vt 0.29928 0.31354
vt 0.29928 0.29679
vt 0.15247 0.31354
vt 0.15247 0.29679
vt 0.14793 0.29679
vt 0.14793 0.31354
vt 0.29474 0.31354
vt 0.15247 0.31354
vt 0.15247 0.31808
vt 0.29474 0.31808
vt 0.29474 0.29679
vt 0.29474 0.29225
vt 0.15247 0.29225
vt 0.15247 0.29679
vt 0.41661 0.84501
vt 0.43228 0.84501
vt 0.16494 0.33570
vt 0.16494 0.35137
vt 0.45248 0.84501
vt 0.43682 0.84501
vt 0.16494 0.37157
vt 0.16494 0.35591
vt 0.45702 0.99028
vt 0.45702 0.98875
vt 0.45248 0.98875
vt 0.45248 0.99028
vt 0.30867 0.37611
vt 0.31020 0.37611
vt 0.31020 0.37157
vt 0.30867 0.37157
vt 0.45702 0.98729
vt 0.45248 0.98729
vt 0.30721 0.35137
vt 0.16494 0.35137
vt 0.16494 0.35591
vt 0.30721 0.35591
vt 0.45702 0.99488
vt 0.45702 0.99314
vt 0.45248 0.99314
vt 0.45248 0.99488
vt 0.30721 0.37611
vt 0.30721 0.37157
vt 0.31306 0.37611
vt 0.31481 0.37611
vt 0.31480 0.37157
vt 0.31306 0.37157
vt 0.43228 0.84501
vt 0.43228 0.98729
vt 0.43682 0.98729
vt 0.43682 0.84501
vt 0.45702 0.99670
vt 0.45248 0.99670
vt 0.31662 0.37611
vt 0.31662 0.37157
vt 0.43682 0.99975
vt 0.44601 0.99976
vt 0.44600 0.99522
vt 0.43682 0.99522
vt 0.43228 0.99522
vt 0.43682 0.99522
vt 0.31968 0.36509
vt 0.31968 0.35590
vt 0.31514 0.35590
vt 0.31514 0.36509
vt 0.45702 0.99842
vt 0.45248 0.99842
vt 0.31514 0.35137
vt 0.31514 0.35590
vt 0.31834 0.37611
vt 0.31834 0.37157
vt 0.45702 0.99154
vt 0.45248 0.99154
vt 0.16040 0.35591
vt 0.16040 0.37157
vt 0.16494 0.37157
vt 0.16494 0.35591
vt 0.31146 0.37611
vt 0.31146 0.37157
vt 0.45248 0.84047
vt 0.43682 0.84047
vt 0.43682 0.84501
vt 0.45248 0.84501
vt 0.62637 0.32915
vt 0.62637 0.34481
vt 0.65067 0.69394
vt 0.63500 0.69394
vt 0.62637 0.36501
vt 0.62637 0.34935
vt 0.61480 0.69394
vt 0.63047 0.69394
vt 0.48111 0.32915
vt 0.48263 0.32915
vt 0.48263 0.32461
vt 0.48111 0.32461
vt 0.65067 0.83768
vt 0.65067 0.83920
vt 0.65521 0.83920
vt 0.65521 0.83768
vt 0.48410 0.32915
vt 0.48410 0.32461
vt 0.63500 0.83621
vt 0.63500 0.69394
vt 0.63047 0.69394
vt 0.63046 0.83621
vt 0.47650 0.32915
vt 0.47825 0.32915
vt 0.47825 0.32461
vt 0.47650 0.32461
vt 0.65067 0.83621
vt 0.65521 0.83621
vt 0.65067 0.84206
vt 0.65067 0.84381
vt 0.65521 0.84381
vt 0.65521 0.84206
vt 0.62637 0.34481
vt 0.48410 0.34481
vt 0.48410 0.34935
vt 0.62637 0.34935
vt 0.47468 0.32915
vt 0.47468 0.32461
vt 0.65067 0.84562
vt 0.65521 0.84562
vt 0.47617 0.34481
vt 0.47617 0.33562
vt 0.47163 0.33562
vt 0.47163 0.34481
vt 0.47617 0.34481
vt 0.47617 0.34935
vt 0.64420 0.84414
vt 0.63500 0.84414
vt 0.63500 0.84868
vt 0.64419 0.84868
vt 0.47297 0.32915
vt 0.47297 0.32461
vt 0.63500 0.84414
vt 0.63047 0.84414
vt 0.65067 0.84734
vt 0.65521 0.84734
vt 0.47984 0.32915
vt 0.47984 0.32461
vt 0.63500 0.69394
vt 0.65067 0.69394
vt 0.65067 0.68940
vt 0.63500 0.68940
vt 0.65067 0.84046
vt 0.65521 0.84046
vt 0.62637 0.32915
vt 0.62637 0.34481
vt 0.63091 0.34481
vt 0.63091 0.32915
vt 0.45702 0.84501
vt 0.45248 0.84501
vt 0.16494 0.37611
vt 0.16494 0.37157
vt 0.62637 0.32915
vt 0.62637 0.32461
vt 0.65067 0.69394
vt 0.65521 0.69394
vt 0.07555 0.58270
vt 0.07748 0.58194
vt 0.07748 0.57126
vt 0.07555 0.57126
vt 0.11485 0.58288
vt 0.12327 0.58288
vt 0.12326 0.57126
vt 0.11485 0.57126
vt 0.08764 0.58263
vt 0.09122 0.58288
vt 0.09122 0.57126
vt 0.08764 0.57126
vt 0.09848 0.58186
vt 0.10225 0.58073
vt 0.10225 0.57126
vt 0.09848 0.57126
vt 0.08451 0.58188
vt 0.08451 0.57126
vt 0.10496 0.58007
vt 0.10496 0.57126
vt 0.07903 0.58074
vt 0.07903 0.57126
vt 0.10748 0.57991
vt 0.10748 0.57126
vt 0.08026 0.57925
vt 0.08222 0.58081
vt 0.08222 0.57126
vt 0.08026 0.57126
vt 0.11002 0.58028
vt 0.11002 0.57126
vt 0.09510 0.58266
vt 0.09510 0.57126
vt 0.11272 0.58133
vt 0.11272 0.57126
vt 0.07355 0.58288
vt 0.07355 0.57126
vt 0.07156 0.58270
vt 0.07156 0.57126
vt 0.06963 0.57126
vt 0.06963 0.58194
vt 0.03226 0.58288
vt 0.03226 0.57126
vt 0.02384 0.57126
vt 0.02384 0.58288
vt 0.05946 0.58263
vt 0.05946 0.57126
vt 0.05589 0.57126
vt 0.05589 0.58288
vt 0.04863 0.58186
vt 0.04863 0.57126
vt 0.04485 0.57126
vt 0.04485 0.58073
vt 0.06259 0.58188
vt 0.06259 0.57126
vt 0.04215 0.57126
vt 0.04215 0.58007
vt 0.06807 0.57126
vt 0.06807 0.58074
vt 0.03962 0.57126
vt 0.03962 0.57991
vt 0.06685 0.57925
vt 0.06685 0.57126
vt 0.06489 0.57126
vt 0.06489 0.58081
vt 0.03709 0.57126
vt 0.03709 0.58028
vt 0.05201 0.58266
vt 0.05201 0.57126
vt 0.03439 0.57126
vt 0.03439 0.58133
vt 0.27116 0.22582
vt 0.27396 0.22676
vt 0.27396 0.21638
vt 0.27116 0.21638
vt 0.24474 0.22657
vt 0.24960 0.22588
vt 0.24960 0.21638
vt 0.24475 0.21638
vt 0.27644 0.22792
vt 0.27644 0.21638
vt 0.25425 0.22512
vt 0.25425 0.21638
vt 0.27808 0.22923
vt 0.27808 0.21638
vt 0.25797 0.22456
vt 0.25797 0.21638
vt 0.27935 0.23080
vt 0.27935 0.21638
vt 0.26093 0.22443
vt 0.26093 0.21638
vt 0.28274 0.23080
vt 0.28274 0.21638
vt 0.26409 0.22448
vt 0.26409 0.21638
vt 0.23303 0.22723
vt 0.23653 0.22723
vt 0.23653 0.21638
vt 0.23303 0.21638
vt 0.26753 0.22499
vt 0.26753 0.21638
vt 0.24069 0.22703
vt 0.24069 0.21638
vt 0.19489 0.22582
vt 0.19489 0.21638
vt 0.19209 0.21638
vt 0.19209 0.22676
vt 0.22131 0.22657
vt 0.22131 0.21638
vt 0.21645 0.21638
vt 0.21645 0.22588
vt 0.18961 0.21638
vt 0.18961 0.22792
vt 0.21181 0.21638
vt 0.21181 0.22512
vt 0.18797 0.21638
vt 0.18797 0.22923
vt 0.20808 0.21638
vt 0.20808 0.22456
vt 0.18670 0.21638
vt 0.18670 0.23080
vt 0.20513 0.21638
vt 0.20513 0.22443
vt 0.18331 0.21638
vt 0.18331 0.23080
vt 0.20197 0.21638
vt 0.20197 0.22448
vt 0.22953 0.21638
vt 0.22952 0.22723
vt 0.19852 0.21638
vt 0.19852 0.22499
vt 0.22537 0.21638
vt 0.22537 0.22703
vt 0.07555 0.55657
vt 0.07555 0.56800
vt 0.07748 0.56800
vt 0.07748 0.55732
vt 0.11485 0.55639
vt 0.11485 0.56800
vt 0.12326 0.56800
vt 0.12326 0.55639
vt 0.08764 0.55664
vt 0.08764 0.56800
vt 0.09122 0.56800
vt 0.09121 0.55639
vt 0.09848 0.55740
vt 0.09848 0.56800
vt 0.10225 0.56800
vt 0.10225 0.55853
vt 0.08451 0.55739
vt 0.08451 0.56800
vt 0.10496 0.56800
vt 0.10496 0.55919
vt 0.07903 0.56800
vt 0.07903 0.55853
vt 0.10748 0.56800
vt 0.10748 0.55935
vt 0.08026 0.56001
vt 0.08026 0.56800
vt 0.08222 0.56800
vt 0.08222 0.55845
vt 0.11002 0.56800
vt 0.11002 0.55898
vt 0.09510 0.55661
vt 0.09510 0.56800
vt 0.11272 0.56800
vt 0.11272 0.55793
vt 0.07355 0.55639
vt 0.07355 0.56800
vt 0.07156 0.55657
vt 0.06963 0.55732
vt 0.06963 0.56800
vt 0.07156 0.56800
vt 0.03226 0.55639
vt 0.02384 0.55639
vt 0.02384 0.56800
vt 0.03226 0.56800
vt 0.05946 0.55664
vt 0.05589 0.55639
vt 0.05589 0.56800
vt 0.05946 0.56800
vt 0.04863 0.55740
vt 0.04485 0.55853
vt 0.04485 0.56800
vt 0.04863 0.56800
vt 0.06259 0.55739
vt 0.06259 0.56800
vt 0.04215 0.55919
vt 0.04215 0.56800
vt 0.06807 0.55852
vt 0.06807 0.56800
vt 0.03962 0.55935
vt 0.03962 0.56800
vt 0.06685 0.56001
vt 0.06489 0.55845
vt 0.06489 0.56800
vt 0.06685 0.56800
vt 0.03709 0.55898
vt 0.03709 0.56800
vt 0.05201 0.55661
vt 0.05201 0.56800
vt 0.03439 0.55793
vt 0.03439 0.56800
vt 0.27116 0.20368
vt 0.27116 0.21312
vt 0.27396 0.21312
vt 0.27396 0.20274
vt 0.24475 0.20293
vt 0.24475 0.21312
vt 0.24960 0.21312
vt 0.24960 0.20362
vt 0.27644 0.21312
vt 0.27644 0.20158
vt 0.25425 0.21312
vt 0.25425 0.20438
vt 0.27808 0.21312
vt 0.27808 0.20027
vt 0.25797 0.21312
vt 0.25797 0.20494
vt 0.27935 0.21312
vt 0.27935 0.19870
vt 0.26093 0.21312
vt 0.26093 0.20507
vt 0.28274 0.21312
vt 0.28274 0.19870
vt 0.26409 0.21312
vt 0.26409 0.20502
vt 0.23303 0.20227
vt 0.23303 0.21312
vt 0.23653 0.21312
vt 0.23653 0.20227
vt 0.26753 0.21312
vt 0.26753 0.20451
vt 0.24069 0.21312
vt 0.24069 0.20247
vt 0.19489 0.20368
vt 0.19209 0.20274
vt 0.19209 0.21312
vt 0.19489 0.21312
vt 0.22131 0.20293
vt 0.21645 0.20362
vt 0.21645 0.21312
vt 0.22131 0.21312
vt 0.18961 0.20158
vt 0.18961 0.21312
vt 0.21181 0.20438
vt 0.21181 0.21312
vt 0.18797 0.20027
vt 0.18797 0.21312
vt 0.20808 0.20494
vt 0.20808 0.21312
vt 0.18670 0.19870
vt 0.18670 0.21312
vt 0.20513 0.20507
vt 0.20513 0.21312
vt 0.18331 0.19870
vt 0.18331 0.21312
vt 0.20197 0.20502
vt 0.20197 0.21312
vt 0.22953 0.20227
vt 0.22953 0.21312
vt 0.19852 0.20451
vt 0.19852 0.21312
vt 0.22537 0.20247
vt 0.22537 0.21312
vt 0.23653 0.21638
vt 0.24069 0.21638
vt 0.24069 0.21312
vt 0.23653 0.21312
vt 0.04863 0.57126
vt 0.05201 0.57126
vt 0.05201 0.56800
vt 0.04863 0.56800
vt 0.19489 0.21638
vt 0.19852 0.21638
vt 0.19852 0.21312
vt 0.19489 0.21312
vt 0.09510 0.57126
vt 0.09848 0.57126
vt 0.09848 0.56800
vt 0.09510 0.56800
vt 0.23303 0.21638
vt 0.23303 0.21312
vt 0.05589 0.57126
vt 0.05589 0.56800
vt 0.19209 0.21638
vt 0.19209 0.21312
vt 0.07355 0.57126
vt 0.07555 0.57126
vt 0.07555 0.56800
vt 0.07355 0.56800
vt 0.24475 0.21638
vt 0.24960 0.21638
vt 0.24960 0.21312
vt 0.24475 0.21312
vt 0.02384 0.57126
vt 0.03226 0.57126
vt 0.03226 0.56800
vt 0.02384 0.56800
vt 0.18961 0.21638
vt 0.18961 0.21312
vt 0.09122 0.57126
vt 0.09122 0.56800
vt 0.25425 0.21638
vt 0.25425 0.21312
vt 0.04485 0.57126
vt 0.04485 0.56800
vt 0.18797 0.21638
vt 0.18797 0.21312
vt 0.11485 0.57126
vt 0.12326 0.57126
vt 0.12326 0.56800
vt 0.11485 0.56800
vt 0.25797 0.21638
vt 0.25797 0.21312
vt 0.04215 0.57126
vt 0.04215 0.56800
vt 0.18670 0.21638
vt 0.18670 0.21312
vt 0.10225 0.57126
vt 0.10225 0.56800
vt 0.26093 0.21638
vt 0.26093 0.21312
vt 0.03962 0.57126
vt 0.03962 0.56800
vt 0.18331 0.21638
vt 0.18331 0.21312
vt 0.10496 0.57126
vt 0.10496 0.56800
vt 0.26409 0.21638
vt 0.26409 0.21312
vt 0.03709 0.57126
vt 0.03709 0.56800
vt 0.10748 0.57126
vt 0.10748 0.56800
vt 0.26753 0.21638
vt 0.26753 0.21312
vt 0.03439 0.57126
vt 0.03439 0.56800
vt 0.11002 0.57126
vt 0.11002 0.56800
vt 0.27116 0.21638
vt 0.27116 0.21312
vt 0.11272 0.57126
vt 0.11272 0.56800
vt 0.27396 0.21638
vt 0.27396 0.21312
vt 0.06963 0.57126
vt 0.07156 0.57126
vt 0.07156 0.56800
vt 0.06963 0.56800
vt 0.27644 0.21638
vt 0.27644 0.21312
vt 0.05946 0.57126
vt 0.05946 0.56800
vt 0.07748 0.57126
vt 0.07748 0.56800
vt 0.27808 0.21638
vt 0.27808 0.21312
vt 0.06259 0.57126
vt 0.06259 0.56800
vt 0.08764 0.57126
vt 0.08764 0.56800
vt 0.27935 0.21638
vt 0.27935 0.21312
vt 0.06807 0.57126
vt 0.06807 0.56800
vt 0.08451 0.57126
vt 0.08451 0.56800
vt 0.28274 0.21638
vt 0.28274 0.21312
vt 0.06489 0.57126
vt 0.06685 0.57126
vt 0.06685 0.56800
vt 0.06489 0.56800
vt 0.07903 0.57126
vt 0.07903 0.56800
vt 0.08026 0.57126
vt 0.08222 0.57126
vt 0.08222 0.56800
vt 0.08026 0.56800
vt 0.18005 0.19870
vt 0.18005 0.21312
vt 0.18331 0.21312
vt 0.18331 0.19870
vt 0.02058 0.55639
vt 0.02058 0.56800
vt 0.02384 0.56800
vt 0.02384 0.55639
vt 0.12653 0.56800
vt 0.12653 0.55639
vt 0.12326 0.55639
vt 0.12326 0.56800
vt 0.47634 0.11270
vt 0.47634 0.11620
vt 0.47961 0.11620
vt 0.47961 0.11270
vt 0.22953 0.21638
vt 0.22953 0.21312
vt 0.28600 0.21312
vt 0.28600 0.19870
vt 0.28274 0.19870
vt 0.28274 0.21312
vt 0.47634 0.12037
vt 0.47960 0.12037
vt 0.47634 0.12445
vt 0.47961 0.12445
vt 0.47634 0.12936
vt 0.47960 0.12936
vt 0.47634 0.13406
vt 0.47960 0.13406
vt 0.50542 0.27080
vt 0.50542 0.26880
vt 0.50215 0.26880
vt 0.50215 0.27080
vt 0.47634 0.13783
vt 0.47961 0.13783
vt 0.47634 0.14079
vt 0.47960 0.14079
vt 0.50542 0.29797
vt 0.50542 0.29451
vt 0.50215 0.29451
vt 0.50215 0.29797
vt 0.47634 0.10920
vt 0.47961 0.10920
vt 0.50542 0.24710
vt 0.50542 0.24363
vt 0.50215 0.24363
vt 0.50215 0.24710
vt 0.47634 0.14395
vt 0.47961 0.14395
vt 0.50542 0.27280
vt 0.50215 0.27280
vt 0.47634 0.10504
vt 0.47961 0.10504
vt 0.50542 0.25099
vt 0.50215 0.25099
vt 0.47634 0.14743
vt 0.47961 0.14743
vt 0.50542 0.29061
vt 0.50215 0.29061
vt 0.47634 0.10095
vt 0.47961 0.10095
vt 0.50542 0.22629
vt 0.50542 0.21787
vt 0.50215 0.21787
vt 0.50215 0.22629
vt 0.47634 0.15115
vt 0.47960 0.15115
vt 0.50542 0.32374
vt 0.50542 0.31532
vt 0.50215 0.31532
vt 0.50215 0.32374
vt 0.47634 0.09605
vt 0.47961 0.09605
vt 0.50542 0.23969
vt 0.50215 0.23969
vt 0.47634 0.15410
vt 0.47960 0.15410
vt 0.50542 0.30191
vt 0.50215 0.30191
vt 0.47634 0.09134
vt 0.47961 0.09134
vt 0.50542 0.23691
vt 0.50215 0.23691
vt 0.47634 0.15684
vt 0.47961 0.15684
vt 0.50542 0.30470
vt 0.50215 0.30470
vt 0.47634 0.08758
vt 0.47960 0.08758
vt 0.50542 0.23438
vt 0.50215 0.23438
vt 0.47634 0.15894
vt 0.47960 0.15894
vt 0.50542 0.30723
vt 0.50215 0.30723
vt 0.47634 0.08462
vt 0.47961 0.08462
vt 0.50542 0.23181
vt 0.50215 0.23181
vt 0.47634 0.16097
vt 0.47960 0.16097
vt 0.50542 0.30979
vt 0.50215 0.30979
vt 0.47634 0.08146
vt 0.47960 0.08146
vt 0.50542 0.22892
vt 0.50215 0.22892
vt 0.47634 0.16097
vt 0.47634 0.16435
vt 0.47961 0.16435
vt 0.47960 0.16097
vt 0.50542 0.31269
vt 0.50215 0.31269
vt 0.47634 0.07797
vt 0.47961 0.07798
vt 0.50542 0.22629
vt 0.50215 0.22629
vt 0.22131 0.21638
vt 0.22537 0.21638
vt 0.22537 0.21312
vt 0.22131 0.21312
vt 0.50542 0.31532
vt 0.50215 0.31532
vt 0.47634 0.07425
vt 0.47960 0.07425
vt 0.50542 0.26673
vt 0.50215 0.26673
vt 0.50542 0.27488
vt 0.50215 0.27488
vt 0.47634 0.07130
vt 0.47960 0.07130
vt 0.50542 0.25458
vt 0.50215 0.25458
vt 0.21645 0.21638
vt 0.21645 0.21312
vt 0.50542 0.28703
vt 0.50215 0.28703
vt 0.47634 0.06856
vt 0.47960 0.06856
vt 0.50542 0.25779
vt 0.50215 0.25779
vt 0.21181 0.21638
vt 0.21181 0.21312
vt 0.50542 0.28381
vt 0.50215 0.28381
vt 0.47634 0.06646
vt 0.47961 0.06646
vt 0.50542 0.26476
vt 0.50215 0.26476
vt 0.20808 0.21638
vt 0.20808 0.21312
vt 0.50542 0.27685
vt 0.50215 0.27685
vt 0.47634 0.06444
vt 0.47961 0.06444
vt 0.50542 0.26283
vt 0.50542 0.26033
vt 0.50215 0.26033
vt 0.50215 0.26283
vt 0.20513 0.21638
vt 0.20513 0.21312
vt 0.50542 0.28128
vt 0.50542 0.27878
vt 0.50215 0.27878
vt 0.50215 0.28128
vt 0.47634 0.06105
vt 0.47634 0.06444
vt 0.47961 0.06444
vt 0.47960 0.06105
vt 0.50542 0.26283
vt 0.50215 0.26283
vt 0.20197 0.21638
vt 0.20197 0.21312
vt 0.50542 0.27878
vt 0.50215 0.27878
vt 0.95200 0.05830
vt 0.95200 0.06129
vt 0.99648 0.06129
vt 0.99648 0.05830
vt 0.99947 0.06129
vt 0.99648 0.06129
vt 0.99648 0.16071
vt 0.99947 0.16071
vt 0.99648 0.16369
vt 0.99648 0.16071
vt 0.95200 0.16071
vt 0.95200 0.16369
vt 0.94901 0.16071
vt 0.95200 0.16071
vt 0.95200 0.06129
vt 0.94901 0.06129
vt 0.90453 0.06129
vt 0.90453 0.16071
vt 0.94901 0.16071
vt 0.94901 0.06129
vt 0.99648 0.16071
vt 0.99648 0.06129
vt 0.95200 0.06129
vt 0.95200 0.16071
vt 0.94901 0.26698
vt 0.94901 0.26399
vt 0.90453 0.26399
vt 0.90453 0.26698
vt 0.90154 0.26399
vt 0.90453 0.26399
vt 0.90453 0.16457
vt 0.90154 0.16457
vt 0.90453 0.16158
vt 0.90453 0.16457
vt 0.94901 0.16457
vt 0.94901 0.16158
vt 0.95200 0.16457
vt 0.94901 0.16457
vt 0.94901 0.26399
vt 0.95200 0.26399
vt 0.99648 0.26399
vt 0.99648 0.16457
vt 0.95200 0.16457
vt 0.95200 0.26399
vt 0.90453 0.16457
vt 0.90453 0.26399
vt 0.94901 0.26399
vt 0.94901 0.16457
vt 0.88881 0.84602
vt 0.89180 0.84602
vt 0.89180 0.80153
vt 0.88881 0.80153
vt 0.89180 0.79855
vt 0.89180 0.80153
vt 0.99122 0.80153
vt 0.99122 0.79855
vt 0.99421 0.80153
vt 0.99122 0.80153
vt 0.99122 0.84602
vt 0.99421 0.84602
vt 0.99122 0.84900
vt 0.99122 0.84602
vt 0.89180 0.84602
vt 0.89180 0.84900
vt 0.89180 0.89349
vt 0.99122 0.89349
vt 0.99122 0.84900
vt 0.89180 0.84900
vt 0.99122 0.80153
vt 0.89180 0.80153
vt 0.89180 0.84602
vt 0.99122 0.84602
vt 0.75895 0.84900
vt 0.75905 0.84597
vt 0.70465 0.84407
vt 0.70454 0.84710
vt 0.70169 0.84404
vt 0.70465 0.84407
vt 0.70590 0.72993
vt 0.70294 0.72989
vt 0.70593 0.72697
vt 0.70590 0.72993
vt 0.75912 0.73042
vt 0.75915 0.72746
vt 0.76212 0.73042
vt 0.75912 0.73042
vt 0.75912 0.84584
vt 0.76212 0.84584
vt 0.81595 0.84584
vt 0.81595 0.73042
vt 0.76212 0.73042
vt 0.76212 0.84584
vt 0.70711 0.73117
vt 0.70591 0.84286
vt 0.75788 0.84466
vt 0.75788 0.73164
vt 0.75841 0.84528
vt 0.70532 0.84343
vt 0.70465 0.84407
vt 0.75905 0.84597
vt 0.70654 0.73058
vt 0.70590 0.72993
vt 0.75846 0.73107
vt 0.75912 0.73042
vt 0.75846 0.84518
vt 0.75912 0.84584
vt 0.75788 0.84466
vt 0.70591 0.84286
vt 0.70532 0.84343
vt 0.75841 0.84528
vt 0.70591 0.84286
vt 0.70711 0.73117
vt 0.70654 0.73058
vt 0.70532 0.84343
vt 0.70711 0.73117
vt 0.75788 0.73164
vt 0.75846 0.73107
vt 0.70654 0.73058
vt 0.75788 0.73164
vt 0.75788 0.84466
vt 0.75846 0.84518
vt 0.75846 0.73107
vt 0.00024 0.87312
vt 0.00214 0.87312
vt 0.00214 0.74838
vt 0.00024 0.74838
vt 0.00214 0.74648
vt 0.00214 0.74838
vt 0.10157 0.74838
vt 0.10157 0.74648
vt 0.10346 0.74838
vt 0.10157 0.74838
vt 0.10157 0.87312
vt 0.10346 0.87312
vt 0.10157 0.87502
vt 0.10157 0.87312
vt 0.00214 0.87312
vt 0.00214 0.87502
vt 0.00214 0.99975
vt 0.10156 0.99976
vt 0.10157 0.87502
vt 0.00214 0.87502
vt 0.10157 0.74838
vt 0.00214 0.74838
vt 0.00214 0.87312
vt 0.10157 0.87312
vt 0.95126 0.68608
vt 0.95126 0.68310
vt 0.93745 0.68310
vt 0.93745 0.68608
vt 0.93446 0.68310
vt 0.93745 0.68310
vt 0.93744 0.58367
vt 0.93446 0.58367
vt 0.93744 0.58069
vt 0.93744 0.58367
vt 0.95126 0.58367
vt 0.95126 0.58069
vt 0.95424 0.58367
vt 0.95126 0.58367
vt 0.95126 0.68310
vt 0.95424 0.68310
vt 0.96806 0.68310
vt 0.96805 0.58367
vt 0.95424 0.58367
vt 0.95424 0.68310
vt 0.93744 0.58367
vt 0.93745 0.68310
vt 0.95126 0.68310
vt 0.95126 0.58367
vt 0.65176 0.99522
vt 0.65176 0.85294
vt 0.63500 0.85294
vt 0.63500 0.99522
vt 0.65629 0.99522
vt 0.67305 0.99522
vt 0.67305 0.85294
vt 0.65629 0.85294
vt 0.67305 0.84841
vt 0.65629 0.84841
vt 0.65629 0.85294
vt 0.67305 0.85294
vt 0.65629 0.99975
vt 0.67305 0.99976
vt 0.67305 0.99522
vt 0.65629 0.99522
vt 0.67759 0.85294
vt 0.67305 0.85294
vt 0.67305 0.99522
vt 0.67759 0.99522
vt 0.65176 0.85294
vt 0.65176 0.99522
vt 0.65629 0.99522
vt 0.65629 0.85294
vt 0.64075 0.39197
vt 0.64075 0.53425
vt 0.65750 0.53425
vt 0.65750 0.39197
vt 0.63621 0.39197
vt 0.61946 0.39197
vt 0.61946 0.53425
vt 0.63621 0.53425
vt 0.65750 0.53425
vt 0.64075 0.53425
vt 0.64075 0.53878
vt 0.65750 0.53878
vt 0.64075 0.39197
vt 0.65750 0.39197
vt 0.65750 0.38743
vt 0.64075 0.38743
vt 0.64075 0.53425
vt 0.64075 0.39197
vt 0.63621 0.39197
vt 0.63621 0.53425
vt 0.65750 0.53425
vt 0.66204 0.53425
vt 0.66204 0.39197
vt 0.65750 0.39197
vt 0.15499 0.34024
vt 0.15499 0.35591
vt 0.53957 0.84501
vt 0.52391 0.84501
vt 0.15499 0.37611
vt 0.15499 0.36044
vt 0.50371 0.84501
vt 0.51937 0.84501
vt 0.00972 0.38065
vt 0.01125 0.38065
vt 0.01125 0.37611
vt 0.00972 0.37611
vt 0.49917 0.98875
vt 0.49917 0.99028
vt 0.50371 0.99028
vt 0.50371 0.98875
vt 0.01271 0.38065
vt 0.01271 0.37611
vt 0.52391 0.98729
vt 0.52391 0.84501
vt 0.51937 0.84501
vt 0.51937 0.98729
vt 0.00512 0.38065
vt 0.00686 0.38065
vt 0.00686 0.37611
vt 0.00512 0.37611
vt 0.49917 0.98729
vt 0.50371 0.98729
vt 0.49917 0.99314
vt 0.49917 0.99488
vt 0.50371 0.99488
vt 0.50371 0.99314
vt 0.15499 0.35591
vt 0.01271 0.35590
vt 0.01271 0.36044
vt 0.15499 0.36044
vt 0.00330 0.38065
vt 0.00330 0.37611
vt 0.49917 0.99670
vt 0.50371 0.99670
vt 0.00024 0.36044
vt 0.00024 0.36963
vt 0.00478 0.36963
vt 0.00478 0.36044
vt 0.00478 0.35590
vt 0.00478 0.36044
vt 0.51018 0.99976
vt 0.51937 0.99976
vt 0.51937 0.99522
vt 0.51018 0.99522
vt 0.00158 0.38065
vt 0.00158 0.37611
vt 0.52391 0.99522
vt 0.51937 0.99522
vt 0.49917 0.99842
vt 0.50371 0.99842
vt 0.00846 0.38065
vt 0.00846 0.37611
vt 0.51937 0.84047
vt 0.50371 0.84047
vt 0.50371 0.84501
vt 0.51937 0.84501
vt 0.49917 0.99154
vt 0.50371 0.99154
vt 0.15953 0.37611
vt 0.15953 0.36044
vt 0.15499 0.36044
vt 0.15499 0.37611
vt 0.32055 0.43555
vt 0.32055 0.41988
vt 0.54144 0.52063
vt 0.55710 0.52063
vt 0.32055 0.39968
vt 0.32055 0.41534
vt 0.57731 0.52063
vt 0.56164 0.52063
vt 0.46582 0.43555
vt 0.46429 0.43555
vt 0.46429 0.44008
vt 0.46582 0.44008
vt 0.54144 0.37689
vt 0.54144 0.37537
vt 0.53690 0.37537
vt 0.53690 0.37689
vt 0.46283 0.43555
vt 0.46283 0.44008
vt 0.55710 0.37836
vt 0.55710 0.52063
vt 0.56164 0.52063
vt 0.56164 0.37836
vt 0.47042 0.43555
vt 0.46868 0.43555
vt 0.46868 0.44008
vt 0.47042 0.44008
vt 0.54144 0.37836
vt 0.53690 0.37836
vt 0.54144 0.37251
vt 0.54144 0.37076
vt 0.53690 0.37076
vt 0.53690 0.37251
vt 0.32055 0.41988
vt 0.46283 0.41988
vt 0.46283 0.41534
vt 0.32055 0.41534
vt 0.47224 0.43555
vt 0.47224 0.44008
vt 0.54144 0.36894
vt 0.53690 0.36894
vt 0.47076 0.41988
vt 0.47076 0.42907
vt 0.47530 0.42907
vt 0.47529 0.41988
vt 0.47076 0.41988
vt 0.47076 0.41534
vt 0.54791 0.37043
vt 0.55710 0.37043
vt 0.55710 0.36589
vt 0.54791 0.36589
vt 0.47396 0.43555
vt 0.47396 0.44008
vt 0.55710 0.37043
vt 0.56164 0.37043
vt 0.54144 0.36722
vt 0.53690 0.36722
vt 0.46708 0.43555
vt 0.46708 0.44008
vt 0.55710 0.52063
vt 0.54144 0.52063
vt 0.54144 0.52517
vt 0.55710 0.52517
vt 0.54144 0.37410
vt 0.53690 0.37410
vt 0.32055 0.43555
vt 0.32055 0.41988
vt 0.31601 0.41988
vt 0.31601 0.43555
vt 0.15499 0.38065
vt 0.15499 0.37611
vt 0.49917 0.84501
vt 0.50371 0.84501
vt 0.32055 0.43555
vt 0.32055 0.44008
vt 0.54144 0.52063
vt 0.53690 0.52063
vt 0.88805 0.52401
vt 0.88730 0.52208
vt 0.87661 0.52208
vt 0.87661 0.52401
vt 0.88823 0.48471
vt 0.88823 0.47629
vt 0.87661 0.47629
vt 0.87661 0.48471
vt 0.88798 0.51191
vt 0.88823 0.50834
vt 0.87661 0.50834
vt 0.87661 0.51191
vt 0.88721 0.50108
vt 0.88608 0.49731
vt 0.87661 0.49730
vt 0.87661 0.50108
vt 0.88723 0.51504
vt 0.87661 0.51504
vt 0.88542 0.49460
vt 0.87661 0.49460
vt 0.88609 0.52052
vt 0.87661 0.52052
vt 0.88526 0.49208
vt 0.87661 0.49207
vt 0.88460 0.51930
vt 0.88616 0.51734
vt 0.87661 0.51734
vt 0.87661 0.51930
vt 0.88563 0.48953
vt 0.87661 0.48953
vt 0.88801 0.50446
vt 0.87661 0.50446
vt 0.88668 0.48684
vt 0.87661 0.48684
vt 0.88823 0.52600
vt 0.87661 0.52600
vt 0.88805 0.52800
vt 0.87661 0.52800
vt 0.87661 0.52993
vt 0.88730 0.52993
vt 0.88823 0.56730
vt 0.87661 0.56730
vt 0.87661 0.57572
vt 0.88823 0.57572
vt 0.88798 0.54009
vt 0.87661 0.54009
vt 0.87661 0.54366
vt 0.88823 0.54367
vt 0.88721 0.55093
vt 0.87661 0.55093
vt 0.87661 0.55470
vt 0.88608 0.55470
vt 0.88723 0.53696
vt 0.87661 0.53696
vt 0.87661 0.55741
vt 0.88542 0.55741
vt 0.87661 0.53148
vt 0.88609 0.53148
vt 0.87661 0.55993
vt 0.88526 0.55993
vt 0.88460 0.53271
vt 0.87661 0.53271
vt 0.87661 0.53466
vt 0.88616 0.53466
vt 0.87661 0.56247
vt 0.88563 0.56247
vt 0.88801 0.54755
vt 0.87661 0.54755
vt 0.87661 0.56517
vt 0.88668 0.56517
vt 0.01509 0.61440
vt 0.01229 0.61346
vt 0.01229 0.62383
vt 0.01509 0.62383
vt 0.04150 0.61365
vt 0.03665 0.61434
vt 0.03665 0.62383
vt 0.04150 0.62383
vt 0.00981 0.61229
vt 0.00981 0.62383
vt 0.03200 0.61509
vt 0.03200 0.62383
vt 0.00817 0.61099
vt 0.00817 0.62383
vt 0.02828 0.61566
vt 0.02828 0.62383
vt 0.00689 0.60941
vt 0.00689 0.62383
vt 0.02532 0.61578
vt 0.02532 0.62383
vt 0.00351 0.60941
vt 0.00351 0.62383
vt 0.02216 0.61573
vt 0.02216 0.62383
vt 0.05322 0.61299
vt 0.04972 0.61299
vt 0.04972 0.62383
vt 0.05322 0.62383
vt 0.01872 0.61522
vt 0.01872 0.62383
vt 0.04556 0.61318
vt 0.04556 0.62383
vt 0.09135 0.61440
vt 0.09135 0.62383
vt 0.09415 0.62383
vt 0.09415 0.61346
vt 0.06494 0.61365
vt 0.06494 0.62383
vt 0.06980 0.62383
vt 0.06980 0.61434
vt 0.09664 0.62383
vt 0.09664 0.61229
vt 0.07444 0.62383
vt 0.07444 0.61509
vt 0.09828 0.62383
vt 0.09828 0.61099
vt 0.07816 0.62383
vt 0.07816 0.61566
vt 0.09955 0.62383
vt 0.09955 0.60941
vt 0.08112 0.62383
vt 0.08112 0.61578
vt 0.10293 0.62383
vt 0.10293 0.60941
vt 0.08428 0.62383
vt 0.08428 0.61573
vt 0.05672 0.62383
vt 0.05672 0.61299
vt 0.08772 0.62383
vt 0.08772 0.61522
vt 0.06088 0.62383
vt 0.06088 0.61318
vt 0.86192 0.52401
vt 0.87335 0.52401
vt 0.87335 0.52208
vt 0.86267 0.52208
vt 0.86174 0.48471
vt 0.87335 0.48471
vt 0.87335 0.47629
vt 0.86174 0.47629
vt 0.86199 0.51191
vt 0.87335 0.51191
vt 0.87335 0.50834
vt 0.86174 0.50834
vt 0.86275 0.50108
vt 0.87335 0.50108
vt 0.87335 0.49730
vt 0.86388 0.49730
vt 0.86274 0.51504
vt 0.87335 0.51504
vt 0.87335 0.49460
vt 0.86454 0.49460
vt 0.87335 0.52052
vt 0.86388 0.52052
vt 0.87335 0.49207
vt 0.86470 0.49207
vt 0.86537 0.51930
vt 0.87335 0.51930
vt 0.87335 0.51734
vt 0.86381 0.51734
vt 0.87335 0.48953
vt 0.86433 0.48953
vt 0.86196 0.50446
vt 0.87335 0.50446
vt 0.87335 0.48684
vt 0.86329 0.48684
vt 0.86174 0.52600
vt 0.87335 0.52600
vt 0.86192 0.52800
vt 0.86267 0.52993
vt 0.87335 0.52993
vt 0.87335 0.52800
vt 0.86174 0.56730
vt 0.86174 0.57572
vt 0.87335 0.57572
vt 0.87335 0.56730
vt 0.86199 0.54009
vt 0.86174 0.54367
vt 0.87335 0.54367
vt 0.87335 0.54009
vt 0.86275 0.55093
vt 0.86388 0.55470
vt 0.87335 0.55470
vt 0.87335 0.55093
vt 0.86274 0.53696
vt 0.87335 0.53696
vt 0.86454 0.55741
vt 0.87335 0.55741
vt 0.86388 0.53148
vt 0.87335 0.53148
vt 0.86470 0.55993
vt 0.87335 0.55993
vt 0.86537 0.53271
vt 0.86381 0.53466
vt 0.87335 0.53466
vt 0.87335 0.53271
vt 0.86433 0.56247
vt 0.87335 0.56247
vt 0.86196 0.54755
vt 0.87335 0.54755
vt 0.86329 0.56517
vt 0.87335 0.56517
vt 0.01509 0.63653
vt 0.01509 0.62710
vt 0.01229 0.62710
vt 0.01229 0.63747
vt 0.04150 0.63728
vt 0.04150 0.62710
vt 0.03665 0.62710
vt 0.03665 0.63659
vt 0.00981 0.62710
vt 0.00981 0.63864
vt 0.03200 0.62710
vt 0.03200 0.63583
vt 0.00817 0.62710
vt 0.00817 0.63994
vt 0.02828 0.62710
vt 0.02828 0.63527
vt 0.00689 0.62710
vt 0.00689 0.64152
vt 0.02532 0.62710
vt 0.02532 0.63515
vt 0.00351 0.62710
vt 0.00351 0.64152
vt 0.02216 0.62710
vt 0.02216 0.63520
vt 0.05322 0.63794
vt 0.05322 0.62710
vt 0.04972 0.62710
vt 0.04972 0.63794
vt 0.01872 0.62710
vt 0.01872 0.63571
vt 0.04556 0.62710
vt 0.04556 0.63775
vt 0.09135 0.63653
vt 0.09415 0.63747
vt 0.09415 0.62710
vt 0.09135 0.62710
vt 0.06494 0.63728
vt 0.06979 0.63659
vt 0.06979 0.62710
vt 0.06494 0.62710
vt 0.09664 0.63864
vt 0.09664 0.62710
vt 0.07444 0.63583
vt 0.07444 0.62710
vt 0.09828 0.63994
vt 0.09828 0.62710
vt 0.07816 0.63527
vt 0.07816 0.62710
vt 0.09955 0.64152
vt 0.09955 0.62710
vt 0.08112 0.63515
vt 0.08112 0.62710
vt 0.10293 0.64152
vt 0.10293 0.62710
vt 0.08428 0.63520
vt 0.08428 0.62710
vt 0.05672 0.63794
vt 0.05672 0.62710
vt 0.08772 0.63571
vt 0.08772 0.62710
vt 0.06088 0.63775
vt 0.06088 0.62710
vt 0.04972 0.62383
vt 0.04556 0.62383
vt 0.04556 0.62710
vt 0.04972 0.62710
vt 0.87661 0.55093
vt 0.87661 0.54755
vt 0.87335 0.54755
vt 0.87335 0.55093
vt 0.09135 0.62383
vt 0.08772 0.62383
vt 0.08772 0.62710
vt 0.09135 0.62710
vt 0.87661 0.50446
vt 0.87661 0.50108
vt 0.87335 0.50108
vt 0.87335 0.50446
vt 0.05322 0.62383
vt 0.05322 0.62710
vt 0.87661 0.54366
vt 0.87335 0.54367
vt 0.09415 0.62383
vt 0.09415 0.62710
vt 0.87661 0.52600
vt 0.87661 0.52401
vt 0.87335 0.52401
vt 0.87335 0.52600
vt 0.04150 0.62383
vt 0.03665 0.62383
vt 0.03665 0.62710
vt 0.04150 0.62710
vt 0.87661 0.57572
vt 0.87661 0.56730
vt 0.87335 0.56730
vt 0.87335 0.57572
vt 0.09664 0.62383
vt 0.09664 0.62710
vt 0.87661 0.50834
vt 0.87335 0.50834
vt 0.03200 0.62383
vt 0.03200 0.62710
vt 0.87661 0.55470
vt 0.87335 0.55470
vt 0.09828 0.62383
vt 0.09828 0.62710
vt 0.87661 0.48471
vt 0.87661 0.47629
vt 0.87335 0.47629
vt 0.87335 0.48471
vt 0.02828 0.62383
vt 0.02828 0.62710
vt 0.87661 0.55741
vt 0.87335 0.55741
vt 0.09955 0.62383
vt 0.09955 0.62710
vt 0.87661 0.49730
vt 0.87335 0.49730
vt 0.02532 0.62383
vt 0.02532 0.62710
vt 0.87661 0.55993
vt 0.87335 0.55993
vt 0.10293 0.62383
vt 0.10293 0.62710
vt 0.87661 0.49460
vt 0.87335 0.49460
vt 0.02216 0.62383
vt 0.02216 0.62710
vt 0.87661 0.56247
vt 0.87335 0.56247
vt 0.87661 0.49207
vt 0.87335 0.49207
vt 0.01872 0.62383
vt 0.01872 0.62710
vt 0.87661 0.56517
vt 0.87335 0.56517
vt 0.87661 0.48953
vt 0.87335 0.48953
vt 0.01509 0.62383
vt 0.01509 0.62710
vt 0.87661 0.48684
vt 0.87335 0.48684
vt 0.01229 0.62383
vt 0.01229 0.62710
vt 0.87661 0.52993
vt 0.87661 0.52800
vt 0.87335 0.52800
vt 0.87335 0.52993
vt 0.00981 0.62383
vt 0.00981 0.62710
vt 0.87661 0.54009
vt 0.87335 0.54009
vt 0.87661 0.52208
vt 0.87335 0.52208
vt 0.00817 0.62383
vt 0.00817 0.62710
vt 0.87661 0.53696
vt 0.87335 0.53696
vt 0.87661 0.51191
vt 0.87335 0.51191
vt 0.00689 0.62383
vt 0.00689 0.62710
vt 0.87661 0.53148
vt 0.87335 0.53148
vt 0.87661 0.51504
vt 0.87335 0.51504
vt 0.00351 0.62383
vt 0.00351 0.62710
vt 0.87661 0.53466
vt 0.87661 0.53271
vt 0.87335 0.53271
vt 0.87335 0.53466
vt 0.87661 0.52052
vt 0.87335 0.52052
vt 0.87661 0.51930
vt 0.87661 0.51734
vt 0.87335 0.51734
vt 0.87335 0.51930
vt 0.10620 0.64152
vt 0.10620 0.62710
vt 0.10293 0.62710
vt 0.10293 0.64152
vt 0.86174 0.57898
vt 0.87335 0.57898
vt 0.87335 0.57572
vt 0.86174 0.57572
vt 0.87335 0.47303
vt 0.86174 0.47303
vt 0.86174 0.47629
vt 0.87335 0.47629
vt 0.46393 0.11270
vt 0.46393 0.11620
vt 0.46719 0.11620
vt 0.46719 0.11270
vt 0.05672 0.62383
vt 0.05672 0.62710
vt 0.00024 0.62710
vt 0.00024 0.64152
vt 0.00351 0.64152
vt 0.00351 0.62710
vt 0.46393 0.12036
vt 0.46719 0.12036
vt 0.46393 0.12445
vt 0.46719 0.12445
vt 0.46393 0.12935
vt 0.46719 0.12935
vt 0.46393 0.13406
vt 0.46719 0.13406
vt 0.87411 0.94682
vt 0.87411 0.94882
vt 0.87738 0.94882
vt 0.87738 0.94682
vt 0.46393 0.13783
vt 0.46719 0.13783
vt 0.46393 0.14079
vt 0.46719 0.14078
vt 0.87411 0.91965
vt 0.87411 0.92312
vt 0.87738 0.92312
vt 0.87738 0.91966
vt 0.46393 0.10920
vt 0.46719 0.10920
vt 0.87411 0.97052
vt 0.87411 0.97399
vt 0.87738 0.97399
vt 0.87738 0.97052
vt 0.46393 0.14395
vt 0.46719 0.14395
vt 0.87411 0.94482
vt 0.87738 0.94482
vt 0.46393 0.10504
vt 0.46719 0.10504
vt 0.87411 0.96663
vt 0.87738 0.96663
vt 0.46393 0.14743
vt 0.46719 0.14743
vt 0.87411 0.92701
vt 0.87738 0.92701
vt 0.46393 0.10095
vt 0.46719 0.10095
vt 0.87411 0.99134
vt 0.87411 0.99976
vt 0.87738 0.99976
vt 0.87738 0.99134
vt 0.46393 0.15115
vt 0.46719 0.15115
vt 0.87411 0.89389
vt 0.87411 0.90231
vt 0.87738 0.90231
vt 0.87738 0.89389
vt 0.46393 0.09605
vt 0.46719 0.09605
vt 0.87411 0.97793
vt 0.87738 0.97793
vt 0.46393 0.15410
vt 0.46719 0.15410
vt 0.87411 0.91572
vt 0.87738 0.91572
vt 0.46393 0.09134
vt 0.46719 0.09134
vt 0.87411 0.98072
vt 0.87738 0.98072
vt 0.46393 0.15684
vt 0.46719 0.15684
vt 0.87411 0.91293
vt 0.87738 0.91293
vt 0.46393 0.08757
vt 0.46719 0.08757
vt 0.87411 0.98325
vt 0.87738 0.98325
vt 0.46393 0.15894
vt 0.46719 0.15894
vt 0.87411 0.91040
vt 0.87738 0.91040
vt 0.46393 0.08461
vt 0.46719 0.08461
vt 0.87411 0.98581
vt 0.87738 0.98581
vt 0.46393 0.16097
vt 0.46719 0.16097
vt 0.87411 0.90783
vt 0.87738 0.90783
vt 0.46393 0.08145
vt 0.46719 0.08145
vt 0.87411 0.98870
vt 0.87738 0.98870
vt 0.46393 0.16097
vt 0.46393 0.16435
vt 0.46719 0.16435
vt 0.46719 0.16097
vt 0.87411 0.90494
vt 0.87738 0.90494
vt 0.46393 0.07797
vt 0.46719 0.07797
vt 0.87411 0.99134
vt 0.87738 0.99134
vt 0.06494 0.62383
vt 0.06088 0.62383
vt 0.06088 0.62710
vt 0.06494 0.62710
vt 0.87411 0.90231
vt 0.87738 0.90231
vt 0.46393 0.07425
vt 0.46719 0.07425
vt 0.87411 0.95090
vt 0.87738 0.95090
vt 0.87411 0.94275
vt 0.87738 0.94275
vt 0.46393 0.07130
vt 0.46719 0.07130
vt 0.87411 0.96305
vt 0.87738 0.96305
vt 0.06980 0.62383
vt 0.06979 0.62710
vt 0.87411 0.93060
vt 0.87738 0.93060
vt 0.46393 0.06855
vt 0.46719 0.06855
vt 0.87411 0.95983
vt 0.87738 0.95983
vt 0.07444 0.62383
vt 0.07444 0.62710
vt 0.87411 0.93382
vt 0.87738 0.93382
vt 0.46393 0.06646
vt 0.46719 0.06646
vt 0.87411 0.95287
vt 0.87738 0.95287
vt 0.07816 0.62383
vt 0.07816 0.62710
vt 0.87411 0.94078
vt 0.87738 0.94078
vt 0.46393 0.06443
vt 0.46719 0.06443
vt 0.87411 0.95479
vt 0.87411 0.95730
vt 0.87738 0.95730
vt 0.87738 0.95479
vt 0.08112 0.62383
vt 0.08112 0.62710
vt 0.87411 0.93635
vt 0.87411 0.93885
vt 0.87738 0.93885
vt 0.87738 0.93635
vt 0.46393 0.06105
vt 0.46393 0.06443
vt 0.46719 0.06443
vt 0.46719 0.06105
vt 0.87411 0.95479
vt 0.87738 0.95479
vt 0.08428 0.62383
vt 0.08428 0.62710
vt 0.87411 0.93885
vt 0.87738 0.93885
vt 0.00024 0.15077
vt 0.00323 0.15077
vt 0.00323 0.10629
vt 0.00024 0.10629
vt 0.00323 0.10330
vt 0.00323 0.10629
vt 0.10266 0.10629
vt 0.10266 0.10330
vt 0.10564 0.10629
vt 0.10266 0.10629
vt 0.10266 0.15077
vt 0.10564 0.15077
vt 0.10266 0.15376
vt 0.10266 0.15077
vt 0.00323 0.15077
vt 0.00323 0.15376
vt 0.00323 0.19824
vt 0.10266 0.19824
vt 0.10266 0.15376
vt 0.00323 0.15376
vt 0.10266 0.10629
vt 0.00323 0.10629
vt 0.00323 0.15077
vt 0.10266 0.15077
vt 0.10651 0.05454
vt 0.10950 0.05454
vt 0.10950 0.01006
vt 0.10651 0.01006
vt 0.10950 0.00707
vt 0.10950 0.01006
vt 0.20892 0.01006
vt 0.20892 0.00707
vt 0.21191 0.01006
vt 0.20892 0.01006
vt 0.20892 0.05454
vt 0.21191 0.05454
vt 0.20892 0.05753
vt 0.20892 0.05454
vt 0.10950 0.05454
vt 0.10950 0.05753
vt 0.10950 0.10201
vt 0.20892 0.10201
vt 0.20892 0.05753
vt 0.10950 0.05753
vt 0.20892 0.01006
vt 0.10950 0.01006
vt 0.10950 0.05454
vt 0.20892 0.05454
vt 0.91370 0.68696
vt 0.91370 0.68994
vt 0.95818 0.68994
vt 0.95818 0.68696
vt 0.96117 0.68994
vt 0.95818 0.68994
vt 0.95818 0.78937
vt 0.96117 0.78937
vt 0.95818 0.79235
vt 0.95818 0.78937
vt 0.91370 0.78937
vt 0.91370 0.79235
vt 0.91071 0.78937
vt 0.91370 0.78937
vt 0.91370 0.68994
vt 0.91071 0.68994
vt 0.86623 0.68994
vt 0.86623 0.78937
vt 0.91071 0.78937
vt 0.91071 0.68994
vt 0.95818 0.78937
vt 0.95818 0.68994
vt 0.91370 0.68994
vt 0.91370 0.78937
vt 0.83246 0.31441
vt 0.83234 0.31745
vt 0.88693 0.31951
vt 0.88704 0.31648
vt 0.88988 0.31956
vt 0.88693 0.31951
vt 0.88521 0.43342
vt 0.88816 0.43347
vt 0.88519 0.43637
vt 0.88521 0.43342
vt 0.83225 0.43307
vt 0.83223 0.43602
vt 0.82925 0.43307
vt 0.83225 0.43307
vt 0.83225 0.31757
vt 0.82925 0.31757
vt 0.77539 0.31757
vt 0.77539 0.43307
vt 0.82925 0.43307
vt 0.82925 0.31757
vt 0.88401 0.43220
vt 0.88566 0.32073
vt 0.83351 0.31877
vt 0.83350 0.43184
vt 0.83299 0.31814
vt 0.88626 0.32016
vt 0.88693 0.31951
vt 0.83234 0.31745
vt 0.88457 0.43278
vt 0.88521 0.43342
vt 0.83291 0.43242
vt 0.83225 0.43307
vt 0.83291 0.31823
vt 0.83225 0.31757
vt 0.83351 0.31877
vt 0.88566 0.32073
vt 0.88626 0.32016
vt 0.83299 0.31814
vt 0.88566 0.32073
vt 0.88401 0.43220
vt 0.88457 0.43278
vt 0.88626 0.32016
vt 0.88401 0.43220
vt 0.83350 0.43184
vt 0.83291 0.43242
vt 0.88457 0.43278
vt 0.83350 0.43184
vt 0.83351 0.31877
vt 0.83291 0.31823
vt 0.83291 0.43242
vt 0.10434 0.87312
vt 0.10623 0.87312
vt 0.10623 0.74838
vt 0.10434 0.74838
vt 0.10623 0.74648
vt 0.10623 0.74838
vt 0.20566 0.74838
vt 0.20566 0.74648
vt 0.20756 0.74838
vt 0.20566 0.74838
vt 0.20566 0.87312
vt 0.20756 0.87312
vt 0.20566 0.87502
vt 0.20566 0.87312
vt 0.10623 0.87312
vt 0.10623 0.87502
vt 0.10623 0.99976
vt 0.20566 0.99976
vt 0.20566 0.87502
vt 0.10623 0.87502
vt 0.20566 0.74838
vt 0.10623 0.74838
vt 0.10623 0.87312
vt 0.20566 0.87312
vt 0.77010 0.08548
vt 0.77010 0.08847
vt 0.78391 0.08847
vt 0.78391 0.08548
vt 0.78689 0.08847
vt 0.78391 0.08847
vt 0.78391 0.18789
vt 0.78689 0.18789
vt 0.78391 0.19088
vt 0.78391 0.18789
vt 0.77010 0.18789
vt 0.77010 0.19088
vt 0.76711 0.18789
vt 0.77010 0.18789
vt 0.77010 0.08847
vt 0.76711 0.08847
vt 0.75330 0.08847
vt 0.75330 0.18789
vt 0.76711 0.18789
vt 0.76711 0.08847
vt 0.78391 0.18789
vt 0.78391 0.08847
vt 0.77010 0.08847
vt 0.77010 0.18789
vt 0.49209 0.29732
vt 0.34981 0.29732
vt 0.34981 0.31407
vt 0.49209 0.31407
vt 0.49209 0.29278
vt 0.49209 0.27603
vt 0.34981 0.27603
vt 0.34981 0.29278
vt 0.34527 0.27603
vt 0.34527 0.29278
vt 0.34981 0.29278
vt 0.34981 0.27603
vt 0.49662 0.29278
vt 0.49662 0.27603
vt 0.49209 0.27603
vt 0.49209 0.29278
vt 0.34981 0.27149
vt 0.34981 0.27603
vt 0.49209 0.27603
vt 0.49209 0.27149
vt 0.34981 0.29732
vt 0.49209 0.29732
vt 0.49209 0.29278
vt 0.34981 0.29278
vt 0.65772 0.54625
vt 0.65772 0.68853
vt 0.67447 0.68853
vt 0.67447 0.54625
vt 0.65318 0.54625
vt 0.63643 0.54625
vt 0.63643 0.68853
vt 0.65318 0.68853
vt 0.67447 0.68853
vt 0.65772 0.68853
vt 0.65772 0.69306
vt 0.67447 0.69306
vt 0.65772 0.54625
vt 0.67447 0.54625
vt 0.67447 0.54171
vt 0.65772 0.54171
vt 0.65772 0.68853
vt 0.65772 0.54625
vt 0.65318 0.54625
vt 0.65318 0.68853
vt 0.67447 0.68853
vt 0.67901 0.68853
vt 0.67901 0.54625
vt 0.67447 0.54625
vt 0.55699 0.68940
vt 0.57265 0.68940
vt 0.25526 0.50082
vt 0.25526 0.51648
vt 0.59285 0.68940
vt 0.57719 0.68940
vt 0.25526 0.53668
vt 0.25526 0.52102
vt 0.59739 0.83466
vt 0.59739 0.83314
vt 0.59285 0.83314
vt 0.59285 0.83466
vt 0.39900 0.54122
vt 0.40053 0.54122
vt 0.40053 0.53668
vt 0.39900 0.53668
vt 0.59739 0.83167
vt 0.59285 0.83167
vt 0.39754 0.51648
vt 0.25526 0.51648
vt 0.25526 0.52102
vt 0.39754 0.52102
vt 0.59739 0.83927
vt 0.59739 0.83752
vt 0.59285 0.83752
vt 0.59285 0.83927
vt 0.39754 0.54122
vt 0.39754 0.53668
vt 0.40339 0.54122
vt 0.40513 0.54122
vt 0.40513 0.53668
vt 0.40339 0.53668
vt 0.57265 0.68940
vt 0.57265 0.83167
vt 0.57719 0.83167
vt 0.57719 0.68940
vt 0.59739 0.84109
vt 0.59285 0.84109
vt 0.40695 0.54122
vt 0.40695 0.53668
vt 0.57719 0.84414
vt 0.58638 0.84414
vt 0.58638 0.83960
vt 0.57719 0.83960
vt 0.57265 0.83960
vt 0.57719 0.83960
vt 0.41000 0.53021
vt 0.41001 0.52102
vt 0.40547 0.52102
vt 0.40547 0.53021
vt 0.59739 0.84280
vt 0.59285 0.84280
vt 0.40547 0.51648
vt 0.40547 0.52102
vt 0.40867 0.54122
vt 0.40867 0.53668
vt 0.59739 0.83592
vt 0.59285 0.83592
vt 0.25072 0.52102
vt 0.25072 0.53668
vt 0.25526 0.53668
vt 0.25526 0.52102
vt 0.40179 0.54122
vt 0.40179 0.53668
vt 0.59285 0.68486
vt 0.57719 0.68486
vt 0.57719 0.68940
vt 0.59285 0.68940
vt 0.44675 0.63698
vt 0.43108 0.63698
vt 0.46243 0.99522
vt 0.47809 0.99522
vt 0.41088 0.63698
vt 0.42654 0.63698
vt 0.49830 0.99522
vt 0.48263 0.99522
vt 0.44675 0.49172
vt 0.44675 0.49324
vt 0.45128 0.49324
vt 0.45128 0.49172
vt 0.46243 0.85148
vt 0.46243 0.84995
vt 0.45789 0.84995
vt 0.45789 0.85148
vt 0.44675 0.49471
vt 0.45128 0.49471
vt 0.47809 0.85294
vt 0.47809 0.99522
vt 0.48263 0.99522
vt 0.48263 0.85294
vt 0.44675 0.48711
vt 0.44675 0.48886
vt 0.45128 0.48886
vt 0.45128 0.48711
vt 0.46243 0.85294
vt 0.45789 0.85294
vt 0.46243 0.84709
vt 0.46243 0.84535
vt 0.45789 0.84535
vt 0.45789 0.84709
vt 0.43108 0.63698
vt 0.43108 0.49471
vt 0.42654 0.49471
vt 0.42654 0.63698
vt 0.44675 0.48529
vt 0.45128 0.48529
vt 0.46243 0.84353
vt 0.45789 0.84353
vt 0.43108 0.48678
vt 0.44027 0.48677
vt 0.44027 0.48224
vt 0.43108 0.48224
vt 0.43108 0.48678
vt 0.42654 0.48678
vt 0.46891 0.84501
vt 0.47809 0.84501
vt 0.47809 0.84047
vt 0.46891 0.84047
vt 0.44674 0.48357
vt 0.45128 0.48357
vt 0.47809 0.84501
vt 0.48263 0.84501
vt 0.46243 0.84181
vt 0.45789 0.84181
vt 0.44675 0.49045
vt 0.45128 0.49045
vt 0.47809 0.99522
vt 0.46243 0.99522
vt 0.46243 0.99976
vt 0.47809 0.99975
vt 0.46243 0.84869
vt 0.45789 0.84869
vt 0.44675 0.63698
vt 0.43108 0.63698
vt 0.43108 0.64152
vt 0.44675 0.64152
vt 0.59739 0.68940
vt 0.59285 0.68940
vt 0.25526 0.54122
vt 0.25526 0.53668
vt 0.44675 0.63698
vt 0.45128 0.63698
vt 0.46243 0.99522
vt 0.45789 0.99522
vt 0.86518 0.73440
vt 0.86442 0.73246
vt 0.85374 0.73246
vt 0.85374 0.73440
vt 0.86536 0.69510
vt 0.86536 0.68668
vt 0.85374 0.68668
vt 0.85374 0.69510
vt 0.86510 0.72230
vt 0.86536 0.71873
vt 0.85374 0.71873
vt 0.85374 0.72230
vt 0.86434 0.71147
vt 0.86321 0.70769
vt 0.85374 0.70769
vt 0.85374 0.71147
vt 0.86436 0.72543
vt 0.85374 0.72543
vt 0.86255 0.70498
vt 0.85374 0.70498
vt 0.86322 0.73091
vt 0.85374 0.73091
vt 0.86239 0.70246
vt 0.85374 0.70246
vt 0.86173 0.72969
vt 0.86329 0.72773
vt 0.85374 0.72773
vt 0.85374 0.72969
vt 0.86276 0.69992
vt 0.85374 0.69992
vt 0.86513 0.71484
vt 0.85374 0.71484
vt 0.86381 0.69723
vt 0.85374 0.69723
vt 0.86536 0.73639
vt 0.85374 0.73639
vt 0.86518 0.73838
vt 0.85374 0.73838
vt 0.85374 0.74032
vt 0.86442 0.74032
vt 0.86536 0.77769
vt 0.85374 0.77769
vt 0.85374 0.78610
vt 0.86536 0.78610
vt 0.86510 0.75048
vt 0.85374 0.75048
vt 0.85374 0.75405
vt 0.86536 0.75405
vt 0.86434 0.76132
vt 0.85374 0.76132
vt 0.85374 0.76509
vt 0.86321 0.76509
vt 0.86436 0.74735
vt 0.85374 0.74735
vt 0.85374 0.76780
vt 0.86255 0.76780
vt 0.85374 0.74187
vt 0.86322 0.74187
vt 0.85374 0.77032
vt 0.86239 0.77032
vt 0.86173 0.74310
vt 0.85374 0.74310
vt 0.85374 0.74505
vt 0.86329 0.74505
vt 0.85374 0.77286
vt 0.86276 0.77286
vt 0.86513 0.75794
vt 0.85374 0.75794
vt 0.85374 0.77556
vt 0.86381 0.77556
vt 0.88594 0.80509
vt 0.88688 0.80229
vt 0.87650 0.80229
vt 0.87650 0.80509
vt 0.88669 0.83150
vt 0.88600 0.82664
vt 0.87650 0.82664
vt 0.87650 0.83150
vt 0.88804 0.79980
vt 0.87650 0.79980
vt 0.88524 0.82200
vt 0.87650 0.82200
vt 0.88935 0.79816
vt 0.87650 0.79816
vt 0.88468 0.81828
vt 0.87650 0.81828
vt 0.89092 0.79689
vt 0.87650 0.79689
vt 0.88455 0.81532
vt 0.87650 0.81532
vt 0.89092 0.79351
vt 0.87650 0.79351
vt 0.88460 0.81216
vt 0.87650 0.81216
vt 0.88735 0.84322
vt 0.88735 0.83972
vt 0.87650 0.83972
vt 0.87650 0.84322
vt 0.88511 0.80871
vt 0.87650 0.80871
vt 0.88715 0.83556
vt 0.87650 0.83556
vt 0.88594 0.88135
vt 0.87650 0.88135
vt 0.87650 0.88415
vt 0.88688 0.88415
vt 0.88669 0.85494
vt 0.87650 0.85494
vt 0.87650 0.85979
vt 0.88600 0.85979
vt 0.87650 0.88663
vt 0.88804 0.88663
vt 0.87650 0.86444
vt 0.88524 0.86444
vt 0.87650 0.88827
vt 0.88935 0.88827
vt 0.87650 0.86816
vt 0.88468 0.86816
vt 0.87650 0.88955
vt 0.89092 0.88955
vt 0.87650 0.87112
vt 0.88455 0.87112
vt 0.87650 0.89293
vt 0.89092 0.89293
vt 0.87650 0.87428
vt 0.88460 0.87428
vt 0.87650 0.84672
vt 0.88735 0.84672
vt 0.87650 0.87772
vt 0.88511 0.87772
vt 0.87650 0.85088
vt 0.88715 0.85088
vt 0.83904 0.73440
vt 0.85048 0.73440
vt 0.85048 0.73246
vt 0.83980 0.73246
vt 0.83886 0.69510
vt 0.85048 0.69510
vt 0.85048 0.68668
vt 0.83886 0.68668
vt 0.83912 0.72230
vt 0.85048 0.72230
vt 0.85048 0.71873
vt 0.83886 0.71873
vt 0.83988 0.71147
vt 0.85048 0.71147
vt 0.85048 0.70769
vt 0.84101 0.70769
vt 0.83986 0.72543
vt 0.85048 0.72543
vt 0.85048 0.70498
vt 0.84167 0.70498
vt 0.85048 0.73091
vt 0.84100 0.73091
vt 0.85048 0.70246
vt 0.84183 0.70246
vt 0.84249 0.72969
vt 0.85048 0.72969
vt 0.85048 0.72773
vt 0.84093 0.72773
vt 0.85048 0.69992
vt 0.84146 0.69992
vt 0.83909 0.71484
vt 0.85048 0.71484
vt 0.85048 0.69723
vt 0.84041 0.69723
vt 0.83886 0.73639
vt 0.85048 0.73639
vt 0.83904 0.73838
vt 0.83980 0.74032
vt 0.85048 0.74032
vt 0.85048 0.73838
vt 0.83886 0.77769
vt 0.83886 0.78610
vt 0.85048 0.78610
vt 0.85048 0.77769
vt 0.83912 0.75048
vt 0.83886 0.75405
vt 0.85048 0.75405
vt 0.85048 0.75048
vt 0.83988 0.76132
vt 0.84101 0.76509
vt 0.85048 0.76509
vt 0.85048 0.76132
vt 0.83986 0.74735
vt 0.85048 0.74735
vt 0.84167 0.76780
vt 0.85048 0.76780
vt 0.84100 0.74187
vt 0.85048 0.74187
vt 0.84183 0.77032
vt 0.85048 0.77032
vt 0.84249 0.74310
vt 0.84093 0.74505
vt 0.85048 0.74505
vt 0.85048 0.74310
vt 0.84146 0.77286
vt 0.85048 0.77286
vt 0.83909 0.75794
vt 0.85048 0.75794
vt 0.84041 0.77556
vt 0.85048 0.77556
vt 0.86380 0.80509
vt 0.87324 0.80509
vt 0.87324 0.80228
vt 0.86286 0.80229
vt 0.86305 0.83150
vt 0.87324 0.83150
vt 0.87324 0.82664
vt 0.86374 0.82664
vt 0.87324 0.79980
vt 0.86170 0.79980
vt 0.87324 0.82200
vt 0.86450 0.82200
vt 0.87324 0.79816
vt 0.86040 0.79816
vt 0.87324 0.81828
vt 0.86506 0.81828
vt 0.87324 0.79689
vt 0.85882 0.79689
vt 0.87324 0.81532
vt 0.86519 0.81532
vt 0.87324 0.79350
vt 0.85882 0.79351
vt 0.87324 0.81216
vt 0.86514 0.81216
vt 0.86239 0.84322
vt 0.87324 0.84322
vt 0.87324 0.83972
vt 0.86240 0.83972
vt 0.87324 0.80871
vt 0.86463 0.80871
vt 0.87324 0.83556
vt 0.86259 0.83556
vt 0.86380 0.88135
vt 0.86286 0.88415
vt 0.87324 0.88415
vt 0.87324 0.88135
vt 0.86305 0.85494
vt 0.86374 0.85979
vt 0.87324 0.85979
vt 0.87324 0.85494
vt 0.86170 0.88663
vt 0.87324 0.88663
vt 0.86450 0.86444
vt 0.87324 0.86444
vt 0.86040 0.88827
vt 0.87324 0.88827
vt 0.86506 0.86816
vt 0.87324 0.86816
vt 0.85882 0.88955
vt 0.87324 0.88955
vt 0.86519 0.87112
vt 0.87324 0.87112
vt 0.85882 0.89293
vt 0.87324 0.89293
vt 0.86514 0.87428
vt 0.87324 0.87428
vt 0.86240 0.84672
vt 0.87324 0.84672
vt 0.86463 0.87772
vt 0.87324 0.87772
vt 0.86259 0.85088
vt 0.87324 0.85088
vt 0.87650 0.83972
vt 0.87650 0.83556
vt 0.87324 0.83556
vt 0.87324 0.83972
vt 0.85374 0.76132
vt 0.85374 0.75794
vt 0.85048 0.75794
vt 0.85048 0.76132
vt 0.87650 0.88135
vt 0.87650 0.87772
vt 0.87324 0.87772
vt 0.87324 0.88135
vt 0.85374 0.71484
vt 0.85374 0.71147
vt 0.85048 0.71147
vt 0.85048 0.71484
vt 0.87650 0.84322
vt 0.87324 0.84322
vt 0.85374 0.75405
vt 0.85048 0.75405
vt 0.87650 0.88415
vt 0.87324 0.88415
vt 0.85374 0.73639
vt 0.85374 0.73440
vt 0.85048 0.73440
vt 0.85048 0.73639
vt 0.87650 0.83150
vt 0.87650 0.82664
vt 0.87324 0.82664
vt 0.87324 0.83150
vt 0.85374 0.78610
vt 0.85374 0.77769
vt 0.85048 0.77769
vt 0.85048 0.78610
vt 0.87650 0.88663
vt 0.87324 0.88663
vt 0.85374 0.71873
vt 0.85048 0.71873
vt 0.87650 0.82200
vt 0.87324 0.82200
vt 0.85374 0.76509
vt 0.85048 0.76509
vt 0.87650 0.88827
vt 0.87324 0.88827
vt 0.85374 0.69510
vt 0.85374 0.68668
vt 0.85048 0.68668
vt 0.85048 0.69510
vt 0.87650 0.81828
vt 0.87324 0.81828
vt 0.85374 0.76780
vt 0.85048 0.76780
vt 0.87650 0.88955
vt 0.87324 0.88955
vt 0.85374 0.70769
vt 0.85048 0.70769
vt 0.87650 0.81532
vt 0.87324 0.81532
vt 0.85374 0.77032
vt 0.85048 0.77032
vt 0.87650 0.89293
vt 0.87324 0.89293
vt 0.85374 0.70498
vt 0.85048 0.70498
vt 0.87650 0.81216
vt 0.87324 0.81216
vt 0.85374 0.77286
vt 0.85048 0.77286
vt 0.85374 0.70246
vt 0.85048 0.70246
vt 0.87650 0.80871
vt 0.87324 0.80871
vt 0.85374 0.77556
vt 0.85048 0.77556
vt 0.85374 0.69992
vt 0.85048 0.69992
vt 0.87650 0.80509
vt 0.87324 0.80509
vt 0.85374 0.69723
vt 0.85048 0.69723
vt 0.87650 0.80229
vt 0.87324 0.80228
vt 0.85374 0.74032
vt 0.85374 0.73838
vt 0.85048 0.73838
vt 0.85048 0.74032
vt 0.87650 0.79980
vt 0.87324 0.79980
vt 0.85374 0.75048
vt 0.85048 0.75048
vt 0.85374 0.73246
vt 0.85048 0.73246
vt 0.87650 0.79816
vt 0.87324 0.79816
vt 0.85374 0.74735
vt 0.85048 0.74735
vt 0.85374 0.72230
vt 0.85048 0.72230
vt 0.87650 0.79689
vt 0.87324 0.79689
vt 0.85374 0.74187
vt 0.85048 0.74187
vt 0.85374 0.72543
vt 0.85048 0.72543
vt 0.87650 0.79351
vt 0.87324 0.79350
vt 0.85374 0.74505
vt 0.85374 0.74310
vt 0.85048 0.74310
vt 0.85048 0.74505
vt 0.85374 0.73091
vt 0.85048 0.73091
vt 0.85374 0.72969
vt 0.85374 0.72773
vt 0.85048 0.72773
vt 0.85048 0.72969
vt 0.85882 0.89619
vt 0.87324 0.89619
vt 0.87324 0.89293
vt 0.85882 0.89293
vt 0.83886 0.78937
vt 0.85048 0.78937
vt 0.85048 0.78610
vt 0.83886 0.78610
vt 0.85048 0.68341
vt 0.83886 0.68341
vt 0.83886 0.68668
vt 0.85048 0.68668
vt 0.45979 0.11270
vt 0.45979 0.11620
vt 0.46306 0.11620
vt 0.46305 0.11270
vt 0.87650 0.84672
vt 0.87324 0.84672
vt 0.87324 0.79024
vt 0.85882 0.79024
vt 0.85882 0.79351
vt 0.87324 0.79350
vt 0.45979 0.12036
vt 0.46305 0.12036
vt 0.45979 0.12445
vt 0.46305 0.12445
vt 0.45979 0.12935
vt 0.46306 0.12935
vt 0.45979 0.13406
vt 0.46305 0.13406
vt 0.60654 0.78667
vt 0.60654 0.78867
vt 0.60980 0.78867
vt 0.60980 0.78667
vt 0.45979 0.13783
vt 0.46306 0.13783
vt 0.45979 0.14078
vt 0.46306 0.14079
vt 0.60654 0.75950
vt 0.60654 0.76297
vt 0.60980 0.76297
vt 0.60980 0.75950
vt 0.45979 0.10920
vt 0.46306 0.10920
vt 0.60654 0.81037
vt 0.60654 0.81384
vt 0.60980 0.81384
vt 0.60980 0.81037
vt 0.45979 0.14395
vt 0.46305 0.14395
vt 0.60654 0.78467
vt 0.60980 0.78467
vt 0.45979 0.10504
vt 0.46306 0.10504
vt 0.60654 0.80648
vt 0.60980 0.80648
vt 0.45979 0.14743
vt 0.46306 0.14743
vt 0.60654 0.76686
vt 0.60980 0.76686
vt 0.45979 0.10095
vt 0.46305 0.10095
vt 0.60654 0.83118
vt 0.60654 0.83960
vt 0.60980 0.83960
vt 0.60980 0.83118
vt 0.45979 0.15115
vt 0.46306 0.15115
vt 0.60654 0.73374
vt 0.60654 0.74215
vt 0.60980 0.74215
vt 0.60980 0.73374
vt 0.45979 0.09605
vt 0.46305 0.09605
vt 0.60654 0.81778
vt 0.60980 0.81778
vt 0.45979 0.15410
vt 0.46305 0.15410
vt 0.60654 0.75556
vt 0.60980 0.75556
vt 0.45979 0.09134
vt 0.46306 0.09134
vt 0.60654 0.82057
vt 0.60980 0.82056
vt 0.45979 0.15684
vt 0.46305 0.15684
vt 0.60654 0.75277
vt 0.60980 0.75277
vt 0.45979 0.08757
vt 0.46305 0.08757
vt 0.60654 0.82309
vt 0.60980 0.82309
vt 0.45979 0.15894
vt 0.46305 0.15894
vt 0.60654 0.75025
vt 0.60980 0.75025
vt 0.45979 0.08461
vt 0.46305 0.08461
vt 0.60654 0.82566
vt 0.60980 0.82566
vt 0.45979 0.16097
vt 0.46305 0.16097
vt 0.60654 0.74768
vt 0.60980 0.74768
vt 0.45979 0.08145
vt 0.46305 0.08145
vt 0.60654 0.82855
vt 0.60980 0.82855
vt 0.45979 0.16097
vt 0.45979 0.16435
vt 0.46306 0.16435
vt 0.46305 0.16097
vt 0.60654 0.74479
vt 0.60980 0.74479
vt 0.45979 0.07797
vt 0.46305 0.07797
vt 0.60654 0.83118
vt 0.60980 0.83118
vt 0.87650 0.85494
vt 0.87650 0.85088
vt 0.87324 0.85088
vt 0.87324 0.85494
vt 0.60654 0.74215
vt 0.60980 0.74215
vt 0.45979 0.07425
vt 0.46305 0.07425
vt 0.60654 0.79075
vt 0.60980 0.79075
vt 0.60654 0.78259
vt 0.60980 0.78259
vt 0.45979 0.07130
vt 0.46305 0.07130
vt 0.60654 0.80290
vt 0.60980 0.80290
vt 0.87650 0.85979
vt 0.87324 0.85979
vt 0.60654 0.77044
vt 0.60980 0.77044
vt 0.45979 0.06855
vt 0.46306 0.06855
vt 0.60654 0.79968
vt 0.60980 0.79968
vt 0.87650 0.86444
vt 0.87324 0.86444
vt 0.60654 0.77366
vt 0.60980 0.77366
vt 0.45979 0.06646
vt 0.46305 0.06646
vt 0.60654 0.79271
vt 0.60980 0.79271
vt 0.87650 0.86816
vt 0.87324 0.86816
vt 0.60654 0.78063
vt 0.60980 0.78063
vt 0.45979 0.06443
vt 0.46305 0.06443
vt 0.60654 0.79464
vt 0.60654 0.79714
vt 0.60980 0.79714
vt 0.60980 0.79464
vt 0.87650 0.87112
vt 0.87324 0.87112
vt 0.60654 0.77620
vt 0.60654 0.77870
vt 0.60980 0.77870
vt 0.60980 0.77620
vt 0.45979 0.06105
vt 0.45979 0.06443
vt 0.46305 0.06443
vt 0.46305 0.06105
vt 0.60654 0.79464
vt 0.60980 0.79464
vt 0.87650 0.87428
vt 0.87324 0.87428
vt 0.60654 0.77870
vt 0.60980 0.77870
vt 0.49340 0.13700
vt 0.49638 0.13700
vt 0.49638 0.09252
vt 0.49340 0.09252
vt 0.49638 0.08953
vt 0.49638 0.09252
vt 0.59581 0.09252
vt 0.59581 0.08953
vt 0.59879 0.09252
vt 0.59581 0.09252
vt 0.59581 0.13700
vt 0.59879 0.13700
vt 0.59581 0.13999
vt 0.59581 0.13700
vt 0.49638 0.13700
vt 0.49638 0.13999
vt 0.49638 0.18447
vt 0.59581 0.18447
vt 0.59581 0.13999
vt 0.49638 0.13999
vt 0.59581 0.09252
vt 0.49638 0.09252
vt 0.49638 0.13700
vt 0.59581 0.13700
vt 0.00024 0.05496
vt 0.00323 0.05496
vt 0.00323 0.01048
vt 0.00024 0.01048
vt 0.00323 0.00749
vt 0.00323 0.01048
vt 0.10265 0.01048
vt 0.10266 0.00749
vt 0.10564 0.01048
vt 0.10265 0.01048
vt 0.10265 0.05496
vt 0.10564 0.05496
vt 0.10266 0.05795
vt 0.10265 0.05496
vt 0.00323 0.05496
vt 0.00323 0.05795
vt 0.00323 0.10243
vt 0.10266 0.10243
vt 0.10266 0.05795
vt 0.00323 0.05795
vt 0.10265 0.01048
vt 0.00323 0.01048
vt 0.00323 0.05496
vt 0.10265 0.05496
vt 0.10651 0.15035
vt 0.10950 0.15035
vt 0.10950 0.10587
vt 0.10651 0.10587
vt 0.10950 0.10289
vt 0.10950 0.10587
vt 0.20892 0.10587
vt 0.20892 0.10289
vt 0.21191 0.10587
vt 0.20892 0.10587
vt 0.20892 0.15035
vt 0.21191 0.15035
vt 0.20892 0.15334
vt 0.20892 0.15035
vt 0.10950 0.15035
vt 0.10950 0.15334
vt 0.10950 0.19783
vt 0.20892 0.19783
vt 0.20892 0.15334
vt 0.10950 0.15334
vt 0.20892 0.10587
vt 0.10950 0.10587
vt 0.10950 0.15035
vt 0.20892 0.15035
vt 0.78161 0.60762
vt 0.78150 0.61066
vt 0.83609 0.61268
vt 0.83620 0.60964
vt 0.83904 0.61272
vt 0.83609 0.61268
vt 0.83438 0.72664
vt 0.83734 0.72668
vt 0.83436 0.72958
vt 0.83438 0.72664
vt 0.78141 0.72626
vt 0.78139 0.72921
vt 0.77842 0.72626
vt 0.78141 0.72626
vt 0.78141 0.61078
vt 0.77842 0.61078
vt 0.72456 0.61078
vt 0.72456 0.72626
vt 0.77842 0.72626
vt 0.77842 0.61078
vt 0.83318 0.72541
vt 0.83482 0.61389
vt 0.78267 0.61198
vt 0.78265 0.72503
vt 0.78215 0.61135
vt 0.83542 0.61332
vt 0.83609 0.61268
vt 0.78150 0.61066
vt 0.83374 0.72598
vt 0.83438 0.72664
vt 0.78207 0.72562
vt 0.78141 0.72626
vt 0.78207 0.61144
vt 0.78141 0.61078
vt 0.78267 0.61198
vt 0.83482 0.61389
vt 0.83542 0.61332
vt 0.78215 0.61135
vt 0.83482 0.61389
vt 0.83318 0.72541
vt 0.83374 0.72598
vt 0.83542 0.61332
vt 0.83318 0.72541
vt 0.78265 0.72503
vt 0.78207 0.72562
vt 0.83374 0.72598
vt 0.78265 0.72503
vt 0.78267 0.61198
vt 0.78207 0.61144
vt 0.78207 0.72562
vt 0.38102 0.64239
vt 0.38102 0.64429
vt 0.50576 0.64429
vt 0.50576 0.64239
vt 0.50766 0.64429
vt 0.50576 0.64429
vt 0.50576 0.74371
vt 0.50766 0.74371
vt 0.50576 0.74561
vt 0.50576 0.74371
vt 0.38102 0.74371
vt 0.38102 0.74561
vt 0.37913 0.74371
vt 0.38102 0.74371
vt 0.38102 0.64429
vt 0.37913 0.64429
vt 0.25439 0.64429
vt 0.25439 0.74371
vt 0.37913 0.74371
vt 0.37913 0.64429
vt 0.50576 0.74371
vt 0.50576 0.64429
vt 0.38102 0.64429
vt 0.38102 0.74371
vt 0.73563 0.08548
vt 0.73563 0.08847
vt 0.74944 0.08847
vt 0.74944 0.08548
vt 0.75243 0.08847
vt 0.74944 0.08847
vt 0.74944 0.18789
vt 0.75243 0.18789
vt 0.74944 0.19088
vt 0.74944 0.18789
vt 0.73563 0.18789
vt 0.73563 0.19088
vt 0.73264 0.18789
vt 0.73563 0.18789
vt 0.73563 0.08847
vt 0.73264 0.08847
vt 0.71883 0.08847
vt 0.71883 0.18789
vt 0.73264 0.18789
vt 0.73264 0.08847
vt 0.74944 0.18789
vt 0.74944 0.08847
vt 0.73563 0.08847
vt 0.73563 0.18789
vt 0.69664 0.69985
vt 0.69664 0.55757
vt 0.67989 0.55757
vt 0.67989 0.69985
vt 0.70117 0.69985
vt 0.71793 0.69985
vt 0.71793 0.55757
vt 0.70117 0.55757
vt 0.71793 0.55303
vt 0.70117 0.55303
vt 0.70117 0.55757
vt 0.71793 0.55757
vt 0.70117 0.70438
vt 0.71793 0.70438
vt 0.71793 0.69985
vt 0.70117 0.69985
vt 0.72246 0.55757
vt 0.71793 0.55757
vt 0.71793 0.69985
vt 0.72247 0.69985
vt 0.69664 0.55757
vt 0.69664 0.69985
vt 0.70117 0.69985
vt 0.70117 0.55757
vt 0.32055 0.33624
vt 0.46283 0.33624
vt 0.46283 0.31949
vt 0.32055 0.31949
vt 0.32055 0.34078
vt 0.32055 0.35753
vt 0.46283 0.35753
vt 0.46283 0.34078
vt 0.46283 0.31949
vt 0.46283 0.33624
vt 0.46736 0.33624
vt 0.46736 0.31949
vt 0.32055 0.33624
vt 0.32055 0.31949
vt 0.31601 0.31949
vt 0.31601 0.33624
vt 0.46283 0.33624
vt 0.32055 0.33624
vt 0.32055 0.34078
vt 0.46283 0.34078
vt 0.46283 0.31949
vt 0.46283 0.31495
vt 0.32055 0.31495
vt 0.32055 0.31949
vt 0.50853 0.68940
vt 0.52420 0.68940
vt 0.16494 0.41826
vt 0.16494 0.43392
vt 0.54440 0.68940
vt 0.52874 0.68940
vt 0.16494 0.45413
vt 0.16494 0.43846
vt 0.54894 0.83466
vt 0.54894 0.83314
vt 0.54440 0.83314
vt 0.54440 0.83466
vt 0.30867 0.45866
vt 0.31020 0.45866
vt 0.31020 0.45413
vt 0.30867 0.45413
vt 0.54894 0.83167
vt 0.54440 0.83167
vt 0.30721 0.43392
vt 0.16494 0.43392
vt 0.16494 0.43846
vt 0.30721 0.43846
vt 0.54894 0.83927
vt 0.54894 0.83752
vt 0.54440 0.83752
vt 0.54440 0.83927
vt 0.30721 0.45866
vt 0.30721 0.45413
vt 0.31306 0.45866
vt 0.31481 0.45866
vt 0.31481 0.45413
vt 0.31306 0.45413
vt 0.52420 0.68940
vt 0.52420 0.83167
vt 0.52874 0.83167
vt 0.52874 0.68940
vt 0.54894 0.84109
vt 0.54440 0.84109
vt 0.31662 0.45866
vt 0.31662 0.45413
vt 0.52873 0.84414
vt 0.53793 0.84414
vt 0.53793 0.83960
vt 0.52874 0.83960
vt 0.52420 0.83960
vt 0.52874 0.83960
vt 0.31968 0.44765
vt 0.31968 0.43846
vt 0.31514 0.43846
vt 0.31514 0.44765
vt 0.54894 0.84280
vt 0.54440 0.84280
vt 0.31514 0.43392
vt 0.31514 0.43846
vt 0.31834 0.45866
vt 0.31834 0.45413
vt 0.54894 0.83592
vt 0.54440 0.83592
vt 0.16040 0.43846
vt 0.16040 0.45413
vt 0.16494 0.45413
vt 0.16494 0.43846
vt 0.31146 0.45866
vt 0.31146 0.45413
vt 0.54440 0.68486
vt 0.52874 0.68486
vt 0.52874 0.68940
vt 0.54440 0.68940
vt 0.50016 0.48811
vt 0.51582 0.48811
vt 0.15906 0.46408
vt 0.15906 0.47974
vt 0.53603 0.48811
vt 0.52036 0.48811
vt 0.15906 0.49994
vt 0.15906 0.48428
vt 0.50016 0.63337
vt 0.50016 0.63185
vt 0.49562 0.63185
vt 0.49562 0.63337
vt 0.30280 0.46408
vt 0.30433 0.46408
vt 0.30433 0.45954
vt 0.30280 0.45954
vt 0.50016 0.63039
vt 0.49562 0.63039
vt 0.30134 0.47974
vt 0.15906 0.47974
vt 0.15906 0.48428
vt 0.30134 0.48428
vt 0.50016 0.63798
vt 0.50016 0.63624
vt 0.49562 0.63624
vt 0.49562 0.63798
vt 0.30134 0.46408
vt 0.30134 0.45954
vt 0.30719 0.46408
vt 0.30893 0.46408
vt 0.30893 0.45954
vt 0.30719 0.45954
vt 0.51582 0.48811
vt 0.51582 0.63039
vt 0.52036 0.63039
vt 0.52036 0.48811
vt 0.50016 0.63980
vt 0.49562 0.63980
vt 0.31075 0.46408
vt 0.31075 0.45954
vt 0.51582 0.63832
vt 0.50664 0.63832
vt 0.50664 0.64285
vt 0.51583 0.64285
vt 0.51582 0.63832
vt 0.52036 0.63832
vt 0.30927 0.47055
vt 0.30926 0.47974
vt 0.31380 0.47974
vt 0.31380 0.47055
vt 0.50016 0.64152
vt 0.49562 0.64152
vt 0.30926 0.47974
vt 0.30926 0.48428
vt 0.31247 0.46408
vt 0.31247 0.45954
vt 0.50016 0.63464
vt 0.49562 0.63464
vt 0.15906 0.47974
vt 0.15906 0.46408
vt 0.15452 0.46408
vt 0.15452 0.47974
vt 0.30559 0.46408
vt 0.30559 0.45954
vt 0.50016 0.48811
vt 0.51582 0.48811
vt 0.51582 0.48357
vt 0.50016 0.48357
vt 0.54894 0.68940
vt 0.54440 0.68940
vt 0.16494 0.45866
vt 0.16494 0.45413
vt 0.50016 0.48811
vt 0.49562 0.48811
vt 0.15906 0.46408
vt 0.15906 0.45954
vt 0.06195 0.58348
vt 0.06001 0.58424
vt 0.06002 0.59492
vt 0.06195 0.59492
vt 0.02265 0.58330
vt 0.01423 0.58330
vt 0.01423 0.59492
vt 0.02265 0.59492
vt 0.04985 0.58355
vt 0.04628 0.58330
vt 0.04628 0.59492
vt 0.04985 0.59492
vt 0.03902 0.58432
vt 0.03524 0.58545
vt 0.03524 0.59492
vt 0.03902 0.59492
vt 0.05298 0.58430
vt 0.05298 0.59492
vt 0.03253 0.58611
vt 0.03253 0.59492
vt 0.05846 0.58544
vt 0.05846 0.59492
vt 0.03001 0.58627
vt 0.03001 0.59492
vt 0.05723 0.58693
vt 0.05528 0.58537
vt 0.05528 0.59492
vt 0.05723 0.59492
vt 0.02747 0.58590
vt 0.02747 0.59492
vt 0.04239 0.58352
vt 0.04239 0.59492
vt 0.02478 0.58485
vt 0.02478 0.59492
vt 0.06394 0.58330
vt 0.06394 0.59492
vt 0.06593 0.58348
vt 0.06593 0.59492
vt 0.06787 0.59492
vt 0.06787 0.58424
vt 0.10523 0.58330
vt 0.10523 0.59492
vt 0.11365 0.59492
vt 0.11365 0.58330
vt 0.07803 0.58355
vt 0.07803 0.59492
vt 0.08160 0.59492
vt 0.08160 0.58330
vt 0.08886 0.58432
vt 0.08886 0.59492
vt 0.09264 0.59492
vt 0.09264 0.58545
vt 0.07490 0.58430
vt 0.07490 0.59492
vt 0.09535 0.59492
vt 0.09535 0.58611
vt 0.06942 0.59492
vt 0.06942 0.58544
vt 0.09787 0.59492
vt 0.09787 0.58627
vt 0.07065 0.58693
vt 0.07065 0.59492
vt 0.07260 0.59492
vt 0.07260 0.58537
vt 0.10041 0.59492
vt 0.10041 0.58590
vt 0.08549 0.58352
vt 0.08549 0.59492
vt 0.10311 0.59492
vt 0.10311 0.58485
vt 0.53030 0.39159
vt 0.53124 0.38879
vt 0.52086 0.38879
vt 0.52086 0.39159
vt 0.53105 0.41800
vt 0.53036 0.41315
vt 0.52086 0.41315
vt 0.52086 0.41800
vt 0.53240 0.38631
vt 0.52086 0.38631
vt 0.52960 0.40850
vt 0.52086 0.40850
vt 0.53371 0.38467
vt 0.52086 0.38467
vt 0.52904 0.40478
vt 0.52086 0.40478
vt 0.53528 0.38340
vt 0.52086 0.38340
vt 0.52891 0.40183
vt 0.52086 0.40183
vt 0.53528 0.38001
vt 0.52086 0.38001
vt 0.52896 0.39867
vt 0.52086 0.39867
vt 0.53171 0.42972
vt 0.53171 0.42622
vt 0.52086 0.42622
vt 0.52086 0.42972
vt 0.52947 0.39522
vt 0.52086 0.39522
vt 0.53151 0.42207
vt 0.52086 0.42207
vt 0.53030 0.46786
vt 0.52086 0.46786
vt 0.52086 0.47066
vt 0.53124 0.47066
vt 0.53105 0.44144
vt 0.52086 0.44144
vt 0.52086 0.44630
vt 0.53036 0.44630
vt 0.52086 0.47314
vt 0.53240 0.47314
vt 0.52086 0.45095
vt 0.52960 0.45095
vt 0.52086 0.47478
vt 0.53371 0.47478
vt 0.52086 0.45467
vt 0.52904 0.45467
vt 0.52086 0.47605
vt 0.53528 0.47605
vt 0.52086 0.45762
vt 0.52891 0.45762
vt 0.52086 0.47944
vt 0.53528 0.47944
vt 0.52086 0.46078
vt 0.52896 0.46078
vt 0.52086 0.43322
vt 0.53171 0.43322
vt 0.52086 0.46423
vt 0.52947 0.46423
vt 0.52086 0.43738
vt 0.53151 0.43738
vt 0.06195 0.60961
vt 0.06195 0.59818
vt 0.06002 0.59818
vt 0.06002 0.60886
vt 0.02265 0.60979
vt 0.02265 0.59818
vt 0.01423 0.59818
vt 0.01423 0.60979
vt 0.04985 0.60954
vt 0.04985 0.59818
vt 0.04628 0.59818
vt 0.04628 0.60979
vt 0.03902 0.60878
vt 0.03902 0.59818
vt 0.03524 0.59818
vt 0.03524 0.60765
vt 0.05298 0.60879
vt 0.05298 0.59818
vt 0.03253 0.59818
vt 0.03254 0.60699
vt 0.05846 0.59818
vt 0.05846 0.60765
vt 0.03001 0.59818
vt 0.03001 0.60683
vt 0.05723 0.60616
vt 0.05723 0.59818
vt 0.05528 0.59818
vt 0.05528 0.60772
vt 0.02747 0.59818
vt 0.02747 0.60720
vt 0.04239 0.60957
vt 0.04239 0.59818
vt 0.02478 0.59818
vt 0.02478 0.60824
vt 0.06394 0.60979
vt 0.06394 0.59818
vt 0.06593 0.60961
vt 0.06787 0.60886
vt 0.06787 0.59818
vt 0.06593 0.59818
vt 0.10524 0.60979
vt 0.11365 0.60979
vt 0.11365 0.59818
vt 0.10523 0.59818
vt 0.07803 0.60954
vt 0.08160 0.60979
vt 0.08160 0.59818
vt 0.07803 0.59818
vt 0.08886 0.60878
vt 0.09264 0.60765
vt 0.09264 0.59818
vt 0.08886 0.59818
vt 0.07490 0.60879
vt 0.07490 0.59818
vt 0.09535 0.60699
vt 0.09535 0.59818
vt 0.06942 0.60765
vt 0.06942 0.59818
vt 0.09787 0.60683
vt 0.09787 0.59818
vt 0.07065 0.60616
vt 0.07260 0.60772
vt 0.07260 0.59818
vt 0.07065 0.59818
vt 0.10041 0.60720
vt 0.10041 0.59818
vt 0.08549 0.60957
vt 0.08549 0.59818
vt 0.10311 0.60824
vt 0.10311 0.59818
vt 0.50816 0.39159
vt 0.51760 0.39159
vt 0.51760 0.38879
vt 0.50722 0.38879
vt 0.50741 0.41800
vt 0.51760 0.41801
vt 0.51760 0.41315
vt 0.50810 0.41315
vt 0.51760 0.38631
vt 0.50606 0.38631
vt 0.51760 0.40850
vt 0.50886 0.40850
vt 0.51760 0.38467
vt 0.50475 0.38467
vt 0.51760 0.40478
vt 0.50942 0.40478
vt 0.51760 0.38340
vt 0.50318 0.38340
vt 0.51760 0.40183
vt 0.50955 0.40183
vt 0.51760 0.38001
vt 0.50318 0.38001
vt 0.51760 0.39867
vt 0.50950 0.39867
vt 0.50675 0.42972
vt 0.51760 0.42972
vt 0.51760 0.42622
vt 0.50675 0.42622
vt 0.51760 0.39522
vt 0.50899 0.39522
vt 0.51760 0.42207
vt 0.50695 0.42207
vt 0.50816 0.46786
vt 0.50722 0.47066
vt 0.51760 0.47066
vt 0.51760 0.46786
vt 0.50741 0.44144
vt 0.50810 0.44630
vt 0.51760 0.44630
vt 0.51760 0.44144
vt 0.50606 0.47314
vt 0.51760 0.47314
vt 0.50886 0.45095
vt 0.51760 0.45095
vt 0.50475 0.47478
vt 0.51760 0.47478
vt 0.50942 0.45467
vt 0.51760 0.45467
vt 0.50318 0.47605
vt 0.51760 0.47605
vt 0.50955 0.45762
vt 0.51760 0.45762
vt 0.50318 0.47944
vt 0.51760 0.47944
vt 0.50950 0.46078
vt 0.51760 0.46078
vt 0.50675 0.43322
vt 0.51760 0.43322
vt 0.50899 0.46423
vt 0.51760 0.46423
vt 0.50695 0.43738
vt 0.51760 0.43738
vt 0.52086 0.42622
vt 0.52086 0.42207
vt 0.51760 0.42207
vt 0.51760 0.42622
vt 0.08886 0.59492
vt 0.08549 0.59492
vt 0.08549 0.59818
vt 0.08886 0.59818
vt 0.52086 0.46786
vt 0.52086 0.46423
vt 0.51760 0.46423
vt 0.51760 0.46786
vt 0.04239 0.59492
vt 0.03902 0.59492
vt 0.03902 0.59818
vt 0.04239 0.59818
vt 0.52086 0.42972
vt 0.51760 0.42972
vt 0.08160 0.59492
vt 0.08160 0.59818
vt 0.52086 0.47066
vt 0.51760 0.47066
vt 0.06394 0.59492
vt 0.06195 0.59492
vt 0.06195 0.59818
vt 0.06394 0.59818
vt 0.52086 0.41800
vt 0.52086 0.41315
vt 0.51760 0.41315
vt 0.51760 0.41801
vt 0.11365 0.59492
vt 0.10523 0.59492
vt 0.10523 0.59818
vt 0.11365 0.59818
vt 0.52086 0.47314
vt 0.51760 0.47314
vt 0.04628 0.59492
vt 0.04628 0.59818
vt 0.52086 0.40850
vt 0.51760 0.40850
vt 0.09264 0.59492
vt 0.09264 0.59818
vt 0.52086 0.47478
vt 0.51760 0.47478
vt 0.02265 0.59492
vt 0.01423 0.59492
vt 0.01423 0.59818
vt 0.02265 0.59818
vt 0.52086 0.40478
vt 0.51760 0.40478
vt 0.09535 0.59492
vt 0.09535 0.59818
vt 0.52086 0.47605
vt 0.51760 0.47605
vt 0.03524 0.59492
vt 0.03524 0.59818
vt 0.52086 0.40183
vt 0.51760 0.40183
vt 0.09787 0.59492
vt 0.09787 0.59818
vt 0.52086 0.47944
vt 0.51760 0.47944
vt 0.03253 0.59492
vt 0.03253 0.59818
vt 0.52086 0.39867
vt 0.51760 0.39867
vt 0.10041 0.59492
vt 0.10041 0.59818
vt 0.03001 0.59492
vt 0.03001 0.59818
vt 0.52086 0.39522
vt 0.51760 0.39522
vt 0.10311 0.59492
vt 0.10311 0.59818
vt 0.02747 0.59492
vt 0.02747 0.59818
vt 0.52086 0.39159
vt 0.51760 0.39159
vt 0.02478 0.59492
vt 0.02478 0.59818
vt 0.52086 0.38879
vt 0.51760 0.38879
vt 0.06787 0.59492
vt 0.06593 0.59492
vt 0.06593 0.59818
vt 0.06787 0.59818
vt 0.52086 0.38631
vt 0.51760 0.38631
vt 0.07803 0.59492
vt 0.07803 0.59818
vt 0.06002 0.59492
vt 0.06002 0.59818
vt 0.52086 0.38467
vt 0.51760 0.38467
vt 0.07490 0.59492
vt 0.07490 0.59818
vt 0.04985 0.59492
vt 0.04985 0.59818
vt 0.52086 0.38340
vt 0.51760 0.38340
vt 0.06942 0.59492
vt 0.06942 0.59818
vt 0.05298 0.59492
vt 0.05298 0.59818
vt 0.52086 0.38001
vt 0.51760 0.38001
vt 0.07260 0.59492
vt 0.07065 0.59492
vt 0.07065 0.59818
vt 0.07260 0.59818
vt 0.05846 0.59492
vt 0.05846 0.59818
vt 0.05723 0.59492
vt 0.05528 0.59492
vt 0.05528 0.59818
vt 0.05723 0.59818
vt 0.50318 0.48270
vt 0.51760 0.48270
vt 0.51760 0.47944
vt 0.50318 0.47944
vt 0.11692 0.60979
vt 0.11692 0.59818
vt 0.11365 0.59818
vt 0.11365 0.60979
vt 0.01096 0.59818
vt 0.01096 0.60979
vt 0.01423 0.60979
vt 0.01423 0.59818
vt 0.48493 0.11270
vt 0.48493 0.11620
vt 0.48819 0.11620
vt 0.48819 0.11270
vt 0.52086 0.43322
vt 0.51760 0.43322
vt 0.51760 0.37675
vt 0.50318 0.37675
vt 0.50318 0.38001
vt 0.51760 0.38001
vt 0.48493 0.12036
vt 0.48819 0.12036
vt 0.48493 0.12445
vt 0.48819 0.12445
vt 0.48493 0.12935
vt 0.48819 0.12935
vt 0.48493 0.13406
vt 0.48819 0.13406
vt 0.54981 0.79121
vt 0.54981 0.79321
vt 0.55308 0.79321
vt 0.55308 0.79121
vt 0.48493 0.13783
vt 0.48819 0.13783
vt 0.48493 0.14079
vt 0.48819 0.14079
vt 0.54981 0.76404
vt 0.54981 0.76751
vt 0.55308 0.76751
vt 0.55308 0.76404
vt 0.48493 0.10920
vt 0.48819 0.10920
vt 0.54981 0.81491
vt 0.54981 0.81838
vt 0.55308 0.81838
vt 0.55308 0.81491
vt 0.48493 0.14395
vt 0.48819 0.14395
vt 0.54981 0.78921
vt 0.55308 0.78921
vt 0.48493 0.10504
vt 0.48819 0.10504
vt 0.54981 0.81101
vt 0.55308 0.81101
vt 0.48493 0.14743
vt 0.48819 0.14743
vt 0.54981 0.77140
vt 0.55308 0.77140
vt 0.48493 0.10095
vt 0.48819 0.10095
vt 0.54981 0.83572
vt 0.54981 0.84414
vt 0.55308 0.84414
vt 0.55308 0.83572
vt 0.48493 0.15115
vt 0.48819 0.15115
vt 0.54981 0.73827
vt 0.54981 0.74669
vt 0.55308 0.74669
vt 0.55308 0.73827
vt 0.48493 0.09605
vt 0.48819 0.09605
vt 0.54981 0.82232
vt 0.55308 0.82232
vt 0.48493 0.15410
vt 0.48819 0.15410
vt 0.54981 0.76010
vt 0.55308 0.76010
vt 0.48493 0.09134
vt 0.48819 0.09134
vt 0.54981 0.82510
vt 0.55308 0.82510
vt 0.48493 0.15684
vt 0.48819 0.15685
vt 0.54981 0.75731
vt 0.55308 0.75731
vt 0.48493 0.08757
vt 0.48819 0.08757
vt 0.54981 0.82763
vt 0.55308 0.82763
vt 0.48493 0.15894
vt 0.48819 0.15894
vt 0.54981 0.75478
vt 0.55308 0.75478
vt 0.48493 0.08461
vt 0.48819 0.08461
vt 0.54981 0.83020
vt 0.55308 0.83020
vt 0.48493 0.16097
vt 0.48819 0.16097
vt 0.54981 0.75222
vt 0.55308 0.75222
vt 0.48493 0.08145
vt 0.48819 0.08145
vt 0.54981 0.83309
vt 0.55308 0.83309
vt 0.48493 0.16097
vt 0.48493 0.16435
vt 0.48819 0.16435
vt 0.48819 0.16097
vt 0.54981 0.74933
vt 0.55308 0.74933
vt 0.48493 0.07797
vt 0.48819 0.07797
vt 0.54981 0.83572
vt 0.55308 0.83572
vt 0.52086 0.44144
vt 0.52086 0.43738
vt 0.51760 0.43738
vt 0.51760 0.44144
vt 0.54981 0.74669
vt 0.55308 0.74669
vt 0.48493 0.07425
vt 0.48819 0.07425
vt 0.54981 0.79528
vt 0.55308 0.79528
vt 0.54981 0.78713
vt 0.55308 0.78713
vt 0.48493 0.07130
vt 0.48819 0.07130
vt 0.54981 0.80743
vt 0.55308 0.80744
vt 0.52086 0.44630
vt 0.51760 0.44630
vt 0.54981 0.77498
vt 0.55308 0.77498
vt 0.48493 0.06855
vt 0.48819 0.06855
vt 0.54981 0.80422
vt 0.55308 0.80422
vt 0.52086 0.45095
vt 0.51760 0.45095
vt 0.54981 0.77820
vt 0.55308 0.77820
vt 0.48493 0.06646
vt 0.48819 0.06646
vt 0.54981 0.79725
vt 0.55308 0.79725
vt 0.52086 0.45467
vt 0.51760 0.45467
vt 0.54981 0.78516
vt 0.55308 0.78516
vt 0.48493 0.06443
vt 0.48819 0.06443
vt 0.54981 0.79918
vt 0.54981 0.80168
vt 0.55308 0.80168
vt 0.55308 0.79918
vt 0.52086 0.45762
vt 0.51760 0.45762
vt 0.54981 0.78073
vt 0.54981 0.78323
vt 0.55308 0.78323
vt 0.55308 0.78073
vt 0.48493 0.06105
vt 0.48493 0.06443
vt 0.48819 0.06443
vt 0.48819 0.06105
vt 0.54981 0.79918
vt 0.55308 0.79918
vt 0.52086 0.46078
vt 0.51760 0.46078
vt 0.54981 0.78323
vt 0.55308 0.78323
vt 0.59967 0.12903
vt 0.60265 0.12903
vt 0.60265 0.08454
vt 0.59967 0.08454
vt 0.60265 0.08156
vt 0.60265 0.08454
vt 0.70208 0.08454
vt 0.70208 0.08156
vt 0.70506 0.08454
vt 0.70208 0.08454
vt 0.70208 0.12903
vt 0.70506 0.12903
vt 0.70208 0.13201
vt 0.70208 0.12903
vt 0.60265 0.12903
vt 0.60265 0.13201
vt 0.60265 0.17650
vt 0.70208 0.17650
vt 0.70208 0.13201
vt 0.60265 0.13201
vt 0.70208 0.08454
vt 0.60265 0.08454
vt 0.60265 0.12903
vt 0.70208 0.12903
vt 0.35352 0.11688
vt 0.35651 0.11688
vt 0.35651 0.07240
vt 0.35352 0.07240
vt 0.35651 0.06941
vt 0.35651 0.07240
vt 0.45593 0.07240
vt 0.45593 0.06941
vt 0.45892 0.07240
vt 0.45593 0.07240
vt 0.45593 0.11688
vt 0.45892 0.11688
vt 0.45593 0.11987
vt 0.45593 0.11688
vt 0.35651 0.11688
vt 0.35651 0.11987
vt 0.35651 0.16435
vt 0.45593 0.16435
vt 0.45593 0.11987
vt 0.35651 0.11987
vt 0.45593 0.07240
vt 0.35651 0.07240
vt 0.35651 0.11688
vt 0.45593 0.11688
vt 0.44804 0.16522
vt 0.44804 0.16821
vt 0.49252 0.16821
vt 0.49252 0.16522
vt 0.49551 0.16821
vt 0.49252 0.16821
vt 0.49252 0.26763
vt 0.49551 0.26763
vt 0.49252 0.27062
vt 0.49252 0.26763
vt 0.44804 0.26763
vt 0.44804 0.27062
vt 0.44505 0.26763
vt 0.44804 0.26763
vt 0.44804 0.16821
vt 0.44505 0.16821
vt 0.40057 0.16821
vt 0.40057 0.26763
vt 0.44505 0.26763
vt 0.44505 0.16821
vt 0.49252 0.26763
vt 0.49252 0.16821
vt 0.44804 0.16821
vt 0.44804 0.26763
vt 0.76337 0.43354
vt 0.76327 0.43658
vt 0.81787 0.43850
vt 0.81798 0.43546
vt 0.82083 0.43854
vt 0.81787 0.43850
vt 0.81620 0.55257
vt 0.81916 0.55262
vt 0.81618 0.55552
vt 0.81620 0.55257
vt 0.76320 0.55216
vt 0.76318 0.55511
vt 0.76021 0.55216
vt 0.76320 0.55216
vt 0.76320 0.43671
vt 0.76021 0.43671
vt 0.70637 0.43671
vt 0.70637 0.55216
vt 0.76021 0.55216
vt 0.76021 0.43671
vt 0.81499 0.55133
vt 0.81660 0.43972
vt 0.76444 0.43790
vt 0.76444 0.55095
vt 0.76392 0.43727
vt 0.81720 0.43914
vt 0.81787 0.43850
vt 0.76327 0.43658
vt 0.81556 0.55192
vt 0.81620 0.55257
vt 0.76386 0.55152
vt 0.76320 0.55216
vt 0.76386 0.43738
vt 0.76320 0.43671
vt 0.76444 0.43790
vt 0.81660 0.43972
vt 0.81720 0.43914
vt 0.76392 0.43727
vt 0.81660 0.43972
vt 0.81499 0.55133
vt 0.81556 0.55192
vt 0.81720 0.43914
vt 0.81499 0.55133
vt 0.76444 0.55095
vt 0.76386 0.55152
vt 0.81556 0.55192
vt 0.76444 0.55095
vt 0.76444 0.43790
vt 0.76386 0.43738
vt 0.76386 0.55152
vt 0.31252 0.87312
vt 0.31442 0.87312
vt 0.31442 0.74838
vt 0.31252 0.74838
vt 0.31442 0.74648
vt 0.31442 0.74838
vt 0.41384 0.74838
vt 0.41384 0.74648
vt 0.41574 0.74838
vt 0.41384 0.74838
vt 0.41384 0.87312
vt 0.41574 0.87312
vt 0.41384 0.87502
vt 0.41384 0.87312
vt 0.31442 0.87312
vt 0.31442 0.87502
vt 0.31442 0.99976
vt 0.41384 0.99976
vt 0.41384 0.87502
vt 0.31442 0.87502
vt 0.41384 0.74838
vt 0.31442 0.74838
vt 0.31442 0.87312
vt 0.41384 0.87312
vt 0.29350 0.19666
vt 0.29648 0.19666
vt 0.29648 0.18284
vt 0.29350 0.18284
vt 0.29648 0.17986
vt 0.29648 0.18284
vt 0.39591 0.18284
vt 0.39591 0.17986
vt 0.39889 0.18284
vt 0.39591 0.18284
vt 0.39591 0.19666
vt 0.39889 0.19666
vt 0.39591 0.19964
vt 0.39591 0.19666
vt 0.29648 0.19666
vt 0.29648 0.19964
vt 0.29648 0.21346
vt 0.39591 0.21346
vt 0.39591 0.19964
vt 0.29648 0.19964
vt 0.39591 0.18284
vt 0.29648 0.18284
vt 0.29648 0.19666
vt 0.39591 0.19666
vt 0.33662 0.27462
vt 0.19434 0.27462
vt 0.19434 0.29138
vt 0.33662 0.29138
vt 0.33662 0.27009
vt 0.33662 0.25333
vt 0.19434 0.25333
vt 0.19434 0.27009
vt 0.18980 0.25333
vt 0.18980 0.27009
vt 0.19434 0.27009
vt 0.19434 0.25333
vt 0.34115 0.27009
vt 0.34115 0.25333
vt 0.33662 0.25333
vt 0.33662 0.27009
vt 0.19434 0.24880
vt 0.19434 0.25333
vt 0.33662 0.25333
vt 0.33662 0.24880
vt 0.19434 0.27462
vt 0.33662 0.27462
vt 0.33662 0.27009
vt 0.19434 0.27009
vt 0.51301 0.30245
vt 0.65529 0.30245
vt 0.65529 0.28569
vt 0.51301 0.28569
vt 0.51301 0.30699
vt 0.51301 0.32374
vt 0.65529 0.32374
vt 0.65529 0.30699
vt 0.65529 0.28569
vt 0.65529 0.30245
vt 0.65983 0.30245
vt 0.65983 0.28569
vt 0.51301 0.30245
vt 0.51301 0.28569
vt 0.50848 0.28569
vt 0.50848 0.30245
vt 0.65529 0.30245
vt 0.51301 0.30245
vt 0.51301 0.30699
vt 0.65529 0.30699
vt 0.65529 0.28569
vt 0.65529 0.28116
vt 0.51301 0.28116
vt 0.51301 0.28569
vt 0.00478 0.53932
vt 0.00478 0.52366
vt 0.15499 0.42192
vt 0.15499 0.40626
vt 0.00478 0.50346
vt 0.00478 0.51912
vt 0.15499 0.38606
vt 0.15499 0.40172
vt 0.15005 0.49892
vt 0.14852 0.49892
vt 0.14852 0.50346
vt 0.15005 0.50346
vt 0.01125 0.38152
vt 0.00972 0.38152
vt 0.00972 0.38606
vt 0.01125 0.38606
vt 0.14706 0.49892
vt 0.14706 0.50346
vt 0.01271 0.40626
vt 0.15499 0.40626
vt 0.15499 0.40172
vt 0.01271 0.40172
vt 0.15465 0.49892
vt 0.15291 0.49892
vt 0.15291 0.50346
vt 0.15465 0.50346
vt 0.01271 0.38152
vt 0.01271 0.38606
vt 0.00686 0.38152
vt 0.00512 0.38152
vt 0.00512 0.38606
vt 0.00686 0.38606
vt 0.00478 0.52366
vt 0.14706 0.52366
vt 0.14706 0.51912
vt 0.00478 0.51912
vt 0.15647 0.49892
vt 0.15647 0.50346
vt 0.00330 0.38152
vt 0.00330 0.38606
vt 0.15953 0.51912
vt 0.15953 0.50993
vt 0.15499 0.50993
vt 0.15499 0.51912
vt 0.15499 0.52366
vt 0.15499 0.51912
vt 0.00024 0.39253
vt 0.00024 0.40172
vt 0.00478 0.40172
vt 0.00478 0.39253
vt 0.15819 0.49892
vt 0.15819 0.50346
vt 0.00478 0.40626
vt 0.00478 0.40172
vt 0.00158 0.38152
vt 0.00158 0.38606
vt 0.15131 0.49892
vt 0.15131 0.50346
vt 0.15953 0.40172
vt 0.15953 0.38606
vt 0.15499 0.38606
vt 0.15499 0.40172
vt 0.00846 0.38152
vt 0.00846 0.38606
vt 0.00025 0.50346
vt 0.00024 0.51912
vt 0.00478 0.51912
vt 0.00478 0.50346
vt 0.15499 0.42734
vt 0.15499 0.44300
vt 0.35282 0.44550
vt 0.35282 0.46116
vt 0.15499 0.46320
vt 0.15499 0.44754
vt 0.35282 0.48136
vt 0.35282 0.46570
vt 0.00972 0.42734
vt 0.01125 0.42734
vt 0.01125 0.42280
vt 0.00972 0.42280
vt 0.49656 0.44550
vt 0.49809 0.44550
vt 0.49809 0.44096
vt 0.49656 0.44096
vt 0.01271 0.42734
vt 0.01271 0.42280
vt 0.49510 0.46116
vt 0.35282 0.46116
vt 0.35282 0.46570
vt 0.49510 0.46570
vt 0.00512 0.42734
vt 0.00686 0.42734
vt 0.00686 0.42280
vt 0.00512 0.42280
vt 0.49510 0.44550
vt 0.49510 0.44096
vt 0.50095 0.44550
vt 0.50269 0.44550
vt 0.50269 0.44096
vt 0.50095 0.44096
vt 0.15499 0.44300
vt 0.01271 0.44300
vt 0.01271 0.44754
vt 0.15499 0.44754
vt 0.00330 0.42734
vt 0.00330 0.42280
vt 0.50451 0.44550
vt 0.50451 0.44096
vt 0.00478 0.44300
vt 0.00478 0.43381
vt 0.00024 0.43381
vt 0.00024 0.44300
vt 0.00478 0.44300
vt 0.00478 0.44754
vt 0.50303 0.45197
vt 0.50303 0.46116
vt 0.50757 0.46116
vt 0.50757 0.45197
vt 0.00158 0.42734
vt 0.00158 0.42280
vt 0.50303 0.46116
vt 0.50303 0.46570
vt 0.50623 0.44550
vt 0.50623 0.44096
vt 0.00846 0.42734
vt 0.00846 0.42280
vt 0.35282 0.46116
vt 0.35282 0.44550
vt 0.34829 0.44550
vt 0.34829 0.46116
vt 0.49935 0.44550
vt 0.49935 0.44096
vt 0.15499 0.42734
vt 0.15499 0.44300
vt 0.15953 0.44300
vt 0.15953 0.42734
vt 0.00478 0.49892
vt 0.00478 0.50346
vt 0.15499 0.38152
vt 0.15499 0.38606
vt 0.15499 0.42734
vt 0.15499 0.42280
vt 0.35282 0.44550
vt 0.35282 0.44096
vt 0.88741 0.63084
vt 0.88666 0.62890
vt 0.87598 0.62890
vt 0.87598 0.63084
vt 0.88759 0.59154
vt 0.88759 0.58312
vt 0.87598 0.58312
vt 0.87598 0.59154
vt 0.88734 0.61874
vt 0.88759 0.61517
vt 0.87598 0.61517
vt 0.87598 0.61874
vt 0.88658 0.60791
vt 0.88545 0.60413
vt 0.87598 0.60413
vt 0.87598 0.60791
vt 0.88659 0.62187
vt 0.87598 0.62187
vt 0.88479 0.60142
vt 0.87598 0.60142
vt 0.88545 0.62735
vt 0.87598 0.62735
vt 0.88463 0.59890
vt 0.87598 0.59890
vt 0.88396 0.62612
vt 0.88552 0.62417
vt 0.87598 0.62417
vt 0.87598 0.62612
vt 0.88500 0.59636
vt 0.87598 0.59636
vt 0.88737 0.61128
vt 0.87598 0.61128
vt 0.88604 0.59366
vt 0.87598 0.59366
vt 0.88759 0.63283
vt 0.87598 0.63283
vt 0.88741 0.63482
vt 0.87598 0.63482
vt 0.87598 0.63676
vt 0.88666 0.63676
vt 0.88759 0.67412
vt 0.87598 0.67412
vt 0.87598 0.68254
vt 0.88759 0.68254
vt 0.88734 0.64692
vt 0.87598 0.64692
vt 0.87598 0.65049
vt 0.88759 0.65049
vt 0.88658 0.65775
vt 0.87598 0.65775
vt 0.87598 0.66153
vt 0.88545 0.66153
vt 0.88659 0.64379
vt 0.87598 0.64379
vt 0.87598 0.66424
vt 0.88479 0.66424
vt 0.87598 0.63831
vt 0.88545 0.63831
vt 0.87598 0.66676
vt 0.88463 0.66676
vt 0.88396 0.63954
vt 0.87598 0.63954
vt 0.87598 0.64149
vt 0.88552 0.64149
vt 0.87598 0.66930
vt 0.88500 0.66930
vt 0.88737 0.65438
vt 0.87598 0.65438
vt 0.87598 0.67200
vt 0.88604 0.67200
vt 0.86423 0.90865
vt 0.86517 0.90585
vt 0.85480 0.90585
vt 0.85480 0.90865
vt 0.86498 0.93506
vt 0.86429 0.93021
vt 0.85480 0.93021
vt 0.85480 0.93506
vt 0.86633 0.90336
vt 0.85480 0.90336
vt 0.86353 0.92556
vt 0.85480 0.92556
vt 0.86764 0.90172
vt 0.85480 0.90173
vt 0.86297 0.92184
vt 0.85480 0.92184
vt 0.86922 0.90045
vt 0.85480 0.90045
vt 0.86285 0.91888
vt 0.85480 0.91888
vt 0.86922 0.89707
vt 0.85480 0.89707
vt 0.86290 0.91572
vt 0.85480 0.91572
vt 0.86564 0.94678
vt 0.86564 0.94328
vt 0.85480 0.94328
vt 0.85480 0.94678
vt 0.86341 0.91228
vt 0.85480 0.91228
vt 0.86545 0.93912
vt 0.85480 0.93912
vt 0.86423 0.98491
vt 0.85480 0.98491
vt 0.85480 0.98771
vt 0.86517 0.98771
vt 0.86498 0.95850
vt 0.85480 0.95850
vt 0.85480 0.96335
vt 0.86429 0.96335
vt 0.85480 0.99019
vt 0.86633 0.99019
vt 0.85480 0.96800
vt 0.86353 0.96800
vt 0.85480 0.99183
vt 0.86764 0.99183
vt 0.85480 0.97172
vt 0.86297 0.97172
vt 0.85480 0.99311
vt 0.86922 0.99311
vt 0.85480 0.97468
vt 0.86285 0.97468
vt 0.85480 0.99649
vt 0.86922 0.99649
vt 0.85480 0.97784
vt 0.86290 0.97784
vt 0.85480 0.95028
vt 0.86564 0.95028
vt 0.85480 0.98128
vt 0.86341 0.98128
vt 0.85480 0.95444
vt 0.86545 0.95444
vt 0.86128 0.63084
vt 0.87271 0.63084
vt 0.87271 0.62890
vt 0.86203 0.62890
vt 0.86110 0.59154
vt 0.87271 0.59154
vt 0.87271 0.58312
vt 0.86110 0.58312
vt 0.86135 0.61874
vt 0.87271 0.61874
vt 0.87271 0.61517
vt 0.86110 0.61517
vt 0.86212 0.60791
vt 0.87271 0.60791
vt 0.87271 0.60413
vt 0.86325 0.60413
vt 0.86210 0.62187
vt 0.87271 0.62187
vt 0.87271 0.60142
vt 0.86391 0.60142
vt 0.87271 0.62735
vt 0.86324 0.62735
vt 0.87271 0.59890
vt 0.86407 0.59890
vt 0.86473 0.62612
vt 0.87271 0.62613
vt 0.87271 0.62417
vt 0.86317 0.62417
vt 0.87271 0.59636
vt 0.86370 0.59636
vt 0.86132 0.61128
vt 0.87271 0.61128
vt 0.87271 0.59366
vt 0.86265 0.59366
vt 0.86110 0.63283
vt 0.87271 0.63283
vt 0.86128 0.63482
vt 0.86203 0.63676
vt 0.87271 0.63676
vt 0.87271 0.63482
vt 0.86110 0.67412
vt 0.86110 0.68254
vt 0.87271 0.68254
vt 0.87271 0.67412
vt 0.86135 0.64692
vt 0.86110 0.65049
vt 0.87271 0.65049
vt 0.87271 0.64692
vt 0.86212 0.65775
vt 0.86325 0.66153
vt 0.87271 0.66153
vt 0.87271 0.65775
vt 0.86210 0.64379
vt 0.87271 0.64379
vt 0.86391 0.66424
vt 0.87271 0.66424
vt 0.86324 0.63831
vt 0.87271 0.63831
vt 0.86407 0.66676
vt 0.87271 0.66676
vt 0.86473 0.63954
vt 0.86317 0.64149
vt 0.87271 0.64149
vt 0.87271 0.63954
vt 0.86370 0.66930
vt 0.87271 0.66930
vt 0.86132 0.65438
vt 0.87271 0.65438
vt 0.86265 0.67200
vt 0.87271 0.67200
vt 0.84210 0.90865
vt 0.85153 0.90865
vt 0.85153 0.90585
vt 0.84116 0.90585
vt 0.84135 0.93506
vt 0.85153 0.93506
vt 0.85153 0.93021
vt 0.84203 0.93021
vt 0.85153 0.90336
vt 0.83999 0.90336
vt 0.85153 0.92556
vt 0.84279 0.92556
vt 0.85153 0.90172
vt 0.83869 0.90172
vt 0.85153 0.92184
vt 0.84336 0.92184
vt 0.85153 0.90045
vt 0.83711 0.90045
vt 0.85153 0.91888
vt 0.84348 0.91888
vt 0.85153 0.89707
vt 0.83711 0.89707
vt 0.85153 0.91572
vt 0.84343 0.91572
vt 0.84069 0.94678
vt 0.85153 0.94678
vt 0.85153 0.94328
vt 0.84069 0.94328
vt 0.85153 0.91228
vt 0.84292 0.91228
vt 0.85153 0.93912
vt 0.84088 0.93912
vt 0.84210 0.98491
vt 0.84116 0.98771
vt 0.85153 0.98771
vt 0.85153 0.98491
vt 0.84135 0.95850
vt 0.84203 0.96335
vt 0.85153 0.96335
vt 0.85153 0.95850
vt 0.83999 0.99019
vt 0.85153 0.99019
vt 0.84279 0.96800
vt 0.85153 0.96800
vt 0.83869 0.99183
vt 0.85153 0.99183
vt 0.84336 0.97172
vt 0.85153 0.97172
vt 0.83711 0.99311
vt 0.85153 0.99311
vt 0.84348 0.97468
vt 0.85153 0.97468
vt 0.83711 0.99649
vt 0.85153 0.99649
vt 0.84343 0.97784
vt 0.85153 0.97784
vt 0.84069 0.95028
vt 0.85153 0.95028
vt 0.84292 0.98128
vt 0.85153 0.98128
vt 0.84088 0.95444
vt 0.85153 0.95444
vt 0.85480 0.94328
vt 0.85480 0.93912
vt 0.85153 0.93912
vt 0.85153 0.94328
vt 0.87598 0.65775
vt 0.87598 0.65438
vt 0.87271 0.65438
vt 0.87271 0.65775
vt 0.85480 0.98491
vt 0.85480 0.98128
vt 0.85153 0.98128
vt 0.85153 0.98491
vt 0.87598 0.61128
vt 0.87598 0.60791
vt 0.87271 0.60791
vt 0.87271 0.61128
vt 0.85480 0.94678
vt 0.85153 0.94678
vt 0.87598 0.65049
vt 0.87271 0.65049
vt 0.85480 0.98771
vt 0.85153 0.98771
vt 0.87598 0.63283
vt 0.87598 0.63084
vt 0.87271 0.63084
vt 0.87271 0.63283
vt 0.85480 0.93506
vt 0.85480 0.93021
vt 0.85153 0.93021
vt 0.85153 0.93506
vt 0.87598 0.68254
vt 0.87598 0.67412
vt 0.87271 0.67412
vt 0.87271 0.68254
vt 0.85480 0.99019
vt 0.85153 0.99019
vt 0.87598 0.61517
vt 0.87271 0.61517
vt 0.85480 0.92556
vt 0.85153 0.92556
vt 0.87598 0.66153
vt 0.87271 0.66153
vt 0.85480 0.99183
vt 0.85153 0.99183
vt 0.87598 0.59154
vt 0.87598 0.58312
vt 0.87271 0.58312
vt 0.87271 0.59154
vt 0.85480 0.92184
vt 0.85153 0.92184
vt 0.87598 0.66424
vt 0.87271 0.66424
vt 0.85480 0.99311
vt 0.85153 0.99311
vt 0.87598 0.60413
vt 0.87271 0.60413
vt 0.85480 0.91888
vt 0.85153 0.91888
vt 0.87598 0.66676
vt 0.87271 0.66676
vt 0.85480 0.99649
vt 0.85153 0.99649
vt 0.87598 0.60142
vt 0.87271 0.60142
vt 0.85480 0.91572
vt 0.85153 0.91572
vt 0.87598 0.66930
vt 0.87271 0.66930
vt 0.87598 0.59890
vt 0.87271 0.59890
vt 0.85480 0.91228
vt 0.85153 0.91228
vt 0.87598 0.67200
vt 0.87271 0.67200
vt 0.87598 0.59636
vt 0.87271 0.59636
vt 0.85480 0.90865
vt 0.85153 0.90865
vt 0.87598 0.59366
vt 0.87271 0.59366
vt 0.85480 0.90585
vt 0.85153 0.90585
vt 0.87598 0.63676
vt 0.87598 0.63482
vt 0.87271 0.63482
vt 0.87271 0.63676
vt 0.85480 0.90336
vt 0.85153 0.90336
vt 0.87598 0.64692
vt 0.87271 0.64692
vt 0.87598 0.62890
vt 0.87271 0.62890
vt 0.85480 0.90173
vt 0.85153 0.90172
vt 0.87598 0.64379
vt 0.87271 0.64379
vt 0.87598 0.61874
vt 0.87271 0.61874
vt 0.85480 0.90045
vt 0.85153 0.90045
vt 0.87598 0.63831
vt 0.87271 0.63831
vt 0.87598 0.62187
vt 0.87271 0.62187
vt 0.85480 0.89707
vt 0.85153 0.89707
vt 0.87598 0.64149
vt 0.87598 0.63954
vt 0.87271 0.63954
vt 0.87271 0.64149
vt 0.87598 0.62735
vt 0.87271 0.62735
vt 0.87598 0.62612
vt 0.87598 0.62417
vt 0.87271 0.62417
vt 0.87271 0.62613
vt 0.83711 0.99976
vt 0.85153 0.99976
vt 0.85153 0.99649
vt 0.83711 0.99649
vt 0.86110 0.68581
vt 0.87271 0.68581
vt 0.87271 0.68254
vt 0.86110 0.68254
vt 0.87271 0.57985
vt 0.86110 0.57985
vt 0.86110 0.58312
vt 0.87271 0.58312
vt 0.46807 0.11270
vt 0.46806 0.11620
vt 0.47133 0.11620
vt 0.47133 0.11270
vt 0.85480 0.95028
vt 0.85153 0.95028
vt 0.85153 0.89380
vt 0.83711 0.89380
vt 0.83711 0.89707
vt 0.85153 0.89707
vt 0.46807 0.12036
vt 0.47133 0.12036
vt 0.46806 0.12445
vt 0.47133 0.12445
vt 0.46806 0.12935
vt 0.47133 0.12935
vt 0.46807 0.13406
vt 0.47133 0.13406
vt 0.60240 0.78667
vt 0.60240 0.78867
vt 0.60567 0.78867
vt 0.60567 0.78667
vt 0.46806 0.13783
vt 0.47133 0.13783
vt 0.46806 0.14079
vt 0.47133 0.14079
vt 0.60240 0.75950
vt 0.60240 0.76297
vt 0.60567 0.76297
vt 0.60567 0.75950
vt 0.46806 0.10920
vt 0.47133 0.10920
vt 0.60240 0.81037
vt 0.60240 0.81384
vt 0.60567 0.81384
vt 0.60567 0.81037
vt 0.46806 0.14395
vt 0.47133 0.14395
vt 0.60240 0.78467
vt 0.60567 0.78467
vt 0.46807 0.10504
vt 0.47133 0.10504
vt 0.60240 0.80648
vt 0.60567 0.80648
vt 0.46806 0.14743
vt 0.47133 0.14743
vt 0.60240 0.76686
vt 0.60567 0.76686
vt 0.46806 0.10095
vt 0.47133 0.10095
vt 0.60240 0.83118
vt 0.60240 0.83960
vt 0.60567 0.83960
vt 0.60567 0.83118
vt 0.46806 0.15115
vt 0.47133 0.15115
vt 0.60240 0.73374
vt 0.60240 0.74215
vt 0.60567 0.74215
vt 0.60567 0.73374
vt 0.46807 0.09605
vt 0.47133 0.09605
vt 0.60240 0.81778
vt 0.60567 0.81778
vt 0.46806 0.15410
vt 0.47133 0.15410
vt 0.60240 0.75556
vt 0.60567 0.75556
vt 0.46807 0.09134
vt 0.47133 0.09134
vt 0.60240 0.82057
vt 0.60567 0.82056
vt 0.46806 0.15684
vt 0.47133 0.15685
vt 0.60240 0.75277
vt 0.60567 0.75277
vt 0.46807 0.08757
vt 0.47133 0.08757
vt 0.60240 0.82309
vt 0.60567 0.82309
vt 0.46806 0.15894
vt 0.47133 0.15894
vt 0.60240 0.75025
vt 0.60567 0.75025
vt 0.46806 0.08461
vt 0.47133 0.08461
vt 0.60240 0.82566
vt 0.60567 0.82566
vt 0.46806 0.16097
vt 0.47133 0.16097
vt 0.60240 0.74768
vt 0.60567 0.74768
vt 0.46806 0.08145
vt 0.47133 0.08145
vt 0.60240 0.82855
vt 0.60567 0.82855
vt 0.46806 0.16097
vt 0.46806 0.16435
vt 0.47133 0.16435
vt 0.47133 0.16097
vt 0.60240 0.74479
vt 0.60567 0.74479
vt 0.46806 0.07797
vt 0.47133 0.07797
vt 0.60240 0.83118
vt 0.60567 0.83118
vt 0.85480 0.95850
vt 0.85480 0.95444
vt 0.85153 0.95444
vt 0.85153 0.95850
vt 0.60240 0.74215
vt 0.60567 0.74215
vt 0.46806 0.07425
vt 0.47133 0.07425
vt 0.60240 0.79074
vt 0.60567 0.79075
vt 0.60240 0.78259
vt 0.60567 0.78259
vt 0.46806 0.07130
vt 0.47133 0.07130
vt 0.60240 0.80290
vt 0.60567 0.80290
vt 0.85480 0.96335
vt 0.85153 0.96335
vt 0.60240 0.77044
vt 0.60567 0.77044
vt 0.46806 0.06855
vt 0.47133 0.06855
vt 0.60240 0.79968
vt 0.60567 0.79968
vt 0.85480 0.96800
vt 0.85153 0.96800
vt 0.60240 0.77366
vt 0.60567 0.77366
vt 0.46806 0.06646
vt 0.47133 0.06646
vt 0.60240 0.79271
vt 0.60567 0.79271
vt 0.85480 0.97172
vt 0.85153 0.97172
vt 0.60240 0.78063
vt 0.60567 0.78063
vt 0.46806 0.06443
vt 0.47133 0.06443
vt 0.60240 0.79464
vt 0.60240 0.79714
vt 0.60567 0.79714
vt 0.60567 0.79464
vt 0.85480 0.97468
vt 0.85153 0.97468
vt 0.60240 0.77620
vt 0.60240 0.77870
vt 0.60567 0.77870
vt 0.60567 0.77620
vt 0.46806 0.06105
vt 0.46806 0.06443
vt 0.47133 0.06443
vt 0.47133 0.06105
vt 0.60240 0.79464
vt 0.60567 0.79464
vt 0.85480 0.97784
vt 0.85153 0.97784
vt 0.60240 0.77870
vt 0.60567 0.77870
vt 0.50629 0.23281
vt 0.50928 0.23281
vt 0.50928 0.18833
vt 0.50629 0.18833
vt 0.50928 0.18534
vt 0.50928 0.18833
vt 0.60870 0.18833
vt 0.60870 0.18534
vt 0.61169 0.18833
vt 0.60870 0.18833
vt 0.60870 0.23281
vt 0.61169 0.23281
vt 0.60870 0.23580
vt 0.60870 0.23281
vt 0.50928 0.23281
vt 0.50928 0.23580
vt 0.50928 0.28028
vt 0.60870 0.28028
vt 0.60870 0.23580
vt 0.50928 0.23580
vt 0.60870 0.18833
vt 0.50928 0.18833
vt 0.50928 0.23281
vt 0.60870 0.23281
vt 0.24725 0.13152
vt 0.25024 0.13152
vt 0.25024 0.08703
vt 0.24725 0.08703
vt 0.25024 0.08405
vt 0.25024 0.08703
vt 0.34966 0.08703
vt 0.34966 0.08405
vt 0.35265 0.08703
vt 0.34966 0.08703
vt 0.34966 0.13152
vt 0.35265 0.13152
vt 0.34966 0.13450
vt 0.34966 0.13152
vt 0.25024 0.13152
vt 0.25024 0.13450
vt 0.25024 0.17899
vt 0.34966 0.17899
vt 0.34966 0.13450
vt 0.25024 0.13450
vt 0.34966 0.08703
vt 0.25024 0.08703
vt 0.25024 0.13152
vt 0.34966 0.13152
vt 0.78478 0.04771
vt 0.78777 0.04771
vt 0.78777 0.00323
vt 0.78478 0.00323
vt 0.78777 0.00024
vt 0.78777 0.00323
vt 0.88719 0.00323
vt 0.88719 0.00024
vt 0.89018 0.00323
vt 0.88719 0.00323
vt 0.88719 0.04771
vt 0.89018 0.04771
vt 0.88719 0.05070
vt 0.88719 0.04771
vt 0.78777 0.04771
vt 0.78777 0.05070
vt 0.78777 0.09518
vt 0.88719 0.09518
vt 0.88719 0.05070
vt 0.78777 0.05070
vt 0.88719 0.00323
vt 0.78777 0.00323
vt 0.78777 0.04771
vt 0.88719 0.04771
vt 0.71770 0.27001
vt 0.71759 0.27304
vt 0.77200 0.27498
vt 0.77210 0.27195
vt 0.77495 0.27501
vt 0.77200 0.27498
vt 0.77074 0.38910
vt 0.77370 0.38913
vt 0.77072 0.39206
vt 0.77074 0.38910
vt 0.71753 0.38862
vt 0.71750 0.39157
vt 0.71454 0.38862
vt 0.71753 0.38862
vt 0.71753 0.27318
vt 0.71454 0.27318
vt 0.66070 0.27318
vt 0.66070 0.38862
vt 0.71454 0.38862
vt 0.71454 0.27318
vt 0.76954 0.38786
vt 0.77073 0.27619
vt 0.71876 0.27435
vt 0.71878 0.38739
vt 0.71824 0.27373
vt 0.77133 0.27562
vt 0.77200 0.27498
vt 0.71759 0.27304
vt 0.77010 0.38844
vt 0.77074 0.38910
vt 0.71819 0.38797
vt 0.71753 0.38862
vt 0.71818 0.27384
vt 0.71753 0.27318
vt 0.71876 0.27435
vt 0.77073 0.27619
vt 0.77133 0.27562
vt 0.71824 0.27373
vt 0.77073 0.27619
vt 0.76954 0.38786
vt 0.77010 0.38844
vt 0.77133 0.27562
vt 0.76954 0.38786
vt 0.71878 0.38739
vt 0.71819 0.38797
vt 0.77010 0.38844
vt 0.71878 0.38739
vt 0.71876 0.27435
vt 0.71818 0.27384
vt 0.71819 0.38797
vt 0.12688 0.74561
vt 0.12688 0.74371
vt 0.00214 0.74371
vt 0.00214 0.74561
vt 0.00024 0.74371
vt 0.00214 0.74371
vt 0.00214 0.64429
vt 0.00024 0.64429
vt 0.00214 0.64239
vt 0.00214 0.64429
vt 0.12688 0.64429
vt 0.12688 0.64239
vt 0.12878 0.64429
vt 0.12688 0.64429
vt 0.12688 0.74371
vt 0.12878 0.74371
vt 0.25352 0.74371
vt 0.25352 0.64429
vt 0.12878 0.64429
vt 0.12878 0.74371
vt 0.00214 0.64429
vt 0.00214 0.74371
vt 0.12688 0.74371
vt 0.12688 0.64429
vt 0.28361 0.23112
vt 0.28660 0.23112
vt 0.28660 0.21731
vt 0.28361 0.21731
vt 0.28660 0.21433
vt 0.28660 0.21731
vt 0.38602 0.21731
vt 0.38602 0.21433
vt 0.38901 0.21731
vt 0.38602 0.21731
vt 0.38602 0.23112
vt 0.38901 0.23112
vt 0.38602 0.23411
vt 0.38602 0.23112
vt 0.28660 0.23112
vt 0.28660 0.23411
vt 0.28660 0.24792
vt 0.38602 0.24792
vt 0.38602 0.23411
vt 0.28660 0.23411
vt 0.38602 0.21731
vt 0.28660 0.21731
vt 0.28660 0.23112
vt 0.38602 0.23112
vt 0.14780 0.27916
vt 0.00553 0.27916
vt 0.00553 0.29591
vt 0.14780 0.29591
vt 0.14780 0.27462
vt 0.14780 0.25787
vt 0.00553 0.25787
vt 0.00553 0.27462
vt 0.00099 0.25787
vt 0.00099 0.27462
vt 0.00553 0.27462
vt 0.00553 0.25787
vt 0.15234 0.27462
vt 0.15234 0.25787
vt 0.14780 0.25787
vt 0.14780 0.27462
vt 0.00553 0.25333
vt 0.00553 0.25787
vt 0.14780 0.25787
vt 0.14780 0.25333
vt 0.00553 0.27916
vt 0.14780 0.27916
vt 0.14780 0.27462
vt 0.00553 0.27462
vt 0.67737 0.84299
vt 0.67737 0.70072
vt 0.66062 0.70072
vt 0.66062 0.84299
vt 0.68191 0.84299
vt 0.69866 0.84299
vt 0.69866 0.70072
vt 0.68191 0.70072
vt 0.66062 0.70072
vt 0.67737 0.70072
vt 0.67737 0.69618
vt 0.66062 0.69618
vt 0.67737 0.84299
vt 0.66062 0.84299
vt 0.66062 0.84753
vt 0.67737 0.84753
vt 0.67737 0.70072
vt 0.67737 0.84299
vt 0.68191 0.84299
vt 0.68191 0.70072
vt 0.66062 0.70072
vt 0.65608 0.70072
vt 0.65608 0.84299
vt 0.66062 0.84299
vn -1.0000 0.0000 -0.0000
vn -1.0000 0.0000 -0.0000
vn -1.0000 0.0000 -0.0000
vn 1.0000 0.0000 0.0000
vn 1.0000 0.0000 0.0000
vn 1.0000 0.0000 0.0000
vn -1.0000 0.0000 -0.0000
vn -1.0000 0.0000 -0.0000
vn -1.0000 0.0000 -0.0000
vn -1.0000 0.0000 -0.0000
vn -1.0000 0.0000 -0.0000
vn -1.0000 0.0000 -0.0000
vn -1.0000 0.0000 -0.0000
vn -1.0000 0.0000 -0.0000
vn -1.0000 0.0000 -0.0000
vn -1.0000 0.0000 -0.0000
vn -1.0000 0.0000 -0.0000
vn -1.0000 0.0000 -0.0000
vn -1.0000 0.0000 -0.0000
vn -1.0000 0.0000 -0.0000
vn -1.0000 0.0000 -0.0000
vn -1.0000 0.0000 -0.0000
vn -1.0000 0.0000 -0.0000
vn 1.0000 0.0000 0.0000
vn 1.0000 0.0000 0.0000
vn 1.0000 0.0000 0.0000
vn 1.0000 0.0000 0.0000
vn 1.0000 0.0000 0.0000
vn 1.0000 0.0000 0.0000
vn 1.0000 0.0000 0.0000
vn 1.0000 0.0000 0.0000
vn 1.0000 0.0000 0.0000
vn 1.0000 0.0000 0.0000
vn 1.0000 0.0000 0.0000
vn 1.0000 0.0000 0.0000
vn 1.0000 0.0000 0.0000
vn 1.0000 0.0000 0.0000
vn 1.0000 0.0000 0.0000
vn 1.0000 0.0000 0.0000
vn 1.0000 0.0000 0.0000
vn -1.0000 0.0000 -0.0000
vn -1.0000 0.0000 -0.0000
vn -1.0000 0.0000 -0.0000
vn 1.0000 0.0000 0.0000
vn 1.0000 0.0000 0.0000
vn 1.0000 0.0000 0.0000
vn -1.0000 0.0000 -0.0000
vn -1.0000 0.0000 -0.0000
vn -1.0000 0.0000 -0.0000
vn -1.0000 0.0000 -0.0000
vn -1.0000 0.0000 -0.0000
vn -1.0000 0.0000 -0.0000
vn -1.0000 0.0000 -0.0000
vn -1.0000 0.0000 -0.0000
vn -1.0000 0.0000 -0.0000
vn -1.0000 0.0000 -0.0000
vn -1.0000 0.0000 -0.0000
vn -1.0000 0.0000 -0.0000
vn -1.0000 0.0000 -0.0000
vn -1.0000 0.0000 -0.0000
vn -1.0000 0.0000 -0.0000
vn -1.0000 0.0000 -0.0000
vn -1.0000 0.0000 -0.0000
vn 1.0000 0.0000 0.0000
vn 1.0000 0.0000 0.0000
vn 1.0000 0.0000 0.0000
vn 1.0000 0.0000 0.0000
vn 1.0000 0.0000 0.0000
vn 1.0000 0.0000 0.0000
vn 1.0000 0.0000 0.0000
vn 1.0000 0.0000 0.0000
vn 1.0000 0.0000 0.0000
vn 1.0000 0.0000 0.0000
vn 1.0000 0.0000 0.0000
vn 1.0000 0.0000 0.0000
vn 1.0000 0.0000 0.0000
vn 1.0000 0.0000 0.0000
vn 1.0000 0.0000 0.0000
vn 1.0000 0.0000 0.0000
vn 1.0000 0.0000 0.0000
vn 0.9659 0.0001 0.2589
vn 0.9659 -0.0000 0.2588
vn 0.9659 -0.0000 0.2588
vn -0.9659 0.0000 -0.2588
vn -0.9659 0.0000 -0.2588
vn -0.9659 0.0000 -0.2589
vn 0.9659 -0.0000 0.2588
vn 0.9659 -0.0000 0.2588
vn 0.9659 -0.0001 0.2588
vn 0.9659 0.0001 0.2588
vn 0.9659 -0.0000 0.2588
vn 0.9659 -0.0000 0.2588
vn 0.9659 -0.0000 0.2588
vn 0.9659 -0.0000 0.2588
vn 0.9659 -0.0000 0.2588
vn 0.9659 -0.0000 0.2588
vn 0.9659 -0.0000 0.2588
vn 0.9659 -0.0000 0.2588
vn 0.9660 0.0002 0.2587
vn 0.9659 -0.0001 0.2588
vn 0.9659 -0.0000 0.2588
vn 0.9659 -0.0000 0.2588
vn 0.9659 -0.0000 0.2588
vn -0.9659 0.0000 -0.2589
vn -0.9659 0.0000 -0.2588
vn -0.9659 0.0000 -0.2588
vn -0.9659 0.0001 -0.2588
vn -0.9659 -0.0001 -0.2588
vn -0.9659 0.0000 -0.2588
vn -0.9659 0.0000 -0.2588
vn -0.9659 0.0000 -0.2588
vn -0.9659 0.0000 -0.2588
vn -0.9659 0.0000 -0.2588
vn -0.9659 0.0000 -0.2588
vn -0.9659 0.0000 -0.2588
vn -0.9659 0.0000 -0.2588
vn -0.9659 -0.0001 -0.2588
vn -0.9659 0.0000 -0.2588
vn -0.9659 0.0001 -0.2588
vn -0.9659 0.0000 -0.2588
vn 0.9659 -0.0000 0.2588
vn 0.9659 -0.0000 0.2588
vn 0.9659 -0.0000 0.2588
vn -0.9659 -0.0001 -0.2588
vn -0.9659 0.0000 -0.2588
vn -0.9659 0.0000 -0.2588
vn 0.9659 -0.0000 0.2588
vn 0.9659 -0.0000 0.2588
vn 0.9659 0.0001 0.2588
vn 0.9660 -0.0001 0.2587
vn 0.9659 -0.0000 0.2588
vn 0.9659 0.0001 0.2588
vn 0.9659 -0.0000 0.2588
vn 0.9659 -0.0000 0.2588
vn 0.9659 -0.0000 0.2588
vn 0.9659 -0.0000 0.2588
vn 0.9659 -0.0000 0.2588
vn 0.9659 0.0001 0.2588
vn 0.9659 -0.0000 0.2589
vn 0.9659 0.0001 0.2588
vn 0.9659 -0.0001 0.2588
vn 0.9659 -0.0000 0.2588
vn 0.9659 -0.0000 0.2588
vn -0.9659 0.0000 -0.2588
vn -0.9659 0.0000 -0.2588
vn -0.9660 0.0001 -0.2587
vn -0.9659 -0.0001 -0.2588
vn -0.9659 0.0000 -0.2588
vn -0.9659 0.0000 -0.2588
vn -0.9659 0.0000 -0.2588
vn -0.9659 0.0000 -0.2588
vn -0.9659 0.0000 -0.2588
vn -0.9659 0.0000 -0.2588
vn -0.9659 0.0000 -0.2588
vn -0.9659 0.0001 -0.2588
vn -0.9659 -0.0001 -0.2588
vn -0.9659 0.0001 -0.2588
vn -0.9659 0.0000 -0.2588
vn -0.9659 0.0000 -0.2588
vn -0.9659 0.0000 -0.2588
vn 0.0000 0.0001 1.0000
vn -0.0000 -0.0001 1.0000
vn -0.0000 -0.0000 1.0000
vn 0.0000 0.0000 -1.0000
vn 0.0000 0.0000 -1.0000
vn 0.0000 0.0000 -1.0000
vn -0.0000 -0.0001 1.0000
vn -0.0000 -0.0000 1.0000
vn -0.0001 0.0003 1.0000
vn 0.0001 -0.0004 1.0000
vn -0.0000 -0.0002 1.0000
vn 0.0000 0.0002 1.0000
vn 0.0000 0.0002 1.0000
vn -0.0000 -0.0000 1.0000
vn -0.0000 -0.0000 1.0000
vn -0.0000 -0.0000 1.0000
vn -0.0000 -0.0000 1.0000
vn 0.0000 0.0001 1.0000
vn 0.0000 0.0001 1.0000
vn -0.0000 -0.0000 1.0000
vn -0.0000 -0.0000 1.0000
vn -0.0000 -0.0000 1.0000
vn -0.0000 -0.0000 1.0000
vn 0.0000 0.0001 -1.0000
vn 0.0000 0.0000 -1.0000
vn -0.0001 0.0003 -1.0000
vn 0.0000 -0.0002 -1.0000
vn 0.0000 0.0000 -1.0000
vn 0.0000 0.0003 -1.0000
vn 0.0000 0.0002 -1.0000
vn 0.0000 0.0000 -1.0000
vn -0.0001 0.0000 -1.0000
vn 0.0000 0.0000 -1.0000
vn 0.0000 0.0000 -1.0000
vn 0.0000 0.0000 -1.0000
vn 0.0000 0.0003 -1.0000
vn 0.0000 -0.0002 -1.0000
vn 0.0000 -0.0001 -1.0000
vn 0.0000 0.0001 -1.0000
vn 0.0000 0.0001 -1.0000
vn -0.0000 -0.0000 1.0000
vn -0.0000 -0.0000 1.0000
vn -0.0000 -0.0000 1.0000
vn 0.0000 0.0001 -1.0000
vn 0.0000 0.0000 -1.0000
vn 0.0000 -0.0001 -1.0000
vn -0.0000 -0.0000 1.0000
vn -0.0000 -0.0000 1.0000
vn -0.0000 -0.0003 1.0000
vn -0.0000 -0.0001 1.0000
vn -0.0000 -0.0000 1.0000
vn 0.0000 0.0001 1.0000
vn 0.0000 0.0001 1.0000
vn -0.0000 -0.0000 1.0000
vn -0.0000 -0.0000 1.0000
vn 0.0000 0.0001 1.0000
vn 0.0000 0.0001 1.0000
vn -0.0000 -0.0001 1.0000
vn -0.0000 -0.0000 1.0000
vn -0.0000 -0.0000 1.0000
vn 0.0000 0.0001 1.0000
vn 0.0000 0.0001 1.0000
vn -0.0000 -0.0000 1.0000
vn 0.0000 -0.0001 -1.0000
vn 0.0000 0.0000 -1.0000
vn 0.0001 -0.0004 -1.0000
vn 0.0000 0.0001 -1.0000
vn 0.0000 0.0000 -1.0000
vn 0.0000 -0.0001 -1.0000
vn 0.0000 0.0000 -1.0000
vn 0.0000 0.0000 -1.0000
vn 0.0000 0.0000 -1.0000
vn 0.0000 0.0000 -1.0000
vn 0.0000 0.0000 -1.0000
vn 0.0000 0.0000 -1.0000
vn 0.0001 0.0003 -1.0000
vn 0.0000 -0.0002 -1.0000
vn 0.0000 -0.0001 -1.0000
vn 0.0000 0.0000 -1.0000
vn 0.0000 0.0000 -1.0000
vn 0.9620 -0.0103 0.2729
vn 0.9620 -0.0103 0.2730
vn 0.9620 -0.0104 0.2729
vn -0.9620 0.0104 -0.2729
vn -0.9620 0.0104 -0.2729
vn -0.9620 0.0104 -0.2730
vn 0.9620 -0.0103 0.2730
vn 0.9620 -0.0104 0.2729
vn 0.9620 -0.0106 0.2729
vn 0.9620 -0.0102 0.2729
vn 0.9620 -0.0103 0.2729
vn 0.9620 -0.0105 0.2729
vn 0.9620 -0.0104 0.2729
vn 0.9620 -0.0103 0.2729
vn 0.9620 -0.0103 0.2729
vn 0.9620 -0.0104 0.2729
vn 0.9620 -0.0104 0.2729
vn 0.9620 -0.0104 0.2730
vn 0.9620 -0.0101 0.2728
vn 0.9620 -0.0103 0.2729
vn 0.9620 -0.0104 0.2729
vn 0.9620 -0.0104 0.2729
vn 0.9620 -0.0104 0.2729
vn -0.9620 0.0103 -0.2730
vn -0.9620 0.0104 -0.2729
vn -0.9620 0.0103 -0.2729
vn -0.9620 0.0105 -0.2729
vn -0.9620 0.0102 -0.2729
vn -0.9620 0.0103 -0.2729
vn -0.9620 0.0104 -0.2729
vn -0.9620 0.0104 -0.2729
vn -0.9620 0.0104 -0.2729
vn -0.9620 0.0104 -0.2729
vn -0.9620 0.0104 -0.2729
vn -0.9620 0.0103 -0.2730
vn -0.9620 0.0105 -0.2729
vn -0.9620 0.0103 -0.2729
vn -0.9620 0.0103 -0.2729
vn -0.9620 0.0104 -0.2729
vn -0.9620 0.0104 -0.2729
vn 0.9620 -0.0103 0.2729
vn 0.9620 -0.0103 0.2730
vn 0.9620 -0.0104 0.2729
vn -0.9620 0.0103 -0.2729
vn -0.9620 0.0103 -0.2729
vn -0.9620 0.0104 -0.2729
vn 0.9620 -0.0103 0.2730
vn 0.9620 -0.0104 0.2729
vn 0.9620 -0.0103 0.2729
vn 0.9620 -0.0105 0.2729
vn 0.9620 -0.0103 0.2729
vn 0.9620 -0.0103 0.2729
vn 0.9620 -0.0103 0.2729
vn 0.9620 -0.0104 0.2729
vn 0.9620 -0.0104 0.2730
vn 0.9620 -0.0104 0.2729
vn 0.9620 -0.0104 0.2729
vn 0.9620 -0.0103 0.2729
vn 0.9620 -0.0105 0.2730
vn 0.9620 -0.0103 0.2729
vn 0.9620 -0.0104 0.2729
vn 0.9620 -0.0104 0.2730
vn 0.9620 -0.0103 0.2729
vn -0.9620 0.0104 -0.2729
vn -0.9620 0.0103 -0.2729
vn -0.9620 0.0103 -0.2729
vn -0.9620 0.0103 -0.2729
vn -0.9620 0.0104 -0.2729
vn -0.9620 0.0104 -0.2729
vn -0.9620 0.0103 -0.2729
vn -0.9620 0.0104 -0.2729
vn -0.9620 0.0104 -0.2729
vn -0.9620 0.0104 -0.2729
vn -0.9620 0.0104 -0.2729
vn -0.9620 0.0104 -0.2730
vn -0.9620 0.0103 -0.2728
vn -0.9620 0.0104 -0.2730
vn -0.9620 0.0103 -0.2729
vn -0.9620 0.0103 -0.2729
vn -0.9620 0.0103 -0.2729
vn 0.9549 -0.0188 0.2963
vn 0.9549 -0.0189 0.2963
vn 0.9549 -0.0189 0.2963
vn -0.9549 0.0190 -0.2963
vn -0.9549 0.0189 -0.2963
vn -0.9549 0.0189 -0.2963
vn 0.9549 -0.0189 0.2963
vn 0.9549 -0.0189 0.2963
vn 0.9549 -0.0191 0.2963
vn 0.9549 -0.0187 0.2962
vn 0.9549 -0.0189 0.2963
vn 0.9549 -0.0190 0.2963
vn 0.9549 -0.0190 0.2963
vn 0.9549 -0.0189 0.2963
vn 0.9549 -0.0189 0.2963
vn 0.9549 -0.0189 0.2964
vn 0.9549 -0.0189 0.2964
vn 0.9549 -0.0189 0.2963
vn 0.9550 -0.0186 0.2960
vn 0.9549 -0.0190 0.2964
vn 0.9549 -0.0189 0.2963
vn 0.9549 -0.0189 0.2963
vn 0.9549 -0.0190 0.2963
vn -0.9549 0.0189 -0.2963
vn -0.9549 0.0189 -0.2963
vn -0.9549 0.0189 -0.2963
vn -0.9549 0.0190 -0.2963
vn -0.9549 0.0188 -0.2963
vn -0.9549 0.0189 -0.2963
vn -0.9549 0.0190 -0.2963
vn -0.9549 0.0189 -0.2963
vn -0.9549 0.0189 -0.2963
vn -0.9549 0.0189 -0.2963
vn -0.9549 0.0189 -0.2963
vn -0.9549 0.0189 -0.2963
vn -0.9549 0.0190 -0.2964
vn -0.9549 0.0188 -0.2962
vn -0.9549 0.0189 -0.2963
vn -0.9549 0.0190 -0.2963
vn -0.9549 0.0189 -0.2963
vn 0.9549 -0.0189 0.2963
vn 0.9549 -0.0189 0.2963
vn 0.9549 -0.0189 0.2963
vn -0.9549 0.0188 -0.2963
vn -0.9549 0.0189 -0.2963
vn -0.9549 0.0189 -0.2963
vn 0.9549 -0.0189 0.2963
vn 0.9549 -0.0189 0.2963
vn 0.9549 -0.0189 0.2963
vn 0.9549 -0.0190 0.2963
vn 0.9549 -0.0189 0.2963
vn 0.9549 -0.0189 0.2963
vn 0.9549 -0.0189 0.2963
vn 0.9549 -0.0189 0.2963
vn 0.9549 -0.0189 0.2963
vn 0.9549 -0.0189 0.2964
vn 0.9549 -0.0189 0.2963
vn 0.9549 -0.0189 0.2963
vn 0.9549 -0.0190 0.2964
vn 0.9549 -0.0187 0.2962
vn 0.9549 -0.0190 0.2963
vn 0.9549 -0.0189 0.2963
vn 0.9549 -0.0189 0.2963
vn -0.9549 0.0189 -0.2963
vn -0.9549 0.0189 -0.2963
vn -0.9549 0.0191 -0.2963
vn -0.9549 0.0188 -0.2963
vn -0.9549 0.0189 -0.2963
vn -0.9549 0.0189 -0.2963
vn -0.9549 0.0189 -0.2963
vn -0.9549 0.0189 -0.2963
vn -0.9549 0.0189 -0.2962
vn -0.9549 0.0189 -0.2963
vn -0.9549 0.0189 -0.2962
vn -0.9549 0.0189 -0.2963
vn -0.9549 0.0190 -0.2964
vn -0.9549 0.0189 -0.2963
vn -0.9549 0.0189 -0.2963
vn -0.9549 0.0189 -0.2963
vn -0.9549 0.0189 -0.2963
vn 0.9421 -0.0213 0.3345
vn 0.9421 -0.0213 0.3345
vn 0.9421 -0.0213 0.3345
vn -0.9421 0.0213 -0.3345
vn -0.9421 0.0213 -0.3345
vn -0.9421 0.0214 -0.3346
vn 0.9421 -0.0213 0.3345
vn 0.9421 -0.0213 0.3345
vn 0.9421 -0.0214 0.3346
vn 0.9422 -0.0211 0.3345
vn 0.9422 -0.0213 0.3345
vn 0.9421 -0.0214 0.3346
vn 0.9421 -0.0213 0.3346
vn 0.9421 -0.0213 0.3345
vn 0.9421 -0.0213 0.3345
vn 0.9422 -0.0213 0.3345
vn 0.9421 -0.0213 0.3346
vn 0.9421 -0.0213 0.3347
vn 0.9422 -0.0211 0.3344
vn 0.9421 -0.0214 0.3347
vn 0.9421 -0.0213 0.3346
vn 0.9421 -0.0213 0.3345
vn 0.9421 -0.0213 0.3345
vn -0.9421 0.0213 -0.3346
vn -0.9421 0.0213 -0.3345
vn -0.9421 0.0214 -0.3346
vn -0.9421 0.0214 -0.3346
vn -0.9422 0.0212 -0.3345
vn -0.9421 0.0213 -0.3345
vn -0.9421 0.0214 -0.3346
vn -0.9421 0.0213 -0.3345
vn -0.9421 0.0213 -0.3346
vn -0.9421 0.0213 -0.3345
vn -0.9421 0.0213 -0.3346
vn -0.9421 0.0213 -0.3346
vn -0.9422 0.0213 -0.3344
vn -0.9422 0.0212 -0.3343
vn -0.9421 0.0213 -0.3345
vn -0.9421 0.0214 -0.3346
vn -0.9421 0.0214 -0.3346
vn 0.9421 -0.0214 0.3346
vn 0.9422 -0.0212 0.3345
vn 0.9421 -0.0213 0.3345
vn -0.9422 0.0212 -0.3345
vn -0.9421 0.0213 -0.3345
vn -0.9421 0.0214 -0.3345
vn 0.9422 -0.0212 0.3345
vn 0.9421 -0.0214 0.3345
vn 0.9422 -0.0212 0.3345
vn 0.9421 -0.0214 0.3347
vn 0.9421 -0.0213 0.3346
vn 0.9421 -0.0213 0.3346
vn 0.9421 -0.0213 0.3346
vn 0.9421 -0.0213 0.3346
vn 0.9421 -0.0213 0.3346
vn 0.9421 -0.0213 0.3346
vn 0.9421 -0.0213 0.3345
vn 0.9422 -0.0213 0.3345
vn 0.9420 -0.0214 0.3349
vn 0.9422 -0.0212 0.3344
vn 0.9421 -0.0213 0.3345
vn 0.9421 -0.0213 0.3345
vn 0.9421 -0.0213 0.3345
vn -0.9421 0.0214 -0.3345
vn -0.9421 0.0213 -0.3345
vn -0.9421 0.0214 -0.3346
vn -0.9421 0.0213 -0.3346
vn -0.9421 0.0213 -0.3345
vn -0.9421 0.0214 -0.3346
vn -0.9421 0.0213 -0.3346
vn -0.9421 0.0213 -0.3345
vn -0.9422 0.0213 -0.3345
vn -0.9421 0.0213 -0.3345
vn -0.9422 0.0213 -0.3345
vn -0.9421 0.0214 -0.3346
vn -0.9422 0.0213 -0.3344
vn -0.9421 0.0213 -0.3345
vn -0.9422 0.0213 -0.3345
vn -0.9421 0.0213 -0.3345
vn -0.9421 0.0213 -0.3346
vn 0.9306 -0.0126 0.3659
vn 0.9305 -0.0127 0.3660
vn 0.9306 -0.0126 0.3659
vn -0.9306 0.0127 -0.3659
vn -0.9305 0.0126 -0.3660
vn -0.9305 0.0127 -0.3660
vn 0.9305 -0.0126 0.3660
vn 0.9306 -0.0127 0.3659
vn 0.9305 -0.0127 0.3660
vn 0.9306 -0.0125 0.3658
vn 0.9306 -0.0126 0.3659
vn 0.9305 -0.0127 0.3660
vn 0.9305 -0.0127 0.3660
vn 0.9306 -0.0126 0.3659
vn 0.9306 -0.0126 0.3659
vn 0.9306 -0.0126 0.3658
vn 0.9306 -0.0126 0.3659
vn 0.9305 -0.0126 0.3660
vn 0.9307 -0.0125 0.3656
vn 0.9305 -0.0127 0.3660
vn 0.9306 -0.0126 0.3659
vn 0.9306 -0.0126 0.3659
vn 0.9306 -0.0127 0.3659
vn -0.9305 0.0126 -0.3660
vn -0.9305 0.0126 -0.3660
vn -0.9305 0.0127 -0.3660
vn -0.9305 0.0126 -0.3661
vn -0.9306 0.0126 -0.3658
vn -0.9305 0.0126 -0.3660
vn -0.9305 0.0127 -0.3660
vn -0.9305 0.0126 -0.3660
vn -0.9305 0.0127 -0.3660
vn -0.9305 0.0127 -0.3660
vn -0.9305 0.0127 -0.3660
vn -0.9306 0.0127 -0.3659
vn -0.9305 0.0127 -0.3661
vn -0.9306 0.0126 -0.3659
vn -0.9306 0.0126 -0.3659
vn -0.9305 0.0127 -0.3660
vn -0.9305 0.0127 -0.3660
vn 0.9305 -0.0127 0.3660
vn 0.9306 -0.0126 0.3659
vn 0.9306 -0.0126 0.3659
vn -0.9306 0.0126 -0.3659
vn -0.9306 0.0126 -0.3659
vn -0.9306 0.0127 -0.3659
vn 0.9306 -0.0125 0.3659
vn 0.9306 -0.0127 0.3659
vn 0.9306 -0.0125 0.3659
vn 0.9305 -0.0128 0.3662
vn 0.9305 -0.0127 0.3660
vn 0.9306 -0.0126 0.3659
vn 0.9306 -0.0126 0.3659
vn 0.9306 -0.0126 0.3659
vn 0.9306 -0.0126 0.3659
vn 0.9305 -0.0126 0.3660
vn 0.9306 -0.0126 0.3659
vn 0.9305 -0.0126 0.3660
vn 0.9306 -0.0127 0.3659
vn 0.9307 -0.0126 0.3656
vn 0.9306 -0.0127 0.3659
vn 0.9305 -0.0127 0.3660
vn 0.9306 -0.0126 0.3659
vn -0.9306 0.0127 -0.3659
vn -0.9306 0.0126 -0.3659
vn -0.9306 0.0127 -0.3659
vn -0.9306 0.0127 -0.3659
vn -0.9305 0.0126 -0.3660
vn -0.9305 0.0127 -0.3660
vn -0.9306 0.0127 -0.3659
vn -0.9306 0.0126 -0.3659
vn -0.9305 0.0126 -0.3660
vn -0.9306 0.0126 -0.3659
vn -0.9306 0.0126 -0.3659
vn -0.9305 0.0127 -0.3660
vn -0.9306 0.0126 -0.3659
vn -0.9306 0.0126 -0.3658
vn -0.9305 0.0127 -0.3660
vn -0.9305 0.0127 -0.3660
vn -0.9306 0.0126 -0.3659
vn -1.0000 0.0000 -0.0000
vn -1.0000 0.0000 -0.0000
vn -1.0000 0.0000 -0.0000
vn -1.0000 0.0000 -0.0000
vn 1.0000 0.0000 0.0000
vn 1.0000 0.0000 0.0000
vn 1.0000 0.0000 0.0000
vn 1.0000 0.0000 0.0000
vn 0.0000 -0.6926 -0.7213
vn 0.0000 -0.3960 -0.9183
vn 0.0000 -0.3960 -0.9183
vn 0.0000 -0.6926 -0.7213
vn -0.0000 -0.3960 0.9183
vn -0.0000 -0.6926 0.7213
vn -0.0000 -0.6926 0.7213
vn -0.0000 -0.3960 0.9183
vn 0.0000 -0.1255 -0.9921
vn 0.0000 -0.1255 -0.9921
vn 0.0000 0.0000 -1.0000
vn 0.0000 0.0000 -1.0000
vn 0.0000 0.0000 -1.0000
vn 0.0000 0.0000 -1.0000
vn 0.0000 -0.7056 -0.7086
vn 0.0000 -0.9297 -0.3682
vn 0.0000 -0.9297 -0.3682
vn 0.0000 -0.7056 -0.7086
vn -0.0000 -0.1255 0.9921
vn -0.0000 -0.1255 0.9921
vn -0.0000 -0.9297 0.3682
vn -0.0000 -0.7056 0.7086
vn -0.0000 -0.7056 0.7086
vn -0.0000 -0.9297 0.3682
vn -0.0000 -0.0000 1.0000
vn -0.0000 -0.0000 1.0000
vn -0.0000 -0.0000 1.0000
vn -0.0000 -0.0000 1.0000
vn 0.0000 -0.3381 -0.9411
vn 0.0000 -0.3381 -0.9411
vn -0.0000 -0.3381 0.9411
vn -0.0000 -0.3381 0.9411
vn 0.0000 -1.0000 -0.0000
vn 0.0000 -1.0000 -0.0000
vn 0.0000 -1.0000 -0.0000
vn 0.0000 -1.0000 -0.0000
vn -0.0000 -0.0000 1.0000
vn -0.0000 -0.0000 1.0000
vn 0.0000 -1.0000 -0.0000
vn 0.0000 -1.0000 -0.0000
vn 0.0000 -1.0000 -0.0000
vn 0.0000 -1.0000 -0.0000
vn 0.0000 -0.1632 -0.9866
vn 0.0000 -0.1632 -0.9866
vn 0.0000 0.0000 -1.0000
vn 0.0000 0.0000 -1.0000
vn -0.0000 -0.1632 0.9866
vn -0.0000 -0.1632 0.9866
vn 0.0000 -0.9157 -0.4019
vn 0.0000 -0.9157 -0.4019
vn 0.0000 1.0000 0.0000
vn 0.0000 1.0000 0.0000
vn 0.0000 1.0000 0.0000
vn 0.0000 1.0000 0.0000
vn -0.0000 -0.9157 0.4019
vn -0.0000 -0.9157 0.4019
vn 0.0000 1.0000 0.0000
vn 0.0000 1.0000 0.0000
vn 0.0000 1.0000 0.0000
vn 0.0000 1.0000 0.0000
vn -1.0000 0.0000 -0.0000
vn -1.0000 0.0000 -0.0000
vn -1.0000 0.0000 -0.0000
vn -1.0000 0.0000 -0.0000
vn 1.0000 0.0000 0.0000
vn 1.0000 0.0000 0.0000
vn 1.0000 0.0000 0.0000
vn 1.0000 0.0000 0.0000
vn 0.0000 -0.6926 -0.7213
vn 0.0000 -0.3959 -0.9183
vn 0.0000 -0.3959 -0.9183
vn 0.0000 -0.6926 -0.7213
vn -0.0000 -0.3960 0.9183
vn -0.0000 -0.6926 0.7213
vn -0.0000 -0.6926 0.7213
vn -0.0000 -0.3960 0.9183
vn 0.0000 -0.1255 -0.9921
vn 0.0000 -0.1255 -0.9921
vn 0.0000 0.0000 -1.0000
vn 0.0000 0.0000 -1.0000
vn 0.0000 0.0000 -1.0000
vn 0.0000 0.0000 -1.0000
vn 0.0000 -0.7056 -0.7086
vn 0.0000 -0.9297 -0.3682
vn 0.0000 -0.9297 -0.3682
vn 0.0000 -0.7056 -0.7086
vn -0.0000 -0.1255 0.9921
vn -0.0000 -0.1255 0.9921
vn -0.0000 -0.9297 0.3682
vn -0.0000 -0.7056 0.7086
vn -0.0000 -0.7056 0.7086
vn -0.0000 -0.9297 0.3682
vn -0.0000 -0.0000 1.0000
vn -0.0000 -0.0000 1.0000
vn -0.0000 -0.0000 1.0000
vn -0.0000 -0.0000 1.0000
vn 0.0000 -0.3381 -0.9411
vn 0.0000 -0.3381 -0.9411
vn -0.0000 -0.3380 0.9411
vn -0.0000 -0.3380 0.9411
vn 0.0000 -1.0000 -0.0000
vn 0.0000 -1.0000 -0.0000
vn 0.0000 -1.0000 -0.0000
vn 0.0000 -1.0000 -0.0000
vn -0.0000 -0.0000 1.0000
vn -0.0000 -0.0000 1.0000
vn 0.0000 -1.0000 -0.0000
vn 0.0000 -1.0000 -0.0000
vn 0.0000 -1.0000 -0.0000
vn 0.0000 -1.0000 -0.0000
vn 0.0000 -0.1632 -0.9866
vn 0.0000 -0.1632 -0.9866
vn 0.0000 0.0000 -1.0000
vn 0.0000 0.0000 -1.0000
vn -0.0000 -0.1632 0.9866
vn -0.0000 -0.1632 0.9866
vn 0.0000 -0.9157 -0.4019
vn 0.0000 -0.9157 -0.4019
vn 0.0000 1.0000 0.0000
vn 0.0000 1.0000 0.0000
vn 0.0000 1.0000 0.0000
vn 0.0000 1.0000 0.0000
vn -0.0000 -0.9157 0.4019
vn -0.0000 -0.9157 0.4019
vn 0.0000 1.0000 0.0000
vn 0.0000 1.0000 0.0000
vn 0.0000 1.0000 0.0000
vn 0.0000 1.0000 0.0000
vn 0.0000 0.0000 -1.0000
vn 0.0000 0.0000 -1.0000
vn -0.0000 -0.0000 1.0000
vn -0.0000 -0.0000 1.0000
vn 0.0000 0.0000 -1.0000
vn 0.0000 0.0000 -1.0000
vn -0.0000 -0.0000 1.0000
vn -0.0000 -0.0000 1.0000
vn 0.0000 0.0000 -1.0000
vn 0.0000 0.0000 -1.0000
vn 0.0000 0.0000 -1.0000
vn 0.0000 0.0000 -1.0000
vn 0.0000 0.0000 -1.0000
vn 0.0000 0.0000 -1.0000
vn 0.0000 0.0000 -1.0000
vn 0.0000 0.0000 -1.0000
vn 0.0000 0.0000 -1.0000
vn 0.0000 0.0000 -1.0000
vn 0.0000 0.0000 -1.0000
vn 0.0000 0.0000 -1.0000
vn 0.0000 0.0000 -1.0000
vn 0.0000 0.0000 -1.0000
vn 0.0000 0.0000 -1.0000
vn 0.0000 0.0000 -1.0000
vn 0.0000 0.0000 -1.0000
vn 0.0000 0.0000 -1.0000
vn 0.0000 0.0000 -1.0000
vn 0.0000 0.0000 -1.0000
vn 0.0000 0.0000 -1.0000
vn 0.0000 0.0000 -1.0000
vn 0.0000 0.0000 -1.0000
vn 0.0000 0.0000 -1.0000
vn 0.0000 0.0000 -1.0000
vn 0.0000 0.0000 -1.0000
vn 0.0000 0.0000 -1.0000
vn 0.0000 0.0000 -1.0000
vn 0.0000 0.0000 -1.0000
vn 0.0000 0.0000 -1.0000
vn 0.0000 0.0000 -1.0000
vn 0.0000 0.0000 -1.0000
vn 0.0000 0.0000 -1.0000
vn 0.0000 0.0000 -1.0000
vn 0.0000 0.0000 -1.0000
vn 0.0000 0.0000 -1.0000
vn 0.0000 0.0000 -1.0000
vn 0.0000 0.0000 -1.0000
vn 0.0000 0.0000 -1.0000
vn 0.0000 0.0000 -1.0000
vn 0.0000 0.0000 -1.0000
vn 0.0000 0.0000 -1.0000
vn 0.0000 0.0000 -1.0000
vn 0.0000 0.0000 -1.0000
vn 0.0000 0.0000 -1.0000
vn 0.0000 0.0000 -1.0000
vn 0.0000 0.0000 -1.0000
vn 0.0000 0.0000 -1.0000
vn 0.0000 0.0000 -1.0000
vn 0.0000 0.0000 -1.0000
vn 0.0000 0.0000 -1.0000
vn 0.0000 0.0000 -1.0000
vn 0.0000 0.0000 -1.0000
vn 0.0000 0.0000 -1.0000
vn 0.0000 0.0000 -1.0000
vn 0.0000 0.0000 -1.0000
vn 0.0000 0.0000 -1.0000
vn 0.0000 0.0000 -1.0000
vn 0.0000 0.0000 -1.0000
vn 0.0000 0.0000 -1.0000
vn 0.0000 0.0000 -1.0000
vn 0.0000 0.0000 -1.0000
vn 0.0000 0.0000 -1.0000
vn 0.0000 0.0000 -1.0000
vn 0.0000 0.0000 -1.0000
vn 0.0000 0.0000 -1.0000
vn 0.0000 0.0000 -1.0000
vn 0.0000 0.0000 -1.0000
vn 0.0000 0.0000 -1.0000
vn 0.0000 0.0000 -1.0000
vn 0.0000 0.0000 -1.0000
vn 0.0000 0.0000 -1.0000
vn 0.0000 0.0000 -1.0000
vn 0.0000 0.0000 -1.0000
vn 0.0000 0.0000 -1.0000
vn 0.0000 0.0000 -1.0000
vn 0.0000 0.0000 -1.0000
vn 0.0000 0.0000 -1.0000
vn 0.0000 0.0000 -1.0000
vn 0.0000 0.0000 -1.0000
vn 0.0000 0.0000 -1.0000
vn 0.0000 0.0000 -1.0000
vn 0.0000 0.0000 -1.0000
vn 0.0000 0.0000 -1.0000
vn 0.0000 0.0000 -1.0000
vn 0.0000 0.0000 -1.0000
vn 0.0000 0.0000 -1.0000
vn 0.0000 0.0000 -1.0000
vn 0.0000 0.0000 -1.0000
vn 0.0000 0.0000 -1.0000
vn 0.0000 0.0000 -1.0000
vn 0.0000 0.0000 -1.0000
vn 0.0000 0.0000 -1.0000
vn 0.0000 0.0000 -1.0000
vn 0.0000 0.0000 -1.0000
vn 0.0000 0.0000 -1.0000
vn 0.0000 0.0000 -1.0000
vn 0.0000 0.0000 -1.0000
vn 0.0000 0.0000 -1.0000
vn 0.0000 0.0000 -1.0000
vn 0.0000 0.0000 -1.0000
vn 0.0000 0.0000 -1.0000
vn 0.0000 0.0000 -1.0000
vn 0.0000 0.0000 -1.0000
vn 0.0000 0.0000 -1.0000
vn 0.0000 0.0000 -1.0000
vn 0.0000 0.0000 -1.0000
vn 0.0000 0.0000 -1.0000
vn 0.0000 0.0000 -1.0000
vn 0.0000 0.0000 -1.0000
vn 0.0000 0.0000 -1.0000
vn 0.0000 0.0000 -1.0000
vn 0.0000 0.0000 -1.0000
vn 0.0000 0.0000 -1.0000
vn 0.0000 0.0000 -1.0000
vn 0.0000 0.0000 -1.0000
vn 0.0000 0.0000 -1.0000
vn 0.0000 0.0000 -1.0000
vn 0.0000 0.0000 -1.0000
vn 0.0000 0.0000 -1.0000
vn 0.0000 0.0000 -1.0000
vn 0.0000 0.0000 -1.0000
vn 0.0000 0.0000 -1.0000
vn 0.0000 0.0000 -1.0000
vn 0.0000 0.0000 -1.0000
vn 0.0000 0.0000 -1.0000
vn 0.0000 0.0000 -1.0000
vn 0.0000 0.0000 -1.0000
vn 0.0000 0.0000 -1.0000
vn 0.0000 0.0000 -1.0000
vn 0.0000 0.0000 -1.0000
vn 0.0000 0.0000 -1.0000
vn -0.0000 -0.0000 1.0000
vn -0.0000 -0.0000 1.0000
vn -0.0000 -0.0000 1.0000
vn -0.0000 -0.0000 1.0000
vn -0.0000 -0.0000 1.0000
vn -0.0000 -0.0000 1.0000
vn -0.0000 -0.0000 1.0000
vn -0.0000 -0.0000 1.0000
vn -0.0000 -0.0000 1.0000
vn -0.0000 -0.0000 1.0000
vn -0.0000 -0.0000 1.0000
vn -0.0000 -0.0000 1.0000
vn -0.0000 -0.0000 1.0000
vn -0.0000 -0.0000 1.0000
vn -0.0000 -0.0000 1.0000
vn -0.0000 -0.0000 1.0000
vn -0.0000 -0.0000 1.0000
vn -0.0000 -0.0000 1.0000
vn -0.0000 -0.0000 1.0000
vn -0.0000 -0.0000 1.0000
vn -0.0000 -0.0000 1.0000
vn -0.0000 -0.0000 1.0000
vn -0.0000 -0.0000 1.0000
vn -0.0000 -0.0000 1.0000
vn -0.0000 -0.0000 1.0000
vn -0.0000 -0.0000 1.0000
vn -0.0000 -0.0000 1.0000
vn -0.0000 -0.0000 1.0000
vn -0.0000 -0.0000 1.0000
vn -0.0000 -0.0000 1.0000
vn -0.0000 -0.0000 1.0000
vn -0.0000 -0.0000 1.0000
vn -0.0000 -0.0000 1.0000
vn -0.0000 -0.0000 1.0000
vn -0.0000 -0.0000 1.0000
vn -0.0000 -0.0000 1.0000
vn -0.0000 -0.0000 1.0000
vn -0.0000 -0.0000 1.0000
vn -0.0000 -0.0000 1.0000
vn -0.0000 -0.0000 1.0000
vn -0.0000 -0.0000 1.0000
vn -0.0000 -0.0000 1.0000
vn -0.0000 -0.0000 1.0000
vn -0.0000 -0.0000 1.0000
vn -0.0000 -0.0000 1.0000
vn -0.0000 -0.0000 1.0000
vn -0.0000 -0.0000 1.0000
vn -0.0000 -0.0000 1.0000
vn -0.0000 -0.0000 1.0000
vn -0.0000 -0.0000 1.0000
vn -0.0000 -0.0000 1.0000
vn -0.0000 -0.0000 1.0000
vn -0.0000 -0.0000 1.0000
vn -0.0000 -0.0000 1.0000
vn -0.0000 -0.0000 1.0000
vn -0.0000 -0.0000 1.0000
vn -0.0000 -0.0000 1.0000
vn -0.0000 -0.0000 1.0000
vn -0.0000 -0.0000 1.0000
vn -0.0000 -0.0000 1.0000
vn -0.0000 -0.0000 1.0000
vn -0.0000 -0.0000 1.0000
vn -0.0000 -0.0000 1.0000
vn -0.0000 -0.0000 1.0000
vn -0.0000 -0.0000 1.0000
vn -0.0000 -0.0000 1.0000
vn -0.0000 -0.0000 1.0000
vn -0.0000 -0.0000 1.0000
vn -0.0000 -0.0000 1.0000
vn -0.0000 -0.0000 1.0000
vn -0.0000 -0.0000 1.0000
vn -0.0000 -0.0000 1.0000
vn -0.0000 -0.0000 1.0000
vn -0.0000 -0.0000 1.0000
vn -0.0000 -0.0000 1.0000
vn -0.0000 -0.0000 1.0000
vn -0.0000 -0.0000 1.0000
vn -0.0000 -0.0000 1.0000
vn -0.0000 -0.0000 1.0000
vn -0.0000 -0.0000 1.0000
vn -0.0000 -0.0000 1.0000
vn -0.0000 -0.0000 1.0000
vn -0.0000 -0.0000 1.0000
vn -0.0000 -0.0000 1.0000
vn -0.0000 -0.0000 1.0000
vn -0.0000 -0.0000 1.0000
vn -0.0000 -0.0000 1.0000
vn -0.0000 -0.0000 1.0000
vn -0.0000 -0.0000 1.0000
vn -0.0000 -0.0000 1.0000
vn -0.0000 -0.0000 1.0000
vn -0.0000 -0.0000 1.0000
vn -0.0000 -0.0000 1.0000
vn -0.0000 -0.0000 1.0000
vn -0.0000 -0.0000 1.0000
vn -0.0000 -0.0000 1.0000
vn -0.0000 -0.0000 1.0000
vn -0.0000 -0.0000 1.0000
vn -0.0000 -0.0000 1.0000
vn -0.0000 -0.0000 1.0000
vn -0.0000 -0.0000 1.0000
vn -0.0000 -0.0000 1.0000
vn -0.0000 -0.0000 1.0000
vn -0.0000 -0.0000 1.0000
vn -0.0000 -0.0000 1.0000
vn -0.0000 -0.0000 1.0000
vn -0.0000 -0.0000 1.0000
vn -0.0000 -0.0000 1.0000
vn -0.0000 -0.0000 1.0000
vn -0.0000 -0.0000 1.0000
vn -0.0000 -0.0000 1.0000
vn -0.0000 -0.0000 1.0000
vn -0.0000 -0.0000 1.0000
vn -0.0000 -0.0000 1.0000
vn -0.0000 -0.0000 1.0000
vn -0.0000 -0.0000 1.0000
vn -0.0000 -0.0000 1.0000
vn -0.0000 -0.0000 1.0000
vn -0.0000 -0.0000 1.0000
vn -0.0000 -0.0000 1.0000
vn -0.0000 -0.0000 1.0000
vn -0.0000 -0.0000 1.0000
vn -0.0000 -0.0000 1.0000
vn -0.0000 -0.0000 1.0000
vn -0.0000 -0.0000 1.0000
vn -0.0000 -0.0000 1.0000
vn -0.0000 -0.0000 1.0000
vn -0.0000 -0.0000 1.0000
vn -0.0000 -0.0000 1.0000
vn -0.0000 -0.0000 1.0000
vn -0.0000 -0.0000 1.0000
vn -0.0000 -0.0000 1.0000
vn 0.0000 1.0000 0.0000
vn 0.0000 1.0000 0.0000
vn 0.0000 1.0000 0.0000
vn 0.0000 1.0000 0.0000
vn 0.0000 1.0000 0.0000
vn 0.0000 1.0000 0.0000
vn 0.0000 1.0000 0.0000
vn 0.0000 1.0000 0.0000
vn 0.0000 1.0000 0.0000
vn 0.0000 1.0000 0.0000
vn 0.0000 1.0000 0.0000
vn 0.0000 1.0000 0.0000
vn 0.0000 1.0000 0.0000
vn 0.0000 1.0000 0.0000
vn 0.0000 1.0000 0.0000
vn 0.0000 1.0000 0.0000
vn 0.0000 1.0000 0.0000
vn 0.0000 1.0000 0.0000
vn 0.0000 1.0000 0.0000
vn 0.0000 1.0000 0.0000
vn 0.0000 1.0000 0.0000
vn 0.0000 1.0000 0.0000
vn 0.0000 1.0000 0.0000
vn 0.0000 1.0000 0.0000
vn 0.0000 1.0000 0.0000
vn 0.0000 1.0000 0.0000
vn 0.0000 1.0000 0.0000
vn 0.0000 1.0000 0.0000
vn 0.0000 1.0000 0.0000
vn 0.0000 1.0000 0.0000
vn 0.0000 1.0000 0.0000
vn 0.0000 1.0000 0.0000
vn 0.0000 1.0000 0.0000
vn 0.0000 1.0000 0.0000
vn 0.0000 1.0000 0.0000
vn 0.0000 1.0000 0.0000
vn 0.0000 1.0000 0.0000
vn 0.0000 1.0000 0.0000
vn 0.0000 1.0000 0.0000
vn 0.0000 1.0000 0.0000
vn 0.0000 1.0000 0.0000
vn 0.0000 1.0000 0.0000
vn 0.0000 1.0000 0.0000
vn 0.0000 1.0000 0.0000
vn 0.0000 1.0000 0.0000
vn 0.0000 1.0000 0.0000
vn 0.0000 1.0000 0.0000
vn 0.0000 1.0000 0.0000
vn 0.0000 1.0000 0.0000
vn 0.0000 1.0000 0.0000
vn 0.0000 1.0000 0.0000
vn 0.0000 1.0000 0.0000
vn 0.0000 1.0000 0.0000
vn 0.0000 1.0000 0.0000
vn 0.0000 1.0000 0.0000
vn 0.0000 1.0000 0.0000
vn 0.0000 1.0000 0.0000
vn 0.0000 1.0000 0.0000
vn 0.0000 1.0000 0.0000
vn 0.0000 1.0000 0.0000
vn 0.0000 1.0000 0.0000
vn 0.0000 1.0000 0.0000
vn 0.0000 1.0000 0.0000
vn 0.0000 1.0000 0.0000
vn 0.0000 1.0000 0.0000
vn 0.0000 1.0000 0.0000
vn 0.0000 1.0000 0.0000
vn 0.0000 1.0000 0.0000
vn 0.0000 1.0000 0.0000
vn 0.0000 1.0000 0.0000
vn 0.0000 1.0000 0.0000
vn 0.0000 1.0000 0.0000
vn 0.0000 1.0000 0.0000
vn 0.0000 1.0000 0.0000
vn 0.0000 1.0000 0.0000
vn 0.0000 1.0000 0.0000
vn 0.0000 1.0000 0.0000
vn 0.0000 1.0000 0.0000
vn 0.0000 1.0000 0.0000
vn 0.0000 1.0000 0.0000
vn 0.0000 1.0000 0.0000
vn 0.0000 1.0000 0.0000
vn 0.0000 1.0000 0.0000
vn 0.0000 1.0000 0.0000
vn 0.0000 1.0000 0.0000
vn 0.0000 1.0000 0.0000
vn 0.0000 1.0000 0.0000
vn 0.0000 1.0000 0.0000
vn 0.0000 1.0000 0.0000
vn 0.0000 1.0000 0.0000
vn 0.0000 1.0000 0.0000
vn 0.0000 1.0000 0.0000
vn 0.0000 1.0000 0.0000
vn 0.0000 1.0000 0.0000
vn 0.0000 1.0000 0.0000
vn 0.0000 1.0000 0.0000
vn 0.0000 1.0000 0.0000
vn 0.0000 1.0000 0.0000
vn 0.0000 1.0000 0.0000
vn 0.0000 1.0000 0.0000
vn 0.0000 1.0000 0.0000
vn 0.0000 1.0000 0.0000
vn 0.0000 1.0000 0.0000
vn 0.0000 1.0000 0.0000
vn 0.0000 1.0000 0.0000
vn 0.0000 1.0000 0.0000
vn 0.0000 1.0000 0.0000
vn 0.0000 1.0000 0.0000
vn 0.0000 1.0000 0.0000
vn 0.0000 1.0000 0.0000
vn 0.0000 1.0000 0.0000
vn 0.0000 1.0000 0.0000
vn 0.0000 1.0000 0.0000
vn 0.0000 1.0000 0.0000
vn 0.0000 1.0000 0.0000
vn 0.0000 1.0000 0.0000
vn 1.0000 0.0000 0.0000
vn 1.0000 0.0000 0.0000
vn 1.0000 0.0000 0.0000
vn 1.0000 0.0000 0.0000
vn 1.0000 0.0000 0.0000
vn 1.0000 0.0000 0.0000
vn 1.0000 0.0000 0.0000
vn 1.0000 0.0000 0.0000
vn -1.0000 0.0000 -0.0000
vn -1.0000 0.0000 -0.0000
vn -1.0000 0.0000 -0.0000
vn -1.0000 0.0000 -0.0000
vn 0.0000 -1.0000 -0.0000
vn 0.0237 -0.9997 -0.0000
vn 0.0237 -0.9997 -0.0000
vn 0.0000 -1.0000 -0.0000
vn 0.0000 1.0000 0.0000
vn 0.0000 1.0000 0.0000
vn -1.0000 0.0000 -0.0000
vn -1.0000 0.0000 -0.0000
vn -1.0000 0.0000 -0.0000
vn -1.0000 0.0000 -0.0000
vn 0.0799 -0.9968 -0.0000
vn 0.0799 -0.9968 -0.0000
vn 0.1269 -0.9919 -0.0000
vn 0.1269 -0.9919 -0.0000
vn 0.1509 -0.9885 -0.0000
vn 0.1509 -0.9885 -0.0000
vn 0.1552 -0.9879 -0.0000
vn 0.1552 -0.9879 -0.0000
vn 0.0000 -1.0000 -0.0000
vn 0.2285 -0.9735 -0.0000
vn 0.2285 -0.9735 -0.0000
vn 0.0000 -1.0000 -0.0000
vn 0.0959 -0.9954 -0.0000
vn 0.0959 -0.9954 -0.0000
vn 0.0132 -0.9999 -0.0000
vn 0.0132 -0.9999 -0.0000
vn -0.2579 -0.9662 -0.0000
vn -0.1432 -0.9897 -0.0000
vn -0.1432 -0.9897 -0.0000
vn -0.2579 -0.9662 -0.0000
vn -0.0237 -0.9997 -0.0000
vn -0.0237 -0.9997 -0.0000
vn 0.1432 -0.9897 -0.0000
vn 0.2579 -0.9662 -0.0000
vn 0.2579 -0.9662 -0.0000
vn 0.1432 -0.9897 -0.0000
vn -0.0812 -0.9967 -0.0000
vn -0.0812 -0.9967 -0.0000
vn -0.2285 -0.9735 -0.0000
vn -0.2285 -0.9735 -0.0000
vn -0.0798 -0.9968 -0.0000
vn -0.0798 -0.9968 -0.0000
vn -0.0066 -1.0000 -0.0000
vn -0.0066 -1.0000 -0.0000
vn -0.1840 -0.9829 -0.0000
vn -0.1840 -0.9829 -0.0000
vn 0.0066 -1.0000 -0.0000
vn 0.0066 -1.0000 -0.0000
vn -0.1269 -0.9919 -0.0000
vn -0.1269 -0.9919 -0.0000
vn 0.0000 -1.0000 -0.0000
vn 0.0000 -1.0000 -0.0000
vn 0.0000 -1.0000 -0.0000
vn 0.0000 -1.0000 -0.0000
vn -0.2702 -0.9628 -0.0000
vn -0.2702 -0.9628 -0.0000
vn 0.0000 -1.0000 -0.0000
vn 0.0000 -1.0000 -0.0000
vn 0.0000 -1.0000 -0.0000
vn 0.0000 -1.0000 -0.0000
vn -0.1509 -0.9885 -0.0000
vn -0.1509 -0.9885 -0.0000
vn 0.2618 -0.9651 -0.0000
vn 0.2618 -0.9651 -0.0000
vn -0.3721 -0.9282 -0.0000
vn -0.3721 -0.9282 -0.0000
vn -0.2618 -0.9651 -0.0000
vn -0.2618 -0.9651 -0.0000
vn -0.1552 -0.9879 -0.0000
vn -0.1552 -0.9879 -0.0000
vn 0.1506 -0.9886 -0.0000
vn 0.1506 -0.9886 -0.0000
vn -0.5274 -0.8496 -0.0000
vn -0.5274 -0.8496 -0.0000
vn -0.1506 -0.9886 -0.0000
vn -0.1506 -0.9886 -0.0000
vn -0.0959 -0.9954 -0.0000
vn -0.0959 -0.9954 -0.0000
vn -0.0403 -0.9992 -0.0000
vn -0.0403 -0.9992 -0.0000
vn -0.7046 -0.7096 -0.0000
vn -0.7046 -0.7096 -0.0000
vn 0.0403 -0.9992 -0.0000
vn 0.0403 -0.9992 -0.0000
vn -0.0132 -0.9999 -0.0000
vn -0.0132 -0.9999 -0.0000
vn -0.2544 -0.9671 -0.0000
vn -0.2544 -0.9671 -0.0000
vn -0.7779 -0.6284 -0.0000
vn -0.7779 -0.6284 -0.0000
vn 0.2544 -0.9671 -0.0000
vn 0.2544 -0.9671 -0.0000
vn 0.0812 -0.9967 -0.0000
vn 0.0812 -0.9967 -0.0000
vn -0.4791 -0.8778 -0.0000
vn -0.4791 -0.8778 -0.0000
vn 0.0000 -1.0000 -0.0000
vn 0.0000 -1.0000 -0.0000
vn 0.0000 -1.0000 -0.0000
vn 0.0000 -1.0000 -0.0000
vn 0.4791 -0.8778 -0.0000
vn 0.4791 -0.8778 -0.0000
vn 0.1840 -0.9829 -0.0000
vn 0.1840 -0.9829 -0.0000
vn -0.5884 -0.8085 -0.0000
vn -0.5884 -0.8085 -0.0000
vn 0.0000 1.0000 0.0000
vn 0.0000 1.0000 0.0000
vn 0.0000 1.0000 0.0000
vn 0.0000 1.0000 0.0000
vn 0.5885 -0.8085 -0.0000
vn 0.5885 -0.8085 -0.0000
vn 0.2702 -0.9628 -0.0000
vn 0.2702 -0.9628 -0.0000
vn 0.4932 -0.8699 -0.0000
vn 0.4932 -0.8699 -0.0000
vn -0.4932 -0.8699 -0.0000
vn -0.4932 -0.8699 -0.0000
vn 0.3721 -0.9282 -0.0000
vn 0.3721 -0.9282 -0.0000
vn -0.1519 -0.9884 -0.0000
vn -0.1519 -0.9884 -0.0000
vn 0.0000 1.0000 0.0000
vn 0.0000 1.0000 0.0000
vn 0.1519 -0.9884 -0.0000
vn 0.1519 -0.9884 -0.0000
vn 0.5274 -0.8496 -0.0000
vn 0.5274 -0.8496 -0.0000
vn -0.3291 -0.9443 -0.0000
vn -0.3291 -0.9443 -0.0000
vn 0.0000 1.0000 0.0000
vn 0.0000 1.0000 0.0000
vn 0.3290 -0.9443 -0.0000
vn 0.3290 -0.9443 -0.0000
vn 0.7046 -0.7096 -0.0000
vn 0.7046 -0.7096 -0.0000
vn 0.6971 -0.7169 -0.0000
vn 0.6971 -0.7169 -0.0000
vn 0.0000 1.0000 0.0000
vn 0.0000 1.0000 0.0000
vn -0.6971 -0.7169 -0.0000
vn -0.6971 -0.7169 -0.0000
vn 0.7779 -0.6284 -0.0000
vn 0.7779 -0.6284 -0.0000
vn -0.6235 -0.7819 -0.0000
vn -0.5264 -0.8502 -0.0000
vn -0.5264 -0.8502 -0.0000
vn -0.6235 -0.7819 -0.0000
vn 0.0000 1.0000 0.0000
vn 0.0000 1.0000 0.0000
vn 0.5264 -0.8502 -0.0000
vn 0.6235 -0.7818 -0.0000
vn 0.6235 -0.7818 -0.0000
vn 0.5264 -0.8502 -0.0000
vn 0.0000 -1.0000 -0.0000
vn 0.0000 -1.0000 -0.0000
vn 0.0000 -1.0000 -0.0000
vn 0.0000 -1.0000 -0.0000
vn 0.7723 -0.6353 -0.0000
vn 0.7723 -0.6353 -0.0000
vn 0.0000 1.0000 0.0000
vn 0.0000 1.0000 0.0000
vn -0.7723 -0.6353 -0.0000
vn -0.7723 -0.6353 -0.0000
vn -1.0000 0.0000 -0.0000
vn -1.0000 0.0000 -0.0000
vn -1.0000 0.0000 -0.0000
vn -1.0000 0.0000 -0.0000
vn 0.0000 0.0000 -1.0000
vn 0.0000 0.0000 -1.0000
vn 0.0000 0.0000 -1.0000
vn 0.0000 0.0000 -1.0000
vn 1.0000 0.0000 0.0000
vn 1.0000 0.0000 0.0000
vn 1.0000 0.0000 0.0000
vn 1.0000 0.0000 0.0000
vn -0.0000 -0.0000 1.0000
vn -0.0000 -0.0000 1.0000
vn -0.0000 -0.0000 1.0000
vn -0.0000 -0.0000 1.0000
vn 0.0000 -1.0000 -0.0000
vn 0.0000 -1.0000 -0.0000
vn 0.0000 -1.0000 -0.0000
vn 0.0000 -1.0000 -0.0000
vn 0.0000 1.0000 0.0000
vn 0.0000 1.0000 0.0000
vn 0.0000 1.0000 0.0000
vn 0.0000 1.0000 0.0000
vn -1.0000 0.0000 -0.0000
vn -1.0000 0.0000 -0.0000
vn -1.0000 0.0000 -0.0000
vn -1.0000 0.0000 -0.0000
vn 0.0000 0.0000 -1.0000
vn 0.0000 0.0000 -1.0000
vn 0.0000 0.0000 -1.0000
vn 0.0000 0.0000 -1.0000
vn 1.0000 0.0000 0.0000
vn 1.0000 0.0000 0.0000
vn 1.0000 0.0000 0.0000
vn 1.0000 0.0000 0.0000
vn -0.0000 -0.0000 1.0000
vn -0.0000 -0.0000 1.0000
vn -0.0000 -0.0000 1.0000
vn -0.0000 -0.0000 1.0000
vn 0.0000 -1.0000 -0.0000
vn 0.0000 -1.0000 -0.0000
vn 0.0000 -1.0000 -0.0000
vn 0.0000 -1.0000 -0.0000
vn 0.0000 1.0000 0.0000
vn 0.0000 1.0000 0.0000
vn 0.0000 1.0000 0.0000
vn 0.0000 1.0000 0.0000
vn -1.0000 0.0000 -0.0000
vn -1.0000 0.0000 -0.0000
vn -1.0000 0.0000 -0.0000
vn -1.0000 0.0000 -0.0000
vn 0.0000 0.0000 -1.0000
vn 0.0000 0.0000 -1.0000
vn 0.0000 0.0000 -1.0000
vn 0.0000 0.0000 -1.0000
vn 1.0000 0.0000 0.0000
vn 1.0000 0.0000 0.0000
vn 1.0000 0.0000 0.0000
vn 1.0000 0.0000 0.0000
vn -0.0000 -0.0000 1.0000
vn -0.0000 -0.0000 1.0000
vn -0.0000 -0.0000 1.0000
vn -0.0000 -0.0000 1.0000
vn 0.0000 -1.0000 -0.0000
vn 0.0000 -1.0000 -0.0000
vn 0.0000 -1.0000 -0.0000
vn 0.0000 -1.0000 -0.0000
vn 0.0000 1.0000 0.0000
vn 0.0000 1.0000 0.0000
vn 0.0000 1.0000 0.0000
vn 0.0000 1.0000 0.0000
vn -1.0000 0.0000 -0.0000
vn -1.0000 0.0000 -0.0000
vn -1.0000 0.0000 -0.0000
vn -1.0000 0.0000 -0.0000
vn 0.0000 0.0000 -1.0000
vn 0.0000 0.0000 -1.0000
vn 0.0000 0.0000 -1.0000
vn 0.0000 0.0000 -1.0000
vn 1.0000 0.0000 0.0000
vn 1.0000 0.0000 0.0000
vn 1.0000 0.0000 0.0000
vn 1.0000 0.0000 0.0000
vn -0.0000 -0.0000 1.0000
vn -0.0000 -0.0000 1.0000
vn -0.0000 -0.0000 1.0000
vn -0.0000 -0.0000 1.0000
vn 0.0000 -1.0000 -0.0000
vn 0.0000 -1.0000 -0.0000
vn 0.0000 -1.0000 -0.0000
vn 0.0000 -1.0000 -0.0000
vn 0.0000 1.0000 0.0000
vn 0.0000 1.0000 0.0000
vn 0.0000 1.0000 0.0000
vn 0.0000 1.0000 0.0000
vn 0.0000 1.0000 0.0000
vn 0.0000 1.0000 0.0000
vn 0.0000 1.0000 0.0000
vn 0.0000 1.0000 0.0000
vn 0.0000 1.0000 0.0000
vn 0.0000 1.0000 0.0000
vn 0.0000 1.0000 0.0000
vn 0.0000 1.0000 0.0000
vn 0.0000 1.0000 0.0000
vn 0.0000 1.0000 0.0000
vn -0.4366 0.8997 0.0000
vn -0.4366 0.8997 0.0000
vn -0.4366 0.8997 0.0000
vn -0.4366 0.8997 0.0000
vn 0.0000 0.8996 -0.4367
vn 0.0000 0.8996 -0.4367
vn 0.0000 0.8996 -0.4367
vn 0.0000 0.8996 -0.4367
vn 0.4366 0.8997 0.0000
vn 0.4366 0.8997 0.0000
vn 0.4366 0.8997 0.0000
vn 0.4366 0.8997 0.0000
vn 0.0000 0.8997 0.4366
vn 0.0000 0.8997 0.4366
vn 0.0000 0.8997 0.4366
vn 0.0000 0.8997 0.4366
vn -1.0000 0.0000 -0.0000
vn -1.0000 0.0000 -0.0000
vn -1.0000 0.0000 -0.0000
vn -1.0000 0.0000 -0.0000
vn 0.0000 -1.0000 -0.0000
vn 0.0000 -1.0000 -0.0000
vn 0.0000 -1.0000 -0.0000
vn 0.0000 -1.0000 -0.0000
vn 1.0000 0.0000 0.0000
vn 1.0000 0.0000 0.0000
vn 1.0000 0.0000 0.0000
vn 1.0000 0.0000 0.0000
vn 0.0000 1.0000 0.0000
vn 0.0000 1.0000 0.0000
vn 0.0000 1.0000 0.0000
vn 0.0000 1.0000 0.0000
vn -0.0000 -0.0000 1.0000
vn -0.0000 -0.0000 1.0000
vn -0.0000 -0.0000 1.0000
vn -0.0000 -0.0000 1.0000
vn 0.0000 0.0000 -1.0000
vn 0.0000 0.0000 -1.0000
vn 0.0000 0.0000 -1.0000
vn 0.0000 0.0000 -1.0000
vn -1.0000 0.0000 -0.0000
vn -1.0000 0.0000 -0.0000
vn -1.0000 0.0000 -0.0000
vn -1.0000 0.0000 -0.0000
vn 0.0000 -1.0000 -0.0000
vn 0.0000 -1.0000 -0.0000
vn 0.0000 -1.0000 -0.0000
vn 0.0000 -1.0000 -0.0000
vn 1.0000 0.0000 0.0000
vn 1.0000 0.0000 0.0000
vn 1.0000 0.0000 0.0000
vn 1.0000 0.0000 0.0000
vn 0.0000 1.0000 0.0000
vn 0.0000 1.0000 0.0000
vn 0.0000 1.0000 0.0000
vn 0.0000 1.0000 0.0000
vn -0.0000 -0.0000 1.0000
vn -0.0000 -0.0000 1.0000
vn -0.0000 -0.0000 1.0000
vn -0.0000 -0.0000 1.0000
vn 0.0000 0.0000 -1.0000
vn 0.0000 0.0000 -1.0000
vn 0.0000 0.0000 -1.0000
vn 0.0000 0.0000 -1.0000
vn -1.0000 0.0000 -0.0000
vn -1.0000 0.0000 -0.0000
vn -1.0000 0.0000 -0.0000
vn -1.0000 0.0000 -0.0000
vn 1.0000 0.0000 0.0000
vn 1.0000 0.0000 0.0000
vn 1.0000 0.0000 0.0000
vn 1.0000 0.0000 0.0000
vn 0.0000 1.0000 0.0000
vn 0.0000 1.0000 0.0000
vn 0.0000 1.0000 0.0000
vn 0.0000 1.0000 0.0000
vn 0.0000 -1.0000 -0.0000
vn 0.0000 -1.0000 -0.0000
vn 0.0000 -1.0000 -0.0000
vn 0.0000 -1.0000 -0.0000
vn 0.0000 0.0000 -1.0000
vn 0.0000 0.0000 -1.0000
vn 0.0000 0.0000 -1.0000
vn 0.0000 0.0000 -1.0000
vn -0.0000 -0.0000 1.0000
vn -0.0000 -0.0000 1.0000
vn -0.0000 -0.0000 1.0000
vn -0.0000 -0.0000 1.0000
vn -1.0000 0.0000 -0.0000
vn -1.0000 0.0000 -0.0000
vn -1.0000 0.0000 -0.0000
vn -1.0000 0.0000 -0.0000
vn 1.0000 0.0000 0.0000
vn 1.0000 0.0000 0.0000
vn 1.0000 0.0000 0.0000
vn 1.0000 0.0000 0.0000
vn 0.0000 1.0000 0.0000
vn 0.0000 1.0000 0.0000
vn 0.0000 1.0000 0.0000
vn 0.0000 1.0000 0.0000
vn 0.0000 -1.0000 -0.0000
vn 0.0000 -1.0000 -0.0000
vn 0.0000 -1.0000 -0.0000
vn 0.0000 -1.0000 -0.0000
vn -0.0000 -0.0000 1.0000
vn -0.0000 -0.0000 1.0000
vn -0.0000 -0.0000 1.0000
vn -0.0000 -0.0000 1.0000
vn 0.0000 0.0000 -1.0000
vn 0.0000 0.0000 -1.0000
vn 0.0000 0.0000 -1.0000
vn 0.0000 0.0000 -1.0000
vn 0.9659 -0.0000 0.2588
vn 0.9659 -0.0000 0.2588
vn 0.9659 -0.0000 0.2588
vn 0.9659 -0.0000 0.2588
vn -0.9659 0.0000 -0.2588
vn -0.9659 0.0000 -0.2588
vn -0.9659 0.0000 -0.2588
vn -0.9659 0.0000 -0.2588
vn -0.1867 -0.6926 0.6967
vn -0.2377 -0.3959 0.8870
vn -0.2377 -0.3959 0.8870
vn -0.1867 -0.6926 0.6967
vn 0.2377 -0.3960 -0.8870
vn 0.1867 -0.6926 -0.6967
vn 0.1867 -0.6926 -0.6967
vn 0.2377 -0.3960 -0.8870
vn -0.2568 -0.1255 0.9583
vn -0.2568 -0.1255 0.9583
vn -0.2588 -0.0000 0.9659
vn -0.2588 -0.0000 0.9659
vn -0.2588 -0.0000 0.9659
vn -0.2588 -0.0000 0.9659
vn -0.1834 -0.7056 0.6845
vn -0.0953 -0.9297 0.3557
vn -0.0953 -0.9297 0.3557
vn -0.1834 -0.7056 0.6845
vn 0.2568 -0.1255 -0.9583
vn 0.2568 -0.1255 -0.9583
vn 0.0953 -0.9297 -0.3557
vn 0.1834 -0.7056 -0.6845
vn 0.1834 -0.7056 -0.6845
vn 0.0953 -0.9297 -0.3557
vn 0.2588 0.0000 -0.9659
vn 0.2588 0.0000 -0.9659
vn 0.2588 0.0000 -0.9659
vn 0.2588 0.0000 -0.9659
vn -0.2436 -0.3380 0.9091
vn -0.2436 -0.3380 0.9091
vn 0.2436 -0.3381 -0.9090
vn 0.2436 -0.3381 -0.9090
vn 0.0000 -1.0000 -0.0000
vn 0.0000 -1.0000 -0.0000
vn 0.0000 -1.0000 -0.0000
vn 0.0000 -1.0000 -0.0000
vn 0.2588 0.0000 -0.9659
vn 0.2588 0.0000 -0.9659
vn 0.0000 -1.0000 -0.0000
vn 0.0000 -1.0000 -0.0000
vn 0.0000 -1.0000 -0.0000
vn 0.0000 -1.0000 -0.0000
vn -0.2553 -0.1632 0.9530
vn -0.2553 -0.1632 0.9530
vn -0.2588 -0.0000 0.9659
vn -0.2588 -0.0000 0.9659
vn 0.2553 -0.1633 -0.9530
vn 0.2553 -0.1633 -0.9530
vn -0.1040 -0.9157 0.3882
vn -0.1040 -0.9157 0.3882
vn 0.0000 1.0000 0.0000
vn 0.0000 1.0000 0.0000
vn 0.0000 1.0000 0.0000
vn 0.0000 1.0000 0.0000
vn 0.1040 -0.9157 -0.3882
vn 0.1040 -0.9157 -0.3882
vn 0.0000 1.0000 0.0000
vn 0.0000 1.0000 0.0000
vn 0.0000 1.0000 0.0000
vn 0.0000 1.0000 0.0000
vn 0.9659 -0.0000 0.2588
vn 0.9659 -0.0000 0.2588
vn 0.9659 -0.0000 0.2588
vn 0.9659 -0.0000 0.2588
vn -0.9659 0.0000 -0.2588
vn -0.9659 0.0000 -0.2588
vn -0.9659 0.0000 -0.2588
vn -0.9659 0.0000 -0.2588
vn -0.1867 -0.6926 0.6967
vn -0.2377 -0.3960 0.8870
vn -0.2377 -0.3960 0.8870
vn -0.1867 -0.6926 0.6967
vn 0.2377 -0.3959 -0.8870
vn 0.1867 -0.6926 -0.6967
vn 0.1867 -0.6926 -0.6967
vn 0.2377 -0.3959 -0.8870
vn -0.2568 -0.1255 0.9583
vn -0.2568 -0.1255 0.9583
vn -0.2588 -0.0000 0.9659
vn -0.2588 -0.0000 0.9659
vn -0.2588 -0.0000 0.9659
vn -0.2588 -0.0000 0.9659
vn -0.1834 -0.7056 0.6845
vn -0.0953 -0.9297 0.3557
vn -0.0953 -0.9297 0.3557
vn -0.1834 -0.7056 0.6845
vn 0.2568 -0.1255 -0.9583
vn 0.2568 -0.1255 -0.9583
vn 0.0953 -0.9297 -0.3557
vn 0.1834 -0.7056 -0.6845
vn 0.1834 -0.7056 -0.6845
vn 0.0953 -0.9297 -0.3557
vn 0.2588 0.0000 -0.9659
vn 0.2588 0.0000 -0.9659
vn 0.2588 0.0000 -0.9659
vn 0.2588 0.0000 -0.9659
vn -0.2436 -0.3380 0.9091
vn -0.2436 -0.3380 0.9091
vn 0.2436 -0.3380 -0.9091
vn 0.2436 -0.3380 -0.9091
vn 0.0000 -1.0000 -0.0000
vn 0.0000 -1.0000 -0.0000
vn 0.0000 -1.0000 -0.0000
vn 0.0000 -1.0000 -0.0000
vn 0.2588 0.0000 -0.9659
vn 0.2588 0.0000 -0.9659
vn 0.0000 -1.0000 -0.0000
vn 0.0000 -1.0000 -0.0000
vn 0.0000 -1.0000 -0.0000
vn 0.0000 -1.0000 -0.0000
vn -0.2553 -0.1632 0.9530
vn -0.2553 -0.1632 0.9530
vn -0.2588 -0.0000 0.9659
vn -0.2588 -0.0000 0.9659
vn 0.2554 -0.1632 -0.9530
vn 0.2554 -0.1632 -0.9530
vn -0.1040 -0.9157 0.3882
vn -0.1040 -0.9157 0.3882
vn 0.0000 1.0000 0.0000
vn 0.0000 1.0000 0.0000
vn 0.0000 1.0000 0.0000
vn 0.0000 1.0000 0.0000
vn 0.1040 -0.9157 -0.3882
vn 0.1040 -0.9157 -0.3882
vn 0.0000 1.0000 0.0000
vn 0.0000 1.0000 0.0000
vn 0.0000 1.0000 0.0000
vn 0.0000 1.0000 0.0000
vn -0.2588 -0.0000 0.9659
vn -0.2588 -0.0000 0.9659
vn 0.2588 0.0000 -0.9659
vn 0.2588 0.0000 -0.9659
vn -0.2588 -0.0000 0.9659
vn -0.2588 -0.0000 0.9659
vn 0.2588 0.0000 -0.9659
vn 0.2588 0.0000 -0.9659
vn -0.2588 -0.0000 0.9659
vn -0.2588 -0.0000 0.9659
vn -0.2588 -0.0000 0.9659
vn -0.2588 -0.0000 0.9659
vn -0.2588 -0.0000 0.9659
vn -0.2588 -0.0000 0.9659
vn -0.2588 -0.0000 0.9659
vn -0.2588 -0.0000 0.9659
vn -0.2588 -0.0000 0.9659
vn -0.2588 -0.0000 0.9659
vn -0.2588 -0.0000 0.9659
vn -0.2588 -0.0000 0.9659
vn -0.2588 -0.0000 0.9659
vn -0.2588 -0.0000 0.9659
vn -0.2588 -0.0000 0.9659
vn -0.2588 -0.0000 0.9659
vn -0.2588 -0.0000 0.9659
vn -0.2588 -0.0000 0.9659
vn -0.2588 -0.0000 0.9659
vn -0.2588 -0.0000 0.9659
vn -0.2588 -0.0000 0.9659
vn -0.2588 -0.0000 0.9659
vn -0.2588 -0.0000 0.9659
vn -0.2588 -0.0000 0.9659
vn -0.2588 -0.0000 0.9659
vn -0.2588 -0.0000 0.9659
vn -0.2588 -0.0000 0.9659
vn -0.2588 -0.0000 0.9659
vn -0.2588 -0.0000 0.9659
vn -0.2588 -0.0000 0.9659
vn -0.2588 -0.0000 0.9659
vn -0.2588 -0.0000 0.9659
vn -0.2588 -0.0000 0.9659
vn -0.2588 -0.0000 0.9659
vn -0.2588 -0.0000 0.9659
vn -0.2588 -0.0000 0.9659
vn -0.2588 -0.0000 0.9659
vn -0.2588 -0.0000 0.9659
vn -0.2588 -0.0000 0.9659
vn -0.2588 -0.0000 0.9659
vn -0.2588 -0.0000 0.9659
vn -0.2588 -0.0000 0.9659
vn -0.2588 -0.0000 0.9659
vn -0.2588 -0.0000 0.9659
vn -0.2588 -0.0000 0.9659
vn -0.2588 -0.0000 0.9659
vn -0.2588 -0.0000 0.9659
vn -0.2588 -0.0000 0.9659
vn -0.2588 -0.0000 0.9659
vn -0.2588 -0.0000 0.9659
vn -0.2588 -0.0000 0.9659
vn -0.2588 -0.0000 0.9659
vn -0.2588 -0.0000 0.9659
vn -0.2588 -0.0000 0.9659
vn -0.2588 -0.0000 0.9659
vn -0.2588 -0.0000 0.9659
vn -0.2588 -0.0000 0.9659
vn -0.2589 -0.0000 0.9659
vn -0.2588 -0.0000 0.9659
vn -0.2588 -0.0000 0.9659
vn -0.2588 -0.0000 0.9659
vn -0.2588 -0.0000 0.9659
vn -0.2588 -0.0000 0.9659
vn -0.2588 -0.0000 0.9659
vn -0.2588 -0.0000 0.9659
vn -0.2588 -0.0000 0.9659
vn -0.2588 -0.0000 0.9659
vn -0.2588 -0.0000 0.9659
vn -0.2588 -0.0000 0.9659
vn -0.2588 -0.0000 0.9659
vn -0.2588 -0.0000 0.9659
vn -0.2588 -0.0000 0.9659
vn -0.2588 -0.0000 0.9659
vn -0.2588 -0.0000 0.9659
vn -0.2588 -0.0000 0.9659
vn -0.2588 -0.0000 0.9659
vn -0.2588 -0.0000 0.9659
vn -0.2588 -0.0000 0.9659
vn -0.2588 -0.0000 0.9659
vn -0.2588 -0.0000 0.9659
vn -0.2588 -0.0000 0.9659
vn -0.2588 -0.0000 0.9659
vn -0.2589 -0.0000 0.9659
vn -0.2588 -0.0000 0.9659
vn -0.2588 -0.0000 0.9659
vn -0.2588 -0.0000 0.9659
vn -0.2588 -0.0000 0.9659
vn -0.2589 -0.0000 0.9659
vn -0.2588 -0.0000 0.9659
vn -0.2588 -0.0000 0.9659
vn -0.2588 -0.0000 0.9659
vn -0.2588 -0.0000 0.9659
vn -0.2588 -0.0000 0.9659
vn -0.2588 -0.0000 0.9659
vn -0.2588 -0.0000 0.9659
vn -0.2588 -0.0000 0.9659
vn -0.2588 -0.0000 0.9659
vn -0.2588 -0.0000 0.9659
vn -0.2588 -0.0000 0.9659
vn -0.2588 -0.0000 0.9659
vn -0.2588 -0.0000 0.9659
vn -0.2588 -0.0000 0.9659
vn -0.2588 -0.0000 0.9659
vn -0.2588 -0.0000 0.9659
vn -0.2588 -0.0000 0.9659
vn -0.2588 -0.0000 0.9659
vn -0.2588 -0.0000 0.9659
vn -0.2588 -0.0000 0.9659
vn -0.2588 -0.0000 0.9659
vn -0.2588 -0.0000 0.9659
vn -0.2588 -0.0000 0.9659
vn -0.2588 -0.0000 0.9659
vn -0.2588 -0.0000 0.9659
vn -0.2588 -0.0000 0.9659
vn -0.2588 -0.0000 0.9659
vn -0.2588 -0.0000 0.9659
vn -0.2588 -0.0000 0.9659
vn -0.2588 -0.0000 0.9659
vn -0.2588 -0.0000 0.9659
vn -0.2588 -0.0000 0.9659
vn -0.2588 -0.0000 0.9659
vn -0.2588 -0.0000 0.9659
vn -0.2588 -0.0000 0.9659
vn -0.2588 -0.0000 0.9659
vn -0.2588 -0.0000 0.9659
vn -0.2588 -0.0000 0.9659
vn -0.2588 -0.0000 0.9659
vn -0.2588 -0.0000 0.9659
vn -0.2588 -0.0000 0.9659
vn -0.2588 -0.0000 0.9659
vn -0.2588 -0.0000 0.9659
vn -0.2588 -0.0000 0.9659
vn 0.2588 0.0000 -0.9659
vn 0.2588 0.0000 -0.9659
vn 0.2588 0.0000 -0.9659
vn 0.2588 0.0000 -0.9659
vn 0.2588 0.0000 -0.9659
vn 0.2588 0.0000 -0.9659
vn 0.2588 0.0000 -0.9659
vn 0.2588 0.0000 -0.9659
vn 0.2588 0.0000 -0.9659
vn 0.2588 0.0000 -0.9659
vn 0.2588 0.0000 -0.9659
vn 0.2588 0.0000 -0.9659
vn 0.2588 0.0000 -0.9659
vn 0.2588 0.0000 -0.9659
vn 0.2588 0.0000 -0.9659
vn 0.2588 0.0000 -0.9659
vn 0.2588 0.0000 -0.9659
vn 0.2588 0.0000 -0.9659
vn 0.2588 0.0000 -0.9659
vn 0.2588 0.0000 -0.9659
vn 0.2588 0.0000 -0.9659
vn 0.2588 0.0000 -0.9659
vn 0.2588 0.0000 -0.9659
vn 0.2588 0.0000 -0.9659
vn 0.2588 0.0000 -0.9659
vn 0.2588 0.0000 -0.9659
vn 0.2588 0.0000 -0.9659
vn 0.2588 0.0000 -0.9659
vn 0.2588 0.0000 -0.9659
vn 0.2588 0.0000 -0.9659
vn 0.2588 0.0000 -0.9659
vn 0.2588 0.0000 -0.9659
vn 0.2588 0.0000 -0.9659
vn 0.2588 0.0000 -0.9659
vn 0.2588 0.0000 -0.9659
vn 0.2588 0.0000 -0.9659
vn 0.2588 0.0000 -0.9659
vn 0.2588 0.0000 -0.9659
vn 0.2588 0.0000 -0.9659
vn 0.2588 0.0000 -0.9659
vn 0.2588 0.0000 -0.9659
vn 0.2588 0.0000 -0.9659
vn 0.2588 0.0000 -0.9659
vn 0.2588 0.0000 -0.9659
vn 0.2588 0.0000 -0.9659
vn 0.2588 0.0000 -0.9659
vn 0.2588 0.0000 -0.9659
vn 0.2588 0.0000 -0.9659
vn 0.2588 0.0000 -0.9659
vn 0.2588 0.0000 -0.9659
vn 0.2588 0.0000 -0.9659
vn 0.2588 0.0000 -0.9659
vn 0.2588 0.0000 -0.9659
vn 0.2588 0.0000 -0.9659
vn 0.2588 0.0000 -0.9659
vn 0.2588 0.0000 -0.9659
vn 0.2588 0.0000 -0.9659
vn 0.2588 0.0000 -0.9659
vn 0.2588 0.0000 -0.9659
vn 0.2588 0.0000 -0.9659
vn 0.2588 0.0000 -0.9659
vn 0.2588 0.0000 -0.9659
vn 0.2588 0.0000 -0.9659
vn 0.2588 0.0000 -0.9659
vn 0.2588 0.0000 -0.9659
vn 0.2588 0.0000 -0.9659
vn 0.2588 0.0000 -0.9659
vn 0.2588 0.0000 -0.9659
vn 0.2588 0.0000 -0.9659
vn 0.2588 0.0000 -0.9659
vn 0.2588 0.0000 -0.9659
vn 0.2588 0.0000 -0.9659
vn 0.2588 0.0000 -0.9659
vn 0.2588 0.0000 -0.9659
vn 0.2588 0.0000 -0.9659
vn 0.2588 0.0000 -0.9659
vn 0.2588 0.0000 -0.9659
vn 0.2588 0.0000 -0.9659
vn 0.2588 0.0000 -0.9659
vn 0.2588 0.0000 -0.9659
vn 0.2588 0.0000 -0.9659
vn 0.2588 0.0000 -0.9659
vn 0.2588 0.0000 -0.9659
vn 0.2588 0.0000 -0.9659
vn 0.2588 0.0000 -0.9659
vn 0.2588 0.0000 -0.9659
vn 0.2588 0.0000 -0.9659
vn 0.2588 0.0000 -0.9659
vn 0.2588 0.0000 -0.9659
vn 0.2588 0.0000 -0.9659
vn 0.2588 0.0000 -0.9659
vn 0.2588 0.0000 -0.9659
vn 0.2588 0.0000 -0.9659
vn 0.2588 0.0000 -0.9659
vn 0.2588 0.0000 -0.9659
vn 0.2588 0.0000 -0.9659
vn 0.2588 0.0000 -0.9659
vn 0.2588 0.0000 -0.9659
vn 0.2588 0.0000 -0.9659
vn 0.2588 0.0000 -0.9659
vn 0.2588 0.0000 -0.9659
vn 0.2588 0.0000 -0.9659
vn 0.2588 0.0000 -0.9659
vn 0.2588 0.0000 -0.9659
vn 0.2588 0.0000 -0.9659
vn 0.2588 0.0000 -0.9659
vn 0.2588 0.0000 -0.9659
vn 0.2588 0.0000 -0.9659
vn 0.2588 0.0000 -0.9659
vn 0.2588 0.0000 -0.9659
vn 0.2588 0.0000 -0.9659
vn 0.2588 0.0000 -0.9659
vn 0.2588 0.0000 -0.9659
vn 0.2588 0.0000 -0.9659
vn 0.2588 0.0000 -0.9659
vn 0.2588 0.0000 -0.9659
vn 0.2588 0.0000 -0.9659
vn 0.2588 0.0000 -0.9659
vn 0.2588 0.0000 -0.9659
vn 0.2588 0.0000 -0.9659
vn 0.2588 0.0000 -0.9659
vn 0.2588 0.0000 -0.9659
vn 0.2588 0.0000 -0.9659
vn 0.2588 0.0000 -0.9659
vn 0.2588 0.0000 -0.9659
vn 0.2588 0.0000 -0.9659
vn 0.2588 0.0000 -0.9659
vn 0.2588 0.0000 -0.9659
vn 0.2588 0.0000 -0.9659
vn 0.2588 0.0000 -0.9659
vn 0.2588 0.0000 -0.9659
vn 0.2588 0.0000 -0.9659
vn 0.0000 1.0000 0.0000
vn 0.0000 1.0000 0.0000
vn 0.0000 1.0000 0.0000
vn 0.0000 1.0000 0.0000
vn 0.0000 1.0000 0.0000
vn 0.0000 1.0000 0.0000
vn 0.0000 1.0000 0.0000
vn 0.0000 1.0000 0.0000
vn 0.0000 1.0000 0.0000
vn 0.0000 1.0000 0.0000
vn 0.0000 1.0000 0.0000
vn 0.0000 1.0000 0.0000
vn 0.0000 1.0000 0.0000
vn 0.0000 1.0000 0.0000
vn 0.0000 1.0000 0.0000
vn 0.0000 1.0000 0.0000
vn 0.0000 1.0000 0.0000
vn 0.0000 1.0000 0.0000
vn 0.0000 1.0000 0.0000
vn 0.0000 1.0000 0.0000
vn 0.0000 1.0000 0.0000
vn 0.0000 1.0000 0.0000
vn 0.0000 1.0000 0.0000
vn 0.0000 1.0000 0.0000
vn 0.0000 1.0000 0.0000
vn 0.0000 1.0000 0.0000
vn 0.0000 1.0000 0.0000
vn 0.0000 1.0000 0.0000
vn 0.0000 1.0000 0.0000
vn 0.0000 1.0000 0.0000
vn 0.0000 1.0000 0.0000
vn 0.0000 1.0000 0.0000
vn 0.0000 1.0000 0.0000
vn 0.0000 1.0000 0.0000
vn 0.0000 1.0000 0.0000
vn 0.0000 1.0000 0.0000
vn 0.0000 1.0000 0.0000
vn 0.0000 1.0000 0.0000
vn 0.0000 1.0000 0.0000
vn 0.0000 1.0000 0.0000
vn 0.0000 1.0000 0.0000
vn 0.0000 1.0000 0.0000
vn 0.0000 1.0000 0.0000
vn 0.0000 1.0000 0.0000
vn 0.0000 1.0000 0.0000
vn 0.0000 1.0000 0.0000
vn 0.0000 1.0000 0.0000
vn 0.0000 1.0000 0.0000
vn 0.0000 1.0000 0.0000
vn 0.0000 1.0000 0.0000
vn 0.0000 1.0000 0.0000
vn 0.0000 1.0000 0.0000
vn 0.0000 1.0000 0.0000
vn 0.0000 1.0000 0.0000
vn 0.0000 1.0000 0.0000
vn 0.0000 1.0000 0.0000
vn 0.0000 1.0000 0.0000
vn 0.0000 1.0000 0.0000
vn 0.0000 1.0000 0.0000
vn 0.0000 1.0000 0.0000
vn 0.0000 1.0000 0.0000
vn 0.0000 1.0000 0.0000
vn 0.0000 1.0000 0.0000
vn 0.0000 1.0000 0.0000
vn 0.0000 1.0000 0.0000
vn 0.0000 1.0000 0.0000
vn 0.0000 1.0000 0.0000
vn 0.0000 1.0000 0.0000
vn 0.0000 1.0000 0.0000
vn 0.0000 1.0000 0.0000
vn 0.0000 1.0000 0.0000
vn 0.0000 1.0000 0.0000
vn 0.0000 1.0000 0.0000
vn 0.0000 1.0000 0.0000
vn 0.0000 1.0000 0.0000
vn 0.0000 1.0000 0.0000
vn 0.0000 1.0000 0.0000
vn 0.0000 1.0000 0.0000
vn 0.0000 1.0000 0.0000
vn 0.0000 1.0000 0.0000
vn 0.0000 1.0000 0.0000
vn 0.0000 1.0000 0.0000
vn 0.0000 1.0000 0.0000
vn 0.0000 1.0000 0.0000
vn 0.0000 1.0000 0.0000
vn 0.0000 1.0000 0.0000
vn 0.0000 1.0000 0.0000
vn 0.0000 1.0000 0.0000
vn 0.0000 1.0000 0.0000
vn 0.0000 1.0000 0.0000
vn 0.0000 1.0000 0.0000
vn 0.0000 1.0000 0.0000
vn 0.0000 1.0000 0.0000
vn 0.0000 1.0000 0.0000
vn 0.0000 1.0000 0.0000
vn 0.0000 1.0000 0.0000
vn 0.0000 1.0000 0.0000
vn 0.0000 1.0000 0.0000
vn 0.0000 1.0000 0.0000
vn 0.0000 1.0000 0.0000
vn 0.0000 1.0000 0.0000
vn 0.0000 1.0000 0.0000
vn 0.0000 1.0000 0.0000
vn 0.0000 1.0000 0.0000
vn 0.0000 1.0000 0.0000
vn 0.0000 1.0000 0.0000
vn 0.0000 1.0000 0.0000
vn 0.0000 1.0000 0.0000
vn 0.0000 1.0000 0.0000
vn 0.0000 1.0000 0.0000
vn 0.0000 1.0000 0.0000
vn 0.0000 1.0000 0.0000
vn 0.0000 1.0000 0.0000
vn 0.0000 1.0000 0.0000
vn 0.0000 1.0000 0.0000
vn 0.0000 1.0000 0.0000
vn -0.9659 0.0000 -0.2588
vn -0.9659 0.0000 -0.2588
vn -0.9659 0.0000 -0.2588
vn -0.9659 0.0000 -0.2588
vn -0.9659 0.0000 -0.2588
vn -0.9659 0.0000 -0.2588
vn -0.9659 0.0000 -0.2588
vn -0.9659 0.0000 -0.2588
vn 0.9659 -0.0000 0.2588
vn 0.9659 -0.0000 0.2588
vn 0.9659 -0.0000 0.2588
vn 0.9659 -0.0000 0.2588
vn 0.0000 -1.0000 -0.0000
vn -0.0229 -0.9997 -0.0061
vn -0.0229 -0.9997 -0.0061
vn 0.0000 -1.0000 -0.0000
vn 0.0000 1.0000 0.0000
vn 0.0000 1.0000 0.0000
vn 0.9659 -0.0000 0.2588
vn 0.9659 -0.0000 0.2588
vn 0.9659 -0.0000 0.2588
vn 0.9659 -0.0000 0.2588
vn -0.0771 -0.9968 -0.0207
vn -0.0771 -0.9968 -0.0207
vn -0.1226 -0.9919 -0.0328
vn -0.1226 -0.9919 -0.0328
vn -0.1458 -0.9885 -0.0391
vn -0.1458 -0.9885 -0.0391
vn -0.1500 -0.9879 -0.0402
vn -0.1500 -0.9879 -0.0402
vn 0.0000 -1.0000 -0.0000
vn -0.2207 -0.9735 -0.0591
vn -0.2207 -0.9735 -0.0591
vn 0.0000 -1.0000 -0.0000
vn -0.0926 -0.9954 -0.0248
vn -0.0926 -0.9954 -0.0248
vn -0.0128 -0.9999 -0.0034
vn -0.0128 -0.9999 -0.0034
vn 0.2491 -0.9662 0.0668
vn 0.1384 -0.9897 0.0371
vn 0.1384 -0.9897 0.0371
vn 0.2491 -0.9662 0.0668
vn 0.0229 -0.9997 0.0061
vn 0.0229 -0.9997 0.0061
vn -0.1384 -0.9897 -0.0371
vn -0.2491 -0.9662 -0.0668
vn -0.2491 -0.9662 -0.0668
vn -0.1383 -0.9897 -0.0371
vn 0.0784 -0.9967 0.0210
vn 0.0784 -0.9967 0.0210
vn 0.2208 -0.9735 0.0592
vn 0.2208 -0.9735 0.0592
vn 0.0771 -0.9968 0.0207
vn 0.0771 -0.9968 0.0207
vn 0.0064 -1.0000 0.0017
vn 0.0064 -1.0000 0.0017
vn 0.1777 -0.9829 0.0476
vn 0.1777 -0.9829 0.0476
vn -0.0064 -1.0000 -0.0017
vn -0.0064 -1.0000 -0.0017
vn 0.1226 -0.9919 0.0328
vn 0.1226 -0.9919 0.0328
vn 0.0000 -1.0000 -0.0000
vn 0.0000 -1.0000 -0.0000
vn 0.0000 -1.0000 -0.0000
vn 0.0000 -1.0000 -0.0000
vn 0.2610 -0.9628 0.0699
vn 0.2610 -0.9628 0.0699
vn 0.0000 -1.0000 -0.0000
vn 0.0000 -1.0000 -0.0000
vn 0.0000 -1.0000 -0.0000
vn 0.0000 -1.0000 -0.0000
vn 0.1458 -0.9885 0.0391
vn 0.1458 -0.9885 0.0391
vn -0.2529 -0.9651 -0.0678
vn -0.2529 -0.9651 -0.0678
vn 0.3594 -0.9282 0.0963
vn 0.3594 -0.9282 0.0963
vn 0.2529 -0.9651 0.0678
vn 0.2529 -0.9651 0.0678
vn 0.1500 -0.9879 0.0402
vn 0.1500 -0.9879 0.0402
vn -0.1455 -0.9886 -0.0390
vn -0.1455 -0.9886 -0.0390
vn 0.5094 -0.8496 0.1365
vn 0.5095 -0.8496 0.1365
vn 0.1455 -0.9886 0.0390
vn 0.1455 -0.9886 0.0390
vn 0.0926 -0.9954 0.0248
vn 0.0926 -0.9954 0.0248
vn 0.0390 -0.9992 0.0104
vn 0.0390 -0.9992 0.0104
vn 0.6806 -0.7096 0.1823
vn 0.6806 -0.7096 0.1823
vn -0.0390 -0.9992 -0.0104
vn -0.0390 -0.9992 -0.0104
vn 0.0128 -0.9999 0.0034
vn 0.0128 -0.9999 0.0034
vn 0.2457 -0.9671 0.0658
vn 0.2457 -0.9671 0.0658
vn 0.7513 -0.6285 0.2013
vn 0.7513 -0.6285 0.2013
vn -0.2457 -0.9671 -0.0658
vn -0.2457 -0.9671 -0.0658
vn -0.0784 -0.9967 -0.0210
vn -0.0784 -0.9967 -0.0210
vn 0.4627 -0.8778 0.1240
vn 0.4627 -0.8778 0.1240
vn 0.0000 -1.0000 -0.0000
vn 0.0000 -1.0000 -0.0000
vn 0.0000 -1.0000 -0.0000
vn 0.0000 -1.0000 -0.0000
vn -0.4628 -0.8778 -0.1240
vn -0.4628 -0.8778 -0.1240
vn -0.1777 -0.9829 -0.0476
vn -0.1777 -0.9829 -0.0476
vn 0.5684 -0.8086 0.1523
vn 0.5684 -0.8086 0.1523
vn 0.0000 1.0000 0.0000
vn 0.0000 1.0000 0.0000
vn 0.0000 1.0000 0.0000
vn 0.0000 1.0000 0.0000
vn -0.5684 -0.8085 -0.1523
vn -0.5684 -0.8085 -0.1523
vn -0.2610 -0.9628 -0.0699
vn -0.2610 -0.9628 -0.0699
vn -0.4765 -0.8699 -0.1277
vn -0.4765 -0.8699 -0.1277
vn 0.4764 -0.8699 0.1277
vn 0.4764 -0.8699 0.1277
vn -0.3594 -0.9282 -0.0963
vn -0.3594 -0.9282 -0.0963
vn 0.1468 -0.9884 0.0393
vn 0.1468 -0.9884 0.0393
vn 0.0000 1.0000 0.0000
vn 0.0000 1.0000 0.0000
vn -0.1467 -0.9884 -0.0393
vn -0.1468 -0.9884 -0.0393
vn -0.5094 -0.8496 -0.1365
vn -0.5094 -0.8496 -0.1365
vn 0.3178 -0.9443 0.0852
vn 0.3178 -0.9443 0.0852
vn 0.0000 1.0000 0.0000
vn 0.0000 1.0000 0.0000
vn -0.3178 -0.9443 -0.0852
vn -0.3178 -0.9443 -0.0852
vn -0.6806 -0.7096 -0.1824
vn -0.6806 -0.7096 -0.1824
vn -0.6734 -0.7169 -0.1804
vn -0.6734 -0.7169 -0.1804
vn 0.0000 1.0000 0.0000
vn 0.0000 1.0000 0.0000
vn 0.6734 -0.7169 0.1804
vn 0.6734 -0.7169 0.1804
vn -0.7514 -0.6284 -0.2013
vn -0.7514 -0.6284 -0.2013
vn 0.6022 -0.7818 0.1614
vn 0.5085 -0.8502 0.1362
vn 0.5085 -0.8502 0.1362
vn 0.6022 -0.7818 0.1614
vn 0.0000 1.0000 0.0000
vn 0.0000 1.0000 0.0000
vn -0.5085 -0.8502 -0.1362
vn -0.6022 -0.7819 -0.1614
vn -0.6022 -0.7819 -0.1614
vn -0.5085 -0.8502 -0.1362
vn 0.0000 -1.0000 -0.0000
vn 0.0000 -1.0000 -0.0000
vn 0.0000 -1.0000 -0.0000
vn 0.0000 -1.0000 -0.0000
vn -0.7460 -0.6353 -0.1999
vn -0.7460 -0.6353 -0.1999
vn 0.0000 1.0000 0.0000
vn 0.0000 1.0000 0.0000
vn 0.7460 -0.6352 0.1999
vn 0.7460 -0.6352 0.1999
vn 0.9659 -0.0000 0.2588
vn 0.9659 -0.0000 0.2588
vn 0.9659 -0.0000 0.2588
vn 0.9659 -0.0000 0.2588
vn -0.2588 -0.0000 0.9659
vn -0.2588 -0.0000 0.9659
vn -0.2588 -0.0000 0.9659
vn -0.2588 -0.0000 0.9659
vn -0.9659 0.0000 -0.2588
vn -0.9659 0.0000 -0.2588
vn -0.9659 0.0000 -0.2588
vn -0.9659 0.0000 -0.2588
vn 0.2588 0.0000 -0.9659
vn 0.2588 0.0000 -0.9659
vn 0.2588 0.0000 -0.9659
vn 0.2588 0.0000 -0.9659
vn 0.0000 -1.0000 -0.0000
vn 0.0000 -1.0000 -0.0000
vn 0.0000 -1.0000 -0.0000
vn 0.0000 -1.0000 -0.0000
vn 0.0000 1.0000 0.0000
vn 0.0000 1.0000 0.0000
vn 0.0000 1.0000 0.0000
vn 0.0000 1.0000 0.0000
vn 0.9659 -0.0000 0.2588
vn 0.9659 -0.0000 0.2588
vn 0.9659 -0.0000 0.2588
vn 0.9659 -0.0000 0.2588
vn -0.2588 -0.0000 0.9659
vn -0.2588 -0.0000 0.9659
vn -0.2588 -0.0000 0.9659
vn -0.2588 -0.0000 0.9659
vn -0.9659 0.0000 -0.2588
vn -0.9659 0.0000 -0.2588
vn -0.9659 0.0000 -0.2588
vn -0.9659 0.0000 -0.2588
vn 0.2588 0.0000 -0.9659
vn 0.2588 0.0000 -0.9659
vn 0.2588 0.0000 -0.9659
vn 0.2588 0.0000 -0.9659
vn 0.0000 -1.0000 -0.0000
vn 0.0000 -1.0000 -0.0000
vn 0.0000 -1.0000 -0.0000
vn 0.0000 -1.0000 -0.0000
vn 0.0000 1.0000 0.0000
vn 0.0000 1.0000 0.0000
vn 0.0000 1.0000 0.0000
vn 0.0000 1.0000 0.0000
vn 0.9659 -0.0000 0.2588
vn 0.9659 -0.0000 0.2588
vn 0.9659 -0.0000 0.2588
vn 0.9659 -0.0000 0.2588
vn -0.2588 -0.0000 0.9659
vn -0.2588 -0.0000 0.9659
vn -0.2588 -0.0000 0.9659
vn -0.2588 -0.0000 0.9659
vn -0.9659 0.0000 -0.2588
vn -0.9659 0.0000 -0.2588
vn -0.9659 0.0000 -0.2588
vn -0.9659 0.0000 -0.2588
vn 0.2588 0.0000 -0.9659
vn 0.2588 0.0000 -0.9659
vn 0.2588 0.0000 -0.9659
vn 0.2588 0.0000 -0.9659
vn 0.0000 -1.0000 -0.0000
vn 0.0000 -1.0000 -0.0000
vn 0.0000 -1.0000 -0.0000
vn 0.0000 -1.0000 -0.0000
vn 0.0000 1.0000 0.0000
vn 0.0000 1.0000 0.0000
vn 0.0000 1.0000 0.0000
vn 0.0000 1.0000 0.0000
vn 0.9659 -0.0000 0.2588
vn 0.9659 -0.0000 0.2588
vn 0.9659 -0.0000 0.2588
vn 0.9659 -0.0000 0.2588
vn -0.2588 -0.0000 0.9659
vn -0.2588 -0.0000 0.9659
vn -0.2588 -0.0000 0.9659
vn -0.2588 -0.0000 0.9659
vn -0.9659 0.0000 -0.2588
vn -0.9659 0.0000 -0.2588
vn -0.9659 0.0000 -0.2588
vn -0.9659 0.0000 -0.2588
vn 0.2588 0.0000 -0.9659
vn 0.2588 0.0000 -0.9659
vn 0.2588 0.0000 -0.9659
vn 0.2588 0.0000 -0.9659
vn 0.0000 -1.0000 -0.0000
vn 0.0000 -1.0000 -0.0000
vn 0.0000 -1.0000 -0.0000
vn 0.0000 -1.0000 -0.0000
vn 0.0000 1.0000 0.0000
vn 0.0000 1.0000 0.0000
vn 0.0000 1.0000 0.0000
vn 0.0000 1.0000 0.0000
vn 0.0000 1.0000 0.0000
vn 0.0000 1.0000 0.0000
vn 0.0000 1.0000 0.0000
vn 0.0000 1.0000 0.0000
vn 0.0000 1.0000 0.0000
vn 0.0000 1.0000 0.0000
vn 0.0000 1.0000 0.0000
vn 0.0000 1.0000 0.0000
vn 0.0000 1.0000 0.0000
vn 0.0000 1.0000 0.0000
vn 0.4218 0.8996 0.1130
vn 0.4218 0.8996 0.1130
vn 0.4218 0.8996 0.1130
vn 0.4218 0.8996 0.1130
vn -0.1130 0.8997 0.4217
vn -0.1130 0.8997 0.4217
vn -0.1130 0.8997 0.4217
vn -0.1130 0.8997 0.4217
vn -0.4217 0.8997 -0.1130
vn -0.4217 0.8997 -0.1130
vn -0.4217 0.8997 -0.1130
vn -0.4217 0.8997 -0.1130
vn 0.1130 0.8996 -0.4218
vn 0.1130 0.8996 -0.4218
vn 0.1130 0.8996 -0.4218
vn 0.1130 0.8996 -0.4218
vn 0.9659 -0.0000 0.2588
vn 0.9659 -0.0000 0.2588
vn 0.9659 -0.0000 0.2588
vn 0.9659 -0.0000 0.2588
vn 0.0000 -1.0000 -0.0000
vn 0.0000 -1.0000 -0.0000
vn 0.0000 -1.0000 -0.0000
vn 0.0000 -1.0000 -0.0000
vn -0.9659 0.0000 -0.2588
vn -0.9659 0.0000 -0.2588
vn -0.9659 0.0000 -0.2588
vn -0.9659 0.0000 -0.2588
vn 0.0000 1.0000 0.0000
vn 0.0000 1.0000 0.0000
vn 0.0000 1.0000 0.0000
vn 0.0000 1.0000 0.0000
vn 0.2588 0.0000 -0.9659
vn 0.2588 0.0000 -0.9659
vn 0.2588 0.0000 -0.9659
vn 0.2588 0.0000 -0.9659
vn -0.2588 -0.0000 0.9659
vn -0.2588 -0.0000 0.9659
vn -0.2588 -0.0000 0.9659
vn -0.2588 -0.0000 0.9659
vn 0.9659 -0.0000 0.2588
vn 0.9659 -0.0000 0.2588
vn 0.9659 -0.0000 0.2588
vn 0.9659 -0.0000 0.2588
vn 0.0000 -1.0000 -0.0000
vn 0.0000 -1.0000 -0.0000
vn 0.0000 -1.0000 -0.0000
vn 0.0000 -1.0000 -0.0000
vn -0.9659 0.0000 -0.2588
vn -0.9659 0.0000 -0.2588
vn -0.9659 0.0000 -0.2588
vn -0.9659 0.0000 -0.2588
vn 0.0000 1.0000 0.0000
vn 0.0000 1.0000 0.0000
vn 0.0000 1.0000 0.0000
vn 0.0000 1.0000 0.0000
vn 0.2588 0.0000 -0.9659
vn 0.2588 0.0000 -0.9659
vn 0.2588 0.0000 -0.9659
vn 0.2588 0.0000 -0.9659
vn -0.2588 -0.0000 0.9659
vn -0.2588 -0.0000 0.9659
vn -0.2588 -0.0000 0.9659
vn -0.2588 -0.0000 0.9659
vn 0.9659 -0.0000 0.2588
vn 0.9659 -0.0000 0.2588
vn 0.9659 -0.0000 0.2588
vn 0.9659 -0.0000 0.2588
vn -0.9659 0.0000 -0.2588
vn -0.9659 0.0000 -0.2588
vn -0.9659 0.0000 -0.2588
vn -0.9659 0.0000 -0.2588
vn 0.0000 1.0000 0.0000
vn 0.0000 1.0000 0.0000
vn 0.0000 1.0000 0.0000
vn 0.0000 1.0000 0.0000
vn 0.0000 -1.0000 -0.0000
vn 0.0000 -1.0000 -0.0000
vn 0.0000 -1.0000 -0.0000
vn 0.0000 -1.0000 -0.0000
vn -0.2588 -0.0000 0.9659
vn -0.2588 -0.0000 0.9659
vn -0.2588 -0.0000 0.9659
vn -0.2588 -0.0000 0.9659
vn 0.2588 0.0000 -0.9659
vn 0.2588 0.0000 -0.9659
vn 0.2588 0.0000 -0.9659
vn 0.2588 0.0000 -0.9659
vn 0.9659 -0.0000 0.2588
vn 0.9659 -0.0000 0.2588
vn 0.9659 -0.0000 0.2588
vn 0.9659 -0.0000 0.2588
vn -0.9659 0.0000 -0.2588
vn -0.9659 0.0000 -0.2588
vn -0.9659 0.0000 -0.2588
vn -0.9659 0.0000 -0.2588
vn 0.0000 1.0000 0.0000
vn 0.0000 1.0000 0.0000
vn 0.0000 1.0000 0.0000
vn 0.0000 1.0000 0.0000
vn 0.0000 -1.0000 -0.0000
vn 0.0000 -1.0000 -0.0000
vn 0.0000 -1.0000 -0.0000
vn 0.0000 -1.0000 -0.0000
vn 0.2588 0.0000 -0.9659
vn 0.2588 0.0000 -0.9659
vn 0.2588 0.0000 -0.9659
vn 0.2588 0.0000 -0.9659
vn -0.2588 -0.0000 0.9659
vn -0.2588 -0.0000 0.9659
vn -0.2588 -0.0000 0.9659
vn -0.2588 -0.0000 0.9659
vn -0.0000 -0.0000 1.0000
vn -0.0000 -0.0000 1.0000
vn -0.0000 -0.0000 1.0000
vn -0.0000 -0.0000 1.0000
vn 0.0000 0.0000 -1.0000
vn 0.0000 0.0000 -1.0000
vn 0.0000 0.0000 -1.0000
vn 0.0000 0.0000 -1.0000
vn -0.7215 -0.6924 -0.0000
vn -0.9183 -0.3958 -0.0000
vn -0.9183 -0.3958 -0.0000
vn -0.7215 -0.6924 -0.0000
vn 0.9183 -0.3960 -0.0000
vn 0.7213 -0.6926 -0.0000
vn 0.7213 -0.6926 -0.0000
vn 0.9183 -0.3960 -0.0000
vn -0.9921 -0.1256 -0.0000
vn -0.9921 -0.1256 -0.0000
vn -1.0000 0.0000 -0.0000
vn -1.0000 0.0000 -0.0000
vn -1.0000 0.0000 -0.0000
vn -1.0000 0.0000 -0.0000
vn -0.7085 -0.7057 -0.0000
vn -0.3682 -0.9298 -0.0000
vn -0.3681 -0.9298 -0.0000
vn -0.7085 -0.7057 -0.0000
vn 0.9921 -0.1256 -0.0000
vn 0.9921 -0.1256 -0.0000
vn 0.3682 -0.9297 -0.0000
vn 0.7087 -0.7055 0.0001
vn 0.7086 -0.7056 0.0001
vn 0.3682 -0.9297 -0.0000
vn 1.0000 0.0000 0.0000
vn 1.0000 0.0000 0.0000
vn 1.0000 0.0000 0.0000
vn 1.0000 0.0000 0.0000
vn -0.9412 -0.3380 -0.0000
vn -0.9412 -0.3380 -0.0000
vn 0.9411 -0.3381 0.0001
vn 0.9411 -0.3381 0.0001
vn 0.0000 -1.0000 -0.0000
vn 0.0000 -1.0000 -0.0000
vn 0.0000 -1.0000 -0.0000
vn 0.0000 -1.0000 -0.0000
vn 1.0000 0.0000 0.0000
vn 1.0000 0.0000 0.0000
vn 0.0000 -1.0000 -0.0000
vn 0.0000 -1.0000 -0.0000
vn 0.0000 -1.0000 -0.0000
vn 0.0000 -1.0000 -0.0000
vn -0.9866 -0.1630 -0.0000
vn -0.9866 -0.1630 -0.0000
vn -1.0000 0.0000 -0.0000
vn -1.0000 0.0000 -0.0000
vn 0.9865 -0.1635 -0.0000
vn 0.9865 -0.1635 -0.0000
vn -0.4019 -0.9157 -0.0000
vn -0.4019 -0.9157 -0.0000
vn 0.0000 1.0000 0.0000
vn 0.0000 1.0000 0.0000
vn 0.0000 1.0000 0.0000
vn 0.0000 1.0000 0.0000
vn 0.4019 -0.9157 -0.0000
vn 0.4019 -0.9157 -0.0000
vn 0.0000 1.0000 0.0000
vn 0.0000 1.0000 0.0000
vn 0.0000 1.0000 0.0000
vn 0.0000 1.0000 0.0000
vn -0.0000 -0.0000 1.0000
vn -0.0000 -0.0000 1.0000
vn -0.0000 -0.0000 1.0000
vn -0.0000 -0.0000 1.0000
vn 0.0000 0.0000 -1.0000
vn 0.0000 0.0000 -1.0000
vn 0.0000 0.0000 -1.0000
vn 0.0000 0.0000 -1.0000
vn -0.7212 -0.6927 -0.0000
vn -0.9182 -0.3961 -0.0000
vn -0.9182 -0.3961 -0.0000
vn -0.7212 -0.6927 -0.0000
vn 0.9183 -0.3960 -0.0000
vn 0.7213 -0.6926 -0.0000
vn 0.7213 -0.6926 -0.0000
vn 0.9183 -0.3960 -0.0000
vn -0.9921 -0.1254 -0.0000
vn -0.9921 -0.1254 -0.0000
vn -1.0000 0.0000 -0.0000
vn -1.0000 0.0000 -0.0000
vn -1.0000 0.0000 -0.0000
vn -1.0000 0.0000 -0.0000
vn -0.7087 -0.7055 -0.0000
vn -0.3681 -0.9298 -0.0000
vn -0.3681 -0.9298 -0.0000
vn -0.7087 -0.7055 -0.0000
vn 0.9921 -0.1256 -0.0000
vn 0.9921 -0.1256 -0.0000
vn 0.3682 -0.9297 -0.0000
vn 0.7085 -0.7057 -0.0000
vn 0.7086 -0.7056 -0.0000
vn 0.3682 -0.9297 -0.0000
vn 1.0000 0.0000 0.0000
vn 1.0000 0.0000 0.0000
vn 1.0000 0.0000 0.0000
vn 1.0000 0.0000 0.0000
vn -0.9411 -0.3380 -0.0000
vn -0.9411 -0.3380 -0.0000
vn 0.9412 -0.3380 -0.0000
vn 0.9411 -0.3380 -0.0000
vn 0.0000 -1.0000 -0.0000
vn 0.0000 -1.0000 -0.0000
vn 0.0000 -1.0000 -0.0000
vn 0.0000 -1.0000 -0.0000
vn 1.0000 0.0000 0.0000
vn 1.0000 0.0000 0.0000
vn 0.0000 -1.0000 -0.0000
vn 0.0000 -1.0000 -0.0000
vn 0.0000 -1.0000 -0.0000
vn 0.0000 -1.0000 -0.0000
vn -0.9865 -0.1635 -0.0000
vn -0.9865 -0.1635 -0.0000
vn -1.0000 0.0000 -0.0000
vn -1.0000 0.0000 -0.0000
vn 0.9866 -0.1630 -0.0000
vn 0.9866 -0.1630 -0.0000
vn -0.4021 -0.9156 -0.0000
vn -0.4021 -0.9156 -0.0000
vn 0.0000 1.0000 0.0000
vn 0.0000 1.0000 0.0000
vn 0.0000 1.0000 0.0000
vn 0.0000 1.0000 0.0000
vn 0.4019 -0.9157 -0.0000
vn 0.4019 -0.9157 -0.0000
vn 0.0000 1.0000 0.0000
vn 0.0000 1.0000 0.0000
vn 0.0000 1.0000 0.0000
vn 0.0000 1.0000 0.0000
vn -1.0000 0.0000 -0.0000
vn -1.0000 0.0000 -0.0000
vn 1.0000 0.0000 0.0000
vn 1.0000 0.0000 0.0000
vn -1.0000 -0.0000 0.0001
vn -1.0000 -0.0000 0.0001
vn 1.0000 0.0000 0.0000
vn 1.0000 0.0000 0.0000
vn -1.0000 0.0000 -0.0000
vn -1.0000 0.0000 -0.0002
vn -1.0000 0.0000 -0.0002
vn -1.0000 0.0000 -0.0000
vn -1.0000 0.0000 -0.0002
vn -1.0000 -0.0000 0.0001
vn -1.0000 -0.0000 0.0001
vn -1.0000 0.0000 -0.0003
vn -1.0000 -0.0000 0.0002
vn -1.0000 -0.0000 0.0001
vn -1.0000 -0.0000 0.0001
vn -1.0000 -0.0000 0.0002
vn -1.0000 0.0000 -0.0002
vn -1.0000 -0.0000 0.0001
vn -1.0000 -0.0000 0.0001
vn -1.0000 0.0000 -0.0002
vn -1.0000 -0.0000 0.0003
vn -1.0000 -0.0000 0.0002
vn -1.0000 0.0000 -0.0000
vn -1.0000 0.0000 -0.0000
vn -1.0000 0.0000 -0.0002
vn -1.0000 -0.0000 0.0001
vn -1.0000 0.0000 -0.0001
vn -1.0000 0.0000 -0.0001
vn -1.0000 -0.0000 0.0002
vn -1.0000 0.0000 -0.0001
vn -1.0000 0.0000 -0.0002
vn -1.0000 -0.0000 0.0001
vn -1.0000 -0.0000 0.0003
vn -1.0000 -0.0000 0.0002
vn -1.0000 0.0000 -0.0001
vn -1.0000 0.0000 -0.0001
vn -1.0000 0.0000 -0.0002
vn -1.0000 0.0000 -0.0000
vn -1.0000 -0.0000 0.0002
vn -1.0000 -0.0000 0.0002
vn -1.0000 -0.0000 0.0002
vn -1.0000 -0.0000 0.0002
vn -1.0000 0.0000 -0.0000
vn -1.0000 0.0000 -0.0000
vn -1.0000 -0.0000 0.0002
vn -1.0000 -0.0000 0.0002
vn -1.0000 -0.0000 0.0001
vn -1.0000 -0.0000 0.0001
vn -1.0000 0.0000 -0.0000
vn -1.0000 0.0000 -0.0000
vn -1.0000 0.0000 -0.0001
vn -1.0000 0.0000 -0.0001
vn -1.0000 0.0000 -0.0000
vn -1.0000 0.0000 -0.0000
vn -1.0000 0.0000 -0.0001
vn -1.0000 0.0000 -0.0001
vn -1.0000 0.0000 -0.0000
vn -1.0000 0.0000 -0.0001
vn -1.0000 0.0000 -0.0001
vn -1.0000 0.0000 -0.0001
vn -1.0000 0.0000 -0.0000
vn -1.0000 0.0000 -0.0000
vn -1.0000 0.0000 -0.0000
vn -1.0000 0.0000 -0.0000
vn -1.0000 0.0000 -0.0000
vn -1.0000 0.0000 -0.0000
vn -1.0000 0.0000 -0.0002
vn -1.0000 0.0000 -0.0002
vn -1.0000 0.0000 -0.0001
vn -1.0000 0.0000 -0.0002
vn -1.0000 0.0000 -0.0000
vn -1.0000 0.0000 -0.0000
vn -1.0000 0.0000 -0.0000
vn -1.0000 -0.0000 0.0001
vn -1.0000 0.0000 -0.0000
vn -1.0000 -0.0000 0.0001
vn -1.0000 -0.0000 0.0001
vn -1.0000 0.0000 -0.0000
vn -1.0000 0.0000 -0.0000
vn -1.0000 -0.0000 0.0001
vn -1.0000 -0.0000 0.0001
vn -1.0000 0.0000 -0.0000
vn -1.0000 0.0000 -0.0000
vn -1.0000 0.0000 -0.0000
vn -1.0000 0.0000 -0.0000
vn -1.0000 0.0000 -0.0000
vn -1.0000 0.0000 -0.0003
vn -1.0000 0.0000 -0.0002
vn -1.0000 -0.0000 0.0002
vn -1.0000 -0.0000 0.0002
vn -1.0000 -0.0000 0.0001
vn -1.0000 0.0000 -0.0001
vn -1.0000 0.0000 -0.0001
vn -1.0000 0.0000 -0.0001
vn -1.0000 -0.0000 0.0003
vn -1.0000 -0.0000 0.0003
vn -1.0000 0.0000 -0.0001
vn -1.0000 0.0000 -0.0001
vn -1.0000 0.0000 -0.0001
vn -1.0000 0.0000 -0.0001
vn -1.0000 0.0000 -0.0001
vn -1.0000 0.0000 -0.0001
vn -1.0000 0.0000 -0.0000
vn -1.0000 0.0000 -0.0000
vn -1.0000 0.0000 -0.0001
vn -1.0000 0.0000 -0.0001
vn -1.0000 -0.0000 0.0001
vn -1.0000 -0.0000 0.0001
vn -1.0000 0.0000 -0.0000
vn -1.0000 0.0000 -0.0001
vn -1.0000 0.0000 -0.0000
vn -1.0000 0.0000 -0.0000
vn -1.0000 0.0000 -0.0000
vn -1.0000 0.0000 -0.0000
vn -1.0000 0.0000 -0.0000
vn -1.0000 -0.0000 0.0002
vn -1.0000 0.0000 -0.0000
vn -1.0000 0.0000 -0.0000
vn -1.0000 -0.0000 0.0002
vn -1.0000 -0.0000 0.0001
vn -1.0000 -0.0000 0.0001
vn -1.0000 -0.0000 0.0001
vn -1.0000 0.0000 -0.0002
vn -1.0000 0.0000 -0.0002
vn -1.0000 0.0000 -0.0000
vn -1.0000 0.0000 -0.0000
vn -1.0000 0.0000 -0.0003
vn -1.0000 0.0000 -0.0003
vn -1.0000 0.0000 -0.0001
vn -1.0000 0.0000 -0.0001
vn -1.0000 0.0000 -0.0000
vn -1.0000 0.0000 -0.0000
vn -1.0000 0.0000 -0.0001
vn -1.0000 0.0000 -0.0001
vn -1.0000 -0.0000 0.0001
vn -1.0000 -0.0000 0.0001
vn 1.0000 0.0000 -0.0001
vn 1.0000 0.0000 -0.0002
vn 1.0000 0.0000 -0.0003
vn 1.0000 0.0000 -0.0003
vn 1.0000 0.0000 0.0000
vn 1.0000 0.0000 -0.0001
vn 1.0000 -0.0000 0.0002
vn 1.0000 -0.0000 0.0002
vn 1.0000 -0.0000 0.0001
vn 1.0000 -0.0000 0.0001
vn 1.0000 0.0000 0.0000
vn 1.0000 0.0000 0.0000
vn 1.0000 0.0000 0.0000
vn 1.0000 0.0000 0.0000
vn 1.0000 0.0000 0.0000
vn 1.0000 0.0000 -0.0001
vn 1.0000 0.0000 0.0000
vn 1.0000 0.0000 -0.0001
vn 1.0000 0.0000 0.0000
vn 1.0000 0.0000 0.0000
vn 1.0000 -0.0000 0.0002
vn 1.0000 0.0000 0.0000
vn 1.0000 0.0000 -0.0002
vn 1.0000 0.0000 -0.0003
vn 1.0000 -0.0000 0.0004
vn 1.0000 -0.0000 0.0003
vn 1.0000 0.0000 -0.0002
vn 1.0000 0.0000 -0.0002
vn 1.0000 0.0000 -0.0002
vn 1.0000 0.0000 -0.0002
vn 1.0000 0.0000 0.0000
vn 1.0000 0.0000 0.0000
vn 1.0000 0.0000 -0.0002
vn 1.0000 0.0000 -0.0002
vn 1.0000 -0.0000 0.0003
vn 1.0000 -0.0000 0.0003
vn 1.0000 -0.0000 0.0004
vn 1.0000 0.0000 0.0000
vn 1.0000 0.0000 0.0000
vn 1.0000 -0.0000 0.0003
vn 1.0000 0.0000 0.0000
vn 1.0000 -0.0000 0.0002
vn 1.0000 -0.0000 0.0002
vn 1.0000 0.0000 -0.0001
vn 1.0000 0.0000 0.0000
vn 1.0000 0.0000 -0.0001
vn 1.0000 0.0000 -0.0001
vn 1.0000 0.0000 0.0000
vn 1.0000 -0.0000 0.0002
vn 1.0000 0.0000 -0.0002
vn 1.0000 0.0000 -0.0002
vn 1.0000 -0.0000 0.0002
vn 1.0000 -0.0000 0.0001
vn 1.0000 -0.0000 0.0001
vn 1.0000 0.0000 0.0000
vn 1.0000 0.0000 0.0000
vn 1.0000 0.0000 -0.0002
vn 1.0000 0.0000 -0.0003
vn 1.0000 -0.0000 0.0002
vn 1.0000 -0.0000 0.0002
vn 1.0000 0.0000 -0.0004
vn 1.0000 0.0000 0.0000
vn 1.0000 0.0000 0.0000
vn 1.0000 0.0000 -0.0003
vn 1.0000 0.0000 -0.0002
vn 1.0000 0.0000 -0.0001
vn 1.0000 -0.0000 0.0002
vn 1.0000 -0.0000 0.0002
vn 1.0000 0.0000 -0.0003
vn 1.0000 0.0000 -0.0003
vn 1.0000 -0.0000 0.0001
vn 1.0000 -0.0000 0.0002
vn 1.0000 0.0000 0.0000
vn 1.0000 0.0000 0.0000
vn 1.0000 0.0000 0.0000
vn 1.0000 0.0000 0.0000
vn 1.0000 0.0000 0.0000
vn 1.0000 0.0000 0.0000
vn 1.0000 0.0000 -0.0004
vn 1.0000 0.0000 -0.0005
vn 1.0000 -0.0000 0.0002
vn 1.0000 -0.0000 0.0002
vn 1.0000 0.0000 -0.0004
vn 1.0000 0.0000 -0.0002
vn 1.0000 0.0000 0.0000
vn 1.0000 0.0000 0.0000
vn 1.0000 -0.0000 0.0002
vn 1.0000 -0.0000 0.0002
vn 1.0000 0.0000 0.0000
vn 1.0000 0.0000 0.0000
vn 1.0000 -0.0000 0.0003
vn 1.0000 -0.0000 0.0003
vn 1.0000 0.0000 0.0000
vn 1.0000 0.0000 0.0000
vn 1.0000 0.0000 -0.0001
vn 1.0000 0.0000 -0.0001
vn 1.0000 -0.0000 0.0001
vn 1.0000 -0.0000 0.0001
vn 1.0000 0.0000 0.0000
vn 1.0000 -0.0000 0.0001
vn 1.0000 -0.0000 0.0001
vn 1.0000 -0.0000 0.0001
vn 1.0000 0.0000 -0.0001
vn 1.0000 -0.0000 0.0002
vn 1.0000 -0.0000 0.0001
vn 1.0000 0.0000 -0.0002
vn 1.0000 0.0000 0.0000
vn 1.0000 0.0000 -0.0001
vn 1.0000 0.0000 -0.0001
vn 1.0000 0.0000 0.0000
vn 1.0000 0.0000 -0.0002
vn 1.0000 0.0000 0.0000
vn 1.0000 -0.0000 0.0001
vn 1.0000 -0.0000 0.0001
vn 1.0000 0.0000 -0.0001
vn 1.0000 0.0000 -0.0002
vn 1.0000 0.0000 0.0000
vn 1.0000 0.0000 0.0000
vn 1.0000 -0.0000 0.0002
vn 1.0000 -0.0000 0.0002
vn 1.0000 0.0000 0.0000
vn 1.0000 0.0000 0.0000
vn 1.0000 -0.0000 0.0003
vn 1.0000 -0.0000 0.0003
vn 1.0000 -0.0000 0.0001
vn 1.0000 -0.0000 0.0001
vn 1.0000 0.0000 -0.0002
vn 1.0000 0.0000 -0.0002
vn 1.0000 0.0000 -0.0001
vn 1.0000 0.0000 -0.0001
vn 1.0000 0.0000 0.0000
vn 1.0000 0.0000 0.0000
vn 0.0000 1.0000 0.0000
vn 0.0000 1.0000 0.0000
vn 0.0000 1.0000 0.0000
vn 0.0000 1.0000 0.0000
vn 0.0000 1.0000 0.0000
vn 0.0000 1.0000 0.0000
vn 0.0000 1.0000 0.0000
vn 0.0000 1.0000 0.0000
vn 0.0000 1.0000 0.0000
vn 0.0000 1.0000 0.0000
vn 0.0000 1.0000 0.0000
vn 0.0000 1.0000 0.0000
vn 0.0000 1.0000 0.0000
vn 0.0000 1.0000 0.0000
vn 0.0000 1.0000 0.0000
vn 0.0000 1.0000 0.0000
vn 0.0000 1.0000 0.0000
vn 0.0000 1.0000 0.0000
vn 0.0000 1.0000 0.0000
vn 0.0000 1.0000 0.0000
vn 0.0000 1.0000 0.0000
vn 0.0000 1.0000 0.0000
vn 0.0000 1.0000 0.0000
vn 0.0000 1.0000 0.0000
vn 0.0000 1.0000 0.0000
vn 0.0000 1.0000 0.0000
vn 0.0000 1.0000 0.0000
vn 0.0000 1.0000 0.0000
vn 0.0000 1.0000 0.0000
vn 0.0000 1.0000 0.0000
vn 0.0000 1.0000 0.0000
vn 0.0000 1.0000 0.0000
vn 0.0000 1.0000 0.0000
vn 0.0000 1.0000 0.0000
vn 0.0000 1.0000 0.0000
vn 0.0000 1.0000 0.0000
vn 0.0000 1.0000 0.0000
vn 0.0000 1.0000 0.0000
vn 0.0000 1.0000 0.0000
vn 0.0000 1.0000 0.0000
vn 0.0000 1.0000 0.0000
vn 0.0000 1.0000 0.0000
vn 0.0000 1.0000 0.0000
vn 0.0000 1.0000 0.0000
vn 0.0000 1.0000 0.0000
vn 0.0000 1.0000 0.0000
vn 0.0000 1.0000 0.0000
vn 0.0000 1.0000 0.0000
vn 0.0000 1.0000 0.0000
vn 0.0000 1.0000 0.0000
vn 0.0000 1.0000 0.0000
vn 0.0000 1.0000 0.0000
vn 0.0000 1.0000 0.0000
vn 0.0000 1.0000 0.0000
vn 0.0000 1.0000 0.0000
vn 0.0000 1.0000 0.0000
vn 0.0000 1.0000 0.0000
vn 0.0000 1.0000 0.0000
vn 0.0000 1.0000 0.0000
vn 0.0000 1.0000 0.0000
vn 0.0000 1.0000 0.0000
vn 0.0000 1.0000 0.0000
vn 0.0000 1.0000 0.0000
vn 0.0000 1.0000 0.0000
vn 0.0000 1.0000 0.0000
vn 0.0000 1.0000 0.0000
vn 0.0000 1.0000 0.0000
vn 0.0000 1.0000 0.0000
vn 0.0000 1.0000 0.0000
vn 0.0000 1.0000 0.0000
vn 0.0000 1.0000 0.0000
vn 0.0000 1.0000 0.0000
vn 0.0000 1.0000 0.0000
vn 0.0000 1.0000 0.0000
vn 0.0000 1.0000 0.0000
vn 0.0000 1.0000 0.0000
vn 0.0000 1.0000 0.0000
vn 0.0000 1.0000 0.0000
vn 0.0000 1.0000 0.0000
vn 0.0000 1.0000 0.0000
vn 0.0000 1.0000 0.0000
vn 0.0000 1.0000 0.0000
vn 0.0000 1.0000 0.0000
vn 0.0000 1.0000 0.0000
vn 0.0000 1.0000 0.0000
vn 0.0000 1.0000 0.0000
vn 0.0000 1.0000 0.0000
vn 0.0000 1.0000 0.0000
vn 0.0000 1.0000 0.0000
vn 0.0000 1.0000 0.0000
vn 0.0000 1.0000 0.0000
vn 0.0000 1.0000 0.0000
vn 0.0000 1.0000 0.0000
vn 0.0000 1.0000 0.0000
vn 0.0000 1.0000 0.0000
vn 0.0000 1.0000 0.0000
vn 0.0000 1.0000 0.0000
vn 0.0000 1.0000 0.0000
vn 0.0000 1.0000 0.0000
vn 0.0000 1.0000 0.0000
vn 0.0000 1.0000 0.0000
vn 0.0000 1.0000 0.0000
vn 0.0000 1.0000 0.0000
vn 0.0000 1.0000 0.0000
vn 0.0000 1.0000 0.0000
vn 0.0000 1.0000 0.0000
vn 0.0000 1.0000 0.0000
vn 0.0000 1.0000 0.0000
vn 0.0000 1.0000 0.0000
vn 0.0000 1.0000 0.0000
vn 0.0000 1.0000 0.0000
vn 0.0000 1.0000 0.0000
vn 0.0000 1.0000 0.0000
vn 0.0000 1.0000 0.0000
vn 0.0000 1.0000 0.0000
vn 0.0000 1.0000 0.0000
vn 0.0000 0.0000 -1.0000
vn 0.0000 0.0000 -1.0000
vn 0.0000 0.0000 -1.0000
vn 0.0000 0.0000 -1.0000
vn 0.0000 0.0000 -1.0000
vn 0.0000 0.0000 -1.0000
vn 0.0000 0.0000 -1.0000
vn 0.0000 0.0000 -1.0000
vn -0.0000 -0.0000 1.0000
vn -0.0000 -0.0000 1.0000
vn -0.0000 -0.0000 1.0000
vn -0.0000 -0.0000 1.0000
vn 0.0000 -1.0000 -0.0000
vn 0.0000 -0.9997 -0.0237
vn 0.0000 -0.9997 -0.0237
vn 0.0000 -1.0000 -0.0000
vn 0.0000 1.0000 0.0000
vn 0.0000 1.0000 0.0000
vn -0.0000 -0.0000 1.0000
vn -0.0000 -0.0000 1.0000
vn -0.0000 -0.0000 1.0000
vn -0.0000 -0.0000 1.0000
vn 0.0000 -0.9968 -0.0798
vn 0.0000 -0.9968 -0.0798
vn 0.0000 -0.9919 -0.1269
vn 0.0000 -0.9919 -0.1269
vn 0.0000 -0.9885 -0.1509
vn 0.0000 -0.9885 -0.1509
vn 0.0000 -0.9879 -0.1552
vn 0.0000 -0.9879 -0.1552
vn 0.0000 -1.0000 -0.0000
vn 0.0000 -0.9735 -0.2286
vn 0.0000 -0.9735 -0.2286
vn 0.0000 -1.0000 -0.0000
vn 0.0000 -0.9954 -0.0959
vn 0.0000 -0.9954 -0.0959
vn 0.0000 -0.9999 -0.0132
vn 0.0000 -0.9999 -0.0132
vn -0.0000 -0.9662 0.2579
vn -0.0000 -0.9897 0.1432
vn -0.0000 -0.9897 0.1432
vn -0.0000 -0.9662 0.2579
vn -0.0000 -0.9997 0.0237
vn -0.0000 -0.9997 0.0237
vn 0.0000 -0.9897 -0.1432
vn 0.0000 -0.9662 -0.2579
vn 0.0000 -0.9662 -0.2579
vn 0.0000 -0.9897 -0.1433
vn -0.0000 -0.9967 0.0812
vn -0.0000 -0.9967 0.0812
vn -0.0000 -0.9735 0.2285
vn -0.0000 -0.9735 0.2285
vn -0.0000 -0.9968 0.0798
vn -0.0000 -0.9968 0.0798
vn -0.0000 -1.0000 0.0066
vn -0.0000 -1.0000 0.0066
vn -0.0000 -0.9829 0.1840
vn -0.0000 -0.9829 0.1840
vn 0.0000 -1.0000 -0.0066
vn 0.0000 -1.0000 -0.0066
vn -0.0000 -0.9919 0.1269
vn -0.0000 -0.9919 0.1269
vn 0.0000 -1.0000 -0.0000
vn 0.0000 -1.0000 -0.0000
vn 0.0000 -1.0000 -0.0000
vn 0.0000 -1.0000 -0.0000
vn -0.0000 -0.9628 0.2702
vn -0.0000 -0.9628 0.2702
vn 0.0000 -1.0000 -0.0000
vn 0.0000 -1.0000 -0.0000
vn 0.0000 -1.0000 -0.0000
vn 0.0000 -1.0000 -0.0000
vn -0.0000 -0.9885 0.1509
vn -0.0000 -0.9885 0.1509
vn 0.0000 -0.9651 -0.2618
vn 0.0000 -0.9651 -0.2618
vn -0.0000 -0.9282 0.3721
vn -0.0000 -0.9282 0.3721
vn -0.0000 -0.9651 0.2618
vn -0.0000 -0.9651 0.2618
vn -0.0000 -0.9879 0.1553
vn -0.0000 -0.9879 0.1553
vn 0.0000 -0.9886 -0.1506
vn 0.0000 -0.9886 -0.1506
vn -0.0000 -0.8496 0.5274
vn -0.0000 -0.8496 0.5274
vn -0.0000 -0.9886 0.1506
vn -0.0000 -0.9886 0.1506
vn -0.0000 -0.9954 0.0959
vn -0.0000 -0.9954 0.0959
vn -0.0000 -0.9992 0.0403
vn -0.0000 -0.9992 0.0403
vn -0.0000 -0.7096 0.7046
vn -0.0000 -0.7097 0.7045
vn 0.0000 -0.9992 -0.0403
vn 0.0000 -0.9992 -0.0404
vn -0.0000 -0.9999 0.0132
vn -0.0000 -0.9999 0.0132
vn -0.0000 -0.9671 0.2544
vn -0.0000 -0.9671 0.2544
vn -0.0000 -0.6284 0.7779
vn -0.0000 -0.6284 0.7779
vn 0.0000 -0.9671 -0.2544
vn 0.0000 -0.9671 -0.2544
vn 0.0000 -0.9967 -0.0812
vn 0.0000 -0.9967 -0.0812
vn -0.0000 -0.8778 0.4791
vn -0.0000 -0.8778 0.4791
vn 0.0000 -1.0000 -0.0000
vn 0.0000 -1.0000 -0.0000
vn 0.0000 -1.0000 -0.0000
vn 0.0000 -1.0000 -0.0000
vn 0.0000 -0.8778 -0.4791
vn 0.0000 -0.8778 -0.4791
vn 0.0000 -0.9829 -0.1840
vn 0.0000 -0.9829 -0.1840
vn -0.0000 -0.8085 0.5884
vn -0.0000 -0.8085 0.5884
vn 0.0000 1.0000 0.0000
vn 0.0000 1.0000 0.0000
vn 0.0000 1.0000 0.0000
vn 0.0000 1.0000 0.0000
vn 0.0000 -0.8085 -0.5884
vn 0.0000 -0.8085 -0.5884
vn 0.0000 -0.9628 -0.2702
vn 0.0000 -0.9628 -0.2702
vn 0.0000 -0.8699 -0.4933
vn 0.0000 -0.8699 -0.4933
vn -0.0000 -0.8699 0.4933
vn -0.0000 -0.8699 0.4933
vn 0.0000 -0.9282 -0.3720
vn 0.0000 -0.9282 -0.3720
vn -0.0000 -0.9884 0.1519
vn -0.0000 -0.9884 0.1519
vn 0.0000 1.0000 0.0000
vn 0.0000 1.0000 0.0000
vn 0.0000 -0.9884 -0.1520
vn 0.0000 -0.9884 -0.1520
vn 0.0000 -0.8496 -0.5275
vn 0.0000 -0.8496 -0.5275
vn -0.0000 -0.9443 0.3291
vn -0.0000 -0.9443 0.3291
vn 0.0000 1.0000 0.0000
vn 0.0000 1.0000 0.0000
vn 0.0000 -0.9443 -0.3291
vn 0.0000 -0.9443 -0.3291
vn 0.0000 -0.7096 -0.7046
vn 0.0000 -0.7096 -0.7046
vn 0.0000 -0.7169 -0.6972
vn 0.0000 -0.7169 -0.6972
vn 0.0000 1.0000 0.0000
vn 0.0000 1.0000 0.0000
vn -0.0000 -0.7169 0.6972
vn -0.0000 -0.7169 0.6972
vn 0.0000 -0.6285 -0.7778
vn 0.0000 -0.6285 -0.7778
vn -0.0000 -0.7819 0.6234
vn -0.0000 -0.8502 0.5264
vn -0.0000 -0.8502 0.5264
vn -0.0000 -0.7819 0.6234
vn 0.0000 1.0000 0.0000
vn 0.0000 1.0000 0.0000
vn 0.0000 -0.8502 -0.5264
vn 0.0000 -0.7818 -0.6235
vn 0.0000 -0.7818 -0.6235
vn 0.0000 -0.8502 -0.5264
vn 0.0000 -1.0000 -0.0000
vn 0.0000 -1.0000 -0.0000
vn 0.0000 -1.0000 -0.0000
vn 0.0000 -1.0000 -0.0000
vn 0.0000 -0.6352 -0.7724
vn 0.0000 -0.6352 -0.7724
vn 0.0000 1.0000 0.0000
vn 0.0000 1.0000 0.0000
vn -0.0000 -0.6353 0.7723
vn -0.0000 -0.6353 0.7723
vn -0.0000 -0.0000 1.0000
vn -0.0000 -0.0000 1.0000
vn -0.0000 -0.0000 1.0000
vn -0.0000 -0.0000 1.0000
vn -1.0000 0.0000 -0.0000
vn -1.0000 0.0000 -0.0000
vn -1.0000 0.0000 -0.0000
vn -1.0000 0.0000 -0.0000
vn 0.0000 0.0000 -1.0000
vn 0.0000 0.0000 -1.0000
vn 0.0000 0.0000 -1.0000
vn 0.0000 0.0000 -1.0000
vn 1.0000 0.0000 0.0000
vn 1.0000 0.0000 0.0000
vn 1.0000 0.0000 0.0000
vn 1.0000 0.0000 0.0000
vn 0.0000 -1.0000 -0.0000
vn 0.0000 -1.0000 -0.0000
vn 0.0000 -1.0000 -0.0000
vn 0.0000 -1.0000 -0.0000
vn 0.0000 1.0000 0.0000
vn 0.0000 1.0000 0.0000
vn 0.0000 1.0000 0.0000
vn 0.0000 1.0000 0.0000
vn -0.0000 -0.0000 1.0000
vn -0.0000 -0.0000 1.0000
vn -0.0000 -0.0000 1.0000
vn -0.0000 -0.0000 1.0000
vn -1.0000 0.0000 -0.0000
vn -1.0000 0.0000 -0.0000
vn -1.0000 0.0000 -0.0000
vn -1.0000 0.0000 -0.0000
vn 0.0000 0.0000 -1.0000
vn 0.0000 0.0000 -1.0000
vn 0.0000 0.0000 -1.0000
vn 0.0000 0.0000 -1.0000
vn 1.0000 0.0000 0.0000
vn 1.0000 0.0000 0.0000
vn 1.0000 0.0000 0.0000
vn 1.0000 0.0000 0.0000
vn 0.0000 -1.0000 -0.0000
vn 0.0000 -1.0000 -0.0000
vn 0.0000 -1.0000 -0.0000
vn 0.0000 -1.0000 -0.0000
vn 0.0000 1.0000 0.0000
vn 0.0000 1.0000 0.0000
vn 0.0000 1.0000 0.0000
vn 0.0000 1.0000 0.0000
vn -0.0000 -0.0000 1.0000
vn -0.0000 -0.0000 1.0000
vn -0.0000 -0.0000 1.0000
vn -0.0000 -0.0000 1.0000
vn -1.0000 0.0000 -0.0000
vn -1.0000 0.0000 -0.0000
vn -1.0000 0.0000 -0.0000
vn -1.0000 0.0000 -0.0000
vn 0.0000 0.0000 -1.0000
vn 0.0000 0.0000 -1.0000
vn 0.0000 0.0000 -1.0000
vn 0.0000 0.0000 -1.0000
vn 1.0000 0.0000 0.0000
vn 1.0000 0.0000 0.0000
vn 1.0000 0.0000 0.0000
vn 1.0000 0.0000 0.0000
vn 0.0000 -1.0000 -0.0000
vn 0.0000 -1.0000 -0.0000
vn 0.0000 -1.0000 -0.0000
vn 0.0000 -1.0000 -0.0000
vn 0.0000 1.0000 0.0000
vn 0.0000 1.0000 0.0000
vn 0.0000 1.0000 0.0000
vn 0.0000 1.0000 0.0000
vn -0.0000 -0.0000 1.0000
vn -0.0000 -0.0000 1.0000
vn -0.0000 -0.0000 1.0000
vn -0.0000 -0.0000 1.0000
vn -1.0000 0.0000 -0.0000
vn -1.0000 0.0000 -0.0000
vn -1.0000 0.0000 -0.0000
vn -1.0000 0.0000 -0.0000
vn 0.0000 0.0000 -1.0000
vn 0.0000 0.0000 -1.0000
vn 0.0000 0.0000 -1.0000
vn 0.0000 0.0000 -1.0000
vn 1.0000 0.0000 0.0000
vn 1.0000 0.0000 0.0000
vn 1.0000 0.0000 0.0000
vn 1.0000 0.0000 0.0000
vn 0.0000 -1.0000 -0.0000
vn 0.0000 -1.0000 -0.0000
vn 0.0000 -1.0000 -0.0000
vn 0.0000 -1.0000 -0.0000
vn 0.0000 1.0000 0.0000
vn 0.0000 1.0000 0.0000
vn 0.0000 1.0000 0.0000
vn 0.0000 1.0000 0.0000
vn 0.0000 1.0000 0.0000
vn 0.0000 1.0000 0.0000
vn 0.0000 1.0000 0.0000
vn 0.0000 1.0000 0.0000
vn 0.0000 1.0000 0.0000
vn 0.0000 1.0000 0.0000
vn 0.0000 1.0000 0.0000
vn 0.0000 1.0000 0.0000
vn 0.0000 1.0000 0.0000
vn 0.0000 1.0000 0.0000
vn 0.0000 0.8996 0.4367
vn 0.0000 0.8996 0.4367
vn 0.0000 0.8996 0.4367
vn 0.0000 0.8996 0.4367
vn -0.4367 0.8996 0.0000
vn -0.4367 0.8996 0.0000
vn -0.4367 0.8996 0.0000
vn -0.4367 0.8996 0.0000
vn 0.0000 0.8997 -0.4366
vn 0.0000 0.8997 -0.4366
vn 0.0000 0.8997 -0.4366
vn 0.0000 0.8997 -0.4366
vn 0.4367 0.8996 0.0000
vn 0.4367 0.8996 0.0000
vn 0.4367 0.8996 0.0000
vn 0.4367 0.8996 0.0000
vn 0.0001 -0.0000 1.0000
vn 0.0001 -0.0000 1.0000
vn 0.0001 -0.0000 1.0000
vn 0.0001 -0.0000 1.0000
vn 0.0000 -1.0000 -0.0000
vn 0.0000 -1.0000 -0.0000
vn 0.0000 -1.0000 -0.0000
vn 0.0000 -1.0000 -0.0000
vn 0.0001 0.0000 -1.0000
vn 0.0001 0.0000 -1.0000
vn 0.0001 0.0000 -1.0000
vn 0.0001 0.0000 -1.0000
vn 0.0000 1.0000 0.0000
vn 0.0000 1.0000 0.0000
vn 0.0000 1.0000 0.0000
vn 0.0000 1.0000 0.0000
vn 1.0000 0.0000 0.0000
vn 1.0000 0.0000 0.0000
vn 1.0000 0.0000 0.0000
vn 1.0000 0.0000 0.0000
vn -1.0000 0.0000 -0.0000
vn -1.0000 0.0000 -0.0000
vn -1.0000 0.0000 -0.0000
vn -1.0000 0.0000 -0.0000
vn -0.0000 -0.0000 1.0000
vn -0.0000 -0.0000 1.0000
vn -0.0000 -0.0000 1.0000
vn -0.0000 -0.0000 1.0000
vn 0.0000 -1.0000 -0.0000
vn 0.0000 -1.0000 -0.0000
vn 0.0000 -1.0000 -0.0000
vn 0.0000 -1.0000 -0.0000
vn 0.0000 0.0000 -1.0000
vn 0.0000 0.0000 -1.0000
vn 0.0000 0.0000 -1.0000
vn 0.0000 0.0000 -1.0000
vn 0.0000 1.0000 0.0000
vn 0.0000 1.0000 0.0000
vn 0.0000 1.0000 0.0000
vn 0.0000 1.0000 0.0000
vn 1.0000 0.0000 0.0000
vn 1.0000 0.0000 0.0000
vn 1.0000 0.0000 0.0000
vn 1.0000 0.0000 0.0000
vn -1.0000 0.0000 -0.0000
vn -1.0000 0.0000 -0.0000
vn -1.0000 0.0000 -0.0000
vn -1.0000 0.0000 -0.0000
vn -0.0000 -0.0000 1.0000
vn -0.0000 -0.0000 1.0000
vn -0.0000 -0.0000 1.0000
vn -0.0000 -0.0000 1.0000
vn 0.0000 0.0000 -1.0000
vn 0.0000 0.0000 -1.0000
vn 0.0000 0.0000 -1.0000
vn 0.0000 0.0000 -1.0000
vn 0.0000 1.0000 0.0000
vn 0.0000 1.0000 0.0000
vn 0.0000 1.0000 0.0000
vn 0.0000 1.0000 0.0000
vn 0.0000 -1.0000 -0.0000
vn 0.0000 -1.0000 -0.0000
vn 0.0000 -1.0000 -0.0000
vn 0.0000 -1.0000 -0.0000
vn -1.0000 0.0000 -0.0000
vn -1.0000 0.0000 -0.0000
vn -1.0000 0.0000 -0.0000
vn -1.0000 0.0000 -0.0000
vn 1.0000 0.0000 0.0000
vn 1.0000 0.0000 0.0000
vn 1.0000 0.0000 0.0000
vn 1.0000 0.0000 0.0000
vn -0.0000 -0.0000 1.0000
vn -0.0000 -0.0000 1.0000
vn -0.0000 -0.0000 1.0000
vn -0.0000 -0.0000 1.0000
vn 0.0000 0.0000 -1.0000
vn 0.0000 0.0000 -1.0000
vn 0.0000 0.0000 -1.0000
vn 0.0000 0.0000 -1.0000
vn 0.0000 1.0000 0.0000
vn 0.0000 1.0000 0.0000
vn 0.0000 1.0000 0.0000
vn 0.0000 1.0000 0.0000
vn 0.0000 -1.0000 -0.0000
vn 0.0000 -1.0000 -0.0000
vn 0.0000 -1.0000 -0.0000
vn 0.0000 -1.0000 -0.0000
vn 1.0000 0.0000 -0.0001
vn 1.0000 0.0000 -0.0001
vn 1.0000 0.0000 -0.0001
vn 1.0000 0.0000 -0.0001
vn -1.0000 0.0000 -0.0000
vn -1.0000 0.0000 -0.0000
vn -1.0000 0.0000 -0.0000
vn -1.0000 0.0000 -0.0000
vn 0.9620 -0.0104 0.2729
vn 0.9620 -0.0104 0.2729
vn 0.9620 -0.0104 0.2729
vn 0.9620 -0.0104 0.2729
vn -0.9620 0.0104 -0.2729
vn -0.9620 0.0104 -0.2729
vn -0.9620 0.0104 -0.2729
vn -0.9620 0.0104 -0.2729
vn -0.2274 -0.5840 0.7792
vn -0.2660 -0.2625 0.9275
vn -0.2660 -0.2625 0.9275
vn -0.2274 -0.5840 0.7792
vn 0.2277 -0.5214 -0.8224
vn 0.1604 -0.7873 -0.5953
vn 0.1604 -0.7873 -0.5953
vn 0.2277 -0.5214 -0.8224
vn -0.2728 0.0156 0.9619
vn -0.2728 0.0156 0.9619
vn -0.2688 0.1409 0.9528
vn -0.2688 0.1409 0.9528
vn -0.2688 0.1409 0.9528
vn -0.2688 0.1409 0.9528
vn -0.2246 -0.5987 0.7689
vn -0.1439 -0.8685 0.4743
vn -0.1439 -0.8685 0.4743
vn -0.2246 -0.5986 0.7689
vn 0.2606 -0.2641 -0.9286
vn 0.2606 -0.2641 -0.9286
vn 0.0541 -0.9723 -0.2274
vn 0.1564 -0.7984 -0.5815
vn 0.1564 -0.7984 -0.5815
vn 0.0541 -0.9723 -0.2274
vn 0.2688 -0.1409 -0.9528
vn 0.2688 -0.1409 -0.9528
vn 0.2688 -0.1409 -0.9528
vn 0.2688 -0.1409 -0.9528
vn -0.2693 -0.2020 0.9416
vn -0.2693 -0.2020 0.9416
vn 0.2366 -0.4673 -0.8518
vn 0.2366 -0.4673 -0.8518
vn -0.0483 -0.9900 0.1328
vn -0.0483 -0.9900 0.1328
vn -0.0483 -0.9900 0.1328
vn -0.0483 -0.9900 0.1328
vn 0.2688 -0.1409 -0.9528
vn 0.2688 -0.1409 -0.9528
vn -0.0483 -0.9900 0.1328
vn -0.0483 -0.9900 0.1328
vn -0.0483 -0.9900 0.1328
vn -0.0483 -0.9900 0.1328
vn -0.2731 -0.0225 0.9617
vn -0.2731 -0.0225 0.9617
vn -0.2688 0.1409 0.9528
vn -0.2688 0.1409 0.9528
vn 0.2573 -0.3007 -0.9184
vn 0.2573 -0.3007 -0.9184
vn -0.1523 -0.8499 0.5045
vn -0.1523 -0.8499 0.5045
vn 0.0483 0.9900 -0.1328
vn 0.0483 0.9900 -0.1328
vn 0.0483 0.9900 -0.1328
vn 0.0483 0.9900 -0.1328
vn 0.0638 -0.9631 -0.2613
vn 0.0638 -0.9631 -0.2614
vn 0.0483 0.9900 -0.1328
vn 0.0483 0.9900 -0.1328
vn 0.0483 0.9900 -0.1328
vn 0.0483 0.9900 -0.1328
vn 0.9620 -0.0104 0.2729
vn 0.9620 -0.0104 0.2729
vn 0.9620 -0.0104 0.2729
vn 0.9620 -0.0104 0.2729
vn -0.9620 0.0104 -0.2729
vn -0.9620 0.0104 -0.2729
vn -0.9620 0.0104 -0.2729
vn -0.9620 0.0104 -0.2729
vn -0.2274 -0.5840 0.7792
vn -0.2660 -0.2626 0.9275
vn -0.2660 -0.2626 0.9275
vn -0.2274 -0.5840 0.7792
vn 0.2277 -0.5214 -0.8224
vn 0.1604 -0.7873 -0.5953
vn 0.1604 -0.7873 -0.5953
vn 0.2277 -0.5214 -0.8224
vn -0.2728 0.0156 0.9619
vn -0.2728 0.0156 0.9619
vn -0.2688 0.1409 0.9528
vn -0.2688 0.1409 0.9528
vn -0.2688 0.1409 0.9528
vn -0.2688 0.1409 0.9528
vn -0.2246 -0.5986 0.7689
vn -0.1439 -0.8685 0.4743
vn -0.1439 -0.8685 0.4743
vn -0.2246 -0.5987 0.7689
vn 0.2606 -0.2641 -0.9286
vn 0.2606 -0.2641 -0.9286
vn 0.0541 -0.9723 -0.2274
vn 0.1564 -0.7984 -0.5815
vn 0.1564 -0.7984 -0.5815
vn 0.0541 -0.9723 -0.2274
vn 0.2688 -0.1409 -0.9528
vn 0.2688 -0.1409 -0.9528
vn 0.2688 -0.1409 -0.9528
vn 0.2688 -0.1409 -0.9528
vn -0.2693 -0.2020 0.9416
vn -0.2693 -0.2020 0.9416
vn 0.2367 -0.4673 -0.8518
vn 0.2367 -0.4673 -0.8518
vn -0.0483 -0.9900 0.1328
vn -0.0483 -0.9900 0.1328
vn -0.0483 -0.9900 0.1328
vn -0.0483 -0.9900 0.1328
vn 0.2688 -0.1409 -0.9528
vn 0.2688 -0.1409 -0.9528
vn -0.0483 -0.9900 0.1328
vn -0.0483 -0.9900 0.1328
vn -0.0483 -0.9900 0.1328
vn -0.0483 -0.9900 0.1328
vn -0.2731 -0.0225 0.9617
vn -0.2731 -0.0225 0.9617
vn -0.2688 0.1409 0.9528
vn -0.2688 0.1409 0.9528
vn 0.2573 -0.3006 -0.9184
vn 0.2573 -0.3006 -0.9184
vn -0.1523 -0.8498 0.5046
vn -0.1523 -0.8498 0.5046
vn 0.0483 0.9900 -0.1328
vn 0.0483 0.9900 -0.1328
vn 0.0483 0.9900 -0.1328
vn 0.0483 0.9900 -0.1328
vn 0.0638 -0.9631 -0.2614
vn 0.0638 -0.9631 -0.2614
vn 0.0483 0.9900 -0.1328
vn 0.0483 0.9900 -0.1328
vn 0.0483 0.9900 -0.1328
vn 0.0483 0.9900 -0.1328
vn -0.2688 0.1409 0.9528
vn -0.2688 0.1409 0.9528
vn 0.2688 -0.1409 -0.9528
vn 0.2688 -0.1409 -0.9528
vn -0.2688 0.1409 0.9528
vn -0.2688 0.1409 0.9528
vn 0.2688 -0.1409 -0.9528
vn 0.2688 -0.1409 -0.9528
vn -0.2688 0.1409 0.9528
vn -0.2688 0.1409 0.9528
vn -0.2688 0.1409 0.9528
vn -0.2688 0.1409 0.9528
vn -0.2688 0.1409 0.9528
vn -0.2688 0.1409 0.9528
vn -0.2688 0.1409 0.9528
vn -0.2688 0.1409 0.9528
vn -0.2688 0.1409 0.9528
vn -0.2688 0.1409 0.9528
vn -0.2688 0.1409 0.9528
vn -0.2688 0.1409 0.9528
vn -0.2688 0.1409 0.9528
vn -0.2688 0.1409 0.9528
vn -0.2688 0.1409 0.9528
vn -0.2688 0.1409 0.9528
vn -0.2688 0.1409 0.9528
vn -0.2689 0.1409 0.9528
vn -0.2688 0.1409 0.9528
vn -0.2688 0.1409 0.9528
vn -0.2688 0.1409 0.9528
vn -0.2688 0.1409 0.9528
vn -0.2688 0.1409 0.9528
vn -0.2688 0.1409 0.9528
vn -0.2688 0.1409 0.9528
vn -0.2689 0.1409 0.9528
vn -0.2688 0.1409 0.9528
vn -0.2688 0.1409 0.9528
vn -0.2688 0.1409 0.9528
vn -0.2688 0.1409 0.9528
vn -0.2688 0.1409 0.9528
vn -0.2688 0.1409 0.9528
vn -0.2688 0.1409 0.9528
vn -0.2688 0.1409 0.9528
vn -0.2689 0.1409 0.9528
vn -0.2689 0.1409 0.9528
vn -0.2688 0.1409 0.9528
vn -0.2688 0.1409 0.9528
vn -0.2688 0.1409 0.9528
vn -0.2688 0.1409 0.9528
vn -0.2688 0.1409 0.9528
vn -0.2688 0.1409 0.9528
vn -0.2688 0.1409 0.9528
vn -0.2688 0.1409 0.9528
vn -0.2688 0.1409 0.9528
vn -0.2688 0.1409 0.9528
vn -0.2688 0.1409 0.9528
vn -0.2688 0.1409 0.9528
vn -0.2688 0.1409 0.9528
vn -0.2688 0.1409 0.9528
vn -0.2688 0.1409 0.9528
vn -0.2688 0.1409 0.9528
vn -0.2688 0.1409 0.9528
vn -0.2688 0.1409 0.9528
vn -0.2688 0.1409 0.9528
vn -0.2688 0.1409 0.9528
vn -0.2688 0.1409 0.9528
vn -0.2689 0.1409 0.9528
vn -0.2688 0.1409 0.9528
vn -0.2688 0.1409 0.9528
vn -0.2688 0.1409 0.9528
vn -0.2688 0.1409 0.9528
vn -0.2688 0.1409 0.9528
vn -0.2688 0.1409 0.9528
vn -0.2688 0.1409 0.9528
vn -0.2688 0.1409 0.9528
vn -0.2688 0.1409 0.9528
vn -0.2688 0.1409 0.9528
vn -0.2688 0.1409 0.9528
vn -0.2688 0.1409 0.9528
vn -0.2688 0.1409 0.9528
vn -0.2688 0.1409 0.9528
vn -0.2688 0.1409 0.9528
vn -0.2688 0.1409 0.9528
vn -0.2688 0.1409 0.9528
vn -0.2688 0.1409 0.9528
vn -0.2688 0.1409 0.9528
vn -0.2688 0.1409 0.9528
vn -0.2688 0.1409 0.9528
vn -0.2688 0.1409 0.9528
vn -0.2688 0.1409 0.9528
vn -0.2688 0.1409 0.9528
vn -0.2689 0.1409 0.9528
vn -0.2689 0.1409 0.9528
vn -0.2688 0.1409 0.9528
vn -0.2688 0.1409 0.9528
vn -0.2688 0.1409 0.9528
vn -0.2689 0.1409 0.9528
vn -0.2689 0.1409 0.9528
vn -0.2689 0.1409 0.9528
vn -0.2688 0.1409 0.9528
vn -0.2688 0.1409 0.9528
vn -0.2688 0.1409 0.9528
vn -0.2688 0.1409 0.9528
vn -0.2688 0.1409 0.9528
vn -0.2688 0.1409 0.9528
vn -0.2688 0.1409 0.9528
vn -0.2688 0.1409 0.9528
vn -0.2688 0.1409 0.9528
vn -0.2688 0.1409 0.9528
vn -0.2688 0.1409 0.9528
vn -0.2688 0.1409 0.9528
vn -0.2688 0.1409 0.9528
vn -0.2688 0.1409 0.9528
vn -0.2688 0.1409 0.9528
vn -0.2688 0.1409 0.9528
vn -0.2688 0.1409 0.9528
vn -0.2688 0.1409 0.9528
vn -0.2688 0.1409 0.9528
vn -0.2688 0.1409 0.9528
vn -0.2688 0.1409 0.9528
vn -0.2688 0.1409 0.9528
vn -0.2688 0.1409 0.9528
vn -0.2688 0.1409 0.9528
vn -0.2688 0.1409 0.9528
vn -0.2688 0.1409 0.9528
vn -0.2688 0.1409 0.9528
vn -0.2688 0.1409 0.9528
vn -0.2688 0.1409 0.9528
vn -0.2688 0.1409 0.9528
vn -0.2688 0.1409 0.9528
vn -0.2688 0.1409 0.9528
vn -0.2689 0.1409 0.9528
vn -0.2689 0.1409 0.9528
vn -0.2688 0.1409 0.9528
vn -0.2688 0.1409 0.9528
vn -0.2688 0.1409 0.9528
vn -0.2688 0.1409 0.9528
vn -0.2688 0.1409 0.9528
vn -0.2688 0.1409 0.9528
vn -0.2688 0.1409 0.9528
vn -0.2688 0.1409 0.9528
vn 0.2688 -0.1409 -0.9528
vn 0.2688 -0.1409 -0.9528
vn 0.2688 -0.1409 -0.9528
vn 0.2688 -0.1409 -0.9528
vn 0.2688 -0.1409 -0.9528
vn 0.2688 -0.1409 -0.9528
vn 0.2688 -0.1409 -0.9528
vn 0.2688 -0.1409 -0.9528
vn 0.2688 -0.1409 -0.9528
vn 0.2688 -0.1409 -0.9528
vn 0.2688 -0.1409 -0.9528
vn 0.2688 -0.1409 -0.9528
vn 0.2688 -0.1409 -0.9528
vn 0.2688 -0.1409 -0.9528
vn 0.2688 -0.1409 -0.9528
vn 0.2688 -0.1409 -0.9528
vn 0.2688 -0.1409 -0.9528
vn 0.2688 -0.1409 -0.9528
vn 0.2688 -0.1409 -0.9528
vn 0.2688 -0.1409 -0.9528
vn 0.2689 -0.1409 -0.9528
vn 0.2689 -0.1409 -0.9528
vn 0.2688 -0.1409 -0.9528
vn 0.2688 -0.1409 -0.9528
vn 0.2689 -0.1409 -0.9528
vn 0.2689 -0.1409 -0.9528
vn 0.2688 -0.1409 -0.9528
vn 0.2688 -0.1409 -0.9528
vn 0.2688 -0.1409 -0.9528
vn 0.2688 -0.1409 -0.9528
vn 0.2688 -0.1409 -0.9528
vn 0.2688 -0.1409 -0.9528
vn 0.2688 -0.1409 -0.9528
vn 0.2688 -0.1409 -0.9528
vn 0.2688 -0.1409 -0.9528
vn 0.2688 -0.1409 -0.9528
vn 0.2688 -0.1409 -0.9528
vn 0.2688 -0.1409 -0.9528
vn 0.2688 -0.1409 -0.9528
vn 0.2688 -0.1409 -0.9528
vn 0.2688 -0.1409 -0.9528
vn 0.2688 -0.1409 -0.9528
vn 0.2688 -0.1409 -0.9528
vn 0.2688 -0.1409 -0.9528
vn 0.2688 -0.1409 -0.9528
vn 0.2688 -0.1409 -0.9528
vn 0.2688 -0.1409 -0.9528
vn 0.2688 -0.1409 -0.9528
vn 0.2688 -0.1409 -0.9528
vn 0.2688 -0.1409 -0.9528
vn 0.2688 -0.1409 -0.9528
vn 0.2688 -0.1409 -0.9528
vn 0.2688 -0.1409 -0.9528
vn 0.2688 -0.1409 -0.9528
vn 0.2688 -0.1409 -0.9528
vn 0.2688 -0.1409 -0.9528
vn 0.2688 -0.1409 -0.9528
vn 0.2688 -0.1409 -0.9528
vn 0.2688 -0.1409 -0.9528
vn 0.2688 -0.1409 -0.9528
vn 0.2688 -0.1409 -0.9528
vn 0.2688 -0.1409 -0.9528
vn 0.2688 -0.1409 -0.9528
vn 0.2688 -0.1409 -0.9528
vn 0.2688 -0.1409 -0.9528
vn 0.2688 -0.1409 -0.9528
vn 0.2688 -0.1409 -0.9528
vn 0.2688 -0.1409 -0.9528
vn 0.2688 -0.1409 -0.9528
vn 0.2688 -0.1409 -0.9528
vn 0.2688 -0.1409 -0.9528
vn 0.2688 -0.1409 -0.9528
vn 0.2688 -0.1409 -0.9528
vn 0.2688 -0.1409 -0.9528
vn 0.2688 -0.1409 -0.9528
vn 0.2688 -0.1409 -0.9528
vn 0.2688 -0.1409 -0.9528
vn 0.2688 -0.1409 -0.9528
vn 0.2688 -0.1409 -0.9528
vn 0.2688 -0.1409 -0.9528
vn 0.2688 -0.1409 -0.9528
vn 0.2688 -0.1409 -0.9528
vn 0.2688 -0.1409 -0.9528
vn 0.2688 -0.1409 -0.9528
vn 0.2688 -0.1409 -0.9528
vn 0.2688 -0.1409 -0.9528
vn 0.2688 -0.1409 -0.9528
vn 0.2688 -0.1409 -0.9528
vn 0.2688 -0.1409 -0.9528
vn 0.2688 -0.1409 -0.9528
vn 0.2688 -0.1409 -0.9528
vn 0.2688 -0.1409 -0.9528
vn 0.2688 -0.1409 -0.9528
vn 0.2688 -0.1409 -0.9528
vn 0.2688 -0.1409 -0.9528
vn 0.2688 -0.1409 -0.9528
vn 0.2688 -0.1409 -0.9528
vn 0.2688 -0.1409 -0.9528
vn 0.2688 -0.1409 -0.9528
vn 0.2688 -0.1409 -0.9528
vn 0.2688 -0.1409 -0.9528
vn 0.2688 -0.1409 -0.9528
vn 0.2688 -0.1409 -0.9528
vn 0.2688 -0.1409 -0.9528
vn 0.2688 -0.1409 -0.9528
vn 0.2688 -0.1409 -0.9528
vn 0.2688 -0.1409 -0.9528
vn 0.2688 -0.1409 -0.9528
vn 0.2688 -0.1409 -0.9528
vn 0.2688 -0.1409 -0.9528
vn 0.2688 -0.1409 -0.9528
vn 0.2688 -0.1409 -0.9528
vn 0.2688 -0.1409 -0.9528
vn 0.2688 -0.1409 -0.9528
vn 0.2688 -0.1409 -0.9528
vn 0.2688 -0.1409 -0.9528
vn 0.2688 -0.1409 -0.9528
vn 0.2688 -0.1409 -0.9528
vn 0.2688 -0.1409 -0.9528
vn 0.2688 -0.1409 -0.9528
vn 0.2688 -0.1409 -0.9528
vn 0.2688 -0.1409 -0.9528
vn 0.2689 -0.1409 -0.9528
vn 0.2689 -0.1409 -0.9528
vn 0.2688 -0.1409 -0.9528
vn 0.2688 -0.1409 -0.9528
vn 0.2688 -0.1409 -0.9528
vn 0.2688 -0.1409 -0.9528
vn 0.2688 -0.1409 -0.9528
vn 0.2688 -0.1409 -0.9528
vn 0.2688 -0.1409 -0.9528
vn 0.2688 -0.1409 -0.9528
vn 0.0483 0.9900 -0.1328
vn 0.0483 0.9900 -0.1328
vn 0.0483 0.9900 -0.1328
vn 0.0483 0.9900 -0.1328
vn 0.0483 0.9900 -0.1328
vn 0.0483 0.9900 -0.1328
vn 0.0483 0.9900 -0.1328
vn 0.0483 0.9900 -0.1328
vn 0.0483 0.9900 -0.1328
vn 0.0483 0.9900 -0.1328
vn 0.0483 0.9900 -0.1328
vn 0.0483 0.9900 -0.1328
vn 0.0483 0.9900 -0.1328
vn 0.0483 0.9900 -0.1328
vn 0.0483 0.9900 -0.1328
vn 0.0483 0.9900 -0.1328
vn 0.0483 0.9900 -0.1328
vn 0.0483 0.9900 -0.1328
vn 0.0483 0.9900 -0.1328
vn 0.0483 0.9900 -0.1328
vn 0.0483 0.9900 -0.1328
vn 0.0483 0.9900 -0.1328
vn 0.0483 0.9900 -0.1328
vn 0.0483 0.9900 -0.1328
vn 0.0483 0.9900 -0.1328
vn 0.0483 0.9900 -0.1328
vn 0.0483 0.9900 -0.1328
vn 0.0483 0.9900 -0.1328
vn 0.0483 0.9900 -0.1328
vn 0.0483 0.9900 -0.1328
vn 0.0483 0.9900 -0.1328
vn 0.0483 0.9900 -0.1328
vn 0.0483 0.9900 -0.1328
vn 0.0483 0.9900 -0.1328
vn 0.0483 0.9900 -0.1328
vn 0.0483 0.9900 -0.1328
vn 0.0483 0.9900 -0.1328
vn 0.0483 0.9900 -0.1328
vn 0.0483 0.9900 -0.1328
vn 0.0483 0.9900 -0.1328
vn 0.0483 0.9900 -0.1328
vn 0.0483 0.9900 -0.1328
vn 0.0483 0.9900 -0.1328
vn 0.0483 0.9900 -0.1328
vn 0.0483 0.9900 -0.1328
vn 0.0483 0.9900 -0.1328
vn 0.0483 0.9900 -0.1328
vn 0.0483 0.9900 -0.1328
vn 0.0483 0.9900 -0.1328
vn 0.0483 0.9900 -0.1328
vn 0.0483 0.9900 -0.1328
vn 0.0483 0.9900 -0.1328
vn 0.0483 0.9900 -0.1328
vn 0.0483 0.9900 -0.1328
vn 0.0483 0.9900 -0.1328
vn 0.0483 0.9900 -0.1328
vn 0.0483 0.9900 -0.1328
vn 0.0483 0.9900 -0.1328
vn 0.0483 0.9900 -0.1328
vn 0.0483 0.9900 -0.1328
vn 0.0483 0.9900 -0.1328
vn 0.0483 0.9900 -0.1328
vn 0.0483 0.9900 -0.1328
vn 0.0483 0.9900 -0.1328
vn 0.0483 0.9900 -0.1328
vn 0.0483 0.9900 -0.1328
vn 0.0483 0.9900 -0.1328
vn 0.0483 0.9900 -0.1328
vn 0.0483 0.9900 -0.1328
vn 0.0483 0.9900 -0.1328
vn 0.0483 0.9900 -0.1328
vn 0.0483 0.9900 -0.1328
vn 0.0483 0.9900 -0.1328
vn 0.0483 0.9900 -0.1328
vn 0.0483 0.9900 -0.1328
vn 0.0483 0.9900 -0.1328
vn 0.0483 0.9900 -0.1328
vn 0.0483 0.9900 -0.1328
vn 0.0483 0.9900 -0.1328
vn 0.0483 0.9900 -0.1328
vn 0.0483 0.9900 -0.1328
vn 0.0483 0.9900 -0.1328
vn 0.0483 0.9900 -0.1328
vn 0.0483 0.9900 -0.1328
vn 0.0483 0.9900 -0.1328
vn 0.0483 0.9900 -0.1328
vn 0.0483 0.9900 -0.1328
vn 0.0483 0.9900 -0.1328
vn 0.0483 0.9900 -0.1328
vn 0.0483 0.9900 -0.1328
vn 0.0483 0.9900 -0.1328
vn 0.0483 0.9900 -0.1328
vn 0.0483 0.9900 -0.1328
vn 0.0483 0.9900 -0.1328
vn 0.0483 0.9900 -0.1328
vn 0.0483 0.9900 -0.1328
vn 0.0483 0.9900 -0.1328
vn 0.0483 0.9900 -0.1328
vn 0.0483 0.9900 -0.1328
vn 0.0483 0.9900 -0.1328
vn 0.0483 0.9900 -0.1328
vn 0.0483 0.9900 -0.1328
vn 0.0483 0.9900 -0.1328
vn 0.0483 0.9900 -0.1328
vn 0.0483 0.9900 -0.1328
vn 0.0483 0.9900 -0.1328
vn 0.0483 0.9900 -0.1328
vn 0.0483 0.9900 -0.1328
vn 0.0483 0.9900 -0.1328
vn 0.0483 0.9900 -0.1328
vn 0.0483 0.9900 -0.1328
vn 0.0483 0.9900 -0.1328
vn 0.0483 0.9900 -0.1328
vn 0.0483 0.9900 -0.1328
vn 0.0483 0.9900 -0.1328
vn 0.0483 0.9900 -0.1328
vn -0.9620 0.0103 -0.2729
vn -0.9620 0.0103 -0.2729
vn -0.9620 0.0103 -0.2729
vn -0.9620 0.0103 -0.2729
vn -0.9620 0.0103 -0.2729
vn -0.9620 0.0103 -0.2729
vn -0.9620 0.0103 -0.2729
vn -0.9620 0.0103 -0.2729
vn 0.9620 -0.0104 0.2729
vn 0.9620 -0.0104 0.2729
vn 0.9620 -0.0104 0.2729
vn 0.9620 -0.0104 0.2729
vn -0.0483 -0.9900 0.1328
vn -0.0711 -0.9894 0.1263
vn -0.0711 -0.9894 0.1263
vn -0.0483 -0.9900 0.1328
vn 0.0483 0.9900 -0.1328
vn 0.0483 0.9900 -0.1328
vn 0.9620 -0.0104 0.2729
vn 0.9620 -0.0104 0.2729
vn 0.9620 -0.0104 0.2729
vn 0.9620 -0.0104 0.2729
vn -0.1250 -0.9860 0.1106
vn -0.1250 -0.9860 0.1106
vn -0.1700 -0.9806 0.0971
vn -0.1700 -0.9806 0.0971
vn -0.1930 -0.9771 0.0901
vn -0.1930 -0.9771 0.0901
vn -0.1971 -0.9764 0.0888
vn -0.1971 -0.9764 0.0888
vn -0.0483 -0.9900 0.1328
vn -0.2669 -0.9614 0.0669
vn -0.2669 -0.9614 0.0669
vn -0.0483 -0.9900 0.1328
vn -0.1403 -0.9844 0.1060
vn -0.1404 -0.9844 0.1060
vn -0.0610 -0.9897 0.1292
vn -0.0610 -0.9897 0.1292
vn 0.2014 -0.9591 0.1987
vn 0.0900 -0.9812 0.1705
vn 0.0900 -0.9812 0.1705
vn 0.2014 -0.9591 0.1987
vn -0.0255 -0.9899 0.1392
vn -0.0255 -0.9899 0.1392
vn -0.1856 -0.9783 0.0923
vn -0.2948 -0.9538 0.0579
vn -0.2948 -0.9538 0.0579
vn -0.1856 -0.9783 0.0923
vn 0.0299 -0.9875 0.1545
vn 0.0299 -0.9875 0.1545
vn 0.1728 -0.9661 0.1917
vn 0.1728 -0.9661 0.1917
vn 0.0286 -0.9876 0.1542
vn 0.0286 -0.9876 0.1542
vn -0.0420 -0.9900 0.1346
vn -0.0420 -0.9900 0.1346
vn 0.1295 -0.9750 0.1807
vn 0.1295 -0.9750 0.1807
vn -0.0547 -0.9899 0.1310
vn -0.0547 -0.9899 0.1310
vn 0.0742 -0.9833 0.1664
vn 0.0742 -0.9833 0.1664
vn -0.0483 -0.9900 0.1328
vn -0.0483 -0.9900 0.1328
vn -0.0483 -0.9900 0.1328
vn -0.0483 -0.9900 0.1328
vn 0.2134 -0.9559 0.2016
vn 0.2134 -0.9559 0.2016
vn -0.0483 -0.9900 0.1328
vn -0.0483 -0.9900 0.1328
vn -0.0483 -0.9900 0.1328
vn -0.0483 -0.9900 0.1328
vn 0.0974 -0.9802 0.1725
vn 0.0974 -0.9802 0.1725
vn -0.2985 -0.9527 0.0567
vn -0.2985 -0.9527 0.0567
vn 0.3131 -0.9227 0.2248
vn 0.3130 -0.9228 0.2248
vn 0.2052 -0.9581 0.1996
vn 0.2052 -0.9581 0.1996
vn 0.1016 -0.9796 0.1735
vn 0.1016 -0.9796 0.1735
vn -0.1927 -0.9771 0.0902
vn -0.1927 -0.9771 0.0902
vn 0.4663 -0.8465 0.2567
vn 0.4663 -0.8465 0.2567
vn 0.0971 -0.9802 0.1724
vn 0.0971 -0.9802 0.1724
vn 0.0441 -0.9864 0.1583
vn 0.0441 -0.9864 0.1583
vn -0.0095 -0.9896 0.1437
vn -0.0095 -0.9896 0.1437
vn 0.6435 -0.7098 0.2865
vn 0.6435 -0.7098 0.2865
vn -0.0871 -0.9887 0.1217
vn -0.0871 -0.9887 0.1217
vn -0.0356 -0.9900 0.1364
vn -0.0356 -0.9900 0.1364
vn 0.1980 -0.9600 0.1979
vn 0.1980 -0.9600 0.1979
vn 0.7179 -0.6302 0.2958
vn 0.7179 -0.6302 0.2958
vn -0.2915 -0.9548 0.0590
vn -0.2915 -0.9548 0.0590
vn -0.1263 -0.9859 0.1102
vn -0.1263 -0.9859 0.1102
vn 0.4184 -0.8739 0.2473
vn 0.4184 -0.8739 0.2473
vn -0.0483 -0.9900 0.1328
vn -0.0483 -0.9900 0.1328
vn -0.0483 -0.9900 0.1328
vn -0.0483 -0.9900 0.1328
vn -0.5033 -0.8640 -0.0142
vn -0.5033 -0.8640 -0.0142
vn -0.2245 -0.9712 0.0803
vn -0.2245 -0.9712 0.0803
vn 0.5270 -0.8065 0.2680
vn 0.5270 -0.8065 0.2680
vn 0.0483 0.9900 -0.1328
vn 0.0483 0.9900 -0.1328
vn 0.0483 0.9900 -0.1328
vn 0.0483 0.9900 -0.1328
vn -0.6052 -0.7943 -0.0533
vn -0.6052 -0.7943 -0.0533
vn -0.3064 -0.9504 0.0541
vn -0.3064 -0.9504 0.0541
vn -0.5165 -0.8561 -0.0191
vn -0.5165 -0.8561 -0.0191
vn 0.4324 -0.8663 0.2501
vn 0.4325 -0.8663 0.2501
vn -0.4028 -0.9150 0.0217
vn -0.4028 -0.9150 0.0217
vn 0.0984 -0.9800 0.1727
vn 0.0984 -0.9800 0.1727
vn 0.0483 0.9900 -0.1328
vn 0.0483 0.9900 -0.1328
vn -0.1939 -0.9769 0.0898
vn -0.1939 -0.9769 0.0898
vn -0.5484 -0.8356 -0.0311
vn -0.5484 -0.8356 -0.0311
vn 0.2709 -0.9382 0.2152
vn 0.2709 -0.9382 0.2152
vn 0.0483 0.9900 -0.1328
vn 0.0483 0.9900 -0.1328
vn -0.3622 -0.9314 0.0356
vn -0.3622 -0.9314 0.0356
vn -0.7121 -0.6952 -0.0981
vn -0.7121 -0.6952 -0.0981
vn -0.7053 -0.7025 -0.0951
vn -0.7053 -0.7025 -0.0951
vn 0.0483 0.9900 -0.1328
vn 0.0483 0.9900 -0.1328
vn 0.6360 -0.7170 0.2855
vn 0.6360 -0.7170 0.2855
vn -0.7787 -0.6140 -0.1289
vn -0.7787 -0.6140 -0.1289
vn 0.5620 -0.7804 0.2740
vn 0.4653 -0.8472 0.2566
vn 0.4653 -0.8472 0.2566
vn 0.5620 -0.7804 0.2740
vn 0.0483 0.9900 -0.1328
vn 0.0483 0.9900 -0.1328
vn -0.5475 -0.8363 -0.0308
vn -0.6375 -0.7676 -0.0664
vn -0.6375 -0.7676 -0.0664
vn -0.5475 -0.8363 -0.0308
vn -0.0483 -0.9900 0.1328
vn -0.0483 -0.9900 0.1328
vn -0.0483 -0.9900 0.1328
vn -0.0483 -0.9900 0.1328
vn -0.7736 -0.6210 -0.1264
vn -0.7736 -0.6210 -0.1264
vn 0.0483 0.9900 -0.1328
vn 0.0483 0.9900 -0.1328
vn 0.7123 -0.6368 0.2951
vn 0.7123 -0.6368 0.2951
vn 0.9620 -0.0103 0.2729
vn 0.9620 -0.0103 0.2729
vn 0.9620 -0.0103 0.2729
vn 0.9620 -0.0103 0.2729
vn -0.2688 0.1409 0.9528
vn -0.2688 0.1409 0.9528
vn -0.2688 0.1409 0.9528
vn -0.2688 0.1409 0.9528
vn -0.9620 0.0103 -0.2729
vn -0.9620 0.0103 -0.2729
vn -0.9620 0.0103 -0.2729
vn -0.9620 0.0103 -0.2729
vn 0.2688 -0.1409 -0.9528
vn 0.2688 -0.1409 -0.9528
vn 0.2688 -0.1409 -0.9528
vn 0.2688 -0.1409 -0.9528
vn -0.0483 -0.9900 0.1328
vn -0.0483 -0.9900 0.1328
vn -0.0483 -0.9900 0.1328
vn -0.0483 -0.9900 0.1328
vn 0.0483 0.9900 -0.1328
vn 0.0483 0.9900 -0.1328
vn 0.0483 0.9900 -0.1328
vn 0.0483 0.9900 -0.1328
vn 0.9620 -0.0103 0.2729
vn 0.9620 -0.0103 0.2729
vn 0.9620 -0.0103 0.2729
vn 0.9620 -0.0103 0.2729
vn -0.2688 0.1409 0.9528
vn -0.2688 0.1409 0.9528
vn -0.2688 0.1409 0.9528
vn -0.2688 0.1409 0.9528
vn -0.9620 0.0104 -0.2729
vn -0.9620 0.0104 -0.2729
vn -0.9620 0.0104 -0.2729
vn -0.9620 0.0104 -0.2729
vn 0.2688 -0.1409 -0.9528
vn 0.2688 -0.1409 -0.9528
vn 0.2688 -0.1409 -0.9528
vn 0.2688 -0.1409 -0.9528
vn -0.0483 -0.9900 0.1328
vn -0.0483 -0.9900 0.1328
vn -0.0483 -0.9900 0.1328
vn -0.0483 -0.9900 0.1328
vn 0.0483 0.9900 -0.1328
vn 0.0483 0.9900 -0.1328
vn 0.0483 0.9900 -0.1328
vn 0.0483 0.9900 -0.1328
vn 0.9620 -0.0104 0.2729
vn 0.9620 -0.0104 0.2729
vn 0.9620 -0.0104 0.2729
vn 0.9620 -0.0104 0.2729
vn -0.2688 0.1409 0.9528
vn -0.2688 0.1409 0.9528
vn -0.2688 0.1409 0.9528
vn -0.2688 0.1409 0.9528
vn -0.9620 0.0103 -0.2729
vn -0.9620 0.0103 -0.2729
vn -0.9620 0.0103 -0.2729
vn -0.9620 0.0103 -0.2729
vn 0.2688 -0.1409 -0.9528
vn 0.2688 -0.1409 -0.9528
vn 0.2688 -0.1409 -0.9528
vn 0.2688 -0.1409 -0.9528
vn -0.0483 -0.9900 0.1328
vn -0.0483 -0.9900 0.1328
vn -0.0483 -0.9900 0.1328
vn -0.0483 -0.9900 0.1328
vn 0.0483 0.9900 -0.1328
vn 0.0483 0.9900 -0.1328
vn 0.0483 0.9900 -0.1328
vn 0.0483 0.9900 -0.1328
vn 0.9620 -0.0103 0.2729
vn 0.9620 -0.0103 0.2729
vn 0.9620 -0.0103 0.2729
vn 0.9620 -0.0103 0.2729
vn -0.2688 0.1409 0.9528
vn -0.2688 0.1409 0.9528
vn -0.2688 0.1409 0.9528
vn -0.2688 0.1409 0.9528
vn -0.9620 0.0104 -0.2729
vn -0.9620 0.0104 -0.2729
vn -0.9620 0.0104 -0.2729
vn -0.9620 0.0104 -0.2729
vn 0.2688 -0.1409 -0.9528
vn 0.2688 -0.1409 -0.9528
vn 0.2688 -0.1409 -0.9528
vn 0.2688 -0.1409 -0.9528
vn -0.0483 -0.9900 0.1328
vn -0.0483 -0.9900 0.1328
vn -0.0483 -0.9900 0.1328
vn -0.0483 -0.9900 0.1328
vn 0.0483 0.9900 -0.1328
vn 0.0483 0.9900 -0.1328
vn 0.0483 0.9900 -0.1328
vn 0.0483 0.9900 -0.1328
vn 0.0483 0.9900 -0.1328
vn 0.0483 0.9900 -0.1328
vn 0.0483 0.9900 -0.1328
vn 0.0483 0.9900 -0.1328
vn 0.0483 0.9900 -0.1328
vn 0.0483 0.9900 -0.1328
vn 0.0483 0.9900 -0.1328
vn 0.0483 0.9900 -0.1328
vn 0.0483 0.9900 -0.1328
vn 0.0483 0.9900 -0.1328
vn 0.4636 0.8861 -0.0002
vn 0.4636 0.8861 -0.0002
vn 0.4636 0.8861 -0.0002
vn 0.4636 0.8861 -0.0002
vn -0.0739 0.9521 0.2966
vn -0.0739 0.9521 0.2966
vn -0.0739 0.9521 0.2966
vn -0.0739 0.9521 0.2966
vn -0.3766 0.8951 -0.2386
vn -0.3766 0.8951 -0.2386
vn -0.3766 0.8951 -0.2386
vn -0.3766 0.8951 -0.2386
vn 0.1609 0.8291 -0.5355
vn 0.1609 0.8291 -0.5355
vn 0.1609 0.8291 -0.5355
vn 0.1609 0.8291 -0.5355
vn 0.9620 -0.0104 0.2727
vn 0.9620 -0.0104 0.2727
vn 0.9620 -0.0104 0.2727
vn 0.9620 -0.0104 0.2727
vn -0.0483 -0.9900 0.1328
vn -0.0483 -0.9900 0.1328
vn -0.0483 -0.9900 0.1328
vn -0.0483 -0.9900 0.1328
vn -0.9620 0.0103 -0.2730
vn -0.9620 0.0103 -0.2730
vn -0.9620 0.0103 -0.2730
vn -0.9620 0.0103 -0.2730
vn 0.0483 0.9900 -0.1328
vn 0.0483 0.9900 -0.1328
vn 0.0483 0.9900 -0.1328
vn 0.0483 0.9900 -0.1328
vn 0.2688 -0.1409 -0.9528
vn 0.2688 -0.1409 -0.9528
vn 0.2688 -0.1409 -0.9528
vn 0.2688 -0.1409 -0.9528
vn -0.2688 0.1409 0.9528
vn -0.2688 0.1409 0.9528
vn -0.2688 0.1409 0.9528
vn -0.2688 0.1409 0.9528
vn 0.9620 -0.0104 0.2729
vn 0.9620 -0.0104 0.2729
vn 0.9620 -0.0104 0.2729
vn 0.9620 -0.0104 0.2729
vn -0.0483 -0.9900 0.1328
vn -0.0483 -0.9900 0.1328
vn -0.0483 -0.9900 0.1328
vn -0.0483 -0.9900 0.1328
vn -0.9620 0.0104 -0.2730
vn -0.9620 0.0104 -0.2730
vn -0.9620 0.0104 -0.2730
vn -0.9620 0.0104 -0.2730
vn 0.0483 0.9900 -0.1328
vn 0.0483 0.9900 -0.1328
vn 0.0483 0.9900 -0.1328
vn 0.0483 0.9900 -0.1328
vn 0.2688 -0.1409 -0.9528
vn 0.2688 -0.1409 -0.9528
vn 0.2688 -0.1409 -0.9528
vn 0.2688 -0.1409 -0.9528
vn -0.2688 0.1409 0.9528
vn -0.2688 0.1409 0.9528
vn -0.2688 0.1409 0.9528
vn -0.2688 0.1409 0.9528
vn 0.9620 -0.0103 0.2729
vn 0.9620 -0.0103 0.2729
vn 0.9620 -0.0103 0.2729
vn 0.9620 -0.0103 0.2729
vn -0.9620 0.0104 -0.2729
vn -0.9620 0.0104 -0.2729
vn -0.9620 0.0104 -0.2729
vn -0.9620 0.0104 -0.2729
vn 0.0483 0.9900 -0.1328
vn 0.0483 0.9900 -0.1328
vn 0.0483 0.9900 -0.1328
vn 0.0483 0.9900 -0.1328
vn -0.0483 -0.9900 0.1328
vn -0.0483 -0.9900 0.1328
vn -0.0483 -0.9900 0.1328
vn -0.0483 -0.9900 0.1328
vn -0.2688 0.1409 0.9528
vn -0.2688 0.1409 0.9528
vn -0.2688 0.1409 0.9528
vn -0.2688 0.1409 0.9528
vn 0.2688 -0.1409 -0.9528
vn 0.2688 -0.1409 -0.9528
vn 0.2688 -0.1409 -0.9528
vn 0.2688 -0.1409 -0.9528
vn 0.9620 -0.0104 0.2729
vn 0.9620 -0.0104 0.2729
vn 0.9620 -0.0104 0.2729
vn 0.9620 -0.0104 0.2729
vn -0.9620 0.0104 -0.2729
vn -0.9620 0.0104 -0.2729
vn -0.9620 0.0104 -0.2729
vn -0.9620 0.0104 -0.2729
vn 0.0483 0.9900 -0.1328
vn 0.0483 0.9900 -0.1328
vn 0.0483 0.9900 -0.1328
vn 0.0483 0.9900 -0.1328
vn -0.0483 -0.9900 0.1328
vn -0.0483 -0.9900 0.1328
vn -0.0483 -0.9900 0.1328
vn -0.0483 -0.9900 0.1328
vn 0.2688 -0.1409 -0.9528
vn 0.2688 -0.1409 -0.9528
vn 0.2688 -0.1409 -0.9528
vn 0.2688 -0.1409 -0.9528
vn -0.2688 0.1409 0.9528
vn -0.2688 0.1409 0.9528
vn -0.2688 0.1409 0.9528
vn -0.2688 0.1409 0.9528
vn 0.9549 -0.0189 0.2963
vn 0.9549 -0.0189 0.2963
vn 0.9549 -0.0189 0.2963
vn 0.9549 -0.0189 0.2963
vn -0.9549 0.0189 -0.2963
vn -0.9549 0.0189 -0.2963
vn -0.9549 0.0189 -0.2963
vn -0.9549 0.0189 -0.2963
vn -0.2792 -0.3967 0.8745
vn -0.2969 -0.0499 0.9536
vn -0.2969 -0.0499 0.9536
vn -0.2792 -0.3967 0.8745
vn 0.2015 -0.6918 -0.6934
vn 0.1123 -0.9009 -0.4193
vn 0.1123 -0.9009 -0.4193
vn 0.2015 -0.6918 -0.6934
vn -0.2843 0.2292 0.9309
vn -0.2843 0.2292 0.9309
vn -0.2713 0.3495 0.8968
vn -0.2713 0.3495 0.8968
vn -0.2713 0.3495 0.8968
vn -0.2713 0.3495 0.8968
vn -0.2773 -0.4133 0.8673
vn -0.2120 -0.7422 0.6357
vn -0.2120 -0.7422 0.6357
vn -0.2773 -0.4133 0.8674
vn 0.2541 -0.4643 -0.8484
vn 0.2541 -0.4644 -0.8484
vn -0.0121 -0.9996 -0.0247
vn 0.1072 -0.9086 -0.4036
vn 0.1072 -0.9086 -0.4036
vn -0.0121 -0.9996 -0.0247
vn 0.2714 -0.3495 -0.8968
vn 0.2714 -0.3495 -0.8968
vn 0.2714 -0.3495 -0.8968
vn 0.2714 -0.3495 -0.8968
vn -0.2961 0.0123 0.9551
vn -0.2961 0.0123 0.9551
vn 0.2146 -0.6456 -0.7329
vn 0.2146 -0.6456 -0.7329
vn -0.1205 -0.9367 0.3286
vn -0.1205 -0.9367 0.3286
vn -0.1205 -0.9367 0.3286
vn -0.1205 -0.9367 0.3286
vn 0.2714 -0.3495 -0.8968
vn 0.2714 -0.3495 -0.8968
vn -0.1205 -0.9367 0.3286
vn -0.1205 -0.9367 0.3286
vn -0.1205 -0.9367 0.3286
vn -0.1205 -0.9367 0.3286
vn -0.2874 0.1919 0.9384
vn -0.2874 0.1919 0.9384
vn -0.2713 0.3495 0.8968
vn -0.2713 0.3495 0.8968
vn 0.2480 -0.4977 -0.8311
vn 0.2480 -0.4977 -0.8311
vn -0.2194 -0.7173 0.6613
vn -0.2194 -0.7173 0.6613
vn 0.1205 0.9367 -0.3286
vn 0.1205 0.9367 -0.3286
vn 0.1205 0.9367 -0.3286
vn 0.1205 0.9367 -0.3286
vn -0.0013 -0.9982 -0.0595
vn -0.0013 -0.9982 -0.0595
vn 0.1205 0.9367 -0.3286
vn 0.1205 0.9367 -0.3286
vn 0.1205 0.9367 -0.3286
vn 0.1205 0.9367 -0.3286
vn 0.9549 -0.0189 0.2963
vn 0.9549 -0.0189 0.2963
vn 0.9549 -0.0189 0.2963
vn 0.9549 -0.0189 0.2963
vn -0.9549 0.0189 -0.2963
vn -0.9549 0.0189 -0.2963
vn -0.9549 0.0189 -0.2963
vn -0.9549 0.0189 -0.2963
vn -0.2792 -0.3967 0.8745
vn -0.2969 -0.0500 0.9536
vn -0.2969 -0.0500 0.9536
vn -0.2792 -0.3967 0.8745
vn 0.2015 -0.6919 -0.6934
vn 0.1123 -0.9009 -0.4192
vn 0.1123 -0.9009 -0.4192
vn 0.2015 -0.6919 -0.6934
vn -0.2843 0.2292 0.9309
vn -0.2843 0.2292 0.9309
vn -0.2713 0.3495 0.8968
vn -0.2713 0.3495 0.8968
vn -0.2713 0.3495 0.8968
vn -0.2713 0.3495 0.8968
vn -0.2773 -0.4133 0.8673
vn -0.2120 -0.7422 0.6357
vn -0.2120 -0.7422 0.6357
vn -0.2773 -0.4133 0.8673
vn 0.2541 -0.4643 -0.8484
vn 0.2541 -0.4643 -0.8484
vn -0.0121 -0.9996 -0.0247
vn 0.1073 -0.9086 -0.4036
vn 0.1073 -0.9086 -0.4036
vn -0.0121 -0.9996 -0.0247
vn 0.2713 -0.3495 -0.8968
vn 0.2713 -0.3495 -0.8968
vn 0.2713 -0.3495 -0.8968
vn 0.2713 -0.3495 -0.8968
vn -0.2961 0.0123 0.9551
vn -0.2961 0.0123 0.9551
vn 0.2146 -0.6456 -0.7329
vn 0.2146 -0.6456 -0.7329
vn -0.1205 -0.9367 0.3286
vn -0.1205 -0.9367 0.3286
vn -0.1205 -0.9367 0.3286
vn -0.1205 -0.9367 0.3286
vn 0.2714 -0.3495 -0.8968
vn 0.2714 -0.3495 -0.8968
vn -0.1205 -0.9367 0.3286
vn -0.1205 -0.9367 0.3286
vn -0.1205 -0.9367 0.3286
vn -0.1205 -0.9367 0.3286
vn -0.2874 0.1919 0.9384
vn -0.2874 0.1919 0.9384
vn -0.2713 0.3495 0.8968
vn -0.2713 0.3495 0.8968
vn 0.2480 -0.4977 -0.8311
vn 0.2480 -0.4977 -0.8311
vn -0.2194 -0.7173 0.6613
vn -0.2194 -0.7173 0.6613
vn 0.1205 0.9367 -0.3286
vn 0.1205 0.9367 -0.3286
vn 0.1205 0.9367 -0.3286
vn 0.1205 0.9367 -0.3286
vn -0.0013 -0.9982 -0.0595
vn -0.0013 -0.9982 -0.0595
vn 0.1205 0.9367 -0.3286
vn 0.1205 0.9367 -0.3286
vn 0.1205 0.9367 -0.3286
vn 0.1205 0.9367 -0.3286
vn -0.2713 0.3495 0.8968
vn -0.2713 0.3495 0.8968
vn 0.2714 -0.3495 -0.8968
vn 0.2714 -0.3495 -0.8968
vn -0.2714 0.3495 0.8968
vn -0.2714 0.3495 0.8968
vn 0.2713 -0.3495 -0.8968
vn 0.2713 -0.3495 -0.8968
vn -0.2713 0.3495 0.8968
vn -0.2713 0.3495 0.8968
vn -0.2713 0.3495 0.8968
vn -0.2713 0.3495 0.8968
vn -0.2713 0.3495 0.8968
vn -0.2713 0.3495 0.8968
vn -0.2713 0.3495 0.8968
vn -0.2713 0.3495 0.8968
vn -0.2713 0.3495 0.8968
vn -0.2713 0.3495 0.8968
vn -0.2713 0.3495 0.8968
vn -0.2713 0.3495 0.8968
vn -0.2713 0.3495 0.8968
vn -0.2713 0.3495 0.8968
vn -0.2713 0.3495 0.8968
vn -0.2713 0.3495 0.8968
vn -0.2714 0.3495 0.8968
vn -0.2714 0.3495 0.8968
vn -0.2713 0.3495 0.8968
vn -0.2713 0.3495 0.8968
vn -0.2713 0.3495 0.8968
vn -0.2713 0.3495 0.8968
vn -0.2714 0.3495 0.8968
vn -0.2714 0.3495 0.8968
vn -0.2713 0.3495 0.8968
vn -0.2714 0.3495 0.8968
vn -0.2714 0.3495 0.8968
vn -0.2713 0.3495 0.8968
vn -0.2714 0.3495 0.8968
vn -0.2714 0.3495 0.8968
vn -0.2714 0.3495 0.8968
vn -0.2714 0.3495 0.8968
vn -0.2714 0.3495 0.8968
vn -0.2713 0.3495 0.8968
vn -0.2714 0.3495 0.8968
vn -0.2714 0.3495 0.8968
vn -0.2713 0.3495 0.8968
vn -0.2713 0.3495 0.8968
vn -0.2714 0.3495 0.8968
vn -0.2713 0.3495 0.8968
vn -0.2714 0.3495 0.8968
vn -0.2714 0.3495 0.8968
vn -0.2714 0.3495 0.8968
vn -0.2714 0.3495 0.8968
vn -0.2714 0.3495 0.8968
vn -0.2714 0.3495 0.8968
vn -0.2713 0.3495 0.8968
vn -0.2713 0.3495 0.8968
vn -0.2714 0.3495 0.8968
vn -0.2714 0.3495 0.8968
vn -0.2713 0.3495 0.8968
vn -0.2713 0.3495 0.8968
vn -0.2714 0.3495 0.8968
vn -0.2714 0.3495 0.8968
vn -0.2714 0.3495 0.8968
vn -0.2714 0.3495 0.8968
vn -0.2713 0.3495 0.8968
vn -0.2714 0.3495 0.8968
vn -0.2714 0.3495 0.8968
vn -0.2714 0.3495 0.8968
vn -0.2713 0.3495 0.8968
vn -0.2713 0.3495 0.8968
vn -0.2714 0.3495 0.8968
vn -0.2713 0.3495 0.8968
vn -0.2713 0.3495 0.8968
vn -0.2713 0.3495 0.8968
vn -0.2713 0.3495 0.8968
vn -0.2713 0.3495 0.8968
vn -0.2714 0.3495 0.8968
vn -0.2714 0.3495 0.8968
vn -0.2714 0.3495 0.8968
vn -0.2714 0.3495 0.8968
vn -0.2714 0.3495 0.8968
vn -0.2714 0.3495 0.8968
vn -0.2713 0.3495 0.8968
vn -0.2713 0.3495 0.8968
vn -0.2713 0.3495 0.8968
vn -0.2713 0.3495 0.8968
vn -0.2713 0.3495 0.8968
vn -0.2713 0.3495 0.8968
vn -0.2713 0.3495 0.8968
vn -0.2713 0.3495 0.8968
vn -0.2715 0.3495 0.8967
vn -0.2714 0.3495 0.8968
vn -0.2713 0.3495 0.8968
vn -0.2713 0.3495 0.8968
vn -0.2714 0.3495 0.8968
vn -0.2714 0.3495 0.8968
vn -0.2714 0.3495 0.8968
vn -0.2714 0.3495 0.8968
vn -0.2713 0.3495 0.8968
vn -0.2713 0.3495 0.8968
vn -0.2714 0.3495 0.8968
vn -0.2714 0.3495 0.8968
vn -0.2714 0.3495 0.8968
vn -0.2713 0.3495 0.8968
vn -0.2713 0.3495 0.8968
vn -0.2714 0.3495 0.8968
vn -0.2713 0.3495 0.8968
vn -0.2713 0.3495 0.8968
vn -0.2714 0.3495 0.8968
vn -0.2714 0.3495 0.8968
vn -0.2714 0.3495 0.8968
vn -0.2714 0.3495 0.8968
vn -0.2713 0.3495 0.8968
vn -0.2713 0.3495 0.8968
vn -0.2714 0.3495 0.8968
vn -0.2714 0.3495 0.8968
vn -0.2714 0.3495 0.8968
vn -0.2714 0.3495 0.8968
vn -0.2713 0.3495 0.8968
vn -0.2713 0.3495 0.8968
vn -0.2713 0.3495 0.8968
vn -0.2713 0.3495 0.8968
vn -0.2713 0.3495 0.8968
vn -0.2713 0.3495 0.8968
vn -0.2713 0.3495 0.8968
vn -0.2713 0.3495 0.8968
vn -0.2713 0.3495 0.8968
vn -0.2714 0.3495 0.8968
vn -0.2713 0.3495 0.8968
vn -0.2713 0.3495 0.8968
vn -0.2714 0.3495 0.8968
vn -0.2714 0.3495 0.8968
vn -0.2713 0.3495 0.8968
vn -0.2713 0.3495 0.8968
vn -0.2713 0.3495 0.8968
vn -0.2713 0.3495 0.8968
vn -0.2714 0.3495 0.8968
vn -0.2714 0.3495 0.8968
vn -0.2713 0.3495 0.8968
vn -0.2713 0.3495 0.8968
vn 0.2713 -0.3495 -0.8968
vn 0.2713 -0.3495 -0.8968
vn 0.2713 -0.3495 -0.8968
vn 0.2713 -0.3495 -0.8968
vn 0.2714 -0.3495 -0.8968
vn 0.2714 -0.3495 -0.8968
vn 0.2714 -0.3495 -0.8968
vn 0.2714 -0.3495 -0.8968
vn 0.2714 -0.3495 -0.8968
vn 0.2714 -0.3495 -0.8968
vn 0.2713 -0.3495 -0.8968
vn 0.2713 -0.3495 -0.8968
vn 0.2713 -0.3495 -0.8968
vn 0.2713 -0.3495 -0.8968
vn 0.2713 -0.3495 -0.8968
vn 0.2713 -0.3495 -0.8968
vn 0.2714 -0.3495 -0.8968
vn 0.2713 -0.3495 -0.8968
vn 0.2714 -0.3495 -0.8968
vn 0.2714 -0.3495 -0.8968
vn 0.2714 -0.3495 -0.8968
vn 0.2714 -0.3495 -0.8968
vn 0.2714 -0.3495 -0.8968
vn 0.2714 -0.3495 -0.8968
vn 0.2714 -0.3495 -0.8968
vn 0.2714 -0.3495 -0.8968
vn 0.2713 -0.3495 -0.8968
vn 0.2713 -0.3495 -0.8968
vn 0.2713 -0.3495 -0.8968
vn 0.2713 -0.3495 -0.8968
vn 0.2713 -0.3495 -0.8968
vn 0.2713 -0.3495 -0.8968
vn 0.2714 -0.3495 -0.8968
vn 0.2714 -0.3495 -0.8968
vn 0.2714 -0.3495 -0.8968
vn 0.2714 -0.3495 -0.8968
vn 0.2714 -0.3495 -0.8968
vn 0.2713 -0.3495 -0.8968
vn 0.2713 -0.3495 -0.8968
vn 0.2714 -0.3495 -0.8968
vn 0.2713 -0.3495 -0.8968
vn 0.2714 -0.3495 -0.8968
vn 0.2714 -0.3495 -0.8968
vn 0.2713 -0.3495 -0.8968
vn 0.2714 -0.3495 -0.8968
vn 0.2713 -0.3495 -0.8968
vn 0.2713 -0.3495 -0.8968
vn 0.2714 -0.3495 -0.8968
vn 0.2713 -0.3495 -0.8968
vn 0.2714 -0.3495 -0.8968
vn 0.2714 -0.3495 -0.8968
vn 0.2714 -0.3495 -0.8968
vn 0.2713 -0.3495 -0.8968
vn 0.2713 -0.3495 -0.8968
vn 0.2713 -0.3495 -0.8968
vn 0.2714 -0.3495 -0.8968
vn 0.2714 -0.3495 -0.8968
vn 0.2713 -0.3495 -0.8968
vn 0.2714 -0.3495 -0.8968
vn 0.2714 -0.3495 -0.8968
vn 0.2714 -0.3495 -0.8968
vn 0.2713 -0.3495 -0.8968
vn 0.2713 -0.3495 -0.8968
vn 0.2714 -0.3495 -0.8968
vn 0.2714 -0.3495 -0.8968
vn 0.2714 -0.3495 -0.8968
vn 0.2713 -0.3495 -0.8968
vn 0.2713 -0.3495 -0.8968
vn 0.2713 -0.3495 -0.8968
vn 0.2713 -0.3495 -0.8968
vn 0.2713 -0.3495 -0.8968
vn 0.2713 -0.3495 -0.8968
vn 0.2713 -0.3495 -0.8968
vn 0.2713 -0.3495 -0.8968
vn 0.2714 -0.3495 -0.8968
vn 0.2714 -0.3495 -0.8968
vn 0.2713 -0.3495 -0.8968
vn 0.2713 -0.3495 -0.8968
vn 0.2714 -0.3495 -0.8968
vn 0.2714 -0.3495 -0.8968
vn 0.2714 -0.3495 -0.8968
vn 0.2714 -0.3495 -0.8968
vn 0.2714 -0.3495 -0.8968
vn 0.2714 -0.3495 -0.8968
vn 0.2714 -0.3495 -0.8968
vn 0.2714 -0.3495 -0.8968
vn 0.2713 -0.3495 -0.8968
vn 0.2713 -0.3495 -0.8968
vn 0.2713 -0.3495 -0.8968
vn 0.2713 -0.3495 -0.8968
vn 0.2713 -0.3495 -0.8968
vn 0.2713 -0.3495 -0.8968
vn 0.2713 -0.3495 -0.8968
vn 0.2713 -0.3495 -0.8968
vn 0.2713 -0.3495 -0.8968
vn 0.2713 -0.3495 -0.8968
vn 0.2713 -0.3495 -0.8968
vn 0.2713 -0.3495 -0.8968
vn 0.2714 -0.3495 -0.8968
vn 0.2714 -0.3495 -0.8968
vn 0.2714 -0.3495 -0.8968
vn 0.2714 -0.3495 -0.8968
vn 0.2713 -0.3495 -0.8968
vn 0.2713 -0.3495 -0.8968
vn 0.2713 -0.3495 -0.8968
vn 0.2713 -0.3495 -0.8968
vn 0.2714 -0.3495 -0.8968
vn 0.2713 -0.3495 -0.8968
vn 0.2713 -0.3495 -0.8968
vn 0.2714 -0.3495 -0.8968
vn 0.2714 -0.3495 -0.8968
vn 0.2714 -0.3495 -0.8968
vn 0.2714 -0.3495 -0.8968
vn 0.2714 -0.3495 -0.8968
vn 0.2713 -0.3495 -0.8968
vn 0.2713 -0.3495 -0.8968
vn 0.2714 -0.3495 -0.8968
vn 0.2714 -0.3495 -0.8968
vn 0.2714 -0.3495 -0.8968
vn 0.2713 -0.3495 -0.8968
vn 0.2713 -0.3495 -0.8968
vn 0.2713 -0.3495 -0.8968
vn 0.2714 -0.3495 -0.8968
vn 0.2714 -0.3495 -0.8968
vn 0.2714 -0.3495 -0.8968
vn 0.2714 -0.3495 -0.8968
vn 0.2713 -0.3495 -0.8968
vn 0.2713 -0.3495 -0.8968
vn 0.2714 -0.3495 -0.8968
vn 0.2714 -0.3495 -0.8968
vn 0.2713 -0.3495 -0.8968
vn 0.2713 -0.3495 -0.8968
vn 0.1205 0.9367 -0.3286
vn 0.1205 0.9367 -0.3286
vn 0.1205 0.9367 -0.3286
vn 0.1205 0.9367 -0.3286
vn 0.1205 0.9367 -0.3286
vn 0.1205 0.9367 -0.3286
vn 0.1205 0.9367 -0.3286
vn 0.1205 0.9367 -0.3286
vn 0.1205 0.9367 -0.3286
vn 0.1205 0.9367 -0.3286
vn 0.1205 0.9367 -0.3286
vn 0.1205 0.9367 -0.3286
vn 0.1205 0.9367 -0.3286
vn 0.1205 0.9367 -0.3286
vn 0.1205 0.9367 -0.3286
vn 0.1205 0.9367 -0.3286
vn 0.1205 0.9367 -0.3286
vn 0.1205 0.9367 -0.3286
vn 0.1205 0.9367 -0.3286
vn 0.1205 0.9367 -0.3286
vn 0.1205 0.9367 -0.3286
vn 0.1205 0.9367 -0.3286
vn 0.1205 0.9367 -0.3286
vn 0.1205 0.9367 -0.3286
vn 0.1205 0.9367 -0.3286
vn 0.1205 0.9367 -0.3286
vn 0.1205 0.9367 -0.3286
vn 0.1205 0.9367 -0.3286
vn 0.1205 0.9367 -0.3286
vn 0.1205 0.9367 -0.3286
vn 0.1205 0.9367 -0.3286
vn 0.1205 0.9367 -0.3286
vn 0.1205 0.9367 -0.3286
vn 0.1205 0.9367 -0.3286
vn 0.1205 0.9367 -0.3286
vn 0.1205 0.9367 -0.3286
vn 0.1205 0.9367 -0.3286
vn 0.1205 0.9367 -0.3286
vn 0.1205 0.9367 -0.3286
vn 0.1205 0.9367 -0.3286
vn 0.1205 0.9367 -0.3286
vn 0.1205 0.9367 -0.3286
vn 0.1205 0.9367 -0.3286
vn 0.1205 0.9367 -0.3286
vn 0.1205 0.9367 -0.3286
vn 0.1205 0.9367 -0.3286
vn 0.1205 0.9367 -0.3286
vn 0.1205 0.9367 -0.3286
vn 0.1205 0.9367 -0.3286
vn 0.1205 0.9367 -0.3286
vn 0.1205 0.9367 -0.3286
vn 0.1205 0.9367 -0.3286
vn 0.1205 0.9367 -0.3286
vn 0.1205 0.9367 -0.3286
vn 0.1205 0.9367 -0.3286
vn 0.1205 0.9367 -0.3286
vn 0.1205 0.9367 -0.3286
vn 0.1205 0.9367 -0.3286
vn 0.1205 0.9367 -0.3286
vn 0.1205 0.9367 -0.3286
vn 0.1205 0.9367 -0.3286
vn 0.1205 0.9367 -0.3286
vn 0.1205 0.9367 -0.3286
vn 0.1205 0.9367 -0.3286
vn 0.1205 0.9367 -0.3286
vn 0.1205 0.9367 -0.3286
vn 0.1205 0.9367 -0.3286
vn 0.1205 0.9367 -0.3286
vn 0.1205 0.9367 -0.3286
vn 0.1205 0.9367 -0.3286
vn 0.1205 0.9367 -0.3286
vn 0.1205 0.9367 -0.3286
vn 0.1205 0.9367 -0.3286
vn 0.1205 0.9367 -0.3286
vn 0.1205 0.9367 -0.3286
vn 0.1205 0.9367 -0.3286
vn 0.1205 0.9367 -0.3286
vn 0.1205 0.9367 -0.3286
vn 0.1205 0.9367 -0.3286
vn 0.1205 0.9367 -0.3286
vn 0.1205 0.9367 -0.3286
vn 0.1205 0.9367 -0.3286
vn 0.1205 0.9367 -0.3286
vn 0.1205 0.9367 -0.3286
vn 0.1205 0.9367 -0.3286
vn 0.1205 0.9367 -0.3286
vn 0.1205 0.9367 -0.3286
vn 0.1205 0.9367 -0.3286
vn 0.1205 0.9367 -0.3286
vn 0.1205 0.9367 -0.3286
vn 0.1205 0.9367 -0.3286
vn 0.1205 0.9367 -0.3286
vn 0.1205 0.9367 -0.3286
vn 0.1205 0.9367 -0.3286
vn 0.1205 0.9367 -0.3286
vn 0.1205 0.9367 -0.3286
vn 0.1205 0.9367 -0.3286
vn 0.1205 0.9367 -0.3286
vn 0.1205 0.9367 -0.3286
vn 0.1205 0.9367 -0.3286
vn 0.1205 0.9367 -0.3286
vn 0.1205 0.9367 -0.3286
vn 0.1205 0.9367 -0.3286
vn 0.1205 0.9367 -0.3286
vn 0.1205 0.9367 -0.3286
vn 0.1205 0.9367 -0.3286
vn 0.1205 0.9367 -0.3286
vn 0.1205 0.9367 -0.3286
vn 0.1205 0.9367 -0.3286
vn 0.1205 0.9367 -0.3286
vn 0.1205 0.9367 -0.3286
vn 0.1205 0.9367 -0.3286
vn 0.1205 0.9367 -0.3286
vn 0.1205 0.9367 -0.3286
vn 0.1205 0.9367 -0.3286
vn 0.1205 0.9367 -0.3286
vn -0.9549 0.0189 -0.2963
vn -0.9549 0.0189 -0.2963
vn -0.9549 0.0189 -0.2963
vn -0.9549 0.0189 -0.2963
vn -0.9549 0.0189 -0.2963
vn -0.9549 0.0189 -0.2963
vn -0.9549 0.0189 -0.2963
vn -0.9549 0.0189 -0.2963
vn 0.9549 -0.0189 0.2962
vn 0.9549 -0.0189 0.2962
vn 0.9549 -0.0189 0.2962
vn 0.9549 -0.0189 0.2962
vn -0.1205 -0.9367 0.3286
vn -0.1431 -0.9360 0.3215
vn -0.1431 -0.9360 0.3215
vn -0.1205 -0.9367 0.3286
vn 0.1205 0.9367 -0.3286
vn 0.1205 0.9367 -0.3286
vn 0.9549 -0.0189 0.2963
vn 0.9549 -0.0189 0.2963
vn 0.9549 -0.0189 0.2963
vn 0.9549 -0.0189 0.2963
vn -0.1964 -0.9322 0.3039
vn -0.1964 -0.9322 0.3039
vn -0.2407 -0.9268 0.2884
vn -0.2407 -0.9268 0.2884
vn -0.2633 -0.9232 0.2801
vn -0.2633 -0.9232 0.2801
vn -0.2673 -0.9225 0.2786
vn -0.2673 -0.9225 0.2786
vn -0.1205 -0.9367 0.3286
vn -0.3355 -0.9076 0.2522
vn -0.3355 -0.9076 0.2522
vn -0.1205 -0.9367 0.3286
vn -0.2115 -0.9306 0.2987
vn -0.2115 -0.9306 0.2987
vn -0.1331 -0.9364 0.3247
vn -0.1331 -0.9364 0.3247
vn 0.1298 -0.9099 0.3939
vn 0.0175 -0.9298 0.3677
vn 0.0175 -0.9298 0.3677
vn 0.1298 -0.9099 0.3939
vn -0.0978 -0.9369 0.3356
vn -0.0978 -0.9369 0.3356
vn -0.2560 -0.9244 0.2828
vn -0.3627 -0.9002 0.2411
vn -0.3627 -0.9002 0.2411
vn -0.2560 -0.9244 0.2828
vn -0.0426 -0.9352 0.3516
vn -0.0426 -0.9352 0.3516
vn 0.1009 -0.9163 0.3876
vn 0.1009 -0.9163 0.3876
vn -0.0439 -0.9353 0.3512
vn -0.0439 -0.9353 0.3512
vn -0.1142 -0.9368 0.3306
vn -0.1142 -0.9368 0.3306
vn 0.0573 -0.9242 0.3775
vn 0.0573 -0.9242 0.3775
vn -0.1268 -0.9366 0.3267
vn -0.1268 -0.9366 0.3267
vn 0.0017 -0.9316 0.3636
vn 0.0017 -0.9316 0.3636
vn -0.1205 -0.9367 0.3286
vn -0.1205 -0.9367 0.3286
vn -0.1205 -0.9367 0.3286
vn -0.1205 -0.9367 0.3286
vn 0.1420 -0.9070 0.3965
vn 0.1420 -0.9070 0.3965
vn -0.1205 -0.9367 0.3286
vn -0.1205 -0.9367 0.3286
vn -0.1205 -0.9367 0.3286
vn -0.1205 -0.9367 0.3286
vn 0.0250 -0.9289 0.3696
vn 0.0250 -0.9289 0.3696
vn -0.3663 -0.8991 0.2396
vn -0.3663 -0.8991 0.2396
vn 0.2434 -0.8765 0.4153
vn 0.2434 -0.8765 0.4153
vn 0.1337 -0.9090 0.3947
vn 0.1337 -0.9090 0.3947
vn 0.0292 -0.9283 0.3706
vn 0.0292 -0.9283 0.3706
vn -0.2630 -0.9232 0.2803
vn -0.2630 -0.9232 0.2803
vn 0.4013 -0.8058 0.4355
vn 0.4013 -0.8058 0.4355
vn 0.0247 -0.9289 0.3695
vn 0.0247 -0.9289 0.3695
vn -0.0284 -0.9342 0.3555
vn -0.0284 -0.9342 0.3555
vn -0.0819 -0.9367 0.3403
vn -0.0819 -0.9367 0.3403
vn 0.5873 -0.6781 0.4420
vn 0.5873 -0.6781 0.4420
vn -0.1589 -0.9352 0.3164
vn -0.1589 -0.9352 0.3164
vn -0.1079 -0.9369 0.3325
vn -0.1079 -0.9369 0.3325
vn 0.1264 -0.9107 0.3932
vn 0.1264 -0.9107 0.3932
vn 0.6670 -0.6034 0.4370
vn 0.6670 -0.6034 0.4370
vn -0.3595 -0.9011 0.2424
vn -0.3595 -0.9011 0.2424
vn -0.1976 -0.9321 0.3035
vn -0.1976 -0.9321 0.3035
vn 0.3517 -0.8313 0.4304
vn 0.3517 -0.8313 0.4304
vn -0.1205 -0.9367 0.3286
vn -0.1205 -0.9367 0.3286
vn -0.1205 -0.9367 0.3286
vn -0.1205 -0.9367 0.3286
vn -0.5633 -0.8132 0.1465
vn -0.5633 -0.8132 0.1465
vn -0.2942 -0.9173 0.2685
vn -0.2942 -0.9173 0.2685
vn 0.4644 -0.7685 0.4401
vn 0.4644 -0.7685 0.4401
vn 0.1205 0.9367 -0.3286
vn 0.1205 0.9367 -0.3286
vn 0.1205 0.9367 -0.3286
vn 0.1205 0.9367 -0.3286
vn -0.6594 -0.7463 0.0914
vn -0.6594 -0.7463 0.0914
vn -0.3740 -0.8968 0.2363
vn -0.3740 -0.8968 0.2363
vn -0.5758 -0.8055 0.1397
vn -0.5759 -0.8055 0.1397
vn 0.3662 -0.8242 0.4320
vn 0.3662 -0.8242 0.4320
vn -0.4671 -0.8625 0.1948
vn -0.4671 -0.8625 0.1948
vn 0.0260 -0.9287 0.3698
vn 0.0260 -0.9287 0.3698
vn 0.1205 0.9367 -0.3286
vn 0.1205 0.9367 -0.3286
vn -0.2642 -0.9230 0.2798
vn -0.2642 -0.9230 0.2798
vn -0.6060 -0.7859 0.1229
vn -0.6060 -0.7859 0.1229
vn 0.2004 -0.8908 0.4078
vn 0.2004 -0.8908 0.4078
vn 0.1205 0.9367 -0.3286
vn 0.1205 0.9367 -0.3286
vn -0.4280 -0.8784 0.2128
vn -0.4280 -0.8784 0.2128
vn -0.7584 -0.6514 0.0244
vn -0.7583 -0.6514 0.0244
vn -0.7521 -0.6584 0.0290
vn -0.7521 -0.6584 0.0290
vn 0.1205 0.9367 -0.3286
vn 0.1205 0.9367 -0.3286
vn 0.5793 -0.6848 0.4422
vn 0.5793 -0.6848 0.4422
vn -0.8186 -0.5739 -0.0240
vn -0.8186 -0.5739 -0.0240
vn 0.5012 -0.7442 0.4417
vn 0.4002 -0.8064 0.4354
vn 0.4002 -0.8064 0.4354
vn 0.5012 -0.7442 0.4417
vn 0.1205 0.9367 -0.3286
vn 0.1205 0.9367 -0.3286
vn -0.6051 -0.7865 0.1234
vn -0.6896 -0.7206 0.0722
vn -0.6896 -0.7206 0.0722
vn -0.6051 -0.7865 0.1234
vn -0.1205 -0.9367 0.3286
vn -0.1205 -0.9367 0.3286
vn -0.1205 -0.9367 0.3286
vn -0.1205 -0.9367 0.3286
vn -0.8140 -0.5806 -0.0201
vn -0.8140 -0.5806 -0.0201
vn 0.1205 0.9367 -0.3286
vn 0.1205 0.9367 -0.3286
vn 0.6609 -0.6096 0.4376
vn 0.6609 -0.6096 0.4376
vn 0.9549 -0.0189 0.2963
vn 0.9549 -0.0189 0.2963
vn 0.9549 -0.0189 0.2963
vn 0.9549 -0.0189 0.2963
vn -0.2713 0.3495 0.8968
vn -0.2713 0.3495 0.8968
vn -0.2713 0.3495 0.8968
vn -0.2713 0.3495 0.8968
vn -0.9549 0.0189 -0.2963
vn -0.9549 0.0189 -0.2963
vn -0.9549 0.0189 -0.2963
vn -0.9549 0.0189 -0.2963
vn 0.2713 -0.3495 -0.8968
vn 0.2713 -0.3495 -0.8968
vn 0.2713 -0.3495 -0.8968
vn 0.2713 -0.3495 -0.8968
vn -0.1205 -0.9367 0.3286
vn -0.1205 -0.9367 0.3286
vn -0.1205 -0.9367 0.3286
vn -0.1205 -0.9367 0.3286
vn 0.1205 0.9367 -0.3286
vn 0.1205 0.9367 -0.3286
vn 0.1205 0.9367 -0.3286
vn 0.1205 0.9367 -0.3286
vn 0.9549 -0.0189 0.2963
vn 0.9549 -0.0189 0.2963
vn 0.9549 -0.0189 0.2963
vn 0.9549 -0.0189 0.2963
vn -0.2713 0.3495 0.8968
vn -0.2713 0.3495 0.8968
vn -0.2713 0.3495 0.8968
vn -0.2713 0.3495 0.8968
vn -0.9549 0.0190 -0.2963
vn -0.9549 0.0190 -0.2963
vn -0.9549 0.0190 -0.2963
vn -0.9549 0.0190 -0.2963
vn 0.2713 -0.3495 -0.8968
vn 0.2713 -0.3495 -0.8968
vn 0.2713 -0.3495 -0.8968
vn 0.2713 -0.3495 -0.8968
vn -0.1205 -0.9367 0.3286
vn -0.1205 -0.9367 0.3286
vn -0.1205 -0.9367 0.3286
vn -0.1205 -0.9367 0.3286
vn 0.1205 0.9367 -0.3286
vn 0.1205 0.9367 -0.3286
vn 0.1205 0.9367 -0.3286
vn 0.1205 0.9367 -0.3286
vn 0.9549 -0.0189 0.2963
vn 0.9549 -0.0189 0.2963
vn 0.9549 -0.0189 0.2963
vn 0.9549 -0.0189 0.2963
vn -0.2713 0.3495 0.8968
vn -0.2713 0.3495 0.8968
vn -0.2713 0.3495 0.8968
vn -0.2713 0.3495 0.8968
vn -0.9549 0.0189 -0.2963
vn -0.9549 0.0189 -0.2963
vn -0.9549 0.0189 -0.2963
vn -0.9549 0.0189 -0.2963
vn 0.2713 -0.3495 -0.8968
vn 0.2713 -0.3495 -0.8968
vn 0.2713 -0.3495 -0.8968
vn 0.2713 -0.3495 -0.8968
vn -0.1205 -0.9367 0.3286
vn -0.1205 -0.9367 0.3286
vn -0.1205 -0.9367 0.3286
vn -0.1205 -0.9367 0.3286
vn 0.1205 0.9367 -0.3286
vn 0.1205 0.9367 -0.3286
vn 0.1205 0.9367 -0.3286
vn 0.1205 0.9367 -0.3286
vn 0.9549 -0.0189 0.2963
vn 0.9549 -0.0189 0.2963
vn 0.9549 -0.0189 0.2963
vn 0.9549 -0.0189 0.2963
vn -0.2713 0.3495 0.8968
vn -0.2713 0.3495 0.8968
vn -0.2713 0.3495 0.8968
vn -0.2713 0.3495 0.8968
vn -0.9549 0.0189 -0.2963
vn -0.9549 0.0189 -0.2963
vn -0.9549 0.0189 -0.2963
vn -0.9549 0.0189 -0.2963
vn 0.2713 -0.3495 -0.8968
vn 0.2713 -0.3495 -0.8968
vn 0.2713 -0.3495 -0.8968
vn 0.2713 -0.3495 -0.8968
vn -0.1205 -0.9367 0.3286
vn -0.1205 -0.9367 0.3286
vn -0.1205 -0.9367 0.3286
vn -0.1205 -0.9367 0.3286
vn 0.1205 0.9367 -0.3286
vn 0.1205 0.9367 -0.3286
vn 0.1205 0.9367 -0.3286
vn 0.1205 0.9367 -0.3286
vn 0.1205 0.9367 -0.3287
vn 0.1205 0.9367 -0.3286
vn 0.1205 0.9367 -0.3286
vn 0.1205 0.9367 -0.3287
vn 0.1205 0.9367 -0.3286
vn 0.1205 0.9367 -0.3286
vn 0.1205 0.9367 -0.3286
vn 0.1205 0.9367 -0.3286
vn 0.1205 0.9367 -0.3287
vn 0.1205 0.9367 -0.3287
vn 0.5254 0.8344 -0.1662
vn 0.5254 0.8344 -0.1662
vn 0.5254 0.8344 -0.1662
vn 0.5254 0.8344 -0.1662
vn -0.0101 0.9953 0.0959
vn -0.0101 0.9953 0.0959
vn -0.0101 0.9953 0.0959
vn -0.0101 0.9953 0.0959
vn -0.3086 0.8509 -0.4251
vn -0.3086 0.8509 -0.4251
vn -0.3086 0.8509 -0.4251
vn -0.3086 0.8509 -0.4251
vn 0.2269 0.6902 -0.6872
vn 0.2269 0.6902 -0.6872
vn 0.2269 0.6902 -0.6872
vn 0.2269 0.6902 -0.6872
vn 0.9549 -0.0189 0.2962
vn 0.9549 -0.0189 0.2962
vn 0.9549 -0.0189 0.2962
vn 0.9549 -0.0189 0.2962
vn -0.1205 -0.9367 0.3286
vn -0.1205 -0.9367 0.3286
vn -0.1205 -0.9367 0.3286
vn -0.1205 -0.9367 0.3286
vn -0.9549 0.0189 -0.2963
vn -0.9549 0.0189 -0.2963
vn -0.9549 0.0189 -0.2963
vn -0.9549 0.0189 -0.2963
vn 0.1205 0.9367 -0.3286
vn 0.1205 0.9367 -0.3286
vn 0.1205 0.9367 -0.3286
vn 0.1205 0.9367 -0.3286
vn 0.2713 -0.3495 -0.8968
vn 0.2713 -0.3495 -0.8968
vn 0.2713 -0.3495 -0.8968
vn 0.2713 -0.3495 -0.8968
vn -0.2713 0.3495 0.8968
vn -0.2713 0.3495 0.8968
vn -0.2713 0.3495 0.8968
vn -0.2713 0.3495 0.8968
vn 0.9549 -0.0189 0.2962
vn 0.9549 -0.0189 0.2962
vn 0.9549 -0.0189 0.2962
vn 0.9549 -0.0189 0.2962
vn -0.1205 -0.9367 0.3286
vn -0.1205 -0.9367 0.3286
vn -0.1205 -0.9367 0.3286
vn -0.1205 -0.9367 0.3286
vn -0.9549 0.0189 -0.2963
vn -0.9549 0.0189 -0.2963
vn -0.9549 0.0189 -0.2963
vn -0.9549 0.0189 -0.2963
vn 0.1205 0.9367 -0.3286
vn 0.1205 0.9367 -0.3286
vn 0.1205 0.9367 -0.3286
vn 0.1205 0.9367 -0.3286
vn 0.2713 -0.3495 -0.8968
vn 0.2713 -0.3495 -0.8968
vn 0.2713 -0.3495 -0.8968
vn 0.2713 -0.3495 -0.8968
vn -0.2713 0.3495 0.8968
vn -0.2713 0.3495 0.8968
vn -0.2713 0.3495 0.8968
vn -0.2713 0.3495 0.8968
vn 0.9549 -0.0189 0.2963
vn 0.9549 -0.0189 0.2963
vn 0.9549 -0.0189 0.2963
vn 0.9549 -0.0189 0.2963
vn -0.9549 0.0189 -0.2963
vn -0.9549 0.0189 -0.2963
vn -0.9549 0.0189 -0.2963
vn -0.9549 0.0189 -0.2963
vn 0.1205 0.9367 -0.3286
vn 0.1205 0.9367 -0.3286
vn 0.1205 0.9367 -0.3286
vn 0.1205 0.9367 -0.3286
vn -0.1205 -0.9367 0.3286
vn -0.1205 -0.9367 0.3286
vn -0.1205 -0.9367 0.3286
vn -0.1205 -0.9367 0.3286
vn -0.2714 0.3495 0.8968
vn -0.2714 0.3495 0.8968
vn -0.2714 0.3495 0.8968
vn -0.2714 0.3495 0.8968
vn 0.2713 -0.3495 -0.8968
vn 0.2713 -0.3495 -0.8968
vn 0.2713 -0.3495 -0.8968
vn 0.2713 -0.3495 -0.8968
vn 0.9549 -0.0189 0.2963
vn 0.9549 -0.0189 0.2963
vn 0.9549 -0.0189 0.2963
vn 0.9549 -0.0189 0.2963
vn -0.9549 0.0189 -0.2963
vn -0.9549 0.0189 -0.2963
vn -0.9549 0.0189 -0.2963
vn -0.9549 0.0189 -0.2963
vn 0.1205 0.9367 -0.3286
vn 0.1205 0.9367 -0.3286
vn 0.1205 0.9367 -0.3286
vn 0.1205 0.9367 -0.3286
vn -0.1205 -0.9367 0.3286
vn -0.1205 -0.9367 0.3286
vn -0.1205 -0.9367 0.3286
vn -0.1205 -0.9367 0.3286
vn 0.2714 -0.3495 -0.8968
vn 0.2714 -0.3495 -0.8968
vn 0.2714 -0.3495 -0.8968
vn 0.2714 -0.3495 -0.8968
vn -0.2713 0.3495 0.8968
vn -0.2713 0.3495 0.8968
vn -0.2713 0.3495 0.8968
vn -0.2713 0.3495 0.8968
vn 0.9421 -0.0213 0.3345
vn 0.9421 -0.0213 0.3345
vn 0.9421 -0.0213 0.3345
vn 0.9421 -0.0213 0.3345
vn -0.9421 0.0213 -0.3345
vn -0.9421 0.0213 -0.3345
vn -0.9421 0.0213 -0.3345
vn -0.9421 0.0213 -0.3345
vn -0.3352 -0.0699 0.9395
vn -0.3151 0.2841 0.9055
vn -0.3151 0.2841 0.9055
vn -0.3352 -0.0699 0.9395
vn 0.1332 -0.8920 -0.4319
vn 0.0170 -0.9937 -0.1111
vn 0.0170 -0.9937 -0.1111
vn 0.1332 -0.8920 -0.4319
vn -0.2710 0.5389 0.7976
vn -0.2710 0.5389 0.7976
vn -0.2441 0.6403 0.7283
vn -0.2441 0.6403 0.7283
vn -0.2441 0.6403 0.7283
vn -0.2441 0.6403 0.7283
vn -0.3351 -0.0880 0.9381
vn -0.3035 -0.4781 0.8242
vn -0.3035 -0.4781 0.8242
vn -0.3351 -0.0880 0.9381
vn 0.2133 -0.7317 -0.6474
vn 0.2133 -0.7317 -0.6474
vn -0.1237 -0.9496 0.2879
vn 0.0109 -0.9955 -0.0940
vn 0.0109 -0.9955 -0.0941
vn -0.1237 -0.9496 0.2879
vn 0.2441 -0.6403 -0.7283
vn 0.2441 -0.6403 -0.7283
vn 0.2441 -0.6403 -0.7283
vn 0.2441 -0.6403 -0.7283
vn -0.3074 0.3431 0.8876
vn -0.3074 0.3431 0.8876
vn 0.1521 -0.8622 -0.4832
vn 0.1521 -0.8622 -0.4832
vn -0.2297 -0.7678 0.5981
vn -0.2297 -0.7678 0.5981
vn -0.2297 -0.7678 0.5981
vn -0.2297 -0.7678 0.5981
vn 0.2441 -0.6403 -0.7283
vn 0.2441 -0.6403 -0.7283
vn -0.2297 -0.7678 0.5981
vn -0.2297 -0.7678 0.5981
vn -0.2297 -0.7678 0.5981
vn -0.2297 -0.7678 0.5981
vn -0.2783 0.5064 0.8161
vn -0.2783 0.5064 0.8161
vn -0.2441 0.6403 0.7283
vn -0.2441 0.6403 0.7283
vn 0.2033 -0.7571 -0.6209
vn 0.2033 -0.7571 -0.6209
vn -0.3085 -0.4457 0.8404
vn -0.3085 -0.4457 0.8404
vn 0.2297 0.7678 -0.5981
vn 0.2297 0.7678 -0.5981
vn 0.2297 0.7678 -0.5981
vn 0.2297 0.7678 -0.5981
vn -0.1123 -0.9604 0.2550
vn -0.1123 -0.9604 0.2550
vn 0.2297 0.7678 -0.5981
vn 0.2297 0.7678 -0.5981
vn 0.2297 0.7678 -0.5981
vn 0.2297 0.7678 -0.5981
vn 0.9421 -0.0213 0.3345
vn 0.9421 -0.0213 0.3345
vn 0.9421 -0.0213 0.3345
vn 0.9421 -0.0213 0.3345
vn -0.9421 0.0213 -0.3345
vn -0.9421 0.0213 -0.3345
vn -0.9421 0.0213 -0.3345
vn -0.9421 0.0213 -0.3345
vn -0.3352 -0.0699 0.9396
vn -0.3151 0.2840 0.9056
vn -0.3151 0.2840 0.9056
vn -0.3352 -0.0699 0.9396
vn 0.1332 -0.8920 -0.4319
vn 0.0169 -0.9937 -0.1110
vn 0.0169 -0.9937 -0.1110
vn 0.1332 -0.8920 -0.4319
vn -0.2710 0.5389 0.7976
vn -0.2710 0.5389 0.7976
vn -0.2441 0.6403 0.7283
vn -0.2441 0.6403 0.7283
vn -0.2441 0.6403 0.7283
vn -0.2441 0.6403 0.7283
vn -0.3351 -0.0880 0.9381
vn -0.3035 -0.4780 0.8242
vn -0.3035 -0.4780 0.8242
vn -0.3351 -0.0880 0.9381
vn 0.2133 -0.7317 -0.6474
vn 0.2133 -0.7317 -0.6474
vn -0.1237 -0.9496 0.2879
vn 0.0109 -0.9955 -0.0941
vn 0.0109 -0.9955 -0.0941
vn -0.1237 -0.9496 0.2879
vn 0.2441 -0.6404 -0.7283
vn 0.2441 -0.6404 -0.7283
vn 0.2441 -0.6404 -0.7283
vn 0.2441 -0.6404 -0.7283
vn -0.3074 0.3431 0.8876
vn -0.3074 0.3431 0.8876
vn 0.1521 -0.8622 -0.4832
vn 0.1521 -0.8622 -0.4832
vn -0.2297 -0.7678 0.5981
vn -0.2297 -0.7678 0.5981
vn -0.2297 -0.7678 0.5981
vn -0.2297 -0.7678 0.5981
vn 0.2441 -0.6404 -0.7282
vn 0.2441 -0.6404 -0.7282
vn -0.2297 -0.7678 0.5981
vn -0.2297 -0.7678 0.5981
vn -0.2297 -0.7678 0.5981
vn -0.2297 -0.7678 0.5981
vn -0.2783 0.5065 0.8161
vn -0.2783 0.5065 0.8161
vn -0.2441 0.6404 0.7283
vn -0.2441 0.6404 0.7283
vn 0.2033 -0.7571 -0.6209
vn 0.2033 -0.7571 -0.6209
vn -0.3085 -0.4457 0.8404
vn -0.3085 -0.4457 0.8404
vn 0.2297 0.7678 -0.5981
vn 0.2297 0.7678 -0.5981
vn 0.2297 0.7678 -0.5981
vn 0.2297 0.7678 -0.5981
vn -0.1123 -0.9604 0.2549
vn -0.1123 -0.9604 0.2550
vn 0.2297 0.7678 -0.5981
vn 0.2297 0.7678 -0.5981
vn 0.2297 0.7678 -0.5981
vn 0.2297 0.7678 -0.5981
vn -0.2441 0.6403 0.7283
vn -0.2441 0.6403 0.7283
vn 0.2441 -0.6404 -0.7282
vn 0.2441 -0.6404 -0.7282
vn -0.2441 0.6403 0.7283
vn -0.2441 0.6403 0.7283
vn 0.2441 -0.6404 -0.7283
vn 0.2441 -0.6404 -0.7283
vn -0.2441 0.6403 0.7283
vn -0.2441 0.6404 0.7282
vn -0.2441 0.6404 0.7282
vn -0.2441 0.6403 0.7283
vn -0.2441 0.6403 0.7283
vn -0.2441 0.6404 0.7283
vn -0.2441 0.6404 0.7283
vn -0.2441 0.6403 0.7283
vn -0.2441 0.6404 0.7283
vn -0.2441 0.6404 0.7283
vn -0.2441 0.6404 0.7283
vn -0.2441 0.6404 0.7283
vn -0.2441 0.6403 0.7283
vn -0.2441 0.6404 0.7283
vn -0.2441 0.6404 0.7283
vn -0.2441 0.6403 0.7283
vn -0.2441 0.6404 0.7282
vn -0.2441 0.6404 0.7282
vn -0.2441 0.6403 0.7283
vn -0.2441 0.6403 0.7283
vn -0.2441 0.6404 0.7282
vn -0.2441 0.6404 0.7283
vn -0.2441 0.6404 0.7283
vn -0.2441 0.6404 0.7283
vn -0.2441 0.6403 0.7283
vn -0.2441 0.6404 0.7282
vn -0.2441 0.6404 0.7282
vn -0.2441 0.6403 0.7283
vn -0.2441 0.6404 0.7283
vn -0.2441 0.6404 0.7283
vn -0.2441 0.6404 0.7283
vn -0.2441 0.6404 0.7283
vn -0.2441 0.6403 0.7283
vn -0.2441 0.6403 0.7283
vn -0.2441 0.6403 0.7283
vn -0.2441 0.6403 0.7283
vn -0.2441 0.6404 0.7283
vn -0.2441 0.6404 0.7283
vn -0.2441 0.6404 0.7283
vn -0.2441 0.6404 0.7283
vn -0.2441 0.6404 0.7283
vn -0.2441 0.6404 0.7283
vn -0.2441 0.6403 0.7283
vn -0.2441 0.6403 0.7283
vn -0.2441 0.6404 0.7283
vn -0.2441 0.6404 0.7283
vn -0.2441 0.6403 0.7283
vn -0.2441 0.6403 0.7283
vn -0.2441 0.6403 0.7283
vn -0.2441 0.6403 0.7283
vn -0.2441 0.6403 0.7283
vn -0.2441 0.6403 0.7283
vn -0.2441 0.6404 0.7283
vn -0.2441 0.6404 0.7283
vn -0.2441 0.6404 0.7283
vn -0.2441 0.6404 0.7283
vn -0.2441 0.6404 0.7283
vn -0.2441 0.6404 0.7282
vn -0.2441 0.6404 0.7282
vn -0.2441 0.6404 0.7282
vn -0.2441 0.6404 0.7283
vn -0.2441 0.6404 0.7283
vn -0.2441 0.6404 0.7282
vn -0.2441 0.6404 0.7282
vn -0.2441 0.6404 0.7283
vn -0.2441 0.6404 0.7283
vn -0.2441 0.6403 0.7283
vn -0.2441 0.6403 0.7283
vn -0.2441 0.6404 0.7283
vn -0.2441 0.6404 0.7283
vn -0.2441 0.6404 0.7283
vn -0.2441 0.6403 0.7283
vn -0.2441 0.6403 0.7283
vn -0.2441 0.6404 0.7283
vn -0.2441 0.6403 0.7283
vn -0.2441 0.6403 0.7283
vn -0.2441 0.6403 0.7283
vn -0.2441 0.6403 0.7283
vn -0.2441 0.6404 0.7283
vn -0.2441 0.6404 0.7283
vn -0.2441 0.6403 0.7283
vn -0.2441 0.6403 0.7283
vn -0.2442 0.6404 0.7282
vn -0.2441 0.6404 0.7282
vn -0.2441 0.6403 0.7283
vn -0.2441 0.6403 0.7283
vn -0.2441 0.6403 0.7283
vn -0.2442 0.6404 0.7282
vn -0.2441 0.6404 0.7282
vn -0.2441 0.6404 0.7282
vn -0.2441 0.6403 0.7283
vn -0.2441 0.6403 0.7283
vn -0.2441 0.6403 0.7283
vn -0.2441 0.6403 0.7283
vn -0.2441 0.6403 0.7283
vn -0.2441 0.6403 0.7283
vn -0.2441 0.6403 0.7283
vn -0.2441 0.6403 0.7283
vn -0.2441 0.6404 0.7283
vn -0.2441 0.6404 0.7283
vn -0.2441 0.6403 0.7283
vn -0.2441 0.6403 0.7283
vn -0.2441 0.6404 0.7282
vn -0.2441 0.6404 0.7283
vn -0.2441 0.6404 0.7283
vn -0.2441 0.6404 0.7283
vn -0.2441 0.6404 0.7283
vn -0.2441 0.6404 0.7283
vn -0.2441 0.6404 0.7283
vn -0.2441 0.6404 0.7283
vn -0.2441 0.6404 0.7283
vn -0.2441 0.6404 0.7283
vn -0.2441 0.6403 0.7283
vn -0.2441 0.6403 0.7283
vn -0.2441 0.6403 0.7283
vn -0.2441 0.6403 0.7283
vn -0.2441 0.6403 0.7283
vn -0.2441 0.6403 0.7283
vn -0.2441 0.6403 0.7283
vn -0.2441 0.6403 0.7283
vn -0.2441 0.6404 0.7283
vn -0.2441 0.6404 0.7283
vn -0.2441 0.6403 0.7283
vn -0.2441 0.6403 0.7283
vn -0.2441 0.6404 0.7283
vn -0.2441 0.6404 0.7283
vn -0.2441 0.6403 0.7283
vn -0.2441 0.6403 0.7283
vn -0.2441 0.6404 0.7283
vn -0.2441 0.6404 0.7283
vn -0.2441 0.6404 0.7283
vn -0.2441 0.6404 0.7283
vn 0.2441 -0.6404 -0.7283
vn 0.2441 -0.6404 -0.7283
vn 0.2441 -0.6404 -0.7283
vn 0.2441 -0.6404 -0.7283
vn 0.2441 -0.6403 -0.7283
vn 0.2441 -0.6403 -0.7283
vn 0.2441 -0.6403 -0.7283
vn 0.2441 -0.6403 -0.7283
vn 0.2441 -0.6404 -0.7283
vn 0.2441 -0.6404 -0.7283
vn 0.2441 -0.6403 -0.7283
vn 0.2441 -0.6403 -0.7283
vn 0.2441 -0.6403 -0.7283
vn 0.2441 -0.6403 -0.7283
vn 0.2441 -0.6403 -0.7283
vn 0.2441 -0.6403 -0.7283
vn 0.2441 -0.6404 -0.7282
vn 0.2441 -0.6404 -0.7283
vn 0.2441 -0.6403 -0.7283
vn 0.2441 -0.6403 -0.7283
vn 0.2441 -0.6404 -0.7282
vn 0.2441 -0.6404 -0.7282
vn 0.2441 -0.6404 -0.7283
vn 0.2441 -0.6404 -0.7283
vn 0.2442 -0.6404 -0.7282
vn 0.2442 -0.6404 -0.7282
vn 0.2441 -0.6404 -0.7283
vn 0.2441 -0.6404 -0.7283
vn 0.2441 -0.6404 -0.7283
vn 0.2441 -0.6404 -0.7283
vn 0.2441 -0.6404 -0.7283
vn 0.2441 -0.6404 -0.7283
vn 0.2441 -0.6403 -0.7283
vn 0.2441 -0.6403 -0.7283
vn 0.2441 -0.6403 -0.7283
vn 0.2441 -0.6403 -0.7283
vn 0.2441 -0.6403 -0.7283
vn 0.2441 -0.6403 -0.7283
vn 0.2441 -0.6404 -0.7283
vn 0.2441 -0.6403 -0.7283
vn 0.2441 -0.6404 -0.7283
vn 0.2441 -0.6404 -0.7283
vn 0.2441 -0.6404 -0.7283
vn 0.2441 -0.6404 -0.7283
vn 0.2441 -0.6404 -0.7283
vn 0.2441 -0.6403 -0.7283
vn 0.2441 -0.6403 -0.7283
vn 0.2441 -0.6404 -0.7282
vn 0.2441 -0.6404 -0.7283
vn 0.2441 -0.6403 -0.7283
vn 0.2441 -0.6403 -0.7283
vn 0.2441 -0.6403 -0.7283
vn 0.2441 -0.6404 -0.7283
vn 0.2441 -0.6404 -0.7283
vn 0.2441 -0.6403 -0.7283
vn 0.2441 -0.6403 -0.7283
vn 0.2441 -0.6404 -0.7282
vn 0.2441 -0.6404 -0.7283
vn 0.2441 -0.6403 -0.7283
vn 0.2441 -0.6403 -0.7283
vn 0.2441 -0.6403 -0.7283
vn 0.2441 -0.6403 -0.7283
vn 0.2441 -0.6403 -0.7283
vn 0.2441 -0.6403 -0.7283
vn 0.2441 -0.6404 -0.7283
vn 0.2441 -0.6404 -0.7283
vn 0.2441 -0.6404 -0.7283
vn 0.2441 -0.6404 -0.7283
vn 0.2441 -0.6404 -0.7283
vn 0.2441 -0.6404 -0.7283
vn 0.2441 -0.6403 -0.7283
vn 0.2441 -0.6403 -0.7283
vn 0.2441 -0.6403 -0.7283
vn 0.2441 -0.6403 -0.7283
vn 0.2441 -0.6404 -0.7283
vn 0.2441 -0.6404 -0.7283
vn 0.2441 -0.6404 -0.7283
vn 0.2441 -0.6404 -0.7283
vn 0.2441 -0.6403 -0.7283
vn 0.2441 -0.6403 -0.7283
vn 0.2441 -0.6404 -0.7283
vn 0.2441 -0.6404 -0.7283
vn 0.2441 -0.6403 -0.7283
vn 0.2441 -0.6403 -0.7283
vn 0.2441 -0.6403 -0.7283
vn 0.2441 -0.6403 -0.7283
vn 0.2441 -0.6403 -0.7283
vn 0.2441 -0.6403 -0.7283
vn 0.2441 -0.6404 -0.7283
vn 0.2441 -0.6404 -0.7283
vn 0.2440 -0.6403 -0.7283
vn 0.2440 -0.6403 -0.7283
vn 0.2441 -0.6403 -0.7283
vn 0.2441 -0.6403 -0.7283
vn 0.2441 -0.6404 -0.7283
vn 0.2441 -0.6404 -0.7283
vn 0.2441 -0.6404 -0.7283
vn 0.2441 -0.6404 -0.7283
vn 0.2441 -0.6403 -0.7283
vn 0.2441 -0.6403 -0.7283
vn 0.2441 -0.6404 -0.7283
vn 0.2441 -0.6404 -0.7283
vn 0.2441 -0.6403 -0.7283
vn 0.2441 -0.6403 -0.7283
vn 0.2441 -0.6403 -0.7283
vn 0.2441 -0.6403 -0.7283
vn 0.2441 -0.6403 -0.7283
vn 0.2441 -0.6403 -0.7283
vn 0.2441 -0.6403 -0.7283
vn 0.2441 -0.6403 -0.7283
vn 0.2441 -0.6404 -0.7282
vn 0.2441 -0.6404 -0.7283
vn 0.2441 -0.6404 -0.7283
vn 0.2441 -0.6404 -0.7283
vn 0.2441 -0.6403 -0.7283
vn 0.2441 -0.6403 -0.7283
vn 0.2441 -0.6403 -0.7283
vn 0.2441 -0.6403 -0.7283
vn 0.2441 -0.6403 -0.7283
vn 0.2441 -0.6403 -0.7283
vn 0.2441 -0.6403 -0.7283
vn 0.2441 -0.6403 -0.7283
vn 0.2441 -0.6403 -0.7283
vn 0.2441 -0.6403 -0.7283
vn 0.2441 -0.6403 -0.7283
vn 0.2441 -0.6403 -0.7283
vn 0.2441 -0.6404 -0.7283
vn 0.2441 -0.6404 -0.7283
vn 0.2441 -0.6404 -0.7283
vn 0.2441 -0.6404 -0.7283
vn 0.2441 -0.6404 -0.7283
vn 0.2441 -0.6404 -0.7283
vn 0.2297 0.7678 -0.5981
vn 0.2297 0.7678 -0.5981
vn 0.2297 0.7678 -0.5981
vn 0.2297 0.7678 -0.5981
vn 0.2297 0.7678 -0.5981
vn 0.2297 0.7678 -0.5981
vn 0.2297 0.7678 -0.5981
vn 0.2297 0.7678 -0.5981
vn 0.2297 0.7678 -0.5981
vn 0.2297 0.7678 -0.5981
vn 0.2297 0.7678 -0.5981
vn 0.2297 0.7678 -0.5981
vn 0.2297 0.7678 -0.5981
vn 0.2297 0.7678 -0.5981
vn 0.2297 0.7678 -0.5981
vn 0.2297 0.7678 -0.5981
vn 0.2297 0.7678 -0.5981
vn 0.2297 0.7678 -0.5981
vn 0.2297 0.7678 -0.5981
vn 0.2297 0.7678 -0.5981
vn 0.2297 0.7678 -0.5981
vn 0.2297 0.7678 -0.5981
vn 0.2297 0.7678 -0.5981
vn 0.2297 0.7678 -0.5981
vn 0.2297 0.7678 -0.5981
vn 0.2297 0.7678 -0.5981
vn 0.2297 0.7678 -0.5981
vn 0.2297 0.7678 -0.5981
vn 0.2297 0.7678 -0.5981
vn 0.2297 0.7678 -0.5981
vn 0.2297 0.7678 -0.5981
vn 0.2297 0.7678 -0.5981
vn 0.2297 0.7678 -0.5981
vn 0.2297 0.7678 -0.5981
vn 0.2297 0.7678 -0.5981
vn 0.2297 0.7678 -0.5981
vn 0.2297 0.7678 -0.5981
vn 0.2297 0.7678 -0.5981
vn 0.2297 0.7678 -0.5981
vn 0.2297 0.7678 -0.5981
vn 0.2298 0.7678 -0.5981
vn 0.2298 0.7678 -0.5981
vn 0.2297 0.7678 -0.5981
vn 0.2297 0.7678 -0.5981
vn 0.2297 0.7678 -0.5981
vn 0.2297 0.7678 -0.5981
vn 0.2297 0.7678 -0.5981
vn 0.2297 0.7678 -0.5981
vn 0.2297 0.7678 -0.5981
vn 0.2297 0.7678 -0.5981
vn 0.2298 0.7678 -0.5981
vn 0.2298 0.7678 -0.5981
vn 0.2297 0.7678 -0.5981
vn 0.2297 0.7678 -0.5981
vn 0.2297 0.7678 -0.5981
vn 0.2297 0.7678 -0.5981
vn 0.2297 0.7678 -0.5981
vn 0.2297 0.7678 -0.5981
vn 0.2297 0.7678 -0.5981
vn 0.2297 0.7678 -0.5981
vn 0.2298 0.7678 -0.5981
vn 0.2298 0.7678 -0.5981
vn 0.2297 0.7678 -0.5981
vn 0.2297 0.7678 -0.5981
vn 0.2297 0.7678 -0.5981
vn 0.2297 0.7678 -0.5981
vn 0.2297 0.7678 -0.5981
vn 0.2297 0.7678 -0.5981
vn 0.2297 0.7678 -0.5981
vn 0.2297 0.7678 -0.5981
vn 0.2297 0.7678 -0.5981
vn 0.2297 0.7678 -0.5981
vn 0.2297 0.7678 -0.5981
vn 0.2297 0.7678 -0.5981
vn 0.2297 0.7678 -0.5981
vn 0.2297 0.7678 -0.5981
vn 0.2297 0.7678 -0.5981
vn 0.2297 0.7678 -0.5981
vn 0.2298 0.7678 -0.5981
vn 0.2298 0.7678 -0.5981
vn 0.2297 0.7678 -0.5981
vn 0.2297 0.7678 -0.5981
vn 0.2297 0.7678 -0.5981
vn 0.2297 0.7678 -0.5981
vn 0.2297 0.7678 -0.5981
vn 0.2297 0.7678 -0.5981
vn 0.2297 0.7678 -0.5981
vn 0.2297 0.7678 -0.5981
vn 0.2297 0.7678 -0.5981
vn 0.2297 0.7678 -0.5981
vn 0.2297 0.7678 -0.5981
vn 0.2297 0.7678 -0.5981
vn 0.2298 0.7678 -0.5981
vn 0.2298 0.7678 -0.5981
vn 0.2297 0.7678 -0.5981
vn 0.2297 0.7678 -0.5981
vn 0.2297 0.7678 -0.5981
vn 0.2297 0.7678 -0.5981
vn 0.2298 0.7678 -0.5981
vn 0.2298 0.7678 -0.5981
vn 0.2297 0.7678 -0.5981
vn 0.2297 0.7678 -0.5981
vn 0.2297 0.7678 -0.5981
vn 0.2297 0.7678 -0.5981
vn 0.2297 0.7678 -0.5981
vn 0.2297 0.7678 -0.5981
vn 0.2298 0.7678 -0.5981
vn 0.2297 0.7678 -0.5981
vn 0.2297 0.7678 -0.5981
vn 0.2298 0.7678 -0.5981
vn 0.2297 0.7678 -0.5981
vn 0.2297 0.7678 -0.5981
vn 0.2298 0.7678 -0.5981
vn 0.2297 0.7678 -0.5981
vn 0.2297 0.7678 -0.5981
vn 0.2298 0.7678 -0.5981
vn -0.9421 0.0213 -0.3345
vn -0.9421 0.0213 -0.3345
vn -0.9421 0.0213 -0.3345
vn -0.9421 0.0213 -0.3345
vn -0.9421 0.0213 -0.3345
vn -0.9421 0.0213 -0.3345
vn -0.9421 0.0213 -0.3345
vn -0.9421 0.0213 -0.3345
vn 0.9422 -0.0213 0.3345
vn 0.9422 -0.0213 0.3345
vn 0.9422 -0.0213 0.3345
vn 0.9422 -0.0213 0.3345
vn -0.2297 -0.7678 0.5981
vn -0.2520 -0.7671 0.5900
vn -0.2520 -0.7671 0.5900
vn -0.2297 -0.7678 0.5981
vn 0.2297 0.7678 -0.5981
vn 0.2297 0.7678 -0.5981
vn 0.9421 -0.0213 0.3346
vn 0.9421 -0.0213 0.3346
vn 0.9421 -0.0213 0.3346
vn 0.9421 -0.0213 0.3346
vn -0.3042 -0.7636 0.5695
vn -0.3042 -0.7636 0.5695
vn -0.3475 -0.7589 0.5508
vn -0.3475 -0.7589 0.5508
vn -0.3693 -0.7558 0.5407
vn -0.3693 -0.7558 0.5407
vn -0.3732 -0.7552 0.5389
vn -0.3732 -0.7552 0.5389
vn -0.2298 -0.7678 0.5981
vn -0.4390 -0.7426 0.5058
vn -0.4390 -0.7426 0.5058
vn -0.2298 -0.7678 0.5981
vn -0.3190 -0.7622 0.5633
vn -0.3190 -0.7622 0.5633
vn -0.2422 -0.7674 0.5936
vn -0.2422 -0.7674 0.5936
vn 0.0210 -0.7473 0.6641
vn -0.0924 -0.7629 0.6398
vn -0.0924 -0.7629 0.6398
vn 0.0210 -0.7473 0.6641
vn -0.2074 -0.7681 0.6059
vn -0.2074 -0.7681 0.6059
vn -0.3623 -0.7568 0.5440
vn -0.4649 -0.7363 0.4916
vn -0.4649 -0.7363 0.4916
vn -0.3623 -0.7568 0.5440
vn -0.1525 -0.7670 0.6233
vn -0.1525 -0.7670 0.6233
vn -0.0083 -0.7523 0.6587
vn -0.0083 -0.7523 0.6587
vn -0.1538 -0.7670 0.6229
vn -0.1538 -0.7670 0.6229
vn -0.2235 -0.7679 0.6003
vn -0.2235 -0.7679 0.6003
vn -0.0525 -0.7586 0.6494
vn -0.0525 -0.7586 0.6494
vn -0.2359 -0.7676 0.5959
vn -0.2359 -0.7676 0.5959
vn -0.1083 -0.7643 0.6357
vn -0.1083 -0.7643 0.6357
vn -0.2297 -0.7678 0.5981
vn -0.2297 -0.7678 0.5981
vn -0.2297 -0.7678 0.5981
vn -0.2297 -0.7678 0.5981
vn 0.0333 -0.7450 0.6662
vn 0.0333 -0.7450 0.6662
vn -0.2297 -0.7678 0.5981
vn -0.2297 -0.7678 0.5981
vn -0.2297 -0.7678 0.5981
vn -0.2297 -0.7678 0.5981
vn -0.0849 -0.7622 0.6417
vn -0.0849 -0.7622 0.6417
vn -0.4684 -0.7354 0.4896
vn -0.4684 -0.7354 0.4896
vn 0.1373 -0.7206 0.6796
vn 0.1373 -0.7206 0.6796
vn 0.0249 -0.7466 0.6648
vn 0.0249 -0.7466 0.6648
vn -0.0807 -0.7618 0.6428
vn -0.0807 -0.7618 0.6428
vn -0.3690 -0.7558 0.5409
vn -0.3690 -0.7558 0.5409
vn 0.3017 -0.6636 0.6846
vn 0.3017 -0.6636 0.6846
vn -0.0852 -0.7622 0.6417
vn -0.0852 -0.7622 0.6417
vn -0.1383 -0.7663 0.6274
vn -0.1383 -0.7663 0.6274
vn -0.1915 -0.7680 0.6111
vn -0.1915 -0.7680 0.6111
vn 0.5008 -0.5599 0.6601
vn 0.5008 -0.5599 0.6601
vn -0.2676 -0.7663 0.5841
vn -0.2676 -0.7663 0.5841
vn -0.2173 -0.7680 0.6025
vn -0.2173 -0.7680 0.6025
vn 0.0175 -0.7479 0.6635
vn 0.0175 -0.7479 0.6635
vn 0.5884 -0.4991 0.6361
vn 0.5884 -0.4991 0.6361
vn -0.4619 -0.7371 0.4933
vn -0.4619 -0.7371 0.4933
vn -0.3055 -0.7635 0.5690
vn -0.3055 -0.7635 0.5690
vn 0.2497 -0.6841 0.6853
vn 0.2497 -0.6842 0.6853
vn -0.2297 -0.7678 0.5981
vn -0.2297 -0.7678 0.5981
vn -0.2297 -0.7678 0.5981
vn -0.2297 -0.7678 0.5981
vn -0.6530 -0.6637 0.3647
vn -0.6530 -0.6637 0.3648
vn -0.3992 -0.7508 0.5263
vn -0.3992 -0.7508 0.5263
vn 0.3686 -0.6333 0.6805
vn 0.3686 -0.6333 0.6805
vn 0.2297 0.7678 -0.5981
vn 0.2297 0.7678 -0.5981
vn 0.2297 0.7678 -0.5981
vn 0.2297 0.7678 -0.5981
vn -0.7402 -0.6082 0.2868
vn -0.7402 -0.6082 0.2868
vn -0.4758 -0.7335 0.4855
vn -0.4758 -0.7335 0.4855
vn -0.6646 -0.6574 0.3553
vn -0.6646 -0.6574 0.3553
vn 0.2649 -0.6784 0.6853
vn 0.2649 -0.6784 0.6853
vn -0.5638 -0.7047 0.4307
vn -0.5638 -0.7047 0.4307
vn -0.0839 -0.7621 0.6420
vn -0.0839 -0.7621 0.6420
vn 0.2297 0.7678 -0.5981
vn 0.2297 0.7678 -0.5981
vn -0.3702 -0.7556 0.5403
vn -0.3702 -0.7556 0.5403
vn -0.6921 -0.6411 0.3317
vn -0.6921 -0.6411 0.3317
vn 0.0931 -0.7320 0.6749
vn 0.0931 -0.7320 0.6749
vn 0.2297 0.7678 -0.5981
vn 0.2297 0.7678 -0.5981
vn -0.5270 -0.7180 0.4547
vn -0.5270 -0.7180 0.4547
vn -0.8269 -0.5298 0.1887
vn -0.8269 -0.5298 0.1887
vn -0.8215 -0.5356 0.1956
vn -0.8215 -0.5356 0.1956
vn 0.2297 0.7678 -0.5981
vn 0.2297 0.7678 -0.5981
vn 0.4921 -0.5653 0.6620
vn 0.4921 -0.5653 0.6620
vn -0.8773 -0.4659 0.1156
vn -0.8773 -0.4659 0.1156
vn 0.4078 -0.6136 0.6762
vn 0.3006 -0.6640 0.6846
vn 0.3006 -0.6640 0.6846
vn 0.4078 -0.6136 0.6762
vn 0.2297 0.7678 -0.5981
vn 0.2297 0.7678 -0.5981
vn -0.6913 -0.6416 0.3325
vn -0.7670 -0.5870 0.2591
vn -0.7670 -0.5870 0.2591
vn -0.6913 -0.6416 0.3324
vn -0.2297 -0.7678 0.5981
vn -0.2297 -0.7678 0.5981
vn -0.2297 -0.7678 0.5981
vn -0.2297 -0.7678 0.5981
vn -0.8735 -0.4714 0.1217
vn -0.8735 -0.4714 0.1217
vn 0.2297 0.7678 -0.5981
vn 0.2297 0.7678 -0.5981
vn 0.5817 -0.5042 0.6383
vn 0.5817 -0.5042 0.6383
vn 0.9422 -0.0213 0.3345
vn 0.9422 -0.0213 0.3345
vn 0.9422 -0.0213 0.3345
vn 0.9422 -0.0213 0.3345
vn -0.2441 0.6403 0.7283
vn -0.2441 0.6403 0.7283
vn -0.2441 0.6403 0.7283
vn -0.2441 0.6403 0.7283
vn -0.9421 0.0214 -0.3346
vn -0.9421 0.0214 -0.3346
vn -0.9421 0.0214 -0.3346
vn -0.9421 0.0214 -0.3346
vn 0.2441 -0.6404 -0.7283
vn 0.2441 -0.6404 -0.7283
vn 0.2441 -0.6404 -0.7283
vn 0.2441 -0.6404 -0.7283
vn -0.2297 -0.7678 0.5981
vn -0.2297 -0.7678 0.5981
vn -0.2297 -0.7678 0.5981
vn -0.2297 -0.7678 0.5981
vn 0.2297 0.7678 -0.5981
vn 0.2297 0.7678 -0.5981
vn 0.2297 0.7678 -0.5981
vn 0.2297 0.7678 -0.5981
vn 0.9421 -0.0213 0.3345
vn 0.9421 -0.0213 0.3345
vn 0.9421 -0.0213 0.3345
vn 0.9421 -0.0213 0.3345
vn -0.2441 0.6403 0.7283
vn -0.2441 0.6403 0.7283
vn -0.2441 0.6403 0.7283
vn -0.2441 0.6403 0.7283
vn -0.9421 0.0214 -0.3346
vn -0.9421 0.0214 -0.3346
vn -0.9421 0.0214 -0.3346
vn -0.9421 0.0214 -0.3346
vn 0.2441 -0.6404 -0.7283
vn 0.2441 -0.6404 -0.7283
vn 0.2441 -0.6404 -0.7283
vn 0.2441 -0.6404 -0.7283
vn -0.2297 -0.7678 0.5981
vn -0.2297 -0.7678 0.5981
vn -0.2297 -0.7678 0.5981
vn -0.2297 -0.7678 0.5981
vn 0.2297 0.7678 -0.5981
vn 0.2297 0.7678 -0.5981
vn 0.2297 0.7678 -0.5981
vn 0.2297 0.7678 -0.5981
vn 0.9421 -0.0213 0.3346
vn 0.9421 -0.0213 0.3346
vn 0.9421 -0.0213 0.3346
vn 0.9421 -0.0213 0.3346
vn -0.2441 0.6403 0.7283
vn -0.2441 0.6403 0.7283
vn -0.2441 0.6403 0.7283
vn -0.2441 0.6403 0.7283
vn -0.9422 0.0213 -0.3345
vn -0.9422 0.0213 -0.3345
vn -0.9422 0.0213 -0.3345
vn -0.9422 0.0213 -0.3345
vn 0.2441 -0.6404 -0.7283
vn 0.2441 -0.6404 -0.7283
vn 0.2441 -0.6404 -0.7283
vn 0.2441 -0.6404 -0.7283
vn -0.2297 -0.7678 0.5981
vn -0.2297 -0.7678 0.5981
vn -0.2297 -0.7678 0.5981
vn -0.2297 -0.7678 0.5981
vn 0.2297 0.7678 -0.5981
vn 0.2297 0.7678 -0.5981
vn 0.2297 0.7678 -0.5981
vn 0.2297 0.7678 -0.5981
vn 0.9421 -0.0213 0.3346
vn 0.9421 -0.0213 0.3346
vn 0.9421 -0.0213 0.3346
vn 0.9421 -0.0213 0.3346
vn -0.2441 0.6404 0.7283
vn -0.2441 0.6404 0.7283
vn -0.2441 0.6404 0.7283
vn -0.2441 0.6404 0.7283
vn -0.9421 0.0213 -0.3345
vn -0.9421 0.0213 -0.3345
vn -0.9421 0.0213 -0.3345
vn -0.9421 0.0213 -0.3345
vn 0.2441 -0.6404 -0.7283
vn 0.2441 -0.6404 -0.7283
vn 0.2441 -0.6404 -0.7283
vn 0.2441 -0.6404 -0.7283
vn -0.2297 -0.7678 0.5981
vn -0.2297 -0.7678 0.5981
vn -0.2297 -0.7678 0.5981
vn -0.2297 -0.7678 0.5981
vn 0.2297 0.7678 -0.5981
vn 0.2297 0.7678 -0.5981
vn 0.2297 0.7678 -0.5981
vn 0.2297 0.7678 -0.5981
vn 0.2297 0.7678 -0.5981
vn 0.2297 0.7678 -0.5981
vn 0.2297 0.7678 -0.5981
vn 0.2297 0.7678 -0.5981
vn 0.2297 0.7678 -0.5981
vn 0.2297 0.7678 -0.5981
vn 0.2297 0.7678 -0.5981
vn 0.2297 0.7678 -0.5981
vn 0.2297 0.7678 -0.5981
vn 0.2297 0.7678 -0.5981
vn 0.6181 0.6814 -0.3920
vn 0.6181 0.6814 -0.3920
vn 0.6181 0.6814 -0.3920
vn 0.6181 0.6814 -0.3920
vn 0.1001 0.9703 -0.2201
vn 0.1001 0.9703 -0.2201
vn 0.1001 0.9703 -0.2201
vn 0.1001 0.9703 -0.2201
vn -0.2047 0.7001 -0.6841
vn -0.2047 0.7001 -0.6841
vn -0.2047 0.7001 -0.6841
vn -0.2047 0.7001 -0.6841
vn 0.3133 0.4112 -0.8560
vn 0.3133 0.4112 -0.8560
vn 0.3133 0.4112 -0.8560
vn 0.3133 0.4112 -0.8560
vn 0.9422 -0.0215 0.3344
vn 0.9422 -0.0215 0.3344
vn 0.9422 -0.0215 0.3344
vn 0.9422 -0.0215 0.3344
vn -0.2297 -0.7678 0.5981
vn -0.2297 -0.7678 0.5981
vn -0.2297 -0.7678 0.5981
vn -0.2297 -0.7678 0.5981
vn -0.9421 0.0213 -0.3346
vn -0.9421 0.0213 -0.3346
vn -0.9421 0.0213 -0.3346
vn -0.9421 0.0213 -0.3346
vn 0.2297 0.7678 -0.5981
vn 0.2297 0.7678 -0.5981
vn 0.2297 0.7678 -0.5981
vn 0.2297 0.7678 -0.5981
vn 0.2441 -0.6404 -0.7283
vn 0.2441 -0.6404 -0.7283
vn 0.2441 -0.6404 -0.7283
vn 0.2441 -0.6404 -0.7283
vn -0.2441 0.6404 0.7283
vn -0.2441 0.6404 0.7283
vn -0.2441 0.6404 0.7283
vn -0.2441 0.6404 0.7283
vn 0.9421 -0.0213 0.3345
vn 0.9421 -0.0213 0.3345
vn 0.9421 -0.0213 0.3345
vn 0.9421 -0.0213 0.3345
vn -0.2297 -0.7678 0.5981
vn -0.2297 -0.7678 0.5981
vn -0.2297 -0.7678 0.5981
vn -0.2297 -0.7678 0.5981
vn -0.9421 0.0213 -0.3346
vn -0.9421 0.0213 -0.3346
vn -0.9421 0.0213 -0.3346
vn -0.9421 0.0213 -0.3346
vn 0.2297 0.7678 -0.5981
vn 0.2297 0.7678 -0.5981
vn 0.2297 0.7678 -0.5981
vn 0.2297 0.7678 -0.5981
vn 0.2441 -0.6403 -0.7283
vn 0.2441 -0.6403 -0.7283
vn 0.2441 -0.6403 -0.7283
vn 0.2441 -0.6403 -0.7283
vn -0.2441 0.6404 0.7283
vn -0.2441 0.6404 0.7283
vn -0.2441 0.6404 0.7283
vn -0.2441 0.6404 0.7283
vn 0.9421 -0.0213 0.3346
vn 0.9421 -0.0213 0.3346
vn 0.9421 -0.0213 0.3346
vn 0.9421 -0.0213 0.3346
vn -0.9421 0.0213 -0.3345
vn -0.9421 0.0213 -0.3345
vn -0.9421 0.0213 -0.3345
vn -0.9421 0.0213 -0.3345
vn 0.2297 0.7678 -0.5981
vn 0.2297 0.7678 -0.5981
vn 0.2297 0.7678 -0.5981
vn 0.2297 0.7678 -0.5981
vn -0.2298 -0.7678 0.5981
vn -0.2298 -0.7678 0.5981
vn -0.2298 -0.7678 0.5981
vn -0.2298 -0.7678 0.5981
vn -0.2441 0.6404 0.7282
vn -0.2441 0.6404 0.7282
vn -0.2441 0.6404 0.7282
vn -0.2441 0.6404 0.7282
vn 0.2441 -0.6403 -0.7283
vn 0.2441 -0.6403 -0.7283
vn 0.2441 -0.6403 -0.7283
vn 0.2441 -0.6403 -0.7283
vn 0.9421 -0.0213 0.3345
vn 0.9421 -0.0213 0.3345
vn 0.9421 -0.0213 0.3345
vn 0.9421 -0.0213 0.3345
vn -0.9421 0.0213 -0.3345
vn -0.9421 0.0213 -0.3345
vn -0.9421 0.0213 -0.3345
vn -0.9421 0.0213 -0.3345
vn 0.2297 0.7678 -0.5981
vn 0.2297 0.7678 -0.5981
vn 0.2297 0.7678 -0.5981
vn 0.2297 0.7678 -0.5981
vn -0.2297 -0.7678 0.5981
vn -0.2297 -0.7678 0.5981
vn -0.2297 -0.7678 0.5981
vn -0.2297 -0.7678 0.5981
vn 0.2441 -0.6403 -0.7283
vn 0.2441 -0.6403 -0.7283
vn 0.2441 -0.6403 -0.7283
vn 0.2441 -0.6403 -0.7283
vn -0.2441 0.6404 0.7283
vn -0.2441 0.6404 0.7283
vn -0.2441 0.6404 0.7283
vn -0.2441 0.6404 0.7283
vn 0.9306 -0.0126 0.3659
vn 0.9306 -0.0126 0.3659
vn 0.9306 -0.0127 0.3659
vn 0.9306 -0.0127 0.3659
vn -0.9306 0.0126 -0.3659
vn -0.9306 0.0126 -0.3659
vn -0.9306 0.0126 -0.3659
vn -0.9306 0.0126 -0.3659
vn -0.3547 0.2171 0.9094
vn -0.3003 0.5455 0.7825
vn -0.3003 0.5455 0.7825
vn -0.3547 0.2172 0.9094
vn 0.0538 -0.9838 -0.1708
vn -0.0765 -0.9841 0.1605
vn -0.0765 -0.9841 0.1605
vn 0.0538 -0.9838 -0.1708
vn -0.2304 0.7566 0.6119
vn -0.2304 0.7566 0.6119
vn -0.1928 0.8327 0.5191
vn -0.1928 0.8327 0.5191
vn -0.1928 0.8327 0.5191
vn -0.1928 0.8327 0.5191
vn -0.3563 0.1994 0.9129
vn -0.3604 -0.2081 0.9093
vn -0.3604 -0.2081 0.9093
vn -0.3563 0.1994 0.9128
vn 0.1522 -0.8956 -0.4180
vn 0.1522 -0.8956 -0.4180
vn -0.2184 -0.8213 0.5270
vn -0.0830 -0.9807 0.1772
vn -0.0830 -0.9807 0.1772
vn -0.2184 -0.8213 0.5270
vn 0.1928 -0.8327 -0.5191
vn 0.1928 -0.8327 -0.5191
vn 0.1928 -0.8327 -0.5191
vn 0.1928 -0.8327 -0.5191
vn -0.2867 0.5965 0.7496
vn -0.2867 0.5965 0.7496
vn 0.0762 -0.9708 -0.2274
vn 0.0762 -0.9708 -0.2274
vn -0.3113 -0.5536 0.7724
vn -0.3113 -0.5536 0.7724
vn -0.3113 -0.5536 0.7724
vn -0.3113 -0.5536 0.7724
vn 0.1928 -0.8327 -0.5191
vn 0.1928 -0.8327 -0.5191
vn -0.3113 -0.5536 0.7724
vn -0.3113 -0.5536 0.7724
vn -0.3113 -0.5536 0.7724
vn -0.3113 -0.5536 0.7724
vn -0.2410 0.7312 0.6382
vn -0.2410 0.7312 0.6382
vn -0.1928 0.8327 0.5191
vn -0.1928 0.8327 0.5191
vn 0.1394 -0.9119 -0.3860
vn 0.1394 -0.9119 -0.3860
vn -0.3625 -0.1723 0.9159
vn -0.3625 -0.1723 0.9159
vn 0.3113 0.5536 -0.7724
vn 0.3113 0.5536 -0.7724
vn 0.3113 0.5536 -0.7724
vn 0.3113 0.5536 -0.7724
vn -0.2075 -0.8416 0.4987
vn -0.2075 -0.8416 0.4986
vn 0.3113 0.5536 -0.7724
vn 0.3113 0.5536 -0.7724
vn 0.3113 0.5536 -0.7724
vn 0.3113 0.5536 -0.7724
vn 0.9306 -0.0126 0.3659
vn 0.9306 -0.0126 0.3659
vn 0.9306 -0.0126 0.3659
vn 0.9306 -0.0126 0.3659
vn -0.9306 0.0126 -0.3659
vn -0.9306 0.0126 -0.3659
vn -0.9306 0.0126 -0.3659
vn -0.9306 0.0126 -0.3659
vn -0.3547 0.2172 0.9094
vn -0.3003 0.5454 0.7825
vn -0.3003 0.5454 0.7825
vn -0.3547 0.2172 0.9094
vn 0.0538 -0.9838 -0.1708
vn -0.0765 -0.9841 0.1606
vn -0.0765 -0.9840 0.1606
vn 0.0538 -0.9838 -0.1708
vn -0.2304 0.7566 0.6119
vn -0.2304 0.7566 0.6119
vn -0.1928 0.8327 0.5191
vn -0.1928 0.8327 0.5191
vn -0.1928 0.8327 0.5191
vn -0.1928 0.8327 0.5191
vn -0.3563 0.1994 0.9129
vn -0.3604 -0.2081 0.9093
vn -0.3604 -0.2081 0.9093
vn -0.3563 0.1994 0.9129
vn 0.1522 -0.8956 -0.4180
vn 0.1522 -0.8956 -0.4180
vn -0.2184 -0.8213 0.5270
vn -0.0830 -0.9807 0.1772
vn -0.0830 -0.9807 0.1772
vn -0.2184 -0.8213 0.5270
vn 0.1928 -0.8327 -0.5191
vn 0.1928 -0.8327 -0.5191
vn 0.1928 -0.8327 -0.5191
vn 0.1928 -0.8327 -0.5191
vn -0.2867 0.5965 0.7496
vn -0.2867 0.5965 0.7496
vn 0.0763 -0.9708 -0.2274
vn 0.0763 -0.9708 -0.2274
vn -0.3113 -0.5536 0.7724
vn -0.3113 -0.5536 0.7724
vn -0.3113 -0.5536 0.7724
vn -0.3113 -0.5536 0.7724
vn 0.1928 -0.8327 -0.5191
vn 0.1928 -0.8327 -0.5191
vn -0.3113 -0.5536 0.7724
vn -0.3113 -0.5536 0.7724
vn -0.3113 -0.5536 0.7724
vn -0.3113 -0.5536 0.7724
vn -0.2410 0.7312 0.6382
vn -0.2410 0.7312 0.6382
vn -0.1928 0.8327 0.5191
vn -0.1928 0.8327 0.5191
vn 0.1394 -0.9119 -0.3861
vn 0.1394 -0.9119 -0.3861
vn -0.3625 -0.1723 0.9159
vn -0.3625 -0.1723 0.9159
vn 0.3113 0.5536 -0.7724
vn 0.3113 0.5536 -0.7724
vn 0.3113 0.5536 -0.7724
vn 0.3113 0.5536 -0.7724
vn -0.2075 -0.8416 0.4987
vn -0.2075 -0.8416 0.4987
vn 0.3113 0.5536 -0.7724
vn 0.3113 0.5536 -0.7724
vn 0.3113 0.5536 -0.7724
vn 0.3113 0.5536 -0.7724
vn -0.1928 0.8327 0.5191
vn -0.1928 0.8327 0.5191
vn 0.1928 -0.8327 -0.5191
vn 0.1928 -0.8327 -0.5191
vn -0.1928 0.8327 0.5191
vn -0.1928 0.8327 0.5191
vn 0.1928 -0.8327 -0.5191
vn 0.1928 -0.8327 -0.5191
vn -0.1928 0.8327 0.5191
vn -0.1928 0.8327 0.5191
vn -0.1928 0.8327 0.5191
vn -0.1928 0.8327 0.5191
vn -0.1928 0.8327 0.5191
vn -0.1928 0.8327 0.5191
vn -0.1928 0.8327 0.5191
vn -0.1928 0.8327 0.5191
vn -0.1928 0.8327 0.5191
vn -0.1928 0.8327 0.5191
vn -0.1928 0.8327 0.5191
vn -0.1928 0.8327 0.5191
vn -0.1928 0.8327 0.5191
vn -0.1928 0.8327 0.5191
vn -0.1928 0.8327 0.5191
vn -0.1928 0.8327 0.5191
vn -0.1928 0.8327 0.5191
vn -0.1929 0.8327 0.5191
vn -0.1928 0.8327 0.5191
vn -0.1928 0.8327 0.5191
vn -0.1928 0.8327 0.5191
vn -0.1928 0.8327 0.5191
vn -0.1928 0.8327 0.5191
vn -0.1928 0.8327 0.5191
vn -0.1928 0.8327 0.5191
vn -0.1929 0.8327 0.5191
vn -0.1928 0.8327 0.5191
vn -0.1928 0.8327 0.5191
vn -0.1928 0.8327 0.5191
vn -0.1928 0.8327 0.5191
vn -0.1928 0.8327 0.5191
vn -0.1928 0.8327 0.5191
vn -0.1928 0.8327 0.5191
vn -0.1928 0.8327 0.5191
vn -0.1928 0.8327 0.5191
vn -0.1928 0.8327 0.5191
vn -0.1928 0.8327 0.5191
vn -0.1928 0.8327 0.5191
vn -0.1928 0.8327 0.5191
vn -0.1928 0.8327 0.5191
vn -0.1928 0.8327 0.5191
vn -0.1928 0.8327 0.5191
vn -0.1928 0.8327 0.5191
vn -0.1928 0.8327 0.5191
vn -0.1928 0.8327 0.5191
vn -0.1928 0.8327 0.5191
vn -0.1928 0.8327 0.5191
vn -0.1928 0.8327 0.5191
vn -0.1928 0.8327 0.5191
vn -0.1928 0.8327 0.5191
vn -0.1928 0.8327 0.5191
vn -0.1928 0.8327 0.5191
vn -0.1928 0.8327 0.5191
vn -0.1928 0.8327 0.5191
vn -0.1929 0.8327 0.5191
vn -0.1928 0.8327 0.5191
vn -0.1928 0.8327 0.5191
vn -0.1929 0.8327 0.5191
vn -0.1928 0.8327 0.5191
vn -0.1928 0.8327 0.5191
vn -0.1928 0.8327 0.5191
vn -0.1928 0.8327 0.5191
vn -0.1928 0.8327 0.5191
vn -0.1928 0.8327 0.5191
vn -0.1928 0.8327 0.5191
vn -0.1928 0.8327 0.5191
vn -0.1928 0.8327 0.5191
vn -0.1928 0.8327 0.5191
vn -0.1928 0.8327 0.5191
vn -0.1928 0.8327 0.5191
vn -0.1928 0.8327 0.5191
vn -0.1928 0.8327 0.5191
vn -0.1928 0.8327 0.5191
vn -0.1928 0.8327 0.5191
vn -0.1928 0.8327 0.5191
vn -0.1928 0.8327 0.5191
vn -0.1928 0.8327 0.5191
vn -0.1928 0.8327 0.5191
vn -0.1928 0.8327 0.5191
vn -0.1928 0.8327 0.5191
vn -0.1928 0.8327 0.5191
vn -0.1928 0.8327 0.5191
vn -0.1929 0.8327 0.5191
vn -0.1929 0.8327 0.5191
vn -0.1928 0.8327 0.5191
vn -0.1928 0.8327 0.5191
vn -0.1928 0.8327 0.5191
vn -0.1929 0.8327 0.5191
vn -0.1928 0.8327 0.5191
vn -0.1928 0.8327 0.5191
vn -0.1928 0.8327 0.5191
vn -0.1928 0.8327 0.5191
vn -0.1928 0.8327 0.5191
vn -0.1928 0.8327 0.5191
vn -0.1928 0.8327 0.5191
vn -0.1928 0.8327 0.5191
vn -0.1928 0.8327 0.5191
vn -0.1928 0.8327 0.5191
vn -0.1928 0.8327 0.5191
vn -0.1928 0.8327 0.5191
vn -0.1928 0.8327 0.5191
vn -0.1928 0.8327 0.5191
vn -0.1928 0.8327 0.5191
vn -0.1928 0.8327 0.5191
vn -0.1928 0.8327 0.5191
vn -0.1928 0.8327 0.5191
vn -0.1928 0.8327 0.5191
vn -0.1928 0.8327 0.5191
vn -0.1928 0.8327 0.5191
vn -0.1928 0.8327 0.5191
vn -0.1928 0.8327 0.5191
vn -0.1928 0.8327 0.5191
vn -0.1928 0.8327 0.5191
vn -0.1928 0.8327 0.5191
vn -0.1928 0.8327 0.5191
vn -0.1928 0.8327 0.5191
vn -0.1928 0.8327 0.5191
vn -0.1928 0.8327 0.5191
vn -0.1928 0.8327 0.5191
vn -0.1928 0.8327 0.5191
vn -0.1928 0.8327 0.5191
vn -0.1928 0.8327 0.5191
vn -0.1929 0.8327 0.5191
vn -0.1929 0.8327 0.5191
vn -0.1928 0.8327 0.5191
vn -0.1928 0.8327 0.5191
vn -0.1928 0.8327 0.5191
vn -0.1928 0.8327 0.5191
vn -0.1928 0.8327 0.5191
vn -0.1928 0.8327 0.5191
vn -0.1928 0.8327 0.5191
vn -0.1928 0.8327 0.5191
vn 0.1928 -0.8327 -0.5191
vn 0.1928 -0.8327 -0.5191
vn 0.1928 -0.8327 -0.5191
vn 0.1928 -0.8327 -0.5191
vn 0.1928 -0.8327 -0.5191
vn 0.1928 -0.8327 -0.5191
vn 0.1928 -0.8327 -0.5191
vn 0.1928 -0.8327 -0.5191
vn 0.1928 -0.8327 -0.5191
vn 0.1928 -0.8327 -0.5191
vn 0.1928 -0.8327 -0.5191
vn 0.1928 -0.8327 -0.5191
vn 0.1928 -0.8327 -0.5191
vn 0.1928 -0.8327 -0.5191
vn 0.1928 -0.8327 -0.5191
vn 0.1928 -0.8327 -0.5191
vn 0.1928 -0.8327 -0.5191
vn 0.1928 -0.8327 -0.5191
vn 0.1928 -0.8327 -0.5191
vn 0.1928 -0.8327 -0.5191
vn 0.1928 -0.8327 -0.5191
vn 0.1928 -0.8327 -0.5191
vn 0.1928 -0.8327 -0.5191
vn 0.1928 -0.8327 -0.5191
vn 0.1929 -0.8327 -0.5191
vn 0.1929 -0.8327 -0.5191
vn 0.1928 -0.8327 -0.5191
vn 0.1928 -0.8327 -0.5191
vn 0.1928 -0.8327 -0.5191
vn 0.1928 -0.8327 -0.5191
vn 0.1928 -0.8327 -0.5191
vn 0.1928 -0.8327 -0.5191
vn 0.1928 -0.8327 -0.5191
vn 0.1928 -0.8327 -0.5191
vn 0.1928 -0.8327 -0.5191
vn 0.1928 -0.8327 -0.5191
vn 0.1928 -0.8327 -0.5191
vn 0.1928 -0.8327 -0.5191
vn 0.1928 -0.8327 -0.5191
vn 0.1928 -0.8327 -0.5191
vn 0.1928 -0.8327 -0.5191
vn 0.1929 -0.8327 -0.5191
vn 0.1929 -0.8327 -0.5191
vn 0.1928 -0.8327 -0.5191
vn 0.1928 -0.8327 -0.5191
vn 0.1928 -0.8327 -0.5191
vn 0.1928 -0.8327 -0.5191
vn 0.1928 -0.8327 -0.5191
vn 0.1928 -0.8327 -0.5191
vn 0.1928 -0.8327 -0.5191
vn 0.1928 -0.8327 -0.5191
vn 0.1928 -0.8327 -0.5191
vn 0.1928 -0.8327 -0.5191
vn 0.1928 -0.8327 -0.5191
vn 0.1928 -0.8327 -0.5191
vn 0.1928 -0.8327 -0.5191
vn 0.1928 -0.8327 -0.5191
vn 0.1928 -0.8327 -0.5191
vn 0.1928 -0.8327 -0.5191
vn 0.1928 -0.8327 -0.5191
vn 0.1928 -0.8327 -0.5191
vn 0.1928 -0.8327 -0.5191
vn 0.1928 -0.8327 -0.5191
vn 0.1928 -0.8327 -0.5191
vn 0.1928 -0.8327 -0.5191
vn 0.1928 -0.8327 -0.5191
vn 0.1928 -0.8327 -0.5191
vn 0.1928 -0.8327 -0.5191
vn 0.1928 -0.8327 -0.5191
vn 0.1928 -0.8327 -0.5191
vn 0.1928 -0.8327 -0.5191
vn 0.1928 -0.8327 -0.5191
vn 0.1928 -0.8327 -0.5191
vn 0.1928 -0.8327 -0.5191
vn 0.1928 -0.8327 -0.5191
vn 0.1928 -0.8327 -0.5191
vn 0.1928 -0.8327 -0.5191
vn 0.1928 -0.8327 -0.5191
vn 0.1929 -0.8327 -0.5191
vn 0.1929 -0.8327 -0.5191
vn 0.1928 -0.8327 -0.5191
vn 0.1928 -0.8327 -0.5191
vn 0.1929 -0.8327 -0.5191
vn 0.1929 -0.8327 -0.5191
vn 0.1928 -0.8327 -0.5191
vn 0.1928 -0.8327 -0.5191
vn 0.1928 -0.8327 -0.5191
vn 0.1928 -0.8327 -0.5191
vn 0.1928 -0.8327 -0.5191
vn 0.1928 -0.8327 -0.5191
vn 0.1928 -0.8327 -0.5191
vn 0.1928 -0.8327 -0.5191
vn 0.1928 -0.8327 -0.5191
vn 0.1928 -0.8327 -0.5191
vn 0.1928 -0.8327 -0.5191
vn 0.1928 -0.8327 -0.5191
vn 0.1928 -0.8327 -0.5191
vn 0.1928 -0.8327 -0.5191
vn 0.1928 -0.8327 -0.5191
vn 0.1928 -0.8327 -0.5191
vn 0.1928 -0.8327 -0.5191
vn 0.1928 -0.8327 -0.5191
vn 0.1928 -0.8327 -0.5191
vn 0.1928 -0.8327 -0.5191
vn 0.1928 -0.8327 -0.5191
vn 0.1928 -0.8327 -0.5191
vn 0.1928 -0.8327 -0.5191
vn 0.1928 -0.8327 -0.5191
vn 0.1928 -0.8327 -0.5191
vn 0.1928 -0.8327 -0.5191
vn 0.1928 -0.8327 -0.5191
vn 0.1928 -0.8327 -0.5191
vn 0.1928 -0.8327 -0.5191
vn 0.1928 -0.8327 -0.5191
vn 0.1928 -0.8327 -0.5191
vn 0.1928 -0.8327 -0.5191
vn 0.1928 -0.8327 -0.5191
vn 0.1928 -0.8327 -0.5191
vn 0.1928 -0.8327 -0.5191
vn 0.1928 -0.8327 -0.5191
vn 0.1928 -0.8327 -0.5191
vn 0.1928 -0.8327 -0.5191
vn 0.1929 -0.8327 -0.5191
vn 0.1929 -0.8327 -0.5191
vn 0.1928 -0.8327 -0.5191
vn 0.1928 -0.8327 -0.5191
vn 0.1928 -0.8327 -0.5191
vn 0.1928 -0.8327 -0.5191
vn 0.1928 -0.8327 -0.5191
vn 0.1928 -0.8327 -0.5191
vn 0.1928 -0.8327 -0.5191
vn 0.1928 -0.8327 -0.5191
vn 0.3113 0.5536 -0.7724
vn 0.3113 0.5536 -0.7724
vn 0.3113 0.5536 -0.7724
vn 0.3113 0.5536 -0.7724
vn 0.3113 0.5536 -0.7724
vn 0.3113 0.5536 -0.7724
vn 0.3113 0.5536 -0.7724
vn 0.3113 0.5536 -0.7724
vn 0.3113 0.5536 -0.7724
vn 0.3113 0.5536 -0.7724
vn 0.3113 0.5536 -0.7724
vn 0.3113 0.5536 -0.7724
vn 0.3113 0.5536 -0.7724
vn 0.3113 0.5536 -0.7724
vn 0.3113 0.5536 -0.7724
vn 0.3113 0.5536 -0.7724
vn 0.3113 0.5536 -0.7724
vn 0.3113 0.5536 -0.7724
vn 0.3113 0.5536 -0.7724
vn 0.3113 0.5536 -0.7724
vn 0.3113 0.5536 -0.7724
vn 0.3113 0.5536 -0.7724
vn 0.3113 0.5536 -0.7724
vn 0.3113 0.5536 -0.7724
vn 0.3113 0.5536 -0.7724
vn 0.3113 0.5536 -0.7724
vn 0.3113 0.5536 -0.7724
vn 0.3113 0.5536 -0.7724
vn 0.3113 0.5536 -0.7724
vn 0.3113 0.5536 -0.7724
vn 0.3113 0.5536 -0.7724
vn 0.3113 0.5536 -0.7724
vn 0.3113 0.5536 -0.7724
vn 0.3113 0.5536 -0.7724
vn 0.3113 0.5536 -0.7724
vn 0.3113 0.5536 -0.7724
vn 0.3113 0.5536 -0.7724
vn 0.3113 0.5536 -0.7724
vn 0.3113 0.5536 -0.7724
vn 0.3113 0.5536 -0.7724
vn 0.3113 0.5536 -0.7724
vn 0.3113 0.5536 -0.7724
vn 0.3112 0.5536 -0.7725
vn 0.3112 0.5536 -0.7725
vn 0.3113 0.5536 -0.7724
vn 0.3113 0.5536 -0.7724
vn 0.3113 0.5536 -0.7724
vn 0.3113 0.5536 -0.7724
vn 0.3113 0.5536 -0.7724
vn 0.3113 0.5536 -0.7724
vn 0.3113 0.5536 -0.7724
vn 0.3113 0.5536 -0.7724
vn 0.3113 0.5536 -0.7724
vn 0.3113 0.5536 -0.7724
vn 0.3113 0.5536 -0.7724
vn 0.3113 0.5536 -0.7724
vn 0.3113 0.5536 -0.7724
vn 0.3113 0.5536 -0.7724
vn 0.3113 0.5536 -0.7724
vn 0.3113 0.5536 -0.7724
vn 0.3113 0.5536 -0.7724
vn 0.3113 0.5536 -0.7724
vn 0.3113 0.5536 -0.7724
vn 0.3113 0.5536 -0.7724
vn 0.3113 0.5536 -0.7724
vn 0.3113 0.5536 -0.7724
vn 0.3113 0.5536 -0.7724
vn 0.3113 0.5536 -0.7724
vn 0.3113 0.5536 -0.7724
vn 0.3113 0.5536 -0.7724
vn 0.3113 0.5536 -0.7724
vn 0.3113 0.5536 -0.7724
vn 0.3113 0.5536 -0.7724
vn 0.3113 0.5536 -0.7724
vn 0.3113 0.5536 -0.7724
vn 0.3113 0.5536 -0.7724
vn 0.3113 0.5536 -0.7724
vn 0.3113 0.5536 -0.7724
vn 0.3113 0.5536 -0.7724
vn 0.3113 0.5536 -0.7724
vn 0.3113 0.5536 -0.7724
vn 0.3113 0.5536 -0.7724
vn 0.3113 0.5536 -0.7724
vn 0.3113 0.5536 -0.7724
vn 0.3113 0.5536 -0.7724
vn 0.3113 0.5536 -0.7724
vn 0.3113 0.5536 -0.7724
vn 0.3113 0.5536 -0.7724
vn 0.3113 0.5536 -0.7724
vn 0.3113 0.5536 -0.7724
vn 0.3113 0.5536 -0.7724
vn 0.3113 0.5536 -0.7724
vn 0.3113 0.5536 -0.7724
vn 0.3113 0.5536 -0.7724
vn 0.3113 0.5536 -0.7724
vn 0.3113 0.5536 -0.7724
vn 0.3113 0.5536 -0.7724
vn 0.3113 0.5536 -0.7724
vn 0.3113 0.5536 -0.7724
vn 0.3113 0.5536 -0.7724
vn 0.3113 0.5536 -0.7724
vn 0.3113 0.5536 -0.7724
vn 0.3113 0.5536 -0.7724
vn 0.3113 0.5536 -0.7724
vn 0.3113 0.5536 -0.7724
vn 0.3113 0.5536 -0.7724
vn 0.3113 0.5536 -0.7724
vn 0.3113 0.5536 -0.7724
vn 0.3113 0.5536 -0.7724
vn 0.3113 0.5536 -0.7724
vn 0.3113 0.5536 -0.7724
vn 0.3113 0.5536 -0.7724
vn 0.3113 0.5536 -0.7724
vn 0.3113 0.5536 -0.7724
vn 0.3113 0.5536 -0.7724
vn 0.3113 0.5536 -0.7724
vn -0.9306 0.0126 -0.3659
vn -0.9306 0.0126 -0.3659
vn -0.9306 0.0126 -0.3659
vn -0.9306 0.0126 -0.3659
vn -0.9306 0.0126 -0.3659
vn -0.9306 0.0126 -0.3659
vn -0.9306 0.0126 -0.3659
vn -0.9306 0.0126 -0.3659
vn 0.9306 -0.0127 0.3659
vn 0.9306 -0.0127 0.3659
vn 0.9306 -0.0127 0.3659
vn 0.9306 -0.0127 0.3659
vn -0.3113 -0.5536 0.7724
vn -0.3332 -0.5531 0.7635
vn -0.3332 -0.5531 0.7635
vn -0.3113 -0.5536 0.7724
vn 0.3113 0.5536 -0.7724
vn 0.3113 0.5536 -0.7724
vn 0.9305 -0.0126 0.3660
vn 0.9305 -0.0126 0.3660
vn 0.9305 -0.0126 0.3660
vn 0.9305 -0.0126 0.3660
vn -0.3846 -0.5508 0.7407
vn -0.3846 -0.5508 0.7407
vn -0.4269 -0.5475 0.7197
vn -0.4269 -0.5475 0.7197
vn -0.4482 -0.5454 0.7083
vn -0.4482 -0.5454 0.7083
vn -0.4520 -0.5449 0.7062
vn -0.4520 -0.5449 0.7062
vn -0.3113 -0.5536 0.7724
vn -0.5157 -0.5361 0.6683
vn -0.5157 -0.5361 0.6683
vn -0.3113 -0.5536 0.7724
vn -0.3991 -0.5498 0.7338
vn -0.3991 -0.5498 0.7338
vn -0.3235 -0.5534 0.7675
vn -0.3235 -0.5534 0.7675
vn -0.0607 -0.5381 0.8407
vn -0.1748 -0.5497 0.8169
vn -0.1748 -0.5497 0.8169
vn -0.0607 -0.5381 0.8407
vn -0.2891 -0.5537 0.7809
vn -0.2891 -0.5537 0.7809
vn -0.4413 -0.5461 0.7120
vn -0.5407 -0.5316 0.6519
vn -0.5407 -0.5316 0.6519
vn -0.4413 -0.5461 0.7120
vn -0.2347 -0.5528 0.7996
vn -0.2347 -0.5528 0.7996
vn -0.0903 -0.5418 0.8356
vn -0.0903 -0.5418 0.8356
vn -0.2360 -0.5528 0.7992
vn -0.2360 -0.5528 0.7992
vn -0.3051 -0.5537 0.7748
vn -0.3051 -0.5537 0.7748
vn -0.1347 -0.5465 0.8266
vn -0.1347 -0.5465 0.8266
vn -0.3174 -0.5535 0.7700
vn -0.3174 -0.5535 0.7700
vn -0.1906 -0.5507 0.8126
vn -0.1906 -0.5507 0.8126
vn -0.3113 -0.5536 0.7724
vn -0.3113 -0.5536 0.7724
vn -0.3113 -0.5536 0.7724
vn -0.3113 -0.5536 0.7724
vn -0.0483 -0.5364 0.8426
vn -0.0483 -0.5364 0.8426
vn -0.3113 -0.5536 0.7724
vn -0.3113 -0.5536 0.7724
vn -0.3113 -0.5536 0.7724
vn -0.3113 -0.5536 0.7724
vn -0.1672 -0.5492 0.8188
vn -0.1672 -0.5492 0.8188
vn -0.5440 -0.5310 0.6497
vn -0.5440 -0.5310 0.6497
vn 0.0573 -0.5186 0.8531
vn 0.0573 -0.5186 0.8531
vn -0.0568 -0.5376 0.8413
vn -0.0568 -0.5376 0.8413
vn -0.1630 -0.5489 0.8199
vn -0.1630 -0.5489 0.8199
vn -0.4479 -0.5454 0.7085
vn -0.4479 -0.5454 0.7085
vn 0.2263 -0.4770 0.8493
vn 0.2264 -0.4770 0.8492
vn -0.1676 -0.5492 0.8187
vn -0.1675 -0.5492 0.8187
vn -0.2206 -0.5523 0.8039
vn -0.2206 -0.5523 0.8039
vn -0.2735 -0.5537 0.7866
vn -0.2735 -0.5537 0.7866
vn 0.4348 -0.4018 0.8059
vn 0.4348 -0.4018 0.8059
vn -0.3486 -0.5527 0.7570
vn -0.3486 -0.5527 0.7570
vn -0.2990 -0.5537 0.7772
vn -0.2990 -0.5537 0.7772
vn -0.0643 -0.5386 0.8401
vn -0.0643 -0.5386 0.8401
vn 0.5282 -0.3577 0.7701
vn 0.5282 -0.3577 0.7701
vn -0.5378 -0.5322 0.6539
vn -0.5378 -0.5322 0.6539
vn -0.3858 -0.5508 0.7402
vn -0.3858 -0.5508 0.7402
vn 0.1726 -0.4920 0.8533
vn 0.1725 -0.4920 0.8533
vn -0.3113 -0.5536 0.7724
vn -0.3113 -0.5536 0.7724
vn -0.3113 -0.5536 0.7724
vn -0.3113 -0.5536 0.7724
vn -0.7191 -0.4799 0.5027
vn -0.7190 -0.4799 0.5027
vn -0.4772 -0.5418 0.6919
vn -0.4772 -0.5418 0.6919
vn 0.2958 -0.4550 0.8399
vn 0.2958 -0.4550 0.8399
vn 0.3113 0.5536 -0.7724
vn 0.3113 0.5536 -0.7724
vn 0.3113 0.5536 -0.7724
vn 0.3113 0.5536 -0.7724
vn -0.7993 -0.4402 0.4091
vn -0.7993 -0.4402 0.4091
vn -0.5511 -0.5296 0.6448
vn -0.5511 -0.5296 0.6448
vn -0.7298 -0.4753 0.4914
vn -0.7298 -0.4753 0.4914
vn 0.1883 -0.4878 0.8524
vn 0.1882 -0.4878 0.8524
vn -0.6351 -0.5092 0.5808
vn -0.6351 -0.5092 0.5808
vn -0.1663 -0.5491 0.8190
vn -0.1663 -0.5491 0.8190
vn 0.3113 0.5536 -0.7724
vn 0.3113 0.5536 -0.7724
vn -0.4490 -0.5453 0.7078
vn -0.4490 -0.5453 0.7078
vn -0.7552 -0.4637 0.4632
vn -0.7552 -0.4637 0.4632
vn 0.0122 -0.5269 0.8498
vn 0.0123 -0.5269 0.8498
vn 0.3113 0.5536 -0.7724
vn 0.3113 0.5536 -0.7724
vn -0.6001 -0.5186 0.6090
vn -0.6001 -0.5186 0.6090
vn -0.8766 -0.3839 0.2902
vn -0.8766 -0.3839 0.2902
vn -0.8719 -0.3881 0.2987
vn -0.8719 -0.3881 0.2987
vn 0.3113 0.5536 -0.7724
vn 0.3113 0.5536 -0.7724
vn 0.4255 -0.4057 0.8089
vn 0.4256 -0.4057 0.8089
vn -0.9195 -0.3380 0.2007
vn -0.9195 -0.3380 0.2007
vn 0.3369 -0.4407 0.8320
vn 0.2252 -0.4774 0.8494
vn 0.2252 -0.4774 0.8494
vn 0.3369 -0.4407 0.8320
vn 0.3113 0.5536 -0.7724
vn 0.3113 0.5536 -0.7724
vn -0.7545 -0.4640 0.4641
vn -0.8235 -0.4249 0.3758
vn -0.8235 -0.4249 0.3758
vn -0.7545 -0.4640 0.4641
vn -0.3113 -0.5536 0.7724
vn -0.3113 -0.5536 0.7724
vn -0.3113 -0.5536 0.7724
vn -0.3113 -0.5536 0.7724
vn -0.9163 -0.3420 0.2082
vn -0.9163 -0.3420 0.2082
vn 0.3113 0.5536 -0.7724
vn 0.3113 0.5536 -0.7724
vn 0.5209 -0.3614 0.7733
vn 0.5209 -0.3614 0.7733
vn 0.9306 -0.0126 0.3659
vn 0.9306 -0.0126 0.3659
vn 0.9306 -0.0126 0.3659
vn 0.9306 -0.0126 0.3659
vn -0.1928 0.8327 0.5191
vn -0.1928 0.8327 0.5191
vn -0.1928 0.8327 0.5191
vn -0.1928 0.8327 0.5191
vn -0.9306 0.0126 -0.3659
vn -0.9306 0.0126 -0.3659
vn -0.9306 0.0126 -0.3659
vn -0.9306 0.0126 -0.3659
vn 0.1928 -0.8327 -0.5191
vn 0.1928 -0.8327 -0.5191
vn 0.1928 -0.8327 -0.5191
vn 0.1928 -0.8327 -0.5191
vn -0.3113 -0.5536 0.7724
vn -0.3113 -0.5536 0.7724
vn -0.3113 -0.5536 0.7724
vn -0.3113 -0.5536 0.7724
vn 0.3113 0.5536 -0.7724
vn 0.3113 0.5536 -0.7724
vn 0.3113 0.5536 -0.7724
vn 0.3113 0.5536 -0.7724
vn 0.9306 -0.0126 0.3659
vn 0.9306 -0.0126 0.3659
vn 0.9306 -0.0126 0.3659
vn 0.9306 -0.0126 0.3659
vn -0.1928 0.8327 0.5191
vn -0.1928 0.8327 0.5191
vn -0.1928 0.8327 0.5191
vn -0.1928 0.8327 0.5191
vn -0.9305 0.0127 -0.3660
vn -0.9305 0.0127 -0.3660
vn -0.9305 0.0127 -0.3660
vn -0.9305 0.0127 -0.3660
vn 0.1928 -0.8327 -0.5191
vn 0.1928 -0.8327 -0.5191
vn 0.1928 -0.8327 -0.5191
vn 0.1928 -0.8327 -0.5191
vn -0.3113 -0.5536 0.7724
vn -0.3113 -0.5536 0.7724
vn -0.3113 -0.5536 0.7724
vn -0.3113 -0.5536 0.7724
vn 0.3113 0.5536 -0.7724
vn 0.3113 0.5536 -0.7724
vn 0.3113 0.5536 -0.7724
vn 0.3113 0.5536 -0.7724
vn 0.9306 -0.0126 0.3659
vn 0.9306 -0.0126 0.3659
vn 0.9306 -0.0126 0.3659
vn 0.9306 -0.0126 0.3659
vn -0.1928 0.8327 0.5191
vn -0.1928 0.8327 0.5191
vn -0.1928 0.8327 0.5191
vn -0.1928 0.8327 0.5191
vn -0.9306 0.0126 -0.3659
vn -0.9306 0.0126 -0.3659
vn -0.9306 0.0126 -0.3659
vn -0.9306 0.0126 -0.3659
vn 0.1928 -0.8327 -0.5191
vn 0.1928 -0.8327 -0.5191
vn 0.1928 -0.8327 -0.5191
vn 0.1928 -0.8327 -0.5191
vn -0.3113 -0.5536 0.7724
vn -0.3113 -0.5536 0.7724
vn -0.3113 -0.5536 0.7724
vn -0.3113 -0.5536 0.7724
vn 0.3113 0.5536 -0.7724
vn 0.3113 0.5536 -0.7724
vn 0.3113 0.5536 -0.7724
vn 0.3113 0.5536 -0.7724
vn 0.9306 -0.0126 0.3659
vn 0.9306 -0.0126 0.3659
vn 0.9306 -0.0126 0.3659
vn 0.9306 -0.0126 0.3659
vn -0.1928 0.8327 0.5191
vn -0.1928 0.8327 0.5191
vn -0.1928 0.8327 0.5191
vn -0.1928 0.8327 0.5191
vn -0.9306 0.0126 -0.3659
vn -0.9306 0.0126 -0.3659
vn -0.9306 0.0126 -0.3659
vn -0.9306 0.0126 -0.3659
vn 0.1928 -0.8327 -0.5191
vn 0.1928 -0.8327 -0.5191
vn 0.1928 -0.8327 -0.5191
vn 0.1928 -0.8327 -0.5191
vn -0.3113 -0.5536 0.7724
vn -0.3113 -0.5536 0.7724
vn -0.3113 -0.5536 0.7724
vn -0.3113 -0.5536 0.7724
vn 0.3113 0.5536 -0.7724
vn 0.3113 0.5536 -0.7724
vn 0.3113 0.5536 -0.7724
vn 0.3113 0.5536 -0.7724
vn 0.3112 0.5536 -0.7724
vn 0.3112 0.5536 -0.7724
vn 0.3112 0.5536 -0.7724
vn 0.3112 0.5536 -0.7724
vn 0.3112 0.5536 -0.7724
vn 0.3112 0.5536 -0.7724
vn 0.3112 0.5536 -0.7724
vn 0.3112 0.5536 -0.7724
vn 0.3112 0.5536 -0.7724
vn 0.3112 0.5536 -0.7724
vn 0.6864 0.4925 -0.5351
vn 0.6864 0.4925 -0.5351
vn 0.6864 0.4925 -0.5351
vn 0.6864 0.4925 -0.5351
vn 0.1958 0.8616 -0.4682
vn 0.1958 0.8616 -0.4682
vn 0.1958 0.8616 -0.4682
vn 0.1958 0.8616 -0.4682
vn -0.1264 0.5036 -0.8546
vn -0.1264 0.5036 -0.8546
vn -0.1264 0.5036 -0.8546
vn -0.1264 0.5036 -0.8546
vn 0.3642 0.1344 -0.9216
vn 0.3642 0.1344 -0.9216
vn 0.3642 0.1344 -0.9216
vn 0.3642 0.1344 -0.9216
vn 0.9306 -0.0128 0.3658
vn 0.9306 -0.0128 0.3658
vn 0.9306 -0.0128 0.3658
vn 0.9306 -0.0128 0.3658
vn -0.3113 -0.5536 0.7724
vn -0.3113 -0.5536 0.7724
vn -0.3113 -0.5536 0.7724
vn -0.3113 -0.5536 0.7724
vn -0.9306 0.0126 -0.3659
vn -0.9306 0.0126 -0.3659
vn -0.9306 0.0126 -0.3659
vn -0.9306 0.0126 -0.3659
vn 0.3113 0.5536 -0.7724
vn 0.3113 0.5536 -0.7724
vn 0.3113 0.5536 -0.7724
vn 0.3113 0.5536 -0.7724
vn 0.1928 -0.8327 -0.5191
vn 0.1928 -0.8327 -0.5191
vn 0.1928 -0.8327 -0.5191
vn 0.1928 -0.8327 -0.5191
vn -0.1928 0.8327 0.5191
vn -0.1928 0.8327 0.5191
vn -0.1928 0.8327 0.5191
vn -0.1928 0.8327 0.5191
vn 0.9306 -0.0127 0.3659
vn 0.9306 -0.0127 0.3659
vn 0.9306 -0.0127 0.3659
vn 0.9306 -0.0127 0.3659
vn -0.3113 -0.5536 0.7724
vn -0.3113 -0.5536 0.7724
vn -0.3113 -0.5536 0.7724
vn -0.3113 -0.5536 0.7724
vn -0.9305 0.0126 -0.3660
vn -0.9305 0.0126 -0.3660
vn -0.9305 0.0126 -0.3660
vn -0.9305 0.0126 -0.3660
vn 0.3113 0.5536 -0.7724
vn 0.3113 0.5536 -0.7724
vn 0.3113 0.5536 -0.7724
vn 0.3113 0.5536 -0.7724
vn 0.1928 -0.8327 -0.5191
vn 0.1928 -0.8327 -0.5191
vn 0.1928 -0.8327 -0.5191
vn 0.1928 -0.8327 -0.5191
vn -0.1928 0.8327 0.5191
vn -0.1928 0.8327 0.5191
vn -0.1928 0.8327 0.5191
vn -0.1928 0.8327 0.5191
vn 0.9306 -0.0126 0.3659
vn 0.9306 -0.0126 0.3659
vn 0.9306 -0.0126 0.3659
vn 0.9306 -0.0126 0.3659
vn -0.9306 0.0126 -0.3659
vn -0.9306 0.0126 -0.3659
vn -0.9306 0.0126 -0.3659
vn -0.9306 0.0126 -0.3659
vn 0.3113 0.5536 -0.7724
vn 0.3113 0.5536 -0.7724
vn 0.3113 0.5536 -0.7724
vn 0.3113 0.5536 -0.7724
vn -0.3113 -0.5536 0.7724
vn -0.3113 -0.5536 0.7724
vn -0.3113 -0.5536 0.7724
vn -0.3113 -0.5536 0.7724
vn -0.1928 0.8327 0.5191
vn -0.1928 0.8327 0.5191
vn -0.1928 0.8327 0.5191
vn -0.1928 0.8327 0.5191
vn 0.1928 -0.8327 -0.5191
vn 0.1928 -0.8327 -0.5191
vn 0.1928 -0.8327 -0.5191
vn 0.1928 -0.8327 -0.5191
vn 0.9306 -0.0126 0.3659
vn 0.9306 -0.0126 0.3659
vn 0.9306 -0.0126 0.3659
vn 0.9306 -0.0126 0.3659
vn -0.9306 0.0126 -0.3659
vn -0.9306 0.0126 -0.3659
vn -0.9306 0.0126 -0.3659
vn -0.9306 0.0126 -0.3659
vn 0.3113 0.5536 -0.7724
vn 0.3113 0.5536 -0.7724
vn 0.3113 0.5536 -0.7724
vn 0.3113 0.5536 -0.7724
vn -0.3113 -0.5536 0.7724
vn -0.3113 -0.5536 0.7724
vn -0.3113 -0.5536 0.7724
vn -0.3113 -0.5536 0.7724
vn 0.1928 -0.8327 -0.5191
vn 0.1928 -0.8327 -0.5191
vn 0.1928 -0.8327 -0.5191
vn 0.1928 -0.8327 -0.5191
vn -0.1928 0.8327 0.5191
vn -0.1928 0.8327 0.5191
vn -0.1928 0.8327 0.5191
vn -0.1928 0.8327 0.5191
f 1/1/1 2/2/2 3/3/3
f 4/4/4 5/5/5 6/6/6
f 2/2/2 7/7/7 3/3/3
f 7/7/7 8/8/8 3/3/3
f 3/3/3 9/9/9 1/1/1
f 9/9/9 3/3/3 10/10/10
f 10/10/10 3/3/3 11/11/11
f 11/11/11 3/3/3 12/12/12
f 12/12/12 3/3/3 13/13/13
f 14/14/14 15/15/15 16/16/16
f 16/16/16 17/17/17 14/14/14
f 17/17/17 18/18/18 14/14/14
f 18/18/18 19/19/19 14/14/14
f 19/19/19 20/20/20 14/14/14
f 20/20/20 21/21/21 14/14/14
f 21/21/21 22/22/22 14/14/14
f 22/22/22 23/23/23 14/14/14
f 6/6/6 5/5/5 24/24/24
f 24/24/24 5/5/5 25/25/25
f 5/5/5 4/4/4 26/26/26
f 26/26/26 27/27/27 5/5/5
f 27/27/27 28/28/28 5/5/5
f 28/28/28 29/29/29 5/5/5
f 29/29/29 30/30/30 5/5/5
f 31/31/31 32/32/32 33/33/33
f 32/32/32 31/31/31 34/34/34
f 34/34/34 31/31/31 35/35/35
f 35/35/35 31/31/31 36/36/36
f 36/36/36 31/31/31 37/37/37
f 37/37/37 31/31/31 38/38/38
f 38/38/38 31/31/31 39/39/39
f 39/39/39 31/31/31 40/40/40
f 41/41/41 42/42/42 43/43/43
f 44/44/44 45/45/45 46/46/46
f 42/42/42 47/47/47 43/43/43
f 47/47/47 48/48/48 43/43/43
f 43/43/43 49/49/49 41/41/41
f 49/49/49 43/43/43 50/50/50
f 50/50/50 43/43/43 51/51/51
f 51/51/51 43/43/43 52/52/52
f 52/52/52 43/43/43 53/53/53
f 54/54/54 55/55/55 56/56/56
f 56/56/56 57/57/57 54/54/54
f 57/57/57 58/58/58 54/54/54
f 58/58/58 59/59/59 54/54/54
f 59/59/59 60/60/60 54/54/54
f 60/60/60 61/61/61 54/54/54
f 61/61/61 62/62/62 54/54/54
f 62/62/62 63/63/63 54/54/54
f 46/46/46 45/45/45 64/64/64
f 64/64/64 45/45/45 65/65/65
f 45/45/45 44/44/44 66/66/66
f 66/66/66 67/67/67 45/45/45
f 67/67/67 68/68/68 45/45/45
f 68/68/68 69/69/69 45/45/45
f 69/69/69 70/70/70 45/45/45
f 71/71/71 72/72/72 73/73/73
f 72/72/72 71/71/71 74/74/74
f 74/74/74 71/71/71 75/75/75
f 75/75/75 71/71/71 76/76/76
f 76/76/76 71/71/71 77/77/77
f 77/77/77 71/71/71 78/78/78
f 78/78/78 71/71/71 79/79/79
f 79/79/79 71/71/71 80/80/80
f 81/81/81 82/82/82 83/83/83
f 84/84/84 85/85/85 86/86/86
f 82/82/82 87/87/87 83/83/83
f 87/87/87 88/88/88 83/83/83
f 83/83/83 89/89/89 81/81/81
f 89/89/89 83/83/83 90/90/90
f 90/90/90 83/83/83 91/91/91
f 91/91/91 83/83/83 92/92/92
f 92/92/92 83/83/83 93/93/93
f 94/94/94 95/95/95 96/96/96
f 96/96/96 97/97/97 94/94/94
f 97/97/97 98/98/98 94/94/94
f 98/98/98 99/99/99 94/94/94
f 99/99/99 100/100/100 94/94/94
f 100/100/100 101/101/101 94/94/94
f 101/101/101 102/102/102 94/94/94
f 102/102/102 103/103/103 94/94/94
f 86/86/86 85/85/85 104/104/104
f 104/104/104 85/85/85 105/105/105
f 85/85/85 84/84/84 106/106/106
f 106/106/106 107/107/107 85/85/85
f 107/107/107 108/108/108 85/85/85
f 108/108/108 109/109/109 85/85/85
f 109/109/109 110/110/110 85/85/85
f 111/111/111 112/112/112 113/113/113
f 112/112/112 111/111/111 114/114/114
f 114/114/114 111/111/111 115/115/115
f 115/115/115 111/111/111 116/116/116
f 116/116/116 111/111/111 117/117/117
f 117/117/117 111/111/111 118/118/118
f 118/118/118 111/111/111 119/119/119
f 119/119/119 111/111/111 120/120/120
f 121/121/121 122/122/122 123/123/123
f 124/124/124 125/125/125 126/126/126
f 122/122/122 127/127/127 123/123/123
f 127/127/127 128/128/128 123/123/123
f 123/123/123 129/129/129 121/121/121
f 129/129/129 123/123/123 130/130/130
f 130/130/130 123/123/123 131/131/131
f 131/131/131 123/123/123 132/132/132
f 132/132/132 123/123/123 133/133/133
f 134/134/134 135/135/135 136/136/136
f 136/136/136 137/137/137 134/134/134
f 137/137/137 138/138/138 134/134/134
f 138/138/138 139/139/139 134/134/134
f 139/139/139 140/140/140 134/134/134
f 140/140/140 141/141/141 134/134/134
f 141/141/141 142/142/142 134/134/134
f 142/142/142 143/143/143 134/134/134
f 126/126/126 125/125/125 144/144/144
f 144/144/144 125/125/125 145/145/145
f 125/125/125 124/124/124 146/146/146
f 146/146/146 147/147/147 125/125/125
f 147/147/147 148/148/148 125/125/125
f 148/148/148 149/149/149 125/125/125
f 149/149/149 150/150/150 125/125/125
f 151/151/151 152/152/152 153/153/153
f 152/152/152 151/151/151 154/154/154
f 154/154/154 151/151/151 155/155/155
f 155/155/155 151/151/151 156/156/156
f 156/156/156 151/151/151 157/157/157
f 157/157/157 151/151/151 158/158/158
f 158/158/158 151/151/151 159/159/159
f 159/159/159 151/151/151 160/160/160
f 161/161/161 162/162/162 163/163/163
f 164/164/164 165/165/165 166/166/166
f 162/162/162 167/167/167 163/163/163
f 167/167/167 168/168/168 163/163/163
f 163/163/163 169/169/169 161/161/161
f 169/169/169 163/163/163 170/170/170
f 170/170/170 163/163/163 171/171/171
f 171/171/171 163/163/163 172/172/172
f 172/172/172 163/163/163 173/173/173
f 174/174/174 175/175/175 176/176/176
f 176/176/176 177/177/177 174/174/174
f 177/177/177 178/178/178 174/174/174
f 178/178/178 179/179/179 174/174/174
f 179/179/179 180/180/180 174/174/174
f 180/180/180 181/181/181 174/174/174
f 181/181/181 182/182/182 174/174/174
f 182/182/182 183/183/183 174/174/174
f 166/166/166 165/165/165 184/184/184
f 184/184/184 165/165/165 185/185/185
f 165/165/165 164/164/164 186/186/186
f 186/186/186 187/187/187 165/165/165
f 187/187/187 188/188/188 165/165/165
f 188/188/188 189/189/189 165/165/165
f 189/189/189 190/190/190 165/165/165
f 191/191/191 192/192/192 193/193/193
f 192/192/192 191/191/191 194/194/194
f 194/194/194 191/191/191 195/195/195
f 195/195/195 191/191/191 196/196/196
f 196/196/196 191/191/191 197/197/197
f 197/197/197 191/191/191 198/198/198
f 198/198/198 191/191/191 199/199/199
f 199/199/199 191/191/191 200/200/200
f 201/201/201 202/202/202 203/203/203
f 204/204/204 205/205/205 206/206/206
f 202/202/202 207/207/207 203/203/203
f 207/207/207 208/208/208 203/203/203
f 203/203/203 209/209/209 201/201/201
f 209/209/209 203/203/203 210/210/210
f 210/210/210 203/203/203 211/211/211
f 211/211/211 203/203/203 212/212/212
f 212/212/212 203/203/203 213/213/213
f 214/214/214 215/215/215 216/216/216
f 216/216/216 217/217/217 214/214/214
f 217/217/217 218/218/218 214/214/214
f 218/218/218 219/219/219 214/214/214
f 219/219/219 220/220/220 214/214/214
f 220/220/220 221/221/221 214/214/214
f 221/221/221 222/222/222 214/214/214
f 222/222/222 223/223/223 214/214/214
f 206/206/206 205/205/205 224/224/224
f 224/224/224 205/205/205 225/225/225
f 205/205/205 204/204/204 226/226/226
f 226/226/226 227/227/227 205/205/205
f 227/227/227 228/228/228 205/205/205
f 228/228/228 229/229/229 205/205/205
f 229/229/229 230/230/230 205/205/205
f 231/231/231 232/232/232 233/233/233
f 232/232/232 231/231/231 234/234/234
f 234/234/234 231/231/231 235/235/235
f 235/235/235 231/231/231 236/236/236
f 236/236/236 231/231/231 237/237/237
f 237/237/237 231/231/231 238/238/238
f 238/238/238 231/231/231 239/239/239
f 239/239/239 231/231/231 240/240/240
f 241/241/241 242/242/242 243/243/243
f 244/244/244 245/245/245 246/246/246
f 242/242/242 247/247/247 243/243/243
f 247/247/247 248/248/248 243/243/243
f 243/243/243 249/249/249 241/241/241
f 249/249/249 243/243/243 250/250/250
f 250/250/250 243/243/243 251/251/251
f 251/251/251 243/243/243 252/252/252
f 252/252/252 243/243/243 253/253/253
f 254/254/254 255/255/255 256/256/256
f 256/256/256 257/257/257 254/254/254
f 257/257/257 258/258/258 254/254/254
f 258/258/258 259/259/259 254/254/254
f 259/259/259 260/260/260 254/254/254
f 260/260/260 261/261/261 254/254/254
f 261/261/261 262/262/262 254/254/254
f 262/262/262 263/263/263 254/254/254
f 246/246/246 245/245/245 264/264/264
f 264/264/264 245/245/245 265/265/265
f 245/245/245 244/244/244 266/266/266
f 266/266/266 267/267/267 245/245/245
f 267/267/267 268/268/268 245/245/245
f 268/268/268 269/269/269 245/245/245
f 269/269/269 270/270/270 245/245/245
f 271/271/271 272/272/272 273/273/273
f 272/272/272 271/271/271 274/274/274
f 274/274/274 271/271/271 275/275/275
f 275/275/275 271/271/271 276/276/276
f 276/276/276 271/271/271 277/277/277
f 277/277/277 271/271/271 278/278/278
f 278/278/278 271/271/271 279/279/279
f 279/279/279 271/271/271 280/280/280
f 281/281/281 282/282/282 283/283/283
f 284/284/284 285/285/285 286/286/286
f 282/282/282 287/287/287 283/283/283
f 287/287/287 288/288/288 283/283/283
f 283/283/283 289/289/289 281/281/281
f 289/289/289 283/283/283 290/290/290
f 290/290/290 283/283/283 291/291/291
f 291/291/291 283/283/283 292/292/292
f 292/292/292 283/283/283 293/293/293
f 294/294/294 295/295/295 296/296/296
f 296/296/296 297/297/297 294/294/294
f 297/297/297 298/298/298 294/294/294
f 298/298/298 299/299/299 294/294/294
f 299/299/299 300/300/300 294/294/294
f 300/300/300 301/301/301 294/294/294
f 301/301/301 302/302/302 294/294/294
f 302/302/302 303/303/303 294/294/294
f 286/286/286 285/285/285 304/304/304
f 304/304/304 285/285/285 305/305/305
f 285/285/285 284/284/284 306/306/306
f 306/306/306 307/307/307 285/285/285
f 307/307/307 308/308/308 285/285/285
f 308/308/308 309/309/309 285/285/285
f 309/309/309 310/310/310 285/285/285
f 311/311/311 312/312/312 313/313/313
f 312/312/312 311/311/311 314/314/314
f 314/314/314 311/311/311 315/315/315
f 315/315/315 311/311/311 316/316/316
f 316/316/316 311/311/311 317/317/317
f 317/317/317 311/311/311 318/318/318
f 318/318/318 311/311/311 319/319/319
f 319/319/319 311/311/311 320/320/320
f 321/321/321 322/322/322 323/323/323
f 324/324/324 325/325/325 326/326/326
f 322/322/322 327/327/327 323/323/323
f 327/327/327 328/328/328 323/323/323
f 323/323/323 329/329/329 321/321/321
f 329/329/329 323/323/323 330/330/330
f 330/330/330 323/323/323 331/331/331
f 331/331/331 323/323/323 332/332/332
f 332/332/332 323/323/323 333/333/333
f 334/334/334 335/335/335 336/336/336
f 336/336/336 337/337/337 334/334/334
f 337/337/337 338/338/338 334/334/334
f 338/338/338 339/339/339 334/334/334
f 339/339/339 340/340/340 334/334/334
f 340/340/340 341/341/341 334/334/334
f 341/341/341 342/342/342 334/334/334
f 342/342/342 343/343/343 334/334/334
f 326/326/326 325/325/325 344/344/344
f 344/344/344 325/325/325 345/345/345
f 325/325/325 324/324/324 346/346/346
f 346/346/346 347/347/347 325/325/325
f 347/347/347 348/348/348 325/325/325
f 348/348/348 349/349/349 325/325/325
f 349/349/349 350/350/350 325/325/325
f 351/351/351 352/352/352 353/353/353
f 352/352/352 351/351/351 354/354/354
f 354/354/354 351/351/351 355/355/355
f 355/355/355 351/351/351 356/356/356
f 356/356/356 351/351/351 357/357/357
f 357/357/357 351/351/351 358/358/358
f 358/358/358 351/351/351 359/359/359
f 359/359/359 351/351/351 360/360/360
f 361/361/361 362/362/362 363/363/363
f 364/364/364 365/365/365 366/366/366
f 362/362/362 367/367/367 363/363/363
f 367/367/367 368/368/368 363/363/363
f 363/363/363 369/369/369 361/361/361
f 369/369/369 363/363/363 370/370/370
f 370/370/370 363/363/363 371/371/371
f 371/371/371 363/363/363 372/372/372
f 372/372/372 363/363/363 373/373/373
f 374/374/374 375/375/375 376/376/376
f 376/376/376 377/377/377 374/374/374
f 377/377/377 378/378/378 374/374/374
f 378/378/378 379/379/379 374/374/374
f 379/379/379 380/380/380 374/374/374
f 380/380/380 381/381/381 374/374/374
f 381/381/381 382/382/382 374/374/374
f 382/382/382 383/383/383 374/374/374
f 366/366/366 365/365/365 384/384/384
f 384/384/384 365/365/365 385/385/385
f 365/365/365 364/364/364 386/386/386
f 386/386/386 387/387/387 365/365/365
f 387/387/387 388/388/388 365/365/365
f 388/388/388 389/389/389 365/365/365
f 389/389/389 390/390/390 365/365/365
f 391/391/391 392/392/392 393/393/393
f 392/392/392 391/391/391 394/394/394
f 394/394/394 391/391/391 395/395/395
f 395/395/395 391/391/391 396/396/396
f 396/396/396 391/391/391 397/397/397
f 397/397/397 391/391/391 398/398/398
f 398/398/398 391/391/391 399/399/399
f 399/399/399 391/391/391 400/400/400
f 401/401/401 402/402/402 403/403/403
f 404/404/404 405/405/405 406/406/406
f 402/402/402 407/407/407 403/403/403
f 407/407/407 408/408/408 403/403/403
f 403/403/403 409/409/409 401/401/401
f 409/409/409 403/403/403 410/410/410
f 410/410/410 403/403/403 411/411/411
f 411/411/411 403/403/403 412/412/412
f 412/412/412 403/403/403 413/413/413
f 414/414/414 415/415/415 416/416/416
f 416/416/416 417/417/417 414/414/414
f 417/417/417 418/418/418 414/414/414
f 418/418/418 419/419/419 414/414/414
f 419/419/419 420/420/420 414/414/414
f 420/420/420 421/421/421 414/414/414
f 421/421/421 422/422/422 414/414/414
f 422/422/422 423/423/423 414/414/414
f 406/406/406 405/405/405 424/424/424
f 424/424/424 405/405/405 425/425/425
f 405/405/405 404/404/404 426/426/426
f 426/426/426 427/427/427 405/405/405
f 427/427/427 428/428/428 405/405/405
f 428/428/428 429/429/429 405/405/405
f 429/429/429 430/430/430 405/405/405
f 431/431/431 432/432/432 433/433/433
f 432/432/432 431/431/431 434/434/434
f 434/434/434 431/431/431 435/435/435
f 435/435/435 431/431/431 436/436/436
f 436/436/436 431/431/431 437/437/437
f 437/437/437 431/431/431 438/438/438
f 438/438/438 431/431/431 439/439/439
f 439/439/439 431/431/431 440/440/440
f 441/441/441 442/442/442 443/443/443
f 444/444/444 445/445/445 446/446/446
f 442/442/442 447/447/447 443/443/443
f 447/447/447 448/448/448 443/443/443
f 443/443/443 449/449/449 441/441/441
f 449/449/449 443/443/443 450/450/450
f 450/450/450 443/443/443 451/451/451
f 451/451/451 443/443/443 452/452/452
f 452/452/452 443/443/443 453/453/453
f 454/454/454 455/455/455 456/456/456
f 456/456/456 457/457/457 454/454/454
f 457/457/457 458/458/458 454/454/454
f 458/458/458 459/459/459 454/454/454
f 459/459/459 460/460/460 454/454/454
f 460/460/460 461/461/461 454/454/454
f 461/461/461 462/462/462 454/454/454
f 462/462/462 463/463/463 454/454/454
f 446/446/446 445/445/445 464/464/464
f 464/464/464 445/445/445 465/465/465
f 445/445/445 444/444/444 466/466/466
f 466/466/466 467/467/467 445/445/445
f 467/467/467 468/468/468 445/445/445
f 468/468/468 469/469/469 445/445/445
f 469/469/469 470/470/470 445/445/445
f 471/471/471 472/472/472 473/473/473
f 472/472/472 471/471/471 474/474/474
f 474/474/474 471/471/471 475/475/475
f 475/475/475 471/471/471 476/476/476
f 476/476/476 471/471/471 477/477/477
f 477/477/477 471/471/471 478/478/478
f 478/478/478 471/471/471 479/479/479
f 479/479/479 471/471/471 480/480/480
f 481/481/481 482/482/482 483/483/483
f 484/484/484 485/485/485 486/486/486
f 482/482/482 487/487/487 483/483/483
f 487/487/487 488/488/488 483/483/483
f 483/483/483 489/489/489 481/481/481
f 489/489/489 483/483/483 490/490/490
f 490/490/490 483/483/483 491/491/491
f 491/491/491 483/483/483 492/492/492
f 492/492/492 483/483/483 493/493/493
f 494/494/494 495/495/495 496/496/496
f 496/496/496 497/497/497 494/494/494
f 497/497/497 498/498/498 494/494/494
f 498/498/498 499/499/499 494/494/494
f 499/499/499 500/500/500 494/494/494
f 500/500/500 501/501/501 494/494/494
f 501/501/501 502/502/502 494/494/494
f 502/502/502 503/503/503 494/494/494
f 486/486/486 485/485/485 504/504/504
f 504/504/504 485/485/485 505/505/505
f 485/485/485 484/484/484 506/506/506
f 506/506/506 507/507/507 485/485/485
f 507/507/507 508/508/508 485/485/485
f 508/508/508 509/509/509 485/485/485
f 509/509/509 510/510/510 485/485/485
f 511/511/511 512/512/512 513/513/513
f 512/512/512 511/511/511 514/514/514
f 514/514/514 511/511/511 515/515/515
f 515/515/515 511/511/511 516/516/516
f 516/516/516 511/511/511 517/517/517
f 517/517/517 511/511/511 518/518/518
f 518/518/518 511/511/511 519/519/519
f 519/519/519 511/511/511 520/520/520
f 521/521/521 522/522/522 523/523/523
f 524/524/524 525/525/525 526/526/526
f 522/522/522 527/527/527 523/523/523
f 527/527/527 528/528/528 523/523/523
f 523/523/523 529/529/529 521/521/521
f 529/529/529 523/523/523 530/530/530
f 530/530/530 523/523/523 531/531/531
f 531/531/531 523/523/523 532/532/532
f 532/532/532 523/523/523 533/533/533
f 534/534/534 535/535/535 536/536/536
f 536/536/536 537/537/537 534/534/534
f 537/537/537 538/538/538 534/534/534
f 538/538/538 539/539/539 534/534/534
f 539/539/539 540/540/540 534/534/534
f 540/540/540 541/541/541 534/534/534
f 541/541/541 542/542/542 534/534/534
f 542/542/542 543/543/543 534/534/534
f 526/526/526 525/525/525 544/544/544
f 544/544/544 525/525/525 545/545/545
f 525/525/525 524/524/524 546/546/546
f 546/546/546 547/547/547 525/525/525
f 547/547/547 548/548/548 525/525/525
f 548/548/548 549/549/549 525/525/525
f 549/549/549 550/550/550 525/525/525
f 551/551/551 552/552/552 553/553/553
f 552/552/552 551/551/551 554/554/554
f 554/554/554 551/551/551 555/555/555
f 555/555/555 551/551/551 556/556/556
f 556/556/556 551/551/551 557/557/557
f 557/557/557 551/551/551 558/558/558
f 558/558/558 551/551/551 559/559/559
f 559/559/559 551/551/551 560/560/560
f 561/561/561 13/13/13 3/3/3
f 561/561/561 3/3/3 562/562/562
f 563/563/563 564/564/564 14/14/14
f 563/563/563 14/14/14 23/23/23
f 565/565/565 566/566/566 5/5/5
f 565/565/565 5/5/5 30/30/30
f 567/567/567 40/40/40 31/31/31
f 567/567/567 31/31/31 568/568/568
f 569/569/569 570/570/570 571/571/571
f 569/569/569 571/571/571 572/572/572
f 573/573/573 574/574/574 575/575/575
f 573/573/573 575/575/575 576/576/576
f 570/570/570 577/577/577 578/578/578
f 570/570/570 578/578/578 571/571/571
f 579/579/579 580/580/580 581/581/581
f 579/579/579 581/581/581 582/582/582
f 583/583/583 584/584/584 585/585/585
f 583/583/583 585/585/585 586/586/586
f 587/587/587 573/573/573 576/576/576
f 587/587/587 576/576/576 588/588/588
f 589/589/589 590/590/590 591/591/591
f 589/589/589 591/591/591 592/592/592
f 593/593/593 594/594/594 595/595/595
f 593/593/593 595/595/595 596/596/596
f 597/597/597 583/583/583 586/586/586
f 597/597/597 586/586/586 598/598/598
f 590/590/590 599/599/599 600/600/600
f 590/590/590 600/600/600 591/591/591
f 601/601/601 602/602/602 603/603/603
f 601/601/601 603/603/603 604/604/604
f 594/594/594 605/605/605 606/606/606
f 594/594/594 606/606/606 595/595/595
f 607/607/607 608/608/608 609/609/609
f 607/607/607 609/609/609 610/610/610
f 611/611/611 597/597/597 598/598/598
f 611/611/611 598/598/598 612/612/612
f 613/613/613 579/579/579 582/582/582
f 613/613/613 582/582/582 614/614/614
f 599/599/599 615/615/615 616/616/616
f 599/599/599 616/616/616 600/600/600
f 584/584/584 617/617/617 618/618/618
f 584/584/584 618/618/618 585/585/585
f 619/619/619 620/620/620 621/621/621
f 619/619/619 621/621/621 622/622/622
f 623/623/623 589/589/589 592/592/592
f 623/623/623 592/592/592 624/624/624
f 617/617/617 569/569/569 572/572/572
f 617/617/617 572/572/572 618/618/618
f 625/625/625 626/626/626 627/627/627
f 625/625/625 627/627/627 628/628/628
f 574/574/574 623/623/623 624/624/624
f 574/574/574 624/624/624 575/575/575
f 629/629/629 53/53/53 43/43/43
f 629/629/629 43/43/43 630/630/630
f 631/631/631 632/632/632 54/54/54
f 631/631/631 54/54/54 63/63/63
f 633/633/633 634/634/634 45/45/45
f 633/633/633 45/45/45 70/70/70
f 635/635/635 80/80/80 71/71/71
f 635/635/635 71/71/71 636/636/636
f 637/637/637 638/638/638 639/639/639
f 637/637/637 639/639/639 640/640/640
f 641/641/641 642/642/642 643/643/643
f 641/641/641 643/643/643 644/644/644
f 638/638/638 645/645/645 646/646/646
f 638/638/638 646/646/646 639/639/639
f 647/647/647 648/648/648 649/649/649
f 647/647/647 649/649/649 650/650/650
f 651/651/651 652/652/652 653/653/653
f 651/651/651 653/653/653 654/654/654
f 655/655/655 641/641/641 644/644/644
f 655/655/655 644/644/644 656/656/656
f 657/657/657 658/658/658 659/659/659
f 657/657/657 659/659/659 660/660/660
f 661/661/661 662/662/662 663/663/663
f 661/661/661 663/663/663 664/664/664
f 665/665/665 651/651/651 654/654/654
f 665/665/665 654/654/654 666/666/666
f 658/658/658 667/667/667 668/668/668
f 658/658/658 668/668/668 659/659/659
f 669/669/669 670/670/670 671/671/671
f 669/669/669 671/671/671 672/672/672
f 662/662/662 673/673/673 674/674/674
f 662/662/662 674/674/674 663/663/663
f 675/675/675 676/676/676 677/677/677
f 675/675/675 677/677/677 678/678/678
f 679/679/679 665/665/665 666/666/666
f 679/679/679 666/666/666 680/680/680
f 681/681/681 647/647/647 650/650/650
f 681/681/681 650/650/650 682/682/682
f 667/667/667 683/683/683 684/684/684
f 667/667/667 684/684/684 668/668/668
f 652/652/652 685/685/685 686/686/686
f 652/652/652 686/686/686 653/653/653
f 687/687/687 688/688/688 689/689/689
f 687/687/687 689/689/689 690/690/690
f 691/691/691 657/657/657 660/660/660
f 691/691/691 660/660/660 692/692/692
f 685/685/685 637/637/637 640/640/640
f 685/685/685 640/640/640 686/686/686
f 693/693/693 694/694/694 695/695/695
f 693/693/693 695/695/695 696/696/696
f 642/642/642 691/691/691 692/692/692
f 642/642/642 692/692/692 643/643/643
f 697/697/697 698/698/698 578/578/578
f 697/697/697 578/578/578 577/577/577
f 699/699/699 587/587/587 588/588/588
f 699/699/699 588/588/588 700/700/700
f 701/701/701 702/702/702 646/646/646
f 701/701/701 646/646/646 645/645/645
f 703/703/703 655/655/655 656/656/656
f 703/703/703 656/656/656 704/704/704
f 705/705/705 706/706/706 707/707/707
f 705/705/705 707/707/707 708/708/708
f 709/709/709 710/710/710 711/711/711
f 709/709/709 711/711/711 712/712/712
f 713/713/713 714/714/714 715/715/715
f 713/713/713 715/715/715 716/716/716
f 717/717/717 718/718/718 719/719/719
f 717/717/717 719/719/719 720/720/720
f 721/721/721 713/713/713 716/716/716
f 721/721/721 716/716/716 722/722/722
f 718/718/718 723/723/723 724/724/724
f 718/718/718 724/724/724 719/719/719
f 706/706/706 725/725/725 726/726/726
f 706/706/706 726/726/726 707/707/707
f 723/723/723 727/727/727 728/728/728
f 723/723/723 728/728/728 724/724/724
f 729/729/729 730/730/730 731/731/731
f 729/729/729 731/731/731 732/732/732
f 727/727/727 733/733/733 734/734/734
f 727/727/727 734/734/734 728/728/728
f 735/735/735 717/717/717 720/720/720
f 735/735/735 720/720/720 736/736/736
f 725/725/725 729/729/729 732/732/732
f 725/725/725 732/732/732 726/726/726
f 733/733/733 737/737/737 738/738/738
f 733/733/733 738/738/738 734/734/734
f 739/739/739 705/705/705 708/708/708
f 739/739/739 708/708/708 740/740/740
f 730/730/730 721/721/721 722/722/722
f 730/730/730 722/722/722 731/731/731
f 737/737/737 709/709/709 712/712/712
f 737/737/737 712/712/712 738/738/738
f 714/714/714 735/735/735 736/736/736
f 714/714/714 736/736/736 715/715/715
f 741/741/741 742/742/742 743/743/743
f 741/741/741 743/743/743 744/744/744
f 745/745/745 746/746/746 747/747/747
f 745/745/745 747/747/747 748/748/748
f 749/749/749 750/750/750 751/751/751
f 749/749/749 751/751/751 752/752/752
f 753/753/753 754/754/754 755/755/755
f 753/753/753 755/755/755 756/756/756
f 757/757/757 758/758/758 750/750/750
f 757/757/757 750/750/750 749/749/749
f 756/756/756 755/755/755 759/759/759
f 756/756/756 759/759/759 760/760/760
f 744/744/744 743/743/743 761/761/761
f 744/744/744 761/761/761 762/762/762
f 760/760/760 759/759/759 763/763/763
f 760/760/760 763/763/763 764/764/764
f 765/765/765 766/766/766 767/767/767
f 765/765/765 767/767/767 768/768/768
f 764/764/764 763/763/763 769/769/769
f 764/764/764 769/769/769 770/770/770
f 771/771/771 772/772/772 754/754/754
f 771/771/771 754/754/754 753/753/753
f 762/762/762 761/761/761 766/766/766
f 762/762/762 766/766/766 765/765/765
f 770/770/770 769/769/769 773/773/773
f 770/770/770 773/773/773 774/774/774
f 739/739/739 740/740/740 742/742/742
f 739/739/739 742/742/742 741/741/741
f 768/768/768 767/767/767 758/758/758
f 768/768/768 758/758/758 757/757/757
f 774/774/774 773/773/773 746/746/746
f 774/774/774 746/746/746 745/745/745
f 752/752/752 751/751/751 772/772/772
f 752/752/752 772/772/772 771/771/771
f 775/775/775 776/776/776 777/777/777
f 775/775/775 777/777/777 778/778/778
f 779/779/779 780/780/780 781/781/781
f 779/779/779 781/781/781 782/782/782
f 776/776/776 783/783/783 784/784/784
f 776/776/776 784/784/784 777/777/777
f 780/780/780 785/785/785 786/786/786
f 780/780/780 786/786/786 781/781/781
f 783/783/783 787/787/787 788/788/788
f 783/783/783 788/788/788 784/784/784
f 785/785/785 789/789/789 790/790/790
f 785/785/785 790/790/790 786/786/786
f 787/787/787 791/791/791 792/792/792
f 787/787/787 792/792/792 788/788/788
f 789/789/789 793/793/793 794/794/794
f 789/789/789 794/794/794 790/790/790
f 791/791/791 795/795/795 796/796/796
f 791/791/791 796/796/796 792/792/792
f 793/793/793 797/797/797 798/798/798
f 793/793/793 798/798/798 794/794/794
f 799/799/799 800/800/800 801/801/801
f 799/799/799 801/801/801 802/802/802
f 797/797/797 803/803/803 804/804/804
f 797/797/797 804/804/804 798/798/798
f 800/800/800 805/805/805 806/806/806
f 800/800/800 806/806/806 801/801/801
f 803/803/803 775/775/775 778/778/778
f 803/803/803 778/778/778 804/804/804
f 805/805/805 779/779/779 782/782/782
f 805/805/805 782/782/782 806/806/806
f 807/807/807 808/808/808 809/809/809
f 807/807/807 809/809/809 810/810/810
f 811/811/811 812/812/812 813/813/813
f 811/811/811 813/813/813 814/814/814
f 810/810/810 809/809/809 815/815/815
f 810/810/810 815/815/815 816/816/816
f 814/814/814 813/813/813 817/817/817
f 814/814/814 817/817/817 818/818/818
f 816/816/816 815/815/815 819/819/819
f 816/816/816 819/819/819 820/820/820
f 818/818/818 817/817/817 821/821/821
f 818/818/818 821/821/821 822/822/822
f 820/820/820 819/819/819 823/823/823
f 820/820/820 823/823/823 824/824/824
f 822/822/822 821/821/821 825/825/825
f 822/822/822 825/825/825 826/826/826
f 824/824/824 823/823/823 827/827/827
f 824/824/824 827/827/827 828/828/828
f 826/826/826 825/825/825 829/829/829
f 826/826/826 829/829/829 830/830/830
f 799/799/799 802/802/802 831/831/831
f 799/799/799 831/831/831 832/832/832
f 830/830/830 829/829/829 833/833/833
f 830/830/830 833/833/833 834/834/834
f 832/832/832 831/831/831 835/835/835
f 832/832/832 835/835/835 836/836/836
f 834/834/834 833/833/833 808/808/808
f 834/834/834 808/808/808 807/807/807
f 836/836/836 835/835/835 812/812/812
f 836/836/836 812/812/812 811/811/811
f 837/837/837 838/838/838 839/839/839
f 837/837/837 839/839/839 840/840/840
f 841/841/841 842/842/842 843/843/843
f 841/841/841 843/843/843 844/844/844
f 845/845/845 846/846/846 847/847/847
f 845/845/845 847/847/847 848/848/848
f 849/849/849 850/850/850 851/851/851
f 849/849/849 851/851/851 852/852/852
f 853/853/853 854/854/854 846/846/846
f 853/853/853 846/846/846 845/845/845
f 852/852/852 851/851/851 855/855/855
f 852/852/852 855/855/855 856/856/856
f 840/840/840 839/839/839 857/857/857
f 840/840/840 857/857/857 858/858/858
f 856/856/856 855/855/855 859/859/859
f 856/856/856 859/859/859 860/860/860
f 861/861/861 862/862/862 863/863/863
f 861/861/861 863/863/863 864/864/864
f 860/860/860 859/859/859 865/865/865
f 860/860/860 865/865/865 866/866/866
f 867/867/867 868/868/868 850/850/850
f 867/867/867 850/850/850 849/849/849
f 858/858/858 857/857/857 862/862/862
f 858/858/858 862/862/862 861/861/861
f 866/866/866 865/865/865 869/869/869
f 866/866/866 869/869/869 870/870/870
f 871/871/871 872/872/872 838/838/838
f 871/871/871 838/838/838 837/837/837
f 864/864/864 863/863/863 854/854/854
f 864/864/864 854/854/854 853/853/853
f 870/870/870 869/869/869 842/842/842
f 870/870/870 842/842/842 841/841/841
f 848/848/848 847/847/847 868/868/868
f 848/848/848 868/868/868 867/867/867
f 873/873/873 874/874/874 875/875/875
f 873/873/873 875/875/875 876/876/876
f 877/877/877 878/878/878 879/879/879
f 877/877/877 879/879/879 880/880/880
f 881/881/881 882/882/882 883/883/883
f 881/881/881 883/883/883 884/884/884
f 885/885/885 886/886/886 887/887/887
f 885/885/885 887/887/887 888/888/888
f 889/889/889 881/881/881 884/884/884
f 889/889/889 884/884/884 890/890/890
f 886/886/886 891/891/891 892/892/892
f 886/886/886 892/892/892 887/887/887
f 874/874/874 893/893/893 894/894/894
f 874/874/874 894/894/894 875/875/875
f 891/891/891 895/895/895 896/896/896
f 891/891/891 896/896/896 892/892/892
f 897/897/897 898/898/898 899/899/899
f 897/897/897 899/899/899 900/900/900
f 895/895/895 901/901/901 902/902/902
f 895/895/895 902/902/902 896/896/896
f 903/903/903 885/885/885 888/888/888
f 903/903/903 888/888/888 904/904/904
f 893/893/893 897/897/897 900/900/900
f 893/893/893 900/900/900 894/894/894
f 901/901/901 905/905/905 906/906/906
f 901/901/901 906/906/906 902/902/902
f 871/871/871 873/873/873 876/876/876
f 871/871/871 876/876/876 872/872/872
f 898/898/898 889/889/889 890/890/890
f 898/898/898 890/890/890 899/899/899
f 905/905/905 877/877/877 880/880/880
f 905/905/905 880/880/880 906/906/906
f 882/882/882 903/903/903 904/904/904
f 882/882/882 904/904/904 883/883/883
f 907/907/907 908/908/908 909/909/909
f 907/907/907 909/909/909 910/910/910
f 911/911/911 912/912/912 913/913/913
f 911/911/911 913/913/913 914/914/914
f 910/910/910 909/909/909 915/915/915
f 910/910/910 915/915/915 916/916/916
f 914/914/914 913/913/913 917/917/917
f 914/914/914 917/917/917 918/918/918
f 916/916/916 915/915/915 919/919/919
f 916/916/916 919/919/919 920/920/920
f 918/918/918 917/917/917 921/921/921
f 918/918/918 921/921/921 922/922/922
f 920/920/920 919/919/919 923/923/923
f 920/920/920 923/923/923 924/924/924
f 922/922/922 921/921/921 925/925/925
f 922/922/922 925/925/925 926/926/926
f 924/924/924 923/923/923 927/927/927
f 924/924/924 927/927/927 928/928/928
f 926/926/926 925/925/925 929/929/929
f 926/926/926 929/929/929 930/930/930
f 931/931/931 932/932/932 933/933/933
f 931/931/931 933/933/933 934/934/934
f 930/930/930 929/929/929 935/935/935
f 930/930/930 935/935/935 936/936/936
f 934/934/934 933/933/933 937/937/937
f 934/934/934 937/937/937 938/938/938
f 936/936/936 935/935/935 908/908/908
f 936/936/936 908/908/908 907/907/907
f 938/938/938 937/937/937 912/912/912
f 938/938/938 912/912/912 911/911/911
f 939/939/939 940/940/940 941/941/941
f 939/939/939 941/941/941 942/942/942
f 943/943/943 944/944/944 945/945/945
f 943/943/943 945/945/945 946/946/946
f 940/940/940 947/947/947 948/948/948
f 940/940/940 948/948/948 941/941/941
f 944/944/944 949/949/949 950/950/950
f 944/944/944 950/950/950 945/945/945
f 947/947/947 951/951/951 952/952/952
f 947/947/947 952/952/952 948/948/948
f 949/949/949 953/953/953 954/954/954
f 949/949/949 954/954/954 950/950/950
f 951/951/951 955/955/955 956/956/956
f 951/951/951 956/956/956 952/952/952
f 953/953/953 957/957/957 958/958/958
f 953/953/953 958/958/958 954/954/954
f 955/955/955 959/959/959 960/960/960
f 955/955/955 960/960/960 956/956/956
f 957/957/957 961/961/961 962/962/962
f 957/957/957 962/962/962 958/958/958
f 931/931/931 963/963/963 964/964/964
f 931/931/931 964/964/964 932/932/932
f 961/961/961 965/965/965 966/966/966
f 961/961/961 966/966/966 962/962/962
f 963/963/963 967/967/967 968/968/968
f 963/963/963 968/968/968 964/964/964
f 965/965/965 939/939/939 942/942/942
f 965/965/965 942/942/942 966/966/966
f 967/967/967 943/943/943 946/946/946
f 967/967/967 946/946/946 968/968/968
f 969/969/969 970/970/970 971/971/971
f 969/969/969 971/971/971 972/972/972
f 973/973/973 974/974/974 975/975/975
f 973/973/973 975/975/975 976/976/976
f 977/977/977 978/978/978 979/979/979
f 977/977/977 979/979/979 980/980/980
f 981/981/981 982/982/982 983/983/983
f 981/981/981 983/983/983 984/984/984
f 985/985/985 969/969/969 972/972/972
f 985/985/985 972/972/972 986/986/986
f 974/974/974 987/987/987 988/988/988
f 974/974/974 988/988/988 975/975/975
f 989/989/989 977/977/977 980/980/980
f 989/989/989 980/980/980 990/990/990
f 991/991/991 992/992/992 993/993/993
f 991/991/991 993/993/993 994/994/994
f 995/995/995 996/996/996 997/997/997
f 995/995/995 997/997/997 998/998/998
f 999/999/999 1000/1000/1000 1001/1001/1001
f 999/999/999 1001/1001/1001 1002/1002/1002
f 1003/1003/1003 989/989/989 990/990/990
f 1003/1003/1003 990/990/990 1004/1004/1004
f 1005/1005/1005 981/981/981 984/984/984
f 1005/1005/1005 984/984/984 1006/1006/1006
f 996/996/996 1007/1007/1007 1008/1008/1008
f 996/996/996 1008/1008/1008 997/997/997
f 1009/1009/1009 973/973/973 976/976/976
f 1009/1009/1009 976/976/976 1010/1010/1010
f 1011/1011/1011 1003/1003/1003 1004/1004/1004
f 1011/1011/1011 1004/1004/1004 1012/1012/1012
f 1013/1013/1013 1014/1014/1014 1015/1015/1015
f 1013/1013/1013 1015/1015/1015 1016/1016/1016
f 1007/1007/1007 1017/1017/1017 1018/1018/1018
f 1007/1007/1007 1018/1018/1018 1008/1008/1008
f 1019/1019/1019 1009/1009/1009 1010/1010/1010
f 1019/1019/1019 1010/1010/1010 1020/1020/1020
f 1021/1021/1021 1011/1011/1011 1012/1012/1012
f 1021/1021/1021 1012/1012/1012 1022/1022/1022
f 982/982/982 1023/1023/1023 1024/1024/1024
f 982/982/982 1024/1024/1024 983/983/983
f 1017/1017/1017 1025/1025/1025 1026/1026/1026
f 1017/1017/1017 1026/1026/1026 1018/1018/1018
f 1027/1027/1027 1019/1019/1019 1020/1020/1020
f 1027/1027/1027 1020/1020/1020 1028/1028/1028
f 1029/1029/1029 1021/1021/1021 1022/1022/1022
f 1029/1029/1029 1022/1022/1022 1030/1030/1030
f 1023/1023/1023 1031/1031/1031 1032/1032/1032
f 1023/1023/1023 1032/1032/1032 1024/1024/1024
f 1025/1025/1025 1033/1033/1033 1034/1034/1034
f 1025/1025/1025 1034/1034/1034 1026/1026/1026
f 1035/1035/1035 1027/1027/1027 1028/1028/1028
f 1035/1035/1035 1028/1028/1028 1036/1036/1036
f 1031/1031/1031 1037/1037/1037 1038/1038/1038
f 1031/1031/1031 1038/1038/1038 1032/1032/1032
f 1033/1033/1033 1039/1039/1039 1040/1040/1040
f 1033/1033/1033 1040/1040/1040 1034/1034/1034
f 1041/1041/1041 1035/1035/1035 1036/1036/1036
f 1041/1041/1041 1036/1036/1036 1042/1042/1042
f 1037/1037/1037 1043/1043/1043 1044/1044/1044
f 1037/1037/1037 1044/1044/1044 1038/1038/1038
f 1039/1039/1039 1045/1045/1045 1046/1046/1046
f 1039/1039/1039 1046/1046/1046 1040/1040/1040
f 1000/1000/1000 1041/1041/1041 1042/1042/1042
f 1000/1000/1000 1042/1042/1042 1001/1001/1001
f 1043/1043/1043 1047/1047/1047 1048/1048/1048
f 1043/1043/1043 1048/1048/1048 1044/1044/1044
f 1045/1045/1045 1049/1049/1049 1050/1050/1050
f 1045/1045/1045 1050/1050/1050 1046/1046/1046
f 1051/1051/1051 1052/1052/1052 1053/1053/1053
f 1051/1051/1051 1053/1053/1053 1054/1054/1054
f 1047/1047/1047 1013/1013/1013 1016/1016/1016
f 1047/1047/1047 1016/1016/1016 1048/1048/1048
f 1049/1049/1049 1055/1055/1055 1056/1056/1056
f 1049/1049/1049 1056/1056/1056 1050/1050/1050
f 987/987/987 1057/1057/1057 1058/1058/1058
f 987/987/987 1058/1058/1058 988/988/988
f 992/992/992 1059/1059/1059 1060/1060/1060
f 992/992/992 1060/1060/1060 993/993/993
f 1055/1055/1055 1061/1061/1061 1062/1062/1062
f 1055/1055/1055 1062/1062/1062 1056/1056/1056
f 1057/1057/1057 1063/1063/1063 1064/1064/1064
f 1057/1057/1057 1064/1064/1064 1058/1058/1058
f 1065/1065/1065 1005/1005/1005 1006/1006/1006
f 1065/1065/1065 1006/1006/1006 1066/1066/1066
f 1061/1061/1061 1067/1067/1067 1068/1068/1068
f 1061/1061/1061 1068/1068/1068 1062/1062/1062
f 1069/1069/1069 1051/1051/1051 1054/1054/1054
f 1069/1069/1069 1054/1054/1054 1070/1070/1070
f 1071/1071/1071 1065/1065/1065 1066/1066/1066
f 1071/1071/1071 1066/1066/1066 1072/1072/1072
f 1067/1067/1067 1073/1073/1073 1074/1074/1074
f 1067/1067/1067 1074/1074/1074 1068/1068/1068
f 1075/1075/1075 1076/1076/1076 1077/1077/1077
f 1075/1075/1075 1077/1077/1077 1078/1078/1078
f 1059/1059/1059 1079/1079/1079 1080/1080/1080
f 1059/1059/1059 1080/1080/1080 1060/1060/1060
f 1076/1076/1076 1069/1069/1069 1070/1070/1070
f 1076/1076/1076 1070/1070/1070 1077/1077/1077
f 1081/1081/1081 1082/1082/1082 1083/1083/1083
f 1081/1081/1081 1083/1083/1083 1084/1084/1084
f 1063/1063/1063 1075/1075/1075 1078/1078/1078
f 1063/1063/1063 1078/1078/1078 1064/1064/1064
f 1079/1079/1079 1081/1081/1081 1084/1084/1084
f 1079/1079/1079 1084/1084/1084 1080/1080/1080
f 1085/1085/1085 1086/1086/1086 1087/1087/1087
f 1085/1085/1085 1087/1087/1087 1088/1088/1088
f 1082/1082/1082 1071/1071/1071 1072/1072/1072
f 1082/1082/1082 1072/1072/1072 1083/1083/1083
f 1089/1089/1089 1090/1090/1090 1091/1091/1091
f 1089/1089/1089 1091/1091/1091 1092/1092/1092
f 1093/1093/1093 1094/1094/1094 1095/1095/1095
f 1093/1093/1093 1095/1095/1095 1096/1096/1096
f 1097/1097/1097 1098/1098/1098 1099/1099/1099
f 1097/1097/1097 1099/1099/1099 1100/1100/1100
f 1101/1101/1101 985/985/985 986/986/986
f 1101/1101/1101 986/986/986 1102/1102/1102
f 1103/1103/1103 1104/1104/1104 1105/1105/1105
f 1103/1103/1103 1105/1105/1105 1106/1106/1106
f 1098/1098/1098 1107/1107/1107 1108/1108/1108
f 1098/1098/1098 1108/1108/1108 1099/1099/1099
f 1107/1107/1107 1109/1109/1109 1110/1110/1110
f 1107/1107/1107 1110/1110/1110 1108/1108/1108
f 1109/1109/1109 1111/1111/1111 1112/1112/1112
f 1109/1109/1109 1112/1112/1112 1110/1110/1110
f 1111/1111/1111 1113/1113/1113 1114/1114/1114
f 1111/1111/1111 1114/1114/1114 1112/1112/1112
f 1115/1115/1115 1116/1116/1116 1117/1117/1117
f 1115/1115/1115 1117/1117/1117 1118/1118/1118
f 1113/1113/1113 1119/1119/1119 1120/1120/1120
f 1113/1113/1113 1120/1120/1120 1114/1114/1114
f 1052/1052/1052 991/991/991 994/994/994
f 1052/1052/1052 994/994/994 1053/1053/1053
f 1119/1119/1119 1121/1121/1121 1122/1122/1122
f 1119/1119/1119 1122/1122/1122 1120/1120/1120
f 1123/1123/1123 1124/1124/1124 1125/1125/1125
f 1123/1123/1123 1125/1125/1125 1126/1126/1126
f 1127/1127/1127 1097/1097/1097 1100/1100/1100
f 1127/1127/1127 1100/1100/1100 1128/1128/1128
f 1129/1129/1129 1130/1130/1130 1131/1131/1131
f 1129/1129/1129 1131/1131/1131 1132/1132/1132
f 1121/1121/1121 1133/1133/1133 1134/1134/1134
f 1121/1121/1121 1134/1134/1134 1122/1122/1122
f 1135/1135/1135 1115/1115/1115 1118/1118/1118
f 1135/1135/1135 1118/1118/1118 1136/1136/1136
f 1137/1137/1137 1127/1127/1127 1128/1128/1128
f 1137/1137/1137 1128/1128/1128 1138/1138/1138
f 1139/1139/1139 1129/1129/1129 1132/1132/1132
f 1139/1139/1139 1132/1132/1132 1140/1140/1140
f 1133/1133/1133 1141/1141/1141 1142/1142/1142
f 1133/1133/1133 1142/1142/1142 1134/1134/1134
f 1124/1124/1124 1143/1143/1143 1144/1144/1144
f 1124/1124/1124 1144/1144/1144 1125/1125/1125
f 1145/1145/1145 1137/1137/1137 1138/1138/1138
f 1145/1145/1145 1138/1138/1138 1146/1146/1146
f 1147/1147/1147 1148/1148/1148 1149/1149/1149
f 1147/1147/1147 1149/1149/1149 1150/1150/1150
f 1141/1141/1141 1151/1151/1151 1152/1152/1152
f 1141/1141/1141 1152/1152/1152 1142/1142/1142
f 1153/1153/1153 1154/1154/1154 1155/1155/1155
f 1153/1153/1153 1155/1155/1155 1156/1156/1156
f 1157/1157/1157 1145/1145/1145 1146/1146/1146
f 1157/1157/1157 1146/1146/1146 1158/1158/1158
f 1130/1130/1130 1159/1159/1159 1160/1160/1160
f 1130/1130/1130 1160/1160/1160 1131/1131/1131
f 1151/1151/1151 1161/1161/1161 1162/1162/1162
f 1151/1151/1151 1162/1162/1162 1152/1152/1152
f 1163/1163/1163 1123/1123/1123 1126/1126/1126
f 1163/1163/1163 1126/1126/1126 1164/1164/1164
f 1165/1165/1165 1157/1157/1157 1158/1158/1158
f 1165/1165/1165 1158/1158/1158 1166/1166/1166
f 1159/1159/1159 1167/1167/1167 1168/1168/1168
f 1159/1159/1159 1168/1168/1168 1160/1160/1160
f 1161/1161/1161 1169/1169/1169 1170/1170/1170
f 1161/1161/1161 1170/1170/1170 1162/1162/1162
f 1171/1171/1171 1163/1163/1163 1164/1164/1164
f 1171/1171/1171 1164/1164/1164 1172/1172/1172
f 1173/1173/1173 1165/1165/1165 1166/1166/1166
f 1173/1173/1173 1166/1166/1166 1174/1174/1174
f 1167/1167/1167 1175/1175/1175 1176/1176/1176
f 1167/1167/1167 1176/1176/1176 1168/1168/1168
f 1169/1169/1169 1177/1177/1177 1178/1178/1178
f 1169/1169/1169 1178/1178/1178 1170/1170/1170
f 1179/1179/1179 1171/1171/1171 1172/1172/1172
f 1179/1179/1179 1172/1172/1172 1180/1180/1180
f 1181/1181/1181 1173/1173/1173 1174/1174/1174
f 1181/1181/1181 1174/1174/1174 1182/1182/1182
f 1175/1175/1175 1183/1183/1183 1184/1184/1184
f 1175/1175/1175 1184/1184/1184 1176/1176/1176
f 1177/1177/1177 1185/1185/1185 1186/1186/1186
f 1177/1177/1177 1186/1186/1186 1178/1178/1178
f 1187/1187/1187 1179/1179/1179 1180/1180/1180
f 1187/1187/1187 1180/1180/1180 1188/1188/1188
f 1189/1189/1189 1181/1181/1181 1182/1182/1182
f 1189/1189/1189 1182/1182/1182 1190/1190/1190
f 1183/1183/1183 1191/1191/1191 1192/1192/1192
f 1183/1183/1183 1192/1192/1192 1184/1184/1184
f 1193/1193/1193 1194/1194/1194 1195/1195/1195
f 1193/1193/1193 1195/1195/1195 1196/1196/1196
f 1197/1197/1197 1187/1187/1187 1188/1188/1188
f 1197/1197/1197 1188/1188/1188 1198/1198/1198
f 1199/1199/1199 1189/1189/1189 1190/1190/1190
f 1199/1199/1199 1190/1190/1190 1200/1200/1200
f 1191/1191/1191 1201/1201/1201 1202/1202/1202
f 1191/1191/1191 1202/1202/1202 1192/1192/1192
f 1203/1203/1203 1204/1204/1204 1205/1205/1205
f 1203/1203/1203 1205/1205/1205 1206/1206/1206
f 1207/1207/1207 1197/1197/1197 1198/1198/1198
f 1207/1207/1207 1198/1198/1198 1208/1208/1208
f 1209/1209/1209 1199/1199/1199 1200/1200/1200
f 1209/1209/1209 1200/1200/1200 1210/1210/1210
f 1116/1116/1116 1211/1211/1211 1212/1212/1212
f 1116/1116/1116 1212/1212/1212 1117/1117/1117
f 1204/1204/1204 1101/1101/1101 1102/1102/1102
f 1204/1204/1204 1102/1102/1102 1205/1205/1205
f 1213/1213/1213 1135/1135/1135 1136/1136/1136
f 1213/1213/1213 1136/1136/1136 1214/1214/1214
f 1215/1215/1215 1209/1209/1209 1210/1210/1210
f 1215/1215/1215 1210/1210/1210 1216/1216/1216
f 1217/1217/1217 1139/1139/1139 1140/1140/1140
f 1217/1217/1217 1140/1140/1140 1218/1218/1218
f 1219/1219/1219 1203/1203/1203 1206/1206/1206
f 1219/1219/1219 1206/1206/1206 1220/1220/1220
f 1143/1143/1143 1221/1221/1221 1222/1222/1222
f 1143/1143/1143 1222/1222/1222 1144/1144/1144
f 1223/1223/1223 1215/1215/1215 1216/1216/1216
f 1223/1223/1223 1216/1216/1216 1224/1224/1224
f 1225/1225/1225 1217/1217/1217 1218/1218/1218
f 1225/1225/1225 1218/1218/1218 1226/1226/1226
f 1227/1227/1227 1219/1219/1219 1220/1220/1220
f 1227/1227/1227 1220/1220/1220 1228/1228/1228
f 1221/1221/1221 1229/1229/1229 1230/1230/1230
f 1221/1221/1221 1230/1230/1230 1222/1222/1222
f 1231/1231/1231 1223/1223/1223 1224/1224/1224
f 1231/1231/1231 1224/1224/1224 1232/1232/1232
f 1211/1211/1211 1233/1233/1233 1234/1234/1234
f 1211/1211/1211 1234/1234/1234 1212/1212/1212
f 1235/1235/1235 1227/1227/1227 1228/1228/1228
f 1235/1235/1235 1228/1228/1228 1236/1236/1236
f 1237/1237/1237 1213/1213/1213 1214/1214/1214
f 1237/1237/1237 1214/1214/1214 1238/1238/1238
f 1239/1239/1239 1231/1231/1231 1232/1232/1232
f 1239/1239/1239 1232/1232/1232 1240/1240/1240
f 1241/1241/1241 1242/1242/1242 1243/1243/1243
f 1241/1241/1241 1243/1243/1243 1244/1244/1244
f 1245/1245/1245 1235/1235/1235 1236/1236/1236
f 1245/1245/1245 1236/1236/1236 1246/1246/1246
f 1247/1247/1247 1248/1248/1248 1249/1249/1249
f 1247/1247/1247 1249/1249/1249 1250/1250/1250
f 1251/1251/1251 1252/1252/1252 1253/1253/1253
f 1251/1251/1251 1253/1253/1253 1254/1254/1254
f 1233/1233/1233 1255/1255/1255 1256/1256/1256
f 1233/1233/1233 1256/1256/1256 1234/1234/1234
f 1257/1257/1257 1245/1245/1245 1246/1246/1246
f 1257/1257/1257 1246/1246/1246 1258/1258/1258
f 1259/1259/1259 1237/1237/1237 1238/1238/1238
f 1259/1259/1259 1238/1238/1238 1260/1260/1260
f 970/970/970 995/995/995 998/998/998
f 970/970/970 998/998/998 971/971/971
f 1242/1242/1242 1225/1225/1225 1226/1226/1226
f 1242/1242/1242 1226/1226/1226 1243/1243/1243
f 978/978/978 1257/1257/1257 1258/1258/1258
f 978/978/978 1258/1258/1258 979/979/979
f 1229/1229/1229 1247/1247/1247 1250/1250/1250
f 1229/1229/1229 1250/1250/1250 1230/1230/1230
f 1261/1261/1261 1262/1262/1262 1263/1263/1263
f 1261/1261/1261 1263/1263/1263 1264/1264/1264
f 1265/1265/1265 1266/1266/1266 1267/1267/1267
f 1265/1265/1265 1267/1267/1267 1268/1268/1268
f 1269/1269/1269 1270/1270/1270 1271/1271/1271
f 1269/1269/1269 1271/1271/1271 1272/1272/1272
f 1273/1273/1273 1274/1274/1274 1275/1275/1275
f 1273/1273/1273 1275/1275/1275 1276/1276/1276
f 1277/1277/1277 1278/1278/1278 1279/1279/1279
f 1277/1277/1277 1279/1279/1279 1280/1280/1280
f 1281/1281/1281 1282/1282/1282 1283/1283/1283
f 1281/1281/1281 1283/1283/1283 1284/1284/1284
f 1285/1285/1285 1286/1286/1286 1287/1287/1287
f 1285/1285/1285 1287/1287/1287 1288/1288/1288
f 1289/1289/1289 1290/1290/1290 1291/1291/1291
f 1289/1289/1289 1291/1291/1291 1292/1292/1292
f 1293/1293/1293 1294/1294/1294 1295/1295/1295
f 1293/1293/1293 1295/1295/1295 1296/1296/1296
f 1297/1297/1297 1298/1298/1298 1299/1299/1299
f 1297/1297/1297 1299/1299/1299 1300/1300/1300
f 1301/1301/1301 1302/1302/1302 1303/1303/1303
f 1301/1301/1301 1303/1303/1303 1304/1304/1304
f 1305/1305/1305 1306/1306/1306 1307/1307/1307
f 1305/1305/1305 1307/1307/1307 1308/1308/1308
f 1309/1309/1309 1310/1310/1310 1311/1311/1311
f 1309/1309/1309 1311/1311/1311 1312/1312/1312
f 1313/1313/1313 1314/1314/1314 1315/1315/1315
f 1313/1313/1313 1315/1315/1315 1316/1316/1316
f 1317/1317/1317 1318/1318/1318 1319/1319/1319
f 1317/1317/1317 1319/1319/1319 1320/1320/1320
f 1321/1321/1321 1322/1322/1322 1323/1323/1323
f 1321/1321/1321 1323/1323/1323 1324/1324/1324
f 1325/1325/1325 1326/1326/1326 1327/1327/1327
f 1325/1325/1325 1327/1327/1327 1328/1328/1328
f 1329/1329/1329 1330/1330/1330 1331/1331/1331
f 1329/1329/1329 1331/1331/1331 1332/1332/1332
f 1333/1333/1333 1334/1334/1334 1335/1335/1335
f 1333/1333/1333 1335/1335/1335 1336/1336/1336
f 1337/1337/1337 1338/1338/1338 1339/1339/1339
f 1337/1337/1337 1339/1339/1339 1340/1340/1340
f 1341/1341/1341 1342/1342/1342 1343/1343/1343
f 1341/1341/1341 1343/1343/1343 1344/1344/1344
f 1345/1345/1345 1346/1346/1346 1347/1347/1347
f 1345/1345/1345 1347/1347/1347 1348/1348/1348
f 1349/1349/1349 1350/1350/1350 1351/1351/1351
f 1349/1349/1349 1351/1351/1351 1352/1352/1352
f 1353/1353/1353 1354/1354/1354 1355/1355/1355
f 1353/1353/1353 1355/1355/1355 1356/1356/1356
f 1357/1357/1357 1358/1358/1358 1359/1359/1359
f 1357/1357/1357 1359/1359/1359 1360/1360/1360
f 1358/1358/1358 1361/1361/1361 1362/1362/1362
f 1358/1358/1358 1362/1362/1362 1359/1359/1359
f 1361/1361/1361 1363/1363/1363 1364/1364/1364
f 1361/1361/1361 1364/1364/1364 1362/1362/1362
f 1363/1363/1363 1365/1365/1365 1366/1366/1366
f 1363/1363/1363 1366/1366/1366 1364/1364/1364
f 1367/1367/1367 1368/1368/1368 1369/1369/1369
f 1367/1367/1367 1369/1369/1369 1370/1370/1370
f 1371/1371/1371 1372/1372/1372 1373/1373/1373
f 1371/1371/1371 1373/1373/1373 1374/1374/1374
f 1375/1375/1375 1376/1376/1376 1377/1377/1377
f 1375/1375/1375 1377/1377/1377 1378/1378/1378
f 1379/1379/1379 1380/1380/1380 1381/1381/1381
f 1379/1379/1379 1381/1381/1381 1382/1382/1382
f 1383/1383/1383 1384/1384/1384 1385/1385/1385
f 1383/1383/1383 1385/1385/1385 1386/1386/1386
f 1387/1387/1387 1388/1388/1388 1389/1389/1389
f 1387/1387/1387 1389/1389/1389 1390/1390/1390
f 1391/1391/1391 1392/1392/1392 1393/1393/1393
f 1391/1391/1391 1393/1393/1393 1394/1394/1394
f 1395/1395/1395 1396/1396/1396 1397/1397/1397
f 1395/1395/1395 1397/1397/1397 1398/1398/1398
f 1399/1399/1399 1400/1400/1400 1401/1401/1401
f 1399/1399/1399 1401/1401/1401 1402/1402/1402
f 1403/1403/1403 1404/1404/1404 1405/1405/1405
f 1403/1403/1403 1405/1405/1405 1406/1406/1406
f 1407/1407/1407 1408/1408/1408 1409/1409/1409
f 1407/1407/1407 1409/1409/1409 1410/1410/1410
f 1411/1411/1411 1412/1412/1412 1413/1413/1413
f 1411/1411/1411 1413/1413/1413 1414/1414/1414
f 1415/1415/1415 1416/1416/1416 1417/1417/1417
f 1415/1415/1415 1417/1417/1417 1418/1418/1418
f 1419/1419/1419 1420/1420/1420 1421/1421/1421
f 1419/1419/1419 1421/1421/1421 1422/1422/1422
f 1423/1423/1423 1424/1424/1424 1425/1425/1425
f 1423/1423/1423 1425/1425/1425 1426/1426/1426
f 1427/1427/1427 1428/1428/1428 1429/1429/1429
f 1427/1427/1427 1429/1429/1429 1430/1430/1430
f 1431/1431/1431 1432/1432/1432 1433/1433/1433
f 1431/1431/1431 1433/1433/1433 1434/1434/1434
f 1435/1435/1435 1436/1436/1436 1437/1437/1437
f 1435/1435/1435 1437/1437/1437 1438/1438/1438
f 1439/1439/1439 1440/1440/1440 1441/1441/1441
f 1439/1439/1439 1441/1441/1441 1442/1442/1442
f 1443/1443/1443 1444/1444/1444 1445/1445/1445
f 1443/1443/1443 1445/1445/1445 1446/1446/1446
f 1447/1447/1447 1448/1448/1448 1449/1449/1449
f 1447/1447/1447 1449/1449/1449 1450/1450/1450
f 1451/1451/1451 1452/1452/1452 1453/1453/1453
f 1451/1451/1451 1453/1453/1453 1454/1454/1454
f 1455/1455/1455 1456/1456/1456 1457/1457/1457
f 1455/1455/1455 1457/1457/1457 1458/1458/1458
f 1459/1459/1459 1460/1460/1460 1461/1461/1461
f 1459/1459/1459 1461/1461/1461 1462/1462/1462
f 1463/1463/1463 1464/1464/1464 1465/1465/1465
f 1463/1463/1463 1465/1465/1465 1466/1466/1466
f 1467/1467/1467 1468/1468/1468 1469/1469/1469
f 1467/1467/1467 1469/1469/1469 1470/1470/1470
f 1471/1471/1471 1472/1472/1472 1473/1473/1473
f 1471/1471/1471 1473/1473/1473 1474/1474/1474
f 1475/1475/1475 1476/1476/1476 1477/1477/1477
f 1475/1475/1475 1477/1477/1477 1478/1478/1478
f 1479/1479/1479 93/93/93 83/83/83
f 1479/1479/1479 83/83/83 1480/1480/1480
f 1481/1481/1481 1482/1482/1482 94/94/94
f 1481/1481/1481 94/94/94 103/103/103
f 1483/1483/1483 1484/1484/1484 85/85/85
f 1483/1483/1483 85/85/85 110/110/110
f 1485/1485/1485 120/120/120 111/111/111
f 1485/1485/1485 111/111/111 1486/1486/1486
f 1487/1487/1487 1488/1488/1488 1489/1489/1489
f 1487/1487/1487 1489/1489/1489 1490/1490/1490
f 1491/1491/1491 1492/1492/1492 1493/1493/1493
f 1491/1491/1491 1493/1493/1493 1494/1494/1494
f 1488/1488/1488 1495/1495/1495 1496/1496/1496
f 1488/1488/1488 1496/1496/1496 1489/1489/1489
f 1497/1497/1497 1498/1498/1498 1499/1499/1499
f 1497/1497/1497 1499/1499/1499 1500/1500/1500
f 1501/1501/1501 1502/1502/1502 1503/1503/1503
f 1501/1501/1501 1503/1503/1503 1504/1504/1504
f 1505/1505/1505 1491/1491/1491 1494/1494/1494
f 1505/1505/1505 1494/1494/1494 1506/1506/1506
f 1507/1507/1507 1508/1508/1508 1509/1509/1509
f 1507/1507/1507 1509/1509/1509 1510/1510/1510
f 1511/1511/1511 1512/1512/1512 1513/1513/1513
f 1511/1511/1511 1513/1513/1513 1514/1514/1514
f 1515/1515/1515 1501/1501/1501 1504/1504/1504
f 1515/1515/1515 1504/1504/1504 1516/1516/1516
f 1508/1508/1508 1517/1517/1517 1518/1518/1518
f 1508/1508/1508 1518/1518/1518 1509/1509/1509
f 1519/1519/1519 1520/1520/1520 1521/1521/1521
f 1519/1519/1519 1521/1521/1521 1522/1522/1522
f 1512/1512/1512 1523/1523/1523 1524/1524/1524
f 1512/1512/1512 1524/1524/1524 1513/1513/1513
f 1525/1525/1525 1526/1526/1526 1527/1527/1527
f 1525/1525/1525 1527/1527/1527 1528/1528/1528
f 1529/1529/1529 1515/1515/1515 1516/1516/1516
f 1529/1529/1529 1516/1516/1516 1530/1530/1530
f 1531/1531/1531 1497/1497/1497 1500/1500/1500
f 1531/1531/1531 1500/1500/1500 1532/1532/1532
f 1517/1517/1517 1533/1533/1533 1534/1534/1534
f 1517/1517/1517 1534/1534/1534 1518/1518/1518
f 1502/1502/1502 1535/1535/1535 1536/1536/1536
f 1502/1502/1502 1536/1536/1536 1503/1503/1503
f 1537/1537/1537 1538/1538/1538 1539/1539/1539
f 1537/1537/1537 1539/1539/1539 1540/1540/1540
f 1541/1541/1541 1507/1507/1507 1510/1510/1510
f 1541/1541/1541 1510/1510/1510 1542/1542/1542
f 1535/1535/1535 1487/1487/1487 1490/1490/1490
f 1535/1535/1535 1490/1490/1490 1536/1536/1536
f 1543/1543/1543 1544/1544/1544 1545/1545/1545
f 1543/1543/1543 1545/1545/1545 1546/1546/1546
f 1492/1492/1492 1541/1541/1541 1542/1542/1542
f 1492/1492/1492 1542/1542/1542 1493/1493/1493
f 1547/1547/1547 133/133/133 123/123/123
f 1547/1547/1547 123/123/123 1548/1548/1548
f 1549/1549/1549 1550/1550/1550 134/134/134
f 1549/1549/1549 134/134/134 143/143/143
f 1551/1551/1551 1552/1552/1552 125/125/125
f 1551/1551/1551 125/125/125 150/150/150
f 1553/1553/1553 160/160/160 151/151/151
f 1553/1553/1553 151/151/151 1554/1554/1554
f 1555/1555/1555 1556/1556/1556 1557/1557/1557
f 1555/1555/1555 1557/1557/1557 1558/1558/1558
f 1559/1559/1559 1560/1560/1560 1561/1561/1561
f 1559/1559/1559 1561/1561/1561 1562/1562/1562
f 1556/1556/1556 1563/1563/1563 1564/1564/1564
f 1556/1556/1556 1564/1564/1564 1557/1557/1557
f 1565/1565/1565 1566/1566/1566 1567/1567/1567
f 1565/1565/1565 1567/1567/1567 1568/1568/1568
f 1569/1569/1569 1570/1570/1570 1571/1571/1571
f 1569/1569/1569 1571/1571/1571 1572/1572/1572
f 1573/1573/1573 1559/1559/1559 1562/1562/1562
f 1573/1573/1573 1562/1562/1562 1574/1574/1574
f 1575/1575/1575 1576/1576/1576 1577/1577/1577
f 1575/1575/1575 1577/1577/1577 1578/1578/1578
f 1579/1579/1579 1580/1580/1580 1581/1581/1581
f 1579/1579/1579 1581/1581/1581 1582/1582/1582
f 1583/1583/1583 1569/1569/1569 1572/1572/1572
f 1583/1583/1583 1572/1572/1572 1584/1584/1584
f 1576/1576/1576 1585/1585/1585 1586/1586/1586
f 1576/1576/1576 1586/1586/1586 1577/1577/1577
f 1587/1587/1587 1588/1588/1588 1589/1589/1589
f 1587/1587/1587 1589/1589/1589 1590/1590/1590
f 1580/1580/1580 1591/1591/1591 1592/1592/1592
f 1580/1580/1580 1592/1592/1592 1581/1581/1581
f 1593/1593/1593 1594/1594/1594 1595/1595/1595
f 1593/1593/1593 1595/1595/1595 1596/1596/1596
f 1597/1597/1597 1583/1583/1583 1584/1584/1584
f 1597/1597/1597 1584/1584/1584 1598/1598/1598
f 1599/1599/1599 1565/1565/1565 1568/1568/1568
f 1599/1599/1599 1568/1568/1568 1600/1600/1600
f 1585/1585/1585 1601/1601/1601 1602/1602/1602
f 1585/1585/1585 1602/1602/1602 1586/1586/1586
f 1570/1570/1570 1603/1603/1603 1604/1604/1604
f 1570/1570/1570 1604/1604/1604 1571/1571/1571
f 1605/1605/1605 1606/1606/1606 1607/1607/1607
f 1605/1605/1605 1607/1607/1607 1608/1608/1608
f 1609/1609/1609 1575/1575/1575 1578/1578/1578
f 1609/1609/1609 1578/1578/1578 1610/1610/1610
f 1603/1603/1603 1555/1555/1555 1558/1558/1558
f 1603/1603/1603 1558/1558/1558 1604/1604/1604
f 1611/1611/1611 1612/1612/1612 1613/1613/1613
f 1611/1611/1611 1613/1613/1613 1614/1614/1614
f 1560/1560/1560 1609/1609/1609 1610/1610/1610
f 1560/1560/1560 1610/1610/1610 1561/1561/1561
f 1615/1615/1615 1616/1616/1616 1496/1496/1496
f 1615/1615/1615 1496/1496/1496 1495/1495/1495
f 1617/1617/1617 1505/1505/1505 1506/1506/1506
f 1617/1617/1617 1506/1506/1506 1618/1618/1618
f 1619/1619/1619 1620/1620/1620 1564/1564/1564
f 1619/1619/1619 1564/1564/1564 1563/1563/1563
f 1621/1621/1621 1573/1573/1573 1574/1574/1574
f 1621/1621/1621 1574/1574/1574 1622/1622/1622
f 1623/1623/1623 1624/1624/1624 1625/1625/1625
f 1623/1623/1623 1625/1625/1625 1626/1626/1626
f 1627/1627/1627 1628/1628/1628 1629/1629/1629
f 1627/1627/1627 1629/1629/1629 1630/1630/1630
f 1631/1631/1631 1632/1632/1632 1633/1633/1633
f 1631/1631/1631 1633/1633/1633 1634/1634/1634
f 1635/1635/1635 1636/1636/1636 1637/1637/1637
f 1635/1635/1635 1637/1637/1637 1638/1638/1638
f 1639/1639/1639 1631/1631/1631 1634/1634/1634
f 1639/1639/1639 1634/1634/1634 1640/1640/1640
f 1636/1636/1636 1641/1641/1641 1642/1642/1642
f 1636/1636/1636 1642/1642/1642 1637/1637/1637
f 1624/1624/1624 1643/1643/1643 1644/1644/1644
f 1624/1624/1624 1644/1644/1644 1625/1625/1625
f 1641/1641/1641 1645/1645/1645 1646/1646/1646
f 1641/1641/1641 1646/1646/1646 1642/1642/1642
f 1647/1647/1647 1648/1648/1648 1649/1649/1649
f 1647/1647/1647 1649/1649/1649 1650/1650/1650
f 1645/1645/1645 1651/1651/1651 1652/1652/1652
f 1645/1645/1645 1652/1652/1652 1646/1646/1646
f 1653/1653/1653 1635/1635/1635 1638/1638/1638
f 1653/1653/1653 1638/1638/1638 1654/1654/1654
f 1643/1643/1643 1647/1647/1647 1650/1650/1650
f 1643/1643/1643 1650/1650/1650 1644/1644/1644
f 1651/1651/1651 1655/1655/1655 1656/1656/1656
f 1651/1651/1651 1656/1656/1656 1652/1652/1652
f 1657/1657/1657 1623/1623/1623 1626/1626/1626
f 1657/1657/1657 1626/1626/1626 1658/1658/1658
f 1648/1648/1648 1639/1639/1639 1640/1640/1640
f 1648/1648/1648 1640/1640/1640 1649/1649/1649
f 1655/1655/1655 1627/1627/1627 1630/1630/1630
f 1655/1655/1655 1630/1630/1630 1656/1656/1656
f 1632/1632/1632 1653/1653/1653 1654/1654/1654
f 1632/1632/1632 1654/1654/1654 1633/1633/1633
f 1659/1659/1659 1660/1660/1660 1661/1661/1661
f 1659/1659/1659 1661/1661/1661 1662/1662/1662
f 1663/1663/1663 1664/1664/1664 1665/1665/1665
f 1663/1663/1663 1665/1665/1665 1666/1666/1666
f 1667/1667/1667 1668/1668/1668 1669/1669/1669
f 1667/1667/1667 1669/1669/1669 1670/1670/1670
f 1671/1671/1671 1672/1672/1672 1673/1673/1673
f 1671/1671/1671 1673/1673/1673 1674/1674/1674
f 1675/1675/1675 1676/1676/1676 1668/1668/1668
f 1675/1675/1675 1668/1668/1668 1667/1667/1667
f 1674/1674/1674 1673/1673/1673 1677/1677/1677
f 1674/1674/1674 1677/1677/1677 1678/1678/1678
f 1662/1662/1662 1661/1661/1661 1679/1679/1679
f 1662/1662/1662 1679/1679/1679 1680/1680/1680
f 1678/1678/1678 1677/1677/1677 1681/1681/1681
f 1678/1678/1678 1681/1681/1681 1682/1682/1682
f 1683/1683/1683 1684/1684/1684 1685/1685/1685
f 1683/1683/1683 1685/1685/1685 1686/1686/1686
f 1682/1682/1682 1681/1681/1681 1687/1687/1687
f 1682/1682/1682 1687/1687/1687 1688/1688/1688
f 1689/1689/1689 1690/1690/1690 1672/1672/1672
f 1689/1689/1689 1672/1672/1672 1671/1671/1671
f 1680/1680/1680 1679/1679/1679 1684/1684/1684
f 1680/1680/1680 1684/1684/1684 1683/1683/1683
f 1688/1688/1688 1687/1687/1687 1691/1691/1691
f 1688/1688/1688 1691/1691/1691 1692/1692/1692
f 1657/1657/1657 1658/1658/1658 1660/1660/1660
f 1657/1657/1657 1660/1660/1660 1659/1659/1659
f 1686/1686/1686 1685/1685/1685 1676/1676/1676
f 1686/1686/1686 1676/1676/1676 1675/1675/1675
f 1692/1692/1692 1691/1691/1691 1664/1664/1664
f 1692/1692/1692 1664/1664/1664 1663/1663/1663
f 1670/1670/1670 1669/1669/1669 1690/1690/1690
f 1670/1670/1670 1690/1690/1690 1689/1689/1689
f 1693/1693/1693 1694/1694/1694 1695/1695/1695
f 1693/1693/1693 1695/1695/1695 1696/1696/1696
f 1697/1697/1697 1698/1698/1698 1699/1699/1699
f 1697/1697/1697 1699/1699/1699 1700/1700/1700
f 1694/1694/1694 1701/1701/1701 1702/1702/1702
f 1694/1694/1694 1702/1702/1702 1695/1695/1695
f 1698/1698/1698 1703/1703/1703 1704/1704/1704
f 1698/1698/1698 1704/1704/1704 1699/1699/1699
f 1701/1701/1701 1705/1705/1705 1706/1706/1706
f 1701/1701/1701 1706/1706/1706 1702/1702/1702
f 1703/1703/1703 1707/1707/1707 1708/1708/1708
f 1703/1703/1703 1708/1708/1708 1704/1704/1704
f 1705/1705/1705 1709/1709/1709 1710/1710/1710
f 1705/1705/1705 1710/1710/1710 1706/1706/1706
f 1707/1707/1707 1711/1711/1711 1712/1712/1712
f 1707/1707/1707 1712/1712/1712 1708/1708/1708
f 1709/1709/1709 1713/1713/1713 1714/1714/1714
f 1709/1709/1709 1714/1714/1714 1710/1710/1710
f 1711/1711/1711 1715/1715/1715 1716/1716/1716
f 1711/1711/1711 1716/1716/1716 1712/1712/1712
f 1717/1717/1717 1718/1718/1718 1719/1719/1719
f 1717/1717/1717 1719/1719/1719 1720/1720/1720
f 1715/1715/1715 1721/1721/1721 1722/1722/1722
f 1715/1715/1715 1722/1722/1722 1716/1716/1716
f 1718/1718/1718 1723/1723/1723 1724/1724/1724
f 1718/1718/1718 1724/1724/1724 1719/1719/1719
f 1721/1721/1721 1693/1693/1693 1696/1696/1696
f 1721/1721/1721 1696/1696/1696 1722/1722/1722
f 1723/1723/1723 1697/1697/1697 1700/1700/1700
f 1723/1723/1723 1700/1700/1700 1724/1724/1724
f 1725/1725/1725 1726/1726/1726 1727/1727/1727
f 1725/1725/1725 1727/1727/1727 1728/1728/1728
f 1729/1729/1729 1730/1730/1730 1731/1731/1731
f 1729/1729/1729 1731/1731/1731 1732/1732/1732
f 1728/1728/1728 1727/1727/1727 1733/1733/1733
f 1728/1728/1728 1733/1733/1733 1734/1734/1734
f 1732/1732/1732 1731/1731/1731 1735/1735/1735
f 1732/1732/1732 1735/1735/1735 1736/1736/1736
f 1734/1734/1734 1733/1733/1733 1737/1737/1737
f 1734/1734/1734 1737/1737/1737 1738/1738/1738
f 1736/1736/1736 1735/1735/1735 1739/1739/1739
f 1736/1736/1736 1739/1739/1739 1740/1740/1740
f 1738/1738/1738 1737/1737/1737 1741/1741/1741
f 1738/1738/1738 1741/1741/1741 1742/1742/1742
f 1740/1740/1740 1739/1739/1739 1743/1743/1743
f 1740/1740/1740 1743/1743/1743 1744/1744/1744
f 1742/1742/1742 1741/1741/1741 1745/1745/1745
f 1742/1742/1742 1745/1745/1745 1746/1746/1746
f 1744/1744/1744 1743/1743/1743 1747/1747/1747
f 1744/1744/1744 1747/1747/1747 1748/1748/1748
f 1717/1717/1717 1720/1720/1720 1749/1749/1749
f 1717/1717/1717 1749/1749/1749 1750/1750/1750
f 1748/1748/1748 1747/1747/1747 1751/1751/1751
f 1748/1748/1748 1751/1751/1751 1752/1752/1752
f 1750/1750/1750 1749/1749/1749 1753/1753/1753
f 1750/1750/1750 1753/1753/1753 1754/1754/1754
f 1752/1752/1752 1751/1751/1751 1726/1726/1726
f 1752/1752/1752 1726/1726/1726 1725/1725/1725
f 1754/1754/1754 1753/1753/1753 1730/1730/1730
f 1754/1754/1754 1730/1730/1730 1729/1729/1729
f 1755/1755/1755 1756/1756/1756 1757/1757/1757
f 1755/1755/1755 1757/1757/1757 1758/1758/1758
f 1759/1759/1759 1760/1760/1760 1761/1761/1761
f 1759/1759/1759 1761/1761/1761 1762/1762/1762
f 1763/1763/1763 1764/1764/1764 1765/1765/1765
f 1763/1763/1763 1765/1765/1765 1766/1766/1766
f 1767/1767/1767 1768/1768/1768 1769/1769/1769
f 1767/1767/1767 1769/1769/1769 1770/1770/1770
f 1771/1771/1771 1772/1772/1772 1764/1764/1764
f 1771/1771/1771 1764/1764/1764 1763/1763/1763
f 1770/1770/1770 1769/1769/1769 1773/1773/1773
f 1770/1770/1770 1773/1773/1773 1774/1774/1774
f 1758/1758/1758 1757/1757/1757 1775/1775/1775
f 1758/1758/1758 1775/1775/1775 1776/1776/1776
f 1774/1774/1774 1773/1773/1773 1777/1777/1777
f 1774/1774/1774 1777/1777/1777 1778/1778/1778
f 1779/1779/1779 1780/1780/1780 1781/1781/1781
f 1779/1779/1779 1781/1781/1781 1782/1782/1782
f 1778/1778/1778 1777/1777/1777 1783/1783/1783
f 1778/1778/1778 1783/1783/1783 1784/1784/1784
f 1785/1785/1785 1786/1786/1786 1768/1768/1768
f 1785/1785/1785 1768/1768/1768 1767/1767/1767
f 1776/1776/1776 1775/1775/1775 1780/1780/1780
f 1776/1776/1776 1780/1780/1780 1779/1779/1779
f 1784/1784/1784 1783/1783/1783 1787/1787/1787
f 1784/1784/1784 1787/1787/1787 1788/1788/1788
f 1789/1789/1789 1790/1790/1790 1756/1756/1756
f 1789/1789/1789 1756/1756/1756 1755/1755/1755
f 1782/1782/1782 1781/1781/1781 1772/1772/1772
f 1782/1782/1782 1772/1772/1772 1771/1771/1771
f 1788/1788/1788 1787/1787/1787 1760/1760/1760
f 1788/1788/1788 1760/1760/1760 1759/1759/1759
f 1766/1766/1766 1765/1765/1765 1786/1786/1786
f 1766/1766/1766 1786/1786/1786 1785/1785/1785
f 1791/1791/1791 1792/1792/1792 1793/1793/1793
f 1791/1791/1791 1793/1793/1793 1794/1794/1794
f 1795/1795/1795 1796/1796/1796 1797/1797/1797
f 1795/1795/1795 1797/1797/1797 1798/1798/1798
f 1799/1799/1799 1800/1800/1800 1801/1801/1801
f 1799/1799/1799 1801/1801/1801 1802/1802/1802
f 1803/1803/1803 1804/1804/1804 1805/1805/1805
f 1803/1803/1803 1805/1805/1805 1806/1806/1806
f 1807/1807/1807 1799/1799/1799 1802/1802/1802
f 1807/1807/1807 1802/1802/1802 1808/1808/1808
f 1804/1804/1804 1809/1809/1809 1810/1810/1810
f 1804/1804/1804 1810/1810/1810 1805/1805/1805
f 1792/1792/1792 1811/1811/1811 1812/1812/1812
f 1792/1792/1792 1812/1812/1812 1793/1793/1793
f 1809/1809/1809 1813/1813/1813 1814/1814/1814
f 1809/1809/1809 1814/1814/1814 1810/1810/1810
f 1815/1815/1815 1816/1816/1816 1817/1817/1817
f 1815/1815/1815 1817/1817/1817 1818/1818/1818
f 1813/1813/1813 1819/1819/1819 1820/1820/1820
f 1813/1813/1813 1820/1820/1820 1814/1814/1814
f 1821/1821/1821 1803/1803/1803 1806/1806/1806
f 1821/1821/1821 1806/1806/1806 1822/1822/1822
f 1811/1811/1811 1815/1815/1815 1818/1818/1818
f 1811/1811/1811 1818/1818/1818 1812/1812/1812
f 1819/1819/1819 1823/1823/1823 1824/1824/1824
f 1819/1819/1819 1824/1824/1824 1820/1820/1820
f 1789/1789/1789 1791/1791/1791 1794/1794/1794
f 1789/1789/1789 1794/1794/1794 1790/1790/1790
f 1816/1816/1816 1807/1807/1807 1808/1808/1808
f 1816/1816/1816 1808/1808/1808 1817/1817/1817
f 1823/1823/1823 1795/1795/1795 1798/1798/1798
f 1823/1823/1823 1798/1798/1798 1824/1824/1824
f 1800/1800/1800 1821/1821/1821 1822/1822/1822
f 1800/1800/1800 1822/1822/1822 1801/1801/1801
f 1825/1825/1825 1826/1826/1826 1827/1827/1827
f 1825/1825/1825 1827/1827/1827 1828/1828/1828
f 1829/1829/1829 1830/1830/1830 1831/1831/1831
f 1829/1829/1829 1831/1831/1831 1832/1832/1832
f 1828/1828/1828 1827/1827/1827 1833/1833/1833
f 1828/1828/1828 1833/1833/1833 1834/1834/1834
f 1832/1832/1832 1831/1831/1831 1835/1835/1835
f 1832/1832/1832 1835/1835/1835 1836/1836/1836
f 1834/1834/1834 1833/1833/1833 1837/1837/1837
f 1834/1834/1834 1837/1837/1837 1838/1838/1838
f 1836/1836/1836 1835/1835/1835 1839/1839/1839
f 1836/1836/1836 1839/1839/1839 1840/1840/1840
f 1838/1838/1838 1837/1837/1837 1841/1841/1841
f 1838/1838/1838 1841/1841/1841 1842/1842/1842
f 1840/1840/1840 1839/1839/1839 1843/1843/1843
f 1840/1840/1840 1843/1843/1843 1844/1844/1844
f 1842/1842/1842 1841/1841/1841 1845/1845/1845
f 1842/1842/1842 1845/1845/1845 1846/1846/1846
f 1844/1844/1844 1843/1843/1843 1847/1847/1847
f 1844/1844/1844 1847/1847/1847 1848/1848/1848
f 1849/1849/1849 1850/1850/1850 1851/1851/1851
f 1849/1849/1849 1851/1851/1851 1852/1852/1852
f 1848/1848/1848 1847/1847/1847 1853/1853/1853
f 1848/1848/1848 1853/1853/1853 1854/1854/1854
f 1852/1852/1852 1851/1851/1851 1855/1855/1855
f 1852/1852/1852 1855/1855/1855 1856/1856/1856
f 1854/1854/1854 1853/1853/1853 1826/1826/1826
f 1854/1854/1854 1826/1826/1826 1825/1825/1825
f 1856/1856/1856 1855/1855/1855 1830/1830/1830
f 1856/1856/1856 1830/1830/1830 1829/1829/1829
f 1857/1857/1857 1858/1858/1858 1859/1859/1859
f 1857/1857/1857 1859/1859/1859 1860/1860/1860
f 1861/1861/1861 1862/1862/1862 1863/1863/1863
f 1861/1861/1861 1863/1863/1863 1864/1864/1864
f 1858/1858/1858 1865/1865/1865 1866/1866/1866
f 1858/1858/1858 1866/1866/1866 1859/1859/1859
f 1862/1862/1862 1867/1867/1867 1868/1868/1868
f 1862/1862/1862 1868/1868/1868 1863/1863/1863
f 1865/1865/1865 1869/1869/1869 1870/1870/1870
f 1865/1865/1865 1870/1870/1870 1866/1866/1866
f 1867/1867/1867 1871/1871/1871 1872/1872/1872
f 1867/1867/1867 1872/1872/1872 1868/1868/1868
f 1869/1869/1869 1873/1873/1873 1874/1874/1874
f 1869/1869/1869 1874/1874/1874 1870/1870/1870
f 1871/1871/1871 1875/1875/1875 1876/1876/1876
f 1871/1871/1871 1876/1876/1876 1872/1872/1872
f 1873/1873/1873 1877/1877/1877 1878/1878/1878
f 1873/1873/1873 1878/1878/1878 1874/1874/1874
f 1875/1875/1875 1879/1879/1879 1880/1880/1880
f 1875/1875/1875 1880/1880/1880 1876/1876/1876
f 1849/1849/1849 1881/1881/1881 1882/1882/1882
f 1849/1849/1849 1882/1882/1882 1850/1850/1850
f 1879/1879/1879 1883/1883/1883 1884/1884/1884
f 1879/1879/1879 1884/1884/1884 1880/1880/1880
f 1881/1881/1881 1885/1885/1885 1886/1886/1886
f 1881/1881/1881 1886/1886/1886 1882/1882/1882
f 1883/1883/1883 1857/1857/1857 1860/1860/1860
f 1883/1883/1883 1860/1860/1860 1884/1884/1884
f 1885/1885/1885 1861/1861/1861 1864/1864/1864
f 1885/1885/1885 1864/1864/1864 1886/1886/1886
f 1887/1887/1887 1888/1888/1888 1889/1889/1889
f 1887/1887/1887 1889/1889/1889 1890/1890/1890
f 1891/1891/1891 1892/1892/1892 1893/1893/1893
f 1891/1891/1891 1893/1893/1893 1894/1894/1894
f 1895/1895/1895 1896/1896/1896 1897/1897/1897
f 1895/1895/1895 1897/1897/1897 1898/1898/1898
f 1899/1899/1899 1900/1900/1900 1901/1901/1901
f 1899/1899/1899 1901/1901/1901 1902/1902/1902
f 1903/1903/1903 1887/1887/1887 1890/1890/1890
f 1903/1903/1903 1890/1890/1890 1904/1904/1904
f 1892/1892/1892 1905/1905/1905 1906/1906/1906
f 1892/1892/1892 1906/1906/1906 1893/1893/1893
f 1907/1907/1907 1895/1895/1895 1898/1898/1898
f 1907/1907/1907 1898/1898/1898 1908/1908/1908
f 1909/1909/1909 1910/1910/1910 1911/1911/1911
f 1909/1909/1909 1911/1911/1911 1912/1912/1912
f 1913/1913/1913 1914/1914/1914 1915/1915/1915
f 1913/1913/1913 1915/1915/1915 1916/1916/1916
f 1917/1917/1917 1918/1918/1918 1919/1919/1919
f 1917/1917/1917 1919/1919/1919 1920/1920/1920
f 1921/1921/1921 1907/1907/1907 1908/1908/1908
f 1921/1921/1921 1908/1908/1908 1922/1922/1922
f 1923/1923/1923 1899/1899/1899 1902/1902/1902
f 1923/1923/1923 1902/1902/1902 1924/1924/1924
f 1914/1914/1914 1925/1925/1925 1926/1926/1926
f 1914/1914/1914 1926/1926/1926 1915/1915/1915
f 1927/1927/1927 1891/1891/1891 1894/1894/1894
f 1927/1927/1927 1894/1894/1894 1928/1928/1928
f 1929/1929/1929 1921/1921/1921 1922/1922/1922
f 1929/1929/1929 1922/1922/1922 1930/1930/1930
f 1931/1931/1931 1932/1932/1932 1933/1933/1933
f 1931/1931/1931 1933/1933/1933 1934/1934/1934
f 1925/1925/1925 1935/1935/1935 1936/1936/1936
f 1925/1925/1925 1936/1936/1936 1926/1926/1926
f 1937/1937/1937 1927/1927/1927 1928/1928/1928
f 1937/1937/1937 1928/1928/1928 1938/1938/1938
f 1939/1939/1939 1929/1929/1929 1930/1930/1930
f 1939/1939/1939 1930/1930/1930 1940/1940/1940
f 1900/1900/1900 1941/1941/1941 1942/1942/1942
f 1900/1900/1900 1942/1942/1942 1901/1901/1901
f 1935/1935/1935 1943/1943/1943 1944/1944/1944
f 1935/1935/1935 1944/1944/1944 1936/1936/1936
f 1945/1945/1945 1937/1937/1937 1938/1938/1938
f 1945/1945/1945 1938/1938/1938 1946/1946/1946
f 1947/1947/1947 1939/1939/1939 1940/1940/1940
f 1947/1947/1947 1940/1940/1940 1948/1948/1948
f 1941/1941/1941 1949/1949/1949 1950/1950/1950
f 1941/1941/1941 1950/1950/1950 1942/1942/1942
f 1943/1943/1943 1951/1951/1951 1952/1952/1952
f 1943/1943/1943 1952/1952/1952 1944/1944/1944
f 1953/1953/1953 1945/1945/1945 1946/1946/1946
f 1953/1953/1953 1946/1946/1946 1954/1954/1954
f 1949/1949/1949 1955/1955/1955 1956/1956/1956
f 1949/1949/1949 1956/1956/1956 1950/1950/1950
f 1951/1951/1951 1957/1957/1957 1958/1958/1958
f 1951/1951/1951 1958/1958/1958 1952/1952/1952
f 1959/1959/1959 1953/1953/1953 1954/1954/1954
f 1959/1959/1959 1954/1954/1954 1960/1960/1960
f 1955/1955/1955 1961/1961/1961 1962/1962/1962
f 1955/1955/1955 1962/1962/1962 1956/1956/1956
f 1957/1957/1957 1963/1963/1963 1964/1964/1964
f 1957/1957/1957 1964/1964/1964 1958/1958/1958
f 1918/1918/1918 1959/1959/1959 1960/1960/1960
f 1918/1918/1918 1960/1960/1960 1919/1919/1919
f 1961/1961/1961 1965/1965/1965 1966/1966/1966
f 1961/1961/1961 1966/1966/1966 1962/1962/1962
f 1963/1963/1963 1967/1967/1967 1968/1968/1968
f 1963/1963/1963 1968/1968/1968 1964/1964/1964
f 1969/1969/1969 1970/1970/1970 1971/1971/1971
f 1969/1969/1969 1971/1971/1971 1972/1972/1972
f 1965/1965/1965 1931/1931/1931 1934/1934/1934
f 1965/1965/1965 1934/1934/1934 1966/1966/1966
f 1967/1967/1967 1973/1973/1973 1974/1974/1974
f 1967/1967/1967 1974/1974/1974 1968/1968/1968
f 1905/1905/1905 1975/1975/1975 1976/1976/1976
f 1905/1905/1905 1976/1976/1976 1906/1906/1906
f 1910/1910/1910 1977/1977/1977 1978/1978/1978
f 1910/1910/1910 1978/1978/1978 1911/1911/1911
f 1973/1973/1973 1979/1979/1979 1980/1980/1980
f 1973/1973/1973 1980/1980/1980 1974/1974/1974
f 1975/1975/1975 1981/1981/1981 1982/1982/1982
f 1975/1975/1975 1982/1982/1982 1976/1976/1976
f 1983/1983/1983 1923/1923/1923 1924/1924/1924
f 1983/1983/1983 1924/1924/1924 1984/1984/1984
f 1979/1979/1979 1985/1985/1985 1986/1986/1986
f 1979/1979/1979 1986/1986/1986 1980/1980/1980
f 1987/1987/1987 1969/1969/1969 1972/1972/1972
f 1987/1987/1987 1972/1972/1972 1988/1988/1988
f 1989/1989/1989 1983/1983/1983 1984/1984/1984
f 1989/1989/1989 1984/1984/1984 1990/1990/1990
f 1985/1985/1985 1991/1991/1991 1992/1992/1992
f 1985/1985/1985 1992/1992/1992 1986/1986/1986
f 1993/1993/1993 1994/1994/1994 1995/1995/1995
f 1993/1993/1993 1995/1995/1995 1996/1996/1996
f 1977/1977/1977 1997/1997/1997 1998/1998/1998
f 1977/1977/1977 1998/1998/1998 1978/1978/1978
f 1994/1994/1994 1987/1987/1987 1988/1988/1988
f 1994/1994/1994 1988/1988/1988 1995/1995/1995
f 1999/1999/1999 2000/2000/2000 2001/2001/2001
f 1999/1999/1999 2001/2001/2001 2002/2002/2002
f 1981/1981/1981 1993/1993/1993 1996/1996/1996
f 1981/1981/1981 1996/1996/1996 1982/1982/1982
f 1997/1997/1997 1999/1999/1999 2002/2002/2002
f 1997/1997/1997 2002/2002/2002 1998/1998/1998
f 2003/2003/2003 2004/2004/2004 2005/2005/2005
f 2003/2003/2003 2005/2005/2005 2006/2006/2006
f 2000/2000/2000 1989/1989/1989 1990/1990/1990
f 2000/2000/2000 1990/1990/1990 2001/2001/2001
f 2007/2007/2007 2008/2008/2008 2009/2009/2009
f 2007/2007/2007 2009/2009/2009 2010/2010/2010
f 2011/2011/2011 2012/2012/2012 2013/2013/2013
f 2011/2011/2011 2013/2013/2013 2014/2014/2014
f 2015/2015/2015 2016/2016/2016 2017/2017/2017
f 2015/2015/2015 2017/2017/2017 2018/2018/2018
f 2019/2019/2019 1903/1903/1903 1904/1904/1904
f 2019/2019/2019 1904/1904/1904 2020/2020/2020
f 2021/2021/2021 2022/2022/2022 2023/2023/2023
f 2021/2021/2021 2023/2023/2023 2024/2024/2024
f 2016/2016/2016 2025/2025/2025 2026/2026/2026
f 2016/2016/2016 2026/2026/2026 2017/2017/2017
f 2025/2025/2025 2027/2027/2027 2028/2028/2028
f 2025/2025/2025 2028/2028/2028 2026/2026/2026
f 2027/2027/2027 2029/2029/2029 2030/2030/2030
f 2027/2027/2027 2030/2030/2030 2028/2028/2028
f 2029/2029/2029 2031/2031/2031 2032/2032/2032
f 2029/2029/2029 2032/2032/2032 2030/2030/2030
f 2033/2033/2033 2034/2034/2034 2035/2035/2035
f 2033/2033/2033 2035/2035/2035 2036/2036/2036
f 2031/2031/2031 2037/2037/2037 2038/2038/2038
f 2031/2031/2031 2038/2038/2038 2032/2032/2032
f 1970/1970/1970 1909/1909/1909 1912/1912/1912
f 1970/1970/1970 1912/1912/1912 1971/1971/1971
f 2037/2037/2037 2039/2039/2039 2040/2040/2040
f 2037/2037/2037 2040/2040/2040 2038/2038/2038
f 2041/2041/2041 2042/2042/2042 2043/2043/2043
f 2041/2041/2041 2043/2043/2043 2044/2044/2044
f 2045/2045/2045 2015/2015/2015 2018/2018/2018
f 2045/2045/2045 2018/2018/2018 2046/2046/2046
f 2047/2047/2047 2048/2048/2048 2049/2049/2049
f 2047/2047/2047 2049/2049/2049 2050/2050/2050
f 2039/2039/2039 2051/2051/2051 2052/2052/2052
f 2039/2039/2039 2052/2052/2052 2040/2040/2040
f 2053/2053/2053 2033/2033/2033 2036/2036/2036
f 2053/2053/2053 2036/2036/2036 2054/2054/2054
f 2055/2055/2055 2045/2045/2045 2046/2046/2046
f 2055/2055/2055 2046/2046/2046 2056/2056/2056
f 2057/2057/2057 2047/2047/2047 2050/2050/2050
f 2057/2057/2057 2050/2050/2050 2058/2058/2058
f 2051/2051/2051 2059/2059/2059 2060/2060/2060
f 2051/2051/2051 2060/2060/2060 2052/2052/2052
f 2042/2042/2042 2061/2061/2061 2062/2062/2062
f 2042/2042/2042 2062/2062/2062 2043/2043/2043
f 2063/2063/2063 2055/2055/2055 2056/2056/2056
f 2063/2063/2063 2056/2056/2056 2064/2064/2064
f 2065/2065/2065 2066/2066/2066 2067/2067/2067
f 2065/2065/2065 2067/2067/2067 2068/2068/2068
f 2059/2059/2059 2069/2069/2069 2070/2070/2070
f 2059/2059/2059 2070/2070/2070 2060/2060/2060
f 2071/2071/2071 2072/2072/2072 2073/2073/2073
f 2071/2071/2071 2073/2073/2073 2074/2074/2074
f 2075/2075/2075 2063/2063/2063 2064/2064/2064
f 2075/2075/2075 2064/2064/2064 2076/2076/2076
f 2048/2048/2048 2077/2077/2077 2078/2078/2078
f 2048/2048/2048 2078/2078/2078 2049/2049/2049
f 2069/2069/2069 2079/2079/2079 2080/2080/2080
f 2069/2069/2069 2080/2080/2080 2070/2070/2070
f 2081/2081/2081 2041/2041/2041 2044/2044/2044
f 2081/2081/2081 2044/2044/2044 2082/2082/2082
f 2083/2083/2083 2075/2075/2075 2076/2076/2076
f 2083/2083/2083 2076/2076/2076 2084/2084/2084
f 2077/2077/2077 2085/2085/2085 2086/2086/2086
f 2077/2077/2077 2086/2086/2086 2078/2078/2078
f 2079/2079/2079 2087/2087/2087 2088/2088/2088
f 2079/2079/2079 2088/2088/2088 2080/2080/2080
f 2089/2089/2089 2081/2081/2081 2082/2082/2082
f 2089/2089/2089 2082/2082/2082 2090/2090/2090
f 2091/2091/2091 2083/2083/2083 2084/2084/2084
f 2091/2091/2091 2084/2084/2084 2092/2092/2092
f 2085/2085/2085 2093/2093/2093 2094/2094/2094
f 2085/2085/2085 2094/2094/2094 2086/2086/2086
f 2087/2087/2087 2095/2095/2095 2096/2096/2096
f 2087/2087/2087 2096/2096/2096 2088/2088/2088
f 2097/2097/2097 2089/2089/2089 2090/2090/2090
f 2097/2097/2097 2090/2090/2090 2098/2098/2098
f 2099/2099/2099 2091/2091/2091 2092/2092/2092
f 2099/2099/2099 2092/2092/2092 2100/2100/2100
f 2093/2093/2093 2101/2101/2101 2102/2102/2102
f 2093/2093/2093 2102/2102/2102 2094/2094/2094
f 2095/2095/2095 2103/2103/2103 2104/2104/2104
f 2095/2095/2095 2104/2104/2104 2096/2096/2096
f 2105/2105/2105 2097/2097/2097 2098/2098/2098
f 2105/2105/2105 2098/2098/2098 2106/2106/2106
f 2107/2107/2107 2099/2099/2099 2100/2100/2100
f 2107/2107/2107 2100/2100/2100 2108/2108/2108
f 2101/2101/2101 2109/2109/2109 2110/2110/2110
f 2101/2101/2101 2110/2110/2110 2102/2102/2102
f 2111/2111/2111 2112/2112/2112 2113/2113/2113
f 2111/2111/2111 2113/2113/2113 2114/2114/2114
f 2115/2115/2115 2105/2105/2105 2106/2106/2106
f 2115/2115/2115 2106/2106/2106 2116/2116/2116
f 2117/2117/2117 2107/2107/2107 2108/2108/2108
f 2117/2117/2117 2108/2108/2108 2118/2118/2118
f 2109/2109/2109 2119/2119/2119 2120/2120/2120
f 2109/2109/2109 2120/2120/2120 2110/2110/2110
f 2121/2121/2121 2122/2122/2122 2123/2123/2123
f 2121/2121/2121 2123/2123/2123 2124/2124/2124
f 2125/2125/2125 2115/2115/2115 2116/2116/2116
f 2125/2125/2125 2116/2116/2116 2126/2126/2126
f 2127/2127/2127 2117/2117/2117 2118/2118/2118
f 2127/2127/2127 2118/2118/2118 2128/2128/2128
f 2034/2034/2034 2129/2129/2129 2130/2130/2130
f 2034/2034/2034 2130/2130/2130 2035/2035/2035
f 2122/2122/2122 2019/2019/2019 2020/2020/2020
f 2122/2122/2122 2020/2020/2020 2123/2123/2123
f 2131/2131/2131 2053/2053/2053 2054/2054/2054
f 2131/2131/2131 2054/2054/2054 2132/2132/2132
f 2133/2133/2133 2127/2127/2127 2128/2128/2128
f 2133/2133/2133 2128/2128/2128 2134/2134/2134
f 2135/2135/2135 2057/2057/2057 2058/2058/2058
f 2135/2135/2135 2058/2058/2058 2136/2136/2136
f 2137/2137/2137 2121/2121/2121 2124/2124/2124
f 2137/2137/2137 2124/2124/2124 2138/2138/2138
f 2061/2061/2061 2139/2139/2139 2140/2140/2140
f 2061/2061/2061 2140/2140/2140 2062/2062/2062
f 2141/2141/2141 2133/2133/2133 2134/2134/2134
f 2141/2141/2141 2134/2134/2134 2142/2142/2142
f 2143/2143/2143 2135/2135/2135 2136/2136/2136
f 2143/2143/2143 2136/2136/2136 2144/2144/2144
f 2145/2145/2145 2137/2137/2137 2138/2138/2138
f 2145/2145/2145 2138/2138/2138 2146/2146/2146
f 2139/2139/2139 2147/2147/2147 2148/2148/2148
f 2139/2139/2139 2148/2148/2148 2140/2140/2140
f 2149/2149/2149 2141/2141/2141 2142/2142/2142
f 2149/2149/2149 2142/2142/2142 2150/2150/2150
f 2129/2129/2129 2151/2151/2151 2152/2152/2152
f 2129/2129/2129 2152/2152/2152 2130/2130/2130
f 2153/2153/2153 2145/2145/2145 2146/2146/2146
f 2153/2153/2153 2146/2146/2146 2154/2154/2154
f 2155/2155/2155 2131/2131/2131 2132/2132/2132
f 2155/2155/2155 2132/2132/2132 2156/2156/2156
f 2157/2157/2157 2149/2149/2149 2150/2150/2150
f 2157/2157/2157 2150/2150/2150 2158/2158/2158
f 2159/2159/2159 2160/2160/2160 2161/2161/2161
f 2159/2159/2159 2161/2161/2161 2162/2162/2162
f 2163/2163/2163 2153/2153/2153 2154/2154/2154
f 2163/2163/2163 2154/2154/2154 2164/2164/2164
f 2165/2165/2165 2166/2166/2166 2167/2167/2167
f 2165/2165/2165 2167/2167/2167 2168/2168/2168
f 2169/2169/2169 2170/2170/2170 2171/2171/2171
f 2169/2169/2169 2171/2171/2171 2172/2172/2172
f 2151/2151/2151 2173/2173/2173 2174/2174/2174
f 2151/2151/2151 2174/2174/2174 2152/2152/2152
f 2175/2175/2175 2163/2163/2163 2164/2164/2164
f 2175/2175/2175 2164/2164/2164 2176/2176/2176
f 2177/2177/2177 2155/2155/2155 2156/2156/2156
f 2177/2177/2177 2156/2156/2156 2178/2178/2178
f 1888/1888/1888 1913/1913/1913 1916/1916/1916
f 1888/1888/1888 1916/1916/1916 1889/1889/1889
f 2160/2160/2160 2143/2143/2143 2144/2144/2144
f 2160/2160/2160 2144/2144/2144 2161/2161/2161
f 1896/1896/1896 2175/2175/2175 2176/2176/2176
f 1896/1896/1896 2176/2176/2176 1897/1897/1897
f 2147/2147/2147 2165/2165/2165 2168/2168/2168
f 2147/2147/2147 2168/2168/2168 2148/2148/2148
f 2179/2179/2179 2180/2180/2180 2181/2181/2181
f 2179/2179/2179 2181/2181/2181 2182/2182/2182
f 2183/2183/2183 2184/2184/2184 2185/2185/2185
f 2183/2183/2183 2185/2185/2185 2186/2186/2186
f 2187/2187/2187 2188/2188/2188 2189/2189/2189
f 2187/2187/2187 2189/2189/2189 2190/2190/2190
f 2191/2191/2191 2192/2192/2192 2193/2193/2193
f 2191/2191/2191 2193/2193/2193 2194/2194/2194
f 2195/2195/2195 2196/2196/2196 2197/2197/2197
f 2195/2195/2195 2197/2197/2197 2198/2198/2198
f 2199/2199/2199 2200/2200/2200 2201/2201/2201
f 2199/2199/2199 2201/2201/2201 2202/2202/2202
f 2203/2203/2203 2204/2204/2204 2205/2205/2205
f 2203/2203/2203 2205/2205/2205 2206/2206/2206
f 2207/2207/2207 2208/2208/2208 2209/2209/2209
f 2207/2207/2207 2209/2209/2209 2210/2210/2210
f 2211/2211/2211 2212/2212/2212 2213/2213/2213
f 2211/2211/2211 2213/2213/2213 2214/2214/2214
f 2215/2215/2215 2216/2216/2216 2217/2217/2217
f 2215/2215/2215 2217/2217/2217 2218/2218/2218
f 2219/2219/2219 2220/2220/2220 2221/2221/2221
f 2219/2219/2219 2221/2221/2221 2222/2222/2222
f 2223/2223/2223 2224/2224/2224 2225/2225/2225
f 2223/2223/2223 2225/2225/2225 2226/2226/2226
f 2227/2227/2227 2228/2228/2228 2229/2229/2229
f 2227/2227/2227 2229/2229/2229 2230/2230/2230
f 2231/2231/2231 2232/2232/2232 2233/2233/2233
f 2231/2231/2231 2233/2233/2233 2234/2234/2234
f 2235/2235/2235 2236/2236/2236 2237/2237/2237
f 2235/2235/2235 2237/2237/2237 2238/2238/2238
f 2239/2239/2239 2240/2240/2240 2241/2241/2241
f 2239/2239/2239 2241/2241/2241 2242/2242/2242
f 2243/2243/2243 2244/2244/2244 2245/2245/2245
f 2243/2243/2243 2245/2245/2245 2246/2246/2246
f 2247/2247/2247 2248/2248/2248 2249/2249/2249
f 2247/2247/2247 2249/2249/2249 2250/2250/2250
f 2251/2251/2251 2252/2252/2252 2253/2253/2253
f 2251/2251/2251 2253/2253/2253 2254/2254/2254
f 2255/2255/2255 2256/2256/2256 2257/2257/2257
f 2255/2255/2255 2257/2257/2257 2258/2258/2258
f 2259/2259/2259 2260/2260/2260 2261/2261/2261
f 2259/2259/2259 2261/2261/2261 2262/2262/2262
f 2263/2263/2263 2264/2264/2264 2265/2265/2265
f 2263/2263/2263 2265/2265/2265 2266/2266/2266
f 2267/2267/2267 2268/2268/2268 2269/2269/2269
f 2267/2267/2267 2269/2269/2269 2270/2270/2270
f 2271/2271/2271 2272/2272/2272 2273/2273/2273
f 2271/2271/2271 2273/2273/2273 2274/2274/2274
f 2275/2275/2275 2276/2276/2276 2277/2277/2277
f 2275/2275/2275 2277/2277/2277 2278/2278/2278
f 2276/2276/2276 2279/2279/2279 2280/2280/2280
f 2276/2276/2276 2280/2280/2280 2277/2277/2277
f 2279/2279/2279 2281/2281/2281 2282/2282/2282
f 2279/2279/2279 2282/2282/2282 2280/2280/2280
f 2281/2281/2281 2283/2283/2283 2284/2284/2284
f 2281/2281/2281 2284/2284/2284 2282/2282/2282
f 2285/2285/2285 2286/2286/2286 2287/2287/2287
f 2285/2285/2285 2287/2287/2287 2288/2288/2288
f 2289/2289/2289 2290/2290/2290 2291/2291/2291
f 2289/2289/2289 2291/2291/2291 2292/2292/2292
f 2293/2293/2293 2294/2294/2294 2295/2295/2295
f 2293/2293/2293 2295/2295/2295 2296/2296/2296
f 2297/2297/2297 2298/2298/2298 2299/2299/2299
f 2297/2297/2297 2299/2299/2299 2300/2300/2300
f 2301/2301/2301 2302/2302/2302 2303/2303/2303
f 2301/2301/2301 2303/2303/2303 2304/2304/2304
f 2305/2305/2305 2306/2306/2306 2307/2307/2307
f 2305/2305/2305 2307/2307/2307 2308/2308/2308
f 2309/2309/2309 2310/2310/2310 2311/2311/2311
f 2309/2309/2309 2311/2311/2311 2312/2312/2312
f 2313/2313/2313 2314/2314/2314 2315/2315/2315
f 2313/2313/2313 2315/2315/2315 2316/2316/2316
f 2317/2317/2317 2318/2318/2318 2319/2319/2319
f 2317/2317/2317 2319/2319/2319 2320/2320/2320
f 2321/2321/2321 2322/2322/2322 2323/2323/2323
f 2321/2321/2321 2323/2323/2323 2324/2324/2324
f 2325/2325/2325 2326/2326/2326 2327/2327/2327
f 2325/2325/2325 2327/2327/2327 2328/2328/2328
f 2329/2329/2329 2330/2330/2330 2331/2331/2331
f 2329/2329/2329 2331/2331/2331 2332/2332/2332
f 2333/2333/2333 2334/2334/2334 2335/2335/2335
f 2333/2333/2333 2335/2335/2335 2336/2336/2336
f 2337/2337/2337 2338/2338/2338 2339/2339/2339
f 2337/2337/2337 2339/2339/2339 2340/2340/2340
f 2341/2341/2341 2342/2342/2342 2343/2343/2343
f 2341/2341/2341 2343/2343/2343 2344/2344/2344
f 2345/2345/2345 2346/2346/2346 2347/2347/2347
f 2345/2345/2345 2347/2347/2347 2348/2348/2348
f 2349/2349/2349 2350/2350/2350 2351/2351/2351
f 2349/2349/2349 2351/2351/2351 2352/2352/2352
f 2353/2353/2353 2354/2354/2354 2355/2355/2355
f 2353/2353/2353 2355/2355/2355 2356/2356/2356
f 2357/2357/2357 2358/2358/2358 2359/2359/2359
f 2357/2357/2357 2359/2359/2359 2360/2360/2360
f 2361/2361/2361 2362/2362/2362 2363/2363/2363
f 2361/2361/2361 2363/2363/2363 2364/2364/2364
f 2365/2365/2365 2366/2366/2366 2367/2367/2367
f 2365/2365/2365 2367/2367/2367 2368/2368/2368
f 2369/2369/2369 2370/2370/2370 2371/2371/2371
f 2369/2369/2369 2371/2371/2371 2372/2372/2372
f 2373/2373/2373 2374/2374/2374 2375/2375/2375
f 2373/2373/2373 2375/2375/2375 2376/2376/2376
f 2377/2377/2377 2378/2378/2378 2379/2379/2379
f 2377/2377/2377 2379/2379/2379 2380/2380/2380
f 2381/2381/2381 2382/2382/2382 2383/2383/2383
f 2381/2381/2381 2383/2383/2383 2384/2384/2384
f 2385/2385/2385 2386/2386/2386 2387/2387/2387
f 2385/2385/2385 2387/2387/2387 2388/2388/2388
f 2389/2389/2389 2390/2390/2390 2391/2391/2391
f 2389/2389/2389 2391/2391/2391 2392/2392/2392
f 2393/2393/2393 2394/2394/2394 2395/2395/2395
f 2393/2393/2393 2395/2395/2395 2396/2396/2396
f 2397/2397/2397 173/173/173 163/163/163
f 2397/2397/2397 163/163/163 2398/2398/2398
f 2399/2399/2399 2400/2400/2400 174/174/174
f 2399/2399/2399 174/174/174 183/183/183
f 2401/2401/2401 2402/2402/2402 165/165/165
f 2401/2401/2401 165/165/165 190/190/190
f 2403/2403/2403 200/200/200 191/191/191
f 2403/2403/2403 191/191/191 2404/2404/2404
f 2405/2405/2405 2406/2406/2406 2407/2407/2407
f 2405/2405/2405 2407/2407/2407 2408/2408/2408
f 2409/2409/2409 2410/2410/2410 2411/2411/2411
f 2409/2409/2409 2411/2411/2411 2412/2412/2412
f 2406/2406/2406 2413/2413/2413 2414/2414/2414
f 2406/2406/2406 2414/2414/2414 2407/2407/2407
f 2415/2415/2415 2416/2416/2416 2417/2417/2417
f 2415/2415/2415 2417/2417/2417 2418/2418/2418
f 2419/2419/2419 2420/2420/2420 2421/2421/2421
f 2419/2419/2419 2421/2421/2421 2422/2422/2422
f 2423/2423/2423 2409/2409/2409 2412/2412/2412
f 2423/2423/2423 2412/2412/2412 2424/2424/2424
f 2425/2425/2425 2426/2426/2426 2427/2427/2427
f 2425/2425/2425 2427/2427/2427 2428/2428/2428
f 2429/2429/2429 2430/2430/2430 2431/2431/2431
f 2429/2429/2429 2431/2431/2431 2432/2432/2432
f 2433/2433/2433 2419/2419/2419 2422/2422/2422
f 2433/2433/2433 2422/2422/2422 2434/2434/2434
f 2426/2426/2426 2435/2435/2435 2436/2436/2436
f 2426/2426/2426 2436/2436/2436 2427/2427/2427
f 2437/2437/2437 2438/2438/2438 2439/2439/2439
f 2437/2437/2437 2439/2439/2439 2440/2440/2440
f 2430/2430/2430 2441/2441/2441 2442/2442/2442
f 2430/2430/2430 2442/2442/2442 2431/2431/2431
f 2443/2443/2443 2444/2444/2444 2445/2445/2445
f 2443/2443/2443 2445/2445/2445 2446/2446/2446
f 2447/2447/2447 2433/2433/2433 2434/2434/2434
f 2447/2447/2447 2434/2434/2434 2448/2448/2448
f 2449/2449/2449 2415/2415/2415 2418/2418/2418
f 2449/2449/2449 2418/2418/2418 2450/2450/2450
f 2435/2435/2435 2451/2451/2451 2452/2452/2452
f 2435/2435/2435 2452/2452/2452 2436/2436/2436
f 2420/2420/2420 2453/2453/2453 2454/2454/2454
f 2420/2420/2420 2454/2454/2454 2421/2421/2421
f 2455/2455/2455 2456/2456/2456 2457/2457/2457
f 2455/2455/2455 2457/2457/2457 2458/2458/2458
f 2459/2459/2459 2425/2425/2425 2428/2428/2428
f 2459/2459/2459 2428/2428/2428 2460/2460/2460
f 2453/2453/2453 2405/2405/2405 2408/2408/2408
f 2453/2453/2453 2408/2408/2408 2454/2454/2454
f 2461/2461/2461 2462/2462/2462 2463/2463/2463
f 2461/2461/2461 2463/2463/2463 2464/2464/2464
f 2410/2410/2410 2459/2459/2459 2460/2460/2460
f 2410/2410/2410 2460/2460/2460 2411/2411/2411
f 2465/2465/2465 213/213/213 203/203/203
f 2465/2465/2465 203/203/203 2466/2466/2466
f 2467/2467/2467 2468/2468/2468 214/214/214
f 2467/2467/2467 214/214/214 223/223/223
f 2469/2469/2469 2470/2470/2470 205/205/205
f 2469/2469/2469 205/205/205 230/230/230
f 2471/2471/2471 240/240/240 231/231/231
f 2471/2471/2471 231/231/231 2472/2472/2472
f 2473/2473/2473 2474/2474/2474 2475/2475/2475
f 2473/2473/2473 2475/2475/2475 2476/2476/2476
f 2477/2477/2477 2478/2478/2478 2479/2479/2479
f 2477/2477/2477 2479/2479/2479 2480/2480/2480
f 2474/2474/2474 2481/2481/2481 2482/2482/2482
f 2474/2474/2474 2482/2482/2482 2475/2475/2475
f 2483/2483/2483 2484/2484/2484 2485/2485/2485
f 2483/2483/2483 2485/2485/2485 2486/2486/2486
f 2487/2487/2487 2488/2488/2488 2489/2489/2489
f 2487/2487/2487 2489/2489/2489 2490/2490/2490
f 2491/2491/2491 2477/2477/2477 2480/2480/2480
f 2491/2491/2491 2480/2480/2480 2492/2492/2492
f 2493/2493/2493 2494/2494/2494 2495/2495/2495
f 2493/2493/2493 2495/2495/2495 2496/2496/2496
f 2497/2497/2497 2498/2498/2498 2499/2499/2499
f 2497/2497/2497 2499/2499/2499 2500/2500/2500
f 2501/2501/2501 2487/2487/2487 2490/2490/2490
f 2501/2501/2501 2490/2490/2490 2502/2502/2502
f 2494/2494/2494 2503/2503/2503 2504/2504/2504
f 2494/2494/2494 2504/2504/2504 2495/2495/2495
f 2505/2505/2505 2506/2506/2506 2507/2507/2507
f 2505/2505/2505 2507/2507/2507 2508/2508/2508
f 2498/2498/2498 2509/2509/2509 2510/2510/2510
f 2498/2498/2498 2510/2510/2510 2499/2499/2499
f 2511/2511/2511 2512/2512/2512 2513/2513/2513
f 2511/2511/2511 2513/2513/2513 2514/2514/2514
f 2515/2515/2515 2501/2501/2501 2502/2502/2502
f 2515/2515/2515 2502/2502/2502 2516/2516/2516
f 2517/2517/2517 2483/2483/2483 2486/2486/2486
f 2517/2517/2517 2486/2486/2486 2518/2518/2518
f 2503/2503/2503 2519/2519/2519 2520/2520/2520
f 2503/2503/2503 2520/2520/2520 2504/2504/2504
f 2488/2488/2488 2521/2521/2521 2522/2522/2522
f 2488/2488/2488 2522/2522/2522 2489/2489/2489
f 2523/2523/2523 2524/2524/2524 2525/2525/2525
f 2523/2523/2523 2525/2525/2525 2526/2526/2526
f 2527/2527/2527 2493/2493/2493 2496/2496/2496
f 2527/2527/2527 2496/2496/2496 2528/2528/2528
f 2521/2521/2521 2473/2473/2473 2476/2476/2476
f 2521/2521/2521 2476/2476/2476 2522/2522/2522
f 2529/2529/2529 2530/2530/2530 2531/2531/2531
f 2529/2529/2529 2531/2531/2531 2532/2532/2532
f 2478/2478/2478 2527/2527/2527 2528/2528/2528
f 2478/2478/2478 2528/2528/2528 2479/2479/2479
f 2533/2533/2533 2534/2534/2534 2414/2414/2414
f 2533/2533/2533 2414/2414/2414 2413/2413/2413
f 2535/2535/2535 2423/2423/2423 2424/2424/2424
f 2535/2535/2535 2424/2424/2424 2536/2536/2536
f 2537/2537/2537 2538/2538/2538 2482/2482/2482
f 2537/2537/2537 2482/2482/2482 2481/2481/2481
f 2539/2539/2539 2491/2491/2491 2492/2492/2492
f 2539/2539/2539 2492/2492/2492 2540/2540/2540
f 2541/2541/2541 2542/2542/2542 2543/2543/2543
f 2541/2541/2541 2543/2543/2543 2544/2544/2544
f 2545/2545/2545 2546/2546/2546 2547/2547/2547
f 2545/2545/2545 2547/2547/2547 2548/2548/2548
f 2549/2549/2549 2550/2550/2550 2551/2551/2551
f 2549/2549/2549 2551/2551/2551 2552/2552/2552
f 2553/2553/2553 2554/2554/2554 2555/2555/2555
f 2553/2553/2553 2555/2555/2555 2556/2556/2556
f 2557/2557/2557 2549/2549/2549 2552/2552/2552
f 2557/2557/2557 2552/2552/2552 2558/2558/2558
f 2554/2554/2554 2559/2559/2559 2560/2560/2560
f 2554/2554/2554 2560/2560/2560 2555/2555/2555
f 2542/2542/2542 2561/2561/2561 2562/2562/2562
f 2542/2542/2542 2562/2562/2562 2543/2543/2543
f 2559/2559/2559 2563/2563/2563 2564/2564/2564
f 2559/2559/2559 2564/2564/2564 2560/2560/2560
f 2565/2565/2565 2566/2566/2566 2567/2567/2567
f 2565/2565/2565 2567/2567/2567 2568/2568/2568
f 2563/2563/2563 2569/2569/2569 2570/2570/2570
f 2563/2563/2563 2570/2570/2570 2564/2564/2564
f 2571/2571/2571 2553/2553/2553 2556/2556/2556
f 2571/2571/2571 2556/2556/2556 2572/2572/2572
f 2561/2561/2561 2565/2565/2565 2568/2568/2568
f 2561/2561/2561 2568/2568/2568 2562/2562/2562
f 2569/2569/2569 2573/2573/2573 2574/2574/2574
f 2569/2569/2569 2574/2574/2574 2570/2570/2570
f 2575/2575/2575 2541/2541/2541 2544/2544/2544
f 2575/2575/2575 2544/2544/2544 2576/2576/2576
f 2566/2566/2566 2557/2557/2557 2558/2558/2558
f 2566/2566/2566 2558/2558/2558 2567/2567/2567
f 2573/2573/2573 2545/2545/2545 2548/2548/2548
f 2573/2573/2573 2548/2548/2548 2574/2574/2574
f 2550/2550/2550 2571/2571/2571 2572/2572/2572
f 2550/2550/2550 2572/2572/2572 2551/2551/2551
f 2577/2577/2577 2578/2578/2578 2579/2579/2579
f 2577/2577/2577 2579/2579/2579 2580/2580/2580
f 2581/2581/2581 2582/2582/2582 2583/2583/2583
f 2581/2581/2581 2583/2583/2583 2584/2584/2584
f 2585/2585/2585 2586/2586/2586 2587/2587/2587
f 2585/2585/2585 2587/2587/2587 2588/2588/2588
f 2589/2589/2589 2590/2590/2590 2591/2591/2591
f 2589/2589/2589 2591/2591/2591 2592/2592/2592
f 2593/2593/2593 2594/2594/2594 2586/2586/2586
f 2593/2593/2593 2586/2586/2586 2585/2585/2585
f 2592/2592/2592 2591/2591/2591 2595/2595/2595
f 2592/2592/2592 2595/2595/2595 2596/2596/2596
f 2580/2580/2580 2579/2579/2579 2597/2597/2597
f 2580/2580/2580 2597/2597/2597 2598/2598/2598
f 2596/2596/2596 2595/2595/2595 2599/2599/2599
f 2596/2596/2596 2599/2599/2599 2600/2600/2600
f 2601/2601/2601 2602/2602/2602 2603/2603/2603
f 2601/2601/2601 2603/2603/2603 2604/2604/2604
f 2600/2600/2600 2599/2599/2599 2605/2605/2605
f 2600/2600/2600 2605/2605/2605 2606/2606/2606
f 2607/2607/2607 2608/2608/2608 2590/2590/2590
f 2607/2607/2607 2590/2590/2590 2589/2589/2589
f 2598/2598/2598 2597/2597/2597 2602/2602/2602
f 2598/2598/2598 2602/2602/2602 2601/2601/2601
f 2606/2606/2606 2605/2605/2605 2609/2609/2609
f 2606/2606/2606 2609/2609/2609 2610/2610/2610
f 2575/2575/2575 2576/2576/2576 2578/2578/2578
f 2575/2575/2575 2578/2578/2578 2577/2577/2577
f 2604/2604/2604 2603/2603/2603 2594/2594/2594
f 2604/2604/2604 2594/2594/2594 2593/2593/2593
f 2610/2610/2610 2609/2609/2609 2582/2582/2582
f 2610/2610/2610 2582/2582/2582 2581/2581/2581
f 2588/2588/2588 2587/2587/2587 2608/2608/2608
f 2588/2588/2588 2608/2608/2608 2607/2607/2607
f 2611/2611/2611 2612/2612/2612 2613/2613/2613
f 2611/2611/2611 2613/2613/2613 2614/2614/2614
f 2615/2615/2615 2616/2616/2616 2617/2617/2617
f 2615/2615/2615 2617/2617/2617 2618/2618/2618
f 2612/2612/2612 2619/2619/2619 2620/2620/2620
f 2612/2612/2612 2620/2620/2620 2613/2613/2613
f 2616/2616/2616 2621/2621/2621 2622/2622/2622
f 2616/2616/2616 2622/2622/2622 2617/2617/2617
f 2619/2619/2619 2623/2623/2623 2624/2624/2624
f 2619/2619/2619 2624/2624/2624 2620/2620/2620
f 2621/2621/2621 2625/2625/2625 2626/2626/2626
f 2621/2621/2621 2626/2626/2626 2622/2622/2622
f 2623/2623/2623 2627/2627/2627 2628/2628/2628
f 2623/2623/2623 2628/2628/2628 2624/2624/2624
f 2625/2625/2625 2629/2629/2629 2630/2630/2630
f 2625/2625/2625 2630/2630/2630 2626/2626/2626
f 2627/2627/2627 2631/2631/2631 2632/2632/2632
f 2627/2627/2627 2632/2632/2632 2628/2628/2628
f 2629/2629/2629 2633/2633/2633 2634/2634/2634
f 2629/2629/2629 2634/2634/2634 2630/2630/2630
f 2635/2635/2635 2636/2636/2636 2637/2637/2637
f 2635/2635/2635 2637/2637/2637 2638/2638/2638
f 2633/2633/2633 2639/2639/2639 2640/2640/2640
f 2633/2633/2633 2640/2640/2640 2634/2634/2634
f 2636/2636/2636 2641/2641/2641 2642/2642/2642
f 2636/2636/2636 2642/2642/2642 2637/2637/2637
f 2639/2639/2639 2611/2611/2611 2614/2614/2614
f 2639/2639/2639 2614/2614/2614 2640/2640/2640
f 2641/2641/2641 2615/2615/2615 2618/2618/2618
f 2641/2641/2641 2618/2618/2618 2642/2642/2642
f 2643/2643/2643 2644/2644/2644 2645/2645/2645
f 2643/2643/2643 2645/2645/2645 2646/2646/2646
f 2647/2647/2647 2648/2648/2648 2649/2649/2649
f 2647/2647/2647 2649/2649/2649 2650/2650/2650
f 2646/2646/2646 2645/2645/2645 2651/2651/2651
f 2646/2646/2646 2651/2651/2651 2652/2652/2652
f 2650/2650/2650 2649/2649/2649 2653/2653/2653
f 2650/2650/2650 2653/2653/2653 2654/2654/2654
f 2652/2652/2652 2651/2651/2651 2655/2655/2655
f 2652/2652/2652 2655/2655/2655 2656/2656/2656
f 2654/2654/2654 2653/2653/2653 2657/2657/2657
f 2654/2654/2654 2657/2657/2657 2658/2658/2658
f 2656/2656/2656 2655/2655/2655 2659/2659/2659
f 2656/2656/2656 2659/2659/2659 2660/2660/2660
f 2658/2658/2658 2657/2657/2657 2661/2661/2661
f 2658/2658/2658 2661/2661/2661 2662/2662/2662
f 2660/2660/2660 2659/2659/2659 2663/2663/2663
f 2660/2660/2660 2663/2663/2663 2664/2664/2664
f 2662/2662/2662 2661/2661/2661 2665/2665/2665
f 2662/2662/2662 2665/2665/2665 2666/2666/2666
f 2635/2635/2635 2638/2638/2638 2667/2667/2667
f 2635/2635/2635 2667/2667/2667 2668/2668/2668
f 2666/2666/2666 2665/2665/2665 2669/2669/2669
f 2666/2666/2666 2669/2669/2669 2670/2670/2670
f 2668/2668/2668 2667/2667/2667 2671/2671/2671
f 2668/2668/2668 2671/2671/2671 2672/2672/2672
f 2670/2670/2670 2669/2669/2669 2644/2644/2644
f 2670/2670/2670 2644/2644/2644 2643/2643/2643
f 2672/2672/2672 2671/2671/2671 2648/2648/2648
f 2672/2672/2672 2648/2648/2648 2647/2647/2647
f 2673/2673/2673 2674/2674/2674 2675/2675/2675
f 2673/2673/2673 2675/2675/2675 2676/2676/2676
f 2677/2677/2677 2678/2678/2678 2679/2679/2679
f 2677/2677/2677 2679/2679/2679 2680/2680/2680
f 2681/2681/2681 2682/2682/2682 2683/2683/2683
f 2681/2681/2681 2683/2683/2683 2684/2684/2684
f 2685/2685/2685 2686/2686/2686 2687/2687/2687
f 2685/2685/2685 2687/2687/2687 2688/2688/2688
f 2689/2689/2689 2690/2690/2690 2682/2682/2682
f 2689/2689/2689 2682/2682/2682 2681/2681/2681
f 2688/2688/2688 2687/2687/2687 2691/2691/2691
f 2688/2688/2688 2691/2691/2691 2692/2692/2692
f 2676/2676/2676 2675/2675/2675 2693/2693/2693
f 2676/2676/2676 2693/2693/2693 2694/2694/2694
f 2692/2692/2692 2691/2691/2691 2695/2695/2695
f 2692/2692/2692 2695/2695/2695 2696/2696/2696
f 2697/2697/2697 2698/2698/2698 2699/2699/2699
f 2697/2697/2697 2699/2699/2699 2700/2700/2700
f 2696/2696/2696 2695/2695/2695 2701/2701/2701
f 2696/2696/2696 2701/2701/2701 2702/2702/2702
f 2703/2703/2703 2704/2704/2704 2686/2686/2686
f 2703/2703/2703 2686/2686/2686 2685/2685/2685
f 2694/2694/2694 2693/2693/2693 2698/2698/2698
f 2694/2694/2694 2698/2698/2698 2697/2697/2697
f 2702/2702/2702 2701/2701/2701 2705/2705/2705
f 2702/2702/2702 2705/2705/2705 2706/2706/2706
f 2707/2707/2707 2708/2708/2708 2674/2674/2674
f 2707/2707/2707 2674/2674/2674 2673/2673/2673
f 2700/2700/2700 2699/2699/2699 2690/2690/2690
f 2700/2700/2700 2690/2690/2690 2689/2689/2689
f 2706/2706/2706 2705/2705/2705 2678/2678/2678
f 2706/2706/2706 2678/2678/2678 2677/2677/2677
f 2684/2684/2684 2683/2683/2683 2704/2704/2704
f 2684/2684/2684 2704/2704/2704 2703/2703/2703
f 2709/2709/2709 2710/2710/2710 2711/2711/2711
f 2709/2709/2709 2711/2711/2711 2712/2712/2712
f 2713/2713/2713 2714/2714/2714 2715/2715/2715
f 2713/2713/2713 2715/2715/2715 2716/2716/2716
f 2717/2717/2717 2718/2718/2718 2719/2719/2719
f 2717/2717/2717 2719/2719/2719 2720/2720/2720
f 2721/2721/2721 2722/2722/2722 2723/2723/2723
f 2721/2721/2721 2723/2723/2723 2724/2724/2724
f 2725/2725/2725 2717/2717/2717 2720/2720/2720
f 2725/2725/2725 2720/2720/2720 2726/2726/2726
f 2722/2722/2722 2727/2727/2727 2728/2728/2728
f 2722/2722/2722 2728/2728/2728 2723/2723/2723
f 2710/2710/2710 2729/2729/2729 2730/2730/2730
f 2710/2710/2710 2730/2730/2730 2711/2711/2711
f 2727/2727/2727 2731/2731/2731 2732/2732/2732
f 2727/2727/2727 2732/2732/2732 2728/2728/2728
f 2733/2733/2733 2734/2734/2734 2735/2735/2735
f 2733/2733/2733 2735/2735/2735 2736/2736/2736
f 2731/2731/2731 2737/2737/2737 2738/2738/2738
f 2731/2731/2731 2738/2738/2738 2732/2732/2732
f 2739/2739/2739 2721/2721/2721 2724/2724/2724
f 2739/2739/2739 2724/2724/2724 2740/2740/2740
f 2729/2729/2729 2733/2733/2733 2736/2736/2736
f 2729/2729/2729 2736/2736/2736 2730/2730/2730
f 2737/2737/2737 2741/2741/2741 2742/2742/2742
f 2737/2737/2737 2742/2742/2742 2738/2738/2738
f 2707/2707/2707 2709/2709/2709 2712/2712/2712
f 2707/2707/2707 2712/2712/2712 2708/2708/2708
f 2734/2734/2734 2725/2725/2725 2726/2726/2726
f 2734/2734/2734 2726/2726/2726 2735/2735/2735
f 2741/2741/2741 2713/2713/2713 2716/2716/2716
f 2741/2741/2741 2716/2716/2716 2742/2742/2742
f 2718/2718/2718 2739/2739/2739 2740/2740/2740
f 2718/2718/2718 2740/2740/2740 2719/2719/2719
f 2743/2743/2743 2744/2744/2744 2745/2745/2745
f 2743/2743/2743 2745/2745/2745 2746/2746/2746
f 2747/2747/2747 2748/2748/2748 2749/2749/2749
f 2747/2747/2747 2749/2749/2749 2750/2750/2750
f 2746/2746/2746 2745/2745/2745 2751/2751/2751
f 2746/2746/2746 2751/2751/2751 2752/2752/2752
f 2750/2750/2750 2749/2749/2749 2753/2753/2753
f 2750/2750/2750 2753/2753/2753 2754/2754/2754
f 2752/2752/2752 2751/2751/2751 2755/2755/2755
f 2752/2752/2752 2755/2755/2755 2756/2756/2756
f 2754/2754/2754 2753/2753/2753 2757/2757/2757
f 2754/2754/2754 2757/2757/2757 2758/2758/2758
f 2756/2756/2756 2755/2755/2755 2759/2759/2759
f 2756/2756/2756 2759/2759/2759 2760/2760/2760
f 2758/2758/2758 2757/2757/2757 2761/2761/2761
f 2758/2758/2758 2761/2761/2761 2762/2762/2762
f 2760/2760/2760 2759/2759/2759 2763/2763/2763
f 2760/2760/2760 2763/2763/2763 2764/2764/2764
f 2762/2762/2762 2761/2761/2761 2765/2765/2765
f 2762/2762/2762 2765/2765/2765 2766/2766/2766
f 2767/2767/2767 2768/2768/2768 2769/2769/2769
f 2767/2767/2767 2769/2769/2769 2770/2770/2770
f 2766/2766/2766 2765/2765/2765 2771/2771/2771
f 2766/2766/2766 2771/2771/2771 2772/2772/2772
f 2770/2770/2770 2769/2769/2769 2773/2773/2773
f 2770/2770/2770 2773/2773/2773 2774/2774/2774
f 2772/2772/2772 2771/2771/2771 2744/2744/2744
f 2772/2772/2772 2744/2744/2744 2743/2743/2743
f 2774/2774/2774 2773/2773/2773 2748/2748/2748
f 2774/2774/2774 2748/2748/2748 2747/2747/2747
f 2775/2775/2775 2776/2776/2776 2777/2777/2777
f 2775/2775/2775 2777/2777/2777 2778/2778/2778
f 2779/2779/2779 2780/2780/2780 2781/2781/2781
f 2779/2779/2779 2781/2781/2781 2782/2782/2782
f 2776/2776/2776 2783/2783/2783 2784/2784/2784
f 2776/2776/2776 2784/2784/2784 2777/2777/2777
f 2780/2780/2780 2785/2785/2785 2786/2786/2786
f 2780/2780/2780 2786/2786/2786 2781/2781/2781
f 2783/2783/2783 2787/2787/2787 2788/2788/2788
f 2783/2783/2783 2788/2788/2788 2784/2784/2784
f 2785/2785/2785 2789/2789/2789 2790/2790/2790
f 2785/2785/2785 2790/2790/2790 2786/2786/2786
f 2787/2787/2787 2791/2791/2791 2792/2792/2792
f 2787/2787/2787 2792/2792/2792 2788/2788/2788
f 2789/2789/2789 2793/2793/2793 2794/2794/2794
f 2789/2789/2789 2794/2794/2794 2790/2790/2790
f 2791/2791/2791 2795/2795/2795 2796/2796/2796
f 2791/2791/2791 2796/2796/2796 2792/2792/2792
f 2793/2793/2793 2797/2797/2797 2798/2798/2798
f 2793/2793/2793 2798/2798/2798 2794/2794/2794
f 2767/2767/2767 2799/2799/2799 2800/2800/2800
f 2767/2767/2767 2800/2800/2800 2768/2768/2768
f 2797/2797/2797 2801/2801/2801 2802/2802/2802
f 2797/2797/2797 2802/2802/2802 2798/2798/2798
f 2799/2799/2799 2803/2803/2803 2804/2804/2804
f 2799/2799/2799 2804/2804/2804 2800/2800/2800
f 2801/2801/2801 2775/2775/2775 2778/2778/2778
f 2801/2801/2801 2778/2778/2778 2802/2802/2802
f 2803/2803/2803 2779/2779/2779 2782/2782/2782
f 2803/2803/2803 2782/2782/2782 2804/2804/2804
f 2805/2805/2805 2806/2806/2806 2807/2807/2807
f 2805/2805/2805 2807/2807/2807 2808/2808/2808
f 2809/2809/2809 2810/2810/2810 2811/2811/2811
f 2809/2809/2809 2811/2811/2811 2812/2812/2812
f 2813/2813/2813 2814/2814/2814 2815/2815/2815
f 2813/2813/2813 2815/2815/2815 2816/2816/2816
f 2817/2817/2817 2818/2818/2818 2819/2819/2819
f 2817/2817/2817 2819/2819/2819 2820/2820/2820
f 2821/2821/2821 2805/2805/2805 2808/2808/2808
f 2821/2821/2821 2808/2808/2808 2822/2822/2822
f 2810/2810/2810 2823/2823/2823 2824/2824/2824
f 2810/2810/2810 2824/2824/2824 2811/2811/2811
f 2825/2825/2825 2813/2813/2813 2816/2816/2816
f 2825/2825/2825 2816/2816/2816 2826/2826/2826
f 2827/2827/2827 2828/2828/2828 2829/2829/2829
f 2827/2827/2827 2829/2829/2829 2830/2830/2830
f 2831/2831/2831 2832/2832/2832 2833/2833/2833
f 2831/2831/2831 2833/2833/2833 2834/2834/2834
f 2835/2835/2835 2836/2836/2836 2837/2837/2837
f 2835/2835/2835 2837/2837/2837 2838/2838/2838
f 2839/2839/2839 2825/2825/2825 2826/2826/2826
f 2839/2839/2839 2826/2826/2826 2840/2840/2840
f 2841/2841/2841 2817/2817/2817 2820/2820/2820
f 2841/2841/2841 2820/2820/2820 2842/2842/2842
f 2832/2832/2832 2843/2843/2843 2844/2844/2844
f 2832/2832/2832 2844/2844/2844 2833/2833/2833
f 2845/2845/2845 2809/2809/2809 2812/2812/2812
f 2845/2845/2845 2812/2812/2812 2846/2846/2846
f 2847/2847/2847 2839/2839/2839 2840/2840/2840
f 2847/2847/2847 2840/2840/2840 2848/2848/2848
f 2849/2849/2849 2850/2850/2850 2851/2851/2851
f 2849/2849/2849 2851/2851/2851 2852/2852/2852
f 2843/2843/2843 2853/2853/2853 2854/2854/2854
f 2843/2843/2843 2854/2854/2854 2844/2844/2844
f 2855/2855/2855 2845/2845/2845 2846/2846/2846
f 2855/2855/2855 2846/2846/2846 2856/2856/2856
f 2857/2857/2857 2847/2847/2847 2848/2848/2848
f 2857/2857/2857 2848/2848/2848 2858/2858/2858
f 2818/2818/2818 2859/2859/2859 2860/2860/2860
f 2818/2818/2818 2860/2860/2860 2819/2819/2819
f 2853/2853/2853 2861/2861/2861 2862/2862/2862
f 2853/2853/2853 2862/2862/2862 2854/2854/2854
f 2863/2863/2863 2855/2855/2855 2856/2856/2856
f 2863/2863/2863 2856/2856/2856 2864/2864/2864
f 2865/2865/2865 2857/2857/2857 2858/2858/2858
f 2865/2865/2865 2858/2858/2858 2866/2866/2866
f 2859/2859/2859 2867/2867/2867 2868/2868/2868
f 2859/2859/2859 2868/2868/2868 2860/2860/2860
f 2861/2861/2861 2869/2869/2869 2870/2870/2870
f 2861/2861/2861 2870/2870/2870 2862/2862/2862
f 2871/2871/2871 2863/2863/2863 2864/2864/2864
f 2871/2871/2871 2864/2864/2864 2872/2872/2872
f 2867/2867/2867 2873/2873/2873 2874/2874/2874
f 2867/2867/2867 2874/2874/2874 2868/2868/2868
f 2869/2869/2869 2875/2875/2875 2876/2876/2876
f 2869/2869/2869 2876/2876/2876 2870/2870/2870
f 2877/2877/2877 2871/2871/2871 2872/2872/2872
f 2877/2877/2877 2872/2872/2872 2878/2878/2878
f 2873/2873/2873 2879/2879/2879 2880/2880/2880
f 2873/2873/2873 2880/2880/2880 2874/2874/2874
f 2875/2875/2875 2881/2881/2881 2882/2882/2882
f 2875/2875/2875 2882/2882/2882 2876/2876/2876
f 2836/2836/2836 2877/2877/2877 2878/2878/2878
f 2836/2836/2836 2878/2878/2878 2837/2837/2837
f 2879/2879/2879 2883/2883/2883 2884/2884/2884
f 2879/2879/2879 2884/2884/2884 2880/2880/2880
f 2881/2881/2881 2885/2885/2885 2886/2886/2886
f 2881/2881/2881 2886/2886/2886 2882/2882/2882
f 2887/2887/2887 2888/2888/2888 2889/2889/2889
f 2887/2887/2887 2889/2889/2889 2890/2890/2890
f 2883/2883/2883 2849/2849/2849 2852/2852/2852
f 2883/2883/2883 2852/2852/2852 2884/2884/2884
f 2885/2885/2885 2891/2891/2891 2892/2892/2892
f 2885/2885/2885 2892/2892/2892 2886/2886/2886
f 2823/2823/2823 2893/2893/2893 2894/2894/2894
f 2823/2823/2823 2894/2894/2894 2824/2824/2824
f 2828/2828/2828 2895/2895/2895 2896/2896/2896
f 2828/2828/2828 2896/2896/2896 2829/2829/2829
f 2891/2891/2891 2897/2897/2897 2898/2898/2898
f 2891/2891/2891 2898/2898/2898 2892/2892/2892
f 2893/2893/2893 2899/2899/2899 2900/2900/2900
f 2893/2893/2893 2900/2900/2900 2894/2894/2894
f 2901/2901/2901 2841/2841/2841 2842/2842/2842
f 2901/2901/2901 2842/2842/2842 2902/2902/2902
f 2897/2897/2897 2903/2903/2903 2904/2904/2904
f 2897/2897/2897 2904/2904/2904 2898/2898/2898
f 2905/2905/2905 2887/2887/2887 2890/2890/2890
f 2905/2905/2905 2890/2890/2890 2906/2906/2906
f 2907/2907/2907 2901/2901/2901 2902/2902/2902
f 2907/2907/2907 2902/2902/2902 2908/2908/2908
f 2903/2903/2903 2909/2909/2909 2910/2910/2910
f 2903/2903/2903 2910/2910/2910 2904/2904/2904
f 2911/2911/2911 2912/2912/2912 2913/2913/2913
f 2911/2911/2911 2913/2913/2913 2914/2914/2914
f 2895/2895/2895 2915/2915/2915 2916/2916/2916
f 2895/2895/2895 2916/2916/2916 2896/2896/2896
f 2912/2912/2912 2905/2905/2905 2906/2906/2906
f 2912/2912/2912 2906/2906/2906 2913/2913/2913
f 2917/2917/2917 2918/2918/2918 2919/2919/2919
f 2917/2917/2917 2919/2919/2919 2920/2920/2920
f 2899/2899/2899 2911/2911/2911 2914/2914/2914
f 2899/2899/2899 2914/2914/2914 2900/2900/2900
f 2915/2915/2915 2917/2917/2917 2920/2920/2920
f 2915/2915/2915 2920/2920/2920 2916/2916/2916
f 2921/2921/2921 2922/2922/2922 2923/2923/2923
f 2921/2921/2921 2923/2923/2923 2924/2924/2924
f 2918/2918/2918 2907/2907/2907 2908/2908/2908
f 2918/2918/2918 2908/2908/2908 2919/2919/2919
f 2925/2925/2925 2926/2926/2926 2927/2927/2927
f 2925/2925/2925 2927/2927/2927 2928/2928/2928
f 2929/2929/2929 2930/2930/2930 2931/2931/2931
f 2929/2929/2929 2931/2931/2931 2932/2932/2932
f 2933/2933/2933 2934/2934/2934 2935/2935/2935
f 2933/2933/2933 2935/2935/2935 2936/2936/2936
f 2937/2937/2937 2821/2821/2821 2822/2822/2822
f 2937/2937/2937 2822/2822/2822 2938/2938/2938
f 2939/2939/2939 2940/2940/2940 2941/2941/2941
f 2939/2939/2939 2941/2941/2941 2942/2942/2942
f 2934/2934/2934 2943/2943/2943 2944/2944/2944
f 2934/2934/2934 2944/2944/2944 2935/2935/2935
f 2943/2943/2943 2945/2945/2945 2946/2946/2946
f 2943/2943/2943 2946/2946/2946 2944/2944/2944
f 2945/2945/2945 2947/2947/2947 2948/2948/2948
f 2945/2945/2945 2948/2948/2948 2946/2946/2946
f 2947/2947/2947 2949/2949/2949 2950/2950/2950
f 2947/2947/2947 2950/2950/2950 2948/2948/2948
f 2951/2951/2951 2952/2952/2952 2953/2953/2953
f 2951/2951/2951 2953/2953/2953 2954/2954/2954
f 2949/2949/2949 2955/2955/2955 2956/2956/2956
f 2949/2949/2949 2956/2956/2956 2950/2950/2950
f 2888/2888/2888 2827/2827/2827 2830/2830/2830
f 2888/2888/2888 2830/2830/2830 2889/2889/2889
f 2955/2955/2955 2957/2957/2957 2958/2958/2958
f 2955/2955/2955 2958/2958/2958 2956/2956/2956
f 2959/2959/2959 2960/2960/2960 2961/2961/2961
f 2959/2959/2959 2961/2961/2961 2962/2962/2962
f 2963/2963/2963 2933/2933/2933 2936/2936/2936
f 2963/2963/2963 2936/2936/2936 2964/2964/2964
f 2965/2965/2965 2966/2966/2966 2967/2967/2967
f 2965/2965/2965 2967/2967/2967 2968/2968/2968
f 2957/2957/2957 2969/2969/2969 2970/2970/2970
f 2957/2957/2957 2970/2970/2970 2958/2958/2958
f 2971/2971/2971 2951/2951/2951 2954/2954/2954
f 2971/2971/2971 2954/2954/2954 2972/2972/2972
f 2973/2973/2973 2963/2963/2963 2964/2964/2964
f 2973/2973/2973 2964/2964/2964 2974/2974/2974
f 2975/2975/2975 2965/2965/2965 2968/2968/2968
f 2975/2975/2975 2968/2968/2968 2976/2976/2976
f 2969/2969/2969 2977/2977/2977 2978/2978/2978
f 2969/2969/2969 2978/2978/2978 2970/2970/2970
f 2960/2960/2960 2979/2979/2979 2980/2980/2980
f 2960/2960/2960 2980/2980/2980 2961/2961/2961
f 2981/2981/2981 2973/2973/2973 2974/2974/2974
f 2981/2981/2981 2974/2974/2974 2982/2982/2982
f 2983/2983/2983 2984/2984/2984 2985/2985/2985
f 2983/2983/2983 2985/2985/2985 2986/2986/2986
f 2977/2977/2977 2987/2987/2987 2988/2988/2988
f 2977/2977/2977 2988/2988/2988 2978/2978/2978
f 2989/2989/2989 2990/2990/2990 2991/2991/2991
f 2989/2989/2989 2991/2991/2991 2992/2992/2992
f 2993/2993/2993 2981/2981/2981 2982/2982/2982
f 2993/2993/2993 2982/2982/2982 2994/2994/2994
f 2966/2966/2966 2995/2995/2995 2996/2996/2996
f 2966/2966/2966 2996/2996/2996 2967/2967/2967
f 2987/2987/2987 2997/2997/2997 2998/2998/2998
f 2987/2987/2987 2998/2998/2998 2988/2988/2988
f 2999/2999/2999 2959/2959/2959 2962/2962/2962
f 2999/2999/2999 2962/2962/2962 3000/3000/3000
f 3001/3001/3001 2993/2993/2993 2994/2994/2994
f 3001/3001/3001 2994/2994/2994 3002/3002/3002
f 2995/2995/2995 3003/3003/3003 3004/3004/3004
f 2995/2995/2995 3004/3004/3004 2996/2996/2996
f 2997/2997/2997 3005/3005/3005 3006/3006/3006
f 2997/2997/2997 3006/3006/3006 2998/2998/2998
f 3007/3007/3007 2999/2999/2999 3000/3000/3000
f 3007/3007/3007 3000/3000/3000 3008/3008/3008
f 3009/3009/3009 3001/3001/3001 3002/3002/3002
f 3009/3009/3009 3002/3002/3002 3010/3010/3010
f 3003/3003/3003 3011/3011/3011 3012/3012/3012
f 3003/3003/3003 3012/3012/3012 3004/3004/3004
f 3005/3005/3005 3013/3013/3013 3014/3014/3014
f 3005/3005/3005 3014/3014/3014 3006/3006/3006
f 3015/3015/3015 3007/3007/3007 3008/3008/3008
f 3015/3015/3015 3008/3008/3008 3016/3016/3016
f 3017/3017/3017 3009/3009/3009 3010/3010/3010
f 3017/3017/3017 3010/3010/3010 3018/3018/3018
f 3011/3011/3011 3019/3019/3019 3020/3020/3020
f 3011/3011/3011 3020/3020/3020 3012/3012/3012
f 3013/3013/3013 3021/3021/3021 3022/3022/3022
f 3013/3013/3013 3022/3022/3022 3014/3014/3014
f 3023/3023/3023 3015/3015/3015 3016/3016/3016
f 3023/3023/3023 3016/3016/3016 3024/3024/3024
f 3025/3025/3025 3017/3017/3017 3018/3018/3018
f 3025/3025/3025 3018/3018/3018 3026/3026/3026
f 3019/3019/3019 3027/3027/3027 3028/3028/3028
f 3019/3019/3019 3028/3028/3028 3020/3020/3020
f 3029/3029/3029 3030/3030/3030 3031/3031/3031
f 3029/3029/3029 3031/3031/3031 3032/3032/3032
f 3033/3033/3033 3023/3023/3023 3024/3024/3024
f 3033/3033/3033 3024/3024/3024 3034/3034/3034
f 3035/3035/3035 3025/3025/3025 3026/3026/3026
f 3035/3035/3035 3026/3026/3026 3036/3036/3036
f 3027/3027/3027 3037/3037/3037 3038/3038/3038
f 3027/3027/3027 3038/3038/3038 3028/3028/3028
f 3039/3039/3039 3040/3040/3040 3041/3041/3041
f 3039/3039/3039 3041/3041/3041 3042/3042/3042
f 3043/3043/3043 3033/3033/3033 3034/3034/3034
f 3043/3043/3043 3034/3034/3034 3044/3044/3044
f 3045/3045/3045 3035/3035/3035 3036/3036/3036
f 3045/3045/3045 3036/3036/3036 3046/3046/3046
f 2952/2952/2952 3047/3047/3047 3048/3048/3048
f 2952/2952/2952 3048/3048/3048 2953/2953/2953
f 3040/3040/3040 2937/2937/2937 2938/2938/2938
f 3040/3040/3040 2938/2938/2938 3041/3041/3041
f 3049/3049/3049 2971/2971/2971 2972/2972/2972
f 3049/3049/3049 2972/2972/2972 3050/3050/3050
f 3051/3051/3051 3045/3045/3045 3046/3046/3046
f 3051/3051/3051 3046/3046/3046 3052/3052/3052
f 3053/3053/3053 2975/2975/2975 2976/2976/2976
f 3053/3053/3053 2976/2976/2976 3054/3054/3054
f 3055/3055/3055 3039/3039/3039 3042/3042/3042
f 3055/3055/3055 3042/3042/3042 3056/3056/3056
f 2979/2979/2979 3057/3057/3057 3058/3058/3058
f 2979/2979/2979 3058/3058/3058 2980/2980/2980
f 3059/3059/3059 3051/3051/3051 3052/3052/3052
f 3059/3059/3059 3052/3052/3052 3060/3060/3060
f 3061/3061/3061 3053/3053/3053 3054/3054/3054
f 3061/3061/3061 3054/3054/3054 3062/3062/3062
f 3063/3063/3063 3055/3055/3055 3056/3056/3056
f 3063/3063/3063 3056/3056/3056 3064/3064/3064
f 3057/3057/3057 3065/3065/3065 3066/3066/3066
f 3057/3057/3057 3066/3066/3066 3058/3058/3058
f 3067/3067/3067 3059/3059/3059 3060/3060/3060
f 3067/3067/3067 3060/3060/3060 3068/3068/3068
f 3047/3047/3047 3069/3069/3069 3070/3070/3070
f 3047/3047/3047 3070/3070/3070 3048/3048/3048
f 3071/3071/3071 3063/3063/3063 3064/3064/3064
f 3071/3071/3071 3064/3064/3064 3072/3072/3072
f 3073/3073/3073 3049/3049/3049 3050/3050/3050
f 3073/3073/3073 3050/3050/3050 3074/3074/3074
f 3075/3075/3075 3067/3067/3067 3068/3068/3068
f 3075/3075/3075 3068/3068/3068 3076/3076/3076
f 3077/3077/3077 3078/3078/3078 3079/3079/3079
f 3077/3077/3077 3079/3079/3079 3080/3080/3080
f 3081/3081/3081 3071/3071/3071 3072/3072/3072
f 3081/3081/3081 3072/3072/3072 3082/3082/3082
f 3083/3083/3083 3084/3084/3084 3085/3085/3085
f 3083/3083/3083 3085/3085/3085 3086/3086/3086
f 3087/3087/3087 3088/3088/3088 3089/3089/3089
f 3087/3087/3087 3089/3089/3089 3090/3090/3090
f 3069/3069/3069 3091/3091/3091 3092/3092/3092
f 3069/3069/3069 3092/3092/3092 3070/3070/3070
f 3093/3093/3093 3081/3081/3081 3082/3082/3082
f 3093/3093/3093 3082/3082/3082 3094/3094/3094
f 3095/3095/3095 3073/3073/3073 3074/3074/3074
f 3095/3095/3095 3074/3074/3074 3096/3096/3096
f 2806/2806/2806 2831/2831/2831 2834/2834/2834
f 2806/2806/2806 2834/2834/2834 2807/2807/2807
f 3078/3078/3078 3061/3061/3061 3062/3062/3062
f 3078/3078/3078 3062/3062/3062 3079/3079/3079
f 2814/2814/2814 3093/3093/3093 3094/3094/3094
f 2814/2814/2814 3094/3094/3094 2815/2815/2815
f 3065/3065/3065 3083/3083/3083 3086/3086/3086
f 3065/3065/3065 3086/3086/3086 3066/3066/3066
f 3097/3097/3097 3098/3098/3098 3099/3099/3099
f 3097/3097/3097 3099/3099/3099 3100/3100/3100
f 3101/3101/3101 3102/3102/3102 3103/3103/3103
f 3101/3101/3101 3103/3103/3103 3104/3104/3104
f 3105/3105/3105 3106/3106/3106 3107/3107/3107
f 3105/3105/3105 3107/3107/3107 3108/3108/3108
f 3109/3109/3109 3110/3110/3110 3111/3111/3111
f 3109/3109/3109 3111/3111/3111 3112/3112/3112
f 3113/3113/3113 3114/3114/3114 3115/3115/3115
f 3113/3113/3113 3115/3115/3115 3116/3116/3116
f 3117/3117/3117 3118/3118/3118 3119/3119/3119
f 3117/3117/3117 3119/3119/3119 3120/3120/3120
f 3121/3121/3121 3122/3122/3122 3123/3123/3123
f 3121/3121/3121 3123/3123/3123 3124/3124/3124
f 3125/3125/3125 3126/3126/3126 3127/3127/3127
f 3125/3125/3125 3127/3127/3127 3128/3128/3128
f 3129/3129/3129 3130/3130/3130 3131/3131/3131
f 3129/3129/3129 3131/3131/3131 3132/3132/3132
f 3133/3133/3133 3134/3134/3134 3135/3135/3135
f 3133/3133/3133 3135/3135/3135 3136/3136/3136
f 3137/3137/3137 3138/3138/3138 3139/3139/3139
f 3137/3137/3137 3139/3139/3139 3140/3140/3140
f 3141/3141/3141 3142/3142/3142 3143/3143/3143
f 3141/3141/3141 3143/3143/3143 3144/3144/3144
f 3145/3145/3145 3146/3146/3146 3147/3147/3147
f 3145/3145/3145 3147/3147/3147 3148/3148/3148
f 3149/3149/3149 3150/3150/3150 3151/3151/3151
f 3149/3149/3149 3151/3151/3151 3152/3152/3152
f 3153/3153/3153 3154/3154/3154 3155/3155/3155
f 3153/3153/3153 3155/3155/3155 3156/3156/3156
f 3157/3157/3157 3158/3158/3158 3159/3159/3159
f 3157/3157/3157 3159/3159/3159 3160/3160/3160
f 3161/3161/3161 3162/3162/3162 3163/3163/3163
f 3161/3161/3161 3163/3163/3163 3164/3164/3164
f 3165/3165/3165 3166/3166/3166 3167/3167/3167
f 3165/3165/3165 3167/3167/3167 3168/3168/3168
f 3169/3169/3169 3170/3170/3170 3171/3171/3171
f 3169/3169/3169 3171/3171/3171 3172/3172/3172
f 3173/3173/3173 3174/3174/3174 3175/3175/3175
f 3173/3173/3173 3175/3175/3175 3176/3176/3176
f 3177/3177/3177 3178/3178/3178 3179/3179/3179
f 3177/3177/3177 3179/3179/3179 3180/3180/3180
f 3181/3181/3181 3182/3182/3182 3183/3183/3183
f 3181/3181/3181 3183/3183/3183 3184/3184/3184
f 3185/3185/3185 3186/3186/3186 3187/3187/3187
f 3185/3185/3185 3187/3187/3187 3188/3188/3188
f 3189/3189/3189 3190/3190/3190 3191/3191/3191
f 3189/3189/3189 3191/3191/3191 3192/3192/3192
f 3193/3193/3193 3194/3194/3194 3195/3195/3195
f 3193/3193/3193 3195/3195/3195 3196/3196/3196
f 3194/3194/3194 3197/3197/3197 3198/3198/3198
f 3194/3194/3194 3198/3198/3198 3195/3195/3195
f 3197/3197/3197 3199/3199/3199 3200/3200/3200
f 3197/3197/3197 3200/3200/3200 3198/3198/3198
f 3199/3199/3199 3201/3201/3201 3202/3202/3202
f 3199/3199/3199 3202/3202/3202 3200/3200/3200
f 3203/3203/3203 3204/3204/3204 3205/3205/3205
f 3203/3203/3203 3205/3205/3205 3206/3206/3206
f 3207/3207/3207 3208/3208/3208 3209/3209/3209
f 3207/3207/3207 3209/3209/3209 3210/3210/3210
f 3211/3211/3211 3212/3212/3212 3213/3213/3213
f 3211/3211/3211 3213/3213/3213 3214/3214/3214
f 3215/3215/3215 3216/3216/3216 3217/3217/3217
f 3215/3215/3215 3217/3217/3217 3218/3218/3218
f 3219/3219/3219 3220/3220/3220 3221/3221/3221
f 3219/3219/3219 3221/3221/3221 3222/3222/3222
f 3223/3223/3223 3224/3224/3224 3225/3225/3225
f 3223/3223/3223 3225/3225/3225 3226/3226/3226
f 3227/3227/3227 3228/3228/3228 3229/3229/3229
f 3227/3227/3227 3229/3229/3229 3230/3230/3230
f 3231/3231/3231 3232/3232/3232 3233/3233/3233
f 3231/3231/3231 3233/3233/3233 3234/3234/3234
f 3235/3235/3235 3236/3236/3236 3237/3237/3237
f 3235/3235/3235 3237/3237/3237 3238/3238/3238
f 3239/3239/3239 3240/3240/3240 3241/3241/3241
f 3239/3239/3239 3241/3241/3241 3242/3242/3242
f 3243/3243/3243 3244/3244/3244 3245/3245/3245
f 3243/3243/3243 3245/3245/3245 3246/3246/3246
f 3247/3247/3247 3248/3248/3248 3249/3249/3249
f 3247/3247/3247 3249/3249/3249 3250/3250/3250
f 3251/3251/3251 3252/3252/3252 3253/3253/3253
f 3251/3251/3251 3253/3253/3253 3254/3254/3254
f 3255/3255/3255 3256/3256/3256 3257/3257/3257
f 3255/3255/3255 3257/3257/3257 3258/3258/3258
f 3259/3259/3259 3260/3260/3260 3261/3261/3261
f 3259/3259/3259 3261/3261/3261 3262/3262/3262
f 3263/3263/3263 3264/3264/3264 3265/3265/3265
f 3263/3263/3263 3265/3265/3265 3266/3266/3266
f 3267/3267/3267 3268/3268/3268 3269/3269/3269
f 3267/3267/3267 3269/3269/3269 3270/3270/3270
f 3271/3271/3271 3272/3272/3272 3273/3273/3273
f 3271/3271/3271 3273/3273/3273 3274/3274/3274
f 3275/3275/3275 3276/3276/3276 3277/3277/3277
f 3275/3275/3275 3277/3277/3277 3278/3278/3278
f 3279/3279/3279 3280/3280/3280 3281/3281/3281
f 3279/3279/3279 3281/3281/3281 3282/3282/3282
f 3283/3283/3283 3284/3284/3284 3285/3285/3285
f 3283/3283/3283 3285/3285/3285 3286/3286/3286
f 3287/3287/3287 3288/3288/3288 3289/3289/3289
f 3287/3287/3287 3289/3289/3289 3290/3290/3290
f 3291/3291/3291 3292/3292/3292 3293/3293/3293
f 3291/3291/3291 3293/3293/3293 3294/3294/3294
f 3295/3295/3295 3296/3296/3296 3297/3297/3297
f 3295/3295/3295 3297/3297/3297 3298/3298/3298
f 3299/3299/3299 3300/3300/3300 3301/3301/3301
f 3299/3299/3299 3301/3301/3301 3302/3302/3302
f 3303/3303/3303 3304/3304/3304 3305/3305/3305
f 3303/3303/3303 3305/3305/3305 3306/3306/3306
f 3307/3307/3307 3308/3308/3308 3309/3309/3309
f 3307/3307/3307 3309/3309/3309 3310/3310/3310
f 3311/3311/3311 3312/3312/3312 3313/3313/3313
f 3311/3311/3311 3313/3313/3313 3314/3314/3314
f 3315/3315/3315 253/253/253 243/243/243
f 3315/3315/3315 243/243/243 3316/3316/3316
f 3317/3317/3317 3318/3318/3318 254/254/254
f 3317/3317/3317 254/254/254 263/263/263
f 3319/3319/3319 3320/3320/3320 245/245/245
f 3319/3319/3319 245/245/245 270/270/270
f 3321/3321/3321 280/280/280 271/271/271
f 3321/3321/3321 271/271/271 3322/3322/3322
f 3323/3323/3323 3324/3324/3324 3325/3325/3325
f 3323/3323/3323 3325/3325/3325 3326/3326/3326
f 3327/3327/3327 3328/3328/3328 3329/3329/3329
f 3327/3327/3327 3329/3329/3329 3330/3330/3330
f 3324/3324/3324 3331/3331/3331 3332/3332/3332
f 3324/3324/3324 3332/3332/3332 3325/3325/3325
f 3333/3333/3333 3334/3334/3334 3335/3335/3335
f 3333/3333/3333 3335/3335/3335 3336/3336/3336
f 3337/3337/3337 3338/3338/3338 3339/3339/3339
f 3337/3337/3337 3339/3339/3339 3340/3340/3340
f 3341/3341/3341 3327/3327/3327 3330/3330/3330
f 3341/3341/3341 3330/3330/3330 3342/3342/3342
f 3343/3343/3343 3344/3344/3344 3345/3345/3345
f 3343/3343/3343 3345/3345/3345 3346/3346/3346
f 3347/3347/3347 3348/3348/3348 3349/3349/3349
f 3347/3347/3347 3349/3349/3349 3350/3350/3350
f 3351/3351/3351 3337/3337/3337 3340/3340/3340
f 3351/3351/3351 3340/3340/3340 3352/3352/3352
f 3344/3344/3344 3353/3353/3353 3354/3354/3354
f 3344/3344/3344 3354/3354/3354 3345/3345/3345
f 3355/3355/3355 3356/3356/3356 3357/3357/3357
f 3355/3355/3355 3357/3357/3357 3358/3358/3358
f 3348/3348/3348 3359/3359/3359 3360/3360/3360
f 3348/3348/3348 3360/3360/3360 3349/3349/3349
f 3361/3361/3361 3362/3362/3362 3363/3363/3363
f 3361/3361/3361 3363/3363/3363 3364/3364/3364
f 3365/3365/3365 3351/3351/3351 3352/3352/3352
f 3365/3365/3365 3352/3352/3352 3366/3366/3366
f 3367/3367/3367 3333/3333/3333 3336/3336/3336
f 3367/3367/3367 3336/3336/3336 3368/3368/3368
f 3353/3353/3353 3369/3369/3369 3370/3370/3370
f 3353/3353/3353 3370/3370/3370 3354/3354/3354
f 3338/3338/3338 3371/3371/3371 3372/3372/3372
f 3338/3338/3338 3372/3372/3372 3339/3339/3339
f 3373/3373/3373 3374/3374/3374 3375/3375/3375
f 3373/3373/3373 3375/3375/3375 3376/3376/3376
f 3377/3377/3377 3343/3343/3343 3346/3346/3346
f 3377/3377/3377 3346/3346/3346 3378/3378/3378
f 3371/3371/3371 3323/3323/3323 3326/3326/3326
f 3371/3371/3371 3326/3326/3326 3372/3372/3372
f 3379/3379/3379 3380/3380/3380 3381/3381/3381
f 3379/3379/3379 3381/3381/3381 3382/3382/3382
f 3328/3328/3328 3377/3377/3377 3378/3378/3378
f 3328/3328/3328 3378/3378/3378 3329/3329/3329
f 3383/3383/3383 293/293/293 283/283/283
f 3383/3383/3383 283/283/283 3384/3384/3384
f 3385/3385/3385 3386/3386/3386 294/294/294
f 3385/3385/3385 294/294/294 303/303/303
f 3387/3387/3387 3388/3388/3388 285/285/285
f 3387/3387/3387 285/285/285 310/310/310
f 3389/3389/3389 320/320/320 311/311/311
f 3389/3389/3389 311/311/311 3390/3390/3390
f 3391/3391/3391 3392/3392/3392 3393/3393/3393
f 3391/3391/3391 3393/3393/3393 3394/3394/3394
f 3395/3395/3395 3396/3396/3396 3397/3397/3397
f 3395/3395/3395 3397/3397/3397 3398/3398/3398
f 3392/3392/3392 3399/3399/3399 3400/3400/3400
f 3392/3392/3392 3400/3400/3400 3393/3393/3393
f 3401/3401/3401 3402/3402/3402 3403/3403/3403
f 3401/3401/3401 3403/3403/3403 3404/3404/3404
f 3405/3405/3405 3406/3406/3406 3407/3407/3407
f 3405/3405/3405 3407/3407/3407 3408/3408/3408
f 3409/3409/3409 3395/3395/3395 3398/3398/3398
f 3409/3409/3409 3398/3398/3398 3410/3410/3410
f 3411/3411/3411 3412/3412/3412 3413/3413/3413
f 3411/3411/3411 3413/3413/3413 3414/3414/3414
f 3415/3415/3415 3416/3416/3416 3417/3417/3417
f 3415/3415/3415 3417/3417/3417 3418/3418/3418
f 3419/3419/3419 3405/3405/3405 3408/3408/3408
f 3419/3419/3419 3408/3408/3408 3420/3420/3420
f 3412/3412/3412 3421/3421/3421 3422/3422/3422
f 3412/3412/3412 3422/3422/3422 3413/3413/3413
f 3423/3423/3423 3424/3424/3424 3425/3425/3425
f 3423/3423/3423 3425/3425/3425 3426/3426/3426
f 3416/3416/3416 3427/3427/3427 3428/3428/3428
f 3416/3416/3416 3428/3428/3428 3417/3417/3417
f 3429/3429/3429 3430/3430/3430 3431/3431/3431
f 3429/3429/3429 3431/3431/3431 3432/3432/3432
f 3433/3433/3433 3419/3419/3419 3420/3420/3420
f 3433/3433/3433 3420/3420/3420 3434/3434/3434
f 3435/3435/3435 3401/3401/3401 3404/3404/3404
f 3435/3435/3435 3404/3404/3404 3436/3436/3436
f 3421/3421/3421 3437/3437/3437 3438/3438/3438
f 3421/3421/3421 3438/3438/3438 3422/3422/3422
f 3406/3406/3406 3439/3439/3439 3440/3440/3440
f 3406/3406/3406 3440/3440/3440 3407/3407/3407
f 3441/3441/3441 3442/3442/3442 3443/3443/3443
f 3441/3441/3441 3443/3443/3443 3444/3444/3444
f 3445/3445/3445 3411/3411/3411 3414/3414/3414
f 3445/3445/3445 3414/3414/3414 3446/3446/3446
f 3439/3439/3439 3391/3391/3391 3394/3394/3394
f 3439/3439/3439 3394/3394/3394 3440/3440/3440
f 3447/3447/3447 3448/3448/3448 3449/3449/3449
f 3447/3447/3447 3449/3449/3449 3450/3450/3450
f 3396/3396/3396 3445/3445/3445 3446/3446/3446
f 3396/3396/3396 3446/3446/3446 3397/3397/3397
f 3451/3451/3451 3452/3452/3452 3332/3332/3332
f 3451/3451/3451 3332/3332/3332 3331/3331/3331
f 3453/3453/3453 3341/3341/3341 3342/3342/3342
f 3453/3453/3453 3342/3342/3342 3454/3454/3454
f 3455/3455/3455 3456/3456/3456 3400/3400/3400
f 3455/3455/3455 3400/3400/3400 3399/3399/3399
f 3457/3457/3457 3409/3409/3409 3410/3410/3410
f 3457/3457/3457 3410/3410/3410 3458/3458/3458
f 3459/3459/3459 3460/3460/3460 3461/3461/3461
f 3459/3459/3459 3461/3461/3461 3462/3462/3462
f 3463/3463/3463 3464/3464/3464 3465/3465/3465
f 3463/3463/3463 3465/3465/3465 3466/3466/3466
f 3467/3467/3467 3468/3468/3468 3469/3469/3469
f 3467/3467/3467 3469/3469/3469 3470/3470/3470
f 3471/3471/3471 3472/3472/3472 3473/3473/3473
f 3471/3471/3471 3473/3473/3473 3474/3474/3474
f 3475/3475/3475 3467/3467/3467 3470/3470/3470
f 3475/3475/3475 3470/3470/3470 3476/3476/3476
f 3472/3472/3472 3477/3477/3477 3478/3478/3478
f 3472/3472/3472 3478/3478/3478 3473/3473/3473
f 3460/3460/3460 3479/3479/3479 3480/3480/3480
f 3460/3460/3460 3480/3480/3480 3461/3461/3461
f 3477/3477/3477 3481/3481/3481 3482/3482/3482
f 3477/3477/3477 3482/3482/3482 3478/3478/3478
f 3483/3483/3483 3484/3484/3484 3485/3485/3485
f 3483/3483/3483 3485/3485/3485 3486/3486/3486
f 3481/3481/3481 3487/3487/3487 3488/3488/3488
f 3481/3481/3481 3488/3488/3488 3482/3482/3482
f 3489/3489/3489 3471/3471/3471 3474/3474/3474
f 3489/3489/3489 3474/3474/3474 3490/3490/3490
f 3479/3479/3479 3483/3483/3483 3486/3486/3486
f 3479/3479/3479 3486/3486/3486 3480/3480/3480
f 3487/3487/3487 3491/3491/3491 3492/3492/3492
f 3487/3487/3487 3492/3492/3492 3488/3488/3488
f 3493/3493/3493 3459/3459/3459 3462/3462/3462
f 3493/3493/3493 3462/3462/3462 3494/3494/3494
f 3484/3484/3484 3475/3475/3475 3476/3476/3476
f 3484/3484/3484 3476/3476/3476 3485/3485/3485
f 3491/3491/3491 3463/3463/3463 3466/3466/3466
f 3491/3491/3491 3466/3466/3466 3492/3492/3492
f 3468/3468/3468 3489/3489/3489 3490/3490/3490
f 3468/3468/3468 3490/3490/3490 3469/3469/3469
f 3495/3495/3495 3496/3496/3496 3497/3497/3497
f 3495/3495/3495 3497/3497/3497 3498/3498/3498
f 3499/3499/3499 3500/3500/3500 3501/3501/3501
f 3499/3499/3499 3501/3501/3501 3502/3502/3502
f 3503/3503/3503 3504/3504/3504 3505/3505/3505
f 3503/3503/3503 3505/3505/3505 3506/3506/3506
f 3507/3507/3507 3508/3508/3508 3509/3509/3509
f 3507/3507/3507 3509/3509/3509 3510/3510/3510
f 3511/3511/3511 3512/3512/3512 3504/3504/3504
f 3511/3511/3511 3504/3504/3504 3503/3503/3503
f 3510/3510/3510 3509/3509/3509 3513/3513/3513
f 3510/3510/3510 3513/3513/3513 3514/3514/3514
f 3498/3498/3498 3497/3497/3497 3515/3515/3515
f 3498/3498/3498 3515/3515/3515 3516/3516/3516
f 3514/3514/3514 3513/3513/3513 3517/3517/3517
f 3514/3514/3514 3517/3517/3517 3518/3518/3518
f 3519/3519/3519 3520/3520/3520 3521/3521/3521
f 3519/3519/3519 3521/3521/3521 3522/3522/3522
f 3518/3518/3518 3517/3517/3517 3523/3523/3523
f 3518/3518/3518 3523/3523/3523 3524/3524/3524
f 3525/3525/3525 3526/3526/3526 3508/3508/3508
f 3525/3525/3525 3508/3508/3508 3507/3507/3507
f 3516/3516/3516 3515/3515/3515 3520/3520/3520
f 3516/3516/3516 3520/3520/3520 3519/3519/3519
f 3524/3524/3524 3523/3523/3523 3527/3527/3527
f 3524/3524/3524 3527/3527/3527 3528/3528/3528
f 3493/3493/3493 3494/3494/3494 3496/3496/3496
f 3493/3493/3493 3496/3496/3496 3495/3495/3495
f 3522/3522/3522 3521/3521/3521 3512/3512/3512
f 3522/3522/3522 3512/3512/3512 3511/3511/3511
f 3528/3528/3528 3527/3527/3527 3500/3500/3500
f 3528/3528/3528 3500/3500/3500 3499/3499/3499
f 3506/3506/3506 3505/3505/3505 3526/3526/3526
f 3506/3506/3506 3526/3526/3526 3525/3525/3525
f 3529/3529/3529 3530/3530/3530 3531/3531/3531
f 3529/3529/3529 3531/3531/3531 3532/3532/3532
f 3533/3533/3533 3534/3534/3534 3535/3535/3535
f 3533/3533/3533 3535/3535/3535 3536/3536/3536
f 3530/3530/3530 3537/3537/3537 3538/3538/3538
f 3530/3530/3530 3538/3538/3538 3531/3531/3531
f 3534/3534/3534 3539/3539/3539 3540/3540/3540
f 3534/3534/3534 3540/3540/3540 3535/3535/3535
f 3537/3537/3537 3541/3541/3541 3542/3542/3542
f 3537/3537/3537 3542/3542/3542 3538/3538/3538
f 3539/3539/3539 3543/3543/3543 3544/3544/3544
f 3539/3539/3539 3544/3544/3544 3540/3540/3540
f 3541/3541/3541 3545/3545/3545 3546/3546/3546
f 3541/3541/3541 3546/3546/3546 3542/3542/3542
f 3543/3543/3543 3547/3547/3547 3548/3548/3548
f 3543/3543/3543 3548/3548/3548 3544/3544/3544
f 3545/3545/3545 3549/3549/3549 3550/3550/3550
f 3545/3545/3545 3550/3550/3550 3546/3546/3546
f 3547/3547/3547 3551/3551/3551 3552/3552/3552
f 3547/3547/3547 3552/3552/3552 3548/3548/3548
f 3553/3553/3553 3554/3554/3554 3555/3555/3555
f 3553/3553/3553 3555/3555/3555 3556/3556/3556
f 3551/3551/3551 3557/3557/3557 3558/3558/3558
f 3551/3551/3551 3558/3558/3558 3552/3552/3552
f 3554/3554/3554 3559/3559/3559 3560/3560/3560
f 3554/3554/3554 3560/3560/3560 3555/3555/3555
f 3557/3557/3557 3529/3529/3529 3532/3532/3532
f 3557/3557/3557 3532/3532/3532 3558/3558/3558
f 3559/3559/3559 3533/3533/3533 3536/3536/3536
f 3559/3559/3559 3536/3536/3536 3560/3560/3560
f 3561/3561/3561 3562/3562/3562 3563/3563/3563
f 3561/3561/3561 3563/3563/3563 3564/3564/3564
f 3565/3565/3565 3566/3566/3566 3567/3567/3567
f 3565/3565/3565 3567/3567/3567 3568/3568/3568
f 3564/3564/3564 3563/3563/3563 3569/3569/3569
f 3564/3564/3564 3569/3569/3569 3570/3570/3570
f 3568/3568/3568 3567/3567/3567 3571/3571/3571
f 3568/3568/3568 3571/3571/3571 3572/3572/3572
f 3570/3570/3570 3569/3569/3569 3573/3573/3573
f 3570/3570/3570 3573/3573/3573 3574/3574/3574
f 3572/3572/3572 3571/3571/3571 3575/3575/3575
f 3572/3572/3572 3575/3575/3575 3576/3576/3576
f 3574/3574/3574 3573/3573/3573 3577/3577/3577
f 3574/3574/3574 3577/3577/3577 3578/3578/3578
f 3576/3576/3576 3575/3575/3575 3579/3579/3579
f 3576/3576/3576 3579/3579/3579 3580/3580/3580
f 3578/3578/3578 3577/3577/3577 3581/3581/3581
f 3578/3578/3578 3581/3581/3581 3582/3582/3582
f 3580/3580/3580 3579/3579/3579 3583/3583/3583
f 3580/3580/3580 3583/3583/3583 3584/3584/3584
f 3553/3553/3553 3556/3556/3556 3585/3585/3585
f 3553/3553/3553 3585/3585/3585 3586/3586/3586
f 3584/3584/3584 3583/3583/3583 3587/3587/3587
f 3584/3584/3584 3587/3587/3587 3588/3588/3588
f 3586/3586/3586 3585/3585/3585 3589/3589/3589
f 3586/3586/3586 3589/3589/3589 3590/3590/3590
f 3588/3588/3588 3587/3587/3587 3562/3562/3562
f 3588/3588/3588 3562/3562/3562 3561/3561/3561
f 3590/3590/3590 3589/3589/3589 3566/3566/3566
f 3590/3590/3590 3566/3566/3566 3565/3565/3565
f 3591/3591/3591 3592/3592/3592 3593/3593/3593
f 3591/3591/3591 3593/3593/3593 3594/3594/3594
f 3595/3595/3595 3596/3596/3596 3597/3597/3597
f 3595/3595/3595 3597/3597/3597 3598/3598/3598
f 3599/3599/3599 3600/3600/3600 3601/3601/3601
f 3599/3599/3599 3601/3601/3601 3602/3602/3602
f 3603/3603/3603 3604/3604/3604 3605/3605/3605
f 3603/3603/3603 3605/3605/3605 3606/3606/3606
f 3607/3607/3607 3608/3608/3608 3600/3600/3600
f 3607/3607/3607 3600/3600/3600 3599/3599/3599
f 3606/3606/3606 3605/3605/3605 3609/3609/3609
f 3606/3606/3606 3609/3609/3609 3610/3610/3610
f 3594/3594/3594 3593/3593/3593 3611/3611/3611
f 3594/3594/3594 3611/3611/3611 3612/3612/3612
f 3610/3610/3610 3609/3609/3609 3613/3613/3613
f 3610/3610/3610 3613/3613/3613 3614/3614/3614
f 3615/3615/3615 3616/3616/3616 3617/3617/3617
f 3615/3615/3615 3617/3617/3617 3618/3618/3618
f 3614/3614/3614 3613/3613/3613 3619/3619/3619
f 3614/3614/3614 3619/3619/3619 3620/3620/3620
f 3621/3621/3621 3622/3622/3622 3604/3604/3604
f 3621/3621/3621 3604/3604/3604 3603/3603/3603
f 3612/3612/3612 3611/3611/3611 3616/3616/3616
f 3612/3612/3612 3616/3616/3616 3615/3615/3615
f 3620/3620/3620 3619/3619/3619 3623/3623/3623
f 3620/3620/3620 3623/3623/3623 3624/3624/3624
f 3625/3625/3625 3626/3626/3626 3592/3592/3592
f 3625/3625/3625 3592/3592/3592 3591/3591/3591
f 3618/3618/3618 3617/3617/3617 3608/3608/3608
f 3618/3618/3618 3608/3608/3608 3607/3607/3607
f 3624/3624/3624 3623/3623/3623 3596/3596/3596
f 3624/3624/3624 3596/3596/3596 3595/3595/3595
f 3602/3602/3602 3601/3601/3601 3622/3622/3622
f 3602/3602/3602 3622/3622/3622 3621/3621/3621
f 3627/3627/3627 3628/3628/3628 3629/3629/3629
f 3627/3627/3627 3629/3629/3629 3630/3630/3630
f 3631/3631/3631 3632/3632/3632 3633/3633/3633
f 3631/3631/3631 3633/3633/3633 3634/3634/3634
f 3635/3635/3635 3636/3636/3636 3637/3637/3637
f 3635/3635/3635 3637/3637/3637 3638/3638/3638
f 3639/3639/3639 3640/3640/3640 3641/3641/3641
f 3639/3639/3639 3641/3641/3641 3642/3642/3642
f 3643/3643/3643 3635/3635/3635 3638/3638/3638
f 3643/3643/3643 3638/3638/3638 3644/3644/3644
f 3640/3640/3640 3645/3645/3645 3646/3646/3646
f 3640/3640/3640 3646/3646/3646 3641/3641/3641
f 3628/3628/3628 3647/3647/3647 3648/3648/3648
f 3628/3628/3628 3648/3648/3648 3629/3629/3629
f 3645/3645/3645 3649/3649/3649 3650/3650/3650
f 3645/3645/3645 3650/3650/3650 3646/3646/3646
f 3651/3651/3651 3652/3652/3652 3653/3653/3653
f 3651/3651/3651 3653/3653/3653 3654/3654/3654
f 3649/3649/3649 3655/3655/3655 3656/3656/3656
f 3649/3649/3649 3656/3656/3656 3650/3650/3650
f 3657/3657/3657 3639/3639/3639 3642/3642/3642
f 3657/3657/3657 3642/3642/3642 3658/3658/3658
f 3647/3647/3647 3651/3651/3651 3654/3654/3654
f 3647/3647/3647 3654/3654/3654 3648/3648/3648
f 3655/3655/3655 3659/3659/3659 3660/3660/3660
f 3655/3655/3655 3660/3660/3660 3656/3656/3656
f 3625/3625/3625 3627/3627/3627 3630/3630/3630
f 3625/3625/3625 3630/3630/3630 3626/3626/3626
f 3652/3652/3652 3643/3643/3643 3644/3644/3644
f 3652/3652/3652 3644/3644/3644 3653/3653/3653
f 3659/3659/3659 3631/3631/3631 3634/3634/3634
f 3659/3659/3659 3634/3634/3634 3660/3660/3660
f 3636/3636/3636 3657/3657/3657 3658/3658/3658
f 3636/3636/3636 3658/3658/3658 3637/3637/3637
f 3661/3661/3661 3662/3662/3662 3663/3663/3663
f 3661/3661/3661 3663/3663/3663 3664/3664/3664
f 3665/3665/3665 3666/3666/3666 3667/3667/3667
f 3665/3665/3665 3667/3667/3667 3668/3668/3668
f 3664/3664/3664 3663/3663/3663 3669/3669/3669
f 3664/3664/3664 3669/3669/3669 3670/3670/3670
f 3668/3668/3668 3667/3667/3667 3671/3671/3671
f 3668/3668/3668 3671/3671/3671 3672/3672/3672
f 3670/3670/3670 3669/3669/3669 3673/3673/3673
f 3670/3670/3670 3673/3673/3673 3674/3674/3674
f 3672/3672/3672 3671/3671/3671 3675/3675/3675
f 3672/3672/3672 3675/3675/3675 3676/3676/3676
f 3674/3674/3674 3673/3673/3673 3677/3677/3677
f 3674/3674/3674 3677/3677/3677 3678/3678/3678
f 3676/3676/3676 3675/3675/3675 3679/3679/3679
f 3676/3676/3676 3679/3679/3679 3680/3680/3680
f 3678/3678/3678 3677/3677/3677 3681/3681/3681
f 3678/3678/3678 3681/3681/3681 3682/3682/3682
f 3680/3680/3680 3679/3679/3679 3683/3683/3683
f 3680/3680/3680 3683/3683/3683 3684/3684/3684
f 3685/3685/3685 3686/3686/3686 3687/3687/3687
f 3685/3685/3685 3687/3687/3687 3688/3688/3688
f 3684/3684/3684 3683/3683/3683 3689/3689/3689
f 3684/3684/3684 3689/3689/3689 3690/3690/3690
f 3688/3688/3688 3687/3687/3687 3691/3691/3691
f 3688/3688/3688 3691/3691/3691 3692/3692/3692
f 3690/3690/3690 3689/3689/3689 3662/3662/3662
f 3690/3690/3690 3662/3662/3662 3661/3661/3661
f 3692/3692/3692 3691/3691/3691 3666/3666/3666
f 3692/3692/3692 3666/3666/3666 3665/3665/3665
f 3693/3693/3693 3694/3694/3694 3695/3695/3695
f 3693/3693/3693 3695/3695/3695 3696/3696/3696
f 3697/3697/3697 3698/3698/3698 3699/3699/3699
f 3697/3697/3697 3699/3699/3699 3700/3700/3700
f 3694/3694/3694 3701/3701/3701 3702/3702/3702
f 3694/3694/3694 3702/3702/3702 3695/3695/3695
f 3698/3698/3698 3703/3703/3703 3704/3704/3704
f 3698/3698/3698 3704/3704/3704 3699/3699/3699
f 3701/3701/3701 3705/3705/3705 3706/3706/3706
f 3701/3701/3701 3706/3706/3706 3702/3702/3702
f 3703/3703/3703 3707/3707/3707 3708/3708/3708
f 3703/3703/3703 3708/3708/3708 3704/3704/3704
f 3705/3705/3705 3709/3709/3709 3710/3710/3710
f 3705/3705/3705 3710/3710/3710 3706/3706/3706
f 3707/3707/3707 3711/3711/3711 3712/3712/3712
f 3707/3707/3707 3712/3712/3712 3708/3708/3708
f 3709/3709/3709 3713/3713/3713 3714/3714/3714
f 3709/3709/3709 3714/3714/3714 3710/3710/3710
f 3711/3711/3711 3715/3715/3715 3716/3716/3716
f 3711/3711/3711 3716/3716/3716 3712/3712/3712
f 3685/3685/3685 3717/3717/3717 3718/3718/3718
f 3685/3685/3685 3718/3718/3718 3686/3686/3686
f 3715/3715/3715 3719/3719/3719 3720/3720/3720
f 3715/3715/3715 3720/3720/3720 3716/3716/3716
f 3717/3717/3717 3721/3721/3721 3722/3722/3722
f 3717/3717/3717 3722/3722/3722 3718/3718/3718
f 3719/3719/3719 3693/3693/3693 3696/3696/3696
f 3719/3719/3719 3696/3696/3696 3720/3720/3720
f 3721/3721/3721 3697/3697/3697 3700/3700/3700
f 3721/3721/3721 3700/3700/3700 3722/3722/3722
f 3723/3723/3723 3724/3724/3724 3725/3725/3725
f 3723/3723/3723 3725/3725/3725 3726/3726/3726
f 3727/3727/3727 3728/3728/3728 3729/3729/3729
f 3727/3727/3727 3729/3729/3729 3730/3730/3730
f 3731/3731/3731 3732/3732/3732 3733/3733/3733
f 3731/3731/3731 3733/3733/3733 3734/3734/3734
f 3735/3735/3735 3736/3736/3736 3737/3737/3737
f 3735/3735/3735 3737/3737/3737 3738/3738/3738
f 3739/3739/3739 3723/3723/3723 3726/3726/3726
f 3739/3739/3739 3726/3726/3726 3740/3740/3740
f 3728/3728/3728 3741/3741/3741 3742/3742/3742
f 3728/3728/3728 3742/3742/3742 3729/3729/3729
f 3743/3743/3743 3731/3731/3731 3734/3734/3734
f 3743/3743/3743 3734/3734/3734 3744/3744/3744
f 3745/3745/3745 3746/3746/3746 3747/3747/3747
f 3745/3745/3745 3747/3747/3747 3748/3748/3748
f 3749/3749/3749 3750/3750/3750 3751/3751/3751
f 3749/3749/3749 3751/3751/3751 3752/3752/3752
f 3753/3753/3753 3754/3754/3754 3755/3755/3755
f 3753/3753/3753 3755/3755/3755 3756/3756/3756
f 3757/3757/3757 3743/3743/3743 3744/3744/3744
f 3757/3757/3757 3744/3744/3744 3758/3758/3758
f 3759/3759/3759 3735/3735/3735 3738/3738/3738
f 3759/3759/3759 3738/3738/3738 3760/3760/3760
f 3750/3750/3750 3761/3761/3761 3762/3762/3762
f 3750/3750/3750 3762/3762/3762 3751/3751/3751
f 3763/3763/3763 3727/3727/3727 3730/3730/3730
f 3763/3763/3763 3730/3730/3730 3764/3764/3764
f 3765/3765/3765 3757/3757/3757 3758/3758/3758
f 3765/3765/3765 3758/3758/3758 3766/3766/3766
f 3767/3767/3767 3768/3768/3768 3769/3769/3769
f 3767/3767/3767 3769/3769/3769 3770/3770/3770
f 3761/3761/3761 3771/3771/3771 3772/3772/3772
f 3761/3761/3761 3772/3772/3772 3762/3762/3762
f 3773/3773/3773 3763/3763/3763 3764/3764/3764
f 3773/3773/3773 3764/3764/3764 3774/3774/3774
f 3775/3775/3775 3765/3765/3765 3766/3766/3766
f 3775/3775/3775 3766/3766/3766 3776/3776/3776
f 3736/3736/3736 3777/3777/3777 3778/3778/3778
f 3736/3736/3736 3778/3778/3778 3737/3737/3737
f 3771/3771/3771 3779/3779/3779 3780/3780/3780
f 3771/3771/3771 3780/3780/3780 3772/3772/3772
f 3781/3781/3781 3773/3773/3773 3774/3774/3774
f 3781/3781/3781 3774/3774/3774 3782/3782/3782
f 3783/3783/3783 3775/3775/3775 3776/3776/3776
f 3783/3783/3783 3776/3776/3776 3784/3784/3784
f 3777/3777/3777 3785/3785/3785 3786/3786/3786
f 3777/3777/3777 3786/3786/3786 3778/3778/3778
f 3779/3779/3779 3787/3787/3787 3788/3788/3788
f 3779/3779/3779 3788/3788/3788 3780/3780/3780
f 3789/3789/3789 3781/3781/3781 3782/3782/3782
f 3789/3789/3789 3782/3782/3782 3790/3790/3790
f 3785/3785/3785 3791/3791/3791 3792/3792/3792
f 3785/3785/3785 3792/3792/3792 3786/3786/3786
f 3787/3787/3787 3793/3793/3793 3794/3794/3794
f 3787/3787/3787 3794/3794/3794 3788/3788/3788
f 3795/3795/3795 3789/3789/3789 3790/3790/3790
f 3795/3795/3795 3790/3790/3790 3796/3796/3796
f 3791/3791/3791 3797/3797/3797 3798/3798/3798
f 3791/3791/3791 3798/3798/3798 3792/3792/3792
f 3793/3793/3793 3799/3799/3799 3800/3800/3800
f 3793/3793/3793 3800/3800/3800 3794/3794/3794
f 3754/3754/3754 3795/3795/3795 3796/3796/3796
f 3754/3754/3754 3796/3796/3796 3755/3755/3755
f 3797/3797/3797 3801/3801/3801 3802/3802/3802
f 3797/3797/3797 3802/3802/3802 3798/3798/3798
f 3799/3799/3799 3803/3803/3803 3804/3804/3804
f 3799/3799/3799 3804/3804/3804 3800/3800/3800
f 3805/3805/3805 3806/3806/3806 3807/3807/3807
f 3805/3805/3805 3807/3807/3807 3808/3808/3808
f 3801/3801/3801 3767/3767/3767 3770/3770/3770
f 3801/3801/3801 3770/3770/3770 3802/3802/3802
f 3803/3803/3803 3809/3809/3809 3810/3810/3810
f 3803/3803/3803 3810/3810/3810 3804/3804/3804
f 3741/3741/3741 3811/3811/3811 3812/3812/3812
f 3741/3741/3741 3812/3812/3812 3742/3742/3742
f 3746/3746/3746 3813/3813/3813 3814/3814/3814
f 3746/3746/3746 3814/3814/3814 3747/3747/3747
f 3809/3809/3809 3815/3815/3815 3816/3816/3816
f 3809/3809/3809 3816/3816/3816 3810/3810/3810
f 3811/3811/3811 3817/3817/3817 3818/3818/3818
f 3811/3811/3811 3818/3818/3818 3812/3812/3812
f 3819/3819/3819 3759/3759/3759 3760/3760/3760
f 3819/3819/3819 3760/3760/3760 3820/3820/3820
f 3815/3815/3815 3821/3821/3821 3822/3822/3822
f 3815/3815/3815 3822/3822/3822 3816/3816/3816
f 3823/3823/3823 3805/3805/3805 3808/3808/3808
f 3823/3823/3823 3808/3808/3808 3824/3824/3824
f 3825/3825/3825 3819/3819/3819 3820/3820/3820
f 3825/3825/3825 3820/3820/3820 3826/3826/3826
f 3821/3821/3821 3827/3827/3827 3828/3828/3828
f 3821/3821/3821 3828/3828/3828 3822/3822/3822
f 3829/3829/3829 3830/3830/3830 3831/3831/3831
f 3829/3829/3829 3831/3831/3831 3832/3832/3832
f 3813/3813/3813 3833/3833/3833 3834/3834/3834
f 3813/3813/3813 3834/3834/3834 3814/3814/3814
f 3830/3830/3830 3823/3823/3823 3824/3824/3824
f 3830/3830/3830 3824/3824/3824 3831/3831/3831
f 3835/3835/3835 3836/3836/3836 3837/3837/3837
f 3835/3835/3835 3837/3837/3837 3838/3838/3838
f 3817/3817/3817 3829/3829/3829 3832/3832/3832
f 3817/3817/3817 3832/3832/3832 3818/3818/3818
f 3833/3833/3833 3835/3835/3835 3838/3838/3838
f 3833/3833/3833 3838/3838/3838 3834/3834/3834
f 3839/3839/3839 3840/3840/3840 3841/3841/3841
f 3839/3839/3839 3841/3841/3841 3842/3842/3842
f 3836/3836/3836 3825/3825/3825 3826/3826/3826
f 3836/3836/3836 3826/3826/3826 3837/3837/3837
f 3843/3843/3843 3844/3844/3844 3845/3845/3845
f 3843/3843/3843 3845/3845/3845 3846/3846/3846
f 3847/3847/3847 3848/3848/3848 3849/3849/3849
f 3847/3847/3847 3849/3849/3849 3850/3850/3850
f 3851/3851/3851 3852/3852/3852 3853/3853/3853
f 3851/3851/3851 3853/3853/3853 3854/3854/3854
f 3855/3855/3855 3739/3739/3739 3740/3740/3740
f 3855/3855/3855 3740/3740/3740 3856/3856/3856
f 3857/3857/3857 3858/3858/3858 3859/3859/3859
f 3857/3857/3857 3859/3859/3859 3860/3860/3860
f 3852/3852/3852 3861/3861/3861 3862/3862/3862
f 3852/3852/3852 3862/3862/3862 3853/3853/3853
f 3861/3861/3861 3863/3863/3863 3864/3864/3864
f 3861/3861/3861 3864/3864/3864 3862/3862/3862
f 3863/3863/3863 3865/3865/3865 3866/3866/3866
f 3863/3863/3863 3866/3866/3866 3864/3864/3864
f 3865/3865/3865 3867/3867/3867 3868/3868/3868
f 3865/3865/3865 3868/3868/3868 3866/3866/3866
f 3869/3869/3869 3870/3870/3870 3871/3871/3871
f 3869/3869/3869 3871/3871/3871 3872/3872/3872
f 3867/3867/3867 3873/3873/3873 3874/3874/3874
f 3867/3867/3867 3874/3874/3874 3868/3868/3868
f 3806/3806/3806 3745/3745/3745 3748/3748/3748
f 3806/3806/3806 3748/3748/3748 3807/3807/3807
f 3873/3873/3873 3875/3875/3875 3876/3876/3876
f 3873/3873/3873 3876/3876/3876 3874/3874/3874
f 3877/3877/3877 3878/3878/3878 3879/3879/3879
f 3877/3877/3877 3879/3879/3879 3880/3880/3880
f 3881/3881/3881 3851/3851/3851 3854/3854/3854
f 3881/3881/3881 3854/3854/3854 3882/3882/3882
f 3883/3883/3883 3884/3884/3884 3885/3885/3885
f 3883/3883/3883 3885/3885/3885 3886/3886/3886
f 3875/3875/3875 3887/3887/3887 3888/3888/3888
f 3875/3875/3875 3888/3888/3888 3876/3876/3876
f 3889/3889/3889 3869/3869/3869 3872/3872/3872
f 3889/3889/3889 3872/3872/3872 3890/3890/3890
f 3891/3891/3891 3881/3881/3881 3882/3882/3882
f 3891/3891/3891 3882/3882/3882 3892/3892/3892
f 3893/3893/3893 3883/3883/3883 3886/3886/3886
f 3893/3893/3893 3886/3886/3886 3894/3894/3894
f 3887/3887/3887 3895/3895/3895 3896/3896/3896
f 3887/3887/3887 3896/3896/3896 3888/3888/3888
f 3878/3878/3878 3897/3897/3897 3898/3898/3898
f 3878/3878/3878 3898/3898/3898 3879/3879/3879
f 3899/3899/3899 3891/3891/3891 3892/3892/3892
f 3899/3899/3899 3892/3892/3892 3900/3900/3900
f 3901/3901/3901 3902/3902/3902 3903/3903/3903
f 3901/3901/3901 3903/3903/3903 3904/3904/3904
f 3895/3895/3895 3905/3905/3905 3906/3906/3906
f 3895/3895/3895 3906/3906/3906 3896/3896/3896
f 3907/3907/3907 3908/3908/3908 3909/3909/3909
f 3907/3907/3907 3909/3909/3909 3910/3910/3910
f 3911/3911/3911 3899/3899/3899 3900/3900/3900
f 3911/3911/3911 3900/3900/3900 3912/3912/3912
f 3884/3884/3884 3913/3913/3913 3914/3914/3914
f 3884/3884/3884 3914/3914/3914 3885/3885/3885
f 3905/3905/3905 3915/3915/3915 3916/3916/3916
f 3905/3905/3905 3916/3916/3916 3906/3906/3906
f 3917/3917/3917 3877/3877/3877 3880/3880/3880
f 3917/3917/3917 3880/3880/3880 3918/3918/3918
f 3919/3919/3919 3911/3911/3911 3912/3912/3912
f 3919/3919/3919 3912/3912/3912 3920/3920/3920
f 3913/3913/3913 3921/3921/3921 3922/3922/3922
f 3913/3913/3913 3922/3922/3922 3914/3914/3914
f 3915/3915/3915 3923/3923/3923 3924/3924/3924
f 3915/3915/3915 3924/3924/3924 3916/3916/3916
f 3925/3925/3925 3917/3917/3917 3918/3918/3918
f 3925/3925/3925 3918/3918/3918 3926/3926/3926
f 3927/3927/3927 3919/3919/3919 3920/3920/3920
f 3927/3927/3927 3920/3920/3920 3928/3928/3928
f 3921/3921/3921 3929/3929/3929 3930/3930/3930
f 3921/3921/3921 3930/3930/3930 3922/3922/3922
f 3923/3923/3923 3931/3931/3931 3932/3932/3932
f 3923/3923/3923 3932/3932/3932 3924/3924/3924
f 3933/3933/3933 3925/3925/3925 3926/3926/3926
f 3933/3933/3933 3926/3926/3926 3934/3934/3934
f 3935/3935/3935 3927/3927/3927 3928/3928/3928
f 3935/3935/3935 3928/3928/3928 3936/3936/3936
f 3929/3929/3929 3937/3937/3937 3938/3938/3938
f 3929/3929/3929 3938/3938/3938 3930/3930/3930
f 3931/3931/3931 3939/3939/3939 3940/3940/3940
f 3931/3931/3931 3940/3940/3940 3932/3932/3932
f 3941/3941/3941 3933/3933/3933 3934/3934/3934
f 3941/3941/3941 3934/3934/3934 3942/3942/3942
f 3943/3943/3943 3935/3935/3935 3936/3936/3936
f 3943/3943/3943 3936/3936/3936 3944/3944/3944
f 3937/3937/3937 3945/3945/3945 3946/3946/3946
f 3937/3937/3937 3946/3946/3946 3938/3938/3938
f 3947/3947/3947 3948/3948/3948 3949/3949/3949
f 3947/3947/3947 3949/3949/3949 3950/3950/3950
f 3951/3951/3951 3941/3941/3941 3942/3942/3942
f 3951/3951/3951 3942/3942/3942 3952/3952/3952
f 3953/3953/3953 3943/3943/3943 3944/3944/3944
f 3953/3953/3953 3944/3944/3944 3954/3954/3954
f 3945/3945/3945 3955/3955/3955 3956/3956/3956
f 3945/3945/3945 3956/3956/3956 3946/3946/3946
f 3957/3957/3957 3958/3958/3958 3959/3959/3959
f 3957/3957/3957 3959/3959/3959 3960/3960/3960
f 3961/3961/3961 3951/3951/3951 3952/3952/3952
f 3961/3961/3961 3952/3952/3952 3962/3962/3962
f 3963/3963/3963 3953/3953/3953 3954/3954/3954
f 3963/3963/3963 3954/3954/3954 3964/3964/3964
f 3870/3870/3870 3965/3965/3965 3966/3966/3966
f 3870/3870/3870 3966/3966/3966 3871/3871/3871
f 3958/3958/3958 3855/3855/3855 3856/3856/3856
f 3958/3958/3958 3856/3856/3856 3959/3959/3959
f 3967/3967/3967 3889/3889/3889 3890/3890/3890
f 3967/3967/3967 3890/3890/3890 3968/3968/3968
f 3969/3969/3969 3963/3963/3963 3964/3964/3964
f 3969/3969/3969 3964/3964/3964 3970/3970/3970
f 3971/3971/3971 3893/3893/3893 3894/3894/3894
f 3971/3971/3971 3894/3894/3894 3972/3972/3972
f 3973/3973/3973 3957/3957/3957 3960/3960/3960
f 3973/3973/3973 3960/3960/3960 3974/3974/3974
f 3897/3897/3897 3975/3975/3975 3976/3976/3976
f 3897/3897/3897 3976/3976/3976 3898/3898/3898
f 3977/3977/3977 3969/3969/3969 3970/3970/3970
f 3977/3977/3977 3970/3970/3970 3978/3978/3978
f 3979/3979/3979 3971/3971/3971 3972/3972/3972
f 3979/3979/3979 3972/3972/3972 3980/3980/3980
f 3981/3981/3981 3973/3973/3973 3974/3974/3974
f 3981/3981/3981 3974/3974/3974 3982/3982/3982
f 3975/3975/3975 3983/3983/3983 3984/3984/3984
f 3975/3975/3975 3984/3984/3984 3976/3976/3976
f 3985/3985/3985 3977/3977/3977 3978/3978/3978
f 3985/3985/3985 3978/3978/3978 3986/3986/3986
f 3965/3965/3965 3987/3987/3987 3988/3988/3988
f 3965/3965/3965 3988/3988/3988 3966/3966/3966
f 3989/3989/3989 3981/3981/3981 3982/3982/3982
f 3989/3989/3989 3982/3982/3982 3990/3990/3990
f 3991/3991/3991 3967/3967/3967 3968/3968/3968
f 3991/3991/3991 3968/3968/3968 3992/3992/3992
f 3993/3993/3993 3985/3985/3985 3986/3986/3986
f 3993/3993/3993 3986/3986/3986 3994/3994/3994
f 3995/3995/3995 3996/3996/3996 3997/3997/3997
f 3995/3995/3995 3997/3997/3997 3998/3998/3998
f 3999/3999/3999 3989/3989/3989 3990/3990/3990
f 3999/3999/3999 3990/3990/3990 4000/4000/4000
f 4001/4001/4001 4002/4002/4002 4003/4003/4003
f 4001/4001/4001 4003/4003/4003 4004/4004/4004
f 4005/4005/4005 4006/4006/4006 4007/4007/4007
f 4005/4005/4005 4007/4007/4007 4008/4008/4008
f 3987/3987/3987 4009/4009/4009 4010/4010/4010
f 3987/3987/3987 4010/4010/4010 3988/3988/3988
f 4011/4011/4011 3999/3999/3999 4000/4000/4000
f 4011/4011/4011 4000/4000/4000 4012/4012/4012
f 4013/4013/4013 3991/3991/3991 3992/3992/3992
f 4013/4013/4013 3992/3992/3992 4014/4014/4014
f 3724/3724/3724 3749/3749/3749 3752/3752/3752
f 3724/3724/3724 3752/3752/3752 3725/3725/3725
f 3996/3996/3996 3979/3979/3979 3980/3980/3980
f 3996/3996/3996 3980/3980/3980 3997/3997/3997
f 3732/3732/3732 4011/4011/4011 4012/4012/4012
f 3732/3732/3732 4012/4012/4012 3733/3733/3733
f 3983/3983/3983 4001/4001/4001 4004/4004/4004
f 3983/3983/3983 4004/4004/4004 3984/3984/3984
f 4015/4015/4015 4016/4016/4016 4017/4017/4017
f 4015/4015/4015 4017/4017/4017 4018/4018/4018
f 4019/4019/4019 4020/4020/4020 4021/4021/4021
f 4019/4019/4019 4021/4021/4021 4022/4022/4022
f 4023/4023/4023 4024/4024/4024 4025/4025/4025
f 4023/4023/4023 4025/4025/4025 4026/4026/4026
f 4027/4027/4027 4028/4028/4028 4029/4029/4029
f 4027/4027/4027 4029/4029/4029 4030/4030/4030
f 4031/4031/4031 4032/4032/4032 4033/4033/4033
f 4031/4031/4031 4033/4033/4033 4034/4034/4034
f 4035/4035/4035 4036/4036/4036 4037/4037/4037
f 4035/4035/4035 4037/4037/4037 4038/4038/4038
f 4039/4039/4039 4040/4040/4040 4041/4041/4041
f 4039/4039/4039 4041/4041/4041 4042/4042/4042
f 4043/4043/4043 4044/4044/4044 4045/4045/4045
f 4043/4043/4043 4045/4045/4045 4046/4046/4046
f 4047/4047/4047 4048/4048/4048 4049/4049/4049
f 4047/4047/4047 4049/4049/4049 4050/4050/4050
f 4051/4051/4051 4052/4052/4052 4053/4053/4053
f 4051/4051/4051 4053/4053/4053 4054/4054/4054
f 4055/4055/4055 4056/4056/4056 4057/4057/4057
f 4055/4055/4055 4057/4057/4057 4058/4058/4058
f 4059/4059/4059 4060/4060/4060 4061/4061/4061
f 4059/4059/4059 4061/4061/4061 4062/4062/4062
f 4063/4063/4063 4064/4064/4064 4065/4065/4065
f 4063/4063/4063 4065/4065/4065 4066/4066/4066
f 4067/4067/4067 4068/4068/4068 4069/4069/4069
f 4067/4067/4067 4069/4069/4069 4070/4070/4070
f 4071/4071/4071 4072/4072/4072 4073/4073/4073
f 4071/4071/4071 4073/4073/4073 4074/4074/4074
f 4075/4075/4075 4076/4076/4076 4077/4077/4077
f 4075/4075/4075 4077/4077/4077 4078/4078/4078
f 4079/4079/4079 4080/4080/4080 4081/4081/4081
f 4079/4079/4079 4081/4081/4081 4082/4082/4082
f 4083/4083/4083 4084/4084/4084 4085/4085/4085
f 4083/4083/4083 4085/4085/4085 4086/4086/4086
f 4087/4087/4087 4088/4088/4088 4089/4089/4089
f 4087/4087/4087 4089/4089/4089 4090/4090/4090
f 4091/4091/4091 4092/4092/4092 4093/4093/4093
f 4091/4091/4091 4093/4093/4093 4094/4094/4094
f 4095/4095/4095 4096/4096/4096 4097/4097/4097
f 4095/4095/4095 4097/4097/4097 4098/4098/4098
f 4099/4099/4099 4100/4100/4100 4101/4101/4101
f 4099/4099/4099 4101/4101/4101 4102/4102/4102
f 4103/4103/4103 4104/4104/4104 4105/4105/4105
f 4103/4103/4103 4105/4105/4105 4106/4106/4106
f 4107/4107/4107 4108/4108/4108 4109/4109/4109
f 4107/4107/4107 4109/4109/4109 4110/4110/4110
f 4111/4111/4111 4112/4112/4112 4113/4113/4113
f 4111/4111/4111 4113/4113/4113 4114/4114/4114
f 4112/4112/4112 4115/4115/4115 4116/4116/4116
f 4112/4112/4112 4116/4116/4116 4113/4113/4113
f 4115/4115/4115 4117/4117/4117 4118/4118/4118
f 4115/4115/4115 4118/4118/4118 4116/4116/4116
f 4117/4117/4117 4119/4119/4119 4120/4120/4120
f 4117/4117/4117 4120/4120/4120 4118/4118/4118
f 4121/4121/4121 4122/4122/4122 4123/4123/4123
f 4121/4121/4121 4123/4123/4123 4124/4124/4124
f 4125/4125/4125 4126/4126/4126 4127/4127/4127
f 4125/4125/4125 4127/4127/4127 4128/4128/4128
f 4129/4129/4129 4130/4130/4130 4131/4131/4131
f 4129/4129/4129 4131/4131/4131 4132/4132/4132
f 4133/4133/4133 4134/4134/4134 4135/4135/4135
f 4133/4133/4133 4135/4135/4135 4136/4136/4136
f 4137/4137/4137 4138/4138/4138 4139/4139/4139
f 4137/4137/4137 4139/4139/4139 4140/4140/4140
f 4141/4141/4141 4142/4142/4142 4143/4143/4143
f 4141/4141/4141 4143/4143/4143 4144/4144/4144
f 4145/4145/4145 4146/4146/4146 4147/4147/4147
f 4145/4145/4145 4147/4147/4147 4148/4148/4148
f 4149/4149/4149 4150/4150/4150 4151/4151/4151
f 4149/4149/4149 4151/4151/4151 4152/4152/4152
f 4153/4153/4153 4154/4154/4154 4155/4155/4155
f 4153/4153/4153 4155/4155/4155 4156/4156/4156
f 4157/4157/4157 4158/4158/4158 4159/4159/4159
f 4157/4157/4157 4159/4159/4159 4160/4160/4160
f 4161/4161/4161 4162/4162/4162 4163/4163/4163
f 4161/4161/4161 4163/4163/4163 4164/4164/4164
f 4165/4165/4165 4166/4166/4166 4167/4167/4167
f 4165/4165/4165 4167/4167/4167 4168/4168/4168
f 4169/4169/4169 4170/4170/4170 4171/4171/4171
f 4169/4169/4169 4171/4171/4171 4172/4172/4172
f 4173/4173/4173 4174/4174/4174 4175/4175/4175
f 4173/4173/4173 4175/4175/4175 4176/4176/4176
f 4177/4177/4177 4178/4178/4178 4179/4179/4179
f 4177/4177/4177 4179/4179/4179 4180/4180/4180
f 4181/4181/4181 4182/4182/4182 4183/4183/4183
f 4181/4181/4181 4183/4183/4183 4184/4184/4184
f 4185/4185/4185 4186/4186/4186 4187/4187/4187
f 4185/4185/4185 4187/4187/4187 4188/4188/4188
f 4189/4189/4189 4190/4190/4190 4191/4191/4191
f 4189/4189/4189 4191/4191/4191 4192/4192/4192
f 4193/4193/4193 4194/4194/4194 4195/4195/4195
f 4193/4193/4193 4195/4195/4195 4196/4196/4196
f 4197/4197/4197 4198/4198/4198 4199/4199/4199
f 4197/4197/4197 4199/4199/4199 4200/4200/4200
f 4201/4201/4201 4202/4202/4202 4203/4203/4203
f 4201/4201/4201 4203/4203/4203 4204/4204/4204
f 4205/4205/4205 4206/4206/4206 4207/4207/4207
f 4205/4205/4205 4207/4207/4207 4208/4208/4208
f 4209/4209/4209 4210/4210/4210 4211/4211/4211
f 4209/4209/4209 4211/4211/4211 4212/4212/4212
f 4213/4213/4213 4214/4214/4214 4215/4215/4215
f 4213/4213/4213 4215/4215/4215 4216/4216/4216
f 4217/4217/4217 4218/4218/4218 4219/4219/4219
f 4217/4217/4217 4219/4219/4219 4220/4220/4220
f 4221/4221/4221 4222/4222/4222 4223/4223/4223
f 4221/4221/4221 4223/4223/4223 4224/4224/4224
f 4225/4225/4225 4226/4226/4226 4227/4227/4227
f 4225/4225/4225 4227/4227/4227 4228/4228/4228
f 4229/4229/4229 4230/4230/4230 4231/4231/4231
f 4229/4229/4229 4231/4231/4231 4232/4232/4232
f 4233/4233/4233 333/333/333 323/323/323
f 4233/4233/4233 323/323/323 4234/4234/4234
f 4235/4235/4235 4236/4236/4236 334/334/334
f 4235/4235/4235 334/334/334 343/343/343
f 4237/4237/4237 4238/4238/4238 325/325/325
f 4237/4237/4237 325/325/325 350/350/350
f 4239/4239/4239 360/360/360 351/351/351
f 4239/4239/4239 351/351/351 4240/4240/4240
f 4241/4241/4241 4242/4242/4242 4243/4243/4243
f 4241/4241/4241 4243/4243/4243 4244/4244/4244
f 4245/4245/4245 4246/4246/4246 4247/4247/4247
f 4245/4245/4245 4247/4247/4247 4248/4248/4248
f 4242/4242/4242 4249/4249/4249 4250/4250/4250
f 4242/4242/4242 4250/4250/4250 4243/4243/4243
f 4251/4251/4251 4252/4252/4252 4253/4253/4253
f 4251/4251/4251 4253/4253/4253 4254/4254/4254
f 4255/4255/4255 4256/4256/4256 4257/4257/4257
f 4255/4255/4255 4257/4257/4257 4258/4258/4258
f 4259/4259/4259 4245/4245/4245 4248/4248/4248
f 4259/4259/4259 4248/4248/4248 4260/4260/4260
f 4261/4261/4261 4262/4262/4262 4263/4263/4263
f 4261/4261/4261 4263/4263/4263 4264/4264/4264
f 4265/4265/4265 4266/4266/4266 4267/4267/4267
f 4265/4265/4265 4267/4267/4267 4268/4268/4268
f 4269/4269/4269 4255/4255/4255 4258/4258/4258
f 4269/4269/4269 4258/4258/4258 4270/4270/4270
f 4262/4262/4262 4271/4271/4271 4272/4272/4272
f 4262/4262/4262 4272/4272/4272 4263/4263/4263
f 4273/4273/4273 4274/4274/4274 4275/4275/4275
f 4273/4273/4273 4275/4275/4275 4276/4276/4276
f 4266/4266/4266 4277/4277/4277 4278/4278/4278
f 4266/4266/4266 4278/4278/4278 4267/4267/4267
f 4279/4279/4279 4280/4280/4280 4281/4281/4281
f 4279/4279/4279 4281/4281/4281 4282/4282/4282
f 4283/4283/4283 4269/4269/4269 4270/4270/4270
f 4283/4283/4283 4270/4270/4270 4284/4284/4284
f 4285/4285/4285 4251/4251/4251 4254/4254/4254
f 4285/4285/4285 4254/4254/4254 4286/4286/4286
f 4271/4271/4271 4287/4287/4287 4288/4288/4288
f 4271/4271/4271 4288/4288/4288 4272/4272/4272
f 4256/4256/4256 4289/4289/4289 4290/4290/4290
f 4256/4256/4256 4290/4290/4290 4257/4257/4257
f 4291/4291/4291 4292/4292/4292 4293/4293/4293
f 4291/4291/4291 4293/4293/4293 4294/4294/4294
f 4295/4295/4295 4261/4261/4261 4264/4264/4264
f 4295/4295/4295 4264/4264/4264 4296/4296/4296
f 4289/4289/4289 4241/4241/4241 4244/4244/4244
f 4289/4289/4289 4244/4244/4244 4290/4290/4290
f 4297/4297/4297 4298/4298/4298 4299/4299/4299
f 4297/4297/4297 4299/4299/4299 4300/4300/4300
f 4246/4246/4246 4295/4295/4295 4296/4296/4296
f 4246/4246/4246 4296/4296/4296 4247/4247/4247
f 4301/4301/4301 373/373/373 363/363/363
f 4301/4301/4301 363/363/363 4302/4302/4302
f 4303/4303/4303 4304/4304/4304 374/374/374
f 4303/4303/4303 374/374/374 383/383/383
f 4305/4305/4305 4306/4306/4306 365/365/365
f 4305/4305/4305 365/365/365 390/390/390
f 4307/4307/4307 400/400/400 391/391/391
f 4307/4307/4307 391/391/391 4308/4308/4308
f 4309/4309/4309 4310/4310/4310 4311/4311/4311
f 4309/4309/4309 4311/4311/4311 4312/4312/4312
f 4313/4313/4313 4314/4314/4314 4315/4315/4315
f 4313/4313/4313 4315/4315/4315 4316/4316/4316
f 4310/4310/4310 4317/4317/4317 4318/4318/4318
f 4310/4310/4310 4318/4318/4318 4311/4311/4311
f 4319/4319/4319 4320/4320/4320 4321/4321/4321
f 4319/4319/4319 4321/4321/4321 4322/4322/4322
f 4323/4323/4323 4324/4324/4324 4325/4325/4325
f 4323/4323/4323 4325/4325/4325 4326/4326/4326
f 4327/4327/4327 4313/4313/4313 4316/4316/4316
f 4327/4327/4327 4316/4316/4316 4328/4328/4328
f 4329/4329/4329 4330/4330/4330 4331/4331/4331
f 4329/4329/4329 4331/4331/4331 4332/4332/4332
f 4333/4333/4333 4334/4334/4334 4335/4335/4335
f 4333/4333/4333 4335/4335/4335 4336/4336/4336
f 4337/4337/4337 4323/4323/4323 4326/4326/4326
f 4337/4337/4337 4326/4326/4326 4338/4338/4338
f 4330/4330/4330 4339/4339/4339 4340/4340/4340
f 4330/4330/4330 4340/4340/4340 4331/4331/4331
f 4341/4341/4341 4342/4342/4342 4343/4343/4343
f 4341/4341/4341 4343/4343/4343 4344/4344/4344
f 4334/4334/4334 4345/4345/4345 4346/4346/4346
f 4334/4334/4334 4346/4346/4346 4335/4335/4335
f 4347/4347/4347 4348/4348/4348 4349/4349/4349
f 4347/4347/4347 4349/4349/4349 4350/4350/4350
f 4351/4351/4351 4337/4337/4337 4338/4338/4338
f 4351/4351/4351 4338/4338/4338 4352/4352/4352
f 4353/4353/4353 4319/4319/4319 4322/4322/4322
f 4353/4353/4353 4322/4322/4322 4354/4354/4354
f 4339/4339/4339 4355/4355/4355 4356/4356/4356
f 4339/4339/4339 4356/4356/4356 4340/4340/4340
f 4324/4324/4324 4357/4357/4357 4358/4358/4358
f 4324/4324/4324 4358/4358/4358 4325/4325/4325
f 4359/4359/4359 4360/4360/4360 4361/4361/4361
f 4359/4359/4359 4361/4361/4361 4362/4362/4362
f 4363/4363/4363 4329/4329/4329 4332/4332/4332
f 4363/4363/4363 4332/4332/4332 4364/4364/4364
f 4357/4357/4357 4309/4309/4309 4312/4312/4312
f 4357/4357/4357 4312/4312/4312 4358/4358/4358
f 4365/4365/4365 4366/4366/4366 4367/4367/4367
f 4365/4365/4365 4367/4367/4367 4368/4368/4368
f 4314/4314/4314 4363/4363/4363 4364/4364/4364
f 4314/4314/4314 4364/4364/4364 4315/4315/4315
f 4369/4369/4369 4370/4370/4370 4250/4250/4250
f 4369/4369/4369 4250/4250/4250 4249/4249/4249
f 4371/4371/4371 4259/4259/4259 4260/4260/4260
f 4371/4371/4371 4260/4260/4260 4372/4372/4372
f 4373/4373/4373 4374/4374/4374 4318/4318/4318
f 4373/4373/4373 4318/4318/4318 4317/4317/4317
f 4375/4375/4375 4327/4327/4327 4328/4328/4328
f 4375/4375/4375 4328/4328/4328 4376/4376/4376
f 4377/4377/4377 4378/4378/4378 4379/4379/4379
f 4377/4377/4377 4379/4379/4379 4380/4380/4380
f 4381/4381/4381 4382/4382/4382 4383/4383/4383
f 4381/4381/4381 4383/4383/4383 4384/4384/4384
f 4385/4385/4385 4386/4386/4386 4387/4387/4387
f 4385/4385/4385 4387/4387/4387 4388/4388/4388
f 4389/4389/4389 4390/4390/4390 4391/4391/4391
f 4389/4389/4389 4391/4391/4391 4392/4392/4392
f 4393/4393/4393 4385/4385/4385 4388/4388/4388
f 4393/4393/4393 4388/4388/4388 4394/4394/4394
f 4390/4390/4390 4395/4395/4395 4396/4396/4396
f 4390/4390/4390 4396/4396/4396 4391/4391/4391
f 4378/4378/4378 4397/4397/4397 4398/4398/4398
f 4378/4378/4378 4398/4398/4398 4379/4379/4379
f 4395/4395/4395 4399/4399/4399 4400/4400/4400
f 4395/4395/4395 4400/4400/4400 4396/4396/4396
f 4401/4401/4401 4402/4402/4402 4403/4403/4403
f 4401/4401/4401 4403/4403/4403 4404/4404/4404
f 4399/4399/4399 4405/4405/4405 4406/4406/4406
f 4399/4399/4399 4406/4406/4406 4400/4400/4400
f 4407/4407/4407 4389/4389/4389 4392/4392/4392
f 4407/4407/4407 4392/4392/4392 4408/4408/4408
f 4397/4397/4397 4401/4401/4401 4404/4404/4404
f 4397/4397/4397 4404/4404/4404 4398/4398/4398
f 4405/4405/4405 4409/4409/4409 4410/4410/4410
f 4405/4405/4405 4410/4410/4410 4406/4406/4406
f 4411/4411/4411 4377/4377/4377 4380/4380/4380
f 4411/4411/4411 4380/4380/4380 4412/4412/4412
f 4402/4402/4402 4393/4393/4393 4394/4394/4394
f 4402/4402/4402 4394/4394/4394 4403/4403/4403
f 4409/4409/4409 4381/4381/4381 4384/4384/4384
f 4409/4409/4409 4384/4384/4384 4410/4410/4410
f 4386/4386/4386 4407/4407/4407 4408/4408/4408
f 4386/4386/4386 4408/4408/4408 4387/4387/4387
f 4413/4413/4413 4414/4414/4414 4415/4415/4415
f 4413/4413/4413 4415/4415/4415 4416/4416/4416
f 4417/4417/4417 4418/4418/4418 4419/4419/4419
f 4417/4417/4417 4419/4419/4419 4420/4420/4420
f 4421/4421/4421 4422/4422/4422 4423/4423/4423
f 4421/4421/4421 4423/4423/4423 4424/4424/4424
f 4425/4425/4425 4426/4426/4426 4427/4427/4427
f 4425/4425/4425 4427/4427/4427 4428/4428/4428
f 4429/4429/4429 4430/4430/4430 4422/4422/4422
f 4429/4429/4429 4422/4422/4422 4421/4421/4421
f 4428/4428/4428 4427/4427/4427 4431/4431/4431
f 4428/4428/4428 4431/4431/4431 4432/4432/4432
f 4416/4416/4416 4415/4415/4415 4433/4433/4433
f 4416/4416/4416 4433/4433/4433 4434/4434/4434
f 4432/4432/4432 4431/4431/4431 4435/4435/4435
f 4432/4432/4432 4435/4435/4435 4436/4436/4436
f 4437/4437/4437 4438/4438/4438 4439/4439/4439
f 4437/4437/4437 4439/4439/4439 4440/4440/4440
f 4436/4436/4436 4435/4435/4435 4441/4441/4441
f 4436/4436/4436 4441/4441/4441 4442/4442/4442
f 4443/4443/4443 4444/4444/4444 4426/4426/4426
f 4443/4443/4443 4426/4426/4426 4425/4425/4425
f 4434/4434/4434 4433/4433/4433 4438/4438/4438
f 4434/4434/4434 4438/4438/4438 4437/4437/4437
f 4442/4442/4442 4441/4441/4441 4445/4445/4445
f 4442/4442/4442 4445/4445/4445 4446/4446/4446
f 4411/4411/4411 4412/4412/4412 4414/4414/4414
f 4411/4411/4411 4414/4414/4414 4413/4413/4413
f 4440/4440/4440 4439/4439/4439 4430/4430/4430
f 4440/4440/4440 4430/4430/4430 4429/4429/4429
f 4446/4446/4446 4445/4445/4445 4418/4418/4418
f 4446/4446/4446 4418/4418/4418 4417/4417/4417
f 4424/4424/4424 4423/4423/4423 4444/4444/4444
f 4424/4424/4424 4444/4444/4444 4443/4443/4443
f 4447/4447/4447 4448/4448/4448 4449/4449/4449
f 4447/4447/4447 4449/4449/4449 4450/4450/4450
f 4451/4451/4451 4452/4452/4452 4453/4453/4453
f 4451/4451/4451 4453/4453/4453 4454/4454/4454
f 4448/4448/4448 4455/4455/4455 4456/4456/4456
f 4448/4448/4448 4456/4456/4456 4449/4449/4449
f 4452/4452/4452 4457/4457/4457 4458/4458/4458
f 4452/4452/4452 4458/4458/4458 4453/4453/4453
f 4455/4455/4455 4459/4459/4459 4460/4460/4460
f 4455/4455/4455 4460/4460/4460 4456/4456/4456
f 4457/4457/4457 4461/4461/4461 4462/4462/4462
f 4457/4457/4457 4462/4462/4462 4458/4458/4458
f 4459/4459/4459 4463/4463/4463 4464/4464/4464
f 4459/4459/4459 4464/4464/4464 4460/4460/4460
f 4461/4461/4461 4465/4465/4465 4466/4466/4466
f 4461/4461/4461 4466/4466/4466 4462/4462/4462
f 4463/4463/4463 4467/4467/4467 4468/4468/4468
f 4463/4463/4463 4468/4468/4468 4464/4464/4464
f 4465/4465/4465 4469/4469/4469 4470/4470/4470
f 4465/4465/4465 4470/4470/4470 4466/4466/4466
f 4471/4471/4471 4472/4472/4472 4473/4473/4473
f 4471/4471/4471 4473/4473/4473 4474/4474/4474
f 4469/4469/4469 4475/4475/4475 4476/4476/4476
f 4469/4469/4469 4476/4476/4476 4470/4470/4470
f 4472/4472/4472 4477/4477/4477 4478/4478/4478
f 4472/4472/4472 4478/4478/4478 4473/4473/4473
f 4475/4475/4475 4447/4447/4447 4450/4450/4450
f 4475/4475/4475 4450/4450/4450 4476/4476/4476
f 4477/4477/4477 4451/4451/4451 4454/4454/4454
f 4477/4477/4477 4454/4454/4454 4478/4478/4478
f 4479/4479/4479 4480/4480/4480 4481/4481/4481
f 4479/4479/4479 4481/4481/4481 4482/4482/4482
f 4483/4483/4483 4484/4484/4484 4485/4485/4485
f 4483/4483/4483 4485/4485/4485 4486/4486/4486
f 4482/4482/4482 4481/4481/4481 4487/4487/4487
f 4482/4482/4482 4487/4487/4487 4488/4488/4488
f 4486/4486/4486 4485/4485/4485 4489/4489/4489
f 4486/4486/4486 4489/4489/4489 4490/4490/4490
f 4488/4488/4488 4487/4487/4487 4491/4491/4491
f 4488/4488/4488 4491/4491/4491 4492/4492/4492
f 4490/4490/4490 4489/4489/4489 4493/4493/4493
f 4490/4490/4490 4493/4493/4493 4494/4494/4494
f 4492/4492/4492 4491/4491/4491 4495/4495/4495
f 4492/4492/4492 4495/4495/4495 4496/4496/4496
f 4494/4494/4494 4493/4493/4493 4497/4497/4497
f 4494/4494/4494 4497/4497/4497 4498/4498/4498
f 4496/4496/4496 4495/4495/4495 4499/4499/4499
f 4496/4496/4496 4499/4499/4499 4500/4500/4500
f 4498/4498/4498 4497/4497/4497 4501/4501/4501
f 4498/4498/4498 4501/4501/4501 4502/4502/4502
f 4471/4471/4471 4474/4474/4474 4503/4503/4503
f 4471/4471/4471 4503/4503/4503 4504/4504/4504
f 4502/4502/4502 4501/4501/4501 4505/4505/4505
f 4502/4502/4502 4505/4505/4505 4506/4506/4506
f 4504/4504/4504 4503/4503/4503 4507/4507/4507
f 4504/4504/4504 4507/4507/4507 4508/4508/4508
f 4506/4506/4506 4505/4505/4505 4480/4480/4480
f 4506/4506/4506 4480/4480/4480 4479/4479/4479
f 4508/4508/4508 4507/4507/4507 4484/4484/4484
f 4508/4508/4508 4484/4484/4484 4483/4483/4483
f 4509/4509/4509 4510/4510/4510 4511/4511/4511
f 4509/4509/4509 4511/4511/4511 4512/4512/4512
f 4513/4513/4513 4514/4514/4514 4515/4515/4515
f 4513/4513/4513 4515/4515/4515 4516/4516/4516
f 4517/4517/4517 4518/4518/4518 4519/4519/4519
f 4517/4517/4517 4519/4519/4519 4520/4520/4520
f 4521/4521/4521 4522/4522/4522 4523/4523/4523
f 4521/4521/4521 4523/4523/4523 4524/4524/4524
f 4525/4525/4525 4526/4526/4526 4518/4518/4518
f 4525/4525/4525 4518/4518/4518 4517/4517/4517
f 4524/4524/4524 4523/4523/4523 4527/4527/4527
f 4524/4524/4524 4527/4527/4527 4528/4528/4528
f 4512/4512/4512 4511/4511/4511 4529/4529/4529
f 4512/4512/4512 4529/4529/4529 4530/4530/4530
f 4528/4528/4528 4527/4527/4527 4531/4531/4531
f 4528/4528/4528 4531/4531/4531 4532/4532/4532
f 4533/4533/4533 4534/4534/4534 4535/4535/4535
f 4533/4533/4533 4535/4535/4535 4536/4536/4536
f 4532/4532/4532 4531/4531/4531 4537/4537/4537
f 4532/4532/4532 4537/4537/4537 4538/4538/4538
f 4539/4539/4539 4540/4540/4540 4522/4522/4522
f 4539/4539/4539 4522/4522/4522 4521/4521/4521
f 4530/4530/4530 4529/4529/4529 4534/4534/4534
f 4530/4530/4530 4534/4534/4534 4533/4533/4533
f 4538/4538/4538 4537/4537/4537 4541/4541/4541
f 4538/4538/4538 4541/4541/4541 4542/4542/4542
f 4543/4543/4543 4544/4544/4544 4510/4510/4510
f 4543/4543/4543 4510/4510/4510 4509/4509/4509
f 4536/4536/4536 4535/4535/4535 4526/4526/4526
f 4536/4536/4536 4526/4526/4526 4525/4525/4525
f 4542/4542/4542 4541/4541/4541 4514/4514/4514
f 4542/4542/4542 4514/4514/4514 4513/4513/4513
f 4520/4520/4520 4519/4519/4519 4540/4540/4540
f 4520/4520/4520 4540/4540/4540 4539/4539/4539
f 4545/4545/4545 4546/4546/4546 4547/4547/4547
f 4545/4545/4545 4547/4547/4547 4548/4548/4548
f 4549/4549/4549 4550/4550/4550 4551/4551/4551
f 4549/4549/4549 4551/4551/4551 4552/4552/4552
f 4553/4553/4553 4554/4554/4554 4555/4555/4555
f 4553/4553/4553 4555/4555/4555 4556/4556/4556
f 4557/4557/4557 4558/4558/4558 4559/4559/4559
f 4557/4557/4557 4559/4559/4559 4560/4560/4560
f 4561/4561/4561 4553/4553/4553 4556/4556/4556
f 4561/4561/4561 4556/4556/4556 4562/4562/4562
f 4558/4558/4558 4563/4563/4563 4564/4564/4564
f 4558/4558/4558 4564/4564/4564 4559/4559/4559
f 4546/4546/4546 4565/4565/4565 4566/4566/4566
f 4546/4546/4546 4566/4566/4566 4547/4547/4547
f 4563/4563/4563 4567/4567/4567 4568/4568/4568
f 4563/4563/4563 4568/4568/4568 4564/4564/4564
f 4569/4569/4569 4570/4570/4570 4571/4571/4571
f 4569/4569/4569 4571/4571/4571 4572/4572/4572
f 4567/4567/4567 4573/4573/4573 4574/4574/4574
f 4567/4567/4567 4574/4574/4574 4568/4568/4568
f 4575/4575/4575 4557/4557/4557 4560/4560/4560
f 4575/4575/4575 4560/4560/4560 4576/4576/4576
f 4565/4565/4565 4569/4569/4569 4572/4572/4572
f 4565/4565/4565 4572/4572/4572 4566/4566/4566
f 4573/4573/4573 4577/4577/4577 4578/4578/4578
f 4573/4573/4573 4578/4578/4578 4574/4574/4574
f 4543/4543/4543 4545/4545/4545 4548/4548/4548
f 4543/4543/4543 4548/4548/4548 4544/4544/4544
f 4570/4570/4570 4561/4561/4561 4562/4562/4562
f 4570/4570/4570 4562/4562/4562 4571/4571/4571
f 4577/4577/4577 4549/4549/4549 4552/4552/4552
f 4577/4577/4577 4552/4552/4552 4578/4578/4578
f 4554/4554/4554 4575/4575/4575 4576/4576/4576
f 4554/4554/4554 4576/4576/4576 4555/4555/4555
f 4579/4579/4579 4580/4580/4580 4581/4581/4581
f 4579/4579/4579 4581/4581/4581 4582/4582/4582
f 4583/4583/4583 4584/4584/4584 4585/4585/4585
f 4583/4583/4583 4585/4585/4585 4586/4586/4586
f 4582/4582/4582 4581/4581/4581 4587/4587/4587
f 4582/4582/4582 4587/4587/4587 4588/4588/4588
f 4586/4586/4586 4585/4585/4585 4589/4589/4589
f 4586/4586/4586 4589/4589/4589 4590/4590/4590
f 4588/4588/4588 4587/4587/4587 4591/4591/4591
f 4588/4588/4588 4591/4591/4591 4592/4592/4592
f 4590/4590/4590 4589/4589/4589 4593/4593/4593
f 4590/4590/4590 4593/4593/4593 4594/4594/4594
f 4592/4592/4592 4591/4591/4591 4595/4595/4595
f 4592/4592/4592 4595/4595/4595 4596/4596/4596
f 4594/4594/4594 4593/4593/4593 4597/4597/4597
f 4594/4594/4594 4597/4597/4597 4598/4598/4598
f 4596/4596/4596 4595/4595/4595 4599/4599/4599
f 4596/4596/4596 4599/4599/4599 4600/4600/4600
f 4598/4598/4598 4597/4597/4597 4601/4601/4601
f 4598/4598/4598 4601/4601/4601 4602/4602/4602
f 4603/4603/4603 4604/4604/4604 4605/4605/4605
f 4603/4603/4603 4605/4605/4605 4606/4606/4606
f 4602/4602/4602 4601/4601/4601 4607/4607/4607
f 4602/4602/4602 4607/4607/4607 4608/4608/4608
f 4606/4606/4606 4605/4605/4605 4609/4609/4609
f 4606/4606/4606 4609/4609/4609 4610/4610/4610
f 4608/4608/4608 4607/4607/4607 4580/4580/4580
f 4608/4608/4608 4580/4580/4580 4579/4579/4579
f 4610/4610/4610 4609/4609/4609 4584/4584/4584
f 4610/4610/4610 4584/4584/4584 4583/4583/4583
f 4611/4611/4611 4612/4612/4612 4613/4613/4613
f 4611/4611/4611 4613/4613/4613 4614/4614/4614
f 4615/4615/4615 4616/4616/4616 4617/4617/4617
f 4615/4615/4615 4617/4617/4617 4618/4618/4618
f 4612/4612/4612 4619/4619/4619 4620/4620/4620
f 4612/4612/4612 4620/4620/4620 4613/4613/4613
f 4616/4616/4616 4621/4621/4621 4622/4622/4622
f 4616/4616/4616 4622/4622/4622 4617/4617/4617
f 4619/4619/4619 4623/4623/4623 4624/4624/4624
f 4619/4619/4619 4624/4624/4624 4620/4620/4620
f 4621/4621/4621 4625/4625/4625 4626/4626/4626
f 4621/4621/4621 4626/4626/4626 4622/4622/4622
f 4623/4623/4623 4627/4627/4627 4628/4628/4628
f 4623/4623/4623 4628/4628/4628 4624/4624/4624
f 4625/4625/4625 4629/4629/4629 4630/4630/4630
f 4625/4625/4625 4630/4630/4630 4626/4626/4626
f 4627/4627/4627 4631/4631/4631 4632/4632/4632
f 4627/4627/4627 4632/4632/4632 4628/4628/4628
f 4629/4629/4629 4633/4633/4633 4634/4634/4634
f 4629/4629/4629 4634/4634/4634 4630/4630/4630
f 4603/4603/4603 4635/4635/4635 4636/4636/4636
f 4603/4603/4603 4636/4636/4636 4604/4604/4604
f 4633/4633/4633 4637/4637/4637 4638/4638/4638
f 4633/4633/4633 4638/4638/4638 4634/4634/4634
f 4635/4635/4635 4639/4639/4639 4640/4640/4640
f 4635/4635/4635 4640/4640/4640 4636/4636/4636
f 4637/4637/4637 4611/4611/4611 4614/4614/4614
f 4637/4637/4637 4614/4614/4614 4638/4638/4638
f 4639/4639/4639 4615/4615/4615 4618/4618/4618
f 4639/4639/4639 4618/4618/4618 4640/4640/4640
f 4641/4641/4641 4642/4642/4642 4643/4643/4643
f 4641/4641/4641 4643/4643/4643 4644/4644/4644
f 4645/4645/4645 4646/4646/4646 4647/4647/4647
f 4645/4645/4645 4647/4647/4647 4648/4648/4648
f 4649/4649/4649 4650/4650/4650 4651/4651/4651
f 4649/4649/4649 4651/4651/4651 4652/4652/4652
f 4653/4653/4653 4654/4654/4654 4655/4655/4655
f 4653/4653/4653 4655/4655/4655 4656/4656/4656
f 4657/4657/4657 4641/4641/4641 4644/4644/4644
f 4657/4657/4657 4644/4644/4644 4658/4658/4658
f 4646/4646/4646 4659/4659/4659 4660/4660/4660
f 4646/4646/4646 4660/4660/4660 4647/4647/4647
f 4661/4661/4661 4649/4649/4649 4652/4652/4652
f 4661/4661/4661 4652/4652/4652 4662/4662/4662
f 4663/4663/4663 4664/4664/4664 4665/4665/4665
f 4663/4663/4663 4665/4665/4665 4666/4666/4666
f 4667/4667/4667 4668/4668/4668 4669/4669/4669
f 4667/4667/4667 4669/4669/4669 4670/4670/4670
f 4671/4671/4671 4672/4672/4672 4673/4673/4673
f 4671/4671/4671 4673/4673/4673 4674/4674/4674
f 4675/4675/4675 4661/4661/4661 4662/4662/4662
f 4675/4675/4675 4662/4662/4662 4676/4676/4676
f 4677/4677/4677 4653/4653/4653 4656/4656/4656
f 4677/4677/4677 4656/4656/4656 4678/4678/4678
f 4668/4668/4668 4679/4679/4679 4680/4680/4680
f 4668/4668/4668 4680/4680/4680 4669/4669/4669
f 4681/4681/4681 4645/4645/4645 4648/4648/4648
f 4681/4681/4681 4648/4648/4648 4682/4682/4682
f 4683/4683/4683 4675/4675/4675 4676/4676/4676
f 4683/4683/4683 4676/4676/4676 4684/4684/4684
f 4685/4685/4685 4686/4686/4686 4687/4687/4687
f 4685/4685/4685 4687/4687/4687 4688/4688/4688
f 4679/4679/4679 4689/4689/4689 4690/4690/4690
f 4679/4679/4679 4690/4690/4690 4680/4680/4680
f 4691/4691/4691 4681/4681/4681 4682/4682/4682
f 4691/4691/4691 4682/4682/4682 4692/4692/4692
f 4693/4693/4693 4683/4683/4683 4684/4684/4684
f 4693/4693/4693 4684/4684/4684 4694/4694/4694
f 4654/4654/4654 4695/4695/4695 4696/4696/4696
f 4654/4654/4654 4696/4696/4696 4655/4655/4655
f 4689/4689/4689 4697/4697/4697 4698/4698/4698
f 4689/4689/4689 4698/4698/4698 4690/4690/4690
f 4699/4699/4699 4691/4691/4691 4692/4692/4692
f 4699/4699/4699 4692/4692/4692 4700/4700/4700
f 4701/4701/4701 4693/4693/4693 4694/4694/4694
f 4701/4701/4701 4694/4694/4694 4702/4702/4702
f 4695/4695/4695 4703/4703/4703 4704/4704/4704
f 4695/4695/4695 4704/4704/4704 4696/4696/4696
f 4697/4697/4697 4705/4705/4705 4706/4706/4706
f 4697/4697/4697 4706/4706/4706 4698/4698/4698
f 4707/4707/4707 4699/4699/4699 4700/4700/4700
f 4707/4707/4707 4700/4700/4700 4708/4708/4708
f 4703/4703/4703 4709/4709/4709 4710/4710/4710
f 4703/4703/4703 4710/4710/4710 4704/4704/4704
f 4705/4705/4705 4711/4711/4711 4712/4712/4712
f 4705/4705/4705 4712/4712/4712 4706/4706/4706
f 4713/4713/4713 4707/4707/4707 4708/4708/4708
f 4713/4713/4713 4708/4708/4708 4714/4714/4714
f 4709/4709/4709 4715/4715/4715 4716/4716/4716
f 4709/4709/4709 4716/4716/4716 4710/4710/4710
f 4711/4711/4711 4717/4717/4717 4718/4718/4718
f 4711/4711/4711 4718/4718/4718 4712/4712/4712
f 4672/4672/4672 4713/4713/4713 4714/4714/4714
f 4672/4672/4672 4714/4714/4714 4673/4673/4673
f 4715/4715/4715 4719/4719/4719 4720/4720/4720
f 4715/4715/4715 4720/4720/4720 4716/4716/4716
f 4717/4717/4717 4721/4721/4721 4722/4722/4722
f 4717/4717/4717 4722/4722/4722 4718/4718/4718
f 4723/4723/4723 4724/4724/4724 4725/4725/4725
f 4723/4723/4723 4725/4725/4725 4726/4726/4726
f 4719/4719/4719 4685/4685/4685 4688/4688/4688
f 4719/4719/4719 4688/4688/4688 4720/4720/4720
f 4721/4721/4721 4727/4727/4727 4728/4728/4728
f 4721/4721/4721 4728/4728/4728 4722/4722/4722
f 4659/4659/4659 4729/4729/4729 4730/4730/4730
f 4659/4659/4659 4730/4730/4730 4660/4660/4660
f 4664/4664/4664 4731/4731/4731 4732/4732/4732
f 4664/4664/4664 4732/4732/4732 4665/4665/4665
f 4727/4727/4727 4733/4733/4733 4734/4734/4734
f 4727/4727/4727 4734/4734/4734 4728/4728/4728
f 4729/4729/4729 4735/4735/4735 4736/4736/4736
f 4729/4729/4729 4736/4736/4736 4730/4730/4730
f 4737/4737/4737 4677/4677/4677 4678/4678/4678
f 4737/4737/4737 4678/4678/4678 4738/4738/4738
f 4733/4733/4733 4739/4739/4739 4740/4740/4740
f 4733/4733/4733 4740/4740/4740 4734/4734/4734
f 4741/4741/4741 4723/4723/4723 4726/4726/4726
f 4741/4741/4741 4726/4726/4726 4742/4742/4742
f 4743/4743/4743 4737/4737/4737 4738/4738/4738
f 4743/4743/4743 4738/4738/4738 4744/4744/4744
f 4739/4739/4739 4745/4745/4745 4746/4746/4746
f 4739/4739/4739 4746/4746/4746 4740/4740/4740
f 4747/4747/4747 4748/4748/4748 4749/4749/4749
f 4747/4747/4747 4749/4749/4749 4750/4750/4750
f 4731/4731/4731 4751/4751/4751 4752/4752/4752
f 4731/4731/4731 4752/4752/4752 4732/4732/4732
f 4748/4748/4748 4741/4741/4741 4742/4742/4742
f 4748/4748/4748 4742/4742/4742 4749/4749/4749
f 4753/4753/4753 4754/4754/4754 4755/4755/4755
f 4753/4753/4753 4755/4755/4755 4756/4756/4756
f 4735/4735/4735 4747/4747/4747 4750/4750/4750
f 4735/4735/4735 4750/4750/4750 4736/4736/4736
f 4751/4751/4751 4753/4753/4753 4756/4756/4756
f 4751/4751/4751 4756/4756/4756 4752/4752/4752
f 4757/4757/4757 4758/4758/4758 4759/4759/4759
f 4757/4757/4757 4759/4759/4759 4760/4760/4760
f 4754/4754/4754 4743/4743/4743 4744/4744/4744
f 4754/4754/4754 4744/4744/4744 4755/4755/4755
f 4761/4761/4761 4762/4762/4762 4763/4763/4763
f 4761/4761/4761 4763/4763/4763 4764/4764/4764
f 4765/4765/4765 4766/4766/4766 4767/4767/4767
f 4765/4765/4765 4767/4767/4767 4768/4768/4768
f 4769/4769/4769 4770/4770/4770 4771/4771/4771
f 4769/4769/4769 4771/4771/4771 4772/4772/4772
f 4773/4773/4773 4657/4657/4657 4658/4658/4658
f 4773/4773/4773 4658/4658/4658 4774/4774/4774
f 4775/4775/4775 4776/4776/4776 4777/4777/4777
f 4775/4775/4775 4777/4777/4777 4778/4778/4778
f 4770/4770/4770 4779/4779/4779 4780/4780/4780
f 4770/4770/4770 4780/4780/4780 4771/4771/4771
f 4779/4779/4779 4781/4781/4781 4782/4782/4782
f 4779/4779/4779 4782/4782/4782 4780/4780/4780
f 4781/4781/4781 4783/4783/4783 4784/4784/4784
f 4781/4781/4781 4784/4784/4784 4782/4782/4782
f 4783/4783/4783 4785/4785/4785 4786/4786/4786
f 4783/4783/4783 4786/4786/4786 4784/4784/4784
f 4787/4787/4787 4788/4788/4788 4789/4789/4789
f 4787/4787/4787 4789/4789/4789 4790/4790/4790
f 4785/4785/4785 4791/4791/4791 4792/4792/4792
f 4785/4785/4785 4792/4792/4792 4786/4786/4786
f 4724/4724/4724 4663/4663/4663 4666/4666/4666
f 4724/4724/4724 4666/4666/4666 4725/4725/4725
f 4791/4791/4791 4793/4793/4793 4794/4794/4794
f 4791/4791/4791 4794/4794/4794 4792/4792/4792
f 4795/4795/4795 4796/4796/4796 4797/4797/4797
f 4795/4795/4795 4797/4797/4797 4798/4798/4798
f 4799/4799/4799 4769/4769/4769 4772/4772/4772
f 4799/4799/4799 4772/4772/4772 4800/4800/4800
f 4801/4801/4801 4802/4802/4802 4803/4803/4803
f 4801/4801/4801 4803/4803/4803 4804/4804/4804
f 4793/4793/4793 4805/4805/4805 4806/4806/4806
f 4793/4793/4793 4806/4806/4806 4794/4794/4794
f 4807/4807/4807 4787/4787/4787 4790/4790/4790
f 4807/4807/4807 4790/4790/4790 4808/4808/4808
f 4809/4809/4809 4799/4799/4799 4800/4800/4800
f 4809/4809/4809 4800/4800/4800 4810/4810/4810
f 4811/4811/4811 4801/4801/4801 4804/4804/4804
f 4811/4811/4811 4804/4804/4804 4812/4812/4812
f 4805/4805/4805 4813/4813/4813 4814/4814/4814
f 4805/4805/4805 4814/4814/4814 4806/4806/4806
f 4796/4796/4796 4815/4815/4815 4816/4816/4816
f 4796/4796/4796 4816/4816/4816 4797/4797/4797
f 4817/4817/4817 4809/4809/4809 4810/4810/4810
f 4817/4817/4817 4810/4810/4810 4818/4818/4818
f 4819/4819/4819 4820/4820/4820 4821/4821/4821
f 4819/4819/4819 4821/4821/4821 4822/4822/4822
f 4813/4813/4813 4823/4823/4823 4824/4824/4824
f 4813/4813/4813 4824/4824/4824 4814/4814/4814
f 4825/4825/4825 4826/4826/4826 4827/4827/4827
f 4825/4825/4825 4827/4827/4827 4828/4828/4828
f 4829/4829/4829 4817/4817/4817 4818/4818/4818
f 4829/4829/4829 4818/4818/4818 4830/4830/4830
f 4802/4802/4802 4831/4831/4831 4832/4832/4832
f 4802/4802/4802 4832/4832/4832 4803/4803/4803
f 4823/4823/4823 4833/4833/4833 4834/4834/4834
f 4823/4823/4823 4834/4834/4834 4824/4824/4824
f 4835/4835/4835 4795/4795/4795 4798/4798/4798
f 4835/4835/4835 4798/4798/4798 4836/4836/4836
f 4837/4837/4837 4829/4829/4829 4830/4830/4830
f 4837/4837/4837 4830/4830/4830 4838/4838/4838
f 4831/4831/4831 4839/4839/4839 4840/4840/4840
f 4831/4831/4831 4840/4840/4840 4832/4832/4832
f 4833/4833/4833 4841/4841/4841 4842/4842/4842
f 4833/4833/4833 4842/4842/4842 4834/4834/4834
f 4843/4843/4843 4835/4835/4835 4836/4836/4836
f 4843/4843/4843 4836/4836/4836 4844/4844/4844
f 4845/4845/4845 4837/4837/4837 4838/4838/4838
f 4845/4845/4845 4838/4838/4838 4846/4846/4846
f 4839/4839/4839 4847/4847/4847 4848/4848/4848
f 4839/4839/4839 4848/4848/4848 4840/4840/4840
f 4841/4841/4841 4849/4849/4849 4850/4850/4850
f 4841/4841/4841 4850/4850/4850 4842/4842/4842
f 4851/4851/4851 4843/4843/4843 4844/4844/4844
f 4851/4851/4851 4844/4844/4844 4852/4852/4852
f 4853/4853/4853 4845/4845/4845 4846/4846/4846
f 4853/4853/4853 4846/4846/4846 4854/4854/4854
f 4847/4847/4847 4855/4855/4855 4856/4856/4856
f 4847/4847/4847 4856/4856/4856 4848/4848/4848
f 4849/4849/4849 4857/4857/4857 4858/4858/4858
f 4849/4849/4849 4858/4858/4858 4850/4850/4850
f 4859/4859/4859 4851/4851/4851 4852/4852/4852
f 4859/4859/4859 4852/4852/4852 4860/4860/4860
f 4861/4861/4861 4853/4853/4853 4854/4854/4854
f 4861/4861/4861 4854/4854/4854 4862/4862/4862
f 4855/4855/4855 4863/4863/4863 4864/4864/4864
f 4855/4855/4855 4864/4864/4864 4856/4856/4856
f 4865/4865/4865 4866/4866/4866 4867/4867/4867
f 4865/4865/4865 4867/4867/4867 4868/4868/4868
f 4869/4869/4869 4859/4859/4859 4860/4860/4860
f 4869/4869/4869 4860/4860/4860 4870/4870/4870
f 4871/4871/4871 4861/4861/4861 4862/4862/4862
f 4871/4871/4871 4862/4862/4862 4872/4872/4872
f 4863/4863/4863 4873/4873/4873 4874/4874/4874
f 4863/4863/4863 4874/4874/4874 4864/4864/4864
f 4875/4875/4875 4876/4876/4876 4877/4877/4877
f 4875/4875/4875 4877/4877/4877 4878/4878/4878
f 4879/4879/4879 4869/4869/4869 4870/4870/4870
f 4879/4879/4879 4870/4870/4870 4880/4880/4880
f 4881/4881/4881 4871/4871/4871 4872/4872/4872
f 4881/4881/4881 4872/4872/4872 4882/4882/4882
f 4788/4788/4788 4883/4883/4883 4884/4884/4884
f 4788/4788/4788 4884/4884/4884 4789/4789/4789
f 4876/4876/4876 4773/4773/4773 4774/4774/4774
f 4876/4876/4876 4774/4774/4774 4877/4877/4877
f 4885/4885/4885 4807/4807/4807 4808/4808/4808
f 4885/4885/4885 4808/4808/4808 4886/4886/4886
f 4887/4887/4887 4881/4881/4881 4882/4882/4882
f 4887/4887/4887 4882/4882/4882 4888/4888/4888
f 4889/4889/4889 4811/4811/4811 4812/4812/4812
f 4889/4889/4889 4812/4812/4812 4890/4890/4890
f 4891/4891/4891 4875/4875/4875 4878/4878/4878
f 4891/4891/4891 4878/4878/4878 4892/4892/4892
f 4815/4815/4815 4893/4893/4893 4894/4894/4894
f 4815/4815/4815 4894/4894/4894 4816/4816/4816
f 4895/4895/4895 4887/4887/4887 4888/4888/4888
f 4895/4895/4895 4888/4888/4888 4896/4896/4896
f 4897/4897/4897 4889/4889/4889 4890/4890/4890
f 4897/4897/4897 4890/4890/4890 4898/4898/4898
f 4899/4899/4899 4891/4891/4891 4892/4892/4892
f 4899/4899/4899 4892/4892/4892 4900/4900/4900
f 4893/4893/4893 4901/4901/4901 4902/4902/4902
f 4893/4893/4893 4902/4902/4902 4894/4894/4894
f 4903/4903/4903 4895/4895/4895 4896/4896/4896
f 4903/4903/4903 4896/4896/4896 4904/4904/4904
f 4883/4883/4883 4905/4905/4905 4906/4906/4906
f 4883/4883/4883 4906/4906/4906 4884/4884/4884
f 4907/4907/4907 4899/4899/4899 4900/4900/4900
f 4907/4907/4907 4900/4900/4900 4908/4908/4908
f 4909/4909/4909 4885/4885/4885 4886/4886/4886
f 4909/4909/4909 4886/4886/4886 4910/4910/4910
f 4911/4911/4911 4903/4903/4903 4904/4904/4904
f 4911/4911/4911 4904/4904/4904 4912/4912/4912
f 4913/4913/4913 4914/4914/4914 4915/4915/4915
f 4913/4913/4913 4915/4915/4915 4916/4916/4916
f 4917/4917/4917 4907/4907/4907 4908/4908/4908
f 4917/4917/4917 4908/4908/4908 4918/4918/4918
f 4919/4919/4919 4920/4920/4920 4921/4921/4921
f 4919/4919/4919 4921/4921/4921 4922/4922/4922
f 4923/4923/4923 4924/4924/4924 4925/4925/4925
f 4923/4923/4923 4925/4925/4925 4926/4926/4926
f 4905/4905/4905 4927/4927/4927 4928/4928/4928
f 4905/4905/4905 4928/4928/4928 4906/4906/4906
f 4929/4929/4929 4917/4917/4917 4918/4918/4918
f 4929/4929/4929 4918/4918/4918 4930/4930/4930
f 4931/4931/4931 4909/4909/4909 4910/4910/4910
f 4931/4931/4931 4910/4910/4910 4932/4932/4932
f 4642/4642/4642 4667/4667/4667 4670/4670/4670
f 4642/4642/4642 4670/4670/4670 4643/4643/4643
f 4914/4914/4914 4897/4897/4897 4898/4898/4898
f 4914/4914/4914 4898/4898/4898 4915/4915/4915
f 4650/4650/4650 4929/4929/4929 4930/4930/4930
f 4650/4650/4650 4930/4930/4930 4651/4651/4651
f 4901/4901/4901 4919/4919/4919 4922/4922/4922
f 4901/4901/4901 4922/4922/4922 4902/4902/4902
f 4933/4933/4933 4934/4934/4934 4935/4935/4935
f 4933/4933/4933 4935/4935/4935 4936/4936/4936
f 4937/4937/4937 4938/4938/4938 4939/4939/4939
f 4937/4937/4937 4939/4939/4939 4940/4940/4940
f 4941/4941/4941 4942/4942/4942 4943/4943/4943
f 4941/4941/4941 4943/4943/4943 4944/4944/4944
f 4945/4945/4945 4946/4946/4946 4947/4947/4947
f 4945/4945/4945 4947/4947/4947 4948/4948/4948
f 4949/4949/4949 4950/4950/4950 4951/4951/4951
f 4949/4949/4949 4951/4951/4951 4952/4952/4952
f 4953/4953/4953 4954/4954/4954 4955/4955/4955
f 4953/4953/4953 4955/4955/4955 4956/4956/4956
f 4957/4957/4957 4958/4958/4958 4959/4959/4959
f 4957/4957/4957 4959/4959/4959 4960/4960/4960
f 4961/4961/4961 4962/4962/4962 4963/4963/4963
f 4961/4961/4961 4963/4963/4963 4964/4964/4964
f 4965/4965/4965 4966/4966/4966 4967/4967/4967
f 4965/4965/4965 4967/4967/4967 4968/4968/4968
f 4969/4969/4969 4970/4970/4970 4971/4971/4971
f 4969/4969/4969 4971/4971/4971 4972/4972/4972
f 4973/4973/4973 4974/4974/4974 4975/4975/4975
f 4973/4973/4973 4975/4975/4975 4976/4976/4976
f 4977/4977/4977 4978/4978/4978 4979/4979/4979
f 4977/4977/4977 4979/4979/4979 4980/4980/4980
f 4981/4981/4981 4982/4982/4982 4983/4983/4983
f 4981/4981/4981 4983/4983/4983 4984/4984/4984
f 4985/4985/4985 4986/4986/4986 4987/4987/4987
f 4985/4985/4985 4987/4987/4987 4988/4988/4988
f 4989/4989/4989 4990/4990/4990 4991/4991/4991
f 4989/4989/4989 4991/4991/4991 4992/4992/4992
f 4993/4993/4993 4994/4994/4994 4995/4995/4995
f 4993/4993/4993 4995/4995/4995 4996/4996/4996
f 4997/4997/4997 4998/4998/4998 4999/4999/4999
f 4997/4997/4997 4999/4999/4999 5000/5000/5000
f 5001/5001/5001 5002/5002/5002 5003/5003/5003
f 5001/5001/5001 5003/5003/5003 5004/5004/5004
f 5005/5005/5005 5006/5006/5006 5007/5007/5007
f 5005/5005/5005 5007/5007/5007 5008/5008/5008
f 5009/5009/5009 5010/5010/5010 5011/5011/5011
f 5009/5009/5009 5011/5011/5011 5012/5012/5012
f 5013/5013/5013 5014/5014/5014 5015/5015/5015
f 5013/5013/5013 5015/5015/5015 5016/5016/5016
f 5017/5017/5017 5018/5018/5018 5019/5019/5019
f 5017/5017/5017 5019/5019/5019 5020/5020/5020
f 5021/5021/5021 5022/5022/5022 5023/5023/5023
f 5021/5021/5021 5023/5023/5023 5024/5024/5024
f 5025/5025/5025 5026/5026/5026 5027/5027/5027
f 5025/5025/5025 5027/5027/5027 5028/5028/5028
f 5029/5029/5029 5030/5030/5030 5031/5031/5031
f 5029/5029/5029 5031/5031/5031 5032/5032/5032
f 5030/5030/5030 5033/5033/5033 5034/5034/5034
f 5030/5030/5030 5034/5034/5034 5031/5031/5031
f 5033/5033/5033 5035/5035/5035 5036/5036/5036
f 5033/5033/5033 5036/5036/5036 5034/5034/5034
f 5035/5035/5035 5037/5037/5037 5038/5038/5038
f 5035/5035/5035 5038/5038/5038 5036/5036/5036
f 5039/5039/5039 5040/5040/5040 5041/5041/5041
f 5039/5039/5039 5041/5041/5041 5042/5042/5042
f 5043/5043/5043 5044/5044/5044 5045/5045/5045
f 5043/5043/5043 5045/5045/5045 5046/5046/5046
f 5047/5047/5047 5048/5048/5048 5049/5049/5049
f 5047/5047/5047 5049/5049/5049 5050/5050/5050
f 5051/5051/5051 5052/5052/5052 5053/5053/5053
f 5051/5051/5051 5053/5053/5053 5054/5054/5054
f 5055/5055/5055 5056/5056/5056 5057/5057/5057
f 5055/5055/5055 5057/5057/5057 5058/5058/5058
f 5059/5059/5059 5060/5060/5060 5061/5061/5061
f 5059/5059/5059 5061/5061/5061 5062/5062/5062
f 5063/5063/5063 5064/5064/5064 5065/5065/5065
f 5063/5063/5063 5065/5065/5065 5066/5066/5066
f 5067/5067/5067 5068/5068/5068 5069/5069/5069
f 5067/5067/5067 5069/5069/5069 5070/5070/5070
f 5071/5071/5071 5072/5072/5072 5073/5073/5073
f 5071/5071/5071 5073/5073/5073 5074/5074/5074
f 5075/5075/5075 5076/5076/5076 5077/5077/5077
f 5075/5075/5075 5077/5077/5077 5078/5078/5078
f 5079/5079/5079 5080/5080/5080 5081/5081/5081
f 5079/5079/5079 5081/5081/5081 5082/5082/5082
f 5083/5083/5083 5084/5084/5084 5085/5085/5085
f 5083/5083/5083 5085/5085/5085 5086/5086/5086
f 5087/5087/5087 5088/5088/5088 5089/5089/5089
f 5087/5087/5087 5089/5089/5089 5090/5090/5090
f 5091/5091/5091 5092/5092/5092 5093/5093/5093
f 5091/5091/5091 5093/5093/5093 5094/5094/5094
f 5095/5095/5095 5096/5096/5096 5097/5097/5097
f 5095/5095/5095 5097/5097/5097 5098/5098/5098
f 5099/5099/5099 5100/5100/5100 5101/5101/5101
f 5099/5099/5099 5101/5101/5101 5102/5102/5102
f 5103/5103/5103 5104/5104/5104 5105/5105/5105
f 5103/5103/5103 5105/5105/5105 5106/5106/5106
f 5107/5107/5107 5108/5108/5108 5109/5109/5109
f 5107/5107/5107 5109/5109/5109 5110/5110/5110
f 5111/5111/5111 5112/5112/5112 5113/5113/5113
f 5111/5111/5111 5113/5113/5113 5114/5114/5114
f 5115/5115/5115 5116/5116/5116 5117/5117/5117
f 5115/5115/5115 5117/5117/5117 5118/5118/5118
f 5119/5119/5119 5120/5120/5120 5121/5121/5121
f 5119/5119/5119 5121/5121/5121 5122/5122/5122
f 5123/5123/5123 5124/5124/5124 5125/5125/5125
f 5123/5123/5123 5125/5125/5125 5126/5126/5126
f 5127/5127/5127 5128/5128/5128 5129/5129/5129
f 5127/5127/5127 5129/5129/5129 5130/5130/5130
f 5131/5131/5131 5132/5132/5132 5133/5133/5133
f 5131/5131/5131 5133/5133/5133 5134/5134/5134
f 5135/5135/5135 5136/5136/5136 5137/5137/5137
f 5135/5135/5135 5137/5137/5137 5138/5138/5138
f 5139/5139/5139 5140/5140/5140 5141/5141/5141
f 5139/5139/5139 5141/5141/5141 5142/5142/5142
f 5143/5143/5143 5144/5144/5144 5145/5145/5145
f 5143/5143/5143 5145/5145/5145 5146/5146/5146
f 5147/5147/5147 5148/5148/5148 5149/5149/5149
f 5147/5147/5147 5149/5149/5149 5150/5150/5150
f 5151/5151/5151 413/413/413 403/403/403
f 5151/5151/5151 403/403/403 5152/5152/5152
f 5153/5153/5153 5154/5154/5154 414/414/414
f 5153/5153/5153 414/414/414 423/423/423
f 5155/5155/5155 5156/5156/5156 405/405/405
f 5155/5155/5155 405/405/405 430/430/430
f 5157/5157/5157 440/440/440 431/431/431
f 5157/5157/5157 431/431/431 5158/5158/5158
f 5159/5159/5159 5160/5160/5160 5161/5161/5161
f 5159/5159/5159 5161/5161/5161 5162/5162/5162
f 5163/5163/5163 5164/5164/5164 5165/5165/5165
f 5163/5163/5163 5165/5165/5165 5166/5166/5166
f 5160/5160/5160 5167/5167/5167 5168/5168/5168
f 5160/5160/5160 5168/5168/5168 5161/5161/5161
f 5169/5169/5169 5170/5170/5170 5171/5171/5171
f 5169/5169/5169 5171/5171/5171 5172/5172/5172
f 5173/5173/5173 5174/5174/5174 5175/5175/5175
f 5173/5173/5173 5175/5175/5175 5176/5176/5176
f 5177/5177/5177 5163/5163/5163 5166/5166/5166
f 5177/5177/5177 5166/5166/5166 5178/5178/5178
f 5179/5179/5179 5180/5180/5180 5181/5181/5181
f 5179/5179/5179 5181/5181/5181 5182/5182/5182
f 5183/5183/5183 5184/5184/5184 5185/5185/5185
f 5183/5183/5183 5185/5185/5185 5186/5186/5186
f 5187/5187/5187 5173/5173/5173 5176/5176/5176
f 5187/5187/5187 5176/5176/5176 5188/5188/5188
f 5180/5180/5180 5189/5189/5189 5190/5190/5190
f 5180/5180/5180 5190/5190/5190 5181/5181/5181
f 5191/5191/5191 5192/5192/5192 5193/5193/5193
f 5191/5191/5191 5193/5193/5193 5194/5194/5194
f 5184/5184/5184 5195/5195/5195 5196/5196/5196
f 5184/5184/5184 5196/5196/5196 5185/5185/5185
f 5197/5197/5197 5198/5198/5198 5199/5199/5199
f 5197/5197/5197 5199/5199/5199 5200/5200/5200
f 5201/5201/5201 5187/5187/5187 5188/5188/5188
f 5201/5201/5201 5188/5188/5188 5202/5202/5202
f 5203/5203/5203 5169/5169/5169 5172/5172/5172
f 5203/5203/5203 5172/5172/5172 5204/5204/5204
f 5189/5189/5189 5205/5205/5205 5206/5206/5206
f 5189/5189/5189 5206/5206/5206 5190/5190/5190
f 5174/5174/5174 5207/5207/5207 5208/5208/5208
f 5174/5174/5174 5208/5208/5208 5175/5175/5175
f 5209/5209/5209 5210/5210/5210 5211/5211/5211
f 5209/5209/5209 5211/5211/5211 5212/5212/5212
f 5213/5213/5213 5179/5179/5179 5182/5182/5182
f 5213/5213/5213 5182/5182/5182 5214/5214/5214
f 5207/5207/5207 5159/5159/5159 5162/5162/5162
f 5207/5207/5207 5162/5162/5162 5208/5208/5208
f 5215/5215/5215 5216/5216/5216 5217/5217/5217
f 5215/5215/5215 5217/5217/5217 5218/5218/5218
f 5164/5164/5164 5213/5213/5213 5214/5214/5214
f 5164/5164/5164 5214/5214/5214 5165/5165/5165
f 5219/5219/5219 453/453/453 443/443/443
f 5219/5219/5219 443/443/443 5220/5220/5220
f 5221/5221/5221 5222/5222/5222 454/454/454
f 5221/5221/5221 454/454/454 463/463/463
f 5223/5223/5223 5224/5224/5224 445/445/445
f 5223/5223/5223 445/445/445 470/470/470
f 5225/5225/5225 480/480/480 471/471/471
f 5225/5225/5225 471/471/471 5226/5226/5226
f 5227/5227/5227 5228/5228/5228 5229/5229/5229
f 5227/5227/5227 5229/5229/5229 5230/5230/5230
f 5231/5231/5231 5232/5232/5232 5233/5233/5233
f 5231/5231/5231 5233/5233/5233 5234/5234/5234
f 5228/5228/5228 5235/5235/5235 5236/5236/5236
f 5228/5228/5228 5236/5236/5236 5229/5229/5229
f 5237/5237/5237 5238/5238/5238 5239/5239/5239
f 5237/5237/5237 5239/5239/5239 5240/5240/5240
f 5241/5241/5241 5242/5242/5242 5243/5243/5243
f 5241/5241/5241 5243/5243/5243 5244/5244/5244
f 5245/5245/5245 5231/5231/5231 5234/5234/5234
f 5245/5245/5245 5234/5234/5234 5246/5246/5246
f 5247/5247/5247 5248/5248/5248 5249/5249/5249
f 5247/5247/5247 5249/5249/5249 5250/5250/5250
f 5251/5251/5251 5252/5252/5252 5253/5253/5253
f 5251/5251/5251 5253/5253/5253 5254/5254/5254
f 5255/5255/5255 5241/5241/5241 5244/5244/5244
f 5255/5255/5255 5244/5244/5244 5256/5256/5256
f 5248/5248/5248 5257/5257/5257 5258/5258/5258
f 5248/5248/5248 5258/5258/5258 5249/5249/5249
f 5259/5259/5259 5260/5260/5260 5261/5261/5261
f 5259/5259/5259 5261/5261/5261 5262/5262/5262
f 5252/5252/5252 5263/5263/5263 5264/5264/5264
f 5252/5252/5252 5264/5264/5264 5253/5253/5253
f 5265/5265/5265 5266/5266/5266 5267/5267/5267
f 5265/5265/5265 5267/5267/5267 5268/5268/5268
f 5269/5269/5269 5255/5255/5255 5256/5256/5256
f 5269/5269/5269 5256/5256/5256 5270/5270/5270
f 5271/5271/5271 5237/5237/5237 5240/5240/5240
f 5271/5271/5271 5240/5240/5240 5272/5272/5272
f 5257/5257/5257 5273/5273/5273 5274/5274/5274
f 5257/5257/5257 5274/5274/5274 5258/5258/5258
f 5242/5242/5242 5275/5275/5275 5276/5276/5276
f 5242/5242/5242 5276/5276/5276 5243/5243/5243
f 5277/5277/5277 5278/5278/5278 5279/5279/5279
f 5277/5277/5277 5279/5279/5279 5280/5280/5280
f 5281/5281/5281 5247/5247/5247 5250/5250/5250
f 5281/5281/5281 5250/5250/5250 5282/5282/5282
f 5275/5275/5275 5227/5227/5227 5230/5230/5230
f 5275/5275/5275 5230/5230/5230 5276/5276/5276
f 5283/5283/5283 5284/5284/5284 5285/5285/5285
f 5283/5283/5283 5285/5285/5285 5286/5286/5286
f 5232/5232/5232 5281/5281/5281 5282/5282/5282
f 5232/5232/5232 5282/5282/5282 5233/5233/5233
f 5287/5287/5287 5288/5288/5288 5168/5168/5168
f 5287/5287/5287 5168/5168/5168 5167/5167/5167
f 5289/5289/5289 5177/5177/5177 5178/5178/5178
f 5289/5289/5289 5178/5178/5178 5290/5290/5290
f 5291/5291/5291 5292/5292/5292 5236/5236/5236
f 5291/5291/5291 5236/5236/5236 5235/5235/5235
f 5293/5293/5293 5245/5245/5245 5246/5246/5246
f 5293/5293/5293 5246/5246/5246 5294/5294/5294
f 5295/5295/5295 5296/5296/5296 5297/5297/5297
f 5295/5295/5295 5297/5297/5297 5298/5298/5298
f 5299/5299/5299 5300/5300/5300 5301/5301/5301
f 5299/5299/5299 5301/5301/5301 5302/5302/5302
f 5303/5303/5303 5304/5304/5304 5305/5305/5305
f 5303/5303/5303 5305/5305/5305 5306/5306/5306
f 5307/5307/5307 5308/5308/5308 5309/5309/5309
f 5307/5307/5307 5309/5309/5309 5310/5310/5310
f 5311/5311/5311 5303/5303/5303 5306/5306/5306
f 5311/5311/5311 5306/5306/5306 5312/5312/5312
f 5308/5308/5308 5313/5313/5313 5314/5314/5314
f 5308/5308/5308 5314/5314/5314 5309/5309/5309
f 5296/5296/5296 5315/5315/5315 5316/5316/5316
f 5296/5296/5296 5316/5316/5316 5297/5297/5297
f 5313/5313/5313 5317/5317/5317 5318/5318/5318
f 5313/5313/5313 5318/5318/5318 5314/5314/5314
f 5319/5319/5319 5320/5320/5320 5321/5321/5321
f 5319/5319/5319 5321/5321/5321 5322/5322/5322
f 5317/5317/5317 5323/5323/5323 5324/5324/5324
f 5317/5317/5317 5324/5324/5324 5318/5318/5318
f 5325/5325/5325 5307/5307/5307 5310/5310/5310
f 5325/5325/5325 5310/5310/5310 5326/5326/5326
f 5315/5315/5315 5319/5319/5319 5322/5322/5322
f 5315/5315/5315 5322/5322/5322 5316/5316/5316
f 5323/5323/5323 5327/5327/5327 5328/5328/5328
f 5323/5323/5323 5328/5328/5328 5324/5324/5324
f 5329/5329/5329 5295/5295/5295 5298/5298/5298
f 5329/5329/5329 5298/5298/5298 5330/5330/5330
f 5320/5320/5320 5311/5311/5311 5312/5312/5312
f 5320/5320/5320 5312/5312/5312 5321/5321/5321
f 5327/5327/5327 5299/5299/5299 5302/5302/5302
f 5327/5327/5327 5302/5302/5302 5328/5328/5328
f 5304/5304/5304 5325/5325/5325 5326/5326/5326
f 5304/5304/5304 5326/5326/5326 5305/5305/5305
f 5331/5331/5331 5332/5332/5332 5333/5333/5333
f 5331/5331/5331 5333/5333/5333 5334/5334/5334
f 5335/5335/5335 5336/5336/5336 5337/5337/5337
f 5335/5335/5335 5337/5337/5337 5338/5338/5338
f 5339/5339/5339 5340/5340/5340 5341/5341/5341
f 5339/5339/5339 5341/5341/5341 5342/5342/5342
f 5343/5343/5343 5344/5344/5344 5345/5345/5345
f 5343/5343/5343 5345/5345/5345 5346/5346/5346
f 5347/5347/5347 5348/5348/5348 5340/5340/5340
f 5347/5347/5347 5340/5340/5340 5339/5339/5339
f 5346/5346/5346 5345/5345/5345 5349/5349/5349
f 5346/5346/5346 5349/5349/5349 5350/5350/5350
f 5334/5334/5334 5333/5333/5333 5351/5351/5351
f 5334/5334/5334 5351/5351/5351 5352/5352/5352
f 5350/5350/5350 5349/5349/5349 5353/5353/5353
f 5350/5350/5350 5353/5353/5353 5354/5354/5354
f 5355/5355/5355 5356/5356/5356 5357/5357/5357
f 5355/5355/5355 5357/5357/5357 5358/5358/5358
f 5354/5354/5354 5353/5353/5353 5359/5359/5359
f 5354/5354/5354 5359/5359/5359 5360/5360/5360
f 5361/5361/5361 5362/5362/5362 5344/5344/5344
f 5361/5361/5361 5344/5344/5344 5343/5343/5343
f 5352/5352/5352 5351/5351/5351 5356/5356/5356
f 5352/5352/5352 5356/5356/5356 5355/5355/5355
f 5360/5360/5360 5359/5359/5359 5363/5363/5363
f 5360/5360/5360 5363/5363/5363 5364/5364/5364
f 5329/5329/5329 5330/5330/5330 5332/5332/5332
f 5329/5329/5329 5332/5332/5332 5331/5331/5331
f 5358/5358/5358 5357/5357/5357 5348/5348/5348
f 5358/5358/5358 5348/5348/5348 5347/5347/5347
f 5364/5364/5364 5363/5363/5363 5336/5336/5336
f 5364/5364/5364 5336/5336/5336 5335/5335/5335
f 5342/5342/5342 5341/5341/5341 5362/5362/5362
f 5342/5342/5342 5362/5362/5362 5361/5361/5361
f 5365/5365/5365 5366/5366/5366 5367/5367/5367
f 5365/5365/5365 5367/5367/5367 5368/5368/5368
f 5369/5369/5369 5370/5370/5370 5371/5371/5371
f 5369/5369/5369 5371/5371/5371 5372/5372/5372
f 5366/5366/5366 5373/5373/5373 5374/5374/5374
f 5366/5366/5366 5374/5374/5374 5367/5367/5367
f 5370/5370/5370 5375/5375/5375 5376/5376/5376
f 5370/5370/5370 5376/5376/5376 5371/5371/5371
f 5373/5373/5373 5377/5377/5377 5378/5378/5378
f 5373/5373/5373 5378/5378/5378 5374/5374/5374
f 5375/5375/5375 5379/5379/5379 5380/5380/5380
f 5375/5375/5375 5380/5380/5380 5376/5376/5376
f 5377/5377/5377 5381/5381/5381 5382/5382/5382
f 5377/5377/5377 5382/5382/5382 5378/5378/5378
f 5379/5379/5379 5383/5383/5383 5384/5384/5384
f 5379/5379/5379 5384/5384/5384 5380/5380/5380
f 5381/5381/5381 5385/5385/5385 5386/5386/5386
f 5381/5381/5381 5386/5386/5386 5382/5382/5382
f 5383/5383/5383 5387/5387/5387 5388/5388/5388
f 5383/5383/5383 5388/5388/5388 5384/5384/5384
f 5389/5389/5389 5390/5390/5390 5391/5391/5391
f 5389/5389/5389 5391/5391/5391 5392/5392/5392
f 5387/5387/5387 5393/5393/5393 5394/5394/5394
f 5387/5387/5387 5394/5394/5394 5388/5388/5388
f 5390/5390/5390 5395/5395/5395 5396/5396/5396
f 5390/5390/5390 5396/5396/5396 5391/5391/5391
f 5393/5393/5393 5365/5365/5365 5368/5368/5368
f 5393/5393/5393 5368/5368/5368 5394/5394/5394
f 5395/5395/5395 5369/5369/5369 5372/5372/5372
f 5395/5395/5395 5372/5372/5372 5396/5396/5396
f 5397/5397/5397 5398/5398/5398 5399/5399/5399
f 5397/5397/5397 5399/5399/5399 5400/5400/5400
f 5401/5401/5401 5402/5402/5402 5403/5403/5403
f 5401/5401/5401 5403/5403/5403 5404/5404/5404
f 5400/5400/5400 5399/5399/5399 5405/5405/5405
f 5400/5400/5400 5405/5405/5405 5406/5406/5406
f 5404/5404/5404 5403/5403/5403 5407/5407/5407
f 5404/5404/5404 5407/5407/5407 5408/5408/5408
f 5406/5406/5406 5405/5405/5405 5409/5409/5409
f 5406/5406/5406 5409/5409/5409 5410/5410/5410
f 5408/5408/5408 5407/5407/5407 5411/5411/5411
f 5408/5408/5408 5411/5411/5411 5412/5412/5412
f 5410/5410/5410 5409/5409/5409 5413/5413/5413
f 5410/5410/5410 5413/5413/5413 5414/5414/5414
f 5412/5412/5412 5411/5411/5411 5415/5415/5415
f 5412/5412/5412 5415/5415/5415 5416/5416/5416
f 5414/5414/5414 5413/5413/5413 5417/5417/5417
f 5414/5414/5414 5417/5417/5417 5418/5418/5418
f 5416/5416/5416 5415/5415/5415 5419/5419/5419
f 5416/5416/5416 5419/5419/5419 5420/5420/5420
f 5389/5389/5389 5392/5392/5392 5421/5421/5421
f 5389/5389/5389 5421/5421/5421 5422/5422/5422
f 5420/5420/5420 5419/5419/5419 5423/5423/5423
f 5420/5420/5420 5423/5423/5423 5424/5424/5424
f 5422/5422/5422 5421/5421/5421 5425/5425/5425
f 5422/5422/5422 5425/5425/5425 5426/5426/5426
f 5424/5424/5424 5423/5423/5423 5398/5398/5398
f 5424/5424/5424 5398/5398/5398 5397/5397/5397
f 5426/5426/5426 5425/5425/5425 5402/5402/5402
f 5426/5426/5426 5402/5402/5402 5401/5401/5401
f 5427/5427/5427 5428/5428/5428 5429/5429/5429
f 5427/5427/5427 5429/5429/5429 5430/5430/5430
f 5431/5431/5431 5432/5432/5432 5433/5433/5433
f 5431/5431/5431 5433/5433/5433 5434/5434/5434
f 5435/5435/5435 5436/5436/5436 5437/5437/5437
f 5435/5435/5435 5437/5437/5437 5438/5438/5438
f 5439/5439/5439 5440/5440/5440 5441/5441/5441
f 5439/5439/5439 5441/5441/5441 5442/5442/5442
f 5443/5443/5443 5444/5444/5444 5436/5436/5436
f 5443/5443/5443 5436/5436/5436 5435/5435/5435
f 5442/5442/5442 5441/5441/5441 5445/5445/5445
f 5442/5442/5442 5445/5445/5445 5446/5446/5446
f 5430/5430/5430 5429/5429/5429 5447/5447/5447
f 5430/5430/5430 5447/5447/5447 5448/5448/5448
f 5446/5446/5446 5445/5445/5445 5449/5449/5449
f 5446/5446/5446 5449/5449/5449 5450/5450/5450
f 5451/5451/5451 5452/5452/5452 5453/5453/5453
f 5451/5451/5451 5453/5453/5453 5454/5454/5454
f 5450/5450/5450 5449/5449/5449 5455/5455/5455
f 5450/5450/5450 5455/5455/5455 5456/5456/5456
f 5457/5457/5457 5458/5458/5458 5440/5440/5440
f 5457/5457/5457 5440/5440/5440 5439/5439/5439
f 5448/5448/5448 5447/5447/5447 5452/5452/5452
f 5448/5448/5448 5452/5452/5452 5451/5451/5451
f 5456/5456/5456 5455/5455/5455 5459/5459/5459
f 5456/5456/5456 5459/5459/5459 5460/5460/5460
f 5461/5461/5461 5462/5462/5462 5428/5428/5428
f 5461/5461/5461 5428/5428/5428 5427/5427/5427
f 5454/5454/5454 5453/5453/5453 5444/5444/5444
f 5454/5454/5454 5444/5444/5444 5443/5443/5443
f 5460/5460/5460 5459/5459/5459 5432/5432/5432
f 5460/5460/5460 5432/5432/5432 5431/5431/5431
f 5438/5438/5438 5437/5437/5437 5458/5458/5458
f 5438/5438/5438 5458/5458/5458 5457/5457/5457
f 5463/5463/5463 5464/5464/5464 5465/5465/5465
f 5463/5463/5463 5465/5465/5465 5466/5466/5466
f 5467/5467/5467 5468/5468/5468 5469/5469/5469
f 5467/5467/5467 5469/5469/5469 5470/5470/5470
f 5471/5471/5471 5472/5472/5472 5473/5473/5473
f 5471/5471/5471 5473/5473/5473 5474/5474/5474
f 5475/5475/5475 5476/5476/5476 5477/5477/5477
f 5475/5475/5475 5477/5477/5477 5478/5478/5478
f 5479/5479/5479 5471/5471/5471 5474/5474/5474
f 5479/5479/5479 5474/5474/5474 5480/5480/5480
f 5476/5476/5476 5481/5481/5481 5482/5482/5482
f 5476/5476/5476 5482/5482/5482 5477/5477/5477
f 5464/5464/5464 5483/5483/5483 5484/5484/5484
f 5464/5464/5464 5484/5484/5484 5465/5465/5465
f 5481/5481/5481 5485/5485/5485 5486/5486/5486
f 5481/5481/5481 5486/5486/5486 5482/5482/5482
f 5487/5487/5487 5488/5488/5488 5489/5489/5489
f 5487/5487/5487 5489/5489/5489 5490/5490/5490
f 5485/5485/5485 5491/5491/5491 5492/5492/5492
f 5485/5485/5485 5492/5492/5492 5486/5486/5486
f 5493/5493/5493 5475/5475/5475 5478/5478/5478
f 5493/5493/5493 5478/5478/5478 5494/5494/5494
f 5483/5483/5483 5487/5487/5487 5490/5490/5490
f 5483/5483/5483 5490/5490/5490 5484/5484/5484
f 5491/5491/5491 5495/5495/5495 5496/5496/5496
f 5491/5491/5491 5496/5496/5496 5492/5492/5492
f 5461/5461/5461 5463/5463/5463 5466/5466/5466
f 5461/5461/5461 5466/5466/5466 5462/5462/5462
f 5488/5488/5488 5479/5479/5479 5480/5480/5480
f 5488/5488/5488 5480/5480/5480 5489/5489/5489
f 5495/5495/5495 5467/5467/5467 5470/5470/5470
f 5495/5495/5495 5470/5470/5470 5496/5496/5496
f 5472/5472/5472 5493/5493/5493 5494/5494/5494
f 5472/5472/5472 5494/5494/5494 5473/5473/5473
f 5497/5497/5497 5498/5498/5498 5499/5499/5499
f 5497/5497/5497 5499/5499/5499 5500/5500/5500
f 5501/5501/5501 5502/5502/5502 5503/5503/5503
f 5501/5501/5501 5503/5503/5503 5504/5504/5504
f 5500/5500/5500 5499/5499/5499 5505/5505/5505
f 5500/5500/5500 5505/5505/5505 5506/5506/5506
f 5504/5504/5504 5503/5503/5503 5507/5507/5507
f 5504/5504/5504 5507/5507/5507 5508/5508/5508
f 5506/5506/5506 5505/5505/5505 5509/5509/5509
f 5506/5506/5506 5509/5509/5509 5510/5510/5510
f 5508/5508/5508 5507/5507/5507 5511/5511/5511
f 5508/5508/5508 5511/5511/5511 5512/5512/5512
f 5510/5510/5510 5509/5509/5509 5513/5513/5513
f 5510/5510/5510 5513/5513/5513 5514/5514/5514
f 5512/5512/5512 5511/5511/5511 5515/5515/5515
f 5512/5512/5512 5515/5515/5515 5516/5516/5516
f 5514/5514/5514 5513/5513/5513 5517/5517/5517
f 5514/5514/5514 5517/5517/5517 5518/5518/5518
f 5516/5516/5516 5515/5515/5515 5519/5519/5519
f 5516/5516/5516 5519/5519/5519 5520/5520/5520
f 5521/5521/5521 5522/5522/5522 5523/5523/5523
f 5521/5521/5521 5523/5523/5523 5524/5524/5524
f 5520/5520/5520 5519/5519/5519 5525/5525/5525
f 5520/5520/5520 5525/5525/5525 5526/5526/5526
f 5524/5524/5524 5523/5523/5523 5527/5527/5527
f 5524/5524/5524 5527/5527/5527 5528/5528/5528
f 5526/5526/5526 5525/5525/5525 5498/5498/5498
f 5526/5526/5526 5498/5498/5498 5497/5497/5497
f 5528/5528/5528 5527/5527/5527 5502/5502/5502
f 5528/5528/5528 5502/5502/5502 5501/5501/5501
f 5529/5529/5529 5530/5530/5530 5531/5531/5531
f 5529/5529/5529 5531/5531/5531 5532/5532/5532
f 5533/5533/5533 5534/5534/5534 5535/5535/5535
f 5533/5533/5533 5535/5535/5535 5536/5536/5536
f 5530/5530/5530 5537/5537/5537 5538/5538/5538
f 5530/5530/5530 5538/5538/5538 5531/5531/5531
f 5534/5534/5534 5539/5539/5539 5540/5540/5540
f 5534/5534/5534 5540/5540/5540 5535/5535/5535
f 5537/5537/5537 5541/5541/5541 5542/5542/5542
f 5537/5537/5537 5542/5542/5542 5538/5538/5538
f 5539/5539/5539 5543/5543/5543 5544/5544/5544
f 5539/5539/5539 5544/5544/5544 5540/5540/5540
f 5541/5541/5541 5545/5545/5545 5546/5546/5546
f 5541/5541/5541 5546/5546/5546 5542/5542/5542
f 5543/5543/5543 5547/5547/5547 5548/5548/5548
f 5543/5543/5543 5548/5548/5548 5544/5544/5544
f 5545/5545/5545 5549/5549/5549 5550/5550/5550
f 5545/5545/5545 5550/5550/5550 5546/5546/5546
f 5547/5547/5547 5551/5551/5551 5552/5552/5552
f 5547/5547/5547 5552/5552/5552 5548/5548/5548
f 5521/5521/5521 5553/5553/5553 5554/5554/5554
f 5521/5521/5521 5554/5554/5554 5522/5522/5522
f 5551/5551/5551 5555/5555/5555 5556/5556/5556
f 5551/5551/5551 5556/5556/5556 5552/5552/5552
f 5553/5553/5553 5557/5557/5557 5558/5558/5558
f 5553/5553/5553 5558/5558/5558 5554/5554/5554
f 5555/5555/5555 5529/5529/5529 5532/5532/5532
f 5555/5555/5555 5532/5532/5532 5556/5556/5556
f 5557/5557/5557 5533/5533/5533 5536/5536/5536
f 5557/5557/5557 5536/5536/5536 5558/5558/5558
f 5559/5559/5559 5560/5560/5560 5561/5561/5561
f 5559/5559/5559 5561/5561/5561 5562/5562/5562
f 5563/5563/5563 5564/5564/5564 5565/5565/5565
f 5563/5563/5563 5565/5565/5565 5566/5566/5566
f 5567/5567/5567 5568/5568/5568 5569/5569/5569
f 5567/5567/5567 5569/5569/5569 5570/5570/5570
f 5571/5571/5571 5572/5572/5572 5573/5573/5573
f 5571/5571/5571 5573/5573/5573 5574/5574/5574
f 5575/5575/5575 5559/5559/5559 5562/5562/5562
f 5575/5575/5575 5562/5562/5562 5576/5576/5576
f 5564/5564/5564 5577/5577/5577 5578/5578/5578
f 5564/5564/5564 5578/5578/5578 5565/5565/5565
f 5579/5579/5579 5567/5567/5567 5570/5570/5570
f 5579/5579/5579 5570/5570/5570 5580/5580/5580
f 5581/5581/5581 5582/5582/5582 5583/5583/5583
f 5581/5581/5581 5583/5583/5583 5584/5584/5584
f 5585/5585/5585 5586/5586/5586 5587/5587/5587
f 5585/5585/5585 5587/5587/5587 5588/5588/5588
f 5589/5589/5589 5590/5590/5590 5591/5591/5591
f 5589/5589/5589 5591/5591/5591 5592/5592/5592
f 5593/5593/5593 5579/5579/5579 5580/5580/5580
f 5593/5593/5593 5580/5580/5580 5594/5594/5594
f 5595/5595/5595 5571/5571/5571 5574/5574/5574
f 5595/5595/5595 5574/5574/5574 5596/5596/5596
f 5586/5586/5586 5597/5597/5597 5598/5598/5598
f 5586/5586/5586 5598/5598/5598 5587/5587/5587
f 5599/5599/5599 5563/5563/5563 5566/5566/5566
f 5599/5599/5599 5566/5566/5566 5600/5600/5600
f 5601/5601/5601 5593/5593/5593 5594/5594/5594
f 5601/5601/5601 5594/5594/5594 5602/5602/5602
f 5603/5603/5603 5604/5604/5604 5605/5605/5605
f 5603/5603/5603 5605/5605/5605 5606/5606/5606
f 5597/5597/5597 5607/5607/5607 5608/5608/5608
f 5597/5597/5597 5608/5608/5608 5598/5598/5598
f 5609/5609/5609 5599/5599/5599 5600/5600/5600
f 5609/5609/5609 5600/5600/5600 5610/5610/5610
f 5611/5611/5611 5601/5601/5601 5602/5602/5602
f 5611/5611/5611 5602/5602/5602 5612/5612/5612
f 5572/5572/5572 5613/5613/5613 5614/5614/5614
f 5572/5572/5572 5614/5614/5614 5573/5573/5573
f 5607/5607/5607 5615/5615/5615 5616/5616/5616
f 5607/5607/5607 5616/5616/5616 5608/5608/5608
f 5617/5617/5617 5609/5609/5609 5610/5610/5610
f 5617/5617/5617 5610/5610/5610 5618/5618/5618
f 5619/5619/5619 5611/5611/5611 5612/5612/5612
f 5619/5619/5619 5612/5612/5612 5620/5620/5620
f 5613/5613/5613 5621/5621/5621 5622/5622/5622
f 5613/5613/5613 5622/5622/5622 5614/5614/5614
f 5615/5615/5615 5623/5623/5623 5624/5624/5624
f 5615/5615/5615 5624/5624/5624 5616/5616/5616
f 5625/5625/5625 5617/5617/5617 5618/5618/5618
f 5625/5625/5625 5618/5618/5618 5626/5626/5626
f 5621/5621/5621 5627/5627/5627 5628/5628/5628
f 5621/5621/5621 5628/5628/5628 5622/5622/5622
f 5623/5623/5623 5629/5629/5629 5630/5630/5630
f 5623/5623/5623 5630/5630/5630 5624/5624/5624
f 5631/5631/5631 5625/5625/5625 5626/5626/5626
f 5631/5631/5631 5626/5626/5626 5632/5632/5632
f 5627/5627/5627 5633/5633/5633 5634/5634/5634
f 5627/5627/5627 5634/5634/5634 5628/5628/5628
f 5629/5629/5629 5635/5635/5635 5636/5636/5636
f 5629/5629/5629 5636/5636/5636 5630/5630/5630
f 5590/5590/5590 5631/5631/5631 5632/5632/5632
f 5590/5590/5590 5632/5632/5632 5591/5591/5591
f 5633/5633/5633 5637/5637/5637 5638/5638/5638
f 5633/5633/5633 5638/5638/5638 5634/5634/5634
f 5635/5635/5635 5639/5639/5639 5640/5640/5640
f 5635/5635/5635 5640/5640/5640 5636/5636/5636
f 5641/5641/5641 5642/5642/5642 5643/5643/5643
f 5641/5641/5641 5643/5643/5643 5644/5644/5644
f 5637/5637/5637 5603/5603/5603 5606/5606/5606
f 5637/5637/5637 5606/5606/5606 5638/5638/5638
f 5639/5639/5639 5645/5645/5645 5646/5646/5646
f 5639/5639/5639 5646/5646/5646 5640/5640/5640
f 5577/5577/5577 5647/5647/5647 5648/5648/5648
f 5577/5577/5577 5648/5648/5648 5578/5578/5578
f 5582/5582/5582 5649/5649/5649 5650/5650/5650
f 5582/5582/5582 5650/5650/5650 5583/5583/5583
f 5645/5645/5645 5651/5651/5651 5652/5652/5652
f 5645/5645/5645 5652/5652/5652 5646/5646/5646
f 5647/5647/5647 5653/5653/5653 5654/5654/5654
f 5647/5647/5647 5654/5654/5654 5648/5648/5648
f 5655/5655/5655 5595/5595/5595 5596/5596/5596
f 5655/5655/5655 5596/5596/5596 5656/5656/5656
f 5651/5651/5651 5657/5657/5657 5658/5658/5658
f 5651/5651/5651 5658/5658/5658 5652/5652/5652
f 5659/5659/5659 5641/5641/5641 5644/5644/5644
f 5659/5659/5659 5644/5644/5644 5660/5660/5660
f 5661/5661/5661 5655/5655/5655 5656/5656/5656
f 5661/5661/5661 5656/5656/5656 5662/5662/5662
f 5657/5657/5657 5663/5663/5663 5664/5664/5664
f 5657/5657/5657 5664/5664/5664 5658/5658/5658
f 5665/5665/5665 5666/5666/5666 5667/5667/5667
f 5665/5665/5665 5667/5667/5667 5668/5668/5668
f 5649/5649/5649 5669/5669/5669 5670/5670/5670
f 5649/5649/5649 5670/5670/5670 5650/5650/5650
f 5666/5666/5666 5659/5659/5659 5660/5660/5660
f 5666/5666/5666 5660/5660/5660 5667/5667/5667
f 5671/5671/5671 5672/5672/5672 5673/5673/5673
f 5671/5671/5671 5673/5673/5673 5674/5674/5674
f 5653/5653/5653 5665/5665/5665 5668/5668/5668
f 5653/5653/5653 5668/5668/5668 5654/5654/5654
f 5669/5669/5669 5671/5671/5671 5674/5674/5674
f 5669/5669/5669 5674/5674/5674 5670/5670/5670
f 5675/5675/5675 5676/5676/5676 5677/5677/5677
f 5675/5675/5675 5677/5677/5677 5678/5678/5678
f 5672/5672/5672 5661/5661/5661 5662/5662/5662
f 5672/5672/5672 5662/5662/5662 5673/5673/5673
f 5679/5679/5679 5680/5680/5680 5681/5681/5681
f 5679/5679/5679 5681/5681/5681 5682/5682/5682
f 5683/5683/5683 5684/5684/5684 5685/5685/5685
f 5683/5683/5683 5685/5685/5685 5686/5686/5686
f 5687/5687/5687 5688/5688/5688 5689/5689/5689
f 5687/5687/5687 5689/5689/5689 5690/5690/5690
f 5691/5691/5691 5575/5575/5575 5576/5576/5576
f 5691/5691/5691 5576/5576/5576 5692/5692/5692
f 5693/5693/5693 5694/5694/5694 5695/5695/5695
f 5693/5693/5693 5695/5695/5695 5696/5696/5696
f 5688/5688/5688 5697/5697/5697 5698/5698/5698
f 5688/5688/5688 5698/5698/5698 5689/5689/5689
f 5697/5697/5697 5699/5699/5699 5700/5700/5700
f 5697/5697/5697 5700/5700/5700 5698/5698/5698
f 5699/5699/5699 5701/5701/5701 5702/5702/5702
f 5699/5699/5699 5702/5702/5702 5700/5700/5700
f 5701/5701/5701 5703/5703/5703 5704/5704/5704
f 5701/5701/5701 5704/5704/5704 5702/5702/5702
f 5705/5705/5705 5706/5706/5706 5707/5707/5707
f 5705/5705/5705 5707/5707/5707 5708/5708/5708
f 5703/5703/5703 5709/5709/5709 5710/5710/5710
f 5703/5703/5703 5710/5710/5710 5704/5704/5704
f 5642/5642/5642 5581/5581/5581 5584/5584/5584
f 5642/5642/5642 5584/5584/5584 5643/5643/5643
f 5709/5709/5709 5711/5711/5711 5712/5712/5712
f 5709/5709/5709 5712/5712/5712 5710/5710/5710
f 5713/5713/5713 5714/5714/5714 5715/5715/5715
f 5713/5713/5713 5715/5715/5715 5716/5716/5716
f 5717/5717/5717 5687/5687/5687 5690/5690/5690
f 5717/5717/5717 5690/5690/5690 5718/5718/5718
f 5719/5719/5719 5720/5720/5720 5721/5721/5721
f 5719/5719/5719 5721/5721/5721 5722/5722/5722
f 5711/5711/5711 5723/5723/5723 5724/5724/5724
f 5711/5711/5711 5724/5724/5724 5712/5712/5712
f 5725/5725/5725 5705/5705/5705 5708/5708/5708
f 5725/5725/5725 5708/5708/5708 5726/5726/5726
f 5727/5727/5727 5717/5717/5717 5718/5718/5718
f 5727/5727/5727 5718/5718/5718 5728/5728/5728
f 5729/5729/5729 5719/5719/5719 5722/5722/5722
f 5729/5729/5729 5722/5722/5722 5730/5730/5730
f 5723/5723/5723 5731/5731/5731 5732/5732/5732
f 5723/5723/5723 5732/5732/5732 5724/5724/5724
f 5714/5714/5714 5733/5733/5733 5734/5734/5734
f 5714/5714/5714 5734/5734/5734 5715/5715/5715
f 5735/5735/5735 5727/5727/5727 5728/5728/5728
f 5735/5735/5735 5728/5728/5728 5736/5736/5736
f 5737/5737/5737 5738/5738/5738 5739/5739/5739
f 5737/5737/5737 5739/5739/5739 5740/5740/5740
f 5731/5731/5731 5741/5741/5741 5742/5742/5742
f 5731/5731/5731 5742/5742/5742 5732/5732/5732
f 5743/5743/5743 5744/5744/5744 5745/5745/5745
f 5743/5743/5743 5745/5745/5745 5746/5746/5746
f 5747/5747/5747 5735/5735/5735 5736/5736/5736
f 5747/5747/5747 5736/5736/5736 5748/5748/5748
f 5720/5720/5720 5749/5749/5749 5750/5750/5750
f 5720/5720/5720 5750/5750/5750 5721/5721/5721
f 5741/5741/5741 5751/5751/5751 5752/5752/5752
f 5741/5741/5741 5752/5752/5752 5742/5742/5742
f 5753/5753/5753 5713/5713/5713 5716/5716/5716
f 5753/5753/5753 5716/5716/5716 5754/5754/5754
f 5755/5755/5755 5747/5747/5747 5748/5748/5748
f 5755/5755/5755 5748/5748/5748 5756/5756/5756
f 5749/5749/5749 5757/5757/5757 5758/5758/5758
f 5749/5749/5749 5758/5758/5758 5750/5750/5750
f 5751/5751/5751 5759/5759/5759 5760/5760/5760
f 5751/5751/5751 5760/5760/5760 5752/5752/5752
f 5761/5761/5761 5753/5753/5753 5754/5754/5754
f 5761/5761/5761 5754/5754/5754 5762/5762/5762
f 5763/5763/5763 5755/5755/5755 5756/5756/5756
f 5763/5763/5763 5756/5756/5756 5764/5764/5764
f 5757/5757/5757 5765/5765/5765 5766/5766/5766
f 5757/5757/5757 5766/5766/5766 5758/5758/5758
f 5759/5759/5759 5767/5767/5767 5768/5768/5768
f 5759/5759/5759 5768/5768/5768 5760/5760/5760
f 5769/5769/5769 5761/5761/5761 5762/5762/5762
f 5769/5769/5769 5762/5762/5762 5770/5770/5770
f 5771/5771/5771 5763/5763/5763 5764/5764/5764
f 5771/5771/5771 5764/5764/5764 5772/5772/5772
f 5765/5765/5765 5773/5773/5773 5774/5774/5774
f 5765/5765/5765 5774/5774/5774 5766/5766/5766
f 5767/5767/5767 5775/5775/5775 5776/5776/5776
f 5767/5767/5767 5776/5776/5776 5768/5768/5768
f 5777/5777/5777 5769/5769/5769 5770/5770/5770
f 5777/5777/5777 5770/5770/5770 5778/5778/5778
f 5779/5779/5779 5771/5771/5771 5772/5772/5772
f 5779/5779/5779 5772/5772/5772 5780/5780/5780
f 5773/5773/5773 5781/5781/5781 5782/5782/5782
f 5773/5773/5773 5782/5782/5782 5774/5774/5774
f 5783/5783/5783 5784/5784/5784 5785/5785/5785
f 5783/5783/5783 5785/5785/5785 5786/5786/5786
f 5787/5787/5787 5777/5777/5777 5778/5778/5778
f 5787/5787/5787 5778/5778/5778 5788/5788/5788
f 5789/5789/5789 5779/5779/5779 5780/5780/5780
f 5789/5789/5789 5780/5780/5780 5790/5790/5790
f 5781/5781/5781 5791/5791/5791 5792/5792/5792
f 5781/5781/5781 5792/5792/5792 5782/5782/5782
f 5793/5793/5793 5794/5794/5794 5795/5795/5795
f 5793/5793/5793 5795/5795/5795 5796/5796/5796
f 5797/5797/5797 5787/5787/5787 5788/5788/5788
f 5797/5797/5797 5788/5788/5788 5798/5798/5798
f 5799/5799/5799 5789/5789/5789 5790/5790/5790
f 5799/5799/5799 5790/5790/5790 5800/5800/5800
f 5706/5706/5706 5801/5801/5801 5802/5802/5802
f 5706/5706/5706 5802/5802/5802 5707/5707/5707
f 5794/5794/5794 5691/5691/5691 5692/5692/5692
f 5794/5794/5794 5692/5692/5692 5795/5795/5795
f 5803/5803/5803 5725/5725/5725 5726/5726/5726
f 5803/5803/5803 5726/5726/5726 5804/5804/5804
f 5805/5805/5805 5799/5799/5799 5800/5800/5800
f 5805/5805/5805 5800/5800/5800 5806/5806/5806
f 5807/5807/5807 5729/5729/5729 5730/5730/5730
f 5807/5807/5807 5730/5730/5730 5808/5808/5808
f 5809/5809/5809 5793/5793/5793 5796/5796/5796
f 5809/5809/5809 5796/5796/5796 5810/5810/5810
f 5733/5733/5733 5811/5811/5811 5812/5812/5812
f 5733/5733/5733 5812/5812/5812 5734/5734/5734
f 5813/5813/5813 5805/5805/5805 5806/5806/5806
f 5813/5813/5813 5806/5806/5806 5814/5814/5814
f 5815/5815/5815 5807/5807/5807 5808/5808/5808
f 5815/5815/5815 5808/5808/5808 5816/5816/5816
f 5817/5817/5817 5809/5809/5809 5810/5810/5810
f 5817/5817/5817 5810/5810/5810 5818/5818/5818
f 5811/5811/5811 5819/5819/5819 5820/5820/5820
f 5811/5811/5811 5820/5820/5820 5812/5812/5812
f 5821/5821/5821 5813/5813/5813 5814/5814/5814
f 5821/5821/5821 5814/5814/5814 5822/5822/5822
f 5801/5801/5801 5823/5823/5823 5824/5824/5824
f 5801/5801/5801 5824/5824/5824 5802/5802/5802
f 5825/5825/5825 5817/5817/5817 5818/5818/5818
f 5825/5825/5825 5818/5818/5818 5826/5826/5826
f 5827/5827/5827 5803/5803/5803 5804/5804/5804
f 5827/5827/5827 5804/5804/5804 5828/5828/5828
f 5829/5829/5829 5821/5821/5821 5822/5822/5822
f 5829/5829/5829 5822/5822/5822 5830/5830/5830
f 5831/5831/5831 5832/5832/5832 5833/5833/5833
f 5831/5831/5831 5833/5833/5833 5834/5834/5834
f 5835/5835/5835 5825/5825/5825 5826/5826/5826
f 5835/5835/5835 5826/5826/5826 5836/5836/5836
f 5837/5837/5837 5838/5838/5838 5839/5839/5839
f 5837/5837/5837 5839/5839/5839 5840/5840/5840
f 5841/5841/5841 5842/5842/5842 5843/5843/5843
f 5841/5841/5841 5843/5843/5843 5844/5844/5844
f 5823/5823/5823 5845/5845/5845 5846/5846/5846
f 5823/5823/5823 5846/5846/5846 5824/5824/5824
f 5847/5847/5847 5835/5835/5835 5836/5836/5836
f 5847/5847/5847 5836/5836/5836 5848/5848/5848
f 5849/5849/5849 5827/5827/5827 5828/5828/5828
f 5849/5849/5849 5828/5828/5828 5850/5850/5850
f 5560/5560/5560 5585/5585/5585 5588/5588/5588
f 5560/5560/5560 5588/5588/5588 5561/5561/5561
f 5832/5832/5832 5815/5815/5815 5816/5816/5816
f 5832/5832/5832 5816/5816/5816 5833/5833/5833
f 5568/5568/5568 5847/5847/5847 5848/5848/5848
f 5568/5568/5568 5848/5848/5848 5569/5569/5569
f 5819/5819/5819 5837/5837/5837 5840/5840/5840
f 5819/5819/5819 5840/5840/5840 5820/5820/5820
f 5851/5851/5851 5852/5852/5852 5853/5853/5853
f 5851/5851/5851 5853/5853/5853 5854/5854/5854
f 5855/5855/5855 5856/5856/5856 5857/5857/5857
f 5855/5855/5855 5857/5857/5857 5858/5858/5858
f 5859/5859/5859 5860/5860/5860 5861/5861/5861
f 5859/5859/5859 5861/5861/5861 5862/5862/5862
f 5863/5863/5863 5864/5864/5864 5865/5865/5865
f 5863/5863/5863 5865/5865/5865 5866/5866/5866
f 5867/5867/5867 5868/5868/5868 5869/5869/5869
f 5867/5867/5867 5869/5869/5869 5870/5870/5870
f 5871/5871/5871 5872/5872/5872 5873/5873/5873
f 5871/5871/5871 5873/5873/5873 5874/5874/5874
f 5875/5875/5875 5876/5876/5876 5877/5877/5877
f 5875/5875/5875 5877/5877/5877 5878/5878/5878
f 5879/5879/5879 5880/5880/5880 5881/5881/5881
f 5879/5879/5879 5881/5881/5881 5882/5882/5882
f 5883/5883/5883 5884/5884/5884 5885/5885/5885
f 5883/5883/5883 5885/5885/5885 5886/5886/5886
f 5887/5887/5887 5888/5888/5888 5889/5889/5889
f 5887/5887/5887 5889/5889/5889 5890/5890/5890
f 5891/5891/5891 5892/5892/5892 5893/5893/5893
f 5891/5891/5891 5893/5893/5893 5894/5894/5894
f 5895/5895/5895 5896/5896/5896 5897/5897/5897
f 5895/5895/5895 5897/5897/5897 5898/5898/5898
f 5899/5899/5899 5900/5900/5900 5901/5901/5901
f 5899/5899/5899 5901/5901/5901 5902/5902/5902
f 5903/5903/5903 5904/5904/5904 5905/5905/5905
f 5903/5903/5903 5905/5905/5905 5906/5906/5906
f 5907/5907/5907 5908/5908/5908 5909/5909/5909
f 5907/5907/5907 5909/5909/5909 5910/5910/5910
f 5911/5911/5911 5912/5912/5912 5913/5913/5913
f 5911/5911/5911 5913/5913/5913 5914/5914/5914
f 5915/5915/5915 5916/5916/5916 5917/5917/5917
f 5915/5915/5915 5917/5917/5917 5918/5918/5918
f 5919/5919/5919 5920/5920/5920 5921/5921/5921
f 5919/5919/5919 5921/5921/5921 5922/5922/5922
f 5923/5923/5923 5924/5924/5924 5925/5925/5925
f 5923/5923/5923 5925/5925/5925 5926/5926/5926
f 5927/5927/5927 5928/5928/5928 5929/5929/5929
f 5927/5927/5927 5929/5929/5929 5930/5930/5930
f 5931/5931/5931 5932/5932/5932 5933/5933/5933
f 5931/5931/5931 5933/5933/5933 5934/5934/5934
f 5935/5935/5935 5936/5936/5936 5937/5937/5937
f 5935/5935/5935 5937/5937/5937 5938/5938/5938
f 5939/5939/5939 5940/5940/5940 5941/5941/5941
f 5939/5939/5939 5941/5941/5941 5942/5942/5942
f 5943/5943/5943 5944/5944/5944 5945/5945/5945
f 5943/5943/5943 5945/5945/5945 5946/5946/5946
f 5947/5947/5947 5948/5948/5948 5949/5949/5949
f 5947/5947/5947 5949/5949/5949 5950/5950/5950
f 5948/5948/5948 5951/5951/5951 5952/5952/5952
f 5948/5948/5948 5952/5952/5952 5949/5949/5949
f 5951/5951/5951 5953/5953/5953 5954/5954/5954
f 5951/5951/5951 5954/5954/5954 5952/5952/5952
f 5953/5953/5953 5955/5955/5955 5956/5956/5956
f 5953/5953/5953 5956/5956/5956 5954/5954/5954
f 5957/5957/5957 5958/5958/5958 5959/5959/5959
f 5957/5957/5957 5959/5959/5959 5960/5960/5960
f 5961/5961/5961 5962/5962/5962 5963/5963/5963
f 5961/5961/5961 5963/5963/5963 5964/5964/5964
f 5965/5965/5965 5966/5966/5966 5967/5967/5967
f 5965/5965/5965 5967/5967/5967 5968/5968/5968
f 5969/5969/5969 5970/5970/5970 5971/5971/5971
f 5969/5969/5969 5971/5971/5971 5972/5972/5972
f 5973/5973/5973 5974/5974/5974 5975/5975/5975
f 5973/5973/5973 5975/5975/5975 5976/5976/5976
f 5977/5977/5977 5978/5978/5978 5979/5979/5979
f 5977/5977/5977 5979/5979/5979 5980/5980/5980
f 5981/5981/5981 5982/5982/5982 5983/5983/5983
f 5981/5981/5981 5983/5983/5983 5984/5984/5984
f 5985/5985/5985 5986/5986/5986 5987/5987/5987
f 5985/5985/5985 5987/5987/5987 5988/5988/5988
f 5989/5989/5989 5990/5990/5990 5991/5991/5991
f 5989/5989/5989 5991/5991/5991 5992/5992/5992
f 5993/5993/5993 5994/5994/5994 5995/5995/5995
f 5993/5993/5993 5995/5995/5995 5996/5996/5996
f 5997/5997/5997 5998/5998/5998 5999/5999/5999
f 5997/5997/5997 5999/5999/5999 6000/6000/6000
f 6001/6001/6001 6002/6002/6002 6003/6003/6003
f 6001/6001/6001 6003/6003/6003 6004/6004/6004
f 6005/6005/6005 6006/6006/6006 6007/6007/6007
f 6005/6005/6005 6007/6007/6007 6008/6008/6008
f 6009/6009/6009 6010/6010/6010 6011/6011/6011
f 6009/6009/6009 6011/6011/6011 6012/6012/6012
f 6013/6013/6013 6014/6014/6014 6015/6015/6015
f 6013/6013/6013 6015/6015/6015 6016/6016/6016
f 6017/6017/6017 6018/6018/6018 6019/6019/6019
f 6017/6017/6017 6019/6019/6019 6020/6020/6020
f 6021/6021/6021 6022/6022/6022 6023/6023/6023
f 6021/6021/6021 6023/6023/6023 6024/6024/6024
f 6025/6025/6025 6026/6026/6026 6027/6027/6027
f 6025/6025/6025 6027/6027/6027 6028/6028/6028
f 6029/6029/6029 6030/6030/6030 6031/6031/6031
f 6029/6029/6029 6031/6031/6031 6032/6032/6032
f 6033/6033/6033 6034/6034/6034 6035/6035/6035
f 6033/6033/6033 6035/6035/6035 6036/6036/6036
f 6037/6037/6037 6038/6038/6038 6039/6039/6039
f 6037/6037/6037 6039/6039/6039 6040/6040/6040
f 6041/6041/6041 6042/6042/6042 6043/6043/6043
f 6041/6041/6041 6043/6043/6043 6044/6044/6044
f 6045/6045/6045 6046/6046/6046 6047/6047/6047
f 6045/6045/6045 6047/6047/6047 6048/6048/6048
f 6049/6049/6049 6050/6050/6050 6051/6051/6051
f 6049/6049/6049 6051/6051/6051 6052/6052/6052
f 6053/6053/6053 6054/6054/6054 6055/6055/6055
f 6053/6053/6053 6055/6055/6055 6056/6056/6056
f 6057/6057/6057 6058/6058/6058 6059/6059/6059
f 6057/6057/6057 6059/6059/6059 6060/6060/6060
f 6061/6061/6061 6062/6062/6062 6063/6063/6063
f 6061/6061/6061 6063/6063/6063 6064/6064/6064
f 6065/6065/6065 6066/6066/6066 6067/6067/6067
f 6065/6065/6065 6067/6067/6067 6068/6068/6068
f 6069/6069/6069 493/493/493 483/483/483
f 6069/6069/6069 483/483/483 6070/6070/6070
f 6071/6071/6071 6072/6072/6072 494/494/494
f 6071/6071/6071 494/494/494 503/503/503
f 6073/6073/6073 6074/6074/6074 485/485/485
f 6073/6073/6073 485/485/485 510/510/510
f 6075/6075/6075 520/520/520 511/511/511
f 6075/6075/6075 511/511/511 6076/6076/6076
f 6077/6077/6077 6078/6078/6078 6079/6079/6079
f 6077/6077/6077 6079/6079/6079 6080/6080/6080
f 6081/6081/6081 6082/6082/6082 6083/6083/6083
f 6081/6081/6081 6083/6083/6083 6084/6084/6084
f 6078/6078/6078 6085/6085/6085 6086/6086/6086
f 6078/6078/6078 6086/6086/6086 6079/6079/6079
f 6087/6087/6087 6088/6088/6088 6089/6089/6089
f 6087/6087/6087 6089/6089/6089 6090/6090/6090
f 6091/6091/6091 6092/6092/6092 6093/6093/6093
f 6091/6091/6091 6093/6093/6093 6094/6094/6094
f 6095/6095/6095 6081/6081/6081 6084/6084/6084
f 6095/6095/6095 6084/6084/6084 6096/6096/6096
f 6097/6097/6097 6098/6098/6098 6099/6099/6099
f 6097/6097/6097 6099/6099/6099 6100/6100/6100
f 6101/6101/6101 6102/6102/6102 6103/6103/6103
f 6101/6101/6101 6103/6103/6103 6104/6104/6104
f 6105/6105/6105 6091/6091/6091 6094/6094/6094
f 6105/6105/6105 6094/6094/6094 6106/6106/6106
f 6098/6098/6098 6107/6107/6107 6108/6108/6108
f 6098/6098/6098 6108/6108/6108 6099/6099/6099
f 6109/6109/6109 6110/6110/6110 6111/6111/6111
f 6109/6109/6109 6111/6111/6111 6112/6112/6112
f 6102/6102/6102 6113/6113/6113 6114/6114/6114
f 6102/6102/6102 6114/6114/6114 6103/6103/6103
f 6115/6115/6115 6116/6116/6116 6117/6117/6117
f 6115/6115/6115 6117/6117/6117 6118/6118/6118
f 6119/6119/6119 6105/6105/6105 6106/6106/6106
f 6119/6119/6119 6106/6106/6106 6120/6120/6120
f 6121/6121/6121 6087/6087/6087 6090/6090/6090
f 6121/6121/6121 6090/6090/6090 6122/6122/6122
f 6107/6107/6107 6123/6123/6123 6124/6124/6124
f 6107/6107/6107 6124/6124/6124 6108/6108/6108
f 6092/6092/6092 6125/6125/6125 6126/6126/6126
f 6092/6092/6092 6126/6126/6126 6093/6093/6093
f 6127/6127/6127 6128/6128/6128 6129/6129/6129
f 6127/6127/6127 6129/6129/6129 6130/6130/6130
f 6131/6131/6131 6097/6097/6097 6100/6100/6100
f 6131/6131/6131 6100/6100/6100 6132/6132/6132
f 6125/6125/6125 6077/6077/6077 6080/6080/6080
f 6125/6125/6125 6080/6080/6080 6126/6126/6126
f 6133/6133/6133 6134/6134/6134 6135/6135/6135
f 6133/6133/6133 6135/6135/6135 6136/6136/6136
f 6082/6082/6082 6131/6131/6131 6132/6132/6132
f 6082/6082/6082 6132/6132/6132 6083/6083/6083
f 6137/6137/6137 533/533/533 523/523/523
f 6137/6137/6137 523/523/523 6138/6138/6138
f 6139/6139/6139 6140/6140/6140 534/534/534
f 6139/6139/6139 534/534/534 543/543/543
f 6141/6141/6141 6142/6142/6142 525/525/525
f 6141/6141/6141 525/525/525 550/550/550
f 6143/6143/6143 560/560/560 551/551/551
f 6143/6143/6143 551/551/551 6144/6144/6144
f 6145/6145/6145 6146/6146/6146 6147/6147/6147
f 6145/6145/6145 6147/6147/6147 6148/6148/6148
f 6149/6149/6149 6150/6150/6150 6151/6151/6151
f 6149/6149/6149 6151/6151/6151 6152/6152/6152
f 6146/6146/6146 6153/6153/6153 6154/6154/6154
f 6146/6146/6146 6154/6154/6154 6147/6147/6147
f 6155/6155/6155 6156/6156/6156 6157/6157/6157
f 6155/6155/6155 6157/6157/6157 6158/6158/6158
f 6159/6159/6159 6160/6160/6160 6161/6161/6161
f 6159/6159/6159 6161/6161/6161 6162/6162/6162
f 6163/6163/6163 6149/6149/6149 6152/6152/6152
f 6163/6163/6163 6152/6152/6152 6164/6164/6164
f 6165/6165/6165 6166/6166/6166 6167/6167/6167
f 6165/6165/6165 6167/6167/6167 6168/6168/6168
f 6169/6169/6169 6170/6170/6170 6171/6171/6171
f 6169/6169/6169 6171/6171/6171 6172/6172/6172
f 6173/6173/6173 6159/6159/6159 6162/6162/6162
f 6173/6173/6173 6162/6162/6162 6174/6174/6174
f 6166/6166/6166 6175/6175/6175 6176/6176/6176
f 6166/6166/6166 6176/6176/6176 6167/6167/6167
f 6177/6177/6177 6178/6178/6178 6179/6179/6179
f 6177/6177/6177 6179/6179/6179 6180/6180/6180
f 6170/6170/6170 6181/6181/6181 6182/6182/6182
f 6170/6170/6170 6182/6182/6182 6171/6171/6171
f 6183/6183/6183 6184/6184/6184 6185/6185/6185
f 6183/6183/6183 6185/6185/6185 6186/6186/6186
f 6187/6187/6187 6173/6173/6173 6174/6174/6174
f 6187/6187/6187 6174/6174/6174 6188/6188/6188
f 6189/6189/6189 6155/6155/6155 6158/6158/6158
f 6189/6189/6189 6158/6158/6158 6190/6190/6190
f 6175/6175/6175 6191/6191/6191 6192/6192/6192
f 6175/6175/6175 6192/6192/6192 6176/6176/6176
f 6160/6160/6160 6193/6193/6193 6194/6194/6194
f 6160/6160/6160 6194/6194/6194 6161/6161/6161
f 6195/6195/6195 6196/6196/6196 6197/6197/6197
f 6195/6195/6195 6197/6197/6197 6198/6198/6198
f 6199/6199/6199 6165/6165/6165 6168/6168/6168
f 6199/6199/6199 6168/6168/6168 6200/6200/6200
f 6193/6193/6193 6145/6145/6145 6148/6148/6148
f 6193/6193/6193 6148/6148/6148 6194/6194/6194
f 6201/6201/6201 6202/6202/6202 6203/6203/6203
f 6201/6201/6201 6203/6203/6203 6204/6204/6204
f 6150/6150/6150 6199/6199/6199 6200/6200/6200
f 6150/6150/6150 6200/6200/6200 6151/6151/6151
f 6205/6205/6205 6206/6206/6206 6086/6086/6086
f 6205/6205/6205 6086/6086/6086 6085/6085/6085
f 6207/6207/6207 6095/6095/6095 6096/6096/6096
f 6207/6207/6207 6096/6096/6096 6208/6208/6208
f 6209/6209/6209 6210/6210/6210 6154/6154/6154
f 6209/6209/6209 6154/6154/6154 6153/6153/6153
f 6211/6211/6211 6163/6163/6163 6164/6164/6164
f 6211/6211/6211 6164/6164/6164 6212/6212/6212
f 6213/6213/6213 6214/6214/6214 6215/6215/6215
f 6213/6213/6213 6215/6215/6215 6216/6216/6216
f 6217/6217/6217 6218/6218/6218 6219/6219/6219
f 6217/6217/6217 6219/6219/6219 6220/6220/6220
f 6221/6221/6221 6222/6222/6222 6223/6223/6223
f 6221/6221/6221 6223/6223/6223 6224/6224/6224
f 6225/6225/6225 6226/6226/6226 6227/6227/6227
f 6225/6225/6225 6227/6227/6227 6228/6228/6228
f 6229/6229/6229 6221/6221/6221 6224/6224/6224
f 6229/6229/6229 6224/6224/6224 6230/6230/6230
f 6226/6226/6226 6231/6231/6231 6232/6232/6232
f 6226/6226/6226 6232/6232/6232 6227/6227/6227
f 6214/6214/6214 6233/6233/6233 6234/6234/6234
f 6214/6214/6214 6234/6234/6234 6215/6215/6215
f 6231/6231/6231 6235/6235/6235 6236/6236/6236
f 6231/6231/6231 6236/6236/6236 6232/6232/6232
f 6237/6237/6237 6238/6238/6238 6239/6239/6239
f 6237/6237/6237 6239/6239/6239 6240/6240/6240
f 6235/6235/6235 6241/6241/6241 6242/6242/6242
f 6235/6235/6235 6242/6242/6242 6236/6236/6236
f 6243/6243/6243 6225/6225/6225 6228/6228/6228
f 6243/6243/6243 6228/6228/6228 6244/6244/6244
f 6233/6233/6233 6237/6237/6237 6240/6240/6240
f 6233/6233/6233 6240/6240/6240 6234/6234/6234
f 6241/6241/6241 6245/6245/6245 6246/6246/6246
f 6241/6241/6241 6246/6246/6246 6242/6242/6242
f 6247/6247/6247 6213/6213/6213 6216/6216/6216
f 6247/6247/6247 6216/6216/6216 6248/6248/6248
f 6238/6238/6238 6229/6229/6229 6230/6230/6230
f 6238/6238/6238 6230/6230/6230 6239/6239/6239
f 6245/6245/6245 6217/6217/6217 6220/6220/6220
f 6245/6245/6245 6220/6220/6220 6246/6246/6246
f 6222/6222/6222 6243/6243/6243 6244/6244/6244
f 6222/6222/6222 6244/6244/6244 6223/6223/6223
f 6249/6249/6249 6250/6250/6250 6251/6251/6251
f 6249/6249/6249 6251/6251/6251 6252/6252/6252
f 6253/6253/6253 6254/6254/6254 6255/6255/6255
f 6253/6253/6253 6255/6255/6255 6256/6256/6256
f 6257/6257/6257 6258/6258/6258 6259/6259/6259
f 6257/6257/6257 6259/6259/6259 6260/6260/6260
f 6261/6261/6261 6262/6262/6262 6263/6263/6263
f 6261/6261/6261 6263/6263/6263 6264/6264/6264
f 6265/6265/6265 6266/6266/6266 6258/6258/6258
f 6265/6265/6265 6258/6258/6258 6257/6257/6257
f 6264/6264/6264 6263/6263/6263 6267/6267/6267
f 6264/6264/6264 6267/6267/6267 6268/6268/6268
f 6252/6252/6252 6251/6251/6251 6269/6269/6269
f 6252/6252/6252 6269/6269/6269 6270/6270/6270
f 6268/6268/6268 6267/6267/6267 6271/6271/6271
f 6268/6268/6268 6271/6271/6271 6272/6272/6272
f 6273/6273/6273 6274/6274/6274 6275/6275/6275
f 6273/6273/6273 6275/6275/6275 6276/6276/6276
f 6272/6272/6272 6271/6271/6271 6277/6277/6277
f 6272/6272/6272 6277/6277/6277 6278/6278/6278
f 6279/6279/6279 6280/6280/6280 6262/6262/6262
f 6279/6279/6279 6262/6262/6262 6261/6261/6261
f 6270/6270/6270 6269/6269/6269 6274/6274/6274
f 6270/6270/6270 6274/6274/6274 6273/6273/6273
f 6278/6278/6278 6277/6277/6277 6281/6281/6281
f 6278/6278/6278 6281/6281/6281 6282/6282/6282
f 6247/6247/6247 6248/6248/6248 6250/6250/6250
f 6247/6247/6247 6250/6250/6250 6249/6249/6249
f 6276/6276/6276 6275/6275/6275 6266/6266/6266
f 6276/6276/6276 6266/6266/6266 6265/6265/6265
f 6282/6282/6282 6281/6281/6281 6254/6254/6254
f 6282/6282/6282 6254/6254/6254 6253/6253/6253
f 6260/6260/6260 6259/6259/6259 6280/6280/6280
f 6260/6260/6260 6280/6280/6280 6279/6279/6279
f 6283/6283/6283 6284/6284/6284 6285/6285/6285
f 6283/6283/6283 6285/6285/6285 6286/6286/6286
f 6287/6287/6287 6288/6288/6288 6289/6289/6289
f 6287/6287/6287 6289/6289/6289 6290/6290/6290
f 6284/6284/6284 6291/6291/6291 6292/6292/6292
f 6284/6284/6284 6292/6292/6292 6285/6285/6285
f 6288/6288/6288 6293/6293/6293 6294/6294/6294
f 6288/6288/6288 6294/6294/6294 6289/6289/6289
f 6291/6291/6291 6295/6295/6295 6296/6296/6296
f 6291/6291/6291 6296/6296/6296 6292/6292/6292
f 6293/6293/6293 6297/6297/6297 6298/6298/6298
f 6293/6293/6293 6298/6298/6298 6294/6294/6294
f 6295/6295/6295 6299/6299/6299 6300/6300/6300
f 6295/6295/6295 6300/6300/6300 6296/6296/6296
f 6297/6297/6297 6301/6301/6301 6302/6302/6302
f 6297/6297/6297 6302/6302/6302 6298/6298/6298
f 6299/6299/6299 6303/6303/6303 6304/6304/6304
f 6299/6299/6299 6304/6304/6304 6300/6300/6300
f 6301/6301/6301 6305/6305/6305 6306/6306/6306
f 6301/6301/6301 6306/6306/6306 6302/6302/6302
f 6307/6307/6307 6308/6308/6308 6309/6309/6309
f 6307/6307/6307 6309/6309/6309 6310/6310/6310
f 6305/6305/6305 6311/6311/6311 6312/6312/6312
f 6305/6305/6305 6312/6312/6312 6306/6306/6306
f 6308/6308/6308 6313/6313/6313 6314/6314/6314
f 6308/6308/6308 6314/6314/6314 6309/6309/6309
f 6311/6311/6311 6283/6283/6283 6286/6286/6286
f 6311/6311/6311 6286/6286/6286 6312/6312/6312
f 6313/6313/6313 6287/6287/6287 6290/6290/6290
f 6313/6313/6313 6290/6290/6290 6314/6314/6314
f 6315/6315/6315 6316/6316/6316 6317/6317/6317
f 6315/6315/6315 6317/6317/6317 6318/6318/6318
f 6319/6319/6319 6320/6320/6320 6321/6321/6321
f 6319/6319/6319 6321/6321/6321 6322/6322/6322
f 6318/6318/6318 6317/6317/6317 6323/6323/6323
f 6318/6318/6318 6323/6323/6323 6324/6324/6324
f 6322/6322/6322 6321/6321/6321 6325/6325/6325
f 6322/6322/6322 6325/6325/6325 6326/6326/6326
f 6324/6324/6324 6323/6323/6323 6327/6327/6327
f 6324/6324/6324 6327/6327/6327 6328/6328/6328
f 6326/6326/6326 6325/6325/6325 6329/6329/6329
f 6326/6326/6326 6329/6329/6329 6330/6330/6330
f 6328/6328/6328 6327/6327/6327 6331/6331/6331
f 6328/6328/6328 6331/6331/6331 6332/6332/6332
f 6330/6330/6330 6329/6329/6329 6333/6333/6333
f 6330/6330/6330 6333/6333/6333 6334/6334/6334
f 6332/6332/6332 6331/6331/6331 6335/6335/6335
f 6332/6332/6332 6335/6335/6335 6336/6336/6336
f 6334/6334/6334 6333/6333/6333 6337/6337/6337
f 6334/6334/6334 6337/6337/6337 6338/6338/6338
f 6307/6307/6307 6310/6310/6310 6339/6339/6339
f 6307/6307/6307 6339/6339/6339 6340/6340/6340
f 6338/6338/6338 6337/6337/6337 6341/6341/6341
f 6338/6338/6338 6341/6341/6341 6342/6342/6342
f 6340/6340/6340 6339/6339/6339 6343/6343/6343
f 6340/6340/6340 6343/6343/6343 6344/6344/6344
f 6342/6342/6342 6341/6341/6341 6316/6316/6316
f 6342/6342/6342 6316/6316/6316 6315/6315/6315
f 6344/6344/6344 6343/6343/6343 6320/6320/6320
f 6344/6344/6344 6320/6320/6320 6319/6319/6319
f 6345/6345/6345 6346/6346/6346 6347/6347/6347
f 6345/6345/6345 6347/6347/6347 6348/6348/6348
f 6349/6349/6349 6350/6350/6350 6351/6351/6351
f 6349/6349/6349 6351/6351/6351 6352/6352/6352
f 6353/6353/6353 6354/6354/6354 6355/6355/6355
f 6353/6353/6353 6355/6355/6355 6356/6356/6356
f 6357/6357/6357 6358/6358/6358 6359/6359/6359
f 6357/6357/6357 6359/6359/6359 6360/6360/6360
f 6361/6361/6361 6362/6362/6362 6354/6354/6354
f 6361/6361/6361 6354/6354/6354 6353/6353/6353
f 6360/6360/6360 6359/6359/6359 6363/6363/6363
f 6360/6360/6360 6363/6363/6363 6364/6364/6364
f 6348/6348/6348 6347/6347/6347 6365/6365/6365
f 6348/6348/6348 6365/6365/6365 6366/6366/6366
f 6364/6364/6364 6363/6363/6363 6367/6367/6367
f 6364/6364/6364 6367/6367/6367 6368/6368/6368
f 6369/6369/6369 6370/6370/6370 6371/6371/6371
f 6369/6369/6369 6371/6371/6371 6372/6372/6372
f 6368/6368/6368 6367/6367/6367 6373/6373/6373
f 6368/6368/6368 6373/6373/6373 6374/6374/6374
f 6375/6375/6375 6376/6376/6376 6358/6358/6358
f 6375/6375/6375 6358/6358/6358 6357/6357/6357
f 6366/6366/6366 6365/6365/6365 6370/6370/6370
f 6366/6366/6366 6370/6370/6370 6369/6369/6369
f 6374/6374/6374 6373/6373/6373 6377/6377/6377
f 6374/6374/6374 6377/6377/6377 6378/6378/6378
f 6379/6379/6379 6380/6380/6380 6346/6346/6346
f 6379/6379/6379 6346/6346/6346 6345/6345/6345
f 6372/6372/6372 6371/6371/6371 6362/6362/6362
f 6372/6372/6372 6362/6362/6362 6361/6361/6361
f 6378/6378/6378 6377/6377/6377 6350/6350/6350
f 6378/6378/6378 6350/6350/6350 6349/6349/6349
f 6356/6356/6356 6355/6355/6355 6376/6376/6376
f 6356/6356/6356 6376/6376/6376 6375/6375/6375
f 6381/6381/6381 6382/6382/6382 6383/6383/6383
f 6381/6381/6381 6383/6383/6383 6384/6384/6384
f 6385/6385/6385 6386/6386/6386 6387/6387/6387
f 6385/6385/6385 6387/6387/6387 6388/6388/6388
f 6389/6389/6389 6390/6390/6390 6391/6391/6391
f 6389/6389/6389 6391/6391/6391 6392/6392/6392
f 6393/6393/6393 6394/6394/6394 6395/6395/6395
f 6393/6393/6393 6395/6395/6395 6396/6396/6396
f 6397/6397/6397 6389/6389/6389 6392/6392/6392
f 6397/6397/6397 6392/6392/6392 6398/6398/6398
f 6394/6394/6394 6399/6399/6399 6400/6400/6400
f 6394/6394/6394 6400/6400/6400 6395/6395/6395
f 6382/6382/6382 6401/6401/6401 6402/6402/6402
f 6382/6382/6382 6402/6402/6402 6383/6383/6383
f 6399/6399/6399 6403/6403/6403 6404/6404/6404
f 6399/6399/6399 6404/6404/6404 6400/6400/6400
f 6405/6405/6405 6406/6406/6406 6407/6407/6407
f 6405/6405/6405 6407/6407/6407 6408/6408/6408
f 6403/6403/6403 6409/6409/6409 6410/6410/6410
f 6403/6403/6403 6410/6410/6410 6404/6404/6404
f 6411/6411/6411 6393/6393/6393 6396/6396/6396
f 6411/6411/6411 6396/6396/6396 6412/6412/6412
f 6401/6401/6401 6405/6405/6405 6408/6408/6408
f 6401/6401/6401 6408/6408/6408 6402/6402/6402
f 6409/6409/6409 6413/6413/6413 6414/6414/6414
f 6409/6409/6409 6414/6414/6414 6410/6410/6410
f 6379/6379/6379 6381/6381/6381 6384/6384/6384
f 6379/6379/6379 6384/6384/6384 6380/6380/6380
f 6406/6406/6406 6397/6397/6397 6398/6398/6398
f 6406/6406/6406 6398/6398/6398 6407/6407/6407
f 6413/6413/6413 6385/6385/6385 6388/6388/6388
f 6413/6413/6413 6388/6388/6388 6414/6414/6414
f 6390/6390/6390 6411/6411/6411 6412/6412/6412
f 6390/6390/6390 6412/6412/6412 6391/6391/6391
f 6415/6415/6415 6416/6416/6416 6417/6417/6417
f 6415/6415/6415 6417/6417/6417 6418/6418/6418
f 6419/6419/6419 6420/6420/6420 6421/6421/6421
f 6419/6419/6419 6421/6421/6421 6422/6422/6422
f 6418/6418/6418 6417/6417/6417 6423/6423/6423
f 6418/6418/6418 6423/6423/6423 6424/6424/6424
f 6422/6422/6422 6421/6421/6421 6425/6425/6425
f 6422/6422/6422 6425/6425/6425 6426/6426/6426
f 6424/6424/6424 6423/6423/6423 6427/6427/6427
f 6424/6424/6424 6427/6427/6427 6428/6428/6428
f 6426/6426/6426 6425/6425/6425 6429/6429/6429
f 6426/6426/6426 6429/6429/6429 6430/6430/6430
f 6428/6428/6428 6427/6427/6427 6431/6431/6431
f 6428/6428/6428 6431/6431/6431 6432/6432/6432
f 6430/6430/6430 6429/6429/6429 6433/6433/6433
f 6430/6430/6430 6433/6433/6433 6434/6434/6434
f 6432/6432/6432 6431/6431/6431 6435/6435/6435
f 6432/6432/6432 6435/6435/6435 6436/6436/6436
f 6434/6434/6434 6433/6433/6433 6437/6437/6437
f 6434/6434/6434 6437/6437/6437 6438/6438/6438
f 6439/6439/6439 6440/6440/6440 6441/6441/6441
f 6439/6439/6439 6441/6441/6441 6442/6442/6442
f 6438/6438/6438 6437/6437/6437 6443/6443/6443
f 6438/6438/6438 6443/6443/6443 6444/6444/6444
f 6442/6442/6442 6441/6441/6441 6445/6445/6445
f 6442/6442/6442 6445/6445/6445 6446/6446/6446
f 6444/6444/6444 6443/6443/6443 6416/6416/6416
f 6444/6444/6444 6416/6416/6416 6415/6415/6415
f 6446/6446/6446 6445/6445/6445 6420/6420/6420
f 6446/6446/6446 6420/6420/6420 6419/6419/6419
f 6447/6447/6447 6448/6448/6448 6449/6449/6449
f 6447/6447/6447 6449/6449/6449 6450/6450/6450
f 6451/6451/6451 6452/6452/6452 6453/6453/6453
f 6451/6451/6451 6453/6453/6453 6454/6454/6454
f 6448/6448/6448 6455/6455/6455 6456/6456/6456
f 6448/6448/6448 6456/6456/6456 6449/6449/6449
f 6452/6452/6452 6457/6457/6457 6458/6458/6458
f 6452/6452/6452 6458/6458/6458 6453/6453/6453
f 6455/6455/6455 6459/6459/6459 6460/6460/6460
f 6455/6455/6455 6460/6460/6460 6456/6456/6456
f 6457/6457/6457 6461/6461/6461 6462/6462/6462
f 6457/6457/6457 6462/6462/6462 6458/6458/6458
f 6459/6459/6459 6463/6463/6463 6464/6464/6464
f 6459/6459/6459 6464/6464/6464 6460/6460/6460
f 6461/6461/6461 6465/6465/6465 6466/6466/6466
f 6461/6461/6461 6466/6466/6466 6462/6462/6462
f 6463/6463/6463 6467/6467/6467 6468/6468/6468
f 6463/6463/6463 6468/6468/6468 6464/6464/6464
f 6465/6465/6465 6469/6469/6469 6470/6470/6470
f 6465/6465/6465 6470/6470/6470 6466/6466/6466
f 6439/6439/6439 6471/6471/6471 6472/6472/6472
f 6439/6439/6439 6472/6472/6472 6440/6440/6440
f 6469/6469/6469 6473/6473/6473 6474/6474/6474
f 6469/6469/6469 6474/6474/6474 6470/6470/6470
f 6471/6471/6471 6475/6475/6475 6476/6476/6476
f 6471/6471/6471 6476/6476/6476 6472/6472/6472
f 6473/6473/6473 6447/6447/6447 6450/6450/6450
f 6473/6473/6473 6450/6450/6450 6474/6474/6474
f 6475/6475/6475 6451/6451/6451 6454/6454/6454
f 6475/6475/6475 6454/6454/6454 6476/6476/6476
f 6477/6477/6477 6478/6478/6478 6479/6479/6479
f 6477/6477/6477 6479/6479/6479 6480/6480/6480
f 6481/6481/6481 6482/6482/6482 6483/6483/6483
f 6481/6481/6481 6483/6483/6483 6484/6484/6484
f 6485/6485/6485 6486/6486/6486 6487/6487/6487
f 6485/6485/6485 6487/6487/6487 6488/6488/6488
f 6489/6489/6489 6490/6490/6490 6491/6491/6491
f 6489/6489/6489 6491/6491/6491 6492/6492/6492
f 6493/6493/6493 6477/6477/6477 6480/6480/6480
f 6493/6493/6493 6480/6480/6480 6494/6494/6494
f 6482/6482/6482 6495/6495/6495 6496/6496/6496
f 6482/6482/6482 6496/6496/6496 6483/6483/6483
f 6497/6497/6497 6485/6485/6485 6488/6488/6488
f 6497/6497/6497 6488/6488/6488 6498/6498/6498
f 6499/6499/6499 6500/6500/6500 6501/6501/6501
f 6499/6499/6499 6501/6501/6501 6502/6502/6502
f 6503/6503/6503 6504/6504/6504 6505/6505/6505
f 6503/6503/6503 6505/6505/6505 6506/6506/6506
f 6507/6507/6507 6508/6508/6508 6509/6509/6509
f 6507/6507/6507 6509/6509/6509 6510/6510/6510
f 6511/6511/6511 6497/6497/6497 6498/6498/6498
f 6511/6511/6511 6498/6498/6498 6512/6512/6512
f 6513/6513/6513 6489/6489/6489 6492/6492/6492
f 6513/6513/6513 6492/6492/6492 6514/6514/6514
f 6504/6504/6504 6515/6515/6515 6516/6516/6516
f 6504/6504/6504 6516/6516/6516 6505/6505/6505
f 6517/6517/6517 6481/6481/6481 6484/6484/6484
f 6517/6517/6517 6484/6484/6484 6518/6518/6518
f 6519/6519/6519 6511/6511/6511 6512/6512/6512
f 6519/6519/6519 6512/6512/6512 6520/6520/6520
f 6521/6521/6521 6522/6522/6522 6523/6523/6523
f 6521/6521/6521 6523/6523/6523 6524/6524/6524
f 6515/6515/6515 6525/6525/6525 6526/6526/6526
f 6515/6515/6515 6526/6526/6526 6516/6516/6516
f 6527/6527/6527 6517/6517/6517 6518/6518/6518
f 6527/6527/6527 6518/6518/6518 6528/6528/6528
f 6529/6529/6529 6519/6519/6519 6520/6520/6520
f 6529/6529/6529 6520/6520/6520 6530/6530/6530
f 6490/6490/6490 6531/6531/6531 6532/6532/6532
f 6490/6490/6490 6532/6532/6532 6491/6491/6491
f 6525/6525/6525 6533/6533/6533 6534/6534/6534
f 6525/6525/6525 6534/6534/6534 6526/6526/6526
f 6535/6535/6535 6527/6527/6527 6528/6528/6528
f 6535/6535/6535 6528/6528/6528 6536/6536/6536
f 6537/6537/6537 6529/6529/6529 6530/6530/6530
f 6537/6537/6537 6530/6530/6530 6538/6538/6538
f 6531/6531/6531 6539/6539/6539 6540/6540/6540
f 6531/6531/6531 6540/6540/6540 6532/6532/6532
f 6533/6533/6533 6541/6541/6541 6542/6542/6542
f 6533/6533/6533 6542/6542/6542 6534/6534/6534
f 6543/6543/6543 6535/6535/6535 6536/6536/6536
f 6543/6543/6543 6536/6536/6536 6544/6544/6544
f 6539/6539/6539 6545/6545/6545 6546/6546/6546
f 6539/6539/6539 6546/6546/6546 6540/6540/6540
f 6541/6541/6541 6547/6547/6547 6548/6548/6548
f 6541/6541/6541 6548/6548/6548 6542/6542/6542
f 6549/6549/6549 6543/6543/6543 6544/6544/6544
f 6549/6549/6549 6544/6544/6544 6550/6550/6550
f 6545/6545/6545 6551/6551/6551 6552/6552/6552
f 6545/6545/6545 6552/6552/6552 6546/6546/6546
f 6547/6547/6547 6553/6553/6553 6554/6554/6554
f 6547/6547/6547 6554/6554/6554 6548/6548/6548
f 6508/6508/6508 6549/6549/6549 6550/6550/6550
f 6508/6508/6508 6550/6550/6550 6509/6509/6509
f 6551/6551/6551 6555/6555/6555 6556/6556/6556
f 6551/6551/6551 6556/6556/6556 6552/6552/6552
f 6553/6553/6553 6557/6557/6557 6558/6558/6558
f 6553/6553/6553 6558/6558/6558 6554/6554/6554
f 6559/6559/6559 6560/6560/6560 6561/6561/6561
f 6559/6559/6559 6561/6561/6561 6562/6562/6562
f 6555/6555/6555 6521/6521/6521 6524/6524/6524
f 6555/6555/6555 6524/6524/6524 6556/6556/6556
f 6557/6557/6557 6563/6563/6563 6564/6564/6564
f 6557/6557/6557 6564/6564/6564 6558/6558/6558
f 6495/6495/6495 6565/6565/6565 6566/6566/6566
f 6495/6495/6495 6566/6566/6566 6496/6496/6496
f 6500/6500/6500 6567/6567/6567 6568/6568/6568
f 6500/6500/6500 6568/6568/6568 6501/6501/6501
f 6563/6563/6563 6569/6569/6569 6570/6570/6570
f 6563/6563/6563 6570/6570/6570 6564/6564/6564
f 6565/6565/6565 6571/6571/6571 6572/6572/6572
f 6565/6565/6565 6572/6572/6572 6566/6566/6566
f 6573/6573/6573 6513/6513/6513 6514/6514/6514
f 6573/6573/6573 6514/6514/6514 6574/6574/6574
f 6569/6569/6569 6575/6575/6575 6576/6576/6576
f 6569/6569/6569 6576/6576/6576 6570/6570/6570
f 6577/6577/6577 6559/6559/6559 6562/6562/6562
f 6577/6577/6577 6562/6562/6562 6578/6578/6578
f 6579/6579/6579 6573/6573/6573 6574/6574/6574
f 6579/6579/6579 6574/6574/6574 6580/6580/6580
f 6575/6575/6575 6581/6581/6581 6582/6582/6582
f 6575/6575/6575 6582/6582/6582 6576/6576/6576
f 6583/6583/6583 6584/6584/6584 6585/6585/6585
f 6583/6583/6583 6585/6585/6585 6586/6586/6586
f 6567/6567/6567 6587/6587/6587 6588/6588/6588
f 6567/6567/6567 6588/6588/6588 6568/6568/6568
f 6584/6584/6584 6577/6577/6577 6578/6578/6578
f 6584/6584/6584 6578/6578/6578 6585/6585/6585
f 6589/6589/6589 6590/6590/6590 6591/6591/6591
f 6589/6589/6589 6591/6591/6591 6592/6592/6592
f 6571/6571/6571 6583/6583/6583 6586/6586/6586
f 6571/6571/6571 6586/6586/6586 6572/6572/6572
f 6587/6587/6587 6589/6589/6589 6592/6592/6592
f 6587/6587/6587 6592/6592/6592 6588/6588/6588
f 6593/6593/6593 6594/6594/6594 6595/6595/6595
f 6593/6593/6593 6595/6595/6595 6596/6596/6596
f 6590/6590/6590 6579/6579/6579 6580/6580/6580
f 6590/6590/6590 6580/6580/6580 6591/6591/6591
f 6597/6597/6597 6598/6598/6598 6599/6599/6599
f 6597/6597/6597 6599/6599/6599 6600/6600/6600
f 6601/6601/6601 6602/6602/6602 6603/6603/6603
f 6601/6601/6601 6603/6603/6603 6604/6604/6604
f 6605/6605/6605 6606/6606/6606 6607/6607/6607
f 6605/6605/6605 6607/6607/6607 6608/6608/6608
f 6609/6609/6609 6493/6493/6493 6494/6494/6494
f 6609/6609/6609 6494/6494/6494 6610/6610/6610
f 6611/6611/6611 6612/6612/6612 6613/6613/6613
f 6611/6611/6611 6613/6613/6613 6614/6614/6614
f 6606/6606/6606 6615/6615/6615 6616/6616/6616
f 6606/6606/6606 6616/6616/6616 6607/6607/6607
f 6615/6615/6615 6617/6617/6617 6618/6618/6618
f 6615/6615/6615 6618/6618/6618 6616/6616/6616
f 6617/6617/6617 6619/6619/6619 6620/6620/6620
f 6617/6617/6617 6620/6620/6620 6618/6618/6618
f 6619/6619/6619 6621/6621/6621 6622/6622/6622
f 6619/6619/6619 6622/6622/6622 6620/6620/6620
f 6623/6623/6623 6624/6624/6624 6625/6625/6625
f 6623/6623/6623 6625/6625/6625 6626/6626/6626
f 6621/6621/6621 6627/6627/6627 6628/6628/6628
f 6621/6621/6621 6628/6628/6628 6622/6622/6622
f 6560/6560/6560 6499/6499/6499 6502/6502/6502
f 6560/6560/6560 6502/6502/6502 6561/6561/6561
f 6627/6627/6627 6629/6629/6629 6630/6630/6630
f 6627/6627/6627 6630/6630/6630 6628/6628/6628
f 6631/6631/6631 6632/6632/6632 6633/6633/6633
f 6631/6631/6631 6633/6633/6633 6634/6634/6634
f 6635/6635/6635 6605/6605/6605 6608/6608/6608
f 6635/6635/6635 6608/6608/6608 6636/6636/6636
f 6637/6637/6637 6638/6638/6638 6639/6639/6639
f 6637/6637/6637 6639/6639/6639 6640/6640/6640
f 6629/6629/6629 6641/6641/6641 6642/6642/6642
f 6629/6629/6629 6642/6642/6642 6630/6630/6630
f 6643/6643/6643 6623/6623/6623 6626/6626/6626
f 6643/6643/6643 6626/6626/6626 6644/6644/6644
f 6645/6645/6645 6635/6635/6635 6636/6636/6636
f 6645/6645/6645 6636/6636/6636 6646/6646/6646
f 6647/6647/6647 6637/6637/6637 6640/6640/6640
f 6647/6647/6647 6640/6640/6640 6648/6648/6648
f 6641/6641/6641 6649/6649/6649 6650/6650/6650
f 6641/6641/6641 6650/6650/6650 6642/6642/6642
f 6632/6632/6632 6651/6651/6651 6652/6652/6652
f 6632/6632/6632 6652/6652/6652 6633/6633/6633
f 6653/6653/6653 6645/6645/6645 6646/6646/6646
f 6653/6653/6653 6646/6646/6646 6654/6654/6654
f 6655/6655/6655 6656/6656/6656 6657/6657/6657
f 6655/6655/6655 6657/6657/6657 6658/6658/6658
f 6649/6649/6649 6659/6659/6659 6660/6660/6660
f 6649/6649/6649 6660/6660/6660 6650/6650/6650
f 6661/6661/6661 6662/6662/6662 6663/6663/6663
f 6661/6661/6661 6663/6663/6663 6664/6664/6664
f 6665/6665/6665 6653/6653/6653 6654/6654/6654
f 6665/6665/6665 6654/6654/6654 6666/6666/6666
f 6638/6638/6638 6667/6667/6667 6668/6668/6668
f 6638/6638/6638 6668/6668/6668 6639/6639/6639
f 6659/6659/6659 6669/6669/6669 6670/6670/6670
f 6659/6659/6659 6670/6670/6670 6660/6660/6660
f 6671/6671/6671 6631/6631/6631 6634/6634/6634
f 6671/6671/6671 6634/6634/6634 6672/6672/6672
f 6673/6673/6673 6665/6665/6665 6666/6666/6666
f 6673/6673/6673 6666/6666/6666 6674/6674/6674
f 6667/6667/6667 6675/6675/6675 6676/6676/6676
f 6667/6667/6667 6676/6676/6676 6668/6668/6668
f 6669/6669/6669 6677/6677/6677 6678/6678/6678
f 6669/6669/6669 6678/6678/6678 6670/6670/6670
f 6679/6679/6679 6671/6671/6671 6672/6672/6672
f 6679/6679/6679 6672/6672/6672 6680/6680/6680
f 6681/6681/6681 6673/6673/6673 6674/6674/6674
f 6681/6681/6681 6674/6674/6674 6682/6682/6682
f 6675/6675/6675 6683/6683/6683 6684/6684/6684
f 6675/6675/6675 6684/6684/6684 6676/6676/6676
f 6677/6677/6677 6685/6685/6685 6686/6686/6686
f 6677/6677/6677 6686/6686/6686 6678/6678/6678
f 6687/6687/6687 6679/6679/6679 6680/6680/6680
f 6687/6687/6687 6680/6680/6680 6688/6688/6688
f 6689/6689/6689 6681/6681/6681 6682/6682/6682
f 6689/6689/6689 6682/6682/6682 6690/6690/6690
f 6683/6683/6683 6691/6691/6691 6692/6692/6692
f 6683/6683/6683 6692/6692/6692 6684/6684/6684
f 6685/6685/6685 6693/6693/6693 6694/6694/6694
f 6685/6685/6685 6694/6694/6694 6686/6686/6686
f 6695/6695/6695 6687/6687/6687 6688/6688/6688
f 6695/6695/6695 6688/6688/6688 6696/6696/6696
f 6697/6697/6697 6689/6689/6689 6690/6690/6690
f 6697/6697/6697 6690/6690/6690 6698/6698/6698
f 6691/6691/6691 6699/6699/6699 6700/6700/6700
f 6691/6691/6691 6700/6700/6700 6692/6692/6692
f 6701/6701/6701 6702/6702/6702 6703/6703/6703
f 6701/6701/6701 6703/6703/6703 6704/6704/6704
f 6705/6705/6705 6695/6695/6695 6696/6696/6696
f 6705/6705/6705 6696/6696/6696 6706/6706/6706
f 6707/6707/6707 6697/6697/6697 6698/6698/6698
f 6707/6707/6707 6698/6698/6698 6708/6708/6708
f 6699/6699/6699 6709/6709/6709 6710/6710/6710
f 6699/6699/6699 6710/6710/6710 6700/6700/6700
f 6711/6711/6711 6712/6712/6712 6713/6713/6713
f 6711/6711/6711 6713/6713/6713 6714/6714/6714
f 6715/6715/6715 6705/6705/6705 6706/6706/6706
f 6715/6715/6715 6706/6706/6706 6716/6716/6716
f 6717/6717/6717 6707/6707/6707 6708/6708/6708
f 6717/6717/6717 6708/6708/6708 6718/6718/6718
f 6624/6624/6624 6719/6719/6719 6720/6720/6720
f 6624/6624/6624 6720/6720/6720 6625/6625/6625
f 6712/6712/6712 6609/6609/6609 6610/6610/6610
f 6712/6712/6712 6610/6610/6610 6713/6713/6713
f 6721/6721/6721 6643/6643/6643 6644/6644/6644
f 6721/6721/6721 6644/6644/6644 6722/6722/6722
f 6723/6723/6723 6717/6717/6717 6718/6718/6718
f 6723/6723/6723 6718/6718/6718 6724/6724/6724
f 6725/6725/6725 6647/6647/6647 6648/6648/6648
f 6725/6725/6725 6648/6648/6648 6726/6726/6726
f 6727/6727/6727 6711/6711/6711 6714/6714/6714
f 6727/6727/6727 6714/6714/6714 6728/6728/6728
f 6651/6651/6651 6729/6729/6729 6730/6730/6730
f 6651/6651/6651 6730/6730/6730 6652/6652/6652
f 6731/6731/6731 6723/6723/6723 6724/6724/6724
f 6731/6731/6731 6724/6724/6724 6732/6732/6732
f 6733/6733/6733 6725/6725/6725 6726/6726/6726
f 6733/6733/6733 6726/6726/6726 6734/6734/6734
f 6735/6735/6735 6727/6727/6727 6728/6728/6728
f 6735/6735/6735 6728/6728/6728 6736/6736/6736
f 6729/6729/6729 6737/6737/6737 6738/6738/6738
f 6729/6729/6729 6738/6738/6738 6730/6730/6730
f 6739/6739/6739 6731/6731/6731 6732/6732/6732
f 6739/6739/6739 6732/6732/6732 6740/6740/6740
f 6719/6719/6719 6741/6741/6741 6742/6742/6742
f 6719/6719/6719 6742/6742/6742 6720/6720/6720
f 6743/6743/6743 6735/6735/6735 6736/6736/6736
f 6743/6743/6743 6736/6736/6736 6744/6744/6744
f 6745/6745/6745 6721/6721/6721 6722/6722/6722
f 6745/6745/6745 6722/6722/6722 6746/6746/6746
f 6747/6747/6747 6739/6739/6739 6740/6740/6740
f 6747/6747/6747 6740/6740/6740 6748/6748/6748
f 6749/6749/6749 6750/6750/6750 6751/6751/6751
f 6749/6749/6749 6751/6751/6751 6752/6752/6752
f 6753/6753/6753 6743/6743/6743 6744/6744/6744
f 6753/6753/6753 6744/6744/6744 6754/6754/6754
f 6755/6755/6755 6756/6756/6756 6757/6757/6757
f 6755/6755/6755 6757/6757/6757 6758/6758/6758
f 6759/6759/6759 6760/6760/6760 6761/6761/6761
f 6759/6759/6759 6761/6761/6761 6762/6762/6762
f 6741/6741/6741 6763/6763/6763 6764/6764/6764
f 6741/6741/6741 6764/6764/6764 6742/6742/6742
f 6765/6765/6765 6753/6753/6753 6754/6754/6754
f 6765/6765/6765 6754/6754/6754 6766/6766/6766
f 6767/6767/6767 6745/6745/6745 6746/6746/6746
f 6767/6767/6767 6746/6746/6746 6768/6768/6768
f 6478/6478/6478 6503/6503/6503 6506/6506/6506
f 6478/6478/6478 6506/6506/6506 6479/6479/6479
f 6750/6750/6750 6733/6733/6733 6734/6734/6734
f 6750/6750/6750 6734/6734/6734 6751/6751/6751
f 6486/6486/6486 6765/6765/6765 6766/6766/6766
f 6486/6486/6486 6766/6766/6766 6487/6487/6487
f 6737/6737/6737 6755/6755/6755 6758/6758/6758
f 6737/6737/6737 6758/6758/6758 6738/6738/6738
f 6769/6769/6769 6770/6770/6770 6771/6771/6771
f 6769/6769/6769 6771/6771/6771 6772/6772/6772
f 6773/6773/6773 6774/6774/6774 6775/6775/6775
f 6773/6773/6773 6775/6775/6775 6776/6776/6776
f 6777/6777/6777 6778/6778/6778 6779/6779/6779
f 6777/6777/6777 6779/6779/6779 6780/6780/6780
f 6781/6781/6781 6782/6782/6782 6783/6783/6783
f 6781/6781/6781 6783/6783/6783 6784/6784/6784
f 6785/6785/6785 6786/6786/6786 6787/6787/6787
f 6785/6785/6785 6787/6787/6787 6788/6788/6788
f 6789/6789/6789 6790/6790/6790 6791/6791/6791
f 6789/6789/6789 6791/6791/6791 6792/6792/6792
f 6793/6793/6793 6794/6794/6794 6795/6795/6795
f 6793/6793/6793 6795/6795/6795 6796/6796/6796
f 6797/6797/6797 6798/6798/6798 6799/6799/6799
f 6797/6797/6797 6799/6799/6799 6800/6800/6800
f 6801/6801/6801 6802/6802/6802 6803/6803/6803
f 6801/6801/6801 6803/6803/6803 6804/6804/6804
f 6805/6805/6805 6806/6806/6806 6807/6807/6807
f 6805/6805/6805 6807/6807/6807 6808/6808/6808
f 6809/6809/6809 6810/6810/6810 6811/6811/6811
f 6809/6809/6809 6811/6811/6811 6812/6812/6812
f 6813/6813/6813 6814/6814/6814 6815/6815/6815
f 6813/6813/6813 6815/6815/6815 6816/6816/6816
f 6817/6817/6817 6818/6818/6818 6819/6819/6819
f 6817/6817/6817 6819/6819/6819 6820/6820/6820
f 6821/6821/6821 6822/6822/6822 6823/6823/6823
f 6821/6821/6821 6823/6823/6823 6824/6824/6824
f 6825/6825/6825 6826/6826/6826 6827/6827/6827
f 6825/6825/6825 6827/6827/6827 6828/6828/6828
f 6829/6829/6829 6830/6830/6830 6831/6831/6831
f 6829/6829/6829 6831/6831/6831 6832/6832/6832
f 6833/6833/6833 6834/6834/6834 6835/6835/6835
f 6833/6833/6833 6835/6835/6835 6836/6836/6836
f 6837/6837/6837 6838/6838/6838 6839/6839/6839
f 6837/6837/6837 6839/6839/6839 6840/6840/6840
f 6841/6841/6841 6842/6842/6842 6843/6843/6843
f 6841/6841/6841 6843/6843/6843 6844/6844/6844
f 6845/6845/6845 6846/6846/6846 6847/6847/6847
f 6845/6845/6845 6847/6847/6847 6848/6848/6848
f 6849/6849/6849 6850/6850/6850 6851/6851/6851
f 6849/6849/6849 6851/6851/6851 6852/6852/6852
f 6853/6853/6853 6854/6854/6854 6855/6855/6855
f 6853/6853/6853 6855/6855/6855 6856/6856/6856
f 6857/6857/6857 6858/6858/6858 6859/6859/6859
f 6857/6857/6857 6859/6859/6859 6860/6860/6860
f 6861/6861/6861 6862/6862/6862 6863/6863/6863
f 6861/6861/6861 6863/6863/6863 6864/6864/6864
f 6865/6865/6865 6866/6866/6866 6867/6867/6867
f 6865/6865/6865 6867/6867/6867 6868/6868/6868
f 6866/6866/6866 6869/6869/6869 6870/6870/6870
f 6866/6866/6866 6870/6870/6870 6867/6867/6867
f 6869/6869/6869 6871/6871/6871 6872/6872/6872
f 6869/6869/6869 6872/6872/6872 6870/6870/6870
f 6871/6871/6871 6873/6873/6873 6874/6874/6874
f 6871/6871/6871 6874/6874/6874 6872/6872/6872
f 6875/6875/6875 6876/6876/6876 6877/6877/6877
f 6875/6875/6875 6877/6877/6877 6878/6878/6878
f 6879/6879/6879 6880/6880/6880 6881/6881/6881
f 6879/6879/6879 6881/6881/6881 6882/6882/6882
f 6883/6883/6883 6884/6884/6884 6885/6885/6885
f 6883/6883/6883 6885/6885/6885 6886/6886/6886
f 6887/6887/6887 6888/6888/6888 6889/6889/6889
f 6887/6887/6887 6889/6889/6889 6890/6890/6890
f 6891/6891/6891 6892/6892/6892 6893/6893/6893
f 6891/6891/6891 6893/6893/6893 6894/6894/6894
f 6895/6895/6895 6896/6896/6896 6897/6897/6897
f 6895/6895/6895 6897/6897/6897 6898/6898/6898
f 6899/6899/6899 6900/6900/6900 6901/6901/6901
f 6899/6899/6899 6901/6901/6901 6902/6902/6902
f 6903/6903/6903 6904/6904/6904 6905/6905/6905
f 6903/6903/6903 6905/6905/6905 6906/6906/6906
f 6907/6907/6907 6908/6908/6908 6909/6909/6909
f 6907/6907/6907 6909/6909/6909 6910/6910/6910
f 6911/6911/6911 6912/6912/6912 6913/6913/6913
f 6911/6911/6911 6913/6913/6913 6914/6914/6914
f 6915/6915/6915 6916/6916/6916 6917/6917/6917
f 6915/6915/6915 6917/6917/6917 6918/6918/6918
f 6919/6919/6919 6920/6920/6920 6921/6921/6921
f 6919/6919/6919 6921/6921/6921 6922/6922/6922
f 6923/6923/6923 6924/6924/6924 6925/6925/6925
f 6923/6923/6923 6925/6925/6925 6926/6926/6926
f 6927/6927/6927 6928/6928/6928 6929/6929/6929
f 6927/6927/6927 6929/6929/6929 6930/6930/6930
f 6931/6931/6931 6932/6932/6932 6933/6933/6933
f 6931/6931/6931 6933/6933/6933 6934/6934/6934
f 6935/6935/6935 6936/6936/6936 6937/6937/6937
f 6935/6935/6935 6937/6937/6937 6938/6938/6938
f 6939/6939/6939 6940/6940/6940 6941/6941/6941
f 6939/6939/6939 6941/6941/6941 6942/6942/6942
f 6943/6943/6943 6944/6944/6944 6945/6945/6945
f 6943/6943/6943 6945/6945/6945 6946/6946/6946
f 6947/6947/6947 6948/6948/6948 6949/6949/6949
f 6947/6947/6947 6949/6949/6949 6950/6950/6950
f 6951/6951/6951 6952/6952/6952 6953/6953/6953
f 6951/6951/6951 6953/6953/6953 6954/6954/6954
f 6955/6955/6955 6956/6956/6956 6957/6957/6957
f 6955/6955/6955 6957/6957/6957 6958/6958/6958
f 6959/6959/6959 6960/6960/6960 6961/6961/6961
f 6959/6959/6959 6961/6961/6961 6962/6962/6962
f 6963/6963/6963 6964/6964/6964 6965/6965/6965
f 6963/6963/6963 6965/6965/6965 6966/6966/6966
f 6967/6967/6967 6968/6968/6968 6969/6969/6969
f 6967/6967/6967 6969/6969/6969 6970/6970/6970
f 6971/6971/6971 6972/6972/6972 6973/6973/6973
f 6971/6971/6971 6973/6973/6973 6974/6974/6974
f 6975/6975/6975 6976/6976/6976 6977/6977/6977
f 6975/6975/6975 6977/6977/6977 6978/6978/6978
f 6979/6979/6979 6980/6980/6980 6981/6981/6981
f 6979/6979/6979 6981/6981/6981 6982/6982/6982
f 6983/6983/6983 6984/6984/6984 6985/6985/6985
f 6983/6983/6983 6985/6985/6985 6986/6986/6986
