# This file uses centimeters as units for non-parametric coordinates.

mtllib Prop_Exit_Door_Set.mtl
g default
v 127.000000 0.000000 -383.000000
v 135.000000 0.000000 -383.000000
v 127.000000 216.000000 -383.000000
v 135.000000 216.000000 -383.000000
v 127.000000 216.000000 -397.000000
v 135.000000 216.000000 -397.000000
v 127.000000 0.000000 -397.000000
v 135.000000 0.000000 -397.000000
vt 0.330000 0.000000
vt 0.663333 0.000000
vt 0.330000 0.250000
vt 0.663333 0.250000
vt 0.330000 0.500000
vt 0.663333 0.500000
vt 0.330000 0.750000
vt 0.663333 0.750000
vt 0.330000 1.000000
vt 0.663333 1.000000
vt 1.000000 0.000000
vt 1.000000 0.250000
vt 0.000000 0.000000
vt 0.000000 0.250000
vn 0.000000 0.000000 1.000000
vn 0.000000 0.000000 1.000000
vn 0.000000 0.000000 1.000000
vn 0.000000 0.000000 1.000000
vn 0.000000 1.000000 0.000000
vn 0.000000 1.000000 0.000000
vn 0.000000 1.000000 0.000000
vn 0.000000 1.000000 0.000000
vn 0.000000 0.000000 -1.000000
vn 0.000000 0.000000 -1.000000
vn 0.000000 0.000000 -1.000000
vn 0.000000 0.000000 -1.000000
vn 0.000000 -1.000000 0.000000
vn 0.000000 -1.000000 0.000000
vn 0.000000 -1.000000 0.000000
vn 0.000000 -1.000000 0.000000
vn 1.000000 0.000000 0.000000
vn 1.000000 0.000000 0.000000
vn 1.000000 0.000000 0.000000
vn 1.000000 0.000000 0.000000
vn -1.000000 0.000000 0.000000
vn -1.000000 0.000000 0.000000
vn -1.000000 0.000000 0.000000
vn -1.000000 0.000000 0.000000
s off
g ExitDoor_Jamb_L GRP_Exit_Door_Set GRP_Props_Backrooms Backrooms_Level0_Master_GRP
usemtl M_Retro_Walnut_WoodSG
f 1/1/1 2/2/2 4/4/3 3/3/4
f 3/3/5 4/4/6 6/6/7 5/5/8
f 5/5/9 6/6/10 8/8/11 7/7/12
f 7/7/13 8/8/14 2/10/15 1/9/16
f 2/2/17 8/11/18 6/12/19 4/4/20
f 7/13/21 1/1/22 3/3/23 5/14/24
g default
v 225.000000 0.000000 -383.000000
v 233.000000 0.000000 -383.000000
v 225.000000 216.000000 -383.000000
v 233.000000 216.000000 -383.000000
v 225.000000 216.000000 -397.000000
v 233.000000 216.000000 -397.000000
v 225.000000 0.000000 -397.000000
v 233.000000 0.000000 -397.000000
vt 0.330000 0.000000
vt 0.663333 0.000000
vt 0.330000 0.250000
vt 0.663333 0.250000
vt 0.330000 0.500000
vt 0.663333 0.500000
vt 0.330000 0.750000
vt 0.663333 0.750000
vt 0.330000 1.000000
vt 0.663333 1.000000
vt 1.000000 0.000000
vt 1.000000 0.250000
vt 0.000000 0.000000
vt 0.000000 0.250000
vn 0.000000 0.000000 1.000000
vn 0.000000 0.000000 1.000000
vn 0.000000 0.000000 1.000000
vn 0.000000 0.000000 1.000000
vn 0.000000 1.000000 0.000000
vn 0.000000 1.000000 0.000000
vn 0.000000 1.000000 0.000000
vn 0.000000 1.000000 0.000000
vn 0.000000 0.000000 -1.000000
vn 0.000000 0.000000 -1.000000
vn 0.000000 0.000000 -1.000000
vn 0.000000 0.000000 -1.000000
vn 0.000000 -1.000000 0.000000
vn 0.000000 -1.000000 0.000000
vn 0.000000 -1.000000 0.000000
vn 0.000000 -1.000000 0.000000
vn 1.000000 0.000000 0.000000
vn 1.000000 0.000000 0.000000
vn 1.000000 0.000000 0.000000
vn 1.000000 0.000000 0.000000
vn -1.000000 0.000000 0.000000
vn -1.000000 0.000000 0.000000
vn -1.000000 0.000000 0.000000
vn -1.000000 0.000000 0.000000
s off
g GRP_Exit_Door_Set GRP_Props_Backrooms Backrooms_Level0_Master_GRP ExitDoor_Jamb_R
usemtl M_Retro_Walnut_WoodSG
f 9/15/25 10/16/26 12/18/27 11/17/28
f 11/17/29 12/18/30 14/20/31 13/19/32
f 13/19/33 14/20/34 16/22/35 15/21/36
f 15/21/37 16/22/38 10/24/39 9/23/40
f 10/16/41 16/25/42 14/26/43 12/18/44
f 15/27/45 9/15/46 11/17/47 13/28/48
g default
v 127.000000 208.000000 -383.000000
v 233.000000 208.000000 -383.000000
v 127.000000 216.000000 -383.000000
v 233.000000 216.000000 -383.000000
v 127.000000 216.000000 -397.000000
v 233.000000 216.000000 -397.000000
v 127.000000 208.000000 -397.000000
v 233.000000 208.000000 -397.000000
vt 0.330000 0.000000
vt 0.663333 0.000000
vt 0.330000 0.250000
vt 0.663333 0.250000
vt 0.330000 0.500000
vt 0.663333 0.500000
vt 0.330000 0.750000
vt 0.663333 0.750000
vt 0.330000 1.000000
vt 0.663333 1.000000
vt 1.000000 0.000000
vt 1.000000 0.250000
vt 0.000000 0.000000
vt 0.000000 0.250000
vn 0.000000 0.000000 1.000000
vn 0.000000 0.000000 1.000000
vn 0.000000 0.000000 1.000000
vn 0.000000 0.000000 1.000000
vn 0.000000 1.000000 0.000000
vn 0.000000 1.000000 0.000000
vn 0.000000 1.000000 0.000000
vn 0.000000 1.000000 0.000000
vn 0.000000 0.000000 -1.000000
vn 0.000000 0.000000 -1.000000
vn 0.000000 0.000000 -1.000000
vn 0.000000 0.000000 -1.000000
vn 0.000000 -1.000000 0.000000
vn 0.000000 -1.000000 0.000000
vn 0.000000 -1.000000 0.000000
vn 0.000000 -1.000000 0.000000
vn 1.000000 0.000000 0.000000
vn 1.000000 0.000000 0.000000
vn 1.000000 0.000000 0.000000
vn 1.000000 0.000000 0.000000
vn -1.000000 0.000000 0.000000
vn -1.000000 0.000000 0.000000
vn -1.000000 0.000000 0.000000
vn -1.000000 0.000000 0.000000
s off
g GRP_Exit_Door_Set GRP_Props_Backrooms Backrooms_Level0_Master_GRP ExitDoor_Jamb_Top
usemtl M_Retro_Walnut_WoodSG
f 17/29/49 18/30/50 20/32/51 19/31/52
f 19/31/53 20/32/54 22/34/55 21/33/56
f 21/33/57 22/34/58 24/36/59 23/35/60
f 23/35/61 24/36/62 18/38/63 17/37/64
f 18/30/65 24/39/66 22/40/67 20/32/68
f 23/41/69 17/29/70 19/31/71 21/42/72
g default
v 136.009884 1.009880 -387.783747
v 136.033745 1.000000 -387.783747
v 136.033745 1.009880 -387.759884
v 136.033745 1.033745 -387.750000
v 136.009884 1.033745 -387.759884
v 136.000000 1.033745 -387.783747
v 223.990116 1.009880 -387.783747
v 224.000000 1.033745 -387.783747
v 223.990116 1.033745 -387.759884
v 223.966255 1.033745 -387.750000
v 223.966255 1.009880 -387.759884
v 223.966255 1.000000 -387.783747
v 136.009884 206.990120 -387.783747
v 136.000000 206.966255 -387.783747
v 136.009884 206.966255 -387.759884
v 136.033745 206.966255 -387.750000
v 136.033745 206.990120 -387.759884
v 136.033745 207.000000 -387.783747
v 223.990116 206.990120 -387.783747
v 223.966255 207.000000 -387.783747
v 223.966255 206.990120 -387.759884
v 223.966255 206.966255 -387.750000
v 223.990116 206.966255 -387.759884
v 224.000000 206.966255 -387.783747
v 136.009884 206.966255 -392.240116
v 136.000000 206.966255 -392.216253
v 136.009884 206.990120 -392.216253
v 136.033745 207.000000 -392.216253
v 136.033745 206.990120 -392.240116
v 136.033745 206.966255 -392.250000
v 223.990116 206.966255 -392.240116
v 223.966255 206.966255 -392.250000
v 223.966255 206.990120 -392.240116
v 223.966255 207.000000 -392.216253
v 223.990116 206.990120 -392.216253
v 224.000000 206.966255 -392.216253
v 136.009884 1.009880 -392.216253
v 136.000000 1.033745 -392.216253
v 136.009884 1.033745 -392.240116
v 136.033745 1.033745 -392.250000
v 136.033745 1.009880 -392.240116
v 136.033745 1.000000 -392.216253
v 223.990116 1.009880 -392.216253
v 223.966255 1.000000 -392.216253
v 223.966255 1.009880 -392.240116
v 223.966255 1.033745 -392.250000
v 223.990116 1.033745 -392.240116
v 224.000000 1.033745 -392.216253
vt 0.330128 0.998125
vt 0.330128 0.751875
vt 0.327493 0.000074
vt 0.002458 0.000074
vt 0.330128 0.000041
vt 0.663206 0.000041
vt 0.330128 0.998125
vt 0.663206 0.998125
vt 0.327493 0.000074
vt 0.327525 0.249959
vt 0.330128 0.000041
vt 0.330128 0.249959
vt 0.665841 0.000074
vt 0.997443 0.000074
vt 0.663206 0.998125
vt 0.663206 0.751875
vt 0.663206 0.000041
vt 0.663206 0.249959
vt 0.665841 0.000074
vt 0.665858 0.249959
vt 0.327525 0.249959
vt 0.002475 0.249959
vt 0.330128 0.251875
vt 0.330128 0.498125
vt 0.330128 0.251875
vt 0.663206 0.251875
vt 0.330128 0.249959
vt 0.663206 0.249959
vt 0.663206 0.251875
vt 0.663206 0.498125
vt 0.665858 0.249959
vt 0.997475 0.249959
vt 0.002475 0.249959
vt 0.002458 0.000074
vt 0.330128 0.500041
vt 0.330128 0.749959
vt 0.330128 0.500041
vt 0.663206 0.500041
vt 0.330128 0.498125
vt 0.663206 0.498125
vt 0.663206 0.500041
vt 0.663206 0.749959
vt 0.997475 0.249959
vt 0.997443 0.000074
vt 0.330128 0.751875
vt 0.663206 0.751875
vt 0.330128 0.749959
vt 0.663206 0.749959
vt 0.330128 0.000041
vt 0.663206 0.000041
vt 0.663206 0.249959
vt 0.330128 0.249959
vt 0.330128 0.251875
vt 0.663206 0.251875
vt 0.663206 0.498125
vt 0.330128 0.498125
vt 0.330128 0.500041
vt 0.663206 0.500041
vt 0.663206 0.749959
vt 0.330128 0.749959
vt 0.330128 0.751875
vt 0.663206 0.751875
vt 0.663206 0.998125
vt 0.330128 0.998125
vt 0.665841 0.000074
vt 0.997443 0.000074
vt 0.997475 0.249959
vt 0.665858 0.249959
vt 0.002458 0.000074
vt 0.327493 0.000074
vt 0.327525 0.249959
vt 0.002475 0.249959
vt 0.330128 -0.000000
vt 0.330128 0.000041
vt 0.327493 0.000074
vt 0.665841 0.000074
vt 0.663206 0.000041
vt 0.663206 -0.000000
vt 0.327525 0.249959
vt 0.330128 0.249959
vt 0.330128 0.251875
vt 0.663206 0.251875
vt 0.663206 0.249959
vt 0.665858 0.249959
vt 0.330000 0.498125
vt 0.330128 0.498125
vt 0.330128 0.500041
vt 0.663206 0.500041
vt 0.663206 0.498125
vt 0.663333 0.498125
vt 0.330000 0.749959
vt 0.330128 0.749959
vt 0.330128 0.751875
vt 0.663206 0.751875
vt 0.663206 0.749959
vt 0.663333 0.749959
vt 0.328241 0.000000
vt 0.330127 0.996696
vt 0.330226 -0.000000
vt 0.330226 0.998125
vt 0.328811 0.000058
vt 0.665131 0.000000
vt 0.663206 0.996696
vt 0.664523 0.000058
vt 0.663108 0.998125
vt 0.663108 -0.000000
vt 0.330000 0.250000
vt 0.328827 0.249959
vt 0.330157 0.250917
vt 0.663333 0.250000
vt 0.663199 0.250591
vt 0.664532 0.249959
vt 0.330000 0.498157
vt 0.002475 0.249928
vt 0.330000 0.496688
vt 0.004372 0.249959
vt 0.330156 0.499083
vt 0.663333 0.498157
vt 0.997475 0.249928
vt 0.663199 0.498755
vt 0.995539 0.249959
vt 0.663333 0.496688
vt 0.004345 0.000074
vt 0.330001 0.751389
vt 0.330000 0.749927
vt 0.002458 0.000106
vt 0.330157 0.750917
vt 0.663333 0.751389
vt 0.995517 0.000074
vt 0.663199 0.750888
vt 0.997443 0.000106
vt 0.663333 0.749927
vn -0.382585 -0.923920 0.000000
vn -0.382585 -0.923920 0.000000
vn -0.382585 -0.923920 0.000000
vn -0.382585 -0.923920 0.000000
vn -0.923904 -0.382625 0.000000
vn -0.923904 -0.382625 0.000000
vn -0.923904 -0.382625 0.000000
vn -0.923904 -0.382625 0.000000
vn 0.000000 -0.382628 0.923902
vn 0.000000 -0.382628 0.923902
vn 0.000000 -0.382628 0.923902
vn 0.000000 -0.382628 0.923902
vn 0.000000 -0.923880 0.382682
vn 0.000000 -0.923880 0.382682
vn 0.000000 -0.923880 0.382682
vn 0.000000 -0.923880 0.382682
vn -0.923884 0.000000 0.382672
vn -0.923884 0.000000 0.382672
vn -0.923884 0.000000 0.382672
vn -0.923884 0.000000 0.382672
vn -0.382703 0.000000 0.923871
vn -0.382703 0.000000 0.923871
vn -0.382703 0.000000 0.923871
vn -0.382703 0.000000 0.923871
vn 0.923904 -0.382625 0.000000
vn 0.923904 -0.382625 0.000000
vn 0.923904 -0.382625 0.000000
vn 0.923904 -0.382625 0.000000
vn 0.382585 -0.923920 0.000000
vn 0.382585 -0.923920 0.000000
vn 0.382585 -0.923920 0.000000
vn 0.382585 -0.923920 0.000000
vn 0.382703 0.000000 0.923871
vn 0.382703 0.000000 0.923871
vn 0.382703 0.000000 0.923871
vn 0.382703 0.000000 0.923871
vn 0.923884 0.000000 0.382672
vn 0.923884 0.000000 0.382672
vn 0.923884 0.000000 0.382672
vn 0.923884 0.000000 0.382672
vn -0.923904 0.382625 0.000000
vn -0.923904 0.382625 0.000000
vn -0.923904 0.382625 0.000000
vn -0.923904 0.382625 0.000000
vn -0.382585 0.923920 0.000000
vn -0.382585 0.923920 0.000000
vn -0.382585 0.923920 0.000000
vn -0.382585 0.923920 0.000000
vn 0.000000 0.923880 0.382682
vn 0.000000 0.923880 0.382682
vn 0.000000 0.923880 0.382682
vn 0.000000 0.923880 0.382682
vn 0.000000 0.382628 0.923902
vn 0.000000 0.382628 0.923902
vn 0.000000 0.382628 0.923902
vn 0.000000 0.382628 0.923902
vn 0.382585 0.923920 0.000000
vn 0.382585 0.923920 0.000000
vn 0.382585 0.923920 0.000000
vn 0.382585 0.923920 0.000000
vn 0.923904 0.382625 0.000000
vn 0.923904 0.382625 0.000000
vn 0.923904 0.382625 0.000000
vn 0.923904 0.382625 0.000000
vn -0.923884 0.000000 -0.382672
vn -0.923884 0.000000 -0.382672
vn -0.923884 0.000000 -0.382672
vn -0.923884 0.000000 -0.382672
vn -0.382703 0.000000 -0.923871
vn -0.382703 0.000000 -0.923871
vn -0.382703 0.000000 -0.923871
vn -0.382703 0.000000 -0.923871
vn 0.000000 0.382628 -0.923902
vn 0.000000 0.382628 -0.923902
vn 0.000000 0.382628 -0.923902
vn 0.000000 0.382628 -0.923902
vn 0.000000 0.923880 -0.382682
vn 0.000000 0.923880 -0.382682
vn 0.000000 0.923880 -0.382682
vn 0.000000 0.923880 -0.382682
vn 0.382703 0.000000 -0.923871
vn 0.382703 0.000000 -0.923871
vn 0.382703 0.000000 -0.923871
vn 0.382703 0.000000 -0.923871
vn 0.923884 0.000000 -0.382672
vn 0.923884 0.000000 -0.382672
vn 0.923884 0.000000 -0.382672
vn 0.923884 0.000000 -0.382672
vn 0.000000 -0.923880 -0.382682
vn 0.000000 -0.923880 -0.382682
vn 0.000000 -0.923880 -0.382682
vn 0.000000 -0.923880 -0.382682
vn 0.000000 -0.382628 -0.923902
vn 0.000000 -0.382628 -0.923902
vn 0.000000 -0.382628 -0.923902
vn 0.000000 -0.382628 -0.923902
vn 0.000000 0.000000 1.000000
vn 0.000000 0.000000 1.000000
vn 0.000000 0.000000 1.000000
vn 0.000000 0.000000 1.000000
vn 0.000000 1.000000 0.000000
vn 0.000000 1.000000 0.000000
vn 0.000000 1.000000 0.000000
vn 0.000000 1.000000 0.000000
vn 0.000000 0.000000 -1.000000
vn 0.000000 0.000000 -1.000000
vn 0.000000 0.000000 -1.000000
vn 0.000000 0.000000 -1.000000
vn 0.000000 -1.000000 0.000000
vn 0.000000 -1.000000 0.000000
vn 0.000000 -1.000000 0.000000
vn 0.000000 -1.000000 0.000000
vn 1.000000 0.000000 0.000000
vn 1.000000 0.000000 0.000000
vn 1.000000 0.000000 0.000000
vn 1.000000 0.000000 0.000000
vn -1.000000 0.000000 0.000000
vn -1.000000 0.000000 0.000000
vn -1.000000 0.000000 0.000000
vn -1.000000 0.000000 0.000000
vn -0.577455 -0.577340 0.577255
vn -0.577455 -0.577340 0.577255
vn -0.577455 -0.577340 0.577255
vn -0.577455 -0.577340 0.577255
vn -0.577455 -0.577340 0.577255
vn -0.577455 -0.577340 0.577255
vn 0.577398 -0.577369 0.577284
vn 0.577398 -0.577369 0.577284
vn 0.577398 -0.577369 0.577284
vn 0.577398 -0.577369 0.577284
vn 0.577398 -0.577369 0.577284
vn 0.577398 -0.577369 0.577284
vn -0.577398 0.577369 0.577284
vn -0.577398 0.577369 0.577284
vn -0.577398 0.577369 0.577284
vn -0.577398 0.577369 0.577284
vn -0.577398 0.577369 0.577284
vn -0.577398 0.577369 0.577284
vn 0.577455 0.577340 0.577255
vn 0.577455 0.577340 0.577255
vn 0.577455 0.577340 0.577255
vn 0.577455 0.577340 0.577255
vn 0.577455 0.577340 0.577255
vn 0.577455 0.577340 0.577255
vn -0.577413 0.577340 -0.577298
vn -0.577413 0.577340 -0.577298
vn -0.577413 0.577340 -0.577298
vn -0.577413 0.577340 -0.577298
vn -0.577413 0.577341 -0.577298
vn -0.577413 0.577340 -0.577298
vn 0.577457 0.577340 -0.577254
vn 0.577457 0.577340 -0.577254
vn 0.577457 0.577340 -0.577254
vn 0.577457 0.577340 -0.577254
vn 0.577457 0.577340 -0.577254
vn 0.577457 0.577340 -0.577254
vn -0.577398 -0.577369 -0.577284
vn -0.577398 -0.577369 -0.577284
vn -0.577398 -0.577369 -0.577284
vn -0.577398 -0.577369 -0.577284
vn -0.577398 -0.577369 -0.577284
vn -0.577398 -0.577369 -0.577284
vn 0.577455 -0.577340 -0.577255
vn 0.577455 -0.577340 -0.577255
vn 0.577455 -0.577340 -0.577255
vn 0.577455 -0.577340 -0.577255
vn 0.577455 -0.577340 -0.577255
vn 0.577455 -0.577340 -0.577255
s off
g GRP_Exit_Door_Set GRP_Props_Backrooms Backrooms_Level0_Master_GRP ExitDoor_Leaf
usemtl M_Retro_Walnut_WoodSG
f 26/49/73 25/140/74 61/166/75 66/103/76
f 25/139/77 30/112/78 62/76/79 61/165/80
f 28/53/81 27/141/82 35/148/83 34/92/84
f 27/142/85 26/49/86 36/57/87 35/147/88
f 30/112/89 29/143/90 39/150/91 38/113/92
f 29/143/93 28/53/94 40/69/95 39/150/96
f 32/61/97 31/144/98 67/171/99 72/86/100
f 31/145/101 36/57/102 68/88/103 67/170/104
f 34/92/105 33/146/106 47/154/107 46/70/108
f 33/146/109 32/61/110 48/73/111 47/154/112
f 38/113/113 37/149/114 51/158/115 50/114/116
f 37/149/117 42/95/118 52/81/119 51/157/120
f 42/95/121 41/151/122 45/153/123 44/96/124
f 41/151/125 40/69/126 46/70/127 45/153/128
f 44/96/129 43/152/130 59/164/131 58/82/132
f 43/152/133 48/73/134 60/85/135 59/163/136
f 50/114/137 49/156/138 63/168/139 62/76/140
f 49/155/141 54/99/142 64/89/143 63/167/144
f 54/99/145 53/159/146 57/162/147 56/100/148
f 53/159/149 52/81/150 58/82/151 57/162/152
f 56/100/153 55/160/154 71/174/155 70/90/156
f 55/161/157 60/85/158 72/86/159 71/173/160
f 66/103/161 65/169/162 69/172/163 68/88/164
f 65/169/165 64/89/166 70/90/167 69/172/168
f 28/53/169 34/92/170 46/70/171 40/69/172
f 42/95/173 44/96/174 58/82/175 52/81/176
f 54/99/177 56/100/178 70/90/179 64/89/180
f 66/103/181 68/88/182 36/57/183 26/49/184
f 32/61/185 72/86/186 60/85/187 48/73/188
f 62/76/189 30/112/190 38/113/191 50/114/192
f 25/139/193 26/115/194 27/141/195 28/53/196 29/143/197 30/112/198
f 31/144/199 32/61/200 33/146/201 34/92/202 35/148/203 36/120/204
f 37/149/205 38/113/206 39/150/207 40/69/208 41/151/209 42/95/210
f 43/152/211 44/96/212 45/153/213 46/70/214 47/154/215 48/73/216
f 49/155/217 50/127/218 51/157/219 52/81/220 53/159/221 54/99/222
f 55/160/223 56/100/224 57/162/225 58/82/226 59/164/227 60/132/228
f 61/166/229 62/133/230 63/167/231 64/89/232 65/169/233 66/103/234
f 67/170/235 68/88/236 69/172/237 70/90/238 71/174/239 72/138/240
g default
v 137.000000 1.000000 -387.600000
v 223.000000 1.000000 -387.600000
v 137.000000 23.000000 -387.600000
v 223.000000 23.000000 -387.600000
v 137.000000 23.000000 -392.400000
v 223.000000 23.000000 -392.400000
v 137.000000 1.000000 -392.400000
v 223.000000 1.000000 -392.400000
vt 0.330000 0.000000
vt 0.663333 0.000000
vt 0.330000 0.250000
vt 0.663333 0.250000
vt 0.330000 0.500000
vt 0.663333 0.500000
vt 0.330000 0.750000
vt 0.663333 0.750000
vt 0.330000 1.000000
vt 0.663333 1.000000
vt 1.000000 0.000000
vt 1.000000 0.250000
vt 0.000000 0.000000
vt 0.000000 0.250000
vn 0.000000 0.000000 1.000000
vn 0.000000 0.000000 1.000000
vn 0.000000 0.000000 1.000000
vn 0.000000 0.000000 1.000000
vn 0.000000 1.000000 0.000000
vn 0.000000 1.000000 0.000000
vn 0.000000 1.000000 0.000000
vn 0.000000 1.000000 0.000000
vn 0.000000 0.000000 -1.000000
vn 0.000000 0.000000 -1.000000
vn 0.000000 0.000000 -1.000000
vn 0.000000 0.000000 -1.000000
vn 0.000000 -1.000000 0.000000
vn 0.000000 -1.000000 0.000000
vn 0.000000 -1.000000 0.000000
vn 0.000000 -1.000000 0.000000
vn 1.000000 0.000000 0.000000
vn 1.000000 0.000000 0.000000
vn 1.000000 0.000000 0.000000
vn 1.000000 0.000000 0.000000
vn -1.000000 0.000000 0.000000
vn -1.000000 0.000000 0.000000
vn -1.000000 0.000000 0.000000
vn -1.000000 0.000000 0.000000
s off
g GRP_Exit_Door_Set GRP_Props_Backrooms Backrooms_Level0_Master_GRP ExitDoor_Kickplate
usemtl M_Stainless_SteelSG
f 73/175/241 74/176/242 76/178/243 75/177/244
f 75/177/245 76/178/246 78/180/247 77/179/248
f 77/179/249 78/180/250 80/182/251 79/181/252
f 79/181/253 80/182/254 74/184/255 73/183/256
f 74/176/257 80/185/258 78/186/259 76/178/260
f 79/187/261 73/175/262 75/177/263 77/188/264
g default
v 218.771281 101.600000 -387.800000
v 217.600000 102.771281 -387.800000
v 216.000000 103.200000 -387.800000
v 214.400000 102.771281 -387.800000
v 213.228719 101.600000 -387.800000
v 212.800000 100.000000 -387.800000
v 213.228719 98.400000 -387.800000
v 214.400000 97.228719 -387.800000
v 216.000000 96.800000 -387.800000
v 217.600000 97.228719 -387.800000
v 218.771281 98.400000 -387.800000
v 219.200000 100.000000 -387.800000
v 218.771281 101.600000 -387.000000
v 217.600000 102.771281 -387.000000
v 216.000000 103.200000 -387.000000
v 214.400000 102.771281 -387.000000
v 213.228719 101.600000 -387.000000
v 212.800000 100.000000 -387.000000
v 213.228719 98.400000 -387.000000
v 214.400000 97.228719 -387.000000
v 216.000000 96.800000 -387.000000
v 217.600000 97.228719 -387.000000
v 218.771281 98.400000 -387.000000
v 219.200000 100.000000 -387.000000
vt 0.934892 0.062500
vt 0.751880 0.016747
vt 0.501880 0.000000
vt 0.251880 0.016747
vt 0.068867 0.062500
vt 0.001880 0.125000
vt 0.068867 0.187500
vt 0.251880 0.233253
vt 0.501880 0.250000
vt 0.751880 0.233253
vt 0.934892 0.187500
vt 1.001880 0.125000
vt 0.000000 0.250000
vt 0.083333 0.250000
vt 0.166667 0.250000
vt 0.250000 0.250000
vt 0.333333 0.250000
vt 0.416667 0.250000
vt 0.500000 0.250000
vt 0.583333 0.250000
vt 0.666667 0.250000
vt 0.750000 0.250000
vt 0.833333 0.250000
vt 0.916667 0.250000
vt 1.000000 0.250000
vt 0.000000 0.750000
vt 0.083333 0.750000
vt 0.166667 0.750000
vt 0.250000 0.750000
vt 0.333333 0.750000
vt 0.416667 0.750000
vt 0.500000 0.750000
vt 0.583333 0.750000
vt 0.666667 0.750000
vt 0.750000 0.750000
vt 0.833333 0.750000
vt 0.916667 0.750000
vt 1.000000 0.750000
vt 0.934892 0.812500
vt 0.751880 0.766747
vt 0.501880 0.750000
vt 0.251880 0.766747
vt 0.068867 0.812500
vt 0.001880 0.875000
vt 0.068867 0.937500
vt 0.251880 0.983253
vt 0.501880 1.000000
vt 0.751880 0.983253
vt 0.934892 0.937500
vt 1.001880 0.875000
vn 0.707107 0.707107 0.000000
vn 0.707107 0.707107 0.000000
vn 0.707107 0.707107 0.000000
vn 0.707107 0.707107 0.000000
vn 0.258819 0.965926 0.000000
vn 0.258819 0.965926 0.000000
vn 0.258819 0.965926 0.000000
vn 0.258819 0.965926 0.000000
vn -0.258819 0.965926 0.000000
vn -0.258819 0.965926 0.000000
vn -0.258819 0.965926 0.000000
vn -0.258819 0.965926 0.000000
vn -0.707107 0.707107 0.000000
vn -0.707107 0.707107 0.000000
vn -0.707107 0.707107 0.000000
vn -0.707107 0.707107 0.000000
vn -0.965926 0.258819 0.000000
vn -0.965926 0.258819 0.000000
vn -0.965926 0.258819 0.000000
vn -0.965926 0.258819 0.000000
vn -0.965926 -0.258819 0.000000
vn -0.965926 -0.258819 0.000000
vn -0.965926 -0.258819 0.000000
vn -0.965926 -0.258819 0.000000
vn -0.707107 -0.707107 0.000000
vn -0.707107 -0.707107 0.000000
vn -0.707107 -0.707107 0.000000
vn -0.707107 -0.707107 0.000000
vn -0.258819 -0.965926 0.000000
vn -0.258819 -0.965926 0.000000
vn -0.258819 -0.965926 0.000000
vn -0.258819 -0.965926 0.000000
vn 0.258819 -0.965926 0.000000
vn 0.258819 -0.965926 0.000000
vn 0.258819 -0.965926 0.000000
vn 0.258819 -0.965926 0.000000
vn 0.707107 -0.707107 0.000000
vn 0.707107 -0.707107 0.000000
vn 0.707107 -0.707107 0.000000
vn 0.707107 -0.707107 0.000000
vn 0.965926 -0.258819 0.000000
vn 0.965926 -0.258819 0.000000
vn 0.965926 -0.258819 0.000000
vn 0.965926 -0.258819 0.000000
vn 0.965926 0.258819 0.000000
vn 0.965926 0.258819 0.000000
vn 0.965926 0.258819 0.000000
vn 0.965926 0.258819 0.000000
vn 0.000000 -0.000000 -1.000000
vn 0.000000 -0.000000 -1.000000
vn 0.000000 -0.000000 -1.000000
vn 0.000000 -0.000000 -1.000000
vn 0.000000 -0.000000 -1.000000
vn 0.000000 -0.000000 -1.000000
vn 0.000000 -0.000000 -1.000000
vn 0.000000 -0.000000 -1.000000
vn 0.000000 -0.000000 -1.000000
vn 0.000000 -0.000000 -1.000000
vn 0.000000 -0.000000 -1.000000
vn 0.000000 -0.000000 -1.000000
vn 0.000000 0.000000 1.000000
vn 0.000000 0.000000 1.000000
vn 0.000000 0.000000 1.000000
vn 0.000000 0.000000 1.000000
vn 0.000000 0.000000 1.000000
vn 0.000000 0.000000 1.000000
vn 0.000000 0.000000 1.000000
vn 0.000000 0.000000 1.000000
vn 0.000000 0.000000 1.000000
vn 0.000000 0.000000 1.000000
vn 0.000000 0.000000 1.000000
vn 0.000000 0.000000 1.000000
s off
g GRP_Exit_Door_Set GRP_Props_Backrooms Backrooms_Level0_Master_GRP ExitDoor_Rosette
usemtl M_Stainless_SteelSG
f 81/201/265 82/202/266 94/215/267 93/214/268
f 82/202/269 83/203/270 95/216/271 94/215/272
f 83/203/273 84/204/274 96/217/275 95/216/276
f 84/204/277 85/205/278 97/218/279 96/217/280
f 85/205/281 86/206/282 98/219/283 97/218/284
f 86/206/285 87/207/286 99/220/287 98/219/288
f 87/207/289 88/208/290 100/221/291 99/220/292
f 88/208/293 89/209/294 101/222/295 100/221/296
f 89/209/297 90/210/298 102/223/299 101/222/300
f 90/210/301 91/211/302 103/224/303 102/223/304
f 91/211/305 92/212/306 104/225/307 103/224/308
f 92/212/309 81/213/310 93/226/311 104/225/312
f 81/189/313 92/200/314 91/199/315 90/198/316 89/197/317 88/196/318 87/195/319 86/194/320 85/193/321 84/192/322 83/191/323 82/190/324
f 93/237/325 94/236/326 95/235/327 96/234/328 97/233/329 98/232/330 99/231/331 100/230/332 101/229/333 102/228/334 103/227/335 104/238/336
g default
v 203.032215 98.932215 -383.709989
v 203.109989 98.900000 -383.709989
v 203.109989 98.932215 -383.632215
v 203.109989 99.009989 -383.600000
v 203.032215 99.009989 -383.632215
v 203.000000 99.009989 -383.709989
v 216.967785 98.932215 -383.709989
v 217.000000 99.009989 -383.709989
v 216.967785 99.009989 -383.632215
v 216.890011 99.009989 -383.600000
v 216.890011 98.932215 -383.632215
v 216.890011 98.900000 -383.709989
v 203.032215 101.067785 -383.709989
v 203.000000 100.990011 -383.709989
v 203.032215 100.990011 -383.632215
v 203.109989 100.990011 -383.600000
v 203.109989 101.067785 -383.632215
v 203.109989 101.100000 -383.709989
v 216.967785 101.067785 -383.709989
v 216.890011 101.100000 -383.709989
v 216.890011 101.067785 -383.632215
v 216.890011 100.990011 -383.600000
v 216.967785 100.990011 -383.632215
v 217.000000 100.990011 -383.709989
v 203.032215 100.990011 -385.967785
v 203.000000 100.990011 -385.890011
v 203.032215 101.067785 -385.890011
v 203.109989 101.100000 -385.890011
v 203.109989 101.067785 -385.967785
v 203.109989 100.990011 -386.000000
v 216.967785 100.990011 -385.967785
v 216.890011 100.990011 -386.000000
v 216.890011 101.067785 -385.967785
v 216.890011 101.100000 -385.890011
v 216.967785 101.067785 -385.890011
v 217.000000 100.990011 -385.890011
v 203.032215 98.932215 -385.890011
v 203.000000 99.009989 -385.890011
v 203.032215 99.009989 -385.967785
v 203.109989 99.009989 -386.000000
v 203.109989 98.932215 -385.967785
v 203.109989 98.900000 -385.890011
v 216.967785 98.932215 -385.890011
v 216.890011 98.900000 -385.890011
v 216.890011 98.932215 -385.967785
v 216.890011 99.009989 -386.000000
v 216.967785 99.009989 -385.967785
v 217.000000 99.009989 -385.890011
vt 0.332619 0.988543
vt 0.332619 0.761457
vt 0.314877 0.012499
vt 0.015124 0.012499
vt 0.332619 0.012499
vt 0.660715 0.012499
vt 0.332619 0.988543
vt 0.660715 0.988543
vt 0.314877 0.012499
vt 0.314877 0.237501
vt 0.332619 0.012499
vt 0.332619 0.237501
vt 0.678762 0.012499
vt 0.984571 0.012499
vt 0.660715 0.988543
vt 0.660715 0.761457
vt 0.660715 0.012499
vt 0.660715 0.237501
vt 0.678762 0.012499
vt 0.678762 0.237501
vt 0.314877 0.237501
vt 0.015123 0.237501
vt 0.332619 0.261457
vt 0.332619 0.488543
vt 0.332619 0.261457
vt 0.660715 0.261457
vt 0.332619 0.237501
vt 0.660715 0.237501
vt 0.660715 0.261457
vt 0.660715 0.488543
vt 0.678762 0.237501
vt 0.984571 0.237501
vt 0.015123 0.237501
vt 0.015124 0.012499
vt 0.332619 0.512499
vt 0.332619 0.737501
vt 0.332619 0.512499
vt 0.660715 0.512499
vt 0.332619 0.488543
vt 0.660715 0.488543
vt 0.660715 0.512499
vt 0.660715 0.737501
vt 0.984571 0.237501
vt 0.984571 0.012499
vt 0.332619 0.761457
vt 0.660715 0.761457
vt 0.332619 0.737501
vt 0.660715 0.737501
vt 0.332619 0.012499
vt 0.660715 0.012499
vt 0.660715 0.237501
vt 0.332619 0.237501
vt 0.332619 0.261457
vt 0.660715 0.261457
vt 0.660715 0.488543
vt 0.332619 0.488543
vt 0.332619 0.512499
vt 0.660715 0.512499
vt 0.660715 0.737501
vt 0.332619 0.737501
vt 0.332619 0.761457
vt 0.660715 0.761457
vt 0.660715 0.988543
vt 0.332619 0.988543
vt 0.678762 0.012499
vt 0.984571 0.012499
vt 0.984571 0.237501
vt 0.678762 0.237501
vt 0.015124 0.012499
vt 0.314877 0.012499
vt 0.314877 0.237501
vt 0.015123 0.237501
vt 0.332619 0.000000
vt 0.332619 0.012499
vt 0.314877 0.012499
vt 0.678762 0.012499
vt 0.660715 0.012499
vt 0.660715 -0.000000
vt 0.314877 0.237501
vt 0.332619 0.237501
vt 0.332619 0.261457
vt 0.660715 0.261457
vt 0.660715 0.237501
vt 0.678762 0.237501
vt 0.330000 0.488543
vt 0.332619 0.488543
vt 0.332619 0.512499
vt 0.660715 0.512499
vt 0.660715 0.488543
vt 0.663333 0.488543
vt 0.330000 0.737501
vt 0.332619 0.737501
vt 0.332619 0.761457
vt 0.660715 0.761457
vt 0.660715 0.737501
vt 0.663333 0.737501
vt 0.321238 0.000448
vt 0.332525 0.979544
vt 0.334599 -0.000000
vt 0.334599 0.988543
vt 0.323748 0.012867
vt 0.672324 0.000448
vt 0.660808 0.979544
vt 0.669663 0.012584
vt 0.658734 0.988543
vt 0.658734 -0.000000
vt 0.330000 0.250000
vt 0.324033 0.237427
vt 0.332631 0.249479
vt 0.663333 0.250000
vt 0.660712 0.249453
vt 0.669738 0.237133
vt 0.330000 0.498298
vt 0.015123 0.228685
vt 0.330000 0.479674
vt 0.026830 0.237966
vt 0.332631 0.500521
vt 0.663333 0.498298
vt 0.984571 0.228685
vt 0.660712 0.500485
vt 0.972628 0.237966
vt 0.663333 0.479674
vt 0.026505 0.012051
vt 0.330094 0.746500
vt 0.330000 0.727746
vt 0.015124 0.021315
vt 0.332631 0.749479
vt 0.663239 0.746500
vt 0.972962 0.012051
vt 0.660712 0.749440
vt 0.984571 0.021315
vt 0.663333 0.727746
vn -0.382683 -0.923880 0.000000
vn -0.382683 -0.923880 0.000000
vn -0.382683 -0.923880 0.000000
vn -0.382683 -0.923880 0.000000
vn -0.923880 -0.382684 0.000000
vn -0.923880 -0.382684 0.000000
vn -0.923880 -0.382684 0.000000
vn -0.923880 -0.382684 0.000000
vn 0.000000 -0.382683 0.923880
vn 0.000000 -0.382683 0.923880
vn 0.000000 -0.382683 0.923880
vn 0.000000 -0.382683 0.923880
vn 0.000000 -0.923880 0.382682
vn 0.000000 -0.923880 0.382682
vn 0.000000 -0.923880 0.382682
vn 0.000000 -0.923880 0.382682
vn -0.923879 0.000000 0.382684
vn -0.923879 0.000000 0.382684
vn -0.923879 0.000000 0.382684
vn -0.923879 0.000000 0.382684
vn -0.382683 0.000000 0.923880
vn -0.382683 0.000000 0.923880
vn -0.382683 0.000000 0.923880
vn -0.382683 0.000000 0.923880
vn 0.923880 -0.382684 0.000000
vn 0.923880 -0.382684 0.000000
vn 0.923880 -0.382684 0.000000
vn 0.923880 -0.382684 0.000000
vn 0.382683 -0.923880 0.000000
vn 0.382683 -0.923880 0.000000
vn 0.382683 -0.923880 0.000000
vn 0.382683 -0.923880 0.000000
vn 0.382683 0.000000 0.923880
vn 0.382683 0.000000 0.923880
vn 0.382683 0.000000 0.923880
vn 0.382683 0.000000 0.923880
vn 0.923879 0.000000 0.382684
vn 0.923879 0.000000 0.382684
vn 0.923879 0.000000 0.382684
vn 0.923879 0.000000 0.382684
vn -0.923880 0.382684 0.000000
vn -0.923880 0.382684 0.000000
vn -0.923880 0.382684 0.000000
vn -0.923880 0.382684 0.000000
vn -0.382683 0.923880 0.000000
vn -0.382683 0.923880 0.000000
vn -0.382683 0.923880 0.000000
vn -0.382683 0.923880 0.000000
vn 0.000000 0.923880 0.382682
vn 0.000000 0.923880 0.382682
vn 0.000000 0.923880 0.382682
vn 0.000000 0.923880 0.382682
vn 0.000000 0.382683 0.923880
vn 0.000000 0.382683 0.923880
vn 0.000000 0.382683 0.923880
vn 0.000000 0.382683 0.923880
vn 0.382683 0.923880 0.000000
vn 0.382683 0.923880 0.000000
vn 0.382683 0.923880 0.000000
vn 0.382683 0.923880 0.000000
vn 0.923880 0.382684 0.000000
vn 0.923880 0.382684 0.000000
vn 0.923880 0.382684 0.000000
vn 0.923880 0.382684 0.000000
vn -0.923879 0.000000 -0.382684
vn -0.923879 0.000000 -0.382684
vn -0.923879 0.000000 -0.382684
vn -0.923879 0.000000 -0.382684
vn -0.382683 0.000000 -0.923880
vn -0.382683 0.000000 -0.923880
vn -0.382683 0.000000 -0.923880
vn -0.382683 0.000000 -0.923880
vn 0.000000 0.382683 -0.923880
vn 0.000000 0.382683 -0.923880
vn 0.000000 0.382683 -0.923880
vn 0.000000 0.382683 -0.923880
vn 0.000000 0.923880 -0.382682
vn 0.000000 0.923880 -0.382682
vn 0.000000 0.923880 -0.382682
vn 0.000000 0.923880 -0.382682
vn 0.382683 0.000000 -0.923880
vn 0.382683 0.000000 -0.923880
vn 0.382683 0.000000 -0.923880
vn 0.382683 0.000000 -0.923880
vn 0.923879 0.000000 -0.382684
vn 0.923879 0.000000 -0.382684
vn 0.923879 0.000000 -0.382684
vn 0.923879 0.000000 -0.382684
vn 0.000000 -0.923880 -0.382682
vn 0.000000 -0.923880 -0.382682
vn 0.000000 -0.923880 -0.382682
vn 0.000000 -0.923880 -0.382682
vn 0.000000 -0.382683 -0.923880
vn 0.000000 -0.382683 -0.923880
vn 0.000000 -0.382683 -0.923880
vn 0.000000 -0.382683 -0.923880
vn 0.000000 0.000000 1.000000
vn 0.000000 0.000000 1.000000
vn 0.000000 0.000000 1.000000
vn 0.000000 0.000000 1.000000
vn 0.000000 1.000000 0.000000
vn 0.000000 1.000000 0.000000
vn 0.000000 1.000000 0.000000
vn 0.000000 1.000000 0.000000
vn 0.000000 0.000000 -1.000000
vn 0.000000 0.000000 -1.000000
vn 0.000000 0.000000 -1.000000
vn 0.000000 0.000000 -1.000000
vn 0.000000 -1.000000 0.000000
vn 0.000000 -1.000000 0.000000
vn 0.000000 -1.000000 0.000000
vn 0.000000 -1.000000 0.000000
vn 1.000000 0.000000 0.000000
vn 1.000000 0.000000 0.000000
vn 1.000000 0.000000 0.000000
vn 1.000000 0.000000 0.000000
vn -1.000000 0.000000 0.000000
vn -1.000000 0.000000 0.000000
vn -1.000000 0.000000 0.000000
vn -1.000000 0.000000 0.000000
vn -0.577350 -0.577350 0.577351
vn -0.577350 -0.577350 0.577351
vn -0.577350 -0.577350 0.577351
vn -0.577350 -0.577350 0.577351
vn -0.577350 -0.577350 0.577351
vn -0.577350 -0.577350 0.577351
vn 0.577350 -0.577350 0.577351
vn 0.577350 -0.577350 0.577351
vn 0.577350 -0.577350 0.577351
vn 0.577350 -0.577350 0.577351
vn 0.577350 -0.577350 0.577351
vn 0.577350 -0.577350 0.577351
vn -0.577350 0.577350 0.577351
vn -0.577350 0.577350 0.577351
vn -0.577350 0.577350 0.577351
vn -0.577350 0.577350 0.577351
vn -0.577350 0.577350 0.577351
vn -0.577350 0.577350 0.577351
vn 0.577350 0.577350 0.577351
vn 0.577350 0.577350 0.577351
vn 0.577350 0.577350 0.577351
vn 0.577350 0.577350 0.577351
vn 0.577350 0.577350 0.577351
vn 0.577350 0.577350 0.577351
vn -0.577351 0.577348 -0.577351
vn -0.577351 0.577348 -0.577351
vn -0.577351 0.577348 -0.577351
vn -0.577351 0.577348 -0.577351
vn -0.577351 0.577348 -0.577351
vn -0.577351 0.577348 -0.577351
vn 0.577352 0.577347 -0.577352
vn 0.577352 0.577347 -0.577352
vn 0.577352 0.577347 -0.577352
vn 0.577352 0.577347 -0.577352
vn 0.577352 0.577347 -0.577352
vn 0.577352 0.577347 -0.577352
vn -0.577350 -0.577350 -0.577351
vn -0.577350 -0.577350 -0.577351
vn -0.577350 -0.577350 -0.577351
vn -0.577350 -0.577350 -0.577351
vn -0.577350 -0.577350 -0.577351
vn -0.577350 -0.577350 -0.577351
vn 0.577350 -0.577350 -0.577351
vn 0.577350 -0.577350 -0.577351
vn 0.577350 -0.577350 -0.577351
vn 0.577350 -0.577350 -0.577351
vn 0.577350 -0.577350 -0.577351
vn 0.577350 -0.577350 -0.577351
s off
g GRP_Exit_Door_Set GRP_Props_Backrooms Backrooms_Level0_Master_GRP ExitDoor_Lever_Handle
usemtl M_Stainless_SteelSG
f 106/245/337 105/336/338 141/362/339 146/299/340
f 105/335/341 110/308/342 142/272/343 141/361/344
f 108/249/345 107/337/346 115/344/347 114/288/348
f 107/338/349 106/245/350 116/253/351 115/343/352
f 110/308/353 109/339/354 119/346/355 118/309/356
f 109/339/357 108/249/358 120/265/359 119/346/360
f 112/257/361 111/340/362 147/367/363 152/282/364
f 111/341/365 116/253/366 148/284/367 147/366/368
f 114/288/369 113/342/370 127/350/371 126/266/372
f 113/342/373 112/257/374 128/269/375 127/350/376
f 118/309/377 117/345/378 131/354/379 130/310/380
f 117/345/381 122/291/382 132/277/383 131/353/384
f 122/291/385 121/347/386 125/349/387 124/292/388
f 121/347/389 120/265/390 126/266/391 125/349/392
f 124/292/393 123/348/394 139/360/395 138/278/396
f 123/348/397 128/269/398 140/281/399 139/359/400
f 130/310/401 129/352/402 143/364/403 142/272/404
f 129/351/405 134/295/406 144/285/407 143/363/408
f 134/295/409 133/355/410 137/358/411 136/296/412
f 133/355/413 132/277/414 138/278/415 137/358/416
f 136/296/417 135/356/418 151/370/419 150/286/420
f 135/357/421 140/281/422 152/282/423 151/369/424
f 146/299/425 145/365/426 149/368/427 148/284/428
f 145/365/429 144/285/430 150/286/431 149/368/432
f 108/249/433 114/288/434 126/266/435 120/265/436
f 122/291/437 124/292/438 138/278/439 132/277/440
f 134/295/441 136/296/442 150/286/443 144/285/444
f 146/299/445 148/284/446 116/253/447 106/245/448
f 112/257/449 152/282/450 140/281/451 128/269/452
f 142/272/453 110/308/454 118/309/455 130/310/456
f 105/335/457 106/311/458 107/337/459 108/249/460 109/339/461 110/308/462
f 111/340/463 112/257/464 113/342/465 114/288/466 115/344/467 116/316/468
f 117/345/469 118/309/470 119/346/471 120/265/472 121/347/473 122/291/474
f 123/348/475 124/292/476 125/349/477 126/266/478 127/350/479 128/269/480
f 129/351/481 130/323/482 131/353/483 132/277/484 133/355/485 134/295/486
f 135/356/487 136/296/488 137/358/489 138/278/490 139/360/491 140/328/492
f 141/362/493 142/329/494 143/363/495 144/285/496 145/365/497 146/299/498
f 147/366/499 148/284/500 149/368/501 150/286/502 151/370/503 152/334/504
g default
v 161.000000 222.000000 -386.000000
v 199.000000 222.000000 -386.000000
v 161.000000 242.000000 -386.000000
v 199.000000 242.000000 -386.000000
v 161.000000 242.000000 -394.000000
v 199.000000 242.000000 -394.000000
v 161.000000 222.000000 -394.000000
v 199.000000 222.000000 -394.000000
vt 0.330000 0.000000
vt 0.663333 0.000000
vt 0.330000 0.250000
vt 0.663333 0.250000
vt 0.330000 0.500000
vt 0.663333 0.500000
vt 0.330000 0.750000
vt 0.663333 0.750000
vt 0.330000 1.000000
vt 0.663333 1.000000
vt 1.000000 0.000000
vt 1.000000 0.250000
vt 0.000000 0.000000
vt 0.000000 0.250000
vn 0.000000 0.000000 1.000000
vn 0.000000 0.000000 1.000000
vn 0.000000 0.000000 1.000000
vn 0.000000 0.000000 1.000000
vn 0.000000 1.000000 0.000000
vn 0.000000 1.000000 0.000000
vn 0.000000 1.000000 0.000000
vn 0.000000 1.000000 0.000000
vn 0.000000 0.000000 -1.000000
vn 0.000000 0.000000 -1.000000
vn 0.000000 0.000000 -1.000000
vn 0.000000 0.000000 -1.000000
vn 0.000000 -1.000000 0.000000
vn 0.000000 -1.000000 0.000000
vn 0.000000 -1.000000 0.000000
vn 0.000000 -1.000000 0.000000
vn 1.000000 0.000000 0.000000
vn 1.000000 0.000000 0.000000
vn 1.000000 0.000000 0.000000
vn 1.000000 0.000000 0.000000
vn -1.000000 0.000000 0.000000
vn -1.000000 0.000000 0.000000
vn -1.000000 0.000000 0.000000
vn -1.000000 0.000000 0.000000
s off
g GRP_Exit_Door_Set GRP_Props_Backrooms Backrooms_Level0_Master_GRP ExitSign_Housing
usemtl M_Lamp_Housing_WhiteSG
f 153/371/505 154/372/506 156/374/507 155/373/508
f 155/373/509 156/374/510 158/376/511 157/375/512
f 157/375/513 158/376/514 160/378/515 159/377/516
f 159/377/517 160/378/518 154/380/519 153/379/520
f 154/372/521 160/381/522 158/382/523 156/374/524
f 159/383/525 153/371/526 155/373/527 157/384/528
g default
v 163.000000 224.000000 -385.500000
v 197.000000 224.000000 -385.500000
v 163.000000 240.000000 -385.500000
v 197.000000 240.000000 -385.500000
v 163.000000 240.000000 -386.100000
v 197.000000 240.000000 -386.100000
v 163.000000 224.000000 -386.100000
v 197.000000 224.000000 -386.100000
vt 0.330000 0.000000
vt 0.663333 0.000000
vt 0.330000 0.250000
vt 0.663333 0.250000
vt 0.330000 0.500000
vt 0.663333 0.500000
vt 0.330000 0.750000
vt 0.663333 0.750000
vt 0.330000 1.000000
vt 0.663333 1.000000
vt 1.000000 0.000000
vt 1.000000 0.250000
vt 0.000000 0.000000
vt 0.000000 0.250000
vn 0.000000 0.000000 1.000000
vn 0.000000 0.000000 1.000000
vn 0.000000 0.000000 1.000000
vn 0.000000 0.000000 1.000000
vn 0.000000 1.000000 0.000000
vn 0.000000 1.000000 0.000000
vn 0.000000 1.000000 0.000000
vn 0.000000 1.000000 0.000000
vn 0.000000 0.000000 -1.000000
vn 0.000000 0.000000 -1.000000
vn 0.000000 0.000000 -1.000000
vn 0.000000 0.000000 -1.000000
vn 0.000000 -1.000000 0.000000
vn 0.000000 -1.000000 0.000000
vn 0.000000 -1.000000 0.000000
vn 0.000000 -1.000000 0.000000
vn 1.000000 0.000000 0.000000
vn 1.000000 0.000000 0.000000
vn 1.000000 0.000000 0.000000
vn 1.000000 0.000000 0.000000
vn -1.000000 0.000000 0.000000
vn -1.000000 0.000000 0.000000
vn -1.000000 0.000000 0.000000
vn -1.000000 0.000000 0.000000
s off
g GRP_Exit_Door_Set GRP_Props_Backrooms Backrooms_Level0_Master_GRP ExitSign_Red_Panel
usemtl M_Exit_Sign_GlowSG
f 161/385/529 162/386/530 164/388/531 163/387/532
f 163/387/533 164/388/534 166/390/535 165/389/536
f 165/389/537 166/390/538 168/392/539 167/391/540
f 167/391/541 168/392/542 162/394/543 161/393/544
f 162/386/545 168/395/546 166/396/547 164/388/548
f 167/397/549 161/385/550 163/387/551 165/398/552
g default
v 127.000000 0.000000 -383.000000
v 135.000000 0.000000 -383.000000
v 127.000000 216.000000 -383.000000
v 135.000000 216.000000 -383.000000
v 127.000000 216.000000 -397.000000
v 135.000000 216.000000 -397.000000
v 127.000000 0.000000 -397.000000
v 135.000000 0.000000 -397.000000
vt 0.330000 0.000000
vt 0.663333 0.000000
vt 0.330000 0.250000
vt 0.663333 0.250000
vt 0.330000 0.500000
vt 0.663333 0.500000
vt 0.330000 0.750000
vt 0.663333 0.750000
vt 0.330000 1.000000
vt 0.663333 1.000000
vt 1.000000 0.000000
vt 1.000000 0.250000
vt 0.000000 0.000000
vt 0.000000 0.250000
vn 0.000000 0.000000 1.000000
vn 0.000000 0.000000 1.000000
vn 0.000000 0.000000 1.000000
vn 0.000000 0.000000 1.000000
vn 0.000000 1.000000 0.000000
vn 0.000000 1.000000 0.000000
vn 0.000000 1.000000 0.000000
vn 0.000000 1.000000 0.000000
vn 0.000000 0.000000 -1.000000
vn 0.000000 0.000000 -1.000000
vn 0.000000 0.000000 -1.000000
vn 0.000000 0.000000 -1.000000
vn 0.000000 -1.000000 0.000000
vn 0.000000 -1.000000 0.000000
vn 0.000000 -1.000000 0.000000
vn 0.000000 -1.000000 0.000000
vn 1.000000 0.000000 0.000000
vn 1.000000 0.000000 0.000000
vn 1.000000 0.000000 0.000000
vn 1.000000 0.000000 0.000000
vn -1.000000 0.000000 0.000000
vn -1.000000 0.000000 0.000000
vn -1.000000 0.000000 0.000000
vn -1.000000 0.000000 0.000000
s off
g ExitDoor_Jamb_L GRP_Exit_Door_Set GRP_Props_Backrooms Backrooms_Level0_Master_GRP
f 169/399/553 170/400/554 172/402/555 171/401/556
f 171/401/557 172/402/558 174/404/559 173/403/560
f 173/403/561 174/404/562 176/406/563 175/405/564
f 175/405/565 176/406/566 170/408/567 169/407/568
f 170/400/569 176/409/570 174/410/571 172/402/572
f 175/411/573 169/399/574 171/401/575 173/412/576
g default
v 127.000000 0.000000 -383.000000
v 135.000000 0.000000 -383.000000
v 127.000000 216.000000 -383.000000
v 135.000000 216.000000 -383.000000
v 127.000000 216.000000 -397.000000
v 135.000000 216.000000 -397.000000
v 127.000000 0.000000 -397.000000
v 135.000000 0.000000 -397.000000
vt 0.330000 0.000000
vt 0.663333 0.000000
vt 0.330000 0.250000
vt 0.663333 0.250000
vt 0.330000 0.500000
vt 0.663333 0.500000
vt 0.330000 0.750000
vt 0.663333 0.750000
vt 0.330000 1.000000
vt 0.663333 1.000000
vt 1.000000 0.000000
vt 1.000000 0.250000
vt 0.000000 0.000000
vt 0.000000 0.250000
vn 0.000000 0.000000 1.000000
vn 0.000000 0.000000 1.000000
vn 0.000000 0.000000 1.000000
vn 0.000000 0.000000 1.000000
vn 0.000000 1.000000 0.000000
vn 0.000000 1.000000 0.000000
vn 0.000000 1.000000 0.000000
vn 0.000000 1.000000 0.000000
vn 0.000000 0.000000 -1.000000
vn 0.000000 0.000000 -1.000000
vn 0.000000 0.000000 -1.000000
vn 0.000000 0.000000 -1.000000
vn 0.000000 -1.000000 0.000000
vn 0.000000 -1.000000 0.000000
vn 0.000000 -1.000000 0.000000
vn 0.000000 -1.000000 0.000000
vn 1.000000 0.000000 0.000000
vn 1.000000 0.000000 0.000000
vn 1.000000 0.000000 0.000000
vn 1.000000 0.000000 0.000000
vn -1.000000 0.000000 0.000000
vn -1.000000 0.000000 0.000000
vn -1.000000 0.000000 0.000000
vn -1.000000 0.000000 0.000000
s off
g ExitDoor_Jamb_L GRP_Exit_Door_Set GRP_Props_Backrooms Backrooms_Level0_Master_GRP
f 177/413/577 178/414/578 180/416/579 179/415/580
f 179/415/581 180/416/582 182/418/583 181/417/584
f 181/417/585 182/418/586 184/420/587 183/419/588
f 183/419/589 184/420/590 178/422/591 177/421/592
f 178/414/593 184/423/594 182/424/595 180/416/596
f 183/425/597 177/413/598 179/415/599 181/426/600
g default
v 225.000000 0.000000 -383.000000
v 233.000000 0.000000 -383.000000
v 225.000000 216.000000 -383.000000
v 233.000000 216.000000 -383.000000
v 225.000000 216.000000 -397.000000
v 233.000000 216.000000 -397.000000
v 225.000000 0.000000 -397.000000
v 233.000000 0.000000 -397.000000
vt 0.330000 0.000000
vt 0.663333 0.000000
vt 0.330000 0.250000
vt 0.663333 0.250000
vt 0.330000 0.500000
vt 0.663333 0.500000
vt 0.330000 0.750000
vt 0.663333 0.750000
vt 0.330000 1.000000
vt 0.663333 1.000000
vt 1.000000 0.000000
vt 1.000000 0.250000
vt 0.000000 0.000000
vt 0.000000 0.250000
vn 0.000000 0.000000 1.000000
vn 0.000000 0.000000 1.000000
vn 0.000000 0.000000 1.000000
vn 0.000000 0.000000 1.000000
vn 0.000000 1.000000 0.000000
vn 0.000000 1.000000 0.000000
vn 0.000000 1.000000 0.000000
vn 0.000000 1.000000 0.000000
vn 0.000000 0.000000 -1.000000
vn 0.000000 0.000000 -1.000000
vn 0.000000 0.000000 -1.000000
vn 0.000000 0.000000 -1.000000
vn 0.000000 -1.000000 0.000000
vn 0.000000 -1.000000 0.000000
vn 0.000000 -1.000000 0.000000
vn 0.000000 -1.000000 0.000000
vn 1.000000 0.000000 0.000000
vn 1.000000 0.000000 0.000000
vn 1.000000 0.000000 0.000000
vn 1.000000 0.000000 0.000000
vn -1.000000 0.000000 0.000000
vn -1.000000 0.000000 0.000000
vn -1.000000 0.000000 0.000000
vn -1.000000 0.000000 0.000000
s off
g GRP_Exit_Door_Set GRP_Props_Backrooms Backrooms_Level0_Master_GRP ExitDoor_Jamb_R
f 185/427/601 186/428/602 188/430/603 187/429/604
f 187/429/605 188/430/606 190/432/607 189/431/608
f 189/431/609 190/432/610 192/434/611 191/433/612
f 191/433/613 192/434/614 186/436/615 185/435/616
f 186/428/617 192/437/618 190/438/619 188/430/620
f 191/439/621 185/427/622 187/429/623 189/440/624
g default
v 225.000000 0.000000 -383.000000
v 233.000000 0.000000 -383.000000
v 225.000000 216.000000 -383.000000
v 233.000000 216.000000 -383.000000
v 225.000000 216.000000 -397.000000
v 233.000000 216.000000 -397.000000
v 225.000000 0.000000 -397.000000
v 233.000000 0.000000 -397.000000
vt 0.330000 0.000000
vt 0.663333 0.000000
vt 0.330000 0.250000
vt 0.663333 0.250000
vt 0.330000 0.500000
vt 0.663333 0.500000
vt 0.330000 0.750000
vt 0.663333 0.750000
vt 0.330000 1.000000
vt 0.663333 1.000000
vt 1.000000 0.000000
vt 1.000000 0.250000
vt 0.000000 0.000000
vt 0.000000 0.250000
vn 0.000000 0.000000 1.000000
vn 0.000000 0.000000 1.000000
vn 0.000000 0.000000 1.000000
vn 0.000000 0.000000 1.000000
vn 0.000000 1.000000 0.000000
vn 0.000000 1.000000 0.000000
vn 0.000000 1.000000 0.000000
vn 0.000000 1.000000 0.000000
vn 0.000000 0.000000 -1.000000
vn 0.000000 0.000000 -1.000000
vn 0.000000 0.000000 -1.000000
vn 0.000000 0.000000 -1.000000
vn 0.000000 -1.000000 0.000000
vn 0.000000 -1.000000 0.000000
vn 0.000000 -1.000000 0.000000
vn 0.000000 -1.000000 0.000000
vn 1.000000 0.000000 0.000000
vn 1.000000 0.000000 0.000000
vn 1.000000 0.000000 0.000000
vn 1.000000 0.000000 0.000000
vn -1.000000 0.000000 0.000000
vn -1.000000 0.000000 0.000000
vn -1.000000 0.000000 0.000000
vn -1.000000 0.000000 0.000000
s off
g GRP_Exit_Door_Set GRP_Props_Backrooms Backrooms_Level0_Master_GRP ExitDoor_Jamb_R
f 193/441/625 194/442/626 196/444/627 195/443/628
f 195/443/629 196/444/630 198/446/631 197/445/632
f 197/445/633 198/446/634 200/448/635 199/447/636
f 199/447/637 200/448/638 194/450/639 193/449/640
f 194/442/641 200/451/642 198/452/643 196/444/644
f 199/453/645 193/441/646 195/443/647 197/454/648
g default
v 127.000000 208.000000 -383.000000
v 233.000000 208.000000 -383.000000
v 127.000000 216.000000 -383.000000
v 233.000000 216.000000 -383.000000
v 127.000000 216.000000 -397.000000
v 233.000000 216.000000 -397.000000
v 127.000000 208.000000 -397.000000
v 233.000000 208.000000 -397.000000
vt 0.330000 0.000000
vt 0.663333 0.000000
vt 0.330000 0.250000
vt 0.663333 0.250000
vt 0.330000 0.500000
vt 0.663333 0.500000
vt 0.330000 0.750000
vt 0.663333 0.750000
vt 0.330000 1.000000
vt 0.663333 1.000000
vt 1.000000 0.000000
vt 1.000000 0.250000
vt 0.000000 0.000000
vt 0.000000 0.250000
vn 0.000000 0.000000 1.000000
vn 0.000000 0.000000 1.000000
vn 0.000000 0.000000 1.000000
vn 0.000000 0.000000 1.000000
vn 0.000000 1.000000 0.000000
vn 0.000000 1.000000 0.000000
vn 0.000000 1.000000 0.000000
vn 0.000000 1.000000 0.000000
vn 0.000000 0.000000 -1.000000
vn 0.000000 0.000000 -1.000000
vn 0.000000 0.000000 -1.000000
vn 0.000000 0.000000 -1.000000
vn 0.000000 -1.000000 0.000000
vn 0.000000 -1.000000 0.000000
vn 0.000000 -1.000000 0.000000
vn 0.000000 -1.000000 0.000000
vn 1.000000 0.000000 0.000000
vn 1.000000 0.000000 0.000000
vn 1.000000 0.000000 0.000000
vn 1.000000 0.000000 0.000000
vn -1.000000 0.000000 0.000000
vn -1.000000 0.000000 0.000000
vn -1.000000 0.000000 0.000000
vn -1.000000 0.000000 0.000000
s off
g GRP_Exit_Door_Set GRP_Props_Backrooms Backrooms_Level0_Master_GRP ExitDoor_Jamb_Top
f 201/455/649 202/456/650 204/458/651 203/457/652
f 203/457/653 204/458/654 206/460/655 205/459/656
f 205/459/657 206/460/658 208/462/659 207/461/660
f 207/461/661 208/462/662 202/464/663 201/463/664
f 202/456/665 208/465/666 206/466/667 204/458/668
f 207/467/669 201/455/670 203/457/671 205/468/672
g default
v 127.000000 208.000000 -383.000000
v 233.000000 208.000000 -383.000000
v 127.000000 216.000000 -383.000000
v 233.000000 216.000000 -383.000000
v 127.000000 216.000000 -397.000000
v 233.000000 216.000000 -397.000000
v 127.000000 208.000000 -397.000000
v 233.000000 208.000000 -397.000000
vt 0.330000 0.000000
vt 0.663333 0.000000
vt 0.330000 0.250000
vt 0.663333 0.250000
vt 0.330000 0.500000
vt 0.663333 0.500000
vt 0.330000 0.750000
vt 0.663333 0.750000
vt 0.330000 1.000000
vt 0.663333 1.000000
vt 1.000000 0.000000
vt 1.000000 0.250000
vt 0.000000 0.000000
vt 0.000000 0.250000
vn 0.000000 0.000000 1.000000
vn 0.000000 0.000000 1.000000
vn 0.000000 0.000000 1.000000
vn 0.000000 0.000000 1.000000
vn 0.000000 1.000000 0.000000
vn 0.000000 1.000000 0.000000
vn 0.000000 1.000000 0.000000
vn 0.000000 1.000000 0.000000
vn 0.000000 0.000000 -1.000000
vn 0.000000 0.000000 -1.000000
vn 0.000000 0.000000 -1.000000
vn 0.000000 0.000000 -1.000000
vn 0.000000 -1.000000 0.000000
vn 0.000000 -1.000000 0.000000
vn 0.000000 -1.000000 0.000000
vn 0.000000 -1.000000 0.000000
vn 1.000000 0.000000 0.000000
vn 1.000000 0.000000 0.000000
vn 1.000000 0.000000 0.000000
vn 1.000000 0.000000 0.000000
vn -1.000000 0.000000 0.000000
vn -1.000000 0.000000 0.000000
vn -1.000000 0.000000 0.000000
vn -1.000000 0.000000 0.000000
s off
g GRP_Exit_Door_Set GRP_Props_Backrooms Backrooms_Level0_Master_GRP ExitDoor_Jamb_Top
f 209/469/673 210/470/674 212/472/675 211/471/676
f 211/471/677 212/472/678 214/474/679 213/473/680
f 213/473/681 214/474/682 216/476/683 215/475/684
f 215/475/685 216/476/686 210/478/687 209/477/688
f 210/470/689 216/479/690 214/480/691 212/472/692
f 215/481/693 209/469/694 211/471/695 213/482/696
g default
v 136.009884 1.009880 -387.783747
v 136.033745 1.000000 -387.783747
v 136.033745 1.009880 -387.759884
v 136.033745 1.033745 -387.750000
v 136.009884 1.033745 -387.759884
v 136.000000 1.033745 -387.783747
v 223.990116 1.009880 -387.783747
v 224.000000 1.033745 -387.783747
v 223.990116 1.033745 -387.759884
v 223.966255 1.033745 -387.750000
v 223.966255 1.009880 -387.759884
v 223.966255 1.000000 -387.783747
v 136.009884 206.990120 -387.783747
v 136.000000 206.966255 -387.783747
v 136.009884 206.966255 -387.759884
v 136.033745 206.966255 -387.750000
v 136.033745 206.990120 -387.759884
v 136.033745 207.000000 -387.783747
v 223.990116 206.990120 -387.783747
v 223.966255 207.000000 -387.783747
v 223.966255 206.990120 -387.759884
v 223.966255 206.966255 -387.750000
v 223.990116 206.966255 -387.759884
v 224.000000 206.966255 -387.783747
v 136.009884 206.966255 -392.240116
v 136.000000 206.966255 -392.216253
v 136.009884 206.990120 -392.216253
v 136.033745 207.000000 -392.216253
v 136.033745 206.990120 -392.240116
v 136.033745 206.966255 -392.250000
v 223.990116 206.966255 -392.240116
v 223.966255 206.966255 -392.250000
v 223.966255 206.990120 -392.240116
v 223.966255 207.000000 -392.216253
v 223.990116 206.990120 -392.216253
v 224.000000 206.966255 -392.216253
v 136.009884 1.009880 -392.216253
v 136.000000 1.033745 -392.216253
v 136.009884 1.033745 -392.240116
v 136.033745 1.033745 -392.250000
v 136.033745 1.009880 -392.240116
v 136.033745 1.000000 -392.216253
v 223.990116 1.009880 -392.216253
v 223.966255 1.000000 -392.216253
v 223.966255 1.009880 -392.240116
v 223.966255 1.033745 -392.250000
v 223.990116 1.033745 -392.240116
v 224.000000 1.033745 -392.216253
vt 0.330128 0.998125
vt 0.330128 0.751875
vt 0.327493 0.000074
vt 0.002458 0.000074
vt 0.330128 0.000041
vt 0.663206 0.000041
vt 0.330128 0.998125
vt 0.663206 0.998125
vt 0.327493 0.000074
vt 0.327525 0.249959
vt 0.330128 0.000041
vt 0.330128 0.249959
vt 0.665841 0.000074
vt 0.997443 0.000074
vt 0.663206 0.998125
vt 0.663206 0.751875
vt 0.663206 0.000041
vt 0.663206 0.249959
vt 0.665841 0.000074
vt 0.665858 0.249959
vt 0.327525 0.249959
vt 0.002475 0.249959
vt 0.330128 0.251875
vt 0.330128 0.498125
vt 0.330128 0.251875
vt 0.663206 0.251875
vt 0.330128 0.249959
vt 0.663206 0.249959
vt 0.663206 0.251875
vt 0.663206 0.498125
vt 0.665858 0.249959
vt 0.997475 0.249959
vt 0.002475 0.249959
vt 0.002458 0.000074
vt 0.330128 0.500041
vt 0.330128 0.749959
vt 0.330128 0.500041
vt 0.663206 0.500041
vt 0.330128 0.498125
vt 0.663206 0.498125
vt 0.663206 0.500041
vt 0.663206 0.749959
vt 0.997475 0.249959
vt 0.997443 0.000074
vt 0.330128 0.751875
vt 0.663206 0.751875
vt 0.330128 0.749959
vt 0.663206 0.749959
vt 0.330128 0.000041
vt 0.663206 0.000041
vt 0.663206 0.249959
vt 0.330128 0.249959
vt 0.330128 0.251875
vt 0.663206 0.251875
vt 0.663206 0.498125
vt 0.330128 0.498125
vt 0.330128 0.500041
vt 0.663206 0.500041
vt 0.663206 0.749959
vt 0.330128 0.749959
vt 0.330128 0.751875
vt 0.663206 0.751875
vt 0.663206 0.998125
vt 0.330128 0.998125
vt 0.665841 0.000074
vt 0.997443 0.000074
vt 0.997475 0.249959
vt 0.665858 0.249959
vt 0.002458 0.000074
vt 0.327493 0.000074
vt 0.327525 0.249959
vt 0.002475 0.249959
vt 0.330128 -0.000000
vt 0.330128 0.000041
vt 0.327493 0.000074
vt 0.665841 0.000074
vt 0.663206 0.000041
vt 0.663206 -0.000000
vt 0.327525 0.249959
vt 0.330128 0.249959
vt 0.330128 0.251875
vt 0.663206 0.251875
vt 0.663206 0.249959
vt 0.665858 0.249959
vt 0.330000 0.498125
vt 0.330128 0.498125
vt 0.330128 0.500041
vt 0.663206 0.500041
vt 0.663206 0.498125
vt 0.663333 0.498125
vt 0.330000 0.749959
vt 0.330128 0.749959
vt 0.330128 0.751875
vt 0.663206 0.751875
vt 0.663206 0.749959
vt 0.663333 0.749959
vt 0.328241 0.000000
vt 0.330127 0.996696
vt 0.330226 -0.000000
vt 0.330226 0.998125
vt 0.328811 0.000058
vt 0.665131 0.000000
vt 0.663206 0.996696
vt 0.664523 0.000058
vt 0.663108 0.998125
vt 0.663108 -0.000000
vt 0.330000 0.250000
vt 0.328827 0.249959
vt 0.330157 0.250917
vt 0.663333 0.250000
vt 0.663199 0.250591
vt 0.664532 0.249959
vt 0.330000 0.498157
vt 0.002475 0.249928
vt 0.330000 0.496688
vt 0.004372 0.249959
vt 0.330156 0.499083
vt 0.663333 0.498157
vt 0.997475 0.249928
vt 0.663199 0.498755
vt 0.995539 0.249959
vt 0.663333 0.496688
vt 0.004345 0.000074
vt 0.330001 0.751389
vt 0.330000 0.749927
vt 0.002458 0.000106
vt 0.330157 0.750917
vt 0.663333 0.751389
vt 0.995517 0.000074
vt 0.663199 0.750888
vt 0.997443 0.000106
vt 0.663333 0.749927
vn -0.382585 -0.923920 0.000000
vn -0.382585 -0.923920 0.000000
vn -0.382585 -0.923920 0.000000
vn -0.382585 -0.923920 0.000000
vn -0.923904 -0.382625 0.000000
vn -0.923904 -0.382625 0.000000
vn -0.923904 -0.382625 0.000000
vn -0.923904 -0.382625 0.000000
vn 0.000000 -0.382628 0.923902
vn 0.000000 -0.382628 0.923902
vn 0.000000 -0.382628 0.923902
vn 0.000000 -0.382628 0.923902
vn 0.000000 -0.923880 0.382682
vn 0.000000 -0.923880 0.382682
vn 0.000000 -0.923880 0.382682
vn 0.000000 -0.923880 0.382682
vn -0.923884 0.000000 0.382672
vn -0.923884 0.000000 0.382672
vn -0.923884 0.000000 0.382672
vn -0.923884 0.000000 0.382672
vn -0.382703 0.000000 0.923871
vn -0.382703 0.000000 0.923871
vn -0.382703 0.000000 0.923871
vn -0.382703 0.000000 0.923871
vn 0.923904 -0.382625 0.000000
vn 0.923904 -0.382625 0.000000
vn 0.923904 -0.382625 0.000000
vn 0.923904 -0.382625 0.000000
vn 0.382585 -0.923920 0.000000
vn 0.382585 -0.923920 0.000000
vn 0.382585 -0.923920 0.000000
vn 0.382585 -0.923920 0.000000
vn 0.382703 0.000000 0.923871
vn 0.382703 0.000000 0.923871
vn 0.382703 0.000000 0.923871
vn 0.382703 0.000000 0.923871
vn 0.923884 0.000000 0.382672
vn 0.923884 0.000000 0.382672
vn 0.923884 0.000000 0.382672
vn 0.923884 0.000000 0.382672
vn -0.923904 0.382625 0.000000
vn -0.923904 0.382625 0.000000
vn -0.923904 0.382625 0.000000
vn -0.923904 0.382625 0.000000
vn -0.382585 0.923920 0.000000
vn -0.382585 0.923920 0.000000
vn -0.382585 0.923920 0.000000
vn -0.382585 0.923920 0.000000
vn 0.000000 0.923880 0.382682
vn 0.000000 0.923880 0.382682
vn 0.000000 0.923880 0.382682
vn 0.000000 0.923880 0.382682
vn 0.000000 0.382628 0.923902
vn 0.000000 0.382628 0.923902
vn 0.000000 0.382628 0.923902
vn 0.000000 0.382628 0.923902
vn 0.382585 0.923920 0.000000
vn 0.382585 0.923920 0.000000
vn 0.382585 0.923920 0.000000
vn 0.382585 0.923920 0.000000
vn 0.923904 0.382625 0.000000
vn 0.923904 0.382625 0.000000
vn 0.923904 0.382625 0.000000
vn 0.923904 0.382625 0.000000
vn -0.923884 0.000000 -0.382672
vn -0.923884 0.000000 -0.382672
vn -0.923884 0.000000 -0.382672
vn -0.923884 0.000000 -0.382672
vn -0.382703 0.000000 -0.923871
vn -0.382703 0.000000 -0.923871
vn -0.382703 0.000000 -0.923871
vn -0.382703 0.000000 -0.923871
vn 0.000000 0.382628 -0.923902
vn 0.000000 0.382628 -0.923902
vn 0.000000 0.382628 -0.923902
vn 0.000000 0.382628 -0.923902
vn 0.000000 0.923880 -0.382682
vn 0.000000 0.923880 -0.382682
vn 0.000000 0.923880 -0.382682
vn 0.000000 0.923880 -0.382682
vn 0.382703 0.000000 -0.923871
vn 0.382703 0.000000 -0.923871
vn 0.382703 0.000000 -0.923871
vn 0.382703 0.000000 -0.923871
vn 0.923884 0.000000 -0.382672
vn 0.923884 0.000000 -0.382672
vn 0.923884 0.000000 -0.382672
vn 0.923884 0.000000 -0.382672
vn 0.000000 -0.923880 -0.382682
vn 0.000000 -0.923880 -0.382682
vn 0.000000 -0.923880 -0.382682
vn 0.000000 -0.923880 -0.382682
vn 0.000000 -0.382628 -0.923902
vn 0.000000 -0.382628 -0.923902
vn 0.000000 -0.382628 -0.923902
vn 0.000000 -0.382628 -0.923902
vn 0.000000 0.000000 1.000000
vn 0.000000 0.000000 1.000000
vn 0.000000 0.000000 1.000000
vn 0.000000 0.000000 1.000000
vn 0.000000 1.000000 0.000000
vn 0.000000 1.000000 0.000000
vn 0.000000 1.000000 0.000000
vn 0.000000 1.000000 0.000000
vn 0.000000 0.000000 -1.000000
vn 0.000000 0.000000 -1.000000
vn 0.000000 0.000000 -1.000000
vn 0.000000 0.000000 -1.000000
vn 0.000000 -1.000000 0.000000
vn 0.000000 -1.000000 0.000000
vn 0.000000 -1.000000 0.000000
vn 0.000000 -1.000000 0.000000
vn 1.000000 0.000000 0.000000
vn 1.000000 0.000000 0.000000
vn 1.000000 0.000000 0.000000
vn 1.000000 0.000000 0.000000
vn -1.000000 0.000000 0.000000
vn -1.000000 0.000000 0.000000
vn -1.000000 0.000000 0.000000
vn -1.000000 0.000000 0.000000
vn -0.577455 -0.577340 0.577255
vn -0.577455 -0.577340 0.577255
vn -0.577455 -0.577340 0.577255
vn -0.577455 -0.577340 0.577255
vn -0.577455 -0.577340 0.577255
vn -0.577455 -0.577340 0.577255
vn 0.577398 -0.577369 0.577284
vn 0.577398 -0.577369 0.577284
vn 0.577398 -0.577369 0.577284
vn 0.577398 -0.577369 0.577284
vn 0.577398 -0.577369 0.577284
vn 0.577398 -0.577369 0.577284
vn -0.577398 0.577369 0.577284
vn -0.577398 0.577369 0.577284
vn -0.577398 0.577369 0.577284
vn -0.577398 0.577369 0.577284
vn -0.577398 0.577369 0.577284
vn -0.577398 0.577369 0.577284
vn 0.577455 0.577340 0.577255
vn 0.577455 0.577340 0.577255
vn 0.577455 0.577340 0.577255
vn 0.577455 0.577340 0.577255
vn 0.577455 0.577340 0.577255
vn 0.577455 0.577340 0.577255
vn -0.577413 0.577340 -0.577298
vn -0.577413 0.577340 -0.577298
vn -0.577413 0.577340 -0.577298
vn -0.577413 0.577340 -0.577298
vn -0.577413 0.577341 -0.577298
vn -0.577413 0.577340 -0.577298
vn 0.577457 0.577340 -0.577254
vn 0.577457 0.577340 -0.577254
vn 0.577457 0.577340 -0.577254
vn 0.577457 0.577340 -0.577254
vn 0.577457 0.577340 -0.577254
vn 0.577457 0.577340 -0.577254
vn -0.577398 -0.577369 -0.577284
vn -0.577398 -0.577369 -0.577284
vn -0.577398 -0.577369 -0.577284
vn -0.577398 -0.577369 -0.577284
vn -0.577398 -0.577369 -0.577284
vn -0.577398 -0.577369 -0.577284
vn 0.577455 -0.577340 -0.577255
vn 0.577455 -0.577340 -0.577255
vn 0.577455 -0.577340 -0.577255
vn 0.577455 -0.577340 -0.577255
vn 0.577455 -0.577340 -0.577255
vn 0.577455 -0.577340 -0.577255
s off
g GRP_Exit_Door_Set GRP_Props_Backrooms Backrooms_Level0_Master_GRP ExitDoor_Leaf
f 218/489/697 217/580/698 253/606/699 258/543/700
f 217/579/701 222/552/702 254/516/703 253/605/704
f 220/493/705 219/581/706 227/588/707 226/532/708
f 219/582/709 218/489/710 228/497/711 227/587/712
f 222/552/713 221/583/714 231/590/715 230/553/716
f 221/583/717 220/493/718 232/509/719 231/590/720
f 224/501/721 223/584/722 259/611/723 264/526/724
f 223/585/725 228/497/726 260/528/727 259/610/728
f 226/532/729 225/586/730 239/594/731 238/510/732
f 225/586/733 224/501/734 240/513/735 239/594/736
f 230/553/737 229/589/738 243/598/739 242/554/740
f 229/589/741 234/535/742 244/521/743 243/597/744
f 234/535/745 233/591/746 237/593/747 236/536/748
f 233/591/749 232/509/750 238/510/751 237/593/752
f 236/536/753 235/592/754 251/604/755 250/522/756
f 235/592/757 240/513/758 252/525/759 251/603/760
f 242/554/761 241/596/762 255/608/763 254/516/764
f 241/595/765 246/539/766 256/529/767 255/607/768
f 246/539/769 245/599/770 249/602/771 248/540/772
f 245/599/773 244/521/774 250/522/775 249/602/776
f 248/540/777 247/600/778 263/614/779 262/530/780
f 247/601/781 252/525/782 264/526/783 263/613/784
f 258/543/785 257/609/786 261/612/787 260/528/788
f 257/609/789 256/529/790 262/530/791 261/612/792
f 220/493/793 226/532/794 238/510/795 232/509/796
f 234/535/797 236/536/798 250/522/799 244/521/800
f 246/539/801 248/540/802 262/530/803 256/529/804
f 258/543/805 260/528/806 228/497/807 218/489/808
f 224/501/809 264/526/810 252/525/811 240/513/812
f 254/516/813 222/552/814 230/553/815 242/554/816
f 217/579/817 218/555/818 219/581/819 220/493/820 221/583/821 222/552/822
f 223/584/823 224/501/824 225/586/825 226/532/826 227/588/827 228/560/828
f 229/589/829 230/553/830 231/590/831 232/509/832 233/591/833 234/535/834
f 235/592/835 236/536/836 237/593/837 238/510/838 239/594/839 240/513/840
f 241/595/841 242/567/842 243/597/843 244/521/844 245/599/845 246/539/846
f 247/600/847 248/540/848 249/602/849 250/522/850 251/604/851 252/572/852
f 253/606/853 254/573/854 255/607/855 256/529/856 257/609/857 258/543/858
f 259/610/859 260/528/860 261/612/861 262/530/862 263/614/863 264/578/864
g default
v 136.009884 1.009880 -387.783747
v 136.033745 1.000000 -387.783747
v 136.033745 1.009880 -387.759884
v 136.033745 1.033745 -387.750000
v 136.009884 1.033745 -387.759884
v 136.000000 1.033745 -387.783747
v 223.990116 1.009880 -387.783747
v 224.000000 1.033745 -387.783747
v 223.990116 1.033745 -387.759884
v 223.966255 1.033745 -387.750000
v 223.966255 1.009880 -387.759884
v 223.966255 1.000000 -387.783747
v 136.009884 206.990120 -387.783747
v 136.000000 206.966255 -387.783747
v 136.009884 206.966255 -387.759884
v 136.033745 206.966255 -387.750000
v 136.033745 206.990120 -387.759884
v 136.033745 207.000000 -387.783747
v 223.990116 206.990120 -387.783747
v 223.966255 207.000000 -387.783747
v 223.966255 206.990120 -387.759884
v 223.966255 206.966255 -387.750000
v 223.990116 206.966255 -387.759884
v 224.000000 206.966255 -387.783747
v 136.009884 206.966255 -392.240116
v 136.000000 206.966255 -392.216253
v 136.009884 206.990120 -392.216253
v 136.033745 207.000000 -392.216253
v 136.033745 206.990120 -392.240116
v 136.033745 206.966255 -392.250000
v 223.990116 206.966255 -392.240116
v 223.966255 206.966255 -392.250000
v 223.966255 206.990120 -392.240116
v 223.966255 207.000000 -392.216253
v 223.990116 206.990120 -392.216253
v 224.000000 206.966255 -392.216253
v 136.009884 1.009880 -392.216253
v 136.000000 1.033745 -392.216253
v 136.009884 1.033745 -392.240116
v 136.033745 1.033745 -392.250000
v 136.033745 1.009880 -392.240116
v 136.033745 1.000000 -392.216253
v 223.990116 1.009880 -392.216253
v 223.966255 1.000000 -392.216253
v 223.966255 1.009880 -392.240116
v 223.966255 1.033745 -392.250000
v 223.990116 1.033745 -392.240116
v 224.000000 1.033745 -392.216253
vt 0.330128 0.998125
vt 0.330128 0.751875
vt 0.327493 0.000074
vt 0.002458 0.000074
vt 0.330128 0.000041
vt 0.663206 0.000041
vt 0.330128 0.998125
vt 0.663206 0.998125
vt 0.327493 0.000074
vt 0.327525 0.249959
vt 0.330128 0.000041
vt 0.330128 0.249959
vt 0.665841 0.000074
vt 0.997443 0.000074
vt 0.663206 0.998125
vt 0.663206 0.751875
vt 0.663206 0.000041
vt 0.663206 0.249959
vt 0.665841 0.000074
vt 0.665858 0.249959
vt 0.327525 0.249959
vt 0.002475 0.249959
vt 0.330128 0.251875
vt 0.330128 0.498125
vt 0.330128 0.251875
vt 0.663206 0.251875
vt 0.330128 0.249959
vt 0.663206 0.249959
vt 0.663206 0.251875
vt 0.663206 0.498125
vt 0.665858 0.249959
vt 0.997475 0.249959
vt 0.002475 0.249959
vt 0.002458 0.000074
vt 0.330128 0.500041
vt 0.330128 0.749959
vt 0.330128 0.500041
vt 0.663206 0.500041
vt 0.330128 0.498125
vt 0.663206 0.498125
vt 0.663206 0.500041
vt 0.663206 0.749959
vt 0.997475 0.249959
vt 0.997443 0.000074
vt 0.330128 0.751875
vt 0.663206 0.751875
vt 0.330128 0.749959
vt 0.663206 0.749959
vt 0.330128 0.000041
vt 0.663206 0.000041
vt 0.663206 0.249959
vt 0.330128 0.249959
vt 0.330128 0.251875
vt 0.663206 0.251875
vt 0.663206 0.498125
vt 0.330128 0.498125
vt 0.330128 0.500041
vt 0.663206 0.500041
vt 0.663206 0.749959
vt 0.330128 0.749959
vt 0.330128 0.751875
vt 0.663206 0.751875
vt 0.663206 0.998125
vt 0.330128 0.998125
vt 0.665841 0.000074
vt 0.997443 0.000074
vt 0.997475 0.249959
vt 0.665858 0.249959
vt 0.002458 0.000074
vt 0.327493 0.000074
vt 0.327525 0.249959
vt 0.002475 0.249959
vt 0.330128 -0.000000
vt 0.330128 0.000041
vt 0.327493 0.000074
vt 0.665841 0.000074
vt 0.663206 0.000041
vt 0.663206 -0.000000
vt 0.327525 0.249959
vt 0.330128 0.249959
vt 0.330128 0.251875
vt 0.663206 0.251875
vt 0.663206 0.249959
vt 0.665858 0.249959
vt 0.330000 0.498125
vt 0.330128 0.498125
vt 0.330128 0.500041
vt 0.663206 0.500041
vt 0.663206 0.498125
vt 0.663333 0.498125
vt 0.330000 0.749959
vt 0.330128 0.749959
vt 0.330128 0.751875
vt 0.663206 0.751875
vt 0.663206 0.749959
vt 0.663333 0.749959
vt 0.328241 0.000000
vt 0.330127 0.996696
vt 0.330226 -0.000000
vt 0.330226 0.998125
vt 0.328811 0.000058
vt 0.665131 0.000000
vt 0.663206 0.996696
vt 0.664523 0.000058
vt 0.663108 0.998125
vt 0.663108 -0.000000
vt 0.330000 0.250000
vt 0.328827 0.249959
vt 0.330157 0.250917
vt 0.663333 0.250000
vt 0.663199 0.250591
vt 0.664532 0.249959
vt 0.330000 0.498157
vt 0.002475 0.249928
vt 0.330000 0.496688
vt 0.004372 0.249959
vt 0.330156 0.499083
vt 0.663333 0.498157
vt 0.997475 0.249928
vt 0.663199 0.498755
vt 0.995539 0.249959
vt 0.663333 0.496688
vt 0.004345 0.000074
vt 0.330001 0.751389
vt 0.330000 0.749927
vt 0.002458 0.000106
vt 0.330157 0.750917
vt 0.663333 0.751389
vt 0.995517 0.000074
vt 0.663199 0.750888
vt 0.997443 0.000106
vt 0.663333 0.749927
vn -0.382585 -0.923920 0.000000
vn -0.382585 -0.923920 0.000000
vn -0.382585 -0.923920 0.000000
vn -0.382585 -0.923920 0.000000
vn -0.923904 -0.382625 0.000000
vn -0.923904 -0.382625 0.000000
vn -0.923904 -0.382625 0.000000
vn -0.923904 -0.382625 0.000000
vn 0.000000 -0.382628 0.923902
vn 0.000000 -0.382628 0.923902
vn 0.000000 -0.382628 0.923902
vn 0.000000 -0.382628 0.923902
vn 0.000000 -0.923880 0.382682
vn 0.000000 -0.923880 0.382682
vn 0.000000 -0.923880 0.382682
vn 0.000000 -0.923880 0.382682
vn -0.923884 0.000000 0.382672
vn -0.923884 0.000000 0.382672
vn -0.923884 0.000000 0.382672
vn -0.923884 0.000000 0.382672
vn -0.382703 0.000000 0.923871
vn -0.382703 0.000000 0.923871
vn -0.382703 0.000000 0.923871
vn -0.382703 0.000000 0.923871
vn 0.923904 -0.382625 0.000000
vn 0.923904 -0.382625 0.000000
vn 0.923904 -0.382625 0.000000
vn 0.923904 -0.382625 0.000000
vn 0.382585 -0.923920 0.000000
vn 0.382585 -0.923920 0.000000
vn 0.382585 -0.923920 0.000000
vn 0.382585 -0.923920 0.000000
vn 0.382703 0.000000 0.923871
vn 0.382703 0.000000 0.923871
vn 0.382703 0.000000 0.923871
vn 0.382703 0.000000 0.923871
vn 0.923884 0.000000 0.382672
vn 0.923884 0.000000 0.382672
vn 0.923884 0.000000 0.382672
vn 0.923884 0.000000 0.382672
vn -0.923904 0.382625 0.000000
vn -0.923904 0.382625 0.000000
vn -0.923904 0.382625 0.000000
vn -0.923904 0.382625 0.000000
vn -0.382585 0.923920 0.000000
vn -0.382585 0.923920 0.000000
vn -0.382585 0.923920 0.000000
vn -0.382585 0.923920 0.000000
vn 0.000000 0.923880 0.382682
vn 0.000000 0.923880 0.382682
vn 0.000000 0.923880 0.382682
vn 0.000000 0.923880 0.382682
vn 0.000000 0.382628 0.923902
vn 0.000000 0.382628 0.923902
vn 0.000000 0.382628 0.923902
vn 0.000000 0.382628 0.923902
vn 0.382585 0.923920 0.000000
vn 0.382585 0.923920 0.000000
vn 0.382585 0.923920 0.000000
vn 0.382585 0.923920 0.000000
vn 0.923904 0.382625 0.000000
vn 0.923904 0.382625 0.000000
vn 0.923904 0.382625 0.000000
vn 0.923904 0.382625 0.000000
vn -0.923884 0.000000 -0.382672
vn -0.923884 0.000000 -0.382672
vn -0.923884 0.000000 -0.382672
vn -0.923884 0.000000 -0.382672
vn -0.382703 0.000000 -0.923871
vn -0.382703 0.000000 -0.923871
vn -0.382703 0.000000 -0.923871
vn -0.382703 0.000000 -0.923871
vn 0.000000 0.382628 -0.923902
vn 0.000000 0.382628 -0.923902
vn 0.000000 0.382628 -0.923902
vn 0.000000 0.382628 -0.923902
vn 0.000000 0.923880 -0.382682
vn 0.000000 0.923880 -0.382682
vn 0.000000 0.923880 -0.382682
vn 0.000000 0.923880 -0.382682
vn 0.382703 0.000000 -0.923871
vn 0.382703 0.000000 -0.923871
vn 0.382703 0.000000 -0.923871
vn 0.382703 0.000000 -0.923871
vn 0.923884 0.000000 -0.382672
vn 0.923884 0.000000 -0.382672
vn 0.923884 0.000000 -0.382672
vn 0.923884 0.000000 -0.382672
vn 0.000000 -0.923880 -0.382682
vn 0.000000 -0.923880 -0.382682
vn 0.000000 -0.923880 -0.382682
vn 0.000000 -0.923880 -0.382682
vn 0.000000 -0.382628 -0.923902
vn 0.000000 -0.382628 -0.923902
vn 0.000000 -0.382628 -0.923902
vn 0.000000 -0.382628 -0.923902
vn 0.000000 0.000000 1.000000
vn 0.000000 0.000000 1.000000
vn 0.000000 0.000000 1.000000
vn 0.000000 0.000000 1.000000
vn 0.000000 1.000000 0.000000
vn 0.000000 1.000000 0.000000
vn 0.000000 1.000000 0.000000
vn 0.000000 1.000000 0.000000
vn 0.000000 0.000000 -1.000000
vn 0.000000 0.000000 -1.000000
vn 0.000000 0.000000 -1.000000
vn 0.000000 0.000000 -1.000000
vn 0.000000 -1.000000 0.000000
vn 0.000000 -1.000000 0.000000
vn 0.000000 -1.000000 0.000000
vn 0.000000 -1.000000 0.000000
vn 1.000000 0.000000 0.000000
vn 1.000000 0.000000 0.000000
vn 1.000000 0.000000 0.000000
vn 1.000000 0.000000 0.000000
vn -1.000000 0.000000 0.000000
vn -1.000000 0.000000 0.000000
vn -1.000000 0.000000 0.000000
vn -1.000000 0.000000 0.000000
vn -0.577455 -0.577340 0.577255
vn -0.577455 -0.577340 0.577255
vn -0.577455 -0.577340 0.577255
vn -0.577455 -0.577340 0.577255
vn -0.577455 -0.577340 0.577255
vn -0.577455 -0.577340 0.577255
vn 0.577398 -0.577369 0.577284
vn 0.577398 -0.577369 0.577284
vn 0.577398 -0.577369 0.577284
vn 0.577398 -0.577369 0.577284
vn 0.577398 -0.577369 0.577284
vn 0.577398 -0.577369 0.577284
vn -0.577398 0.577369 0.577284
vn -0.577398 0.577369 0.577284
vn -0.577398 0.577369 0.577284
vn -0.577398 0.577369 0.577284
vn -0.577398 0.577369 0.577284
vn -0.577398 0.577369 0.577284
vn 0.577455 0.577340 0.577255
vn 0.577455 0.577340 0.577255
vn 0.577455 0.577340 0.577255
vn 0.577455 0.577340 0.577255
vn 0.577455 0.577340 0.577255
vn 0.577455 0.577340 0.577255
vn -0.577413 0.577340 -0.577298
vn -0.577413 0.577340 -0.577298
vn -0.577413 0.577340 -0.577298
vn -0.577413 0.577340 -0.577298
vn -0.577413 0.577341 -0.577298
vn -0.577413 0.577340 -0.577298
vn 0.577457 0.577340 -0.577254
vn 0.577457 0.577340 -0.577254
vn 0.577457 0.577340 -0.577254
vn 0.577457 0.577340 -0.577254
vn 0.577457 0.577340 -0.577254
vn 0.577457 0.577340 -0.577254
vn -0.577398 -0.577369 -0.577284
vn -0.577398 -0.577369 -0.577284
vn -0.577398 -0.577369 -0.577284
vn -0.577398 -0.577369 -0.577284
vn -0.577398 -0.577369 -0.577284
vn -0.577398 -0.577369 -0.577284
vn 0.577455 -0.577340 -0.577255
vn 0.577455 -0.577340 -0.577255
vn 0.577455 -0.577340 -0.577255
vn 0.577455 -0.577340 -0.577255
vn 0.577455 -0.577340 -0.577255
vn 0.577455 -0.577340 -0.577255
s off
g GRP_Exit_Door_Set GRP_Props_Backrooms Backrooms_Level0_Master_GRP ExitDoor_Leaf
f 266/621/865 265/712/866 301/738/867 306/675/868
f 265/711/869 270/684/870 302/648/871 301/737/872
f 268/625/873 267/713/874 275/720/875 274/664/876
f 267/714/877 266/621/878 276/629/879 275/719/880
f 270/684/881 269/715/882 279/722/883 278/685/884
f 269/715/885 268/625/886 280/641/887 279/722/888
f 272/633/889 271/716/890 307/743/891 312/658/892
f 271/717/893 276/629/894 308/660/895 307/742/896
f 274/664/897 273/718/898 287/726/899 286/642/900
f 273/718/901 272/633/902 288/645/903 287/726/904
f 278/685/905 277/721/906 291/730/907 290/686/908
f 277/721/909 282/667/910 292/653/911 291/729/912
f 282/667/913 281/723/914 285/725/915 284/668/916
f 281/723/917 280/641/918 286/642/919 285/725/920
f 284/668/921 283/724/922 299/736/923 298/654/924
f 283/724/925 288/645/926 300/657/927 299/735/928
f 290/686/929 289/728/930 303/740/931 302/648/932
f 289/727/933 294/671/934 304/661/935 303/739/936
f 294/671/937 293/731/938 297/734/939 296/672/940
f 293/731/941 292/653/942 298/654/943 297/734/944
f 296/672/945 295/732/946 311/746/947 310/662/948
f 295/733/949 300/657/950 312/658/951 311/745/952
f 306/675/953 305/741/954 309/744/955 308/660/956
f 305/741/957 304/661/958 310/662/959 309/744/960
f 268/625/961 274/664/962 286/642/963 280/641/964
f 282/667/965 284/668/966 298/654/967 292/653/968
f 294/671/969 296/672/970 310/662/971 304/661/972
f 306/675/973 308/660/974 276/629/975 266/621/976
f 272/633/977 312/658/978 300/657/979 288/645/980
f 302/648/981 270/684/982 278/685/983 290/686/984
f 265/711/985 266/687/986 267/713/987 268/625/988 269/715/989 270/684/990
f 271/716/991 272/633/992 273/718/993 274/664/994 275/720/995 276/692/996
f 277/721/997 278/685/998 279/722/999 280/641/1000 281/723/1001 282/667/1002
f 283/724/1003 284/668/1004 285/725/1005 286/642/1006 287/726/1007 288/645/1008
f 289/727/1009 290/699/1010 291/729/1011 292/653/1012 293/731/1013 294/671/1014
f 295/732/1015 296/672/1016 297/734/1017 298/654/1018 299/736/1019 300/704/1020
f 301/738/1021 302/705/1022 303/739/1023 304/661/1024 305/741/1025 306/675/1026
f 307/742/1027 308/660/1028 309/744/1029 310/662/1030 311/746/1031 312/710/1032
g default
v 137.000000 1.000000 -387.600000
v 223.000000 1.000000 -387.600000
v 137.000000 23.000000 -387.600000
v 223.000000 23.000000 -387.600000
v 137.000000 23.000000 -392.400000
v 223.000000 23.000000 -392.400000
v 137.000000 1.000000 -392.400000
v 223.000000 1.000000 -392.400000
vt 0.330000 0.000000
vt 0.663333 0.000000
vt 0.330000 0.250000
vt 0.663333 0.250000
vt 0.330000 0.500000
vt 0.663333 0.500000
vt 0.330000 0.750000
vt 0.663333 0.750000
vt 0.330000 1.000000
vt 0.663333 1.000000
vt 1.000000 0.000000
vt 1.000000 0.250000
vt 0.000000 0.000000
vt 0.000000 0.250000
vn 0.000000 0.000000 1.000000
vn 0.000000 0.000000 1.000000
vn 0.000000 0.000000 1.000000
vn 0.000000 0.000000 1.000000
vn 0.000000 1.000000 0.000000
vn 0.000000 1.000000 0.000000
vn 0.000000 1.000000 0.000000
vn 0.000000 1.000000 0.000000
vn 0.000000 0.000000 -1.000000
vn 0.000000 0.000000 -1.000000
vn 0.000000 0.000000 -1.000000
vn 0.000000 0.000000 -1.000000
vn 0.000000 -1.000000 0.000000
vn 0.000000 -1.000000 0.000000
vn 0.000000 -1.000000 0.000000
vn 0.000000 -1.000000 0.000000
vn 1.000000 0.000000 0.000000
vn 1.000000 0.000000 0.000000
vn 1.000000 0.000000 0.000000
vn 1.000000 0.000000 0.000000
vn -1.000000 0.000000 0.000000
vn -1.000000 0.000000 0.000000
vn -1.000000 0.000000 0.000000
vn -1.000000 0.000000 0.000000
s off
g GRP_Exit_Door_Set GRP_Props_Backrooms Backrooms_Level0_Master_GRP ExitDoor_Kickplate
f 313/747/1033 314/748/1034 316/750/1035 315/749/1036
f 315/749/1037 316/750/1038 318/752/1039 317/751/1040
f 317/751/1041 318/752/1042 320/754/1043 319/753/1044
f 319/753/1045 320/754/1046 314/756/1047 313/755/1048
f 314/748/1049 320/757/1050 318/758/1051 316/750/1052
f 319/759/1053 313/747/1054 315/749/1055 317/760/1056
g default
v 137.000000 1.000000 -387.600000
v 223.000000 1.000000 -387.600000
v 137.000000 23.000000 -387.600000
v 223.000000 23.000000 -387.600000
v 137.000000 23.000000 -392.400000
v 223.000000 23.000000 -392.400000
v 137.000000 1.000000 -392.400000
v 223.000000 1.000000 -392.400000
vt 0.330000 0.000000
vt 0.663333 0.000000
vt 0.330000 0.250000
vt 0.663333 0.250000
vt 0.330000 0.500000
vt 0.663333 0.500000
vt 0.330000 0.750000
vt 0.663333 0.750000
vt 0.330000 1.000000
vt 0.663333 1.000000
vt 1.000000 0.000000
vt 1.000000 0.250000
vt 0.000000 0.000000
vt 0.000000 0.250000
vn 0.000000 0.000000 1.000000
vn 0.000000 0.000000 1.000000
vn 0.000000 0.000000 1.000000
vn 0.000000 0.000000 1.000000
vn 0.000000 1.000000 0.000000
vn 0.000000 1.000000 0.000000
vn 0.000000 1.000000 0.000000
vn 0.000000 1.000000 0.000000
vn 0.000000 0.000000 -1.000000
vn 0.000000 0.000000 -1.000000
vn 0.000000 0.000000 -1.000000
vn 0.000000 0.000000 -1.000000
vn 0.000000 -1.000000 0.000000
vn 0.000000 -1.000000 0.000000
vn 0.000000 -1.000000 0.000000
vn 0.000000 -1.000000 0.000000
vn 1.000000 0.000000 0.000000
vn 1.000000 0.000000 0.000000
vn 1.000000 0.000000 0.000000
vn 1.000000 0.000000 0.000000
vn -1.000000 0.000000 0.000000
vn -1.000000 0.000000 0.000000
vn -1.000000 0.000000 0.000000
vn -1.000000 0.000000 0.000000
s off
g GRP_Exit_Door_Set GRP_Props_Backrooms Backrooms_Level0_Master_GRP ExitDoor_Kickplate
f 321/761/1057 322/762/1058 324/764/1059 323/763/1060
f 323/763/1061 324/764/1062 326/766/1063 325/765/1064
f 325/765/1065 326/766/1066 328/768/1067 327/767/1068
f 327/767/1069 328/768/1070 322/770/1071 321/769/1072
f 322/762/1073 328/771/1074 326/772/1075 324/764/1076
f 327/773/1077 321/761/1078 323/763/1079 325/774/1080
g default
v 218.771281 101.600000 -387.800000
v 217.600000 102.771281 -387.800000
v 216.000000 103.200000 -387.800000
v 214.400000 102.771281 -387.800000
v 213.228719 101.600000 -387.800000
v 212.800000 100.000000 -387.800000
v 213.228719 98.400000 -387.800000
v 214.400000 97.228719 -387.800000
v 216.000000 96.800000 -387.800000
v 217.600000 97.228719 -387.800000
v 218.771281 98.400000 -387.800000
v 219.200000 100.000000 -387.800000
v 218.771281 101.600000 -387.000000
v 217.600000 102.771281 -387.000000
v 216.000000 103.200000 -387.000000
v 214.400000 102.771281 -387.000000
v 213.228719 101.600000 -387.000000
v 212.800000 100.000000 -387.000000
v 213.228719 98.400000 -387.000000
v 214.400000 97.228719 -387.000000
v 216.000000 96.800000 -387.000000
v 217.600000 97.228719 -387.000000
v 218.771281 98.400000 -387.000000
v 219.200000 100.000000 -387.000000
vt 0.934892 0.062500
vt 0.751880 0.016747
vt 0.501880 0.000000
vt 0.251880 0.016747
vt 0.068867 0.062500
vt 0.001880 0.125000
vt 0.068867 0.187500
vt 0.251880 0.233253
vt 0.501880 0.250000
vt 0.751880 0.233253
vt 0.934892 0.187500
vt 1.001880 0.125000
vt 0.000000 0.250000
vt 0.083333 0.250000
vt 0.166667 0.250000
vt 0.250000 0.250000
vt 0.333333 0.250000
vt 0.416667 0.250000
vt 0.500000 0.250000
vt 0.583333 0.250000
vt 0.666667 0.250000
vt 0.750000 0.250000
vt 0.833333 0.250000
vt 0.916667 0.250000
vt 1.000000 0.250000
vt 0.000000 0.750000
vt 0.083333 0.750000
vt 0.166667 0.750000
vt 0.250000 0.750000
vt 0.333333 0.750000
vt 0.416667 0.750000
vt 0.500000 0.750000
vt 0.583333 0.750000
vt 0.666667 0.750000
vt 0.750000 0.750000
vt 0.833333 0.750000
vt 0.916667 0.750000
vt 1.000000 0.750000
vt 0.934892 0.812500
vt 0.751880 0.766747
vt 0.501880 0.750000
vt 0.251880 0.766747
vt 0.068867 0.812500
vt 0.001880 0.875000
vt 0.068867 0.937500
vt 0.251880 0.983253
vt 0.501880 1.000000
vt 0.751880 0.983253
vt 0.934892 0.937500
vt 1.001880 0.875000
vn 0.707107 0.707107 0.000000
vn 0.707107 0.707107 0.000000
vn 0.707107 0.707107 0.000000
vn 0.707107 0.707107 0.000000
vn 0.258819 0.965926 0.000000
vn 0.258819 0.965926 0.000000
vn 0.258819 0.965926 0.000000
vn 0.258819 0.965926 0.000000
vn -0.258819 0.965926 0.000000
vn -0.258819 0.965926 0.000000
vn -0.258819 0.965926 0.000000
vn -0.258819 0.965926 0.000000
vn -0.707107 0.707107 0.000000
vn -0.707107 0.707107 0.000000
vn -0.707107 0.707107 0.000000
vn -0.707107 0.707107 0.000000
vn -0.965926 0.258819 0.000000
vn -0.965926 0.258819 0.000000
vn -0.965926 0.258819 0.000000
vn -0.965926 0.258819 0.000000
vn -0.965926 -0.258819 0.000000
vn -0.965926 -0.258819 0.000000
vn -0.965926 -0.258819 0.000000
vn -0.965926 -0.258819 0.000000
vn -0.707107 -0.707107 0.000000
vn -0.707107 -0.707107 0.000000
vn -0.707107 -0.707107 0.000000
vn -0.707107 -0.707107 0.000000
vn -0.258819 -0.965926 0.000000
vn -0.258819 -0.965926 0.000000
vn -0.258819 -0.965926 0.000000
vn -0.258819 -0.965926 0.000000
vn 0.258819 -0.965926 0.000000
vn 0.258819 -0.965926 0.000000
vn 0.258819 -0.965926 0.000000
vn 0.258819 -0.965926 0.000000
vn 0.707107 -0.707107 0.000000
vn 0.707107 -0.707107 0.000000
vn 0.707107 -0.707107 0.000000
vn 0.707107 -0.707107 0.000000
vn 0.965926 -0.258819 0.000000
vn 0.965926 -0.258819 0.000000
vn 0.965926 -0.258819 0.000000
vn 0.965926 -0.258819 0.000000
vn 0.965926 0.258819 0.000000
vn 0.965926 0.258819 0.000000
vn 0.965926 0.258819 0.000000
vn 0.965926 0.258819 0.000000
vn 0.000000 -0.000000 -1.000000
vn 0.000000 -0.000000 -1.000000
vn 0.000000 -0.000000 -1.000000
vn 0.000000 -0.000000 -1.000000
vn 0.000000 -0.000000 -1.000000
vn 0.000000 -0.000000 -1.000000
vn 0.000000 -0.000000 -1.000000
vn 0.000000 -0.000000 -1.000000
vn 0.000000 -0.000000 -1.000000
vn 0.000000 -0.000000 -1.000000
vn 0.000000 -0.000000 -1.000000
vn 0.000000 -0.000000 -1.000000
vn 0.000000 0.000000 1.000000
vn 0.000000 0.000000 1.000000
vn 0.000000 0.000000 1.000000
vn 0.000000 0.000000 1.000000
vn 0.000000 0.000000 1.000000
vn 0.000000 0.000000 1.000000
vn 0.000000 0.000000 1.000000
vn 0.000000 0.000000 1.000000
vn 0.000000 0.000000 1.000000
vn 0.000000 0.000000 1.000000
vn 0.000000 0.000000 1.000000
vn 0.000000 0.000000 1.000000
s off
g GRP_Exit_Door_Set GRP_Props_Backrooms Backrooms_Level0_Master_GRP ExitDoor_Rosette
f 329/787/1081 330/788/1082 342/801/1083 341/800/1084
f 330/788/1085 331/789/1086 343/802/1087 342/801/1088
f 331/789/1089 332/790/1090 344/803/1091 343/802/1092
f 332/790/1093 333/791/1094 345/804/1095 344/803/1096
f 333/791/1097 334/792/1098 346/805/1099 345/804/1100
f 334/792/1101 335/793/1102 347/806/1103 346/805/1104
f 335/793/1105 336/794/1106 348/807/1107 347/806/1108
f 336/794/1109 337/795/1110 349/808/1111 348/807/1112
f 337/795/1113 338/796/1114 350/809/1115 349/808/1116
f 338/796/1117 339/797/1118 351/810/1119 350/809/1120
f 339/797/1121 340/798/1122 352/811/1123 351/810/1124
f 340/798/1125 329/799/1126 341/812/1127 352/811/1128
f 329/775/1129 340/786/1130 339/785/1131 338/784/1132 337/783/1133 336/782/1134 335/781/1135 334/780/1136 333/779/1137 332/778/1138 331/777/1139 330/776/1140
f 341/823/1141 342/822/1142 343/821/1143 344/820/1144 345/819/1145 346/818/1146 347/817/1147 348/816/1148 349/815/1149 350/814/1150 351/813/1151 352/824/1152
g default
v 218.771281 101.600000 -387.800000
v 217.600000 102.771281 -387.800000
v 216.000000 103.200000 -387.800000
v 214.400000 102.771281 -387.800000
v 213.228719 101.600000 -387.800000
v 212.800000 100.000000 -387.800000
v 213.228719 98.400000 -387.800000
v 214.400000 97.228719 -387.800000
v 216.000000 96.800000 -387.800000
v 217.600000 97.228719 -387.800000
v 218.771281 98.400000 -387.800000
v 219.200000 100.000000 -387.800000
v 218.771281 101.600000 -387.000000
v 217.600000 102.771281 -387.000000
v 216.000000 103.200000 -387.000000
v 214.400000 102.771281 -387.000000
v 213.228719 101.600000 -387.000000
v 212.800000 100.000000 -387.000000
v 213.228719 98.400000 -387.000000
v 214.400000 97.228719 -387.000000
v 216.000000 96.800000 -387.000000
v 217.600000 97.228719 -387.000000
v 218.771281 98.400000 -387.000000
v 219.200000 100.000000 -387.000000
vt 0.934892 0.062500
vt 0.751880 0.016747
vt 0.501880 0.000000
vt 0.251880 0.016747
vt 0.068867 0.062500
vt 0.001880 0.125000
vt 0.068867 0.187500
vt 0.251880 0.233253
vt 0.501880 0.250000
vt 0.751880 0.233253
vt 0.934892 0.187500
vt 1.001880 0.125000
vt 0.000000 0.250000
vt 0.083333 0.250000
vt 0.166667 0.250000
vt 0.250000 0.250000
vt 0.333333 0.250000
vt 0.416667 0.250000
vt 0.500000 0.250000
vt 0.583333 0.250000
vt 0.666667 0.250000
vt 0.750000 0.250000
vt 0.833333 0.250000
vt 0.916667 0.250000
vt 1.000000 0.250000
vt 0.000000 0.750000
vt 0.083333 0.750000
vt 0.166667 0.750000
vt 0.250000 0.750000
vt 0.333333 0.750000
vt 0.416667 0.750000
vt 0.500000 0.750000
vt 0.583333 0.750000
vt 0.666667 0.750000
vt 0.750000 0.750000
vt 0.833333 0.750000
vt 0.916667 0.750000
vt 1.000000 0.750000
vt 0.934892 0.812500
vt 0.751880 0.766747
vt 0.501880 0.750000
vt 0.251880 0.766747
vt 0.068867 0.812500
vt 0.001880 0.875000
vt 0.068867 0.937500
vt 0.251880 0.983253
vt 0.501880 1.000000
vt 0.751880 0.983253
vt 0.934892 0.937500
vt 1.001880 0.875000
vn 0.707107 0.707107 0.000000
vn 0.707107 0.707107 0.000000
vn 0.707107 0.707107 0.000000
vn 0.707107 0.707107 0.000000
vn 0.258819 0.965926 0.000000
vn 0.258819 0.965926 0.000000
vn 0.258819 0.965926 0.000000
vn 0.258819 0.965926 0.000000
vn -0.258819 0.965926 0.000000
vn -0.258819 0.965926 0.000000
vn -0.258819 0.965926 0.000000
vn -0.258819 0.965926 0.000000
vn -0.707107 0.707107 0.000000
vn -0.707107 0.707107 0.000000
vn -0.707107 0.707107 0.000000
vn -0.707107 0.707107 0.000000
vn -0.965926 0.258819 0.000000
vn -0.965926 0.258819 0.000000
vn -0.965926 0.258819 0.000000
vn -0.965926 0.258819 0.000000
vn -0.965926 -0.258819 0.000000
vn -0.965926 -0.258819 0.000000
vn -0.965926 -0.258819 0.000000
vn -0.965926 -0.258819 0.000000
vn -0.707107 -0.707107 0.000000
vn -0.707107 -0.707107 0.000000
vn -0.707107 -0.707107 0.000000
vn -0.707107 -0.707107 0.000000
vn -0.258819 -0.965926 0.000000
vn -0.258819 -0.965926 0.000000
vn -0.258819 -0.965926 0.000000
vn -0.258819 -0.965926 0.000000
vn 0.258819 -0.965926 0.000000
vn 0.258819 -0.965926 0.000000
vn 0.258819 -0.965926 0.000000
vn 0.258819 -0.965926 0.000000
vn 0.707107 -0.707107 0.000000
vn 0.707107 -0.707107 0.000000
vn 0.707107 -0.707107 0.000000
vn 0.707107 -0.707107 0.000000
vn 0.965926 -0.258819 0.000000
vn 0.965926 -0.258819 0.000000
vn 0.965926 -0.258819 0.000000
vn 0.965926 -0.258819 0.000000
vn 0.965926 0.258819 0.000000
vn 0.965926 0.258819 0.000000
vn 0.965926 0.258819 0.000000
vn 0.965926 0.258819 0.000000
vn 0.000000 -0.000000 -1.000000
vn 0.000000 -0.000000 -1.000000
vn 0.000000 -0.000000 -1.000000
vn 0.000000 -0.000000 -1.000000
vn 0.000000 -0.000000 -1.000000
vn 0.000000 -0.000000 -1.000000
vn 0.000000 -0.000000 -1.000000
vn 0.000000 -0.000000 -1.000000
vn 0.000000 -0.000000 -1.000000
vn 0.000000 -0.000000 -1.000000
vn 0.000000 -0.000000 -1.000000
vn 0.000000 -0.000000 -1.000000
vn 0.000000 0.000000 1.000000
vn 0.000000 0.000000 1.000000
vn 0.000000 0.000000 1.000000
vn 0.000000 0.000000 1.000000
vn 0.000000 0.000000 1.000000
vn 0.000000 0.000000 1.000000
vn 0.000000 0.000000 1.000000
vn 0.000000 0.000000 1.000000
vn 0.000000 0.000000 1.000000
vn 0.000000 0.000000 1.000000
vn 0.000000 0.000000 1.000000
vn 0.000000 0.000000 1.000000
s off
g GRP_Exit_Door_Set GRP_Props_Backrooms Backrooms_Level0_Master_GRP ExitDoor_Rosette
f 353/837/1153 354/838/1154 366/851/1155 365/850/1156
f 354/838/1157 355/839/1158 367/852/1159 366/851/1160
f 355/839/1161 356/840/1162 368/853/1163 367/852/1164
f 356/840/1165 357/841/1166 369/854/1167 368/853/1168
f 357/841/1169 358/842/1170 370/855/1171 369/854/1172
f 358/842/1173 359/843/1174 371/856/1175 370/855/1176
f 359/843/1177 360/844/1178 372/857/1179 371/856/1180
f 360/844/1181 361/845/1182 373/858/1183 372/857/1184
f 361/845/1185 362/846/1186 374/859/1187 373/858/1188
f 362/846/1189 363/847/1190 375/860/1191 374/859/1192
f 363/847/1193 364/848/1194 376/861/1195 375/860/1196
f 364/848/1197 353/849/1198 365/862/1199 376/861/1200
f 353/825/1201 364/836/1202 363/835/1203 362/834/1204 361/833/1205 360/832/1206 359/831/1207 358/830/1208 357/829/1209 356/828/1210 355/827/1211 354/826/1212
f 365/873/1213 366/872/1214 367/871/1215 368/870/1216 369/869/1217 370/868/1218 371/867/1219 372/866/1220 373/865/1221 374/864/1222 375/863/1223 376/874/1224
g default
v 203.032215 98.932215 -383.709989
v 203.109989 98.900000 -383.709989
v 203.109989 98.932215 -383.632215
v 203.109989 99.009989 -383.600000
v 203.032215 99.009989 -383.632215
v 203.000000 99.009989 -383.709989
v 216.967785 98.932215 -383.709989
v 217.000000 99.009989 -383.709989
v 216.967785 99.009989 -383.632215
v 216.890011 99.009989 -383.600000
v 216.890011 98.932215 -383.632215
v 216.890011 98.900000 -383.709989
v 203.032215 101.067785 -383.709989
v 203.000000 100.990011 -383.709989
v 203.032215 100.990011 -383.632215
v 203.109989 100.990011 -383.600000
v 203.109989 101.067785 -383.632215
v 203.109989 101.100000 -383.709989
v 216.967785 101.067785 -383.709989
v 216.890011 101.100000 -383.709989
v 216.890011 101.067785 -383.632215
v 216.890011 100.990011 -383.600000
v 216.967785 100.990011 -383.632215
v 217.000000 100.990011 -383.709989
v 203.032215 100.990011 -385.967785
v 203.000000 100.990011 -385.890011
v 203.032215 101.067785 -385.890011
v 203.109989 101.100000 -385.890011
v 203.109989 101.067785 -385.967785
v 203.109989 100.990011 -386.000000
v 216.967785 100.990011 -385.967785
v 216.890011 100.990011 -386.000000
v 216.890011 101.067785 -385.967785
v 216.890011 101.100000 -385.890011
v 216.967785 101.067785 -385.890011
v 217.000000 100.990011 -385.890011
v 203.032215 98.932215 -385.890011
v 203.000000 99.009989 -385.890011
v 203.032215 99.009989 -385.967785
v 203.109989 99.009989 -386.000000
v 203.109989 98.932215 -385.967785
v 203.109989 98.900000 -385.890011
v 216.967785 98.932215 -385.890011
v 216.890011 98.900000 -385.890011
v 216.890011 98.932215 -385.967785
v 216.890011 99.009989 -386.000000
v 216.967785 99.009989 -385.967785
v 217.000000 99.009989 -385.890011
vt 0.332619 0.988543
vt 0.332619 0.761457
vt 0.314877 0.012499
vt 0.015124 0.012499
vt 0.332619 0.012499
vt 0.660715 0.012499
vt 0.332619 0.988543
vt 0.660715 0.988543
vt 0.314877 0.012499
vt 0.314877 0.237501
vt 0.332619 0.012499
vt 0.332619 0.237501
vt 0.678762 0.012499
vt 0.984571 0.012499
vt 0.660715 0.988543
vt 0.660715 0.761457
vt 0.660715 0.012499
vt 0.660715 0.237501
vt 0.678762 0.012499
vt 0.678762 0.237501
vt 0.314877 0.237501
vt 0.015123 0.237501
vt 0.332619 0.261457
vt 0.332619 0.488543
vt 0.332619 0.261457
vt 0.660715 0.261457
vt 0.332619 0.237501
vt 0.660715 0.237501
vt 0.660715 0.261457
vt 0.660715 0.488543
vt 0.678762 0.237501
vt 0.984571 0.237501
vt 0.015123 0.237501
vt 0.015124 0.012499
vt 0.332619 0.512499
vt 0.332619 0.737501
vt 0.332619 0.512499
vt 0.660715 0.512499
vt 0.332619 0.488543
vt 0.660715 0.488543
vt 0.660715 0.512499
vt 0.660715 0.737501
vt 0.984571 0.237501
vt 0.984571 0.012499
vt 0.332619 0.761457
vt 0.660715 0.761457
vt 0.332619 0.737501
vt 0.660715 0.737501
vt 0.332619 0.012499
vt 0.660715 0.012499
vt 0.660715 0.237501
vt 0.332619 0.237501
vt 0.332619 0.261457
vt 0.660715 0.261457
vt 0.660715 0.488543
vt 0.332619 0.488543
vt 0.332619 0.512499
vt 0.660715 0.512499
vt 0.660715 0.737501
vt 0.332619 0.737501
vt 0.332619 0.761457
vt 0.660715 0.761457
vt 0.660715 0.988543
vt 0.332619 0.988543
vt 0.678762 0.012499
vt 0.984571 0.012499
vt 0.984571 0.237501
vt 0.678762 0.237501
vt 0.015124 0.012499
vt 0.314877 0.012499
vt 0.314877 0.237501
vt 0.015123 0.237501
vt 0.332619 0.000000
vt 0.332619 0.012499
vt 0.314877 0.012499
vt 0.678762 0.012499
vt 0.660715 0.012499
vt 0.660715 -0.000000
vt 0.314877 0.237501
vt 0.332619 0.237501
vt 0.332619 0.261457
vt 0.660715 0.261457
vt 0.660715 0.237501
vt 0.678762 0.237501
vt 0.330000 0.488543
vt 0.332619 0.488543
vt 0.332619 0.512499
vt 0.660715 0.512499
vt 0.660715 0.488543
vt 0.663333 0.488543
vt 0.330000 0.737501
vt 0.332619 0.737501
vt 0.332619 0.761457
vt 0.660715 0.761457
vt 0.660715 0.737501
vt 0.663333 0.737501
vt 0.321238 0.000448
vt 0.332525 0.979544
vt 0.334599 -0.000000
vt 0.334599 0.988543
vt 0.323748 0.012867
vt 0.672324 0.000448
vt 0.660808 0.979544
vt 0.669663 0.012584
vt 0.658734 0.988543
vt 0.658734 -0.000000
vt 0.330000 0.250000
vt 0.324033 0.237427
vt 0.332631 0.249479
vt 0.663333 0.250000
vt 0.660712 0.249453
vt 0.669738 0.237133
vt 0.330000 0.498298
vt 0.015123 0.228685
vt 0.330000 0.479674
vt 0.026830 0.237966
vt 0.332631 0.500521
vt 0.663333 0.498298
vt 0.984571 0.228685
vt 0.660712 0.500485
vt 0.972628 0.237966
vt 0.663333 0.479674
vt 0.026505 0.012051
vt 0.330094 0.746500
vt 0.330000 0.727746
vt 0.015124 0.021315
vt 0.332631 0.749479
vt 0.663239 0.746500
vt 0.972962 0.012051
vt 0.660712 0.749440
vt 0.984571 0.021315
vt 0.663333 0.727746
vn -0.382683 -0.923880 0.000000
vn -0.382683 -0.923880 0.000000
vn -0.382683 -0.923880 0.000000
vn -0.382683 -0.923880 0.000000
vn -0.923880 -0.382684 0.000000
vn -0.923880 -0.382684 0.000000
vn -0.923880 -0.382684 0.000000
vn -0.923880 -0.382684 0.000000
vn 0.000000 -0.382683 0.923880
vn 0.000000 -0.382683 0.923880
vn 0.000000 -0.382683 0.923880
vn 0.000000 -0.382683 0.923880
vn 0.000000 -0.923880 0.382682
vn 0.000000 -0.923880 0.382682
vn 0.000000 -0.923880 0.382682
vn 0.000000 -0.923880 0.382682
vn -0.923879 0.000000 0.382684
vn -0.923879 0.000000 0.382684
vn -0.923879 0.000000 0.382684
vn -0.923879 0.000000 0.382684
vn -0.382683 0.000000 0.923880
vn -0.382683 0.000000 0.923880
vn -0.382683 0.000000 0.923880
vn -0.382683 0.000000 0.923880
vn 0.923880 -0.382684 0.000000
vn 0.923880 -0.382684 0.000000
vn 0.923880 -0.382684 0.000000
vn 0.923880 -0.382684 0.000000
vn 0.382683 -0.923880 0.000000
vn 0.382683 -0.923880 0.000000
vn 0.382683 -0.923880 0.000000
vn 0.382683 -0.923880 0.000000
vn 0.382683 0.000000 0.923880
vn 0.382683 0.000000 0.923880
vn 0.382683 0.000000 0.923880
vn 0.382683 0.000000 0.923880
vn 0.923879 0.000000 0.382684
vn 0.923879 0.000000 0.382684
vn 0.923879 0.000000 0.382684
vn 0.923879 0.000000 0.382684
vn -0.923880 0.382684 0.000000
vn -0.923880 0.382684 0.000000
vn -0.923880 0.382684 0.000000
vn -0.923880 0.382684 0.000000
vn -0.382683 0.923880 0.000000
vn -0.382683 0.923880 0.000000
vn -0.382683 0.923880 0.000000
vn -0.382683 0.923880 0.000000
vn 0.000000 0.923880 0.382682
vn 0.000000 0.923880 0.382682
vn 0.000000 0.923880 0.382682
vn 0.000000 0.923880 0.382682
vn 0.000000 0.382683 0.923880
vn 0.000000 0.382683 0.923880
vn 0.000000 0.382683 0.923880
vn 0.000000 0.382683 0.923880
vn 0.382683 0.923880 0.000000
vn 0.382683 0.923880 0.000000
vn 0.382683 0.923880 0.000000
vn 0.382683 0.923880 0.000000
vn 0.923880 0.382684 0.000000
vn 0.923880 0.382684 0.000000
vn 0.923880 0.382684 0.000000
vn 0.923880 0.382684 0.000000
vn -0.923879 0.000000 -0.382684
vn -0.923879 0.000000 -0.382684
vn -0.923879 0.000000 -0.382684
vn -0.923879 0.000000 -0.382684
vn -0.382683 0.000000 -0.923880
vn -0.382683 0.000000 -0.923880
vn -0.382683 0.000000 -0.923880
vn -0.382683 0.000000 -0.923880
vn 0.000000 0.382683 -0.923880
vn 0.000000 0.382683 -0.923880
vn 0.000000 0.382683 -0.923880
vn 0.000000 0.382683 -0.923880
vn 0.000000 0.923880 -0.382682
vn 0.000000 0.923880 -0.382682
vn 0.000000 0.923880 -0.382682
vn 0.000000 0.923880 -0.382682
vn 0.382683 0.000000 -0.923880
vn 0.382683 0.000000 -0.923880
vn 0.382683 0.000000 -0.923880
vn 0.382683 0.000000 -0.923880
vn 0.923879 0.000000 -0.382684
vn 0.923879 0.000000 -0.382684
vn 0.923879 0.000000 -0.382684
vn 0.923879 0.000000 -0.382684
vn 0.000000 -0.923880 -0.382682
vn 0.000000 -0.923880 -0.382682
vn 0.000000 -0.923880 -0.382682
vn 0.000000 -0.923880 -0.382682
vn 0.000000 -0.382683 -0.923880
vn 0.000000 -0.382683 -0.923880
vn 0.000000 -0.382683 -0.923880
vn 0.000000 -0.382683 -0.923880
vn 0.000000 0.000000 1.000000
vn 0.000000 0.000000 1.000000
vn 0.000000 0.000000 1.000000
vn 0.000000 0.000000 1.000000
vn 0.000000 1.000000 0.000000
vn 0.000000 1.000000 0.000000
vn 0.000000 1.000000 0.000000
vn 0.000000 1.000000 0.000000
vn 0.000000 0.000000 -1.000000
vn 0.000000 0.000000 -1.000000
vn 0.000000 0.000000 -1.000000
vn 0.000000 0.000000 -1.000000
vn 0.000000 -1.000000 0.000000
vn 0.000000 -1.000000 0.000000
vn 0.000000 -1.000000 0.000000
vn 0.000000 -1.000000 0.000000
vn 1.000000 0.000000 0.000000
vn 1.000000 0.000000 0.000000
vn 1.000000 0.000000 0.000000
vn 1.000000 0.000000 0.000000
vn -1.000000 0.000000 0.000000
vn -1.000000 0.000000 0.000000
vn -1.000000 0.000000 0.000000
vn -1.000000 0.000000 0.000000
vn -0.577350 -0.577350 0.577351
vn -0.577350 -0.577350 0.577351
vn -0.577350 -0.577350 0.577351
vn -0.577350 -0.577350 0.577351
vn -0.577350 -0.577350 0.577351
vn -0.577350 -0.577350 0.577351
vn 0.577350 -0.577350 0.577351
vn 0.577350 -0.577350 0.577351
vn 0.577350 -0.577350 0.577351
vn 0.577350 -0.577350 0.577351
vn 0.577350 -0.577350 0.577351
vn 0.577350 -0.577350 0.577351
vn -0.577350 0.577350 0.577351
vn -0.577350 0.577350 0.577351
vn -0.577350 0.577350 0.577351
vn -0.577350 0.577350 0.577351
vn -0.577350 0.577350 0.577351
vn -0.577350 0.577350 0.577351
vn 0.577350 0.577350 0.577351
vn 0.577350 0.577350 0.577351
vn 0.577350 0.577350 0.577351
vn 0.577350 0.577350 0.577351
vn 0.577350 0.577350 0.577351
vn 0.577350 0.577350 0.577351
vn -0.577351 0.577348 -0.577351
vn -0.577351 0.577348 -0.577351
vn -0.577351 0.577348 -0.577351
vn -0.577351 0.577348 -0.577351
vn -0.577351 0.577348 -0.577351
vn -0.577351 0.577348 -0.577351
vn 0.577352 0.577347 -0.577352
vn 0.577352 0.577347 -0.577352
vn 0.577352 0.577347 -0.577352
vn 0.577352 0.577347 -0.577352
vn 0.577352 0.577347 -0.577352
vn 0.577352 0.577347 -0.577352
vn -0.577350 -0.577350 -0.577351
vn -0.577350 -0.577350 -0.577351
vn -0.577350 -0.577350 -0.577351
vn -0.577350 -0.577350 -0.577351
vn -0.577350 -0.577350 -0.577351
vn -0.577350 -0.577350 -0.577351
vn 0.577350 -0.577350 -0.577351
vn 0.577350 -0.577350 -0.577351
vn 0.577350 -0.577350 -0.577351
vn 0.577350 -0.577350 -0.577351
vn 0.577350 -0.577350 -0.577351
vn 0.577350 -0.577350 -0.577351
s off
g GRP_Exit_Door_Set GRP_Props_Backrooms Backrooms_Level0_Master_GRP ExitDoor_Lever_Handle
f 378/881/1225 377/972/1226 413/998/1227 418/935/1228
f 377/971/1229 382/944/1230 414/908/1231 413/997/1232
f 380/885/1233 379/973/1234 387/980/1235 386/924/1236
f 379/974/1237 378/881/1238 388/889/1239 387/979/1240
f 382/944/1241 381/975/1242 391/982/1243 390/945/1244
f 381/975/1245 380/885/1246 392/901/1247 391/982/1248
f 384/893/1249 383/976/1250 419/1003/1251 424/918/1252
f 383/977/1253 388/889/1254 420/920/1255 419/1002/1256
f 386/924/1257 385/978/1258 399/986/1259 398/902/1260
f 385/978/1261 384/893/1262 400/905/1263 399/986/1264
f 390/945/1265 389/981/1266 403/990/1267 402/946/1268
f 389/981/1269 394/927/1270 404/913/1271 403/989/1272
f 394/927/1273 393/983/1274 397/985/1275 396/928/1276
f 393/983/1277 392/901/1278 398/902/1279 397/985/1280
f 396/928/1281 395/984/1282 411/996/1283 410/914/1284
f 395/984/1285 400/905/1286 412/917/1287 411/995/1288
f 402/946/1289 401/988/1290 415/1000/1291 414/908/1292
f 401/987/1293 406/931/1294 416/921/1295 415/999/1296
f 406/931/1297 405/991/1298 409/994/1299 408/932/1300
f 405/991/1301 404/913/1302 410/914/1303 409/994/1304
f 408/932/1305 407/992/1306 423/1006/1307 422/922/1308
f 407/993/1309 412/917/1310 424/918/1311 423/1005/1312
f 418/935/1313 417/1001/1314 421/1004/1315 420/920/1316
f 417/1001/1317 416/921/1318 422/922/1319 421/1004/1320
f 380/885/1321 386/924/1322 398/902/1323 392/901/1324
f 394/927/1325 396/928/1326 410/914/1327 404/913/1328
f 406/931/1329 408/932/1330 422/922/1331 416/921/1332
f 418/935/1333 420/920/1334 388/889/1335 378/881/1336
f 384/893/1337 424/918/1338 412/917/1339 400/905/1340
f 414/908/1341 382/944/1342 390/945/1343 402/946/1344
f 377/971/1345 378/947/1346 379/973/1347 380/885/1348 381/975/1349 382/944/1350
f 383/976/1351 384/893/1352 385/978/1353 386/924/1354 387/980/1355 388/952/1356
f 389/981/1357 390/945/1358 391/982/1359 392/901/1360 393/983/1361 394/927/1362
f 395/984/1363 396/928/1364 397/985/1365 398/902/1366 399/986/1367 400/905/1368
f 401/987/1369 402/959/1370 403/989/1371 404/913/1372 405/991/1373 406/931/1374
f 407/992/1375 408/932/1376 409/994/1377 410/914/1378 411/996/1379 412/964/1380
f 413/998/1381 414/965/1382 415/999/1383 416/921/1384 417/1001/1385 418/935/1386
f 419/1002/1387 420/920/1388 421/1004/1389 422/922/1390 423/1006/1391 424/970/1392
g default
v 203.032215 98.932215 -383.709989
v 203.109989 98.900000 -383.709989
v 203.109989 98.932215 -383.632215
v 203.109989 99.009989 -383.600000
v 203.032215 99.009989 -383.632215
v 203.000000 99.009989 -383.709989
v 216.967785 98.932215 -383.709989
v 217.000000 99.009989 -383.709989
v 216.967785 99.009989 -383.632215
v 216.890011 99.009989 -383.600000
v 216.890011 98.932215 -383.632215
v 216.890011 98.900000 -383.709989
v 203.032215 101.067785 -383.709989
v 203.000000 100.990011 -383.709989
v 203.032215 100.990011 -383.632215
v 203.109989 100.990011 -383.600000
v 203.109989 101.067785 -383.632215
v 203.109989 101.100000 -383.709989
v 216.967785 101.067785 -383.709989
v 216.890011 101.100000 -383.709989
v 216.890011 101.067785 -383.632215
v 216.890011 100.990011 -383.600000
v 216.967785 100.990011 -383.632215
v 217.000000 100.990011 -383.709989
v 203.032215 100.990011 -385.967785
v 203.000000 100.990011 -385.890011
v 203.032215 101.067785 -385.890011
v 203.109989 101.100000 -385.890011
v 203.109989 101.067785 -385.967785
v 203.109989 100.990011 -386.000000
v 216.967785 100.990011 -385.967785
v 216.890011 100.990011 -386.000000
v 216.890011 101.067785 -385.967785
v 216.890011 101.100000 -385.890011
v 216.967785 101.067785 -385.890011
v 217.000000 100.990011 -385.890011
v 203.032215 98.932215 -385.890011
v 203.000000 99.009989 -385.890011
v 203.032215 99.009989 -385.967785
v 203.109989 99.009989 -386.000000
v 203.109989 98.932215 -385.967785
v 203.109989 98.900000 -385.890011
v 216.967785 98.932215 -385.890011
v 216.890011 98.900000 -385.890011
v 216.890011 98.932215 -385.967785
v 216.890011 99.009989 -386.000000
v 216.967785 99.009989 -385.967785
v 217.000000 99.009989 -385.890011
vt 0.332619 0.988543
vt 0.332619 0.761457
vt 0.314877 0.012499
vt 0.015124 0.012499
vt 0.332619 0.012499
vt 0.660715 0.012499
vt 0.332619 0.988543
vt 0.660715 0.988543
vt 0.314877 0.012499
vt 0.314877 0.237501
vt 0.332619 0.012499
vt 0.332619 0.237501
vt 0.678762 0.012499
vt 0.984571 0.012499
vt 0.660715 0.988543
vt 0.660715 0.761457
vt 0.660715 0.012499
vt 0.660715 0.237501
vt 0.678762 0.012499
vt 0.678762 0.237501
vt 0.314877 0.237501
vt 0.015123 0.237501
vt 0.332619 0.261457
vt 0.332619 0.488543
vt 0.332619 0.261457
vt 0.660715 0.261457
vt 0.332619 0.237501
vt 0.660715 0.237501
vt 0.660715 0.261457
vt 0.660715 0.488543
vt 0.678762 0.237501
vt 0.984571 0.237501
vt 0.015123 0.237501
vt 0.015124 0.012499
vt 0.332619 0.512499
vt 0.332619 0.737501
vt 0.332619 0.512499
vt 0.660715 0.512499
vt 0.332619 0.488543
vt 0.660715 0.488543
vt 0.660715 0.512499
vt 0.660715 0.737501
vt 0.984571 0.237501
vt 0.984571 0.012499
vt 0.332619 0.761457
vt 0.660715 0.761457
vt 0.332619 0.737501
vt 0.660715 0.737501
vt 0.332619 0.012499
vt 0.660715 0.012499
vt 0.660715 0.237501
vt 0.332619 0.237501
vt 0.332619 0.261457
vt 0.660715 0.261457
vt 0.660715 0.488543
vt 0.332619 0.488543
vt 0.332619 0.512499
vt 0.660715 0.512499
vt 0.660715 0.737501
vt 0.332619 0.737501
vt 0.332619 0.761457
vt 0.660715 0.761457
vt 0.660715 0.988543
vt 0.332619 0.988543
vt 0.678762 0.012499
vt 0.984571 0.012499
vt 0.984571 0.237501
vt 0.678762 0.237501
vt 0.015124 0.012499
vt 0.314877 0.012499
vt 0.314877 0.237501
vt 0.015123 0.237501
vt 0.332619 0.000000
vt 0.332619 0.012499
vt 0.314877 0.012499
vt 0.678762 0.012499
vt 0.660715 0.012499
vt 0.660715 -0.000000
vt 0.314877 0.237501
vt 0.332619 0.237501
vt 0.332619 0.261457
vt 0.660715 0.261457
vt 0.660715 0.237501
vt 0.678762 0.237501
vt 0.330000 0.488543
vt 0.332619 0.488543
vt 0.332619 0.512499
vt 0.660715 0.512499
vt 0.660715 0.488543
vt 0.663333 0.488543
vt 0.330000 0.737501
vt 0.332619 0.737501
vt 0.332619 0.761457
vt 0.660715 0.761457
vt 0.660715 0.737501
vt 0.663333 0.737501
vt 0.321238 0.000448
vt 0.332525 0.979544
vt 0.334599 -0.000000
vt 0.334599 0.988543
vt 0.323748 0.012867
vt 0.672324 0.000448
vt 0.660808 0.979544
vt 0.669663 0.012584
vt 0.658734 0.988543
vt 0.658734 -0.000000
vt 0.330000 0.250000
vt 0.324033 0.237427
vt 0.332631 0.249479
vt 0.663333 0.250000
vt 0.660712 0.249453
vt 0.669738 0.237133
vt 0.330000 0.498298
vt 0.015123 0.228685
vt 0.330000 0.479674
vt 0.026830 0.237966
vt 0.332631 0.500521
vt 0.663333 0.498298
vt 0.984571 0.228685
vt 0.660712 0.500485
vt 0.972628 0.237966
vt 0.663333 0.479674
vt 0.026505 0.012051
vt 0.330094 0.746500
vt 0.330000 0.727746
vt 0.015124 0.021315
vt 0.332631 0.749479
vt 0.663239 0.746500
vt 0.972962 0.012051
vt 0.660712 0.749440
vt 0.984571 0.021315
vt 0.663333 0.727746
vn -0.382683 -0.923880 0.000000
vn -0.382683 -0.923880 0.000000
vn -0.382683 -0.923880 0.000000
vn -0.382683 -0.923880 0.000000
vn -0.923880 -0.382684 0.000000
vn -0.923880 -0.382684 0.000000
vn -0.923880 -0.382684 0.000000
vn -0.923880 -0.382684 0.000000
vn 0.000000 -0.382683 0.923880
vn 0.000000 -0.382683 0.923880
vn 0.000000 -0.382683 0.923880
vn 0.000000 -0.382683 0.923880
vn 0.000000 -0.923880 0.382682
vn 0.000000 -0.923880 0.382682
vn 0.000000 -0.923880 0.382682
vn 0.000000 -0.923880 0.382682
vn -0.923879 0.000000 0.382684
vn -0.923879 0.000000 0.382684
vn -0.923879 0.000000 0.382684
vn -0.923879 0.000000 0.382684
vn -0.382683 0.000000 0.923880
vn -0.382683 0.000000 0.923880
vn -0.382683 0.000000 0.923880
vn -0.382683 0.000000 0.923880
vn 0.923880 -0.382684 0.000000
vn 0.923880 -0.382684 0.000000
vn 0.923880 -0.382684 0.000000
vn 0.923880 -0.382684 0.000000
vn 0.382683 -0.923880 0.000000
vn 0.382683 -0.923880 0.000000
vn 0.382683 -0.923880 0.000000
vn 0.382683 -0.923880 0.000000
vn 0.382683 0.000000 0.923880
vn 0.382683 0.000000 0.923880
vn 0.382683 0.000000 0.923880
vn 0.382683 0.000000 0.923880
vn 0.923879 0.000000 0.382684
vn 0.923879 0.000000 0.382684
vn 0.923879 0.000000 0.382684
vn 0.923879 0.000000 0.382684
vn -0.923880 0.382684 0.000000
vn -0.923880 0.382684 0.000000
vn -0.923880 0.382684 0.000000
vn -0.923880 0.382684 0.000000
vn -0.382683 0.923880 0.000000
vn -0.382683 0.923880 0.000000
vn -0.382683 0.923880 0.000000
vn -0.382683 0.923880 0.000000
vn 0.000000 0.923880 0.382682
vn 0.000000 0.923880 0.382682
vn 0.000000 0.923880 0.382682
vn 0.000000 0.923880 0.382682
vn 0.000000 0.382683 0.923880
vn 0.000000 0.382683 0.923880
vn 0.000000 0.382683 0.923880
vn 0.000000 0.382683 0.923880
vn 0.382683 0.923880 0.000000
vn 0.382683 0.923880 0.000000
vn 0.382683 0.923880 0.000000
vn 0.382683 0.923880 0.000000
vn 0.923880 0.382684 0.000000
vn 0.923880 0.382684 0.000000
vn 0.923880 0.382684 0.000000
vn 0.923880 0.382684 0.000000
vn -0.923879 0.000000 -0.382684
vn -0.923879 0.000000 -0.382684
vn -0.923879 0.000000 -0.382684
vn -0.923879 0.000000 -0.382684
vn -0.382683 0.000000 -0.923880
vn -0.382683 0.000000 -0.923880
vn -0.382683 0.000000 -0.923880
vn -0.382683 0.000000 -0.923880
vn 0.000000 0.382683 -0.923880
vn 0.000000 0.382683 -0.923880
vn 0.000000 0.382683 -0.923880
vn 0.000000 0.382683 -0.923880
vn 0.000000 0.923880 -0.382682
vn 0.000000 0.923880 -0.382682
vn 0.000000 0.923880 -0.382682
vn 0.000000 0.923880 -0.382682
vn 0.382683 0.000000 -0.923880
vn 0.382683 0.000000 -0.923880
vn 0.382683 0.000000 -0.923880
vn 0.382683 0.000000 -0.923880
vn 0.923879 0.000000 -0.382684
vn 0.923879 0.000000 -0.382684
vn 0.923879 0.000000 -0.382684
vn 0.923879 0.000000 -0.382684
vn 0.000000 -0.923880 -0.382682
vn 0.000000 -0.923880 -0.382682
vn 0.000000 -0.923880 -0.382682
vn 0.000000 -0.923880 -0.382682
vn 0.000000 -0.382683 -0.923880
vn 0.000000 -0.382683 -0.923880
vn 0.000000 -0.382683 -0.923880
vn 0.000000 -0.382683 -0.923880
vn 0.000000 0.000000 1.000000
vn 0.000000 0.000000 1.000000
vn 0.000000 0.000000 1.000000
vn 0.000000 0.000000 1.000000
vn 0.000000 1.000000 0.000000
vn 0.000000 1.000000 0.000000
vn 0.000000 1.000000 0.000000
vn 0.000000 1.000000 0.000000
vn 0.000000 0.000000 -1.000000
vn 0.000000 0.000000 -1.000000
vn 0.000000 0.000000 -1.000000
vn 0.000000 0.000000 -1.000000
vn 0.000000 -1.000000 0.000000
vn 0.000000 -1.000000 0.000000
vn 0.000000 -1.000000 0.000000
vn 0.000000 -1.000000 0.000000
vn 1.000000 0.000000 0.000000
vn 1.000000 0.000000 0.000000
vn 1.000000 0.000000 0.000000
vn 1.000000 0.000000 0.000000
vn -1.000000 0.000000 0.000000
vn -1.000000 0.000000 0.000000
vn -1.000000 0.000000 0.000000
vn -1.000000 0.000000 0.000000
vn -0.577350 -0.577350 0.577351
vn -0.577350 -0.577350 0.577351
vn -0.577350 -0.577350 0.577351
vn -0.577350 -0.577350 0.577351
vn -0.577350 -0.577350 0.577351
vn -0.577350 -0.577350 0.577351
vn 0.577350 -0.577350 0.577351
vn 0.577350 -0.577350 0.577351
vn 0.577350 -0.577350 0.577351
vn 0.577350 -0.577350 0.577351
vn 0.577350 -0.577350 0.577351
vn 0.577350 -0.577350 0.577351
vn -0.577350 0.577350 0.577351
vn -0.577350 0.577350 0.577351
vn -0.577350 0.577350 0.577351
vn -0.577350 0.577350 0.577351
vn -0.577350 0.577350 0.577351
vn -0.577350 0.577350 0.577351
vn 0.577350 0.577350 0.577351
vn 0.577350 0.577350 0.577351
vn 0.577350 0.577350 0.577351
vn 0.577350 0.577350 0.577351
vn 0.577350 0.577350 0.577351
vn 0.577350 0.577350 0.577351
vn -0.577351 0.577348 -0.577351
vn -0.577351 0.577348 -0.577351
vn -0.577351 0.577348 -0.577351
vn -0.577351 0.577348 -0.577351
vn -0.577351 0.577348 -0.577351
vn -0.577351 0.577348 -0.577351
vn 0.577352 0.577347 -0.577352
vn 0.577352 0.577347 -0.577352
vn 0.577352 0.577347 -0.577352
vn 0.577352 0.577347 -0.577352
vn 0.577352 0.577347 -0.577352
vn 0.577352 0.577347 -0.577352
vn -0.577350 -0.577350 -0.577351
vn -0.577350 -0.577350 -0.577351
vn -0.577350 -0.577350 -0.577351
vn -0.577350 -0.577350 -0.577351
vn -0.577350 -0.577350 -0.577351
vn -0.577350 -0.577350 -0.577351
vn 0.577350 -0.577350 -0.577351
vn 0.577350 -0.577350 -0.577351
vn 0.577350 -0.577350 -0.577351
vn 0.577350 -0.577350 -0.577351
vn 0.577350 -0.577350 -0.577351
vn 0.577350 -0.577350 -0.577351
s off
g GRP_Exit_Door_Set GRP_Props_Backrooms Backrooms_Level0_Master_GRP ExitDoor_Lever_Handle
f 426/1013/1393 425/1104/1394 461/1130/1395 466/1067/1396
f 425/1103/1397 430/1076/1398 462/1040/1399 461/1129/1400
f 428/1017/1401 427/1105/1402 435/1112/1403 434/1056/1404
f 427/1106/1405 426/1013/1406 436/1021/1407 435/1111/1408
f 430/1076/1409 429/1107/1410 439/1114/1411 438/1077/1412
f 429/1107/1413 428/1017/1414 440/1033/1415 439/1114/1416
f 432/1025/1417 431/1108/1418 467/1135/1419 472/1050/1420
f 431/1109/1421 436/1021/1422 468/1052/1423 467/1134/1424
f 434/1056/1425 433/1110/1426 447/1118/1427 446/1034/1428
f 433/1110/1429 432/1025/1430 448/1037/1431 447/1118/1432
f 438/1077/1433 437/1113/1434 451/1122/1435 450/1078/1436
f 437/1113/1437 442/1059/1438 452/1045/1439 451/1121/1440
f 442/1059/1441 441/1115/1442 445/1117/1443 444/1060/1444
f 441/1115/1445 440/1033/1446 446/1034/1447 445/1117/1448
f 444/1060/1449 443/1116/1450 459/1128/1451 458/1046/1452
f 443/1116/1453 448/1037/1454 460/1049/1455 459/1127/1456
f 450/1078/1457 449/1120/1458 463/1132/1459 462/1040/1460
f 449/1119/1461 454/1063/1462 464/1053/1463 463/1131/1464
f 454/1063/1465 453/1123/1466 457/1126/1467 456/1064/1468
f 453/1123/1469 452/1045/1470 458/1046/1471 457/1126/1472
f 456/1064/1473 455/1124/1474 471/1138/1475 470/1054/1476
f 455/1125/1477 460/1049/1478 472/1050/1479 471/1137/1480
f 466/1067/1481 465/1133/1482 469/1136/1483 468/1052/1484
f 465/1133/1485 464/1053/1486 470/1054/1487 469/1136/1488
f 428/1017/1489 434/1056/1490 446/1034/1491 440/1033/1492
f 442/1059/1493 444/1060/1494 458/1046/1495 452/1045/1496
f 454/1063/1497 456/1064/1498 470/1054/1499 464/1053/1500
f 466/1067/1501 468/1052/1502 436/1021/1503 426/1013/1504
f 432/1025/1505 472/1050/1506 460/1049/1507 448/1037/1508
f 462/1040/1509 430/1076/1510 438/1077/1511 450/1078/1512
f 425/1103/1513 426/1079/1514 427/1105/1515 428/1017/1516 429/1107/1517 430/1076/1518
f 431/1108/1519 432/1025/1520 433/1110/1521 434/1056/1522 435/1112/1523 436/1084/1524
f 437/1113/1525 438/1077/1526 439/1114/1527 440/1033/1528 441/1115/1529 442/1059/1530
f 443/1116/1531 444/1060/1532 445/1117/1533 446/1034/1534 447/1118/1535 448/1037/1536
f 449/1119/1537 450/1091/1538 451/1121/1539 452/1045/1540 453/1123/1541 454/1063/1542
f 455/1124/1543 456/1064/1544 457/1126/1545 458/1046/1546 459/1128/1547 460/1096/1548
f 461/1130/1549 462/1097/1550 463/1131/1551 464/1053/1552 465/1133/1553 466/1067/1554
f 467/1134/1555 468/1052/1556 469/1136/1557 470/1054/1558 471/1138/1559 472/1102/1560
g default
v 161.000000 222.000000 -386.000000
v 199.000000 222.000000 -386.000000
v 161.000000 242.000000 -386.000000
v 199.000000 242.000000 -386.000000
v 161.000000 242.000000 -394.000000
v 199.000000 242.000000 -394.000000
v 161.000000 222.000000 -394.000000
v 199.000000 222.000000 -394.000000
vt 0.330000 0.000000
vt 0.663333 0.000000
vt 0.330000 0.250000
vt 0.663333 0.250000
vt 0.330000 0.500000
vt 0.663333 0.500000
vt 0.330000 0.750000
vt 0.663333 0.750000
vt 0.330000 1.000000
vt 0.663333 1.000000
vt 1.000000 0.000000
vt 1.000000 0.250000
vt 0.000000 0.000000
vt 0.000000 0.250000
vn 0.000000 0.000000 1.000000
vn 0.000000 0.000000 1.000000
vn 0.000000 0.000000 1.000000
vn 0.000000 0.000000 1.000000
vn 0.000000 1.000000 0.000000
vn 0.000000 1.000000 0.000000
vn 0.000000 1.000000 0.000000
vn 0.000000 1.000000 0.000000
vn 0.000000 0.000000 -1.000000
vn 0.000000 0.000000 -1.000000
vn 0.000000 0.000000 -1.000000
vn 0.000000 0.000000 -1.000000
vn 0.000000 -1.000000 0.000000
vn 0.000000 -1.000000 0.000000
vn 0.000000 -1.000000 0.000000
vn 0.000000 -1.000000 0.000000
vn 1.000000 0.000000 0.000000
vn 1.000000 0.000000 0.000000
vn 1.000000 0.000000 0.000000
vn 1.000000 0.000000 0.000000
vn -1.000000 0.000000 0.000000
vn -1.000000 0.000000 0.000000
vn -1.000000 0.000000 0.000000
vn -1.000000 0.000000 0.000000
s off
g GRP_Exit_Door_Set GRP_Props_Backrooms Backrooms_Level0_Master_GRP ExitSign_Housing
f 473/1139/1561 474/1140/1562 476/1142/1563 475/1141/1564
f 475/1141/1565 476/1142/1566 478/1144/1567 477/1143/1568
f 477/1143/1569 478/1144/1570 480/1146/1571 479/1145/1572
f 479/1145/1573 480/1146/1574 474/1148/1575 473/1147/1576
f 474/1140/1577 480/1149/1578 478/1150/1579 476/1142/1580
f 479/1151/1581 473/1139/1582 475/1141/1583 477/1152/1584
g default
v 161.000000 222.000000 -386.000000
v 199.000000 222.000000 -386.000000
v 161.000000 242.000000 -386.000000
v 199.000000 242.000000 -386.000000
v 161.000000 242.000000 -394.000000
v 199.000000 242.000000 -394.000000
v 161.000000 222.000000 -394.000000
v 199.000000 222.000000 -394.000000
vt 0.330000 0.000000
vt 0.663333 0.000000
vt 0.330000 0.250000
vt 0.663333 0.250000
vt 0.330000 0.500000
vt 0.663333 0.500000
vt 0.330000 0.750000
vt 0.663333 0.750000
vt 0.330000 1.000000
vt 0.663333 1.000000
vt 1.000000 0.000000
vt 1.000000 0.250000
vt 0.000000 0.000000
vt 0.000000 0.250000
vn 0.000000 0.000000 1.000000
vn 0.000000 0.000000 1.000000
vn 0.000000 0.000000 1.000000
vn 0.000000 0.000000 1.000000
vn 0.000000 1.000000 0.000000
vn 0.000000 1.000000 0.000000
vn 0.000000 1.000000 0.000000
vn 0.000000 1.000000 0.000000
vn 0.000000 0.000000 -1.000000
vn 0.000000 0.000000 -1.000000
vn 0.000000 0.000000 -1.000000
vn 0.000000 0.000000 -1.000000
vn 0.000000 -1.000000 0.000000
vn 0.000000 -1.000000 0.000000
vn 0.000000 -1.000000 0.000000
vn 0.000000 -1.000000 0.000000
vn 1.000000 0.000000 0.000000
vn 1.000000 0.000000 0.000000
vn 1.000000 0.000000 0.000000
vn 1.000000 0.000000 0.000000
vn -1.000000 0.000000 0.000000
vn -1.000000 0.000000 0.000000
vn -1.000000 0.000000 0.000000
vn -1.000000 0.000000 0.000000
s off
g GRP_Exit_Door_Set GRP_Props_Backrooms Backrooms_Level0_Master_GRP ExitSign_Housing
f 481/1153/1585 482/1154/1586 484/1156/1587 483/1155/1588
f 483/1155/1589 484/1156/1590 486/1158/1591 485/1157/1592
f 485/1157/1593 486/1158/1594 488/1160/1595 487/1159/1596
f 487/1159/1597 488/1160/1598 482/1162/1599 481/1161/1600
f 482/1154/1601 488/1163/1602 486/1164/1603 484/1156/1604
f 487/1165/1605 481/1153/1606 483/1155/1607 485/1166/1608
g default
v 163.000000 224.000000 -385.500000
v 197.000000 224.000000 -385.500000
v 163.000000 240.000000 -385.500000
v 197.000000 240.000000 -385.500000
v 163.000000 240.000000 -386.100000
v 197.000000 240.000000 -386.100000
v 163.000000 224.000000 -386.100000
v 197.000000 224.000000 -386.100000
vt 0.330000 0.000000
vt 0.663333 0.000000
vt 0.330000 0.250000
vt 0.663333 0.250000
vt 0.330000 0.500000
vt 0.663333 0.500000
vt 0.330000 0.750000
vt 0.663333 0.750000
vt 0.330000 1.000000
vt 0.663333 1.000000
vt 1.000000 0.000000
vt 1.000000 0.250000
vt 0.000000 0.000000
vt 0.000000 0.250000
vn 0.000000 0.000000 1.000000
vn 0.000000 0.000000 1.000000
vn 0.000000 0.000000 1.000000
vn 0.000000 0.000000 1.000000
vn 0.000000 1.000000 0.000000
vn 0.000000 1.000000 0.000000
vn 0.000000 1.000000 0.000000
vn 0.000000 1.000000 0.000000
vn 0.000000 0.000000 -1.000000
vn 0.000000 0.000000 -1.000000
vn 0.000000 0.000000 -1.000000
vn 0.000000 0.000000 -1.000000
vn 0.000000 -1.000000 0.000000
vn 0.000000 -1.000000 0.000000
vn 0.000000 -1.000000 0.000000
vn 0.000000 -1.000000 0.000000
vn 1.000000 0.000000 0.000000
vn 1.000000 0.000000 0.000000
vn 1.000000 0.000000 0.000000
vn 1.000000 0.000000 0.000000
vn -1.000000 0.000000 0.000000
vn -1.000000 0.000000 0.000000
vn -1.000000 0.000000 0.000000
vn -1.000000 0.000000 0.000000
s off
g GRP_Exit_Door_Set GRP_Props_Backrooms Backrooms_Level0_Master_GRP ExitSign_Red_Panel
f 489/1167/1609 490/1168/1610 492/1170/1611 491/1169/1612
f 491/1169/1613 492/1170/1614 494/1172/1615 493/1171/1616
f 493/1171/1617 494/1172/1618 496/1174/1619 495/1173/1620
f 495/1173/1621 496/1174/1622 490/1176/1623 489/1175/1624
f 490/1168/1625 496/1177/1626 494/1178/1627 492/1170/1628
f 495/1179/1629 489/1167/1630 491/1169/1631 493/1180/1632
g default
v 163.000000 224.000000 -385.500000
v 197.000000 224.000000 -385.500000
v 163.000000 240.000000 -385.500000
v 197.000000 240.000000 -385.500000
v 163.000000 240.000000 -386.100000
v 197.000000 240.000000 -386.100000
v 163.000000 224.000000 -386.100000
v 197.000000 224.000000 -386.100000
vt 0.330000 0.000000
vt 0.663333 0.000000
vt 0.330000 0.250000
vt 0.663333 0.250000
vt 0.330000 0.500000
vt 0.663333 0.500000
vt 0.330000 0.750000
vt 0.663333 0.750000
vt 0.330000 1.000000
vt 0.663333 1.000000
vt 1.000000 0.000000
vt 1.000000 0.250000
vt 0.000000 0.000000
vt 0.000000 0.250000
vn 0.000000 0.000000 1.000000
vn 0.000000 0.000000 1.000000
vn 0.000000 0.000000 1.000000
vn 0.000000 0.000000 1.000000
vn 0.000000 1.000000 0.000000
vn 0.000000 1.000000 0.000000
vn 0.000000 1.000000 0.000000
vn 0.000000 1.000000 0.000000
vn 0.000000 0.000000 -1.000000
vn 0.000000 0.000000 -1.000000
vn 0.000000 0.000000 -1.000000
vn 0.000000 0.000000 -1.000000
vn 0.000000 -1.000000 0.000000
vn 0.000000 -1.000000 0.000000
vn 0.000000 -1.000000 0.000000
vn 0.000000 -1.000000 0.000000
vn 1.000000 0.000000 0.000000
vn 1.000000 0.000000 0.000000
vn 1.000000 0.000000 0.000000
vn 1.000000 0.000000 0.000000
vn -1.000000 0.000000 0.000000
vn -1.000000 0.000000 0.000000
vn -1.000000 0.000000 0.000000
vn -1.000000 0.000000 0.000000
s off
g GRP_Exit_Door_Set GRP_Props_Backrooms Backrooms_Level0_Master_GRP ExitSign_Red_Panel
f 497/1181/1633 498/1182/1634 500/1184/1635 499/1183/1636
f 499/1183/1637 500/1184/1638 502/1186/1639 501/1185/1640
f 501/1185/1641 502/1186/1642 504/1188/1643 503/1187/1644
f 503/1187/1645 504/1188/1646 498/1190/1647 497/1189/1648
f 498/1182/1649 504/1191/1650 502/1192/1651 500/1184/1652
f 503/1193/1653 497/1181/1654 499/1183/1655 501/1194/1656
