mtllib Prop_ExitSigns_Ref.mtl
o Prop_Exit_Light_RedGlow
g Prop_Exit_Light_RedGlow
usemtl Emission_Red
v -3418.6123 252.8875 1175.4460
v -3418.6680 252.8038 1175.4876
v -3418.6386 252.7843 1175.3456
v -3418.5894 252.9221 1175.3456
v -3418.6123 252.8875 1175.2451
v -3418.6680 252.8038 1175.2035
v -3418.7237 252.7201 1175.2451
v -3418.7466 252.6854 1175.3456
v -3418.7237 252.7201 1175.4460
v -3893.4052 252.8875 764.2349
v -3893.4608 252.8038 764.2765
v -3893.4315 252.7843 764.1345
v -3893.3823 252.9221 764.1345
v -3893.4052 252.8875 764.0341
v -3893.4608 252.8038 763.9924
v -3893.5162 252.7201 764.0341
v -3893.5394 252.6854 764.1345
v -3893.5162 252.7201 764.2349
v -4546.0716 252.8875 240.0717
v -4546.1273 252.8038 240.1132
v -4546.0979 252.7843 239.9712
v -4546.0487 252.9222 239.9712
v -4546.0716 252.8875 239.8708
v -4546.1273 252.8038 239.8291
v -4546.1826 252.7201 239.8708
v -4546.2059 252.6855 239.9712
v -4546.1826 252.7201 240.0717
v -5186.1420 252.8875 969.0350
v -5186.1977 252.8038 969.0765
v -5186.1683 252.7843 968.9344
v -5186.1191 252.9221 968.9344
v -5186.1420 252.8875 968.8341
v -5186.1977 252.8038 968.7924
v -5186.2530 252.7201 968.8341
v -5186.2762 252.6855 968.9344
v -5186.2530 252.7201 969.0350
v -6049.7379 252.8875 -8.1430
v -6049.7936 252.8038 -8.1015
v -6049.7646 252.7844 -8.2435
v -6049.7150 252.9222 -8.2435
v -6049.7379 252.8875 -8.3439
v -6049.7936 252.8038 -8.3856
v -6049.8493 252.7201 -8.3439
v -6049.8722 252.6855 -8.2435
v -6049.8493 252.7201 -8.1430
v -5714.4547 252.8875 924.3887
v -5714.5103 252.8038 924.4303
v -5714.4814 252.7844 924.2883
v -5714.4318 252.9222 924.2883
v -5714.4547 252.8875 924.1879
v -5714.5103 252.8038 924.1463
v -5714.5660 252.7201 924.1879
v -5714.5889 252.6855 924.2883
v -5714.5660 252.7201 924.3887
v -3027.0830 252.8875 127.0306
v -3027.1387 252.8038 127.0721
v -3027.1093 252.7843 126.9301
v -3027.0601 252.9221 126.9301
v -3027.0830 252.8875 126.8297
v -3027.1387 252.8038 126.7880
v -3027.1942 252.7201 126.8297
v -3027.2173 252.6854 126.9301
v -3027.1942 252.7201 127.0306
v -2365.7642 252.8875 126.9859
v -2365.8199 252.8038 127.0275
v -2365.7906 252.7843 126.8854
v -2365.7413 252.9221 126.8854
v -2365.7642 252.8875 126.7850
v -2365.8199 252.8038 126.7434
v -2365.8756 252.7201 126.7850
v -2365.8985 252.6854 126.8854
v -2365.8756 252.7201 126.9859
v -2365.7619 252.8875 780.2800
v -2365.8176 252.8038 780.3216
v -2365.7883 252.7843 780.1795
v -2365.7391 252.9221 780.1795
v -2365.7619 252.8875 780.0791
v -2365.8176 252.8038 780.0375
v -2365.8730 252.7201 780.0791
v -2365.8962 252.6854 780.1795
v -2365.8730 252.7201 780.2800
v -1922.3591 252.8875 556.7182
v -1922.4148 252.8038 556.7597
v -1922.3854 252.7843 556.6177
v -1922.3362 252.9221 556.6177
v -1922.3591 252.8875 556.5173
v -1922.4148 252.8038 556.4756
v -1922.4703 252.7201 556.5173
v -1922.4934 252.6854 556.6177
v -1922.4703 252.7201 556.7182
v -285.3249 272.9421 596.6877
v -285.3806 272.8584 596.7292
v -285.3512 272.8390 596.5872
v -285.3020 272.9767 596.5872
v -285.3249 272.9421 596.4868
v -285.3806 272.8584 596.4451
v -285.4359 272.7747 596.4868
v -285.4591 272.7401 596.5872
v -285.4359 272.7747 596.6877
v 13.2477 272.8703 186.8700
v 13.1920 272.7866 186.9115
v 13.2214 272.7672 186.7695
v 13.2706 272.9049 186.7695
v 13.2477 272.8703 186.6691
v 13.1920 272.7866 186.6274
v 13.1367 272.7029 186.6691
v 13.1134 272.6683 186.7695
v 13.1367 272.7029 186.8700
v -6562.7586 252.8875 826.8743
v -6562.8143 252.8038 826.9158
v -6562.7853 252.7844 826.7738
v -6562.7357 252.9222 826.7738
v -6562.7586 252.8875 826.6734
v -6562.8143 252.8038 826.6317
v -6562.8700 252.7201 826.6734
v -6562.8929 252.6855 826.7738
v -6562.8700 252.7201 826.8743
v -6562.6480 252.8875 -14.3858
v -6562.7037 252.8038 -14.3443
v -6562.6747 252.7844 -14.4864
v -6562.6251 252.9222 -14.4864
v -6562.6480 252.8875 -14.5868
v -6562.7037 252.8038 -14.6284
v -6562.7594 252.7201 -14.5868
v -6562.7823 252.6855 -14.4864
v -6562.7594 252.7201 -14.3858
v -3419.2413 252.9433 1175.5465
v -3418.9686 252.7622 1175.5465
v -3418.8576 252.9295 1175.6297
v -3419.1299 253.1106 1175.6297
v -3418.9728 253.3473 1175.3456
v -3418.7004 253.1662 1175.3456
v -3418.7462 253.0969 1175.1447
v -3419.0189 253.2780 1175.1447
v -3418.8576 252.9295 1175.0614
v -3419.1299 253.1106 1175.0614
v -3418.9686 252.7622 1175.1447
v -3419.2413 252.9433 1175.1447
v -3419.0147 252.6928 1175.3456
v -3419.2871 252.8739 1175.3456
v -3419.2871 252.8739 1175.3456
v -3419.0147 252.6928 1175.3456
v -3418.7462 253.0969 1175.5465
v -3419.0189 253.2780 1175.5465
v -3418.7462 253.0969 1175.5465
v -3418.8576 252.9295 1175.6297
v -3418.7481 252.8569 1175.5917
v -3418.6520 253.0019 1175.5196
v -3418.7004 253.1662 1175.3456
v -3418.6119 253.0619 1175.3456
v -3418.7462 253.0969 1175.1447
v -3418.6520 253.0019 1175.1716
v -3418.8576 252.9295 1175.0614
v -3418.7481 252.8569 1175.0996
v -3418.8442 252.7120 1175.1716
v -3418.8843 252.6520 1175.3456
v -3418.9686 252.7622 1175.5465
v -3418.8442 252.7120 1175.5196
v -3894.0338 252.9433 764.3353
v -3893.7611 252.7622 764.3353
v -3893.6501 252.9295 764.4186
v -3893.9228 253.1106 764.4186
v -3893.7656 253.3473 764.1345
v -3893.4929 253.1662 764.1345
v -3893.5390 253.0969 763.9336
v -3893.8118 253.2780 763.9336
v -3893.6501 252.9295 763.8504
v -3893.9228 253.1106 763.8504
v -3893.7611 252.7622 763.9336
v -3894.0338 252.9433 763.9336
v -3893.8072 252.6928 764.1345
v -3894.0800 252.8739 764.1345
v -3894.0800 252.8739 764.1345
v -3893.8072 252.6928 764.1345
v -3893.5390 253.0969 764.3353
v -3893.8118 253.2780 764.3353
v -3893.5390 253.0969 764.3353
v -3893.6501 252.9295 764.4186
v -3893.5406 252.8569 764.3806
v -3893.4444 253.0019 764.3085
v -3893.4929 253.1662 764.1345
v -3893.4048 253.0619 764.1345
v -3893.5390 253.0969 763.9336
v -3893.4444 253.0019 763.9605
v -3893.6501 252.9295 763.8504
v -3893.5406 252.8569 763.8885
v -3893.6371 252.7120 763.9605
v -3893.6768 252.6520 764.1345
v -3893.7611 252.7622 764.3353
v -3893.6371 252.7120 764.3085
v -4546.7003 252.9433 240.1721
v -4546.4275 252.7622 240.1721
v -4546.3165 252.9296 240.2553
v -4546.5893 253.1106 240.2553
v -4546.4321 253.3473 239.9712
v -4546.1594 253.1662 239.9712
v -4546.2055 253.0969 239.7703
v -4546.4783 253.2780 239.7703
v -4546.3165 252.9296 239.6871
v -4546.5893 253.1106 239.6871
v -4546.4275 252.7622 239.7703
v -4546.7003 252.9433 239.7703
v -4546.4737 252.6929 239.9712
v -4546.7464 252.8739 239.9712
v -4546.7464 252.8739 239.9712
v -4546.4737 252.6929 239.9712
v -4546.2055 253.0969 240.1721
v -4546.4783 253.2780 240.1721
v -4546.2055 253.0969 240.1721
v -4546.3165 252.9296 240.2553
v -4546.2070 252.8569 240.2172
v -4546.1109 253.0019 240.1452
v -4546.1594 253.1662 239.9712
v -4546.0712 253.0619 239.9712
v -4546.2055 253.0969 239.7703
v -4546.1109 253.0019 239.7972
v -4546.3165 252.9296 239.6871
v -4546.2070 252.8569 239.7251
v -4546.3036 252.7120 239.7972
v -4546.3432 252.6520 239.9712
v -4546.4275 252.7622 240.1721
v -4546.3036 252.7120 240.1452
v -5186.7706 252.9433 969.1354
v -5186.4979 252.7622 969.1354
v -5186.3869 252.9295 969.2186
v -5186.6596 253.1106 969.2186
v -5186.5025 253.3473 968.9344
v -5186.2297 253.1662 968.9344
v -5186.2759 253.0969 968.7336
v -5186.5486 253.2780 968.7336
v -5186.3869 252.9295 968.6504
v -5186.6596 253.1106 968.6504
v -5186.4979 252.7622 968.7336
v -5186.7706 252.9433 968.7336
v -5186.5440 252.6929 968.9344
v -5186.8168 252.8739 968.9344
v -5186.8168 252.8739 968.9344
v -5186.5440 252.6929 968.9344
v -5186.2759 253.0969 969.1354
v -5186.5486 253.2780 969.1354
v -5186.2759 253.0969 969.1354
v -5186.3869 252.9295 969.2186
v -5186.2774 252.8569 969.1805
v -5186.1813 253.0019 969.1085
v -5186.2297 253.1662 968.9344
v -5186.1416 253.0619 968.9344
v -5186.2759 253.0969 968.7336
v -5186.1813 253.0019 968.7605
v -5186.3869 252.9295 968.6504
v -5186.2774 252.8569 968.6884
v -5186.3739 252.7120 968.7605
v -5186.4136 252.6520 968.9344
v -5186.4979 252.7622 969.1354
v -5186.3739 252.7120 969.1085
v -6050.3666 252.9433 -8.0426
v -6050.0942 252.7622 -8.0426
v -6049.9828 252.9296 -7.9594
v -6050.2560 253.1106 -7.9594
v -6050.0988 253.3473 -8.2435
v -6049.8257 253.1663 -8.2435
v -6049.8722 253.0969 -8.4444
v -6050.1446 253.2780 -8.4444
v -6049.9828 252.9296 -8.5276
v -6050.2560 253.1106 -8.5276
v -6050.0942 252.7622 -8.4444
v -6050.3666 252.9433 -8.4444
v -6050.1400 252.6929 -8.2435
v -6050.4131 252.8740 -8.2435
v -6050.4131 252.8740 -8.2435
v -6050.1400 252.6929 -8.2435
v -6049.8722 253.0969 -8.0426
v -6050.1446 253.2780 -8.0426
v -6049.8722 253.0969 -8.0426
v -6049.9828 252.9296 -7.9594
v -6049.8737 252.8570 -7.9975
v -6049.7776 253.0019 -8.0695
v -6049.8257 253.1663 -8.2435
v -6049.7379 253.0620 -8.2435
v -6049.8722 253.0969 -8.4444
v -6049.7776 253.0019 -8.4175
v -6049.9828 252.9296 -8.5276
v -6049.8737 252.8570 -8.4896
v -6049.9699 252.7120 -8.4175
v -6050.0095 252.6520 -8.2435
v -6050.0942 252.7622 -8.0426
v -6049.9699 252.7120 -8.0695
v -5715.0833 252.9433 924.4892
v -5714.8109 252.7622 924.4892
v -5714.6996 252.9296 924.5724
v -5714.9727 253.1106 924.5724
v -5714.8155 253.3473 924.2883
v -5714.5424 253.1663 924.2883
v -5714.5889 253.0969 924.0873
v -5714.8613 253.2780 924.0873
v -5714.6996 252.9296 924.0042
v -5714.9727 253.1106 924.0042
v -5714.8109 252.7622 924.0873
v -5715.0833 252.9433 924.0873
v -5714.8567 252.6929 924.2883
v -5715.1299 252.8740 924.2883
v -5715.1299 252.8740 924.2883
v -5714.8567 252.6929 924.2883
v -5714.5889 253.0969 924.4892
v -5714.8613 253.2780 924.4892
v -5714.5889 253.0969 924.4892
v -5714.6996 252.9296 924.5724
v -5714.5905 252.8570 924.5343
v -5714.4943 253.0019 924.4623
v -5714.5424 253.1663 924.2883
v -5714.4547 253.0620 924.2883
v -5714.5889 253.0969 924.0873
v -5714.4943 253.0019 924.1142
v -5714.6996 252.9296 924.0042
v -5714.5905 252.8570 924.0422
v -5714.6866 252.7120 924.1142
v -5714.7263 252.6520 924.2883
v -5714.8109 252.7622 924.4892
v -5714.6866 252.7120 924.4623
v -3027.7119 252.9433 127.1310
v -3027.4391 252.7622 127.1310
v -3027.3281 252.9295 127.2142
v -3027.6007 253.1106 127.2142
v -3027.4435 253.3473 126.9301
v -3027.1709 253.1662 126.9301
v -3027.2169 253.0969 126.7292
v -3027.4897 253.2780 126.7292
v -3027.3281 252.9295 126.6460
v -3027.6007 253.1106 126.6460
v -3027.4391 252.7622 126.7292
v -3027.7119 252.9433 126.7292
v -3027.4853 252.6928 126.9301
v -3027.7578 252.8739 126.9301
v -3027.7578 252.8739 126.9301
v -3027.4853 252.6928 126.9301
v -3027.2169 253.0969 127.1310
v -3027.4897 253.2780 127.1310
v -3027.2169 253.0969 127.1310
v -3027.3281 252.9295 127.2142
v -3027.2186 252.8569 127.1761
v -3027.1225 253.0019 127.1041
v -3027.1709 253.1662 126.9301
v -3027.0826 253.0619 126.9301
v -3027.2169 253.0969 126.7292
v -3027.1225 253.0019 126.7561
v -3027.3281 252.9295 126.6460
v -3027.2186 252.8569 126.6840
v -3027.3149 252.7120 126.7561
v -3027.3548 252.6520 126.9301
v -3027.4391 252.7622 127.1310
v -3027.3149 252.7120 127.1041
v -2366.3933 252.9433 127.0863
v -2366.1205 252.7622 127.0863
v -2366.0095 252.9295 127.1696
v -2366.2819 253.1106 127.1696
v -2366.1247 253.3473 126.8854
v -2365.8524 253.1662 126.8854
v -2365.8981 253.0969 126.6845
v -2366.1709 253.2780 126.6845
v -2366.0095 252.9295 126.6013
v -2366.2819 253.1106 126.6013
v -2366.1205 252.7622 126.6845
v -2366.3933 252.9433 126.6845
v -2366.1667 252.6928 126.8854
v -2366.4391 252.8739 126.8854
v -2366.4391 252.8739 126.8854
v -2366.1667 252.6928 126.8854
v -2365.8981 253.0969 127.0863
v -2366.1709 253.2780 127.0863
v -2365.8981 253.0969 127.0863
v -2366.0095 252.9295 127.1696
v -2365.9000 252.8569 127.1315
v -2365.8039 253.0019 127.0594
v -2365.8524 253.1662 126.8854
v -2365.7639 253.0619 126.8854
v -2365.8981 253.0969 126.6845
v -2365.8039 253.0019 126.7114
v -2366.0095 252.9295 126.6013
v -2365.9000 252.8569 126.6394
v -2365.9962 252.7120 126.7114
v -2366.0362 252.6520 126.8854
v -2366.1205 252.7622 127.0863
v -2365.9962 252.7120 127.0594
v -2366.3906 252.9433 780.3804
v -2366.1179 252.7622 780.3804
v -2366.0069 252.9295 780.4636
v -2366.2796 253.1106 780.4636
v -2366.1224 253.3473 780.1795
v -2365.8497 253.1662 780.1795
v -2365.8958 253.0969 779.9786
v -2366.1686 253.2780 779.9786
v -2366.0069 252.9295 779.8954
v -2366.2796 253.1106 779.8954
v -2366.1179 252.7622 779.9786
v -2366.3906 252.9433 779.9786
v -2366.1640 252.6928 780.1795
v -2366.4368 252.8739 780.1795
v -2366.4368 252.8739 780.1795
v -2366.1640 252.6928 780.1795
v -2365.8958 253.0969 780.3804
v -2366.1686 253.2780 780.3804
v -2365.8958 253.0969 780.3804
v -2366.0069 252.9295 780.4636
v -2365.8974 252.8569 780.4255
v -2365.8012 253.0019 780.3535
v -2365.8497 253.1662 780.1795
v -2365.7616 253.0619 780.1795
v -2365.8958 253.0969 779.9786
v -2365.8012 253.0019 780.0055
v -2366.0069 252.9295 779.8954
v -2365.8974 252.8569 779.9335
v -2365.9939 252.7120 780.0055
v -2366.0336 252.6520 780.1795
v -2366.1179 252.7622 780.3804
v -2365.9939 252.7120 780.3535
v -1922.9879 252.9433 556.8186
v -1922.7152 252.7622 556.8186
v -1922.6042 252.9295 556.9018
v -1922.8767 253.1106 556.9018
v -1922.7196 253.3473 556.6177
v -1922.4470 253.1662 556.6177
v -1922.4930 253.0969 556.4168
v -1922.7657 253.2780 556.4168
v -1922.6042 252.9295 556.3336
v -1922.8767 253.1106 556.3336
v -1922.7152 252.7622 556.4168
v -1922.9879 252.9433 556.4168
v -1922.7613 252.6928 556.6177
v -1923.0339 252.8739 556.6177
v -1923.0339 252.8739 556.6177
v -1922.7613 252.6928 556.6177
v -1922.4930 253.0969 556.8186
v -1922.7657 253.2780 556.8186
v -1922.4930 253.0969 556.8186
v -1922.6042 252.9295 556.9018
v -1922.4947 252.8569 556.8637
v -1922.3986 253.0019 556.7917
v -1922.4470 253.1662 556.6177
v -1922.3587 253.0619 556.6177
v -1922.4930 253.0969 556.4168
v -1922.3986 253.0019 556.4437
v -1922.6042 252.9295 556.3336
v -1922.4947 252.8569 556.3716
v -1922.5910 252.7120 556.4437
v -1922.6309 252.6520 556.6177
v -1922.7152 252.7622 556.8186
v -1922.5910 252.7120 556.7917
v -285.9535 272.9979 596.7881
v -285.6808 272.8168 596.7881
v -285.5698 272.9841 596.8713
v -285.8425 273.1652 596.8713
v -285.6853 273.4019 596.5872
v -285.4126 273.2208 596.5872
v -285.4588 273.1515 596.3863
v -285.7315 273.3326 596.3863
v -285.5698 272.9841 596.3031
v -285.8425 273.1652 596.3031
v -285.6808 272.8168 596.3863
v -285.9535 272.9979 596.3863
v -285.7269 272.7475 596.5872
v -285.9997 272.9285 596.5872
v -285.9997 272.9285 596.5872
v -285.7269 272.7475 596.5872
v -285.4588 273.1515 596.7881
v -285.7315 273.3326 596.7881
v -285.4588 273.1515 596.7881
v -285.5698 272.9841 596.8713
v -285.4603 272.9115 596.8332
v -285.3642 273.0565 596.7612
v -285.4126 273.2208 596.5872
v -285.3245 273.1165 596.5872
v -285.4588 273.1515 596.3863
v -285.3642 273.0565 596.4132
v -285.5698 272.9841 596.3031
v -285.4603 272.9115 596.3411
v -285.5568 272.7666 596.4132
v -285.5965 272.7066 596.5872
v -285.6808 272.8168 596.7881
v -285.5568 272.7666 596.7612
v 12.6186 272.9261 186.9704
v 12.8918 272.7450 186.9704
v 13.0024 272.9124 187.0536
v 12.7300 273.0934 187.0536
v 12.8872 273.3301 186.7695
v 13.1596 273.1491 186.7695
v 13.1138 273.0797 186.5686
v 12.8410 273.2608 186.5686
v 13.0024 272.9124 186.4854
v 12.7300 273.0934 186.4854
v 12.8918 272.7450 186.5686
v 12.6186 272.9261 186.5686
v 12.8452 272.6757 186.7695
v 12.5729 272.8568 186.7695
v 12.5729 272.8568 186.7695
v 12.8452 272.6757 186.7695
v 13.1138 273.0797 186.9704
v 12.8410 273.2608 186.9704
v 13.1138 273.0797 186.9704
v 13.0024 272.9124 187.0536
v 13.1123 272.8398 187.0155
v 13.2084 272.9847 186.9435
v 13.1596 273.1491 186.7695
v 13.2481 273.0447 186.7695
v 13.1138 273.0797 186.5686
v 13.2084 272.9847 186.5955
v 13.0024 272.9124 186.4854
v 13.1123 272.8398 186.5234
v 13.0157 272.6948 186.5955
v 12.9757 272.6348 186.7695
v 12.8918 272.7450 186.9704
v 13.0157 272.6948 186.9435
v -6563.3873 252.9433 826.9747
v -6563.1149 252.7622 826.9747
v -6563.0035 252.9296 827.0579
v -6563.2767 253.1106 827.0579
v -6563.1195 253.3473 826.7738
v -6562.8464 253.1663 826.7738
v -6562.8929 253.0969 826.5729
v -6563.1653 253.2780 826.5729
v -6563.0035 252.9296 826.4897
v -6563.2767 253.1106 826.4897
v -6563.1149 252.7622 826.5729
v -6563.3873 252.9433 826.5729
v -6563.1607 252.6929 826.7738
v -6563.4338 252.8740 826.7738
v -6563.4338 252.8740 826.7738
v -6563.1607 252.6929 826.7738
v -6562.8929 253.0969 826.9747
v -6563.1653 253.2780 826.9747
v -6562.8929 253.0969 826.9747
v -6563.0035 252.9296 827.0579
v -6562.8944 252.8570 827.0199
v -6562.7983 253.0019 826.9478
v -6562.8464 253.1663 826.7738
v -6562.7586 253.0620 826.7738
v -6562.8929 253.0969 826.5729
v -6562.7983 253.0019 826.5998
v -6563.0035 252.9296 826.4897
v -6562.8944 252.8570 826.5278
v -6562.9906 252.7120 826.5998
v -6563.0302 252.6520 826.7738
v -6563.1149 252.7622 826.9747
v -6562.9906 252.7120 826.9478
v -6563.2767 252.9433 -14.2854
v -6563.0043 252.7622 -14.2854
v -6562.8929 252.9296 -14.2022
v -6563.1660 253.1106 -14.2022
v -6563.0089 253.3473 -14.4864
v -6562.7357 253.1663 -14.4864
v -6562.7823 253.0969 -14.6872
v -6563.0547 253.2780 -14.6872
v -6562.8929 252.9296 -14.7705
v -6563.1660 253.1106 -14.7705
v -6563.0043 252.7622 -14.6872
v -6563.2767 252.9433 -14.6872
v -6563.0501 252.6929 -14.4864
v -6563.3232 252.8740 -14.4864
v -6563.3232 252.8740 -14.4864
v -6563.0501 252.6929 -14.4864
v -6562.7823 253.0969 -14.2854
v -6563.0547 253.2780 -14.2854
v -6562.7823 253.0969 -14.2854
v -6562.8929 252.9296 -14.2022
v -6562.7838 252.8570 -14.2403
v -6562.6877 253.0019 -14.3123
v -6562.7357 253.1663 -14.4864
v -6562.6480 253.0620 -14.4864
v -6562.7823 253.0969 -14.6872
v -6562.6877 253.0019 -14.6603
v -6562.8929 252.9296 -14.7705
v -6562.7838 252.8570 -14.7324
v -6562.8799 252.7120 -14.6603
v -6562.9196 252.6520 -14.4864
v -6563.0043 252.7622 -14.2854
v -6562.8799 252.7120 -14.3123
vt 0.08935 0.57170
vt 0.08909 0.57147
vt 0.08896 0.57192
vt 0.08939 0.57203
vt 0.08920 0.57231
vt 0.08886 0.57238
vt 0.08856 0.57218
vt 0.08850 0.57177
vt 0.08874 0.57149
vt 0.07827 0.00802
vt 0.07802 0.00779
vt 0.07788 0.00824
vt 0.07831 0.00835
vt 0.07812 0.00863
vt 0.07778 0.00870
vt 0.07748 0.00850
vt 0.07742 0.00809
vt 0.07766 0.00781
vt 0.10012 0.29865
vt 0.09987 0.29843
vt 0.09974 0.29887
vt 0.10017 0.29899
vt 0.09998 0.29926
vt 0.09964 0.29934
vt 0.09934 0.29913
vt 0.09927 0.29872
vt 0.09952 0.29844
vt 0.09672 0.57430
vt 0.09647 0.57407
vt 0.09634 0.57452
vt 0.09677 0.57463
vt 0.09657 0.57491
vt 0.09623 0.57498
vt 0.09594 0.57478
vt 0.09587 0.57436
vt 0.09612 0.57409
vt 0.12812 0.34997
vt 0.12786 0.34975
vt 0.12773 0.35019
vt 0.12816 0.35030
vt 0.12797 0.35058
vt 0.12763 0.35066
vt 0.12733 0.35045
vt 0.12727 0.35004
vt 0.12751 0.34976
vt 0.11106 0.57202
vt 0.11081 0.57179
vt 0.11068 0.57224
vt 0.11111 0.57235
vt 0.11091 0.57263
vt 0.11057 0.57270
vt 0.11028 0.57250
vt 0.11021 0.57209
vt 0.11046 0.57181
vt 0.06996 0.00161
vt 0.06971 0.00139
vt 0.06958 0.00183
vt 0.07001 0.00195
vt 0.06981 0.00222
vt 0.06948 0.00230
vt 0.06918 0.00209
vt 0.06911 0.00168
vt 0.06936 0.00141
vt 0.08009 0.57169
vt 0.07984 0.57146
vt 0.07970 0.57190
vt 0.08014 0.57202
vt 0.07994 0.57230
vt 0.07960 0.57237
vt 0.07931 0.57217
vt 0.07924 0.57175
vt 0.07949 0.57148
vt 0.02412 0.26493
vt 0.02387 0.26470
vt 0.02374 0.26515
vt 0.02417 0.26526
vt 0.02398 0.26554
vt 0.02364 0.26561
vt 0.02334 0.26541
vt 0.02327 0.26500
vt 0.02352 0.26472
vt 0.00627 0.23194
vt 0.00601 0.23171
vt 0.00588 0.23216
vt 0.00631 0.23227
vt 0.00612 0.23255
vt 0.00578 0.23262
vt 0.00548 0.23242
vt 0.00542 0.23201
vt 0.00566 0.23173
vt 0.02288 0.37920
vt 0.02263 0.37897
vt 0.02250 0.37942
vt 0.02293 0.37953
vt 0.02273 0.37981
vt 0.02240 0.37988
vt 0.02210 0.37968
vt 0.02203 0.37927
vt 0.02228 0.37899
vt 0.00627 0.01696
vt 0.00601 0.01673
vt 0.00588 0.01718
vt 0.00631 0.01729
vt 0.00612 0.01757
vt 0.00578 0.01764
vt 0.00548 0.01744
vt 0.00542 0.01702
vt 0.00566 0.01675
vt 0.13366 0.30074
vt 0.13340 0.30052
vt 0.13327 0.30096
vt 0.13370 0.30108
vt 0.13351 0.30136
vt 0.13317 0.30143
vt 0.13287 0.30123
vt 0.13281 0.30081
vt 0.13305 0.30054
vt 0.10319 0.57800
vt 0.10294 0.57777
vt 0.10281 0.57822
vt 0.10324 0.57833
vt 0.10305 0.57861
vt 0.10271 0.57868
vt 0.10241 0.57848
vt 0.10234 0.57807
vt 0.10259 0.57779
vt 0.08489 0.59362
vt 0.09000 0.59302
vt 0.08961 0.58962
vt 0.08449 0.59022
vt 0.08370 0.58342
vt 0.08882 0.58283
vt 0.08842 0.57943
vt 0.08345 0.57992
vt 0.08798 0.57616
vt 0.08334 0.57661
vt 0.08745 0.57313
vt 0.08332 0.57361
vt 0.08721 0.57110
vt 0.08336 0.57105
vt 0.08528 0.59701
vt 0.09040 0.59642
vt 0.08921 0.58623
vt 0.08410 0.58682
vt 0.09026 0.57123
vt 0.08949 0.57048
vt 0.08926 0.57101
vt 0.08976 0.57148
vt 0.09040 0.57228
vt 0.08985 0.57215
vt 0.08982 0.57320
vt 0.08947 0.57273
vt 0.08872 0.57358
vt 0.08876 0.57293
vt 0.08805 0.57254
vt 0.08794 0.57151
vt 0.08833 0.57036
vt 0.08854 0.57098
vt 0.07381 0.02994
vt 0.07893 0.02934
vt 0.07853 0.02594
vt 0.07342 0.02654
vt 0.07262 0.01974
vt 0.07774 0.01915
vt 0.07734 0.01575
vt 0.07237 0.01624
vt 0.07690 0.01247
vt 0.07226 0.01293
vt 0.07637 0.00945
vt 0.07225 0.00993
vt 0.07614 0.00742
vt 0.07228 0.00737
vt 0.07421 0.03333
vt 0.07932 0.03274
vt 0.07813 0.02254
vt 0.07302 0.02314
vt 0.07919 0.00755
vt 0.07841 0.00679
vt 0.07819 0.00733
vt 0.07869 0.00780
vt 0.07932 0.00860
vt 0.07878 0.00847
vt 0.07874 0.00952
vt 0.07839 0.00905
vt 0.07764 0.00990
vt 0.07768 0.00924
vt 0.07697 0.00886
vt 0.07686 0.00783
vt 0.07726 0.00668
vt 0.07746 0.00730
vt 0.09567 0.32057
vt 0.10078 0.31998
vt 0.10039 0.31658
vt 0.09527 0.31717
vt 0.09448 0.31038
vt 0.09959 0.30978
vt 0.09920 0.30638
vt 0.09423 0.30687
vt 0.09876 0.30311
vt 0.09412 0.30356
vt 0.09823 0.30008
vt 0.09410 0.30056
vt 0.09799 0.29806
vt 0.09414 0.29800
vt 0.09606 0.32397
vt 0.10118 0.32337
vt 0.09999 0.31318
vt 0.09487 0.31378
vt 0.10104 0.29818
vt 0.10027 0.29743
vt 0.10004 0.29796
vt 0.10054 0.29843
vt 0.10118 0.29923
vt 0.10063 0.29911
vt 0.10060 0.30015
vt 0.10025 0.29969
vt 0.09950 0.30053
vt 0.09954 0.29988
vt 0.09883 0.29949
vt 0.09872 0.29846
vt 0.09911 0.29731
vt 0.09932 0.29794
vt 0.09226 0.59621
vt 0.09738 0.59562
vt 0.09698 0.59222
vt 0.09187 0.59282
vt 0.09107 0.58602
vt 0.09619 0.58542
vt 0.09579 0.58203
vt 0.09082 0.58252
vt 0.09535 0.57875
vt 0.09071 0.57920
vt 0.09482 0.57572
vt 0.09070 0.57621
vt 0.09459 0.57370
vt 0.09073 0.57365
vt 0.09266 0.59961
vt 0.09777 0.59902
vt 0.09658 0.58882
vt 0.09147 0.58942
vt 0.09764 0.57383
vt 0.09686 0.57307
vt 0.09664 0.57361
vt 0.09714 0.57408
vt 0.09777 0.57488
vt 0.09723 0.57475
vt 0.09719 0.57580
vt 0.09684 0.57533
vt 0.09609 0.57618
vt 0.09614 0.57552
vt 0.09542 0.57513
vt 0.09532 0.57411
vt 0.09571 0.57296
vt 0.09591 0.57358
vt 0.12366 0.37189
vt 0.12877 0.37129
vt 0.12838 0.36790
vt 0.12326 0.36849
vt 0.12247 0.36170
vt 0.12759 0.36110
vt 0.12719 0.35770
vt 0.12222 0.35819
vt 0.12675 0.35443
vt 0.12211 0.35488
vt 0.12622 0.35140
vt 0.12209 0.35188
vt 0.12598 0.34938
vt 0.12213 0.34932
vt 0.12405 0.37529
vt 0.12917 0.37469
vt 0.12798 0.36450
vt 0.12287 0.36509
vt 0.12904 0.34950
vt 0.12826 0.34875
vt 0.12803 0.34928
vt 0.12854 0.34975
vt 0.12917 0.35055
vt 0.12863 0.35043
vt 0.12859 0.35147
vt 0.12824 0.35101
vt 0.12749 0.35185
vt 0.12753 0.35120
vt 0.12682 0.35081
vt 0.12671 0.34978
vt 0.12710 0.34863
vt 0.12731 0.34926
vt 0.10660 0.59394
vt 0.11172 0.59334
vt 0.11132 0.58994
vt 0.10621 0.59054
vt 0.10542 0.58374
vt 0.11053 0.58315
vt 0.11013 0.57975
vt 0.10516 0.58024
vt 0.10970 0.57647
vt 0.10505 0.57693
vt 0.10916 0.57345
vt 0.10504 0.57393
vt 0.10893 0.57142
vt 0.10508 0.57137
vt 0.10700 0.59733
vt 0.11211 0.59674
vt 0.11093 0.58654
vt 0.10581 0.58714
vt 0.11198 0.57155
vt 0.11120 0.57079
vt 0.11098 0.57133
vt 0.11148 0.57180
vt 0.11211 0.57260
vt 0.11157 0.57247
vt 0.11154 0.57352
vt 0.11118 0.57305
vt 0.11044 0.57390
vt 0.11048 0.57324
vt 0.10977 0.57286
vt 0.10966 0.57183
vt 0.11005 0.57068
vt 0.11025 0.57130
vt 0.06550 0.02353
vt 0.07062 0.02293
vt 0.07022 0.01954
vt 0.06511 0.02013
vt 0.06432 0.01334
vt 0.06943 0.01274
vt 0.06904 0.00934
vt 0.06406 0.00983
vt 0.06859 0.00607
vt 0.06395 0.00652
vt 0.06806 0.00304
vt 0.06394 0.00352
vt 0.06783 0.00102
vt 0.06397 0.00096
vt 0.06590 0.02693
vt 0.07101 0.02633
vt 0.06983 0.01614
vt 0.06471 0.01673
vt 0.07088 0.00114
vt 0.07010 0.00039
vt 0.06988 0.00092
vt 0.07038 0.00139
vt 0.07101 0.00219
vt 0.07047 0.00207
vt 0.07044 0.00311
vt 0.07008 0.00265
vt 0.06933 0.00349
vt 0.06938 0.00284
vt 0.06866 0.00245
vt 0.06856 0.00142
vt 0.06895 0.00027
vt 0.06915 0.00090
vt 0.07563 0.59361
vt 0.08075 0.59301
vt 0.08035 0.58961
vt 0.07524 0.59021
vt 0.07445 0.58341
vt 0.07956 0.58281
vt 0.07916 0.57942
vt 0.07419 0.57991
vt 0.07872 0.57614
vt 0.07408 0.57659
vt 0.07819 0.57312
vt 0.07407 0.57360
vt 0.07796 0.57109
vt 0.07410 0.57104
vt 0.07603 0.59700
vt 0.08114 0.59641
vt 0.07996 0.58621
vt 0.07484 0.58681
vt 0.08101 0.57122
vt 0.08023 0.57046
vt 0.08001 0.57100
vt 0.08051 0.57146
vt 0.08114 0.57227
vt 0.08060 0.57214
vt 0.08057 0.57319
vt 0.08021 0.57272
vt 0.07947 0.57357
vt 0.07951 0.57291
vt 0.07879 0.57252
vt 0.07869 0.57150
vt 0.07908 0.57035
vt 0.07928 0.57097
vt 0.01966 0.28685
vt 0.02478 0.28625
vt 0.02438 0.28285
vt 0.01927 0.28345
vt 0.01848 0.27665
vt 0.02359 0.27606
vt 0.02320 0.27266
vt 0.01823 0.27315
vt 0.02276 0.26938
vt 0.01812 0.26984
vt 0.02223 0.26636
vt 0.01810 0.26684
vt 0.02199 0.26433
vt 0.01814 0.26428
vt 0.02006 0.29024
vt 0.02518 0.28965
vt 0.02399 0.27946
vt 0.01887 0.28005
vt 0.02504 0.26446
vt 0.02427 0.26371
vt 0.02404 0.26424
vt 0.02454 0.26471
vt 0.02518 0.26551
vt 0.02463 0.26538
vt 0.02460 0.26643
vt 0.02425 0.26596
vt 0.02350 0.26681
vt 0.02354 0.26616
vt 0.02283 0.26577
vt 0.02272 0.26474
vt 0.02311 0.26359
vt 0.02332 0.26421
vt 0.00181 0.25386
vt 0.00692 0.25326
vt 0.00653 0.24986
vt 0.00141 0.25046
vt 0.00062 0.24366
vt 0.00574 0.24307
vt 0.00534 0.23967
vt 0.00037 0.24016
vt 0.00490 0.23640
vt 0.00026 0.23685
vt 0.00437 0.23337
vt 0.00024 0.23385
vt 0.00413 0.23134
vt 0.00028 0.23129
vt 0.00220 0.25726
vt 0.00732 0.25666
vt 0.00613 0.24647
vt 0.00102 0.24706
vt 0.00719 0.23147
vt 0.00641 0.23072
vt 0.00618 0.23125
vt 0.00669 0.23172
vt 0.00732 0.23252
vt 0.00678 0.23239
vt 0.00674 0.23344
vt 0.00639 0.23297
vt 0.00564 0.23382
vt 0.00568 0.23317
vt 0.00497 0.23278
vt 0.00486 0.23175
vt 0.00525 0.23060
vt 0.00546 0.23122
vt 0.01842 0.40112
vt 0.02354 0.40052
vt 0.02314 0.39712
vt 0.01803 0.39772
vt 0.01724 0.39092
vt 0.02235 0.39033
vt 0.02196 0.38693
vt 0.01699 0.38742
vt 0.02152 0.38365
vt 0.01688 0.38411
vt 0.02099 0.38063
vt 0.01686 0.38111
vt 0.02075 0.37860
vt 0.01690 0.37855
vt 0.01882 0.40451
vt 0.02393 0.40392
vt 0.02275 0.39372
vt 0.01763 0.39432
vt 0.02380 0.37873
vt 0.02303 0.37797
vt 0.02280 0.37851
vt 0.02330 0.37898
vt 0.02393 0.37978
vt 0.02339 0.37965
vt 0.02336 0.38070
vt 0.02301 0.38023
vt 0.02226 0.38108
vt 0.02230 0.38042
vt 0.02159 0.38004
vt 0.02148 0.37901
vt 0.02187 0.37786
vt 0.02208 0.37848
vt 0.00181 0.03887
vt 0.00692 0.03828
vt 0.00653 0.03488
vt 0.00141 0.03548
vt 0.00062 0.02868
vt 0.00574 0.02808
vt 0.00534 0.02469
vt 0.00037 0.02518
vt 0.00490 0.02141
vt 0.00026 0.02186
vt 0.00437 0.01838
vt 0.00024 0.01887
vt 0.00413 0.01636
vt 0.00028 0.01631
vt 0.00220 0.04227
vt 0.00732 0.04168
vt 0.00613 0.03148
vt 0.00102 0.03208
vt 0.00719 0.01649
vt 0.00641 0.01573
vt 0.00618 0.01627
vt 0.00669 0.01674
vt 0.00732 0.01754
vt 0.00678 0.01741
vt 0.00674 0.01846
vt 0.00639 0.01799
vt 0.00564 0.01884
vt 0.00568 0.01818
vt 0.00497 0.01779
vt 0.00486 0.01677
vt 0.00525 0.01561
vt 0.00546 0.01624
vt 0.12920 0.32266
vt 0.13431 0.32207
vt 0.13392 0.31867
vt 0.12880 0.31926
vt 0.12801 0.31247
vt 0.13313 0.31187
vt 0.13273 0.30847
vt 0.12776 0.30896
vt 0.13229 0.30520
vt 0.12765 0.30565
vt 0.13176 0.30217
vt 0.12763 0.30265
vt 0.13152 0.30015
vt 0.12767 0.30009
vt 0.12959 0.32606
vt 0.13471 0.32546
vt 0.13352 0.31527
vt 0.12841 0.31586
vt 0.13457 0.30028
vt 0.13380 0.29952
vt 0.13357 0.30006
vt 0.13408 0.30052
vt 0.13471 0.30133
vt 0.13416 0.30120
vt 0.13413 0.30224
vt 0.13378 0.30178
vt 0.13303 0.30263
vt 0.13307 0.30197
vt 0.13236 0.30158
vt 0.13225 0.30055
vt 0.13264 0.29940
vt 0.13285 0.30003
vt 0.09873 0.59992
vt 0.10385 0.59932
vt 0.10345 0.59592
vt 0.09834 0.59652
vt 0.09755 0.58972
vt 0.10266 0.58913
vt 0.10227 0.58573
vt 0.09730 0.58622
vt 0.10183 0.58246
vt 0.09719 0.58291
vt 0.10130 0.57943
vt 0.09717 0.57991
vt 0.10106 0.57740
vt 0.09721 0.57735
vt 0.09913 0.60331
vt 0.10424 0.60272
vt 0.10306 0.59253
vt 0.09794 0.59312
vt 0.10411 0.57753
vt 0.10334 0.57678
vt 0.10311 0.57731
vt 0.10361 0.57778
vt 0.10424 0.57858
vt 0.10370 0.57845
vt 0.10367 0.57950
vt 0.10332 0.57903
vt 0.10257 0.57988
vt 0.10261 0.57923
vt 0.10190 0.57884
vt 0.10179 0.57781
vt 0.10218 0.57666
vt 0.10239 0.57728
vn 0.9151 -0.1664 0.3672
vn 0.7117 -0.4725 0.5197
vn 0.8330 -0.5532 -0.0000
vn 0.9992 -0.0393 0.0001
vn 0.9152 -0.1664 -0.3671
vn 0.7117 -0.4726 -0.5197
vn 0.5087 -0.7787 -0.3673
vn 0.4241 -0.9056 -0.0000
vn 0.5086 -0.7787 0.3673
vn 0.9151 -0.1666 0.3672
vn 0.7117 -0.4727 0.5197
vn 0.8330 -0.5532 -0.0000
vn 0.9992 -0.0393 -0.0000
vn 0.9152 -0.1665 -0.3671
vn 0.7117 -0.4728 -0.5196
vn 0.5087 -0.7787 -0.3672
vn 0.4242 -0.9056 -0.0000
vn 0.5086 -0.7787 0.3674
vn 0.9152 -0.1669 0.3667
vn 0.7118 -0.4728 0.5194
vn 0.8332 -0.5530 -0.0001
vn 0.9992 -0.0396 -0.0000
vn 0.9153 -0.1669 -0.3667
vn 0.7118 -0.4728 -0.5195
vn 0.5091 -0.7786 -0.3670
vn 0.4240 -0.9057 -0.0001
vn 0.5091 -0.7786 0.3669
vn 0.9154 -0.1668 0.3663
vn 0.7121 -0.4726 0.5192
vn 0.8332 -0.5530 -0.0002
vn 0.9992 -0.0396 -0.0001
vn 0.9154 -0.1668 -0.3665
vn 0.7119 -0.4726 -0.5194
vn 0.5092 -0.7785 -0.3670
vn 0.4239 -0.9057 0.0002
vn 0.5091 -0.7785 0.3671
vn 0.9155 -0.1664 0.3662
vn 0.7120 -0.4730 0.5190
vn 0.8326 -0.5538 -0.0003
vn 0.9992 -0.0390 -0.0005
vn 0.9154 -0.1663 -0.3667
vn 0.7120 -0.4729 -0.5191
vn 0.5089 -0.7786 -0.3672
vn 0.4252 -0.9051 0.0004
vn 0.5087 -0.7785 0.3677
vn 0.9152 -0.1665 0.3669
vn 0.7119 -0.4731 0.5190
vn 0.8326 -0.5539 0.0001
vn 0.9992 -0.0390 0.0003
vn 0.9154 -0.1665 -0.3666
vn 0.7118 -0.4731 -0.5191
vn 0.5089 -0.7787 -0.3669
vn 0.4253 -0.9051 0.0003
vn 0.5089 -0.7786 0.3673
vn 0.9151 -0.1666 0.3673
vn 0.7117 -0.4728 0.5196
vn 0.8330 -0.5532 -0.0000
vn 0.9992 -0.0394 -0.0000
vn 0.9152 -0.1666 -0.3671
vn 0.7117 -0.4728 -0.5196
vn 0.5086 -0.7787 -0.3674
vn 0.4243 -0.9055 -0.0000
vn 0.5087 -0.7786 0.3674
vn 0.9152 -0.1666 0.3670
vn 0.7116 -0.4728 0.5197
vn 0.8330 -0.5533 0.0001
vn 0.9992 -0.0394 0.0002
vn 0.9154 -0.1666 -0.3666
vn 0.7116 -0.4728 -0.5197
vn 0.5087 -0.7786 -0.3675
vn 0.4242 -0.9056 -0.0000
vn 0.5086 -0.7787 0.3674
vn 0.9152 -0.1666 0.3671
vn 0.7118 -0.4728 0.5195
vn 0.8330 -0.5532 -0.0001
vn 0.9992 -0.0394 -0.0000
vn 0.9151 -0.1666 -0.3672
vn 0.7116 -0.4728 -0.5197
vn 0.5087 -0.7787 -0.3672
vn 0.4242 -0.9056 -0.0000
vn 0.5087 -0.7787 0.3672
vn 0.9153 -0.1666 0.3668
vn 0.7115 -0.4727 0.5200
vn 0.8330 -0.5532 0.0001
vn 0.9992 -0.0394 -0.0000
vn 0.9153 -0.1666 -0.3666
vn 0.7116 -0.4728 -0.5197
vn 0.5087 -0.7787 -0.3672
vn 0.4242 -0.9056 -0.0001
vn 0.5086 -0.7787 0.3674
vn 0.9156 -0.1670 0.3659
vn 0.7121 -0.4731 0.5188
vn 0.8332 -0.5530 -0.0005
vn 0.9992 -0.0397 -0.0011
vn 0.9152 -0.1670 -0.3667
vn 0.7122 -0.4731 -0.5186
vn 0.5093 -0.7788 -0.3662
vn 0.4240 -0.9057 0.0004
vn 0.5092 -0.7786 0.3668
vn 0.9152 -0.1669 0.3669
vn 0.7117 -0.4729 0.5194
vn 0.8332 -0.5530 -0.0002
vn 0.9992 -0.0397 0.0003
vn 0.9151 -0.1669 -0.3671
vn 0.7114 -0.4728 -0.5200
vn 0.5091 -0.7788 -0.3664
vn 0.4238 -0.9057 0.0001
vn 0.5091 -0.7787 0.3666
vn 0.9152 -0.1664 0.3671
vn 0.7117 -0.4730 0.5193
vn 0.8326 -0.5539 -0.0007
vn 0.9992 -0.0390 -0.0005
vn 0.9150 -0.1663 -0.3675
vn 0.7116 -0.4728 -0.5197
vn 0.5088 -0.7785 -0.3674
vn 0.4252 -0.9051 -0.0002
vn 0.5089 -0.7787 0.3669
vn 0.9153 -0.1664 0.3667
vn 0.7119 -0.4731 0.5190
vn 0.8326 -0.5539 0.0002
vn 0.9992 -0.0390 0.0002
vn 0.9154 -0.1664 -0.3665
vn 0.7120 -0.4732 -0.5189
vn 0.5090 -0.7788 -0.3666
vn 0.4253 -0.9051 0.0005
vn 0.5089 -0.7786 0.3672
vn -0.3913 -0.5891 0.7070
vn -0.2741 -0.6589 0.7005
vn 0.1133 -0.0753 0.9907
vn 0.0001 -0.0001 1.0000
vn 0.5533 0.8330 0.0000
vn 0.6614 0.7500 0.0000
vn 0.5009 0.5083 -0.7006
vn 0.3912 0.5890 -0.7072
vn 0.1132 -0.0754 -0.9907
vn 0.0000 0.0001 -1.0000
vn -0.2741 -0.6588 -0.7006
vn -0.3912 -0.5890 -0.7071
vn -0.4348 -0.9005 -0.0000
vn -0.5533 -0.8330 -0.0000
vn -0.5533 -0.8330 -0.0000
vn -0.4348 -0.9005 -0.0000
vn 0.5009 0.5084 0.7005
vn 0.3912 0.5890 0.7071
vn 0.5009 0.5084 0.7005
vn 0.1133 -0.0753 0.9907
vn 0.4153 -0.2754 0.8670
vn 0.7542 0.2354 0.6130
vn 0.6614 0.7500 0.0000
vn 0.8946 0.4468 0.0000
vn 0.5009 0.5083 -0.7006
vn 0.7542 0.2352 -0.6131
vn 0.1132 -0.0754 -0.9907
vn 0.4153 -0.2756 -0.8669
vn 0.0761 -0.7864 -0.6130
vn -0.0644 -0.9979 -0.0000
vn -0.2741 -0.6589 0.7005
vn 0.0760 -0.7864 0.6130
vn -0.3912 -0.5891 0.7070
vn -0.2741 -0.6589 0.7005
vn 0.1133 -0.0754 0.9907
vn 0.0000 0.0001 1.0000
vn 0.5532 0.8330 0.0000
vn 0.6614 0.7500 0.0000
vn 0.5009 0.5083 -0.7005
vn 0.3912 0.5890 -0.7072
vn 0.1132 -0.0753 -0.9907
vn 0.0001 0.0000 -1.0000
vn -0.2741 -0.6588 -0.7006
vn -0.3912 -0.5890 -0.7071
vn -0.4347 -0.9006 -0.0000
vn -0.5532 -0.8330 -0.0000
vn -0.5532 -0.8330 -0.0000
vn -0.4347 -0.9006 -0.0000
vn 0.5010 0.5083 0.7004
vn 0.3912 0.5891 0.7071
vn 0.5010 0.5083 0.7004
vn 0.1133 -0.0754 0.9907
vn 0.4153 -0.2757 0.8669
vn 0.7543 0.2351 0.6130
vn 0.6614 0.7500 0.0000
vn 0.8946 0.4468 0.0000
vn 0.5009 0.5083 -0.7005
vn 0.7543 0.2351 -0.6130
vn 0.1132 -0.0753 -0.9907
vn 0.4153 -0.2756 -0.8669
vn 0.0760 -0.7864 -0.6131
vn -0.0644 -0.9979 -0.0000
vn -0.2741 -0.6589 0.7005
vn 0.0760 -0.7864 0.6130
vn -0.3911 -0.5890 0.7072
vn -0.2740 -0.6588 0.7006
vn 0.1133 -0.0752 0.9907
vn 0.0001 0.0001 1.0000
vn 0.5531 0.8331 0.0000
vn 0.6614 0.7500 0.0000
vn 0.5007 0.5084 -0.7006
vn 0.3910 0.5890 -0.7072
vn 0.1132 -0.0752 -0.9907
vn 0.0001 0.0001 -1.0000
vn -0.2741 -0.6588 -0.7007
vn -0.3910 -0.5890 -0.7073
vn -0.4347 -0.9006 -0.0000
vn -0.5531 -0.8331 -0.0000
vn -0.5531 -0.8331 -0.0000
vn -0.4347 -0.9006 -0.0000
vn 0.5008 0.5084 0.7005
vn 0.3911 0.5891 0.7072
vn 0.5008 0.5084 0.7005
vn 0.1133 -0.0752 0.9907
vn 0.4155 -0.2756 0.8668
vn 0.7546 0.2351 0.6127
vn 0.6614 0.7500 0.0000
vn 0.8947 0.4466 0.0001
vn 0.5007 0.5084 -0.7006
vn 0.7545 0.2351 -0.6127
vn 0.1132 -0.0752 -0.9907
vn 0.4154 -0.2756 -0.8669
vn 0.0758 -0.7864 -0.6130
vn -0.0644 -0.9979 -0.0000
vn -0.2740 -0.6588 0.7006
vn 0.0758 -0.7865 0.6130
vn -0.3911 -0.5891 0.7071
vn -0.2741 -0.6590 0.7005
vn 0.1133 -0.0754 0.9907
vn 0.0001 0.0001 1.0000
vn 0.5531 0.8331 0.0000
vn 0.6614 0.7500 -0.0001
vn 0.5007 0.5083 -0.7007
vn 0.3910 0.5889 -0.7073
vn 0.1132 -0.0752 -0.9907
vn 0.0001 0.0002 -1.0000
vn -0.2741 -0.6588 -0.7006
vn -0.3910 -0.5889 -0.7073
vn -0.4347 -0.9006 -0.0000
vn -0.5531 -0.8331 -0.0001
vn -0.5531 -0.8331 -0.0001
vn -0.4347 -0.9006 -0.0000
vn 0.5007 0.5083 0.7006
vn 0.3910 0.5890 0.7072
vn 0.5007 0.5083 0.7006
vn 0.1133 -0.0754 0.9907
vn 0.4155 -0.2757 0.8668
vn 0.7546 0.2351 0.6127
vn 0.6614 0.7500 -0.0001
vn 0.8947 0.4466 0.0000
vn 0.5007 0.5083 -0.7007
vn 0.7546 0.2350 -0.6127
vn 0.1132 -0.0752 -0.9907
vn 0.4155 -0.2756 -0.8669
vn 0.0758 -0.7864 -0.6130
vn -0.0644 -0.9979 -0.0000
vn -0.2741 -0.6590 0.7005
vn 0.0758 -0.7865 0.6129
vn -0.3909 -0.5889 0.7074
vn -0.2741 -0.6590 0.7004
vn 0.1137 -0.0753 0.9907
vn -0.0000 -0.0000 1.0000
vn 0.5531 0.8331 0.0000
vn 0.6619 0.7496 -0.0002
vn 0.5007 0.5080 -0.7008
vn 0.3911 0.5891 -0.7071
vn 0.1136 -0.0752 -0.9907
vn 0.0000 0.0000 -1.0000
vn -0.2742 -0.6590 -0.7004
vn -0.3910 -0.5890 -0.7073
vn -0.4344 -0.9007 0.0001
vn -0.5531 -0.8331 0.0002
vn -0.5531 -0.8331 0.0002
vn -0.4344 -0.9007 0.0001
vn 0.5009 0.5081 0.7007
vn 0.3911 0.5891 0.7071
vn 0.5009 0.5081 0.7007
vn 0.1137 -0.0753 0.9907
vn 0.4151 -0.2758 0.8670
vn 0.7540 0.2354 0.6132
vn 0.6619 0.7496 -0.0002
vn 0.8945 0.4471 -0.0002
vn 0.5007 0.5080 -0.7008
vn 0.7539 0.2353 -0.6134
vn 0.1136 -0.0752 -0.9907
vn 0.4152 -0.2758 -0.8669
vn 0.0763 -0.7866 -0.6128
vn -0.0640 -0.9979 0.0001
vn -0.2741 -0.6590 0.7004
vn 0.0762 -0.7865 0.6129
vn -0.3911 -0.5890 0.7072
vn -0.2742 -0.6589 0.7005
vn 0.1137 -0.0752 0.9907
vn -0.0002 -0.0002 1.0000
vn 0.5531 0.8331 0.0000
vn 0.6619 0.7496 0.0001
vn 0.5009 0.5082 -0.7005
vn 0.3911 0.5891 -0.7071
vn 0.1137 -0.0750 -0.9907
vn -0.0001 -0.0001 -1.0000
vn -0.2742 -0.6588 -0.7006
vn -0.3910 -0.5889 -0.7074
vn -0.4344 -0.9007 -0.0000
vn -0.5531 -0.8331 -0.0000
vn -0.5531 -0.8331 -0.0000
vn -0.4344 -0.9007 -0.0000
vn 0.5010 0.5082 0.7006
vn 0.3911 0.5891 0.7071
vn 0.5010 0.5082 0.7006
vn 0.1137 -0.0752 0.9907
vn 0.4149 -0.2754 0.8672
vn 0.7540 0.2354 0.6132
vn 0.6619 0.7496 0.0001
vn 0.8945 0.4471 0.0003
vn 0.5009 0.5082 -0.7005
vn 0.7542 0.2355 -0.6130
vn 0.1137 -0.0750 -0.9907
vn 0.4149 -0.2754 -0.8672
vn 0.0762 -0.7863 -0.6131
vn -0.0640 -0.9980 -0.0000
vn -0.2742 -0.6589 0.7005
vn 0.0761 -0.7863 0.6132
vn -0.3912 -0.5890 0.7071
vn -0.2741 -0.6589 0.7005
vn 0.1133 -0.0754 0.9907
vn 0.0001 0.0001 1.0000
vn 0.5533 0.8330 0.0001
vn 0.6614 0.7500 0.0000
vn 0.5009 0.5084 -0.7005
vn 0.3912 0.5891 -0.7071
vn 0.1132 -0.0753 -0.9907
vn 0.0001 0.0001 -1.0000
vn -0.2741 -0.6588 -0.7006
vn -0.3912 -0.5890 -0.7071
vn -0.4347 -0.9006 -0.0000
vn -0.5533 -0.8330 -0.0000
vn -0.5533 -0.8330 -0.0000
vn -0.4347 -0.9006 -0.0000
vn 0.5010 0.5083 0.7005
vn 0.3912 0.5890 0.7071
vn 0.5010 0.5083 0.7005
vn 0.1133 -0.0754 0.9907
vn 0.4153 -0.2757 0.8669
vn 0.7543 0.2351 0.6130
vn 0.6614 0.7500 0.0000
vn 0.8946 0.4468 0.0000
vn 0.5009 0.5084 -0.7005
vn 0.7543 0.2352 -0.6130
vn 0.1132 -0.0753 -0.9907
vn 0.4153 -0.2755 -0.8670
vn 0.0760 -0.7863 -0.6131
vn -0.0644 -0.9979 -0.0000
vn -0.2741 -0.6589 0.7005
vn 0.0760 -0.7864 0.6130
vn -0.3911 -0.5889 0.7072
vn -0.2741 -0.6588 0.7006
vn 0.1133 -0.0752 0.9907
vn 0.0001 0.0002 1.0000
vn 0.5533 0.8330 0.0000
vn 0.6614 0.7500 0.0001
vn 0.5010 0.5084 -0.7004
vn 0.3912 0.5890 -0.7072
vn 0.1133 -0.0753 -0.9907
vn 0.0001 0.0001 -1.0000
vn -0.2741 -0.6589 -0.7006
vn -0.3911 -0.5890 -0.7072
vn -0.4347 -0.9006 0.0001
vn -0.5533 -0.8330 0.0001
vn -0.5533 -0.8330 0.0001
vn -0.4347 -0.9006 0.0001
vn 0.5010 0.5084 0.7004
vn 0.3912 0.5891 0.7071
vn 0.5010 0.5084 0.7004
vn 0.1133 -0.0752 0.9907
vn 0.4152 -0.2756 0.8670
vn 0.7543 0.2352 0.6129
vn 0.6614 0.7500 0.0001
vn 0.8946 0.4468 0.0001
vn 0.5010 0.5084 -0.7004
vn 0.7544 0.2353 -0.6128
vn 0.1133 -0.0753 -0.9907
vn 0.4152 -0.2756 -0.8670
vn 0.0761 -0.7864 -0.6130
vn -0.0644 -0.9979 -0.0000
vn -0.2741 -0.6588 0.7006
vn 0.0761 -0.7864 0.6130
vn -0.3912 -0.5890 0.7071
vn -0.2741 -0.6589 0.7005
vn 0.1133 -0.0753 0.9907
vn 0.0001 0.0002 1.0000
vn 0.5533 0.8330 -0.0002
vn 0.6614 0.7500 -0.0001
vn 0.5009 0.5083 -0.7005
vn 0.3912 0.5890 -0.7071
vn 0.1133 -0.0752 -0.9907
vn 0.0001 0.0001 -1.0000
vn -0.2741 -0.6588 -0.7006
vn -0.3912 -0.5890 -0.7072
vn -0.4347 -0.9006 -0.0000
vn -0.5533 -0.8330 -0.0000
vn -0.5533 -0.8330 -0.0000
vn -0.4347 -0.9006 -0.0000
vn 0.5010 0.5084 0.7004
vn 0.3913 0.5892 0.7069
vn 0.5010 0.5084 0.7004
vn 0.1133 -0.0753 0.9907
vn 0.4153 -0.2757 0.8669
vn 0.7543 0.2351 0.6130
vn 0.6614 0.7500 -0.0001
vn 0.8946 0.4468 0.0000
vn 0.5009 0.5083 -0.7005
vn 0.7542 0.2351 -0.6131
vn 0.1133 -0.0752 -0.9907
vn 0.4152 -0.2755 -0.8670
vn 0.0760 -0.7863 -0.6131
vn -0.0644 -0.9979 -0.0000
vn -0.2741 -0.6589 0.7005
vn 0.0761 -0.7865 0.6129
vn -0.3912 -0.5891 0.7071
vn -0.2741 -0.6589 0.7005
vn 0.1133 -0.0753 0.9907
vn 0.0001 0.0002 1.0000
vn 0.5532 0.8330 0.0000
vn 0.6614 0.7500 -0.0001
vn 0.5009 0.5083 -0.7005
vn 0.3912 0.5890 -0.7071
vn 0.1132 -0.0752 -0.9907
vn 0.0001 0.0002 -1.0000
vn -0.2741 -0.6587 -0.7008
vn -0.3911 -0.5888 -0.7073
vn -0.4347 -0.9006 -0.0002
vn -0.5533 -0.8330 -0.0002
vn -0.5533 -0.8330 -0.0002
vn -0.4347 -0.9006 -0.0002
vn 0.5010 0.5084 0.7004
vn 0.3912 0.5891 0.7070
vn 0.5010 0.5084 0.7004
vn 0.1133 -0.0753 0.9907
vn 0.4152 -0.2756 0.8670
vn 0.7543 0.2352 0.6130
vn 0.6614 0.7500 -0.0001
vn 0.8946 0.4468 -0.0001
vn 0.5009 0.5083 -0.7005
vn 0.7542 0.2351 -0.6131
vn 0.1132 -0.0752 -0.9907
vn 0.4152 -0.2756 -0.8670
vn 0.0761 -0.7863 -0.6131
vn -0.0644 -0.9979 -0.0001
vn -0.2741 -0.6589 0.7005
vn 0.0761 -0.7865 0.6129
vn -0.3912 -0.5892 0.7070
vn -0.2741 -0.6591 0.7003
vn 0.1133 -0.0752 0.9907
vn 0.0004 0.0006 1.0000
vn 0.5531 0.8331 0.0000
vn 0.6614 0.7500 0.0000
vn 0.5005 0.5083 -0.7008
vn 0.3911 0.5890 -0.7072
vn 0.1133 -0.0750 -0.9907
vn 0.0004 0.0007 -1.0000
vn -0.2741 -0.6590 -0.7004
vn -0.3911 -0.5891 -0.7071
vn -0.4347 -0.9006 0.0002
vn -0.5531 -0.8331 -0.0000
vn -0.5531 -0.8331 -0.0000
vn -0.4347 -0.9006 0.0002
vn 0.5006 0.5083 0.7007
vn 0.3911 0.5891 0.7071
vn 0.5006 0.5083 0.7007
vn 0.1133 -0.0752 0.9907
vn 0.4155 -0.2762 0.8667
vn 0.7542 0.2349 0.6132
vn 0.6614 0.7500 0.0000
vn 0.8947 0.4466 0.0000
vn 0.5005 0.5083 -0.7008
vn 0.7544 0.2349 -0.6130
vn 0.1133 -0.0750 -0.9907
vn 0.4157 -0.2761 -0.8666
vn 0.0759 -0.7868 -0.6125
vn -0.0644 -0.9979 0.0001
vn -0.2741 -0.6591 0.7003
vn 0.0760 -0.7869 0.6124
vn -0.3912 -0.5892 0.7069
vn -0.2740 -0.6588 0.7007
vn 0.1130 -0.0752 0.9907
vn 0.0002 -0.0000 1.0000
vn 0.5534 0.8329 0.0000
vn 0.6610 0.7503 -0.0002
vn 0.5005 0.5084 -0.7007
vn 0.3912 0.5888 -0.7073
vn 0.1130 -0.0751 -0.9908
vn 0.0000 0.0000 -1.0000
vn -0.2740 -0.6587 -0.7008
vn -0.3911 -0.5891 -0.7071
vn -0.4348 -0.9005 -0.0000
vn -0.5531 -0.8331 -0.0000
vn -0.5531 -0.8331 -0.0000
vn -0.4348 -0.9005 -0.0000
vn 0.5006 0.5085 0.7006
vn 0.3913 0.5890 0.7071
vn 0.5006 0.5085 0.7006
vn 0.1130 -0.0752 0.9907
vn 0.4156 -0.2756 0.8668
vn 0.7540 0.2354 0.6133
vn 0.6610 0.7503 -0.0002
vn 0.8944 0.4472 0.0000
vn 0.5005 0.5084 -0.7007
vn 0.7540 0.2353 -0.6133
vn 0.1130 -0.0751 -0.9908
vn 0.4156 -0.2754 -0.8669
vn 0.0761 -0.7866 -0.6128
vn -0.0648 -0.9979 0.0001
vn -0.2740 -0.6588 0.7007
vn 0.0761 -0.7867 0.6127
vn -0.3912 -0.5892 0.7070
vn -0.2743 -0.6592 0.7001
vn 0.1137 -0.0752 0.9907
vn -0.0000 -0.0000 1.0000
vn 0.5531 0.8331 -0.0002
vn 0.6619 0.7496 -0.0001
vn 0.5008 0.5081 -0.7007
vn 0.3910 0.5890 -0.7072
vn 0.1136 -0.0751 -0.9907
vn 0.0000 0.0000 -1.0000
vn -0.2742 -0.6589 -0.7005
vn -0.3910 -0.5890 -0.7073
vn -0.4345 -0.9007 -0.0003
vn -0.5531 -0.8331 -0.0002
vn -0.5531 -0.8331 -0.0002
vn -0.4345 -0.9007 -0.0003
vn 0.5010 0.5082 0.7005
vn 0.3912 0.5892 0.7069
vn 0.5010 0.5082 0.7005
vn 0.1137 -0.0752 0.9907
vn 0.4150 -0.2757 0.8671
vn 0.7542 0.2355 0.6129
vn 0.6619 0.7496 -0.0001
vn 0.8945 0.4470 0.0000
vn 0.5008 0.5081 -0.7007
vn 0.7543 0.2355 -0.6128
vn 0.1136 -0.0751 -0.9907
vn 0.4150 -0.2756 -0.8671
vn 0.0761 -0.7862 -0.6132
vn -0.0640 -0.9979 -0.0003
vn -0.2743 -0.6592 0.7001
vn 0.0762 -0.7866 0.6128
vn -0.3911 -0.5890 0.7072
vn -0.2742 -0.6591 0.7003
vn 0.1139 -0.0752 0.9906
vn -0.0000 -0.0000 1.0000
vn 0.5531 0.8331 0.0002
vn 0.6619 0.7496 0.0000
vn 0.5009 0.5081 -0.7007
vn 0.3910 0.5889 -0.7073
vn 0.1138 -0.0751 -0.9907
vn 0.0000 -0.0002 -1.0000
vn -0.2742 -0.6590 -0.7004
vn -0.3909 -0.5889 -0.7074
vn -0.4344 -0.9007 -0.0002
vn -0.5531 -0.8331 -0.0003
vn -0.5531 -0.8331 -0.0003
vn -0.4344 -0.9007 -0.0002
vn 0.5009 0.5080 0.7008
vn 0.3910 0.5889 0.7074
vn 0.5009 0.5080 0.7008
vn 0.1139 -0.0752 0.9906
vn 0.4155 -0.2758 0.8668
vn 0.7543 0.2354 0.6129
vn 0.6619 0.7496 0.0000
vn 0.8945 0.4471 0.0001
vn 0.5009 0.5081 -0.7007
vn 0.7544 0.2355 -0.6127
vn 0.1138 -0.0751 -0.9907
vn 0.4154 -0.2758 -0.8668
vn 0.0762 -0.7867 -0.6126
vn -0.0640 -0.9979 -0.0000
vn -0.2742 -0.6591 0.7003
vn 0.0763 -0.7866 0.6127
f 1/1/1 2/2/2 3/3/3
f 4/4/4 1/1/1 3/3/3
f 5/5/5 4/4/4 3/3/3
f 6/6/6 5/5/5 3/3/3
f 7/7/7 6/6/6 3/3/3
f 8/8/8 7/7/7 3/3/3
f 9/9/9 8/8/8 3/3/3
f 2/2/2 9/9/9 3/3/3
f 10/10/10 11/11/11 12/12/12
f 13/13/13 10/10/10 12/12/12
f 14/14/14 13/13/13 12/12/12
f 15/15/15 14/14/14 12/12/12
f 16/16/16 15/15/15 12/12/12
f 17/17/17 16/16/16 12/12/12
f 18/18/18 17/17/17 12/12/12
f 11/11/11 18/18/18 12/12/12
f 19/19/19 20/20/20 21/21/21
f 22/22/22 19/19/19 21/21/21
f 23/23/23 22/22/22 21/21/21
f 24/24/24 23/23/23 21/21/21
f 25/25/25 24/24/24 21/21/21
f 26/26/26 25/25/25 21/21/21
f 27/27/27 26/26/26 21/21/21
f 20/20/20 27/27/27 21/21/21
f 28/28/28 29/29/29 30/30/30
f 31/31/31 28/28/28 30/30/30
f 32/32/32 31/31/31 30/30/30
f 33/33/33 32/32/32 30/30/30
f 34/34/34 33/33/33 30/30/30
f 35/35/35 34/34/34 30/30/30
f 36/36/36 35/35/35 30/30/30
f 29/29/29 36/36/36 30/30/30
f 37/37/37 38/38/38 39/39/39
f 40/40/40 37/37/37 39/39/39
f 41/41/41 40/40/40 39/39/39
f 42/42/42 41/41/41 39/39/39
f 43/43/43 42/42/42 39/39/39
f 44/44/44 43/43/43 39/39/39
f 45/45/45 44/44/44 39/39/39
f 38/38/38 45/45/45 39/39/39
f 46/46/46 47/47/47 48/48/48
f 49/49/49 46/46/46 48/48/48
f 50/50/50 49/49/49 48/48/48
f 51/51/51 50/50/50 48/48/48
f 52/52/52 51/51/51 48/48/48
f 53/53/53 52/52/52 48/48/48
f 54/54/54 53/53/53 48/48/48
f 47/47/47 54/54/54 48/48/48
f 55/55/55 56/56/56 57/57/57
f 58/58/58 55/55/55 57/57/57
f 59/59/59 58/58/58 57/57/57
f 60/60/60 59/59/59 57/57/57
f 61/61/61 60/60/60 57/57/57
f 62/62/62 61/61/61 57/57/57
f 63/63/63 62/62/62 57/57/57
f 56/56/56 63/63/63 57/57/57
f 64/64/64 65/65/65 66/66/66
f 67/67/67 64/64/64 66/66/66
f 68/68/68 67/67/67 66/66/66
f 69/69/69 68/68/68 66/66/66
f 70/70/70 69/69/69 66/66/66
f 71/71/71 70/70/70 66/66/66
f 72/72/72 71/71/71 66/66/66
f 65/65/65 72/72/72 66/66/66
f 73/73/73 74/74/74 75/75/75
f 76/76/76 73/73/73 75/75/75
f 77/77/77 76/76/76 75/75/75
f 78/78/78 77/77/77 75/75/75
f 79/79/79 78/78/78 75/75/75
f 80/80/80 79/79/79 75/75/75
f 81/81/81 80/80/80 75/75/75
f 74/74/74 81/81/81 75/75/75
f 82/82/82 83/83/83 84/84/84
f 85/85/85 82/82/82 84/84/84
f 86/86/86 85/85/85 84/84/84
f 87/87/87 86/86/86 84/84/84
f 88/88/88 87/87/87 84/84/84
f 89/89/89 88/88/88 84/84/84
f 90/90/90 89/89/89 84/84/84
f 83/83/83 90/90/90 84/84/84
f 91/91/91 92/92/92 93/93/93
f 94/94/94 91/91/91 93/93/93
f 95/95/95 94/94/94 93/93/93
f 96/96/96 95/95/95 93/93/93
f 97/97/97 96/96/96 93/93/93
f 98/98/98 97/97/97 93/93/93
f 99/99/99 98/98/98 93/93/93
f 92/92/92 99/99/99 93/93/93
f 100/100/100 101/101/101 102/102/102
f 103/103/103 100/100/100 102/102/102
f 104/104/104 103/103/103 102/102/102
f 105/105/105 104/104/104 102/102/102
f 106/106/106 105/105/105 102/102/102
f 107/107/107 106/106/106 102/102/102
f 108/108/108 107/107/107 102/102/102
f 101/101/101 108/108/108 102/102/102
f 109/109/109 110/110/110 111/111/111
f 112/112/112 109/109/109 111/111/111
f 113/113/113 112/112/112 111/111/111
f 114/114/114 113/113/113 111/111/111
f 115/115/115 114/114/114 111/111/111
f 116/116/116 115/115/115 111/111/111
f 117/117/117 116/116/116 111/111/111
f 110/110/110 117/117/117 111/111/111
f 118/118/118 119/119/119 120/120/120
f 121/121/121 118/118/118 120/120/120
f 122/122/122 121/121/121 120/120/120
f 123/123/123 122/122/122 120/120/120
f 124/124/124 123/123/123 120/120/120
f 125/125/125 124/124/124 120/120/120
f 126/126/126 125/125/125 120/120/120
f 119/119/119 126/126/126 120/120/120
f 127/127/127 128/128/128 129/129/129
f 127/127/127 129/129/129 130/130/130
f 131/131/131 132/132/132 133/133/133
f 131/131/131 133/133/133 134/134/134
f 134/134/134 133/133/133 135/135/135
f 134/134/134 135/135/135 136/136/136
f 136/136/136 135/135/135 137/137/137
f 136/136/136 137/137/137 138/138/138
f 138/138/138 137/137/137 139/139/139
f 138/138/138 139/139/139 140/140/140
f 141/141/141 142/142/142 128/128/128
f 141/141/141 128/128/128 127/127/127
f 130/130/130 129/129/129 143/143/143
f 130/130/130 143/143/143 144/144/144
f 144/144/144 143/143/143 132/132/132
f 144/144/144 132/132/132 131/131/131
f 145/145/145 146/146/146 147/147/147
f 145/145/145 147/147/147 148/148/148
f 148/148/148 147/147/147 2/2/2
f 148/148/148 2/2/2 1/1/1
f 149/149/149 145/145/145 148/148/148
f 149/149/149 148/148/148 150/150/150
f 150/150/150 148/148/148 1/1/1
f 150/150/150 1/1/1 4/4/4
f 151/151/151 149/149/149 150/150/150
f 151/151/151 150/150/150 152/152/152
f 152/152/152 150/150/150 4/4/4
f 152/152/152 4/4/4 5/5/5
f 153/153/153 151/151/151 152/152/152
f 153/153/153 152/152/152 154/154/154
f 154/154/154 152/152/152 5/5/5
f 154/154/154 5/5/5 6/6/6
f 137/137/137 153/153/153 154/154/154
f 137/137/137 154/154/154 155/155/155
f 155/155/155 154/154/154 6/6/6
f 155/155/155 6/6/6 7/7/7
f 139/139/139 137/137/137 155/155/155
f 139/139/139 155/155/155 156/156/156
f 156/156/156 155/155/155 7/7/7
f 156/156/156 7/7/7 8/8/8
f 157/157/157 139/139/139 156/156/156
f 157/157/157 156/156/156 158/158/158
f 158/158/158 156/156/156 8/8/8
f 158/158/158 8/8/8 9/9/9
f 146/146/146 157/157/157 158/158/158
f 146/146/146 158/158/158 147/147/147
f 147/147/147 158/158/158 9/9/9
f 147/147/147 9/9/9 2/2/2
f 159/159/159 160/160/160 161/161/161
f 159/159/159 161/161/161 162/162/162
f 163/163/163 164/164/164 165/165/165
f 163/163/163 165/165/165 166/166/166
f 166/166/166 165/165/165 167/167/167
f 166/166/166 167/167/167 168/168/168
f 168/168/168 167/167/167 169/169/169
f 168/168/168 169/169/169 170/170/170
f 170/170/170 169/169/169 171/171/171
f 170/170/170 171/171/171 172/172/172
f 173/173/173 174/174/174 160/160/160
f 173/173/173 160/160/160 159/159/159
f 162/162/162 161/161/161 175/175/175
f 162/162/162 175/175/175 176/176/176
f 176/176/176 175/175/175 164/164/164
f 176/176/176 164/164/164 163/163/163
f 177/177/177 178/178/178 179/179/179
f 177/177/177 179/179/179 180/180/180
f 180/180/180 179/179/179 11/11/11
f 180/180/180 11/11/11 10/10/10
f 181/181/181 177/177/177 180/180/180
f 181/181/181 180/180/180 182/182/182
f 182/182/182 180/180/180 10/10/10
f 182/182/182 10/10/10 13/13/13
f 183/183/183 181/181/181 182/182/182
f 183/183/183 182/182/182 184/184/184
f 184/184/184 182/182/182 13/13/13
f 184/184/184 13/13/13 14/14/14
f 185/185/185 183/183/183 184/184/184
f 185/185/185 184/184/184 186/186/186
f 186/186/186 184/184/184 14/14/14
f 186/186/186 14/14/14 15/15/15
f 169/169/169 185/185/185 186/186/186
f 169/169/169 186/186/186 187/187/187
f 187/187/187 186/186/186 15/15/15
f 187/187/187 15/15/15 16/16/16
f 171/171/171 169/169/169 187/187/187
f 171/171/171 187/187/187 188/188/188
f 188/188/188 187/187/187 16/16/16
f 188/188/188 16/16/16 17/17/17
f 189/189/189 171/171/171 188/188/188
f 189/189/189 188/188/188 190/190/190
f 190/190/190 188/188/188 17/17/17
f 190/190/190 17/17/17 18/18/18
f 178/178/178 189/189/189 190/190/190
f 178/178/178 190/190/190 179/179/179
f 179/179/179 190/190/190 18/18/18
f 179/179/179 18/18/18 11/11/11
f 191/191/191 192/192/192 193/193/193
f 191/191/191 193/193/193 194/194/194
f 195/195/195 196/196/196 197/197/197
f 195/195/195 197/197/197 198/198/198
f 198/198/198 197/197/197 199/199/199
f 198/198/198 199/199/199 200/200/200
f 200/200/200 199/199/199 201/201/201
f 200/200/200 201/201/201 202/202/202
f 202/202/202 201/201/201 203/203/203
f 202/202/202 203/203/203 204/204/204
f 205/205/205 206/206/206 192/192/192
f 205/205/205 192/192/192 191/191/191
f 194/194/194 193/193/193 207/207/207
f 194/194/194 207/207/207 208/208/208
f 208/208/208 207/207/207 196/196/196
f 208/208/208 196/196/196 195/195/195
f 209/209/209 210/210/210 211/211/211
f 209/209/209 211/211/211 212/212/212
f 212/212/212 211/211/211 20/20/20
f 212/212/212 20/20/20 19/19/19
f 213/213/213 209/209/209 212/212/212
f 213/213/213 212/212/212 214/214/214
f 214/214/214 212/212/212 19/19/19
f 214/214/214 19/19/19 22/22/22
f 215/215/215 213/213/213 214/214/214
f 215/215/215 214/214/214 216/216/216
f 216/216/216 214/214/214 22/22/22
f 216/216/216 22/22/22 23/23/23
f 217/217/217 215/215/215 216/216/216
f 217/217/217 216/216/216 218/218/218
f 218/218/218 216/216/216 23/23/23
f 218/218/218 23/23/23 24/24/24
f 201/201/201 217/217/217 218/218/218
f 201/201/201 218/218/218 219/219/219
f 219/219/219 218/218/218 24/24/24
f 219/219/219 24/24/24 25/25/25
f 203/203/203 201/201/201 219/219/219
f 203/203/203 219/219/219 220/220/220
f 220/220/220 219/219/219 25/25/25
f 220/220/220 25/25/25 26/26/26
f 221/221/221 203/203/203 220/220/220
f 221/221/221 220/220/220 222/222/222
f 222/222/222 220/220/220 26/26/26
f 222/222/222 26/26/26 27/27/27
f 210/210/210 221/221/221 222/222/222
f 210/210/210 222/222/222 211/211/211
f 211/211/211 222/222/222 27/27/27
f 211/211/211 27/27/27 20/20/20
f 223/223/223 224/224/224 225/225/225
f 223/223/223 225/225/225 226/226/226
f 227/227/227 228/228/228 229/229/229
f 227/227/227 229/229/229 230/230/230
f 230/230/230 229/229/229 231/231/231
f 230/230/230 231/231/231 232/232/232
f 232/232/232 231/231/231 233/233/233
f 232/232/232 233/233/233 234/234/234
f 234/234/234 233/233/233 235/235/235
f 234/234/234 235/235/235 236/236/236
f 237/237/237 238/238/238 224/224/224
f 237/237/237 224/224/224 223/223/223
f 226/226/226 225/225/225 239/239/239
f 226/226/226 239/239/239 240/240/240
f 240/240/240 239/239/239 228/228/228
f 240/240/240 228/228/228 227/227/227
f 241/241/241 242/242/242 243/243/243
f 241/241/241 243/243/243 244/244/244
f 244/244/244 243/243/243 29/29/29
f 244/244/244 29/29/29 28/28/28
f 245/245/245 241/241/241 244/244/244
f 245/245/245 244/244/244 246/246/246
f 246/246/246 244/244/244 28/28/28
f 246/246/246 28/28/28 31/31/31
f 247/247/247 245/245/245 246/246/246
f 247/247/247 246/246/246 248/248/248
f 248/248/248 246/246/246 31/31/31
f 248/248/248 31/31/31 32/32/32
f 249/249/249 247/247/247 248/248/248
f 249/249/249 248/248/248 250/250/250
f 250/250/250 248/248/248 32/32/32
f 250/250/250 32/32/32 33/33/33
f 233/233/233 249/249/249 250/250/250
f 233/233/233 250/250/250 251/251/251
f 251/251/251 250/250/250 33/33/33
f 251/251/251 33/33/33 34/34/34
f 235/235/235 233/233/233 251/251/251
f 235/235/235 251/251/251 252/252/252
f 252/252/252 251/251/251 34/34/34
f 252/252/252 34/34/34 35/35/35
f 253/253/253 235/235/235 252/252/252
f 253/253/253 252/252/252 254/254/254
f 254/254/254 252/252/252 35/35/35
f 254/254/254 35/35/35 36/36/36
f 242/242/242 253/253/253 254/254/254
f 242/242/242 254/254/254 243/243/243
f 243/243/243 254/254/254 36/36/36
f 243/243/243 36/36/36 29/29/29
f 255/255/255 256/256/256 257/257/257
f 255/255/255 257/257/257 258/258/258
f 259/259/259 260/260/260 261/261/261
f 259/259/259 261/261/261 262/262/262
f 262/262/262 261/261/261 263/263/263
f 262/262/262 263/263/263 264/264/264
f 264/264/264 263/263/263 265/265/265
f 264/264/264 265/265/265 266/266/266
f 266/266/266 265/265/265 267/267/267
f 266/266/266 267/267/267 268/268/268
f 269/269/269 270/270/270 256/256/256
f 269/269/269 256/256/256 255/255/255
f 258/258/258 257/257/257 271/271/271
f 258/258/258 271/271/271 272/272/272
f 272/272/272 271/271/271 260/260/260
f 272/272/272 260/260/260 259/259/259
f 273/273/273 274/274/274 275/275/275
f 273/273/273 275/275/275 276/276/276
f 276/276/276 275/275/275 38/38/38
f 276/276/276 38/38/38 37/37/37
f 277/277/277 273/273/273 276/276/276
f 277/277/277 276/276/276 278/278/278
f 278/278/278 276/276/276 37/37/37
f 278/278/278 37/37/37 40/40/40
f 279/279/279 277/277/277 278/278/278
f 279/279/279 278/278/278 280/280/280
f 280/280/280 278/278/278 40/40/40
f 280/280/280 40/40/40 41/41/41
f 281/281/281 279/279/279 280/280/280
f 281/281/281 280/280/280 282/282/282
f 282/282/282 280/280/280 41/41/41
f 282/282/282 41/41/41 42/42/42
f 265/265/265 281/281/281 282/282/282
f 265/265/265 282/282/282 283/283/283
f 283/283/283 282/282/282 42/42/42
f 283/283/283 42/42/42 43/43/43
f 267/267/267 265/265/265 283/283/283
f 267/267/267 283/283/283 284/284/284
f 284/284/284 283/283/283 43/43/43
f 284/284/284 43/43/43 44/44/44
f 285/285/285 267/267/267 284/284/284
f 285/285/285 284/284/284 286/286/286
f 286/286/286 284/284/284 44/44/44
f 286/286/286 44/44/44 45/45/45
f 274/274/274 285/285/285 286/286/286
f 274/274/274 286/286/286 275/275/275
f 275/275/275 286/286/286 45/45/45
f 275/275/275 45/45/45 38/38/38
f 287/287/287 288/288/288 289/289/289
f 287/287/287 289/289/289 290/290/290
f 291/291/291 292/292/292 293/293/293
f 291/291/291 293/293/293 294/294/294
f 294/294/294 293/293/293 295/295/295
f 294/294/294 295/295/295 296/296/296
f 296/296/296 295/295/295 297/297/297
f 296/296/296 297/297/297 298/298/298
f 298/298/298 297/297/297 299/299/299
f 298/298/298 299/299/299 300/300/300
f 301/301/301 302/302/302 288/288/288
f 301/301/301 288/288/288 287/287/287
f 290/290/290 289/289/289 303/303/303
f 290/290/290 303/303/303 304/304/304
f 304/304/304 303/303/303 292/292/292
f 304/304/304 292/292/292 291/291/291
f 305/305/305 306/306/306 307/307/307
f 305/305/305 307/307/307 308/308/308
f 308/308/308 307/307/307 47/47/47
f 308/308/308 47/47/47 46/46/46
f 309/309/309 305/305/305 308/308/308
f 309/309/309 308/308/308 310/310/310
f 310/310/310 308/308/308 46/46/46
f 310/310/310 46/46/46 49/49/49
f 311/311/311 309/309/309 310/310/310
f 311/311/311 310/310/310 312/312/312
f 312/312/312 310/310/310 49/49/49
f 312/312/312 49/49/49 50/50/50
f 313/313/313 311/311/311 312/312/312
f 313/313/313 312/312/312 314/314/314
f 314/314/314 312/312/312 50/50/50
f 314/314/314 50/50/50 51/51/51
f 297/297/297 313/313/313 314/314/314
f 297/297/297 314/314/314 315/315/315
f 315/315/315 314/314/314 51/51/51
f 315/315/315 51/51/51 52/52/52
f 299/299/299 297/297/297 315/315/315
f 299/299/299 315/315/315 316/316/316
f 316/316/316 315/315/315 52/52/52
f 316/316/316 52/52/52 53/53/53
f 317/317/317 299/299/299 316/316/316
f 317/317/317 316/316/316 318/318/318
f 318/318/318 316/316/316 53/53/53
f 318/318/318 53/53/53 54/54/54
f 306/306/306 317/317/317 318/318/318
f 306/306/306 318/318/318 307/307/307
f 307/307/307 318/318/318 54/54/54
f 307/307/307 54/54/54 47/47/47
f 319/319/319 320/320/320 321/321/321
f 319/319/319 321/321/321 322/322/322
f 323/323/323 324/324/324 325/325/325
f 323/323/323 325/325/325 326/326/326
f 326/326/326 325/325/325 327/327/327
f 326/326/326 327/327/327 328/328/328
f 328/328/328 327/327/327 329/329/329
f 328/328/328 329/329/329 330/330/330
f 330/330/330 329/329/329 331/331/331
f 330/330/330 331/331/331 332/332/332
f 333/333/333 334/334/334 320/320/320
f 333/333/333 320/320/320 319/319/319
f 322/322/322 321/321/321 335/335/335
f 322/322/322 335/335/335 336/336/336
f 336/336/336 335/335/335 324/324/324
f 336/336/336 324/324/324 323/323/323
f 337/337/337 338/338/338 339/339/339
f 337/337/337 339/339/339 340/340/340
f 340/340/340 339/339/339 56/56/56
f 340/340/340 56/56/56 55/55/55
f 341/341/341 337/337/337 340/340/340
f 341/341/341 340/340/340 342/342/342
f 342/342/342 340/340/340 55/55/55
f 342/342/342 55/55/55 58/58/58
f 343/343/343 341/341/341 342/342/342
f 343/343/343 342/342/342 344/344/344
f 344/344/344 342/342/342 58/58/58
f 344/344/344 58/58/58 59/59/59
f 345/345/345 343/343/343 344/344/344
f 345/345/345 344/344/344 346/346/346
f 346/346/346 344/344/344 59/59/59
f 346/346/346 59/59/59 60/60/60
f 329/329/329 345/345/345 346/346/346
f 329/329/329 346/346/346 347/347/347
f 347/347/347 346/346/346 60/60/60
f 347/347/347 60/60/60 61/61/61
f 331/331/331 329/329/329 347/347/347
f 331/331/331 347/347/347 348/348/348
f 348/348/348 347/347/347 61/61/61
f 348/348/348 61/61/61 62/62/62
f 349/349/349 331/331/331 348/348/348
f 349/349/349 348/348/348 350/350/350
f 350/350/350 348/348/348 62/62/62
f 350/350/350 62/62/62 63/63/63
f 338/338/338 349/349/349 350/350/350
f 338/338/338 350/350/350 339/339/339
f 339/339/339 350/350/350 63/63/63
f 339/339/339 63/63/63 56/56/56
f 351/351/351 352/352/352 353/353/353
f 351/351/351 353/353/353 354/354/354
f 355/355/355 356/356/356 357/357/357
f 355/355/355 357/357/357 358/358/358
f 358/358/358 357/357/357 359/359/359
f 358/358/358 359/359/359 360/360/360
f 360/360/360 359/359/359 361/361/361
f 360/360/360 361/361/361 362/362/362
f 362/362/362 361/361/361 363/363/363
f 362/362/362 363/363/363 364/364/364
f 365/365/365 366/366/366 352/352/352
f 365/365/365 352/352/352 351/351/351
f 354/354/354 353/353/353 367/367/367
f 354/354/354 367/367/367 368/368/368
f 368/368/368 367/367/367 356/356/356
f 368/368/368 356/356/356 355/355/355
f 369/369/369 370/370/370 371/371/371
f 369/369/369 371/371/371 372/372/372
f 372/372/372 371/371/371 65/65/65
f 372/372/372 65/65/65 64/64/64
f 373/373/373 369/369/369 372/372/372
f 373/373/373 372/372/372 374/374/374
f 374/374/374 372/372/372 64/64/64
f 374/374/374 64/64/64 67/67/67
f 375/375/375 373/373/373 374/374/374
f 375/375/375 374/374/374 376/376/376
f 376/376/376 374/374/374 67/67/67
f 376/376/376 67/67/67 68/68/68
f 377/377/377 375/375/375 376/376/376
f 377/377/377 376/376/376 378/378/378
f 378/378/378 376/376/376 68/68/68
f 378/378/378 68/68/68 69/69/69
f 361/361/361 377/377/377 378/378/378
f 361/361/361 378/378/378 379/379/379
f 379/379/379 378/378/378 69/69/69
f 379/379/379 69/69/69 70/70/70
f 363/363/363 361/361/361 379/379/379
f 363/363/363 379/379/379 380/380/380
f 380/380/380 379/379/379 70/70/70
f 380/380/380 70/70/70 71/71/71
f 381/381/381 363/363/363 380/380/380
f 381/381/381 380/380/380 382/382/382
f 382/382/382 380/380/380 71/71/71
f 382/382/382 71/71/71 72/72/72
f 370/370/370 381/381/381 382/382/382
f 370/370/370 382/382/382 371/371/371
f 371/371/371 382/382/382 72/72/72
f 371/371/371 72/72/72 65/65/65
f 383/383/383 384/384/384 385/385/385
f 383/383/383 385/385/385 386/386/386
f 387/387/387 388/388/388 389/389/389
f 387/387/387 389/389/389 390/390/390
f 390/390/390 389/389/389 391/391/391
f 390/390/390 391/391/391 392/392/392
f 392/392/392 391/391/391 393/393/393
f 392/392/392 393/393/393 394/394/394
f 394/394/394 393/393/393 395/395/395
f 394/394/394 395/395/395 396/396/396
f 397/397/397 398/398/398 384/384/384
f 397/397/397 384/384/384 383/383/383
f 386/386/386 385/385/385 399/399/399
f 386/386/386 399/399/399 400/400/400
f 400/400/400 399/399/399 388/388/388
f 400/400/400 388/388/388 387/387/387
f 401/401/401 402/402/402 403/403/403
f 401/401/401 403/403/403 404/404/404
f 404/404/404 403/403/403 74/74/74
f 404/404/404 74/74/74 73/73/73
f 405/405/405 401/401/401 404/404/404
f 405/405/405 404/404/404 406/406/406
f 406/406/406 404/404/404 73/73/73
f 406/406/406 73/73/73 76/76/76
f 407/407/407 405/405/405 406/406/406
f 407/407/407 406/406/406 408/408/408
f 408/408/408 406/406/406 76/76/76
f 408/408/408 76/76/76 77/77/77
f 409/409/409 407/407/407 408/408/408
f 409/409/409 408/408/408 410/410/410
f 410/410/410 408/408/408 77/77/77
f 410/410/410 77/77/77 78/78/78
f 393/393/393 409/409/409 410/410/410
f 393/393/393 410/410/410 411/411/411
f 411/411/411 410/410/410 78/78/78
f 411/411/411 78/78/78 79/79/79
f 395/395/395 393/393/393 411/411/411
f 395/395/395 411/411/411 412/412/412
f 412/412/412 411/411/411 79/79/79
f 412/412/412 79/79/79 80/80/80
f 413/413/413 395/395/395 412/412/412
f 413/413/413 412/412/412 414/414/414
f 414/414/414 412/412/412 80/80/80
f 414/414/414 80/80/80 81/81/81
f 402/402/402 413/413/413 414/414/414
f 402/402/402 414/414/414 403/403/403
f 403/403/403 414/414/414 81/81/81
f 403/403/403 81/81/81 74/74/74
f 415/415/415 416/416/416 417/417/417
f 415/415/415 417/417/417 418/418/418
f 419/419/419 420/420/420 421/421/421
f 419/419/419 421/421/421 422/422/422
f 422/422/422 421/421/421 423/423/423
f 422/422/422 423/423/423 424/424/424
f 424/424/424 423/423/423 425/425/425
f 424/424/424 425/425/425 426/426/426
f 426/426/426 425/425/425 427/427/427
f 426/426/426 427/427/427 428/428/428
f 429/429/429 430/430/430 416/416/416
f 429/429/429 416/416/416 415/415/415
f 418/418/418 417/417/417 431/431/431
f 418/418/418 431/431/431 432/432/432
f 432/432/432 431/431/431 420/420/420
f 432/432/432 420/420/420 419/419/419
f 433/433/433 434/434/434 435/435/435
f 433/433/433 435/435/435 436/436/436
f 436/436/436 435/435/435 83/83/83
f 436/436/436 83/83/83 82/82/82
f 437/437/437 433/433/433 436/436/436
f 437/437/437 436/436/436 438/438/438
f 438/438/438 436/436/436 82/82/82
f 438/438/438 82/82/82 85/85/85
f 439/439/439 437/437/437 438/438/438
f 439/439/439 438/438/438 440/440/440
f 440/440/440 438/438/438 85/85/85
f 440/440/440 85/85/85 86/86/86
f 441/441/441 439/439/439 440/440/440
f 441/441/441 440/440/440 442/442/442
f 442/442/442 440/440/440 86/86/86
f 442/442/442 86/86/86 87/87/87
f 425/425/425 441/441/441 442/442/442
f 425/425/425 442/442/442 443/443/443
f 443/443/443 442/442/442 87/87/87
f 443/443/443 87/87/87 88/88/88
f 427/427/427 425/425/425 443/443/443
f 427/427/427 443/443/443 444/444/444
f 444/444/444 443/443/443 88/88/88
f 444/444/444 88/88/88 89/89/89
f 445/445/445 427/427/427 444/444/444
f 445/445/445 444/444/444 446/446/446
f 446/446/446 444/444/444 89/89/89
f 446/446/446 89/89/89 90/90/90
f 434/434/434 445/445/445 446/446/446
f 434/434/434 446/446/446 435/435/435
f 435/435/435 446/446/446 90/90/90
f 435/435/435 90/90/90 83/83/83
f 447/447/447 448/448/448 449/449/449
f 447/447/447 449/449/449 450/450/450
f 451/451/451 452/452/452 453/453/453
f 451/451/451 453/453/453 454/454/454
f 454/454/454 453/453/453 455/455/455
f 454/454/454 455/455/455 456/456/456
f 456/456/456 455/455/455 457/457/457
f 456/456/456 457/457/457 458/458/458
f 458/458/458 457/457/457 459/459/459
f 458/458/458 459/459/459 460/460/460
f 461/461/461 462/462/462 448/448/448
f 461/461/461 448/448/448 447/447/447
f 450/450/450 449/449/449 463/463/463
f 450/450/450 463/463/463 464/464/464
f 464/464/464 463/463/463 452/452/452
f 464/464/464 452/452/452 451/451/451
f 465/465/465 466/466/466 467/467/467
f 465/465/465 467/467/467 468/468/468
f 468/468/468 467/467/467 92/92/92
f 468/468/468 92/92/92 91/91/91
f 469/469/469 465/465/465 468/468/468
f 469/469/469 468/468/468 470/470/470
f 470/470/470 468/468/468 91/91/91
f 470/470/470 91/91/91 94/94/94
f 471/471/471 469/469/469 470/470/470
f 471/471/471 470/470/470 472/472/472
f 472/472/472 470/470/470 94/94/94
f 472/472/472 94/94/94 95/95/95
f 473/473/473 471/471/471 472/472/472
f 473/473/473 472/472/472 474/474/474
f 474/474/474 472/472/472 95/95/95
f 474/474/474 95/95/95 96/96/96
f 457/457/457 473/473/473 474/474/474
f 457/457/457 474/474/474 475/475/475
f 475/475/475 474/474/474 96/96/96
f 475/475/475 96/96/96 97/97/97
f 459/459/459 457/457/457 475/475/475
f 459/459/459 475/475/475 476/476/476
f 476/476/476 475/475/475 97/97/97
f 476/476/476 97/97/97 98/98/98
f 477/477/477 459/459/459 476/476/476
f 477/477/477 476/476/476 478/478/478
f 478/478/478 476/476/476 98/98/98
f 478/478/478 98/98/98 99/99/99
f 466/466/466 477/477/477 478/478/478
f 466/466/466 478/478/478 467/467/467
f 467/467/467 478/478/478 99/99/99
f 467/467/467 99/99/99 92/92/92
f 479/479/479 480/480/480 481/481/481
f 479/479/479 481/481/481 482/482/482
f 483/483/483 484/484/484 485/485/485
f 483/483/483 485/485/485 486/486/486
f 486/486/486 485/485/485 487/487/487
f 486/486/486 487/487/487 488/488/488
f 488/488/488 487/487/487 489/489/489
f 488/488/488 489/489/489 490/490/490
f 490/490/490 489/489/489 491/491/491
f 490/490/490 491/491/491 492/492/492
f 493/493/493 494/494/494 480/480/480
f 493/493/493 480/480/480 479/479/479
f 482/482/482 481/481/481 495/495/495
f 482/482/482 495/495/495 496/496/496
f 496/496/496 495/495/495 484/484/484
f 496/496/496 484/484/484 483/483/483
f 497/497/497 498/498/498 499/499/499
f 497/497/497 499/499/499 500/500/500
f 500/500/500 499/499/499 101/101/101
f 500/500/500 101/101/101 100/100/100
f 501/501/501 497/497/497 500/500/500
f 501/501/501 500/500/500 502/502/502
f 502/502/502 500/500/500 100/100/100
f 502/502/502 100/100/100 103/103/103
f 503/503/503 501/501/501 502/502/502
f 503/503/503 502/502/502 504/504/504
f 504/504/504 502/502/502 103/103/103
f 504/504/504 103/103/103 104/104/104
f 505/505/505 503/503/503 504/504/504
f 505/505/505 504/504/504 506/506/506
f 506/506/506 504/504/504 104/104/104
f 506/506/506 104/104/104 105/105/105
f 489/489/489 505/505/505 506/506/506
f 489/489/489 506/506/506 507/507/507
f 507/507/507 506/506/506 105/105/105
f 507/507/507 105/105/105 106/106/106
f 491/491/491 489/489/489 507/507/507
f 491/491/491 507/507/507 508/508/508
f 508/508/508 507/507/507 106/106/106
f 508/508/508 106/106/106 107/107/107
f 509/509/509 491/491/491 508/508/508
f 509/509/509 508/508/508 510/510/510
f 510/510/510 508/508/508 107/107/107
f 510/510/510 107/107/107 108/108/108
f 498/498/498 509/509/509 510/510/510
f 498/498/498 510/510/510 499/499/499
f 499/499/499 510/510/510 108/108/108
f 499/499/499 108/108/108 101/101/101
f 511/511/511 512/512/512 513/513/513
f 511/511/511 513/513/513 514/514/514
f 515/515/515 516/516/516 517/517/517
f 515/515/515 517/517/517 518/518/518
f 518/518/518 517/517/517 519/519/519
f 518/518/518 519/519/519 520/520/520
f 520/520/520 519/519/519 521/521/521
f 520/520/520 521/521/521 522/522/522
f 522/522/522 521/521/521 523/523/523
f 522/522/522 523/523/523 524/524/524
f 525/525/525 526/526/526 512/512/512
f 525/525/525 512/512/512 511/511/511
f 514/514/514 513/513/513 527/527/527
f 514/514/514 527/527/527 528/528/528
f 528/528/528 527/527/527 516/516/516
f 528/528/528 516/516/516 515/515/515
f 529/529/529 530/530/530 531/531/531
f 529/529/529 531/531/531 532/532/532
f 532/532/532 531/531/531 110/110/110
f 532/532/532 110/110/110 109/109/109
f 533/533/533 529/529/529 532/532/532
f 533/533/533 532/532/532 534/534/534
f 534/534/534 532/532/532 109/109/109
f 534/534/534 109/109/109 112/112/112
f 535/535/535 533/533/533 534/534/534
f 535/535/535 534/534/534 536/536/536
f 536/536/536 534/534/534 112/112/112
f 536/536/536 112/112/112 113/113/113
f 537/537/537 535/535/535 536/536/536
f 537/537/537 536/536/536 538/538/538
f 538/538/538 536/536/536 113/113/113
f 538/538/538 113/113/113 114/114/114
f 521/521/521 537/537/537 538/538/538
f 521/521/521 538/538/538 539/539/539
f 539/539/539 538/538/538 114/114/114
f 539/539/539 114/114/114 115/115/115
f 523/523/523 521/521/521 539/539/539
f 523/523/523 539/539/539 540/540/540
f 540/540/540 539/539/539 115/115/115
f 540/540/540 115/115/115 116/116/116
f 541/541/541 523/523/523 540/540/540
f 541/541/541 540/540/540 542/542/542
f 542/542/542 540/540/540 116/116/116
f 542/542/542 116/116/116 117/117/117
f 530/530/530 541/541/541 542/542/542
f 530/530/530 542/542/542 531/531/531
f 531/531/531 542/542/542 117/117/117
f 531/531/531 117/117/117 110/110/110
f 543/543/543 544/544/544 545/545/545
f 543/543/543 545/545/545 546/546/546
f 547/547/547 548/548/548 549/549/549
f 547/547/547 549/549/549 550/550/550
f 550/550/550 549/549/549 551/551/551
f 550/550/550 551/551/551 552/552/552
f 552/552/552 551/551/551 553/553/553
f 552/552/552 553/553/553 554/554/554
f 554/554/554 553/553/553 555/555/555
f 554/554/554 555/555/555 556/556/556
f 557/557/557 558/558/558 544/544/544
f 557/557/557 544/544/544 543/543/543
f 546/546/546 545/545/545 559/559/559
f 546/546/546 559/559/559 560/560/560
f 560/560/560 559/559/559 548/548/548
f 560/560/560 548/548/548 547/547/547
f 561/561/561 562/562/562 563/563/563
f 561/561/561 563/563/563 564/564/564
f 564/564/564 563/563/563 119/119/119
f 564/564/564 119/119/119 118/118/118
f 565/565/565 561/561/561 564/564/564
f 565/565/565 564/564/564 566/566/566
f 566/566/566 564/564/564 118/118/118
f 566/566/566 118/118/118 121/121/121
f 567/567/567 565/565/565 566/566/566
f 567/567/567 566/566/566 568/568/568
f 568/568/568 566/566/566 121/121/121
f 568/568/568 121/121/121 122/122/122
f 569/569/569 567/567/567 568/568/568
f 569/569/569 568/568/568 570/570/570
f 570/570/570 568/568/568 122/122/122
f 570/570/570 122/122/122 123/123/123
f 553/553/553 569/569/569 570/570/570
f 553/553/553 570/570/570 571/571/571
f 571/571/571 570/570/570 123/123/123
f 571/571/571 123/123/123 124/124/124
f 555/555/555 553/553/553 571/571/571
f 555/555/555 571/571/571 572/572/572
f 572/572/572 571/571/571 124/124/124
f 572/572/572 124/124/124 125/125/125
f 573/573/573 555/555/555 572/572/572
f 573/573/573 572/572/572 574/574/574
f 574/574/574 572/572/572 125/125/125
f 574/574/574 125/125/125 126/126/126
f 562/562/562 573/573/573 574/574/574
f 562/562/562 574/574/574 563/563/563
f 563/563/563 574/574/574 126/126/126
f 563/563/563 126/126/126 119/119/119
o Prop_Exit_Sign_Housing
g Prop_Exit_Sign_Housing
usemtl Exit_Sign
v -4955.6515 223.0370 -437.7705
v -4955.6515 223.1260 -437.8544
v -4955.5622 223.1260 -437.7705
v -4955.6515 238.6245 -437.7705
v -4955.5622 238.5355 -437.7705
v -4955.6515 238.5355 -437.8544
v -4977.5208 223.0370 -437.7705
v -4977.6104 223.1260 -437.7705
v -4977.5208 223.1260 -437.8544
v -4977.5208 238.6245 -437.7705
v -4977.5208 238.5355 -437.8544
v -4977.6104 238.5355 -437.7705
v -3674.6616 223.0370 1288.8948
v -3674.7456 223.1260 1288.8948
v -3674.6616 223.1260 1288.8063
v -3674.6616 238.6245 1288.8948
v -3674.6616 238.5355 1288.8063
v -3674.7456 238.5355 1288.8948
v -3674.6616 223.0370 1310.5570
v -3674.6616 223.1260 1310.6455
v -3674.7456 223.1260 1310.5570
v -3674.6616 238.6245 1310.5570
v -3674.7456 238.5355 1310.5570
v -3674.6616 238.5355 1310.6455
v -4957.0938 224.4370 -432.7533
v -4976.0784 224.4370 -432.7533
v -4976.3821 224.1345 -432.7533
v -4956.7902 224.1345 -432.7533
v -4977.5208 238.6245 -437.7705
v -4977.5208 238.6245 -436.8490
v -4955.6515 238.6245 -436.8490
v -4955.6515 238.6245 -437.7705
v -4955.5622 238.5355 -436.8490
v -4955.5622 223.1260 -436.8490
v -4977.6104 223.1260 -436.8490
v -4977.6104 238.5355 -436.8490
v -4956.6181 223.9758 -432.8055
v -4976.5545 223.9758 -432.8055
v -4977.4269 223.1067 -433.4561
v -4955.7457 223.1067 -433.4561
v -4977.5208 238.6245 -433.7549
v -4977.5208 238.6245 -433.5922
v -4955.6515 238.6245 -433.5922
v -4955.6515 238.6245 -433.7549
v -4955.5622 223.1260 -433.7549
v -4955.5622 238.5355 -433.7549
v -4955.5622 238.5355 -433.5922
v -4955.5622 223.1260 -433.5922
v -4977.6104 223.1260 -433.5922
v -4977.6104 238.5355 -433.5922
v -4977.6104 238.5355 -433.7549
v -4977.6104 223.1260 -433.7549
v -4976.6678 224.0888 -432.8055
v -4976.6678 237.5726 -432.8055
v -4977.5402 238.4417 -433.4561
v -4977.5402 223.2198 -433.4561
v -4976.5545 237.6857 -432.8055
v -4956.6181 237.6857 -432.8055
v -4955.7457 238.5548 -433.4561
v -4977.4269 238.5548 -433.4561
v -4956.5044 237.5726 -432.8055
v -4956.5044 224.0888 -432.8055
v -4955.6320 223.2198 -433.4561
v -4955.6320 238.4417 -433.4561
v -4956.9675 237.0985 -432.7533
v -4956.9675 224.5630 -432.7533
v -4956.6639 224.2604 -432.7533
v -4956.6639 237.4011 -432.7533
v -4976.0784 237.2244 -432.7533
v -4957.0938 237.2244 -432.7533
v -4956.7902 237.5270 -432.7533
v -4976.3821 237.5270 -432.7533
v -4976.2047 224.5630 -432.7533
v -4976.2047 237.0985 -432.7533
v -4976.5083 237.4011 -432.7533
v -4976.5083 224.2604 -432.7533
v -4977.5208 223.0370 -433.5922
v -4977.5208 223.0370 -433.7549
v -4955.6515 223.0370 -433.7549
v -4955.6515 223.0370 -433.5922
v -4977.5208 223.0370 -436.8490
v -4977.5208 238.6245 -436.8490
v -4955.6515 223.0370 -437.7705
v -4977.5208 223.0370 -437.7705
v -4955.6515 223.0370 -436.8490
v -4955.6515 238.6245 -436.8490
v -4977.5208 223.0370 -436.8490
v -4955.6515 223.0370 -436.8490
v -4977.6104 223.1260 -436.8490
v -4977.5208 223.0370 -436.8490
v -4977.4803 223.1350 -436.8490
v -4977.5120 223.1666 -436.8490
v -4977.5208 238.6245 -436.8490
v -4977.6104 238.5355 -436.8490
v -4977.5120 238.4948 -436.8490
v -4977.4803 238.5265 -436.8490
v -4955.6515 223.0370 -436.8490
v -4955.5622 223.1260 -436.8490
v -4955.6606 223.1666 -436.8490
v -4955.6923 223.1350 -436.8490
v -4955.5622 238.5355 -436.8490
v -4955.6515 238.6245 -436.8490
v -4955.6923 238.5265 -436.8490
v -4955.6606 238.4948 -436.8490
v -4977.5208 223.0370 -433.7549
v -4977.6104 223.1260 -433.7549
v -4977.5120 223.1666 -433.7549
v -4977.4803 223.1350 -433.7549
v -4977.6104 238.5355 -433.7549
v -4977.5208 238.6245 -433.7549
v -4977.4803 238.5265 -433.7549
v -4977.5120 238.4948 -433.7549
v -4955.5622 223.1260 -433.7549
v -4955.6515 223.0370 -433.7549
v -4955.6923 223.1350 -433.7549
v -4955.6606 223.1666 -433.7549
v -4955.6515 238.6245 -433.7549
v -4955.5622 238.5355 -433.7549
v -4955.6606 238.4948 -433.7549
v -4955.6923 238.5265 -433.7549
v -4957.0938 224.4370 -432.7533
v -4956.9675 224.5630 -432.7533
v -4956.9675 224.5630 -432.8534
v -4957.0938 224.4370 -432.8534
v -4976.2047 224.5630 -432.7533
v -4976.0784 224.4370 -432.7533
v -4976.0784 224.4370 -432.8534
v -4976.2047 224.5630 -432.8534
v -4956.9675 237.0985 -432.7533
v -4957.0938 237.2244 -432.7533
v -4957.0938 237.2244 -432.8534
v -4956.9675 237.0985 -432.8534
v -4976.0784 237.2244 -432.7533
v -4976.2047 237.0985 -432.7533
v -4976.2047 237.0985 -432.8534
v -4976.0784 237.2244 -432.8534
v -4977.5208 223.0370 -436.8490
v -4955.6515 223.0370 -436.8490
v -4955.6923 223.1350 -436.8490
v -4977.4803 223.1350 -436.8490
v -4955.6515 238.6245 -436.8490
v -4977.5208 238.6245 -436.8490
v -4977.4803 238.5265 -436.8490
v -4955.6923 238.5265 -436.8490
v -4977.5120 223.1666 -436.9010
v -4977.4803 223.1350 -436.9010
v -4977.4803 223.1350 -433.7138
v -4977.5120 223.1666 -433.7138
v -4955.6923 223.1350 -436.9010
v -4955.6606 223.1666 -436.9010
v -4955.6606 223.1666 -433.7138
v -4955.6923 223.1350 -433.7138
v -4955.6606 238.4948 -436.9010
v -4955.6606 238.4948 -433.7138
v -4977.5120 238.4948 -436.9010
v -4977.5120 238.4948 -433.7138
v -4977.4803 238.5265 -436.9010
v -4977.4803 238.5265 -433.7138
v -4955.6606 238.4948 -436.9010
v -4955.6923 238.5265 -436.9010
v -4955.6923 238.5265 -433.7138
v -4955.6606 238.4948 -433.7138
v -3669.6445 224.4370 1290.3236
v -3669.6445 224.4370 1309.1282
v -3669.6445 224.1345 1309.4290
v -3669.6445 224.1345 1290.0229
v -3674.6616 238.6245 1310.5570
v -3673.7404 238.6245 1310.5570
v -3673.7404 238.6245 1288.8948
v -3674.6616 238.6245 1288.8948
v -3673.7404 238.5355 1288.8063
v -3673.7404 223.1260 1288.8063
v -3673.7404 223.1260 1310.6455
v -3673.7404 238.5355 1310.6455
v -3669.6968 223.9758 1289.8521
v -3669.6968 223.9758 1309.5997
v -3670.3472 223.1067 1310.4639
v -3670.3472 223.1067 1288.9881
v -3670.6463 238.6245 1310.5570
v -3670.4834 238.6245 1310.5570
v -3670.4834 238.6245 1288.8948
v -3670.6463 238.6245 1288.8948
v -3670.6463 223.1260 1288.8063
v -3670.6463 238.5355 1288.8063
v -3670.4834 238.5355 1288.8063
v -3670.4834 223.1260 1288.8063
v -3670.4834 223.1260 1310.6455
v -3670.4834 238.5355 1310.6455
v -3670.6463 238.5355 1310.6455
v -3670.6463 223.1260 1310.6455
v -3669.6968 224.0888 1309.7122
v -3669.6968 237.5726 1309.7122
v -3670.3472 238.4417 1310.5762
v -3670.3472 223.2198 1310.5762
v -3669.6968 237.6857 1309.5997
v -3669.6968 237.6857 1289.8521
v -3670.3472 238.5548 1288.9881
v -3670.3472 238.5548 1310.4639
v -3669.6968 237.5726 1289.7398
v -3669.6968 224.0888 1289.7398
v -3670.3472 223.2198 1288.8758
v -3670.3472 238.4417 1288.8758
v -3669.6445 237.0985 1290.1985
v -3669.6445 224.5630 1290.1985
v -3669.6445 224.2604 1289.8977
v -3669.6445 237.4011 1289.8977
v -3669.6445 237.2244 1309.1282
v -3669.6445 237.2244 1290.3236
v -3669.6445 237.5270 1290.0229
v -3669.6445 237.5270 1309.4290
v -3669.6445 224.5630 1309.2533
v -3669.6445 237.0985 1309.2533
v -3669.6445 237.4011 1309.5543
v -3669.6445 224.2604 1309.5543
v -3670.4834 223.0370 1310.5570
v -3670.6463 223.0370 1310.5570
v -3670.6463 223.0370 1288.8948
v -3670.4834 223.0370 1288.8948
v -3673.7404 223.0370 1310.5570
v -3673.7404 238.6245 1310.5570
v -3674.6616 223.0370 1288.8948
v -3674.6616 223.0370 1310.5570
v -3673.7404 223.0370 1288.8948
v -3673.7404 238.6245 1288.8948
v -3673.7404 223.0370 1310.5570
v -3673.7404 223.0370 1288.8948
v -3673.7404 223.1260 1310.6455
v -3673.7404 223.0370 1310.5570
v -3673.7404 223.1350 1310.5165
v -3673.7404 223.1666 1310.5482
v -3673.7404 238.6245 1310.5570
v -3673.7404 238.5355 1310.6455
v -3673.7404 238.4948 1310.5482
v -3673.7404 238.5265 1310.5165
v -3673.7404 223.0370 1288.8948
v -3673.7404 223.1260 1288.8063
v -3673.7404 223.1666 1288.9038
v -3673.7404 223.1350 1288.9353
v -3673.7404 238.5355 1288.8063
v -3673.7404 238.6245 1288.8948
v -3673.7404 238.5265 1288.9353
v -3673.7404 238.4948 1288.9038
v -3670.6463 223.0370 1310.5570
v -3670.6463 223.1260 1310.6455
v -3670.6463 223.1666 1310.5482
v -3670.6463 223.1350 1310.5165
v -3670.6463 238.5355 1310.6455
v -3670.6463 238.6245 1310.5570
v -3670.6463 238.5265 1310.5165
v -3670.6463 238.4948 1310.5482
v -3670.6463 223.1260 1288.8063
v -3670.6463 223.0370 1288.8948
v -3670.6463 223.1350 1288.9353
v -3670.6463 223.1666 1288.9038
v -3670.6463 238.6245 1288.8948
v -3670.6463 238.5355 1288.8063
v -3670.6463 238.4948 1288.9038
v -3670.6463 238.5265 1288.9353
v -3669.6445 224.4370 1290.3236
v -3669.6445 224.5630 1290.1985
v -3669.7445 224.5630 1290.1985
v -3669.7445 224.4370 1290.3236
v -3669.6445 224.5630 1309.2533
v -3669.6445 224.4370 1309.1282
v -3669.7445 224.4370 1309.1282
v -3669.7445 224.5630 1309.2533
v -3669.6445 237.0985 1290.1985
v -3669.6445 237.2244 1290.3236
v -3669.7445 237.2244 1290.3236
v -3669.7445 237.0985 1290.1985
v -3669.6445 237.2244 1309.1282
v -3669.6445 237.0985 1309.2533
v -3669.7445 237.0985 1309.2533
v -3669.7445 237.2244 1309.1282
v -3673.7404 223.0370 1310.5570
v -3673.7404 223.0370 1288.8948
v -3673.7404 223.1350 1288.9353
v -3673.7404 223.1350 1310.5165
v -3673.7404 238.6245 1288.8948
v -3673.7404 238.6245 1310.5570
v -3673.7404 238.5265 1310.5165
v -3673.7404 238.5265 1288.9353
v -3673.7923 223.1666 1310.5482
v -3673.7923 223.1350 1310.5165
v -3670.6051 223.1350 1310.5165
v -3670.6051 223.1666 1310.5482
v -3673.7923 223.1350 1288.9353
v -3673.7923 223.1666 1288.9038
v -3670.6051 223.1666 1288.9038
v -3670.6051 223.1350 1288.9353
v -3673.7923 238.4948 1288.9038
v -3670.6051 238.4948 1288.9038
v -3673.7923 238.4948 1310.5482
v -3670.6051 238.4948 1310.5482
v -3673.7923 238.5265 1310.5165
v -3670.6051 238.5265 1310.5165
v -3673.7923 238.4948 1288.9038
v -3673.7923 238.5265 1288.9353
v -3670.6051 238.5265 1288.9353
v -3670.6051 238.4948 1288.9038
vt 0.55630 0.98511
vt 0.55495 0.98375
vt 0.55466 0.98538
vt 0.34597 0.98510
vt 0.34761 0.98538
vt 0.34731 0.98375
vt 0.55630 0.68883
vt 0.55466 0.68855
vt 0.55495 0.69018
vt 0.34597 0.68883
vt 0.34731 0.69019
vt 0.34760 0.68856
vt 0.10594 0.68877
vt 0.10729 0.69013
vt 0.10758 0.68850
vt 0.31627 0.68878
vt 0.31463 0.68851
vt 0.31493 0.69014
vt 0.10594 0.98507
vt 0.10758 0.98534
vt 0.10729 0.98371
vt 0.31627 0.98506
vt 0.31493 0.98370
vt 0.31463 0.98533
vt 0.11539 0.64770
vt 0.11479 0.38437
vt 0.11075 0.38007
vt 0.11130 0.65213
vt 0.34561 0.69019
vt 0.33244 0.69019
vt 0.33244 0.98375
vt 0.34562 0.98375
vt 0.34760 0.99849
vt 0.55466 0.99850
vt 0.55466 0.67543
vt 0.34760 0.67545
vt 0.10933 0.65474
vt 0.10883 0.37755
vt 0.09456 0.36411
vt 0.09506 0.66834
vt 0.31727 0.35984
vt 0.31585 0.36106
vt 0.31593 0.66979
vt 0.31729 0.67094
vt 0.09327 0.67313
vt 0.31621 0.67217
vt 0.31498 0.67078
vt 0.09459 0.67163
vt 0.09409 0.36096
vt 0.31486 0.36001
vt 0.31618 0.35852
vt 0.09286 0.35957
vt 0.10984 0.37657
vt 0.29906 0.37592
vt 0.31260 0.36150
vt 0.09630 0.36234
vt 0.30010 0.37691
vt 0.30027 0.65418
vt 0.31452 0.66763
vt 0.31439 0.36331
vt 0.29925 0.65517
vt 0.11038 0.65574
vt 0.09686 0.67014
vt 0.31278 0.66939
vt 0.29246 0.64920
vt 0.11728 0.64957
vt 0.11293 0.65372
vt 0.29676 0.65325
vt 0.29405 0.38395
vt 0.29430 0.64736
vt 0.29834 0.65167
vt 0.29814 0.37952
vt 0.11664 0.38255
vt 0.29215 0.38209
vt 0.29651 0.37793
vt 0.11233 0.37850
vt 0.09315 0.36195
vt 0.09178 0.36080
vt 0.09219 0.67181
vt 0.09361 0.67059
vt 0.55628 0.67519
vt 0.34599 0.67521
vt 0.55665 0.98375
vt 0.55665 0.69018
vt 0.55627 0.99874
vt 0.34599 0.99873
vt 0.56982 0.69018
vt 0.56982 0.98375
vt 0.55466 0.67543
vt 0.55628 0.67519
vt 0.55530 0.67393
vt 0.55444 0.67411
vt 0.34599 0.67521
vt 0.34760 0.67545
vt 0.34782 0.67413
vt 0.34696 0.67395
vt 0.55627 0.99874
vt 0.55466 0.99850
vt 0.55444 0.99982
vt 0.55530 1.00000
vt 0.34760 0.99849
vt 0.34599 0.99873
vt 0.34697 0.99999
vt 0.34783 0.99981
vt 0.09178 0.36080
vt 0.09286 0.35957
vt 0.09240 0.35883
vt 0.09109 0.36009
vt 0.31618 0.35852
vt 0.31727 0.35984
vt 0.31798 0.35910
vt 0.31665 0.35780
vt 0.09327 0.67313
vt 0.09219 0.67181
vt 0.09148 0.67254
vt 0.09280 0.67385
vt 0.31729 0.67094
vt 0.31621 0.67217
vt 0.31667 0.67291
vt 0.31798 0.67165
vt 0.11539 0.64770
vt 0.11728 0.64957
vt 0.11790 0.64847
vt 0.11648 0.64703
vt 0.11664 0.38255
vt 0.11479 0.38437
vt 0.11580 0.38497
vt 0.11723 0.38360
vt 0.29246 0.64920
vt 0.29430 0.64736
vt 0.29327 0.64675
vt 0.29187 0.64818
vt 0.29405 0.38395
vt 0.29215 0.38209
vt 0.29154 0.38319
vt 0.29296 0.38463
vt 0.56982 0.69018
vt 0.56982 0.98375
vt 0.57115 0.98321
vt 0.57115 0.69073
vt 0.33244 0.98375
vt 0.33244 0.69019
vt 0.33112 0.69073
vt 0.33112 0.98320
vt 0.04555 0.50000
vt 0.04555 0.50060
vt 0.09109 0.50060
vt 0.09109 0.50000
vt 0.04555 0.79294
vt 0.04555 0.79354
vt 0.09109 0.79354
vt 0.09109 0.79294
vt 0.04555 1.00000
vt 0.09109 1.00000
vt 0.04555 0.29355
vt 0.09109 0.29355
vt 0.04555 0.29294
vt 0.09109 0.29294
vt 0.04555 0.00001
vt 0.04555 0.00061
vt 0.09109 0.00061
vt 0.09109 0.00001
vt 0.35483 0.64753
vt 0.35482 0.38359
vt 0.35079 0.37911
vt 0.35080 0.65203
vt 0.31662 0.98370
vt 0.32980 0.98370
vt 0.32980 0.69014
vt 0.31662 0.69014
vt 0.31462 0.67540
vt 0.10759 0.67540
vt 0.10759 0.99846
vt 0.31462 0.99844
vt 0.34890 0.65469
vt 0.34890 0.37646
vt 0.33465 0.36279
vt 0.33465 0.66838
vt 0.55666 0.36031
vt 0.55527 0.36155
vt 0.55568 0.66963
vt 0.55706 0.67087
vt 0.33316 0.67323
vt 0.55583 0.67194
vt 0.55469 0.67057
vt 0.33433 0.67168
vt 0.33432 0.35947
vt 0.55429 0.36061
vt 0.55543 0.35924
vt 0.33316 0.35793
vt 0.34995 0.37548
vt 0.53864 0.37620
vt 0.55214 0.36200
vt 0.33649 0.36102
vt 0.53965 0.37719
vt 0.54002 0.65402
vt 0.55427 0.66744
vt 0.55388 0.36375
vt 0.53900 0.65499
vt 0.34996 0.65567
vt 0.33650 0.67014
vt 0.55252 0.66919
vt 0.53222 0.64903
vt 0.35677 0.64938
vt 0.35247 0.65360
vt 0.53651 0.65307
vt 0.53371 0.38399
vt 0.53407 0.64722
vt 0.53810 0.65151
vt 0.53774 0.37969
vt 0.35674 0.38177
vt 0.53186 0.38217
vt 0.53615 0.37813
vt 0.35245 0.37755
vt 0.33325 0.36045
vt 0.33186 0.35910
vt 0.33185 0.67206
vt 0.33324 0.67072
vt 0.10600 0.99876
vt 0.31621 0.99874
vt 0.10559 0.69013
vt 0.10559 0.98371
vt 0.10600 0.67509
vt 0.31621 0.67510
vt 0.09241 0.98371
vt 0.09241 0.69013
vt 0.10759 0.99846
vt 0.10600 0.99876
vt 0.10707 1.00000
vt 0.10774 0.99978
vt 0.31621 0.99874
vt 0.31462 0.99844
vt 0.31448 0.99976
vt 0.31514 0.99998
vt 0.10600 0.67509
vt 0.10759 0.67540
vt 0.10774 0.67407
vt 0.10708 0.67385
vt 0.31462 0.67540
vt 0.31621 0.67510
vt 0.31514 0.67386
vt 0.31448 0.67408
vt 0.33186 0.35910
vt 0.33316 0.35793
vt 0.33241 0.35724
vt 0.33112 0.35861
vt 0.55543 0.35924
vt 0.55666 0.36031
vt 0.55739 0.35985
vt 0.55613 0.35854
vt 0.33316 0.67323
vt 0.33185 0.67206
vt 0.33112 0.67256
vt 0.33241 0.67393
vt 0.55706 0.67087
vt 0.55583 0.67194
vt 0.55653 0.67265
vt 0.55778 0.67133
vt 0.35483 0.64753
vt 0.35677 0.64938
vt 0.35735 0.64825
vt 0.35587 0.64680
vt 0.35674 0.38177
vt 0.35482 0.38359
vt 0.35585 0.38430
vt 0.35731 0.38291
vt 0.53222 0.64903
vt 0.53407 0.64722
vt 0.53306 0.64663
vt 0.53164 0.64798
vt 0.53371 0.38399
vt 0.53186 0.38217
vt 0.53128 0.38322
vt 0.53270 0.38458
vt 0.09241 0.98371
vt 0.09241 0.69013
vt 0.09109 0.69068
vt 0.09109 0.98316
vt 0.32980 0.69014
vt 0.32980 0.98370
vt 0.33112 0.98315
vt 0.33112 0.69068
vt 0.04555 0.50000
vt 0.04555 0.49940
vt 0.00000 0.49940
vt 0.00000 0.50000
vt 0.04555 0.20706
vt 0.04555 0.20646
vt -0.00000 0.20646
vt 0.00000 0.20706
vt 0.04554 0.00000
vt 0.00000 0.00000
vt 0.04555 0.70646
vt 0.00000 0.70646
vt 0.04555 0.70706
vt 0.00000 0.70706
vt 0.04555 1.00000
vt 0.04555 0.99939
vt 0.00000 0.99939
vt 0.00000 1.00000
vn -0.0010 -0.9952 -0.0974
vn -0.0046 0.0053 -1.0000
vn 0.9954 -0.0032 -0.0961
vn 0.0004 0.9954 -0.0956
vn 0.9955 0.0046 -0.0945
vn -0.0078 -0.0022 -1.0000
vn -0.0028 -0.9957 -0.0927
vn -0.9955 -0.0046 -0.0946
vn 0.0079 0.0023 -1.0000
vn -0.0016 0.9956 -0.0941
vn 0.0047 -0.0053 -1.0000
vn -0.9954 0.0033 -0.0962
vn -0.0975 -0.9952 -0.0005
vn -1.0000 0.0055 0.0029
vn -0.0943 -0.0020 -0.9955
vn -0.0954 0.9954 -0.0022
vn -0.0931 0.0030 -0.9957
vn -1.0000 -0.0026 0.0058
vn -0.0919 -0.9958 0.0051
vn -0.0931 -0.0029 0.9957
vn -1.0000 0.0027 -0.0058
vn -0.0938 0.9956 0.0036
vn -1.0000 -0.0056 -0.0029
vn -0.0943 0.0019 0.9955
vn 0.0000 0.0002 1.0000
vn 0.0000 0.0002 1.0000
vn 0.0017 -0.1113 0.9938
vn -0.0018 -0.1114 0.9938
vn -0.0016 0.9956 -0.0941
vn -0.0034 1.0000 0.0000
vn 0.0034 1.0000 -0.0002
vn 0.0004 0.9954 -0.0956
vn 1.0000 0.0066 0.0000
vn 1.0000 -0.0066 -0.0000
vn -1.0000 -0.0066 -0.0000
vn -1.0000 0.0066 -0.0002
vn -0.0036 -0.5697 0.8218
vn 0.0016 -0.5707 0.8212
vn 0.0056 -0.6460 0.7633
vn -0.0062 -0.6486 0.7611
vn -0.0034 1.0000 0.0000
vn -0.0010 0.9735 0.2289
vn 0.0015 0.9739 0.2269
vn 0.0034 1.0000 0.0000
vn 1.0000 -0.0066 -0.0000
vn 1.0000 0.0066 0.0001
vn 0.9733 0.0041 0.2297
vn 0.9738 -0.0047 0.2273
vn -0.9732 -0.0042 0.2298
vn -0.9738 0.0048 0.2274
vn -1.0000 0.0066 0.0000
vn -1.0000 -0.0066 0.0002
vn -0.5684 0.0015 0.8227
vn -0.5692 -0.0001 0.8222
vn -0.6448 -0.0029 0.7644
vn -0.6467 0.0035 0.7628
vn 0.0036 0.5697 0.8218
vn -0.0016 0.5708 0.8211
vn -0.0056 0.6461 0.7633
vn 0.0062 0.6487 0.7611
vn 0.5684 -0.0015 0.8227
vn 0.5691 0.0001 0.8222
vn 0.6449 0.0030 0.7643
vn 0.6468 -0.0034 0.7626
vn -0.0000 -0.0000 1.0000
vn 0.0000 0.0001 1.0000
vn 0.1114 0.0011 0.9938
vn 0.1113 -0.0009 0.9938
vn -0.0000 -0.0002 1.0000
vn -0.0000 -0.0001 1.0000
vn -0.0017 0.1114 0.9938
vn 0.0018 0.1114 0.9938
vn 0.0000 0.0001 1.0000
vn -0.0000 -0.0001 1.0000
vn -0.1112 -0.0011 0.9938
vn -0.1111 0.0010 0.9938
vn -0.0015 -0.9739 0.2269
vn -0.0034 -1.0000 -0.0000
vn 0.0034 -1.0000 -0.0000
vn 0.0010 -0.9734 0.2289
vn -0.0034 -1.0000 -0.0001
vn -0.0034 1.0000 0.0000
vn -0.0010 -0.9952 -0.0974
vn -0.0028 -0.9957 -0.0927
vn 0.0034 -1.0000 -0.0000
vn 0.0034 1.0000 -0.0002
vn -0.0034 -1.0000 -0.0001
vn 0.0034 -1.0000 -0.0000
vn -0.0000 -0.0001 1.0000
vn -0.0000 -0.0001 1.0000
vn -0.0000 -0.0001 1.0000
vn -0.0000 -0.0001 1.0000
vn 0.0000 0.0003 1.0000
vn 0.0000 0.0003 1.0000
vn 0.0000 0.0003 1.0000
vn 0.0000 0.0003 1.0000
vn -0.0000 -0.0003 1.0000
vn -0.0000 -0.0003 1.0000
vn -0.0000 -0.0003 1.0000
vn -0.0000 -0.0003 1.0000
vn 0.0000 0.0001 1.0000
vn 0.0000 0.0001 1.0000
vn 0.0000 0.0001 1.0000
vn 0.0000 0.0001 1.0000
vn 0.0000 0.0003 -1.0000
vn 0.0000 0.0003 -1.0000
vn 0.0000 0.0003 -1.0000
vn 0.0000 0.0003 -1.0000
vn 0.0000 0.0000 -1.0000
vn 0.0000 0.0000 -1.0000
vn 0.0000 0.0000 -1.0000
vn 0.0000 0.0000 -1.0000
vn 0.0000 0.0000 -1.0000
vn 0.0000 0.0000 -1.0000
vn 0.0000 0.0000 -1.0000
vn 0.0000 0.0000 -1.0000
vn 0.0000 -0.0003 -1.0000
vn 0.0000 -0.0003 -1.0000
vn 0.0000 -0.0003 -1.0000
vn 0.0000 -0.0003 -1.0000
vn -0.0057 1.0000 0.0000
vn -0.9999 0.0110 0.0000
vn -0.9999 0.0110 0.0000
vn -0.0057 1.0000 0.0000
vn 0.9999 0.0110 0.0000
vn 0.0057 1.0000 0.0000
vn 0.0057 1.0000 0.0000
vn 0.9999 0.0110 0.0000
vn -0.9999 -0.0110 -0.0000
vn -0.0057 -1.0000 -0.0000
vn -0.0057 -1.0000 -0.0000
vn -0.9999 -0.0110 -0.0000
vn 0.0057 -1.0000 -0.0000
vn 0.9999 -0.0110 -0.0000
vn 0.9999 -0.0110 -0.0000
vn 0.0057 -1.0000 -0.0000
vn -0.0000 -0.0001 1.0000
vn -0.0000 -0.0003 1.0000
vn -0.0000 -0.0003 1.0000
vn -0.0000 -0.0001 1.0000
vn 0.0000 0.0001 1.0000
vn 0.0000 0.0003 1.0000
vn 0.0000 0.0003 1.0000
vn 0.0000 0.0001 1.0000
vn -1.0000 -0.0028 -0.0000
vn -0.0009 -1.0000 -0.0000
vn -0.0009 -1.0000 -0.0000
vn -1.0000 -0.0028 -0.0000
vn 0.0009 -1.0000 -0.0000
vn 1.0000 -0.0028 -0.0000
vn 1.0000 -0.0028 -0.0000
vn 0.0009 -1.0000 -0.0000
vn 1.0000 0.0028 0.0000
vn 1.0000 0.0028 0.0000
vn -1.0000 0.0028 0.0000
vn -1.0000 0.0028 0.0000
vn -0.0009 1.0000 0.0000
vn -0.0009 1.0000 0.0000
vn 1.0000 0.0028 0.0000
vn 0.0009 1.0000 0.0000
vn 0.0009 1.0000 0.0000
vn 1.0000 0.0028 0.0000
vn 1.0000 0.0000 0.0000
vn 1.0000 0.0000 0.0000
vn 0.9938 -0.1114 -0.0010
vn 0.9938 -0.1112 0.0008
vn -0.0938 0.9956 0.0036
vn 0.0000 1.0000 0.0054
vn 0.0000 1.0000 -0.0054
vn -0.0954 0.9954 -0.0022
vn 0.0000 0.0046 -1.0000
vn 0.0000 -0.0046 -1.0000
vn -0.0000 -0.0046 1.0000
vn 0.0000 0.0046 1.0000
vn 0.8218 -0.5698 0.0021
vn 0.8214 -0.5704 -0.0011
vn 0.7632 -0.6462 -0.0036
vn 0.7619 -0.6477 0.0041
vn 0.0001 1.0000 0.0054
vn 0.2283 0.9736 0.0029
vn 0.2263 0.9740 -0.0035
vn 0.0000 1.0000 -0.0054
vn 0.0000 -0.0045 -1.0000
vn 0.0000 0.0046 -1.0000
vn 0.2283 0.0025 -0.9736
vn 0.2265 -0.0029 -0.9740
vn 0.2280 -0.0027 0.9737
vn 0.2262 0.0032 0.9741
vn 0.0000 0.0046 1.0000
vn -0.0000 -0.0045 1.0000
vn 0.8209 0.0019 0.5710
vn 0.8202 0.0002 0.5720
vn 0.7619 -0.0036 0.6477
vn 0.7597 0.0042 0.6502
vn 0.8218 0.5698 -0.0022
vn 0.8214 0.5704 0.0010
vn 0.7632 0.6461 0.0037
vn 0.7618 0.6478 -0.0040
vn 0.8209 -0.0019 -0.5710
vn 0.8202 -0.0001 -0.5721
vn 0.7622 0.0037 -0.6473
vn 0.7600 -0.0043 -0.6499
vn 1.0000 0.0000 -0.0002
vn 1.0000 0.0000 -0.0002
vn 0.9936 0.0013 -0.1127
vn 0.9936 -0.0014 -0.1128
vn 1.0000 0.0000 0.0000
vn 1.0000 0.0000 0.0000
vn 0.9938 0.1114 0.0010
vn 0.9938 0.1112 -0.0009
vn 1.0000 -0.0000 0.0002
vn 1.0000 -0.0000 0.0002
vn 0.9936 -0.0012 0.1127
vn 0.9936 0.0013 0.1128
vn 0.2261 -0.9741 0.0035
vn -0.0000 -1.0000 0.0055
vn 0.0000 -1.0000 -0.0055
vn 0.2286 -0.9735 -0.0030
vn -0.0000 -1.0000 0.0054
vn 0.0000 1.0000 0.0054
vn -0.0975 -0.9952 -0.0005
vn -0.0919 -0.9958 0.0051
vn 0.0000 -1.0000 -0.0054
vn 0.0000 1.0000 -0.0054
vn -0.0000 -1.0000 0.0054
vn 0.0000 -1.0000 -0.0054
vn 1.0000 0.0000 -0.0001
vn 1.0000 0.0000 -0.0003
vn 1.0000 0.0000 -0.0003
vn 1.0000 0.0000 -0.0001
vn 1.0000 0.0000 0.0000
vn 1.0000 -0.0000 0.0002
vn 1.0000 -0.0000 0.0002
vn 1.0000 0.0000 0.0000
vn 1.0000 -0.0000 0.0001
vn 1.0000 0.0000 -0.0001
vn 1.0000 0.0000 -0.0001
vn 1.0000 -0.0000 0.0001
vn 1.0000 -0.0000 0.0001
vn 1.0000 -0.0000 0.0003
vn 1.0000 -0.0000 0.0003
vn 1.0000 -0.0000 0.0001
vn -1.0000 0.0000 -0.0001
vn -1.0000 0.0000 -0.0001
vn -1.0000 0.0000 -0.0001
vn -1.0000 0.0000 -0.0001
vn -1.0000 -0.0000 0.0001
vn -1.0000 -0.0000 0.0001
vn -1.0000 -0.0000 0.0001
vn -1.0000 -0.0000 0.0001
vn -1.0000 0.0000 -0.0001
vn -1.0000 0.0000 -0.0001
vn -1.0000 0.0000 -0.0001
vn -1.0000 0.0000 -0.0001
vn -1.0000 -0.0000 0.0001
vn -1.0000 -0.0000 0.0001
vn -1.0000 -0.0000 0.0001
vn -1.0000 -0.0000 0.0001
vn 0.0000 1.0000 0.0087
vn -0.0001 0.0080 1.0000
vn 0.0000 0.0080 1.0000
vn 0.0000 1.0000 0.0087
vn 0.0000 0.0080 -1.0000
vn 0.0000 1.0000 -0.0087
vn 0.0000 1.0000 -0.0087
vn 0.0001 0.0080 -1.0000
vn -0.0000 -0.0080 1.0000
vn -0.0000 -1.0000 0.0087
vn -0.0000 -1.0000 0.0087
vn 0.0001 -0.0080 1.0000
vn 0.0000 -1.0000 -0.0087
vn -0.0001 -0.0080 -1.0000
vn 0.0000 -0.0080 -1.0000
vn 0.0000 -1.0000 -0.0087
vn 1.0000 0.0000 -0.0003
vn 1.0000 -0.0000 0.0001
vn 1.0000 -0.0000 0.0001
vn 1.0000 0.0000 -0.0003
vn 1.0000 -0.0000 0.0003
vn 1.0000 0.0000 0.0000
vn 1.0000 0.0000 0.0000
vn 1.0000 -0.0000 0.0003
vn -0.0000 -0.0020 1.0000
vn -0.0000 -1.0000 0.0017
vn -0.0000 -1.0000 0.0017
vn -0.0000 -0.0020 1.0000
vn 0.0002 -1.0000 -0.0029
vn 0.0000 -0.0008 -1.0000
vn 0.0000 -0.0008 -1.0000
vn 0.0000 -1.0000 -0.0029
vn 0.0000 0.0008 -1.0000
vn 0.0000 0.0008 -1.0000
vn 0.0000 0.0020 1.0000
vn 0.0000 0.0020 1.0000
vn 0.0000 1.0000 0.0017
vn 0.0000 1.0000 0.0017
vn 0.0000 0.0008 -1.0000
vn 0.0000 1.0000 -0.0029
vn -0.0002 1.0000 -0.0029
vn 0.0000 0.0008 -1.0000
f 575/575/575 576/576/576 577/577/577
f 578/578/578 579/579/579 580/580/580
f 581/581/581 582/582/582 583/583/583
f 584/584/584 585/585/585 586/586/586
f 587/587/587 588/588/588 589/589/589
f 590/590/590 591/591/591 592/592/592
f 593/593/593 594/594/594 595/595/595
f 596/596/596 597/597/597 598/598/598
f 583/583/583 585/585/585 580/580/580
f 583/583/583 580/580/580 576/576/576
f 599/599/599 600/600/600 601/601/601
f 599/599/599 601/601/601 602/602/602
f 603/603/603 604/604/604 605/605/605
f 603/603/603 605/605/605 606/606/606
f 577/577/577 579/579/579 607/607/607
f 577/577/577 607/607/607 608/608/608
f 609/609/609 610/610/610 586/586/586
f 609/609/609 586/586/586 582/582/582
f 611/611/611 612/612/612 613/613/613
f 611/611/611 613/613/613 614/614/614
f 615/615/615 616/616/616 617/617/617
f 615/615/615 617/617/617 618/618/618
f 619/619/619 620/620/620 621/621/621
f 619/619/619 621/621/621 622/622/622
f 623/623/623 624/624/624 625/625/625
f 623/623/623 625/625/625 626/626/626
f 627/627/627 628/628/628 629/629/629
f 627/627/627 629/629/629 630/630/630
f 631/631/631 632/632/632 633/633/633
f 631/631/631 633/633/633 634/634/634
f 635/635/635 636/636/636 637/637/637
f 635/635/635 637/637/637 638/638/638
f 639/639/639 640/640/640 641/641/641
f 639/639/639 641/641/641 642/642/642
f 643/643/643 644/644/644 645/645/645
f 643/643/643 645/645/645 646/646/646
f 647/647/647 648/648/648 649/649/649
f 647/647/647 649/649/649 650/650/650
f 651/651/651 652/652/652 653/653/653
f 651/651/651 653/653/653 654/654/654
f 613/613/613 630/630/630 623/623/623
f 613/613/613 623/623/623 651/651/651
f 614/614/614 654/654/654 622/622/622
f 614/614/614 622/622/622 637/637/637
f 638/638/638 621/621/621 617/617/617
f 638/638/638 617/617/617 633/633/633
f 634/634/634 616/616/616 624/624/624
f 634/634/634 624/624/624 629/629/629
f 601/601/601 650/650/650 627/627/627
f 601/601/601 627/627/627 612/612/612
f 602/602/602 611/611/611 636/636/636
f 602/602/602 636/636/636 641/641/641
f 642/642/642 635/635/635 632/632/632
f 642/642/642 632/632/632 645/645/645
f 646/646/646 631/631/631 628/628/628
f 646/646/646 628/628/628 649/649/649
f 581/581/581 655/655/655 609/609/609
f 581/581/581 609/609/609 582/582/582
f 656/656/656 584/584/584 586/586/586
f 656/656/656 586/586/586 610/610/610
f 585/585/585 583/583/583 582/582/582
f 585/585/585 582/582/582 586/586/586
f 657/657/657 658/658/658 583/583/583
f 657/657/657 583/583/583 576/576/576
f 603/603/603 606/606/606 580/580/580
f 603/603/603 580/580/580 585/585/585
f 579/579/579 577/577/577 576/576/576
f 579/579/579 576/576/576 580/580/580
f 659/659/659 575/575/575 577/577/577
f 659/659/659 577/577/577 608/608/608
f 578/578/578 660/660/660 607/607/607
f 578/578/578 607/607/607 579/579/579
f 651/651/651 654/654/654 614/614/614
f 651/651/651 614/614/614 613/613/613
f 622/622/622 621/621/621 638/638/638
f 622/622/622 638/638/638 637/637/637
f 617/617/617 616/616/616 634/634/634
f 617/617/617 634/634/634 633/633/633
f 624/624/624 623/623/623 630/630/630
f 624/624/624 630/630/630 629/629/629
f 652/652/652 651/651/651 623/623/623
f 652/652/652 623/623/623 626/626/626
f 616/616/616 615/615/615 625/625/625
f 616/616/616 625/625/625 624/624/624
f 654/654/654 653/653/653 619/619/619
f 654/654/654 619/619/619 622/622/622
f 618/618/618 617/617/617 621/621/621
f 618/618/618 621/621/621 620/620/620
f 612/612/612 611/611/611 602/602/602
f 612/612/612 602/602/602 601/601/601
f 636/636/636 635/635/635 642/642/642
f 636/636/636 642/642/642 641/641/641
f 632/632/632 631/631/631 646/646/646
f 632/632/632 646/646/646 645/645/645
f 628/628/628 627/627/627 650/650/650
f 628/628/628 650/650/650 649/649/649
f 637/637/637 636/636/636 611/611/611
f 637/637/637 611/611/611 614/614/614
f 627/627/627 630/630/630 613/613/613
f 627/627/627 613/613/613 612/612/612
f 633/633/633 632/632/632 635/635/635
f 633/633/633 635/635/635 638/638/638
f 629/629/629 628/628/628 631/631/631
f 629/629/629 631/631/631 634/634/634
f 641/641/641 640/640/640 599/599/599
f 641/641/641 599/599/599 602/602/602
f 647/647/647 650/650/650 601/601/601
f 647/647/647 601/601/601 600/600/600
f 645/645/645 644/644/644 639/639/639
f 645/645/645 639/639/639 642/642/642
f 649/649/649 648/648/648 643/643/643
f 649/649/649 643/643/643 646/646/646
f 661/661/661 658/658/658 657/657/657
f 661/661/661 657/657/657 662/662/662
f 663/663/663 664/664/664 665/665/665
f 663/663/663 665/665/665 666/666/666
f 667/667/667 668/668/668 669/669/669
f 667/667/667 669/669/669 670/670/670
f 671/671/671 672/672/672 673/673/673
f 671/671/671 673/673/673 674/674/674
f 675/675/675 676/676/676 677/677/677
f 675/675/675 677/677/677 678/678/678
f 679/679/679 680/680/680 681/681/681
f 679/679/679 681/681/681 682/682/682
f 683/683/683 684/684/684 685/685/685
f 683/683/683 685/685/685 686/686/686
f 687/687/687 688/688/688 689/689/689
f 687/687/687 689/689/689 690/690/690
f 691/691/691 692/692/692 693/693/693
f 691/691/691 693/693/693 694/694/694
f 695/695/695 696/696/696 697/697/697
f 695/695/695 697/697/697 698/698/698
f 699/699/699 700/700/700 701/701/701
f 699/699/699 701/701/701 702/702/702
f 703/703/703 704/704/704 705/705/705
f 703/703/703 705/705/705 706/706/706
f 707/707/707 708/708/708 709/709/709
f 707/707/707 709/709/709 710/710/710
f 711/711/711 712/712/712 713/713/713
f 711/711/711 713/713/713 714/714/714
f 672/672/672 675/675/675 678/678/678
f 672/672/672 678/678/678 673/673/673
f 715/715/715 716/716/716 717/717/717
f 715/715/715 717/717/717 718/718/718
f 668/668/668 663/663/663 666/666/666
f 668/668/668 666/666/666 669/669/669
f 700/700/700 695/695/695 698/698/698
f 700/700/700 698/698/698 701/701/701
f 696/696/696 703/703/703 706/706/706
f 696/696/696 706/706/706 697/697/697
f 704/704/704 707/707/707 710/710/710
f 704/704/704 710/710/710 705/705/705
f 708/708/708 699/699/699 702/702/702
f 708/708/708 702/702/702 709/709/709
f 688/688/688 679/679/679 682/682/682
f 688/688/688 682/682/682 689/689/689
f 692/692/692 687/687/687 690/690/690
f 692/692/692 690/690/690 693/693/693
f 684/684/684 691/691/691 694/694/694
f 684/684/684 694/694/694 685/685/685
f 680/680/680 683/683/683 686/686/686
f 680/680/680 686/686/686 681/681/681
f 719/719/719 720/720/720 721/721/721
f 719/719/719 721/721/721 722/722/722
f 723/723/723 724/724/724 725/725/725
f 723/723/723 725/725/725 726/726/726
f 724/724/724 727/727/727 728/728/728
f 724/724/724 728/728/728 725/725/725
f 729/729/729 719/719/719 722/722/722
f 729/729/729 722/722/722 730/730/730
f 731/731/731 729/729/729 730/730/730
f 731/731/731 730/730/730 732/732/732
f 720/720/720 723/723/723 726/726/726
f 720/720/720 726/726/726 721/721/721
f 733/733/733 734/734/734 735/735/735
f 733/733/733 735/735/735 736/736/736
f 734/734/734 731/731/731 732/732/732
f 734/734/734 732/732/732 735/735/735
f 595/595/595 597/597/597 592/592/592
f 595/595/595 592/592/592 588/588/588
f 737/737/737 738/738/738 739/739/739
f 737/737/737 739/739/739 740/740/740
f 741/741/741 742/742/742 743/743/743
f 741/741/741 743/743/743 744/744/744
f 589/589/589 591/591/591 745/745/745
f 589/589/589 745/745/745 746/746/746
f 747/747/747 748/748/748 598/598/598
f 747/747/747 598/598/598 594/594/594
f 749/749/749 750/750/750 751/751/751
f 749/749/749 751/751/751 752/752/752
f 753/753/753 754/754/754 755/755/755
f 753/753/753 755/755/755 756/756/756
f 757/757/757 758/758/758 759/759/759
f 757/757/757 759/759/759 760/760/760
f 761/761/761 762/762/762 763/763/763
f 761/761/761 763/763/763 764/764/764
f 765/765/765 766/766/766 767/767/767
f 765/765/765 767/767/767 768/768/768
f 769/769/769 770/770/770 771/771/771
f 769/769/769 771/771/771 772/772/772
f 773/773/773 774/774/774 775/775/775
f 773/773/773 775/775/775 776/776/776
f 777/777/777 778/778/778 779/779/779
f 777/777/777 779/779/779 780/780/780
f 781/781/781 782/782/782 783/783/783
f 781/781/781 783/783/783 784/784/784
f 785/785/785 786/786/786 787/787/787
f 785/785/785 787/787/787 788/788/788
f 789/789/789 790/790/790 791/791/791
f 789/789/789 791/791/791 792/792/792
f 751/751/751 768/768/768 761/761/761
f 751/751/751 761/761/761 789/789/789
f 752/752/752 792/792/792 760/760/760
f 752/752/752 760/760/760 775/775/775
f 776/776/776 759/759/759 755/755/755
f 776/776/776 755/755/755 771/771/771
f 772/772/772 754/754/754 762/762/762
f 772/772/772 762/762/762 767/767/767
f 739/739/739 788/788/788 765/765/765
f 739/739/739 765/765/765 750/750/750
f 740/740/740 749/749/749 774/774/774
f 740/740/740 774/774/774 779/779/779
f 780/780/780 773/773/773 770/770/770
f 780/780/780 770/770/770 783/783/783
f 784/784/784 769/769/769 766/766/766
f 784/784/784 766/766/766 787/787/787
f 593/593/593 793/793/793 747/747/747
f 593/593/593 747/747/747 594/594/594
f 794/794/794 596/596/596 598/598/598
f 794/794/794 598/598/598 748/748/748
f 597/597/597 595/595/595 594/594/594
f 597/597/597 594/594/594 598/598/598
f 795/795/795 796/796/796 595/595/595
f 795/795/795 595/595/595 588/588/588
f 741/741/741 744/744/744 592/592/592
f 741/741/741 592/592/592 597/597/597
f 591/591/591 589/589/589 588/588/588
f 591/591/591 588/588/588 592/592/592
f 797/797/797 587/587/587 589/589/589
f 797/797/797 589/589/589 746/746/746
f 590/590/590 798/798/798 745/745/745
f 590/590/590 745/745/745 591/591/591
f 789/789/789 792/792/792 752/752/752
f 789/789/789 752/752/752 751/751/751
f 760/760/760 759/759/759 776/776/776
f 760/760/760 776/776/776 775/775/775
f 755/755/755 754/754/754 772/772/772
f 755/755/755 772/772/772 771/771/771
f 762/762/762 761/761/761 768/768/768
f 762/762/762 768/768/768 767/767/767
f 790/790/790 789/789/789 761/761/761
f 790/790/790 761/761/761 764/764/764
f 754/754/754 753/753/753 763/763/763
f 754/754/754 763/763/763 762/762/762
f 792/792/792 791/791/791 757/757/757
f 792/792/792 757/757/757 760/760/760
f 756/756/756 755/755/755 759/759/759
f 756/756/756 759/759/759 758/758/758
f 750/750/750 749/749/749 740/740/740
f 750/750/750 740/740/740 739/739/739
f 774/774/774 773/773/773 780/780/780
f 774/774/774 780/780/780 779/779/779
f 770/770/770 769/769/769 784/784/784
f 770/770/770 784/784/784 783/783/783
f 766/766/766 765/765/765 788/788/788
f 766/766/766 788/788/788 787/787/787
f 775/775/775 774/774/774 749/749/749
f 775/775/775 749/749/749 752/752/752
f 765/765/765 768/768/768 751/751/751
f 765/765/765 751/751/751 750/750/750
f 771/771/771 770/770/770 773/773/773
f 771/771/771 773/773/773 776/776/776
f 767/767/767 766/766/766 769/769/769
f 767/767/767 769/769/769 772/772/772
f 779/779/779 778/778/778 737/737/737
f 779/779/779 737/737/737 740/740/740
f 785/785/785 788/788/788 739/739/739
f 785/785/785 739/739/739 738/738/738
f 783/783/783 782/782/782 777/777/777
f 783/783/783 777/777/777 780/780/780
f 787/787/787 786/786/786 781/781/781
f 787/787/787 781/781/781 784/784/784
f 799/799/799 796/796/796 795/795/795
f 799/799/799 795/795/795 800/800/800
f 801/801/801 802/802/802 803/803/803
f 801/801/801 803/803/803 804/804/804
f 805/805/805 806/806/806 807/807/807
f 805/805/805 807/807/807 808/808/808
f 809/809/809 810/810/810 811/811/811
f 809/809/809 811/811/811 812/812/812
f 813/813/813 814/814/814 815/815/815
f 813/813/813 815/815/815 816/816/816
f 817/817/817 818/818/818 819/819/819
f 817/817/817 819/819/819 820/820/820
f 821/821/821 822/822/822 823/823/823
f 821/821/821 823/823/823 824/824/824
f 825/825/825 826/826/826 827/827/827
f 825/825/825 827/827/827 828/828/828
f 829/829/829 830/830/830 831/831/831
f 829/829/829 831/831/831 832/832/832
f 833/833/833 834/834/834 835/835/835
f 833/833/833 835/835/835 836/836/836
f 837/837/837 838/838/838 839/839/839
f 837/837/837 839/839/839 840/840/840
f 841/841/841 842/842/842 843/843/843
f 841/841/841 843/843/843 844/844/844
f 845/845/845 846/846/846 847/847/847
f 845/845/845 847/847/847 848/848/848
f 849/849/849 850/850/850 851/851/851
f 849/849/849 851/851/851 852/852/852
f 810/810/810 813/813/813 816/816/816
f 810/810/810 816/816/816 811/811/811
f 853/853/853 854/854/854 855/855/855
f 853/853/853 855/855/855 856/856/856
f 806/806/806 801/801/801 804/804/804
f 806/806/806 804/804/804 807/807/807
f 838/838/838 833/833/833 836/836/836
f 838/838/838 836/836/836 839/839/839
f 834/834/834 841/841/841 844/844/844
f 834/834/834 844/844/844 835/835/835
f 842/842/842 845/845/845 848/848/848
f 842/842/842 848/848/848 843/843/843
f 846/846/846 837/837/837 840/840/840
f 846/846/846 840/840/840 847/847/847
f 826/826/826 817/817/817 820/820/820
f 826/826/826 820/820/820 827/827/827
f 830/830/830 825/825/825 828/828/828
f 830/830/830 828/828/828 831/831/831
f 822/822/822 829/829/829 832/832/832
f 822/822/822 832/832/832 823/823/823
f 818/818/818 821/821/821 824/824/824
f 818/818/818 824/824/824 819/819/819
f 857/857/857 858/858/858 859/859/859
f 857/857/857 859/859/859 860/860/860
f 861/861/861 862/862/862 863/863/863
f 861/861/861 863/863/863 864/864/864
f 862/862/862 865/865/865 866/866/866
f 862/862/862 866/866/866 863/863/863
f 867/867/867 857/857/857 860/860/860
f 867/867/867 860/860/860 868/868/868
f 869/869/869 867/867/867 868/868/868
f 869/869/869 868/868/868 870/870/870
f 858/858/858 861/861/861 864/864/864
f 858/858/858 864/864/864 859/859/859
f 871/871/871 872/872/872 873/873/873
f 871/871/871 873/873/873 874/874/874
f 872/872/872 869/869/869 870/870/870
f 872/872/872 870/870/870 873/873/873
o Prop_Exit_Sign_Lens
g Prop_Exit_Sign_Lens
usemtl Exit_Traslucent
v -4956.9149 224.1926 -432.8405
v -4956.9149 237.4202 -432.8405
v -4976.3012 237.4202 -432.8405
v -4976.3012 224.1926 -432.8405
v -3669.7319 224.1926 1290.1464
v -3669.7319 237.4202 1290.1464
v -3669.7319 237.4202 1309.3491
v -3669.7319 224.1926 1309.3491
vt 0.73595 0.15370
vt 0.55778 0.15370
vt 0.55778 0.41382
vt 0.73595 0.41382
vt 0.55778 0.67393
vt 0.73595 0.67393
vt 0.73595 0.41381
vt 0.55778 0.41381
vn -0.0000 -0.0000 1.0000
vn -0.0000 -0.0000 1.0000
vn -0.0000 -0.0000 1.0000
vn -0.0000 -0.0000 1.0000
vn 1.0000 0.0000 0.0000
vn 1.0000 0.0000 0.0000
vn 1.0000 0.0000 0.0000
vn 1.0000 0.0000 0.0000
f 875/875/875 876/876/876 877/877/877
f 875/875/875 877/877/877 878/878/878
f 879/879/879 880/880/880 881/881/881
f 879/879/879 881/881/881 882/882/882
