# This file uses centimeters as units for non-parametric coordinates.

mtllib Prop_Fluorescent_Ceiling_Lamps.mtl
g default
v -196.953142 294.046858 -118.159985
v -196.840015 294.000000 -118.159985
v -196.840015 294.046858 -118.046860
v -196.840015 294.159984 -118.000000
v -196.953142 294.159984 -118.046860
v -197.000000 294.159984 -118.159985
v -163.046858 294.046858 -118.159985
v -163.000000 294.159984 -118.159985
v -163.046858 294.159984 -118.046860
v -163.159985 294.159984 -118.000000
v -163.159985 294.046858 -118.046860
v -163.159985 294.000000 -118.159985
v -196.953142 301.953142 -118.159985
v -197.000000 301.840016 -118.159985
v -196.953142 301.840016 -118.046860
v -196.840015 301.840016 -118.000000
v -196.840015 301.953142 -118.046860
v -196.840015 302.000000 -118.159985
v -163.046858 301.953142 -118.159985
v -163.159985 302.000000 -118.159985
v -163.159985 301.953142 -118.046860
v -163.159985 301.840016 -118.000000
v -163.046858 301.840016 -118.046860
v -163.000000 301.840016 -118.159985
v -196.953142 301.840016 -241.953140
v -197.000000 301.840016 -241.840015
v -196.953142 301.953142 -241.840015
v -196.840015 302.000000 -241.840015
v -196.840015 301.953142 -241.953140
v -196.840015 301.840016 -242.000000
v -163.046858 301.840016 -241.953140
v -163.159985 301.840016 -242.000000
v -163.159985 301.953142 -241.953140
v -163.159985 302.000000 -241.840015
v -163.046858 301.953142 -241.840015
v -163.000000 301.840016 -241.840015
v -196.953142 294.046858 -241.840015
v -197.000000 294.159984 -241.840015
v -196.953142 294.159984 -241.953140
v -196.840015 294.159984 -242.000000
v -196.840015 294.046858 -241.953140
v -196.840015 294.000000 -241.840015
v -163.046858 294.046858 -241.840015
v -163.159985 294.000000 -241.840015
v -163.159985 294.046858 -241.953140
v -163.159985 294.159984 -242.000000
v -163.046858 294.159984 -241.953140
v -163.000000 294.159984 -241.840015
vt 0.331569 0.999677
vt 0.331568 0.750323
vt 0.329574 0.005000
vt 0.000426 0.005000
vt 0.331568 0.004999
vt 0.661765 0.005000
vt 0.331569 0.999677
vt 0.661765 0.999677
vt 0.329574 0.005000
vt 0.329574 0.245000
vt 0.331568 0.004999
vt 0.331569 0.245000
vt 0.663768 0.005000
vt 0.999566 0.005000
vt 0.661765 0.999677
vt 0.661765 0.750323
vt 0.661765 0.005000
vt 0.661765 0.245000
vt 0.663768 0.005000
vt 0.663768 0.245000
vt 0.329574 0.245000
vt 0.000426 0.245000
vt 0.331568 0.250323
vt 0.331569 0.499677
vt 0.331568 0.250323
vt 0.661765 0.250323
vt 0.331569 0.245000
vt 0.661765 0.245000
vt 0.661765 0.250323
vt 0.661765 0.499677
vt 0.663768 0.245000
vt 0.999566 0.245000
vt 0.000426 0.245000
vt 0.000426 0.005000
vt 0.331568 0.504999
vt 0.331569 0.745000
vt 0.331568 0.504999
vt 0.661765 0.505000
vt 0.331569 0.499677
vt 0.661765 0.499677
vt 0.661765 0.505000
vt 0.661765 0.745000
vt 0.999566 0.245000
vt 0.999566 0.005000
vt 0.331568 0.750323
vt 0.661765 0.750323
vt 0.331569 0.745000
vt 0.661765 0.745000
vt 0.331568 0.004999
vt 0.661765 0.005000
vt 0.661765 0.245000
vt 0.331569 0.245000
vt 0.331568 0.250323
vt 0.661765 0.250323
vt 0.661765 0.499677
vt 0.331569 0.499677
vt 0.331568 0.504999
vt 0.661765 0.505000
vt 0.661765 0.745000
vt 0.331569 0.745000
vt 0.331568 0.750323
vt 0.661765 0.750323
vt 0.661765 0.999677
vt 0.331569 0.999677
vt 0.663768 0.005000
vt 0.999566 0.005000
vt 0.999566 0.245000
vt 0.663768 0.245000
vt 0.000426 0.005000
vt 0.329574 0.005000
vt 0.329574 0.245000
vt 0.000426 0.245000
vt 0.331568 0.000000
vt 0.331568 0.004999
vt 0.329574 0.005000
vt 0.663768 0.005000
vt 0.661765 0.005000
vt 0.661765 0.000000
vt 0.329574 0.245000
vt 0.331569 0.245000
vt 0.331568 0.250323
vt 0.661765 0.250323
vt 0.661765 0.245000
vt 0.663768 0.245000
vt 0.330000 0.499677
vt 0.331569 0.499677
vt 0.331568 0.504999
vt 0.661765 0.505000
vt 0.661765 0.499677
vt 0.663333 0.499677
vt 0.330000 0.745000
vt 0.331569 0.745000
vt 0.331568 0.750323
vt 0.661765 0.750323
vt 0.661765 0.745000
vt 0.663333 0.745000
vt 0.331241 0.000005
vt 0.331567 0.999426
vt 0.332760 0.000000
vt 0.332760 0.999677
vt 0.330571 0.005058
vt 0.662099 0.000005
vt 0.661766 0.999426
vt 0.662754 0.005011
vt 0.660573 0.999677
vt 0.660573 0.000000
vt 0.330000 0.250000
vt 0.330572 0.244989
vt 0.331573 0.247662
vt 0.663333 0.250000
vt 0.661764 0.247663
vt 0.662766 0.244942
vt 0.330000 0.503468
vt 0.000426 0.241292
vt 0.330000 0.499431
vt 0.000752 0.245005
vt 0.331573 0.502338
vt 0.663333 0.503468
vt 0.999566 0.241292
vt 0.661764 0.502337
vt 0.999233 0.245005
vt 0.663333 0.499431
vt 0.000753 0.004995
vt 0.330002 0.745252
vt 0.330000 0.741210
vt 0.000426 0.008708
vt 0.331573 0.747662
vt 0.663332 0.745252
vt 0.999232 0.004995
vt 0.661764 0.747653
vt 0.999566 0.008708
vt 0.663333 0.741210
vn -0.382683 -0.923880 0.000000
vn -0.382683 -0.923880 0.000000
vn -0.382683 -0.923880 0.000000
vn -0.382683 -0.923880 0.000000
vn -0.923880 -0.382682 0.000000
vn -0.923880 -0.382682 0.000000
vn -0.923880 -0.382682 0.000000
vn -0.923880 -0.382682 0.000000
vn 0.000000 -0.382693 0.923876
vn 0.000000 -0.382693 0.923876
vn 0.000000 -0.382693 0.923876
vn 0.000000 -0.382693 0.923876
vn 0.000000 -0.923879 0.382686
vn 0.000000 -0.923879 0.382686
vn 0.000000 -0.923879 0.382686
vn 0.000000 -0.923879 0.382686
vn -0.923880 0.000000 0.382682
vn -0.923880 0.000000 0.382682
vn -0.923880 0.000000 0.382682
vn -0.923880 0.000000 0.382682
vn -0.382672 0.000000 0.923884
vn -0.382672 0.000000 0.923884
vn -0.382672 0.000000 0.923884
vn -0.382672 0.000000 0.923884
vn 0.923880 -0.382682 0.000000
vn 0.923880 -0.382682 0.000000
vn 0.923880 -0.382682 0.000000
vn 0.923880 -0.382682 0.000000
vn 0.382683 -0.923880 0.000000
vn 0.382683 -0.923880 0.000000
vn 0.382683 -0.923880 0.000000
vn 0.382683 -0.923880 0.000000
vn 0.382672 0.000000 0.923884
vn 0.382672 0.000000 0.923884
vn 0.382672 0.000000 0.923884
vn 0.382672 0.000000 0.923884
vn 0.923880 0.000000 0.382682
vn 0.923880 0.000000 0.382682
vn 0.923880 0.000000 0.382682
vn 0.923880 0.000000 0.382682
vn -0.923880 0.382682 0.000000
vn -0.923880 0.382682 0.000000
vn -0.923880 0.382682 0.000000
vn -0.923880 0.382682 0.000000
vn -0.382683 0.923880 0.000000
vn -0.382683 0.923880 0.000000
vn -0.382683 0.923880 0.000000
vn -0.382683 0.923880 0.000000
vn 0.000000 0.923879 0.382686
vn 0.000000 0.923879 0.382686
vn 0.000000 0.923879 0.382686
vn 0.000000 0.923879 0.382686
vn 0.000000 0.382693 0.923876
vn 0.000000 0.382693 0.923876
vn 0.000000 0.382693 0.923876
vn 0.000000 0.382693 0.923876
vn 0.382683 0.923880 0.000000
vn 0.382683 0.923880 0.000000
vn 0.382683 0.923880 0.000000
vn 0.382683 0.923880 0.000000
vn 0.923880 0.382682 0.000000
vn 0.923880 0.382682 0.000000
vn 0.923880 0.382682 0.000000
vn 0.923880 0.382682 0.000000
vn -0.923880 0.000000 -0.382682
vn -0.923880 0.000000 -0.382682
vn -0.923880 0.000000 -0.382682
vn -0.923880 0.000000 -0.382682
vn -0.382672 0.000000 -0.923884
vn -0.382672 0.000000 -0.923884
vn -0.382672 0.000000 -0.923884
vn -0.382672 0.000000 -0.923884
vn 0.000000 0.382693 -0.923876
vn 0.000000 0.382693 -0.923876
vn 0.000000 0.382693 -0.923876
vn 0.000000 0.382693 -0.923876
vn 0.000000 0.923879 -0.382686
vn 0.000000 0.923879 -0.382686
vn 0.000000 0.923879 -0.382686
vn 0.000000 0.923879 -0.382686
vn 0.382672 0.000000 -0.923884
vn 0.382672 0.000000 -0.923884
vn 0.382672 0.000000 -0.923884
vn 0.382672 0.000000 -0.923884
vn 0.923880 0.000000 -0.382682
vn 0.923880 0.000000 -0.382682
vn 0.923880 0.000000 -0.382682
vn 0.923880 0.000000 -0.382682
vn 0.000000 -0.923879 -0.382686
vn 0.000000 -0.923879 -0.382686
vn 0.000000 -0.923879 -0.382686
vn 0.000000 -0.923879 -0.382686
vn 0.000000 -0.382693 -0.923876
vn 0.000000 -0.382693 -0.923876
vn 0.000000 -0.382693 -0.923876
vn 0.000000 -0.382693 -0.923876
vn 0.000000 0.000000 1.000000
vn 0.000000 0.000000 1.000000
vn 0.000000 0.000000 1.000000
vn 0.000000 0.000000 1.000000
vn 0.000000 1.000000 0.000000
vn 0.000000 1.000000 0.000000
vn 0.000000 1.000000 0.000000
vn 0.000000 1.000000 0.000000
vn 0.000000 0.000000 -1.000000
vn 0.000000 0.000000 -1.000000
vn 0.000000 0.000000 -1.000000
vn 0.000000 0.000000 -1.000000
vn 0.000000 -1.000000 0.000000
vn 0.000000 -1.000000 0.000000
vn 0.000000 -1.000000 0.000000
vn 0.000000 -1.000000 0.000000
vn 1.000000 0.000000 0.000000
vn 1.000000 0.000000 0.000000
vn 1.000000 0.000000 0.000000
vn 1.000000 0.000000 0.000000
vn -1.000000 0.000000 0.000000
vn -1.000000 0.000000 0.000000
vn -1.000000 0.000000 0.000000
vn -1.000000 0.000000 0.000000
vn -0.577340 -0.577355 0.577357
vn -0.577340 -0.577355 0.577357
vn -0.577340 -0.577355 0.577357
vn -0.577340 -0.577355 0.577357
vn -0.577340 -0.577355 0.577357
vn -0.577340 -0.577355 0.577357
vn 0.577341 -0.577352 0.577358
vn 0.577341 -0.577352 0.577358
vn 0.577341 -0.577352 0.577358
vn 0.577341 -0.577352 0.577358
vn 0.577341 -0.577352 0.577358
vn 0.577341 -0.577352 0.577358
vn -0.577341 0.577352 0.577358
vn -0.577341 0.577352 0.577358
vn -0.577341 0.577352 0.577358
vn -0.577341 0.577352 0.577358
vn -0.577341 0.577352 0.577358
vn -0.577341 0.577352 0.577358
vn 0.577340 0.577355 0.577357
vn 0.577340 0.577355 0.577357
vn 0.577340 0.577355 0.577357
vn 0.577340 0.577355 0.577357
vn 0.577340 0.577355 0.577357
vn 0.577340 0.577355 0.577357
vn -0.577330 0.577358 -0.577362
vn -0.577330 0.577359 -0.577362
vn -0.577330 0.577359 -0.577362
vn -0.577330 0.577359 -0.577362
vn -0.577330 0.577359 -0.577362
vn -0.577330 0.577359 -0.577362
vn 0.577350 0.577350 -0.577352
vn 0.577350 0.577350 -0.577352
vn 0.577350 0.577350 -0.577352
vn 0.577350 0.577350 -0.577352
vn 0.577350 0.577350 -0.577352
vn 0.577350 0.577350 -0.577352
vn -0.577341 -0.577352 -0.577358
vn -0.577341 -0.577352 -0.577358
vn -0.577341 -0.577352 -0.577358
vn -0.577341 -0.577352 -0.577358
vn -0.577341 -0.577352 -0.577358
vn -0.577341 -0.577352 -0.577358
vn 0.577340 -0.577355 -0.577357
vn 0.577340 -0.577355 -0.577357
vn 0.577340 -0.577355 -0.577357
vn 0.577340 -0.577355 -0.577357
vn 0.577340 -0.577355 -0.577357
vn 0.577340 -0.577355 -0.577357
s off
g Lamp_FL_Housing GRP_Lamp_FL GRP_Fluorescent_Lights Backrooms_Level0_Master_GRP
usemtl M_Lamp_Housing_WhiteSG
f 2/7/1 1/98/2 37/124/3 42/61/4
f 1/97/5 6/70/6 38/34/7 37/123/8
f 4/11/9 3/99/10 11/106/11 10/50/12
f 3/100/13 2/7/14 12/15/15 11/105/16
f 6/70/17 5/101/18 15/108/19 14/71/20
f 5/101/21 4/11/22 16/27/23 15/108/24
f 8/19/25 7/102/26 43/129/27 48/44/28
f 7/103/29 12/15/30 44/46/31 43/128/32
f 10/50/33 9/104/34 23/112/35 22/28/36
f 9/104/37 8/19/38 24/31/39 23/112/40
f 14/71/41 13/107/42 27/116/43 26/72/44
f 13/107/45 18/53/46 28/39/47 27/115/48
f 18/53/49 17/109/50 21/111/51 20/54/52
f 17/109/53 16/27/54 22/28/55 21/111/56
f 20/54/57 19/110/58 35/122/59 34/40/60
f 19/110/61 24/31/62 36/43/63 35/121/64
f 26/72/65 25/114/66 39/126/67 38/34/68
f 25/113/69 30/57/70 40/47/71 39/125/72
f 30/57/73 29/117/74 33/120/75 32/58/76
f 29/117/77 28/39/78 34/40/79 33/120/80
f 32/58/81 31/118/82 47/132/83 46/48/84
f 31/119/85 36/43/86 48/44/87 47/131/88
f 42/61/89 41/127/90 45/130/91 44/46/92
f 41/127/93 40/47/94 46/48/95 45/130/96
f 4/11/97 10/50/98 22/28/99 16/27/100
f 18/53/101 20/54/102 34/40/103 28/39/104
f 30/57/105 32/58/106 46/48/107 40/47/108
f 42/61/109 44/46/110 12/15/111 2/7/112
f 8/19/113 48/44/114 36/43/115 24/31/116
f 38/34/117 6/70/118 14/71/119 26/72/120
f 1/97/121 2/73/122 3/99/123 4/11/124 5/101/125 6/70/126
f 7/102/127 8/19/128 9/104/129 10/50/130 11/106/131 12/78/132
f 13/107/133 14/71/134 15/108/135 16/27/136 17/109/137 18/53/138
f 19/110/139 20/54/140 21/111/141 22/28/142 23/112/143 24/31/144
f 25/113/145 26/85/146 27/115/147 28/39/148 29/117/149 30/57/150
f 31/118/151 32/58/152 33/120/153 34/40/154 35/122/155 36/90/156
f 37/124/157 38/91/158 39/125/159 40/47/160 41/127/161 42/61/162
f 43/128/163 44/46/164 45/130/165 46/48/166 47/132/167 48/96/168
g default
v -185.328740 296.764048 -236.000000
v -185.689463 297.216381 -236.000000
v -186.210723 297.467406 -236.000000
v -186.789277 297.467406 -236.000000
v -187.310536 297.216381 -236.000000
v -187.671259 296.764049 -236.000000
v -187.800000 296.200000 -236.000000
v -187.671259 295.635951 -236.000000
v -187.310537 295.183619 -236.000000
v -186.789277 294.932594 -236.000000
v -186.210723 294.932594 -236.000000
v -185.689463 295.183619 -236.000000
v -185.328741 295.635951 -236.000000
v -185.200000 296.200000 -236.000000
v -185.328740 296.764048 -124.000000
v -185.689463 297.216381 -124.000000
v -186.210723 297.467406 -124.000000
v -186.789277 297.467406 -124.000000
v -187.310536 297.216381 -124.000000
v -187.671259 296.764049 -124.000000
v -187.800000 296.200000 -124.000000
v -187.671259 295.635951 -124.000000
v -187.310537 295.183619 -124.000000
v -186.789277 294.932594 -124.000000
v -186.210723 294.932594 -124.000000
v -185.689463 295.183619 -124.000000
v -185.328741 295.635951 -124.000000
v -185.200000 296.200000 -124.000000
vt 0.952364 0.070765
vt 0.813625 0.027271
vt 0.613140 0.003134
vt 0.390619 0.003134
vt 0.190135 0.027271
vt 0.051395 0.070765
vt 0.001880 0.125000
vt 0.051395 0.179235
vt 0.190135 0.222729
vt 0.390619 0.246866
vt 0.613140 0.246866
vt 0.813625 0.222729
vt 0.952364 0.179235
vt 1.001880 0.125000
vt 0.000000 0.250000
vt 0.071429 0.250000
vt 0.142857 0.250000
vt 0.214286 0.250000
vt 0.285714 0.250000
vt 0.357143 0.250000
vt 0.428571 0.250000
vt 0.500000 0.250000
vt 0.571429 0.250000
vt 0.642857 0.250000
vt 0.714286 0.250000
vt 0.785714 0.250000
vt 0.857143 0.250000
vt 0.928572 0.250000
vt 1.000000 0.250000
vt 0.000000 0.750000
vt 0.071429 0.750000
vt 0.142857 0.750000
vt 0.214286 0.750000
vt 0.285714 0.750000
vt 0.357143 0.750000
vt 0.428571 0.750000
vt 0.500000 0.750000
vt 0.571429 0.750000
vt 0.642857 0.750000
vt 0.714286 0.750000
vt 0.785714 0.750000
vt 0.857143 0.750000
vt 0.928572 0.750000
vt 1.000000 0.750000
vt 0.952364 0.820765
vt 0.813625 0.777271
vt 0.613140 0.753134
vt 0.390619 0.753134
vt 0.190135 0.777271
vt 0.051395 0.820765
vt 0.001880 0.875000
vt 0.051395 0.929235
vt 0.190135 0.972729
vt 0.390619 0.996866
vt 0.613140 0.996866
vt 0.813625 0.972729
vt 0.952364 0.929235
vt 1.001880 0.875000
vn 0.900969 0.433884 0.000000
vn 0.623490 0.781831 0.000000
vn 0.623490 0.781831 0.000000
vn 0.900969 0.433884 0.000000
vn 0.222521 0.974928 0.000000
vn 0.222521 0.974928 0.000000
vn -0.222521 0.974928 0.000000
vn -0.222521 0.974928 0.000000
vn -0.623490 0.781832 0.000000
vn -0.623490 0.781832 0.000000
vn -0.900969 0.433884 0.000000
vn -0.900969 0.433884 0.000000
vn -1.000000 0.000000 0.000000
vn -1.000000 0.000000 0.000000
vn -0.900969 -0.433884 0.000000
vn -0.900969 -0.433884 0.000000
vn -0.623490 -0.781831 0.000000
vn -0.623490 -0.781831 0.000000
vn -0.222521 -0.974928 0.000000
vn -0.222521 -0.974928 0.000000
vn 0.222521 -0.974928 0.000000
vn 0.222521 -0.974928 0.000000
vn 0.623490 -0.781832 0.000000
vn 0.623490 -0.781832 0.000000
vn 0.900969 -0.433884 0.000000
vn 0.900969 -0.433884 0.000000
vn 1.000000 -0.000000 0.000000
vn 1.000000 -0.000000 0.000000
vn 0.000000 -0.000002 -1.000000
vn 0.000000 -0.000002 -1.000000
vn 0.000000 -0.000002 -1.000000
vn 0.000000 -0.000002 -1.000000
vn 0.000000 -0.000002 -1.000000
vn 0.000000 -0.000002 -1.000000
vn 0.000000 -0.000002 -1.000000
vn 0.000000 -0.000002 -1.000000
vn 0.000000 -0.000002 -1.000000
vn 0.000000 -0.000002 -1.000000
vn 0.000000 -0.000002 -1.000000
vn 0.000000 -0.000002 -1.000000
vn 0.000000 -0.000002 -1.000000
vn 0.000000 -0.000002 -1.000000
vn 0.000000 0.000001 1.000000
vn 0.000000 0.000001 1.000000
vn 0.000000 0.000001 1.000000
vn 0.000000 0.000001 1.000000
vn 0.000000 0.000001 1.000000
vn 0.000000 0.000001 1.000000
vn 0.000000 0.000001 1.000000
vn 0.000000 0.000001 1.000000
vn 0.000000 0.000001 1.000000
vn 0.000000 0.000001 1.000000
vn 0.000000 0.000001 1.000000
vn 0.000000 0.000001 1.000000
vn 0.000000 0.000001 1.000000
vn 0.000000 0.000001 1.000000
s 1
g GRP_Lamp_FL GRP_Fluorescent_Lights Backrooms_Level0_Master_GRP Lamp_FL_Tube_1
usemtl M_Fluorescent_Tube_GlowSG
f 49/147/169 50/148/170 64/163/171 63/162/172
f 50/148/170 51/149/173 65/164/174 64/163/171
f 51/149/173 52/150/175 66/165/176 65/164/174
f 52/150/175 53/151/177 67/166/178 66/165/176
f 53/151/177 54/152/179 68/167/180 67/166/178
f 54/152/179 55/153/181 69/168/182 68/167/180
f 55/153/181 56/154/183 70/169/184 69/168/182
f 56/154/183 57/155/185 71/170/186 70/169/184
f 57/155/185 58/156/187 72/171/188 71/170/186
f 58/156/187 59/157/189 73/172/190 72/171/188
f 59/157/189 60/158/191 74/173/192 73/172/190
f 60/158/191 61/159/193 75/174/194 74/173/192
f 61/159/193 62/160/195 76/175/196 75/174/194
f 62/160/195 49/161/169 63/176/172 76/175/196
s off
f 49/133/197 62/146/198 61/145/199 60/144/200 59/143/201 58/142/202 57/141/203 56/140/204 55/139/205 54/138/206 53/137/207 52/136/208 51/135/209 50/134/210
f 63/189/211 64/188/212 65/187/213 66/186/214 67/185/215 68/184/216 69/183/217 70/182/218 71/181/219 72/180/220 73/179/221 74/178/222 75/177/223 76/190/224
g default
v -185.205573 297.140457 -238.500000
v -186.005573 297.721691 -238.500000
v -186.994427 297.721691 -238.500000
v -187.794428 297.140456 -238.500000
v -188.100000 296.200000 -238.500000
v -187.794427 295.259543 -238.500000
v -186.994427 294.678309 -238.500000
v -186.005573 294.678310 -238.500000
v -185.205573 295.259544 -238.500000
v -184.900000 296.200000 -238.500000
v -185.205573 297.140457 -235.500000
v -186.005573 297.721691 -235.500000
v -186.994427 297.721691 -235.500000
v -187.794428 297.140456 -235.500000
v -188.100000 296.200000 -235.500000
v -187.794427 295.259543 -235.500000
v -186.994427 294.678309 -235.500000
v -186.005573 294.678310 -235.500000
v -185.205573 295.259544 -235.500000
v -184.900000 296.200000 -235.500000
vt 0.906388 0.051527
vt 0.656388 0.006118
vt 0.347371 0.006118
vt 0.097371 0.051527
vt 0.001880 0.125000
vt 0.097371 0.198473
vt 0.347371 0.243882
vt 0.656388 0.243882
vt 0.906388 0.198473
vt 1.001880 0.125000
vt 0.000000 0.250000
vt 0.100000 0.250000
vt 0.200000 0.250000
vt 0.300000 0.250000
vt 0.400000 0.250000
vt 0.500000 0.250000
vt 0.600000 0.250000
vt 0.700000 0.250000
vt 0.800000 0.250000
vt 0.900000 0.250000
vt 1.000000 0.250000
vt 0.000000 0.750000
vt 0.100000 0.750000
vt 0.200000 0.750000
vt 0.300000 0.750000
vt 0.400000 0.750000
vt 0.500000 0.750000
vt 0.600000 0.750000
vt 0.700000 0.750000
vt 0.800000 0.750000
vt 0.900000 0.750000
vt 1.000000 0.750000
vt 0.906388 0.801527
vt 0.656388 0.756118
vt 0.347371 0.756118
vt 0.097371 0.801527
vt 0.001880 0.875000
vt 0.097371 0.948473
vt 0.347371 0.993882
vt 0.656388 0.993882
vt 0.906388 0.948473
vt 1.001880 0.875000
vn 0.587785 0.809017 0.000000
vn 0.587785 0.809017 0.000000
vn 0.587785 0.809017 0.000000
vn 0.587785 0.809017 0.000000
vn 0.000000 1.000000 0.000000
vn 0.000000 1.000000 0.000000
vn 0.000000 1.000000 0.000000
vn 0.000000 1.000000 0.000000
vn -0.587785 0.809017 0.000000
vn -0.587785 0.809017 0.000000
vn -0.587785 0.809017 0.000000
vn -0.587785 0.809017 0.000000
vn -0.951057 0.309017 0.000000
vn -0.951057 0.309017 0.000000
vn -0.951057 0.309017 0.000000
vn -0.951057 0.309017 0.000000
vn -0.951056 -0.309017 0.000000
vn -0.951056 -0.309017 0.000000
vn -0.951056 -0.309017 0.000000
vn -0.951056 -0.309017 0.000000
vn -0.587785 -0.809017 0.000000
vn -0.587785 -0.809017 0.000000
vn -0.587785 -0.809017 0.000000
vn -0.587785 -0.809017 0.000000
vn 0.000000 -1.000000 0.000000
vn 0.000000 -1.000000 0.000000
vn 0.000000 -1.000000 0.000000
vn 0.000000 -1.000000 0.000000
vn 0.587785 -0.809017 0.000000
vn 0.587785 -0.809017 0.000000
vn 0.587785 -0.809017 0.000000
vn 0.587785 -0.809017 0.000000
vn 0.951057 -0.309017 0.000000
vn 0.951057 -0.309017 0.000000
vn 0.951057 -0.309017 0.000000
vn 0.951057 -0.309017 0.000000
vn 0.951057 0.309017 0.000000
vn 0.951057 0.309017 0.000000
vn 0.951057 0.309017 0.000000
vn 0.951057 0.309017 0.000000
vn 0.000000 -0.000000 -1.000000
vn 0.000000 -0.000000 -1.000000
vn 0.000000 -0.000000 -1.000000
vn 0.000000 -0.000000 -1.000000
vn 0.000000 -0.000000 -1.000000
vn 0.000000 -0.000000 -1.000000
vn 0.000000 -0.000000 -1.000000
vn 0.000000 -0.000000 -1.000000
vn 0.000000 -0.000000 -1.000000
vn 0.000000 -0.000000 -1.000000
vn 0.000000 -0.000000 1.000000
vn 0.000000 -0.000000 1.000000
vn 0.000000 -0.000000 1.000000
vn 0.000000 -0.000000 1.000000
vn 0.000000 -0.000000 1.000000
vn 0.000000 -0.000000 1.000000
vn 0.000000 -0.000000 1.000000
vn 0.000000 -0.000000 1.000000
vn 0.000000 -0.000000 1.000000
vn 0.000000 -0.000000 1.000000
s off
g GRP_Lamp_FL GRP_Fluorescent_Lights Backrooms_Level0_Master_GRP Lamp_FL_Cap_1_1
usemtl M_Plastic_WallSocketSG
f 77/201/225 78/202/226 88/213/227 87/212/228
f 78/202/229 79/203/230 89/214/231 88/213/232
f 79/203/233 80/204/234 90/215/235 89/214/236
f 80/204/237 81/205/238 91/216/239 90/215/240
f 81/205/241 82/206/242 92/217/243 91/216/244
f 82/206/245 83/207/246 93/218/247 92/217/248
f 83/207/249 84/208/250 94/219/251 93/218/252
f 84/208/253 85/209/254 95/220/255 94/219/256
f 85/209/257 86/210/258 96/221/259 95/220/260
f 86/210/261 77/211/262 87/222/263 96/221/264
f 77/191/265 86/200/266 85/199/267 84/198/268 83/197/269 82/196/270 81/195/271 80/194/272 79/193/273 78/192/274
f 87/231/275 88/230/276 89/229/277 90/228/278 91/227/279 92/226/280 93/225/281 94/224/282 95/223/283 96/232/284
g default
v -185.205573 297.140457 -124.500000
v -186.005573 297.721691 -124.500000
v -186.994427 297.721691 -124.500000
v -187.794428 297.140456 -124.500000
v -188.100000 296.200000 -124.500000
v -187.794427 295.259543 -124.500000
v -186.994427 294.678309 -124.500000
v -186.005573 294.678310 -124.500000
v -185.205573 295.259544 -124.500000
v -184.900000 296.200000 -124.500000
v -185.205573 297.140457 -121.500000
v -186.005573 297.721691 -121.500000
v -186.994427 297.721691 -121.500000
v -187.794428 297.140456 -121.500000
v -188.100000 296.200000 -121.500000
v -187.794427 295.259543 -121.500000
v -186.994427 294.678309 -121.500000
v -186.005573 294.678310 -121.500000
v -185.205573 295.259544 -121.500000
v -184.900000 296.200000 -121.500000
vt 0.906388 0.051527
vt 0.656388 0.006118
vt 0.347371 0.006118
vt 0.097371 0.051527
vt 0.001880 0.125000
vt 0.097371 0.198473
vt 0.347371 0.243882
vt 0.656388 0.243882
vt 0.906388 0.198473
vt 1.001880 0.125000
vt 0.000000 0.250000
vt 0.100000 0.250000
vt 0.200000 0.250000
vt 0.300000 0.250000
vt 0.400000 0.250000
vt 0.500000 0.250000
vt 0.600000 0.250000
vt 0.700000 0.250000
vt 0.800000 0.250000
vt 0.900000 0.250000
vt 1.000000 0.250000
vt 0.000000 0.750000
vt 0.100000 0.750000
vt 0.200000 0.750000
vt 0.300000 0.750000
vt 0.400000 0.750000
vt 0.500000 0.750000
vt 0.600000 0.750000
vt 0.700000 0.750000
vt 0.800000 0.750000
vt 0.900000 0.750000
vt 1.000000 0.750000
vt 0.906388 0.801527
vt 0.656388 0.756118
vt 0.347371 0.756118
vt 0.097371 0.801527
vt 0.001880 0.875000
vt 0.097371 0.948473
vt 0.347371 0.993882
vt 0.656388 0.993882
vt 0.906388 0.948473
vt 1.001880 0.875000
vn 0.587785 0.809017 0.000000
vn 0.587785 0.809017 0.000000
vn 0.587785 0.809017 0.000000
vn 0.587785 0.809017 0.000000
vn 0.000000 1.000000 0.000000
vn 0.000000 1.000000 0.000000
vn 0.000000 1.000000 0.000000
vn 0.000000 1.000000 0.000000
vn -0.587785 0.809017 0.000000
vn -0.587785 0.809017 0.000000
vn -0.587785 0.809017 0.000000
vn -0.587785 0.809017 0.000000
vn -0.951057 0.309017 0.000000
vn -0.951057 0.309017 0.000000
vn -0.951057 0.309017 0.000000
vn -0.951057 0.309017 0.000000
vn -0.951056 -0.309017 0.000000
vn -0.951056 -0.309017 0.000000
vn -0.951056 -0.309017 0.000000
vn -0.951056 -0.309017 0.000000
vn -0.587785 -0.809017 0.000000
vn -0.587785 -0.809017 0.000000
vn -0.587785 -0.809017 0.000000
vn -0.587785 -0.809017 0.000000
vn 0.000000 -1.000000 0.000000
vn 0.000000 -1.000000 0.000000
vn 0.000000 -1.000000 0.000000
vn 0.000000 -1.000000 0.000000
vn 0.587785 -0.809017 0.000000
vn 0.587785 -0.809017 0.000000
vn 0.587785 -0.809017 0.000000
vn 0.587785 -0.809017 0.000000
vn 0.951057 -0.309017 0.000000
vn 0.951057 -0.309017 0.000000
vn 0.951057 -0.309017 0.000000
vn 0.951057 -0.309017 0.000000
vn 0.951057 0.309017 0.000000
vn 0.951057 0.309017 0.000000
vn 0.951057 0.309017 0.000000
vn 0.951057 0.309017 0.000000
vn 0.000000 -0.000000 -1.000000
vn 0.000000 -0.000000 -1.000000
vn 0.000000 -0.000000 -1.000000
vn 0.000000 -0.000000 -1.000000
vn 0.000000 -0.000000 -1.000000
vn 0.000000 -0.000000 -1.000000
vn 0.000000 -0.000000 -1.000000
vn 0.000000 -0.000000 -1.000000
vn 0.000000 -0.000000 -1.000000
vn 0.000000 -0.000000 -1.000000
vn 0.000000 -0.000000 1.000000
vn 0.000000 -0.000000 1.000000
vn 0.000000 -0.000000 1.000000
vn 0.000000 -0.000000 1.000000
vn 0.000000 -0.000000 1.000000
vn 0.000000 -0.000000 1.000000
vn 0.000000 -0.000000 1.000000
vn 0.000000 -0.000000 1.000000
vn 0.000000 -0.000000 1.000000
vn 0.000000 -0.000000 1.000000
s off
g GRP_Lamp_FL GRP_Fluorescent_Lights Backrooms_Level0_Master_GRP Lamp_FL_Cap_1_2
usemtl M_Plastic_WallSocketSG
f 97/243/285 98/244/286 108/255/287 107/254/288
f 98/244/289 99/245/290 109/256/291 108/255/292
f 99/245/293 100/246/294 110/257/295 109/256/296
f 100/246/297 101/247/298 111/258/299 110/257/300
f 101/247/301 102/248/302 112/259/303 111/258/304
f 102/248/305 103/249/306 113/260/307 112/259/308
f 103/249/309 104/250/310 114/261/311 113/260/312
f 104/250/313 105/251/314 115/262/315 114/261/316
f 105/251/317 106/252/318 116/263/319 115/262/320
f 106/252/321 97/253/322 107/264/323 116/263/324
f 97/233/325 106/242/326 105/241/327 104/240/328 103/239/329 102/238/330 101/237/331 100/236/332 99/235/333 98/234/334
f 107/273/335 108/272/336 109/271/337 110/270/338 111/269/339 112/268/340 113/267/341 114/266/342 115/265/343 116/274/344
g default
v -172.328740 296.764048 -236.000000
v -172.689463 297.216381 -236.000000
v -173.210723 297.467406 -236.000000
v -173.789277 297.467406 -236.000000
v -174.310536 297.216381 -236.000000
v -174.671259 296.764049 -236.000000
v -174.800000 296.200000 -236.000000
v -174.671259 295.635951 -236.000000
v -174.310537 295.183619 -236.000000
v -173.789277 294.932594 -236.000000
v -173.210723 294.932594 -236.000000
v -172.689463 295.183619 -236.000000
v -172.328741 295.635951 -236.000000
v -172.200000 296.200000 -236.000000
v -172.328740 296.764048 -124.000000
v -172.689463 297.216381 -124.000000
v -173.210723 297.467406 -124.000000
v -173.789277 297.467406 -124.000000
v -174.310536 297.216381 -124.000000
v -174.671259 296.764049 -124.000000
v -174.800000 296.200000 -124.000000
v -174.671259 295.635951 -124.000000
v -174.310537 295.183619 -124.000000
v -173.789277 294.932594 -124.000000
v -173.210723 294.932594 -124.000000
v -172.689463 295.183619 -124.000000
v -172.328741 295.635951 -124.000000
v -172.200000 296.200000 -124.000000
vt 0.952364 0.070765
vt 0.813625 0.027271
vt 0.613140 0.003134
vt 0.390619 0.003134
vt 0.190135 0.027271
vt 0.051395 0.070765
vt 0.001880 0.125000
vt 0.051395 0.179235
vt 0.190135 0.222729
vt 0.390619 0.246866
vt 0.613140 0.246866
vt 0.813625 0.222729
vt 0.952364 0.179235
vt 1.001880 0.125000
vt 0.000000 0.250000
vt 0.071429 0.250000
vt 0.142857 0.250000
vt 0.214286 0.250000
vt 0.285714 0.250000
vt 0.357143 0.250000
vt 0.428571 0.250000
vt 0.500000 0.250000
vt 0.571429 0.250000
vt 0.642857 0.250000
vt 0.714286 0.250000
vt 0.785714 0.250000
vt 0.857143 0.250000
vt 0.928572 0.250000
vt 1.000000 0.250000
vt 0.000000 0.750000
vt 0.071429 0.750000
vt 0.142857 0.750000
vt 0.214286 0.750000
vt 0.285714 0.750000
vt 0.357143 0.750000
vt 0.428571 0.750000
vt 0.500000 0.750000
vt 0.571429 0.750000
vt 0.642857 0.750000
vt 0.714286 0.750000
vt 0.785714 0.750000
vt 0.857143 0.750000
vt 0.928572 0.750000
vt 1.000000 0.750000
vt 0.952364 0.820765
vt 0.813625 0.777271
vt 0.613140 0.753134
vt 0.390619 0.753134
vt 0.190135 0.777271
vt 0.051395 0.820765
vt 0.001880 0.875000
vt 0.051395 0.929235
vt 0.190135 0.972729
vt 0.390619 0.996866
vt 0.613140 0.996866
vt 0.813625 0.972729
vt 0.952364 0.929235
vt 1.001880 0.875000
vn 0.900969 0.433884 0.000000
vn 0.623490 0.781831 0.000000
vn 0.623490 0.781831 0.000000
vn 0.900969 0.433884 0.000000
vn 0.222521 0.974928 0.000000
vn 0.222521 0.974928 0.000000
vn -0.222521 0.974928 0.000000
vn -0.222521 0.974928 0.000000
vn -0.623490 0.781832 0.000000
vn -0.623490 0.781832 0.000000
vn -0.900969 0.433884 0.000000
vn -0.900969 0.433884 0.000000
vn -1.000000 0.000000 0.000000
vn -1.000000 0.000000 0.000000
vn -0.900969 -0.433884 0.000000
vn -0.900969 -0.433884 0.000000
vn -0.623490 -0.781831 0.000000
vn -0.623490 -0.781831 0.000000
vn -0.222521 -0.974928 0.000000
vn -0.222521 -0.974928 0.000000
vn 0.222521 -0.974928 0.000000
vn 0.222521 -0.974928 0.000000
vn 0.623490 -0.781832 0.000000
vn 0.623490 -0.781832 0.000000
vn 0.900969 -0.433884 0.000000
vn 0.900969 -0.433884 0.000000
vn 1.000000 -0.000000 0.000000
vn 1.000000 -0.000000 0.000000
vn 0.000000 -0.000002 -1.000000
vn 0.000000 -0.000002 -1.000000
vn 0.000000 -0.000002 -1.000000
vn 0.000000 -0.000002 -1.000000
vn 0.000000 -0.000002 -1.000000
vn 0.000000 -0.000002 -1.000000
vn 0.000000 -0.000002 -1.000000
vn 0.000000 -0.000002 -1.000000
vn 0.000000 -0.000002 -1.000000
vn 0.000000 -0.000002 -1.000000
vn 0.000000 -0.000002 -1.000000
vn 0.000000 -0.000002 -1.000000
vn 0.000000 -0.000002 -1.000000
vn 0.000000 -0.000002 -1.000000
vn 0.000000 0.000001 1.000000
vn 0.000000 0.000001 1.000000
vn 0.000000 0.000001 1.000000
vn 0.000000 0.000001 1.000000
vn 0.000000 0.000001 1.000000
vn 0.000000 0.000001 1.000000
vn 0.000000 0.000001 1.000000
vn 0.000000 0.000001 1.000000
vn 0.000000 0.000001 1.000000
vn 0.000000 0.000001 1.000000
vn 0.000000 0.000001 1.000000
vn 0.000000 0.000001 1.000000
vn 0.000000 0.000001 1.000000
vn 0.000000 0.000001 1.000000
s 1
g GRP_Lamp_FL GRP_Fluorescent_Lights Backrooms_Level0_Master_GRP Lamp_FL_Tube_2
usemtl M_Fluorescent_Tube_GlowSG
f 117/289/345 118/290/346 132/305/347 131/304/348
f 118/290/346 119/291/349 133/306/350 132/305/347
f 119/291/349 120/292/351 134/307/352 133/306/350
f 120/292/351 121/293/353 135/308/354 134/307/352
f 121/293/353 122/294/355 136/309/356 135/308/354
f 122/294/355 123/295/357 137/310/358 136/309/356
f 123/295/357 124/296/359 138/311/360 137/310/358
f 124/296/359 125/297/361 139/312/362 138/311/360
f 125/297/361 126/298/363 140/313/364 139/312/362
f 126/298/363 127/299/365 141/314/366 140/313/364
f 127/299/365 128/300/367 142/315/368 141/314/366
f 128/300/367 129/301/369 143/316/370 142/315/368
f 129/301/369 130/302/371 144/317/372 143/316/370
f 130/302/371 117/303/345 131/318/348 144/317/372
s off
f 117/275/373 130/288/374 129/287/375 128/286/376 127/285/377 126/284/378 125/283/379 124/282/380 123/281/381 122/280/382 121/279/383 120/278/384 119/277/385 118/276/386
f 131/331/387 132/330/388 133/329/389 134/328/390 135/327/391 136/326/392 137/325/393 138/324/394 139/323/395 140/322/396 141/321/397 142/320/398 143/319/399 144/332/400
g default
v -172.205573 297.140457 -238.500000
v -173.005573 297.721691 -238.500000
v -173.994427 297.721691 -238.500000
v -174.794428 297.140456 -238.500000
v -175.100000 296.200000 -238.500000
v -174.794427 295.259543 -238.500000
v -173.994427 294.678309 -238.500000
v -173.005573 294.678310 -238.500000
v -172.205573 295.259544 -238.500000
v -171.900000 296.200000 -238.500000
v -172.205573 297.140457 -235.500000
v -173.005573 297.721691 -235.500000
v -173.994427 297.721691 -235.500000
v -174.794428 297.140456 -235.500000
v -175.100000 296.200000 -235.500000
v -174.794427 295.259543 -235.500000
v -173.994427 294.678309 -235.500000
v -173.005573 294.678310 -235.500000
v -172.205573 295.259544 -235.500000
v -171.900000 296.200000 -235.500000
vt 0.906388 0.051527
vt 0.656388 0.006118
vt 0.347371 0.006118
vt 0.097371 0.051527
vt 0.001880 0.125000
vt 0.097371 0.198473
vt 0.347371 0.243882
vt 0.656388 0.243882
vt 0.906388 0.198473
vt 1.001880 0.125000
vt 0.000000 0.250000
vt 0.100000 0.250000
vt 0.200000 0.250000
vt 0.300000 0.250000
vt 0.400000 0.250000
vt 0.500000 0.250000
vt 0.600000 0.250000
vt 0.700000 0.250000
vt 0.800000 0.250000
vt 0.900000 0.250000
vt 1.000000 0.250000
vt 0.000000 0.750000
vt 0.100000 0.750000
vt 0.200000 0.750000
vt 0.300000 0.750000
vt 0.400000 0.750000
vt 0.500000 0.750000
vt 0.600000 0.750000
vt 0.700000 0.750000
vt 0.800000 0.750000
vt 0.900000 0.750000
vt 1.000000 0.750000
vt 0.906388 0.801527
vt 0.656388 0.756118
vt 0.347371 0.756118
vt 0.097371 0.801527
vt 0.001880 0.875000
vt 0.097371 0.948473
vt 0.347371 0.993882
vt 0.656388 0.993882
vt 0.906388 0.948473
vt 1.001880 0.875000
vn 0.587785 0.809017 0.000000
vn 0.587785 0.809017 0.000000
vn 0.587785 0.809017 0.000000
vn 0.587785 0.809017 0.000000
vn 0.000000 1.000000 0.000000
vn 0.000000 1.000000 0.000000
vn 0.000000 1.000000 0.000000
vn 0.000000 1.000000 0.000000
vn -0.587785 0.809017 0.000000
vn -0.587785 0.809017 0.000000
vn -0.587785 0.809017 0.000000
vn -0.587785 0.809017 0.000000
vn -0.951057 0.309017 0.000000
vn -0.951057 0.309017 0.000000
vn -0.951057 0.309017 0.000000
vn -0.951057 0.309017 0.000000
vn -0.951056 -0.309017 0.000000
vn -0.951056 -0.309017 0.000000
vn -0.951056 -0.309017 0.000000
vn -0.951056 -0.309017 0.000000
vn -0.587785 -0.809017 0.000000
vn -0.587785 -0.809017 0.000000
vn -0.587785 -0.809017 0.000000
vn -0.587785 -0.809017 0.000000
vn 0.000000 -1.000000 0.000000
vn 0.000000 -1.000000 0.000000
vn 0.000000 -1.000000 0.000000
vn 0.000000 -1.000000 0.000000
vn 0.587785 -0.809017 0.000000
vn 0.587785 -0.809017 0.000000
vn 0.587785 -0.809017 0.000000
vn 0.587785 -0.809017 0.000000
vn 0.951057 -0.309017 0.000000
vn 0.951057 -0.309017 0.000000
vn 0.951057 -0.309017 0.000000
vn 0.951057 -0.309017 0.000000
vn 0.951057 0.309017 0.000000
vn 0.951057 0.309017 0.000000
vn 0.951057 0.309017 0.000000
vn 0.951057 0.309017 0.000000
vn 0.000000 -0.000000 -1.000000
vn 0.000000 -0.000000 -1.000000
vn 0.000000 -0.000000 -1.000000
vn 0.000000 -0.000000 -1.000000
vn 0.000000 -0.000000 -1.000000
vn 0.000000 -0.000000 -1.000000
vn 0.000000 -0.000000 -1.000000
vn 0.000000 -0.000000 -1.000000
vn 0.000000 -0.000000 -1.000000
vn 0.000000 -0.000000 -1.000000
vn 0.000000 -0.000000 1.000000
vn 0.000000 -0.000000 1.000000
vn 0.000000 -0.000000 1.000000
vn 0.000000 -0.000000 1.000000
vn 0.000000 -0.000000 1.000000
vn 0.000000 -0.000000 1.000000
vn 0.000000 -0.000000 1.000000
vn 0.000000 -0.000000 1.000000
vn 0.000000 -0.000000 1.000000
vn 0.000000 -0.000000 1.000000
s off
g GRP_Lamp_FL GRP_Fluorescent_Lights Backrooms_Level0_Master_GRP Lamp_FL_Cap_2_1
usemtl M_Plastic_WallSocketSG
f 145/343/401 146/344/402 156/355/403 155/354/404
f 146/344/405 147/345/406 157/356/407 156/355/408
f 147/345/409 148/346/410 158/357/411 157/356/412
f 148/346/413 149/347/414 159/358/415 158/357/416
f 149/347/417 150/348/418 160/359/419 159/358/420
f 150/348/421 151/349/422 161/360/423 160/359/424
f 151/349/425 152/350/426 162/361/427 161/360/428
f 152/350/429 153/351/430 163/362/431 162/361/432
f 153/351/433 154/352/434 164/363/435 163/362/436
f 154/352/437 145/353/438 155/364/439 164/363/440
f 145/333/441 154/342/442 153/341/443 152/340/444 151/339/445 150/338/446 149/337/447 148/336/448 147/335/449 146/334/450
f 155/373/451 156/372/452 157/371/453 158/370/454 159/369/455 160/368/456 161/367/457 162/366/458 163/365/459 164/374/460
g default
v -172.205573 297.140457 -124.500000
v -173.005573 297.721691 -124.500000
v -173.994427 297.721691 -124.500000
v -174.794428 297.140456 -124.500000
v -175.100000 296.200000 -124.500000
v -174.794427 295.259543 -124.500000
v -173.994427 294.678309 -124.500000
v -173.005573 294.678310 -124.500000
v -172.205573 295.259544 -124.500000
v -171.900000 296.200000 -124.500000
v -172.205573 297.140457 -121.500000
v -173.005573 297.721691 -121.500000
v -173.994427 297.721691 -121.500000
v -174.794428 297.140456 -121.500000
v -175.100000 296.200000 -121.500000
v -174.794427 295.259543 -121.500000
v -173.994427 294.678309 -121.500000
v -173.005573 294.678310 -121.500000
v -172.205573 295.259544 -121.500000
v -171.900000 296.200000 -121.500000
vt 0.906388 0.051527
vt 0.656388 0.006118
vt 0.347371 0.006118
vt 0.097371 0.051527
vt 0.001880 0.125000
vt 0.097371 0.198473
vt 0.347371 0.243882
vt 0.656388 0.243882
vt 0.906388 0.198473
vt 1.001880 0.125000
vt 0.000000 0.250000
vt 0.100000 0.250000
vt 0.200000 0.250000
vt 0.300000 0.250000
vt 0.400000 0.250000
vt 0.500000 0.250000
vt 0.600000 0.250000
vt 0.700000 0.250000
vt 0.800000 0.250000
vt 0.900000 0.250000
vt 1.000000 0.250000
vt 0.000000 0.750000
vt 0.100000 0.750000
vt 0.200000 0.750000
vt 0.300000 0.750000
vt 0.400000 0.750000
vt 0.500000 0.750000
vt 0.600000 0.750000
vt 0.700000 0.750000
vt 0.800000 0.750000
vt 0.900000 0.750000
vt 1.000000 0.750000
vt 0.906388 0.801527
vt 0.656388 0.756118
vt 0.347371 0.756118
vt 0.097371 0.801527
vt 0.001880 0.875000
vt 0.097371 0.948473
vt 0.347371 0.993882
vt 0.656388 0.993882
vt 0.906388 0.948473
vt 1.001880 0.875000
vn 0.587785 0.809017 0.000000
vn 0.587785 0.809017 0.000000
vn 0.587785 0.809017 0.000000
vn 0.587785 0.809017 0.000000
vn 0.000000 1.000000 0.000000
vn 0.000000 1.000000 0.000000
vn 0.000000 1.000000 0.000000
vn 0.000000 1.000000 0.000000
vn -0.587785 0.809017 0.000000
vn -0.587785 0.809017 0.000000
vn -0.587785 0.809017 0.000000
vn -0.587785 0.809017 0.000000
vn -0.951057 0.309017 0.000000
vn -0.951057 0.309017 0.000000
vn -0.951057 0.309017 0.000000
vn -0.951057 0.309017 0.000000
vn -0.951056 -0.309017 0.000000
vn -0.951056 -0.309017 0.000000
vn -0.951056 -0.309017 0.000000
vn -0.951056 -0.309017 0.000000
vn -0.587785 -0.809017 0.000000
vn -0.587785 -0.809017 0.000000
vn -0.587785 -0.809017 0.000000
vn -0.587785 -0.809017 0.000000
vn 0.000000 -1.000000 0.000000
vn 0.000000 -1.000000 0.000000
vn 0.000000 -1.000000 0.000000
vn 0.000000 -1.000000 0.000000
vn 0.587785 -0.809017 0.000000
vn 0.587785 -0.809017 0.000000
vn 0.587785 -0.809017 0.000000
vn 0.587785 -0.809017 0.000000
vn 0.951057 -0.309017 0.000000
vn 0.951057 -0.309017 0.000000
vn 0.951057 -0.309017 0.000000
vn 0.951057 -0.309017 0.000000
vn 0.951057 0.309017 0.000000
vn 0.951057 0.309017 0.000000
vn 0.951057 0.309017 0.000000
vn 0.951057 0.309017 0.000000
vn 0.000000 -0.000000 -1.000000
vn 0.000000 -0.000000 -1.000000
vn 0.000000 -0.000000 -1.000000
vn 0.000000 -0.000000 -1.000000
vn 0.000000 -0.000000 -1.000000
vn 0.000000 -0.000000 -1.000000
vn 0.000000 -0.000000 -1.000000
vn 0.000000 -0.000000 -1.000000
vn 0.000000 -0.000000 -1.000000
vn 0.000000 -0.000000 -1.000000
vn 0.000000 -0.000000 1.000000
vn 0.000000 -0.000000 1.000000
vn 0.000000 -0.000000 1.000000
vn 0.000000 -0.000000 1.000000
vn 0.000000 -0.000000 1.000000
vn 0.000000 -0.000000 1.000000
vn 0.000000 -0.000000 1.000000
vn 0.000000 -0.000000 1.000000
vn 0.000000 -0.000000 1.000000
vn 0.000000 -0.000000 1.000000
s off
g GRP_Lamp_FL GRP_Fluorescent_Lights Backrooms_Level0_Master_GRP Lamp_FL_Cap_2_2
usemtl M_Plastic_WallSocketSG
f 165/385/461 166/386/462 176/397/463 175/396/464
f 166/386/465 167/387/466 177/398/467 176/397/468
f 167/387/469 168/388/470 178/399/471 177/398/472
f 168/388/473 169/389/474 179/400/475 178/399/476
f 169/389/477 170/390/478 180/401/479 179/400/480
f 170/390/481 171/391/482 181/402/483 180/401/484
f 171/391/485 172/392/486 182/403/487 181/402/488
f 172/392/489 173/393/490 183/404/491 182/403/492
f 173/393/493 174/394/494 184/405/495 183/404/496
f 174/394/497 165/395/498 175/406/499 184/405/500
f 165/375/501 174/384/502 173/383/503 172/382/504 171/381/505 170/380/506 169/379/507 168/378/508 167/377/509 166/376/510
f 175/415/511 176/414/512 177/413/513 178/412/514 179/411/515 180/410/516 181/409/517 182/408/518 183/407/519 184/416/520
g default
v -195.000000 294.200000 -121.000000
v -165.000000 294.200000 -121.000000
v -195.000000 294.800000 -121.000000
v -165.000000 294.800000 -121.000000
v -195.000000 294.800000 -239.000000
v -165.000000 294.800000 -239.000000
v -195.000000 294.200000 -239.000000
v -165.000000 294.200000 -239.000000
vt 0.330000 0.000000
vt 0.663333 0.000000
vt 0.330000 0.250000
vt 0.663333 0.250000
vt 0.330000 0.500000
vt 0.663333 0.500000
vt 0.330000 0.750000
vt 0.663333 0.750000
vt 0.330000 1.000000
vt 0.663333 1.000000
vt 1.000000 0.000000
vt 1.000000 0.250000
vt 0.000000 0.000000
vt 0.000000 0.250000
vn 0.000000 0.000000 1.000000
vn 0.000000 0.000000 1.000000
vn 0.000000 0.000000 1.000000
vn 0.000000 0.000000 1.000000
vn 0.000000 1.000000 0.000000
vn 0.000000 1.000000 0.000000
vn 0.000000 1.000000 0.000000
vn 0.000000 1.000000 0.000000
vn 0.000000 0.000000 -1.000000
vn 0.000000 0.000000 -1.000000
vn 0.000000 0.000000 -1.000000
vn 0.000000 0.000000 -1.000000
vn 0.000000 -1.000000 0.000000
vn 0.000000 -1.000000 0.000000
vn 0.000000 -1.000000 0.000000
vn 0.000000 -1.000000 0.000000
vn 1.000000 0.000000 0.000000
vn 1.000000 0.000000 0.000000
vn 1.000000 0.000000 0.000000
vn 1.000000 0.000000 0.000000
vn -1.000000 0.000000 0.000000
vn -1.000000 0.000000 0.000000
vn -1.000000 0.000000 0.000000
vn -1.000000 0.000000 0.000000
s off
g GRP_Lamp_FL GRP_Fluorescent_Lights Backrooms_Level0_Master_GRP Lamp_FL_Diffuser
usemtl M_Lamp_Housing_WhiteSG
f 185/417/521 186/418/522 188/420/523 187/419/524
f 187/419/525 188/420/526 190/422/527 189/421/528
f 189/421/529 190/422/530 192/424/531 191/423/532
f 191/423/533 192/424/534 186/426/535 185/425/536
f 186/418/537 192/427/538 190/428/539 188/420/540
f 191/429/541 185/417/542 187/419/543 189/430/544
g default
v 163.046858 294.046858 -118.159985
v 163.159985 294.000000 -118.159985
v 163.159985 294.046858 -118.046860
v 163.159985 294.159984 -118.000000
v 163.046858 294.159984 -118.046860
v 163.000000 294.159984 -118.159985
v 196.953142 294.046858 -118.159985
v 197.000000 294.159984 -118.159985
v 196.953142 294.159984 -118.046860
v 196.840015 294.159984 -118.000000
v 196.840015 294.046858 -118.046860
v 196.840015 294.000000 -118.159985
v 163.046858 301.953142 -118.159985
v 163.000000 301.840016 -118.159985
v 163.046858 301.840016 -118.046860
v 163.159985 301.840016 -118.000000
v 163.159985 301.953142 -118.046860
v 163.159985 302.000000 -118.159985
v 196.953142 301.953142 -118.159985
v 196.840015 302.000000 -118.159985
v 196.840015 301.953142 -118.046860
v 196.840015 301.840016 -118.000000
v 196.953142 301.840016 -118.046860
v 197.000000 301.840016 -118.159985
v 163.046858 301.840016 -241.953140
v 163.000000 301.840016 -241.840015
v 163.046858 301.953142 -241.840015
v 163.159985 302.000000 -241.840015
v 163.159985 301.953142 -241.953140
v 163.159985 301.840016 -242.000000
v 196.953142 301.840016 -241.953140
v 196.840015 301.840016 -242.000000
v 196.840015 301.953142 -241.953140
v 196.840015 302.000000 -241.840015
v 196.953142 301.953142 -241.840015
v 197.000000 301.840016 -241.840015
v 163.046858 294.046858 -241.840015
v 163.000000 294.159984 -241.840015
v 163.046858 294.159984 -241.953140
v 163.159985 294.159984 -242.000000
v 163.159985 294.046858 -241.953140
v 163.159985 294.000000 -241.840015
v 196.953142 294.046858 -241.840015
v 196.840015 294.000000 -241.840015
v 196.840015 294.046858 -241.953140
v 196.840015 294.159984 -242.000000
v 196.953142 294.159984 -241.953140
v 197.000000 294.159984 -241.840015
vt 0.331569 0.999677
vt 0.331568 0.750323
vt 0.329574 0.005000
vt 0.000426 0.005000
vt 0.331568 0.004999
vt 0.661765 0.005000
vt 0.331569 0.999677
vt 0.661765 0.999677
vt 0.329574 0.005000
vt 0.329574 0.245000
vt 0.331568 0.004999
vt 0.331569 0.245000
vt 0.663768 0.005000
vt 0.999566 0.005000
vt 0.661765 0.999677
vt 0.661765 0.750323
vt 0.661765 0.005000
vt 0.661765 0.245000
vt 0.663768 0.005000
vt 0.663768 0.245000
vt 0.329574 0.245000
vt 0.000426 0.245000
vt 0.331568 0.250323
vt 0.331569 0.499677
vt 0.331568 0.250323
vt 0.661765 0.250323
vt 0.331569 0.245000
vt 0.661765 0.245000
vt 0.661765 0.250323
vt 0.661765 0.499677
vt 0.663768 0.245000
vt 0.999566 0.245000
vt 0.000426 0.245000
vt 0.000426 0.005000
vt 0.331568 0.504999
vt 0.331569 0.745000
vt 0.331568 0.504999
vt 0.661765 0.505000
vt 0.331569 0.499677
vt 0.661765 0.499677
vt 0.661765 0.505000
vt 0.661765 0.745000
vt 0.999566 0.245000
vt 0.999566 0.005000
vt 0.331568 0.750323
vt 0.661765 0.750323
vt 0.331569 0.745000
vt 0.661765 0.745000
vt 0.331568 0.004999
vt 0.661765 0.005000
vt 0.661765 0.245000
vt 0.331569 0.245000
vt 0.331568 0.250323
vt 0.661765 0.250323
vt 0.661765 0.499677
vt 0.331569 0.499677
vt 0.331568 0.504999
vt 0.661765 0.505000
vt 0.661765 0.745000
vt 0.331569 0.745000
vt 0.331568 0.750323
vt 0.661765 0.750323
vt 0.661765 0.999677
vt 0.331569 0.999677
vt 0.663768 0.005000
vt 0.999566 0.005000
vt 0.999566 0.245000
vt 0.663768 0.245000
vt 0.000426 0.005000
vt 0.329574 0.005000
vt 0.329574 0.245000
vt 0.000426 0.245000
vt 0.331568 0.000000
vt 0.331568 0.004999
vt 0.329574 0.005000
vt 0.663768 0.005000
vt 0.661765 0.005000
vt 0.661765 0.000000
vt 0.329574 0.245000
vt 0.331569 0.245000
vt 0.331568 0.250323
vt 0.661765 0.250323
vt 0.661765 0.245000
vt 0.663768 0.245000
vt 0.330000 0.499677
vt 0.331569 0.499677
vt 0.331568 0.504999
vt 0.661765 0.505000
vt 0.661765 0.499677
vt 0.663333 0.499677
vt 0.330000 0.745000
vt 0.331569 0.745000
vt 0.331568 0.750323
vt 0.661765 0.750323
vt 0.661765 0.745000
vt 0.663333 0.745000
vt 0.331241 0.000005
vt 0.331567 0.999426
vt 0.332760 0.000000
vt 0.332760 0.999677
vt 0.330571 0.005058
vt 0.662099 0.000005
vt 0.661766 0.999426
vt 0.662754 0.005011
vt 0.660573 0.999677
vt 0.660573 0.000000
vt 0.330000 0.250000
vt 0.330572 0.244989
vt 0.331573 0.247662
vt 0.663333 0.250000
vt 0.661764 0.247663
vt 0.662766 0.244942
vt 0.330000 0.503468
vt 0.000426 0.241292
vt 0.330000 0.499431
vt 0.000752 0.245005
vt 0.331573 0.502338
vt 0.663333 0.503468
vt 0.999566 0.241292
vt 0.661764 0.502337
vt 0.999233 0.245005
vt 0.663333 0.499431
vt 0.000753 0.004995
vt 0.330002 0.745252
vt 0.330000 0.741210
vt 0.000426 0.008708
vt 0.331573 0.747662
vt 0.663332 0.745252
vt 0.999232 0.004995
vt 0.661764 0.747653
vt 0.999566 0.008708
vt 0.663333 0.741210
vn -0.382683 -0.923880 0.000000
vn -0.382683 -0.923880 0.000000
vn -0.382683 -0.923880 0.000000
vn -0.382683 -0.923880 0.000000
vn -0.923880 -0.382682 0.000000
vn -0.923880 -0.382682 0.000000
vn -0.923880 -0.382682 0.000000
vn -0.923880 -0.382682 0.000000
vn 0.000000 -0.382693 0.923876
vn 0.000000 -0.382693 0.923876
vn 0.000000 -0.382693 0.923876
vn 0.000000 -0.382693 0.923876
vn 0.000000 -0.923879 0.382686
vn 0.000000 -0.923879 0.382686
vn 0.000000 -0.923879 0.382686
vn 0.000000 -0.923879 0.382686
vn -0.923880 0.000000 0.382682
vn -0.923880 0.000000 0.382682
vn -0.923880 0.000000 0.382682
vn -0.923880 0.000000 0.382682
vn -0.382672 0.000000 0.923884
vn -0.382672 0.000000 0.923884
vn -0.382672 0.000000 0.923884
vn -0.382672 0.000000 0.923884
vn 0.923880 -0.382682 0.000000
vn 0.923880 -0.382682 0.000000
vn 0.923880 -0.382682 0.000000
vn 0.923880 -0.382682 0.000000
vn 0.382683 -0.923880 0.000000
vn 0.382683 -0.923880 0.000000
vn 0.382683 -0.923880 0.000000
vn 0.382683 -0.923880 0.000000
vn 0.382672 0.000000 0.923884
vn 0.382672 0.000000 0.923884
vn 0.382672 0.000000 0.923884
vn 0.382672 0.000000 0.923884
vn 0.923880 0.000000 0.382682
vn 0.923880 0.000000 0.382682
vn 0.923880 0.000000 0.382682
vn 0.923880 0.000000 0.382682
vn -0.923880 0.382682 0.000000
vn -0.923880 0.382682 0.000000
vn -0.923880 0.382682 0.000000
vn -0.923880 0.382682 0.000000
vn -0.382683 0.923880 0.000000
vn -0.382683 0.923880 0.000000
vn -0.382683 0.923880 0.000000
vn -0.382683 0.923880 0.000000
vn 0.000000 0.923879 0.382686
vn 0.000000 0.923879 0.382686
vn 0.000000 0.923879 0.382686
vn 0.000000 0.923879 0.382686
vn 0.000000 0.382693 0.923876
vn 0.000000 0.382693 0.923876
vn 0.000000 0.382693 0.923876
vn 0.000000 0.382693 0.923876
vn 0.382683 0.923880 0.000000
vn 0.382683 0.923880 0.000000
vn 0.382683 0.923880 0.000000
vn 0.382683 0.923880 0.000000
vn 0.923880 0.382682 0.000000
vn 0.923880 0.382682 0.000000
vn 0.923880 0.382682 0.000000
vn 0.923880 0.382682 0.000000
vn -0.923880 0.000000 -0.382682
vn -0.923880 0.000000 -0.382682
vn -0.923880 0.000000 -0.382682
vn -0.923880 0.000000 -0.382682
vn -0.382672 0.000000 -0.923884
vn -0.382672 0.000000 -0.923884
vn -0.382672 0.000000 -0.923884
vn -0.382672 0.000000 -0.923884
vn 0.000000 0.382693 -0.923876
vn 0.000000 0.382693 -0.923876
vn 0.000000 0.382693 -0.923876
vn 0.000000 0.382693 -0.923876
vn 0.000000 0.923879 -0.382686
vn 0.000000 0.923879 -0.382686
vn 0.000000 0.923879 -0.382686
vn 0.000000 0.923879 -0.382686
vn 0.382672 0.000000 -0.923884
vn 0.382672 0.000000 -0.923884
vn 0.382672 0.000000 -0.923884
vn 0.382672 0.000000 -0.923884
vn 0.923880 0.000000 -0.382682
vn 0.923880 0.000000 -0.382682
vn 0.923880 0.000000 -0.382682
vn 0.923880 0.000000 -0.382682
vn 0.000000 -0.923879 -0.382686
vn 0.000000 -0.923879 -0.382686
vn 0.000000 -0.923879 -0.382686
vn 0.000000 -0.923879 -0.382686
vn 0.000000 -0.382693 -0.923876
vn 0.000000 -0.382693 -0.923876
vn 0.000000 -0.382693 -0.923876
vn 0.000000 -0.382693 -0.923876
vn 0.000000 0.000000 1.000000
vn 0.000000 0.000000 1.000000
vn 0.000000 0.000000 1.000000
vn 0.000000 0.000000 1.000000
vn 0.000000 1.000000 0.000000
vn 0.000000 1.000000 0.000000
vn 0.000000 1.000000 0.000000
vn 0.000000 1.000000 0.000000
vn 0.000000 0.000000 -1.000000
vn 0.000000 0.000000 -1.000000
vn 0.000000 0.000000 -1.000000
vn 0.000000 0.000000 -1.000000
vn 0.000000 -1.000000 0.000000
vn 0.000000 -1.000000 0.000000
vn 0.000000 -1.000000 0.000000
vn 0.000000 -1.000000 0.000000
vn 1.000000 0.000000 0.000000
vn 1.000000 0.000000 0.000000
vn 1.000000 0.000000 0.000000
vn 1.000000 0.000000 0.000000
vn -1.000000 0.000000 0.000000
vn -1.000000 0.000000 0.000000
vn -1.000000 0.000000 0.000000
vn -1.000000 0.000000 0.000000
vn -0.577340 -0.577355 0.577357
vn -0.577340 -0.577355 0.577357
vn -0.577340 -0.577355 0.577357
vn -0.577340 -0.577355 0.577357
vn -0.577340 -0.577355 0.577357
vn -0.577340 -0.577355 0.577357
vn 0.577341 -0.577352 0.577358
vn 0.577341 -0.577352 0.577358
vn 0.577341 -0.577352 0.577358
vn 0.577341 -0.577352 0.577358
vn 0.577341 -0.577352 0.577358
vn 0.577341 -0.577352 0.577358
vn -0.577341 0.577352 0.577358
vn -0.577341 0.577352 0.577358
vn -0.577341 0.577352 0.577358
vn -0.577341 0.577352 0.577358
vn -0.577341 0.577352 0.577358
vn -0.577341 0.577352 0.577358
vn 0.577340 0.577355 0.577357
vn 0.577340 0.577355 0.577357
vn 0.577340 0.577355 0.577357
vn 0.577340 0.577355 0.577357
vn 0.577340 0.577355 0.577357
vn 0.577340 0.577355 0.577357
vn -0.577330 0.577358 -0.577362
vn -0.577330 0.577359 -0.577362
vn -0.577330 0.577359 -0.577362
vn -0.577330 0.577359 -0.577362
vn -0.577330 0.577359 -0.577362
vn -0.577330 0.577359 -0.577362
vn 0.577350 0.577350 -0.577352
vn 0.577350 0.577350 -0.577352
vn 0.577350 0.577350 -0.577352
vn 0.577350 0.577350 -0.577352
vn 0.577350 0.577350 -0.577352
vn 0.577350 0.577350 -0.577352
vn -0.577341 -0.577352 -0.577358
vn -0.577341 -0.577352 -0.577358
vn -0.577341 -0.577352 -0.577358
vn -0.577341 -0.577352 -0.577358
vn -0.577341 -0.577352 -0.577358
vn -0.577341 -0.577352 -0.577358
vn 0.577340 -0.577355 -0.577357
vn 0.577340 -0.577355 -0.577357
vn 0.577340 -0.577355 -0.577357
vn 0.577340 -0.577355 -0.577357
vn 0.577340 -0.577355 -0.577357
vn 0.577340 -0.577355 -0.577357
s off
g GRP_Fluorescent_Lights Backrooms_Level0_Master_GRP Lamp_FR_Housing GRP_Lamp_FR
usemtl M_Lamp_Housing_WhiteSG
f 194/437/545 193/528/546 229/554/547 234/491/548
f 193/527/549 198/500/550 230/464/551 229/553/552
f 196/441/553 195/529/554 203/536/555 202/480/556
f 195/530/557 194/437/558 204/445/559 203/535/560
f 198/500/561 197/531/562 207/538/563 206/501/564
f 197/531/565 196/441/566 208/457/567 207/538/568
f 200/449/569 199/532/570 235/559/571 240/474/572
f 199/533/573 204/445/574 236/476/575 235/558/576
f 202/480/577 201/534/578 215/542/579 214/458/580
f 201/534/581 200/449/582 216/461/583 215/542/584
f 206/501/585 205/537/586 219/546/587 218/502/588
f 205/537/589 210/483/590 220/469/591 219/545/592
f 210/483/593 209/539/594 213/541/595 212/484/596
f 209/539/597 208/457/598 214/458/599 213/541/600
f 212/484/601 211/540/602 227/552/603 226/470/604
f 211/540/605 216/461/606 228/473/607 227/551/608
f 218/502/609 217/544/610 231/556/611 230/464/612
f 217/543/613 222/487/614 232/477/615 231/555/616
f 222/487/617 221/547/618 225/550/619 224/488/620
f 221/547/621 220/469/622 226/470/623 225/550/624
f 224/488/625 223/548/626 239/562/627 238/478/628
f 223/549/629 228/473/630 240/474/631 239/561/632
f 234/491/633 233/557/634 237/560/635 236/476/636
f 233/557/637 232/477/638 238/478/639 237/560/640
f 196/441/641 202/480/642 214/458/643 208/457/644
f 210/483/645 212/484/646 226/470/647 220/469/648
f 222/487/649 224/488/650 238/478/651 232/477/652
f 234/491/653 236/476/654 204/445/655 194/437/656
f 200/449/657 240/474/658 228/473/659 216/461/660
f 230/464/661 198/500/662 206/501/663 218/502/664
f 193/527/665 194/503/666 195/529/667 196/441/668 197/531/669 198/500/670
f 199/532/671 200/449/672 201/534/673 202/480/674 203/536/675 204/508/676
f 205/537/677 206/501/678 207/538/679 208/457/680 209/539/681 210/483/682
f 211/540/683 212/484/684 213/541/685 214/458/686 215/542/687 216/461/688
f 217/543/689 218/515/690 219/545/691 220/469/692 221/547/693 222/487/694
f 223/548/695 224/488/696 225/550/697 226/470/698 227/552/699 228/520/700
f 229/554/701 230/521/702 231/555/703 232/477/704 233/557/705 234/491/706
f 235/558/707 236/476/708 237/560/709 238/478/710 239/562/711 240/526/712
g default
v 174.671260 296.764048 -236.000000
v 174.310537 297.216381 -236.000000
v 173.789277 297.467406 -236.000000
v 173.210723 297.467406 -236.000000
v 172.689464 297.216381 -236.000000
v 172.328741 296.764049 -236.000000
v 172.200000 296.200000 -236.000000
v 172.328741 295.635951 -236.000000
v 172.689463 295.183619 -236.000000
v 173.210723 294.932594 -236.000000
v 173.789277 294.932594 -236.000000
v 174.310537 295.183619 -236.000000
v 174.671259 295.635951 -236.000000
v 174.800000 296.200000 -236.000000
v 174.671260 296.764048 -124.000000
v 174.310537 297.216381 -124.000000
v 173.789277 297.467406 -124.000000
v 173.210723 297.467406 -124.000000
v 172.689464 297.216381 -124.000000
v 172.328741 296.764049 -124.000000
v 172.200000 296.200000 -124.000000
v 172.328741 295.635951 -124.000000
v 172.689463 295.183619 -124.000000
v 173.210723 294.932594 -124.000000
v 173.789277 294.932594 -124.000000
v 174.310537 295.183619 -124.000000
v 174.671259 295.635951 -124.000000
v 174.800000 296.200000 -124.000000
vt 0.952364 0.070765
vt 0.813625 0.027271
vt 0.613140 0.003134
vt 0.390619 0.003134
vt 0.190135 0.027271
vt 0.051395 0.070765
vt 0.001880 0.125000
vt 0.051395 0.179235
vt 0.190135 0.222729
vt 0.390619 0.246866
vt 0.613140 0.246866
vt 0.813625 0.222729
vt 0.952364 0.179235
vt 1.001880 0.125000
vt 0.000000 0.250000
vt 0.071429 0.250000
vt 0.142857 0.250000
vt 0.214286 0.250000
vt 0.285714 0.250000
vt 0.357143 0.250000
vt 0.428571 0.250000
vt 0.500000 0.250000
vt 0.571429 0.250000
vt 0.642857 0.250000
vt 0.714286 0.250000
vt 0.785714 0.250000
vt 0.857143 0.250000
vt 0.928572 0.250000
vt 1.000000 0.250000
vt 0.000000 0.750000
vt 0.071429 0.750000
vt 0.142857 0.750000
vt 0.214286 0.750000
vt 0.285714 0.750000
vt 0.357143 0.750000
vt 0.428571 0.750000
vt 0.500000 0.750000
vt 0.571429 0.750000
vt 0.642857 0.750000
vt 0.714286 0.750000
vt 0.785714 0.750000
vt 0.857143 0.750000
vt 0.928572 0.750000
vt 1.000000 0.750000
vt 0.952364 0.820765
vt 0.813625 0.777271
vt 0.613140 0.753134
vt 0.390619 0.753134
vt 0.190135 0.777271
vt 0.051395 0.820765
vt 0.001880 0.875000
vt 0.051395 0.929235
vt 0.190135 0.972729
vt 0.390619 0.996866
vt 0.613140 0.996866
vt 0.813625 0.972729
vt 0.952364 0.929235
vt 1.001880 0.875000
vn 0.900969 0.433884 0.000000
vn 0.623490 0.781831 0.000000
vn 0.623490 0.781831 0.000000
vn 0.900969 0.433884 0.000000
vn 0.222521 0.974928 0.000000
vn 0.222521 0.974928 0.000000
vn -0.222521 0.974928 0.000000
vn -0.222521 0.974928 0.000000
vn -0.623490 0.781832 0.000000
vn -0.623490 0.781832 0.000000
vn -0.900969 0.433884 0.000000
vn -0.900969 0.433884 0.000000
vn -1.000000 0.000000 0.000000
vn -1.000000 0.000000 0.000000
vn -0.900969 -0.433884 0.000000
vn -0.900969 -0.433884 0.000000
vn -0.623490 -0.781831 0.000000
vn -0.623490 -0.781831 0.000000
vn -0.222521 -0.974928 0.000000
vn -0.222521 -0.974928 0.000000
vn 0.222521 -0.974928 0.000000
vn 0.222521 -0.974928 0.000000
vn 0.623490 -0.781832 0.000000
vn 0.623490 -0.781832 0.000000
vn 0.900969 -0.433884 0.000000
vn 0.900969 -0.433884 0.000000
vn 1.000000 -0.000000 0.000000
vn 1.000000 -0.000000 0.000000
vn 0.000000 -0.000002 -1.000000
vn 0.000000 -0.000002 -1.000000
vn 0.000000 -0.000002 -1.000000
vn 0.000000 -0.000002 -1.000000
vn 0.000000 -0.000002 -1.000000
vn 0.000000 -0.000002 -1.000000
vn 0.000000 -0.000002 -1.000000
vn 0.000000 -0.000002 -1.000000
vn 0.000000 -0.000002 -1.000000
vn 0.000000 -0.000002 -1.000000
vn 0.000000 -0.000002 -1.000000
vn 0.000000 -0.000002 -1.000000
vn 0.000000 -0.000002 -1.000000
vn 0.000000 -0.000002 -1.000000
vn 0.000000 0.000001 1.000000
vn 0.000000 0.000001 1.000000
vn 0.000000 0.000001 1.000000
vn 0.000000 0.000001 1.000000
vn 0.000000 0.000001 1.000000
vn 0.000000 0.000001 1.000000
vn 0.000000 0.000001 1.000000
vn 0.000000 0.000001 1.000000
vn 0.000000 0.000001 1.000000
vn 0.000000 0.000001 1.000000
vn 0.000000 0.000001 1.000000
vn 0.000000 0.000001 1.000000
vn 0.000000 0.000001 1.000000
vn 0.000000 0.000001 1.000000
s 1
g GRP_Fluorescent_Lights Backrooms_Level0_Master_GRP GRP_Lamp_FR Lamp_FR_Tube_1
usemtl M_Fluorescent_Tube_GlowSG
f 241/577/713 242/578/714 256/593/715 255/592/716
f 242/578/714 243/579/717 257/594/718 256/593/715
f 243/579/717 244/580/719 258/595/720 257/594/718
f 244/580/719 245/581/721 259/596/722 258/595/720
f 245/581/721 246/582/723 260/597/724 259/596/722
f 246/582/723 247/583/725 261/598/726 260/597/724
f 247/583/725 248/584/727 262/599/728 261/598/726
f 248/584/727 249/585/729 263/600/730 262/599/728
f 249/585/729 250/586/731 264/601/732 263/600/730
f 250/586/731 251/587/733 265/602/734 264/601/732
f 251/587/733 252/588/735 266/603/736 265/602/734
f 252/588/735 253/589/737 267/604/738 266/603/736
f 253/589/737 254/590/739 268/605/740 267/604/738
f 254/590/739 241/591/713 255/606/716 268/605/740
s off
f 241/563/741 254/576/742 253/575/743 252/574/744 251/573/745 250/572/746 249/571/747 248/570/748 247/569/749 246/568/750 245/567/751 244/566/752 243/565/753 242/564/754
f 255/619/755 256/618/756 257/617/757 258/616/758 259/615/759 260/614/760 261/613/761 262/612/762 263/611/763 264/610/764 265/609/765 266/608/766 267/607/767 268/620/768
g default
v 174.794427 297.140457 -238.500000
v 173.994427 297.721691 -238.500000
v 173.005573 297.721691 -238.500000
v 172.205572 297.140456 -238.500000
v 171.900000 296.200000 -238.500000
v 172.205573 295.259543 -238.500000
v 173.005573 294.678309 -238.500000
v 173.994427 294.678310 -238.500000
v 174.794427 295.259544 -238.500000
v 175.100000 296.200000 -238.500000
v 174.794427 297.140457 -235.500000
v 173.994427 297.721691 -235.500000
v 173.005573 297.721691 -235.500000
v 172.205572 297.140456 -235.500000
v 171.900000 296.200000 -235.500000
v 172.205573 295.259543 -235.500000
v 173.005573 294.678309 -235.500000
v 173.994427 294.678310 -235.500000
v 174.794427 295.259544 -235.500000
v 175.100000 296.200000 -235.500000
vt 0.906388 0.051527
vt 0.656388 0.006118
vt 0.347371 0.006118
vt 0.097371 0.051527
vt 0.001880 0.125000
vt 0.097371 0.198473
vt 0.347371 0.243882
vt 0.656388 0.243882
vt 0.906388 0.198473
vt 1.001880 0.125000
vt 0.000000 0.250000
vt 0.100000 0.250000
vt 0.200000 0.250000
vt 0.300000 0.250000
vt 0.400000 0.250000
vt 0.500000 0.250000
vt 0.600000 0.250000
vt 0.700000 0.250000
vt 0.800000 0.250000
vt 0.900000 0.250000
vt 1.000000 0.250000
vt 0.000000 0.750000
vt 0.100000 0.750000
vt 0.200000 0.750000
vt 0.300000 0.750000
vt 0.400000 0.750000
vt 0.500000 0.750000
vt 0.600000 0.750000
vt 0.700000 0.750000
vt 0.800000 0.750000
vt 0.900000 0.750000
vt 1.000000 0.750000
vt 0.906388 0.801527
vt 0.656388 0.756118
vt 0.347371 0.756118
vt 0.097371 0.801527
vt 0.001880 0.875000
vt 0.097371 0.948473
vt 0.347371 0.993882
vt 0.656388 0.993882
vt 0.906388 0.948473
vt 1.001880 0.875000
vn 0.587785 0.809017 0.000000
vn 0.587785 0.809017 0.000000
vn 0.587785 0.809017 0.000000
vn 0.587785 0.809017 0.000000
vn 0.000000 1.000000 0.000000
vn 0.000000 1.000000 0.000000
vn 0.000000 1.000000 0.000000
vn 0.000000 1.000000 0.000000
vn -0.587785 0.809017 0.000000
vn -0.587785 0.809017 0.000000
vn -0.587785 0.809017 0.000000
vn -0.587785 0.809017 0.000000
vn -0.951057 0.309017 0.000000
vn -0.951057 0.309017 0.000000
vn -0.951057 0.309017 0.000000
vn -0.951057 0.309017 0.000000
vn -0.951056 -0.309017 0.000000
vn -0.951056 -0.309017 0.000000
vn -0.951056 -0.309017 0.000000
vn -0.951056 -0.309017 0.000000
vn -0.587785 -0.809017 0.000000
vn -0.587785 -0.809017 0.000000
vn -0.587785 -0.809017 0.000000
vn -0.587785 -0.809017 0.000000
vn 0.000000 -1.000000 0.000000
vn 0.000000 -1.000000 0.000000
vn 0.000000 -1.000000 0.000000
vn 0.000000 -1.000000 0.000000
vn 0.587785 -0.809017 0.000000
vn 0.587785 -0.809017 0.000000
vn 0.587785 -0.809017 0.000000
vn 0.587785 -0.809017 0.000000
vn 0.951057 -0.309017 0.000000
vn 0.951057 -0.309017 0.000000
vn 0.951057 -0.309017 0.000000
vn 0.951057 -0.309017 0.000000
vn 0.951057 0.309017 0.000000
vn 0.951057 0.309017 0.000000
vn 0.951057 0.309017 0.000000
vn 0.951057 0.309017 0.000000
vn 0.000000 -0.000000 -1.000000
vn 0.000000 -0.000000 -1.000000
vn 0.000000 -0.000000 -1.000000
vn 0.000000 -0.000000 -1.000000
vn 0.000000 -0.000000 -1.000000
vn 0.000000 -0.000000 -1.000000
vn 0.000000 -0.000000 -1.000000
vn 0.000000 -0.000000 -1.000000
vn 0.000000 -0.000000 -1.000000
vn 0.000000 -0.000000 -1.000000
vn 0.000000 -0.000000 1.000000
vn 0.000000 -0.000000 1.000000
vn 0.000000 -0.000000 1.000000
vn 0.000000 -0.000000 1.000000
vn 0.000000 -0.000000 1.000000
vn 0.000000 -0.000000 1.000000
vn 0.000000 -0.000000 1.000000
vn 0.000000 -0.000000 1.000000
vn 0.000000 -0.000000 1.000000
vn 0.000000 -0.000000 1.000000
s off
g GRP_Fluorescent_Lights Backrooms_Level0_Master_GRP GRP_Lamp_FR Lamp_FR_Cap_1_1
usemtl M_Plastic_WallSocketSG
f 269/631/769 270/632/770 280/643/771 279/642/772
f 270/632/773 271/633/774 281/644/775 280/643/776
f 271/633/777 272/634/778 282/645/779 281/644/780
f 272/634/781 273/635/782 283/646/783 282/645/784
f 273/635/785 274/636/786 284/647/787 283/646/788
f 274/636/789 275/637/790 285/648/791 284/647/792
f 275/637/793 276/638/794 286/649/795 285/648/796
f 276/638/797 277/639/798 287/650/799 286/649/800
f 277/639/801 278/640/802 288/651/803 287/650/804
f 278/640/805 269/641/806 279/652/807 288/651/808
f 269/621/809 278/630/810 277/629/811 276/628/812 275/627/813 274/626/814 273/625/815 272/624/816 271/623/817 270/622/818
f 279/661/819 280/660/820 281/659/821 282/658/822 283/657/823 284/656/824 285/655/825 286/654/826 287/653/827 288/662/828
g default
v 174.794427 297.140457 -124.500000
v 173.994427 297.721691 -124.500000
v 173.005573 297.721691 -124.500000
v 172.205572 297.140456 -124.500000
v 171.900000 296.200000 -124.500000
v 172.205573 295.259543 -124.500000
v 173.005573 294.678309 -124.500000
v 173.994427 294.678310 -124.500000
v 174.794427 295.259544 -124.500000
v 175.100000 296.200000 -124.500000
v 174.794427 297.140457 -121.500000
v 173.994427 297.721691 -121.500000
v 173.005573 297.721691 -121.500000
v 172.205572 297.140456 -121.500000
v 171.900000 296.200000 -121.500000
v 172.205573 295.259543 -121.500000
v 173.005573 294.678309 -121.500000
v 173.994427 294.678310 -121.500000
v 174.794427 295.259544 -121.500000
v 175.100000 296.200000 -121.500000
vt 0.906388 0.051527
vt 0.656388 0.006118
vt 0.347371 0.006118
vt 0.097371 0.051527
vt 0.001880 0.125000
vt 0.097371 0.198473
vt 0.347371 0.243882
vt 0.656388 0.243882
vt 0.906388 0.198473
vt 1.001880 0.125000
vt 0.000000 0.250000
vt 0.100000 0.250000
vt 0.200000 0.250000
vt 0.300000 0.250000
vt 0.400000 0.250000
vt 0.500000 0.250000
vt 0.600000 0.250000
vt 0.700000 0.250000
vt 0.800000 0.250000
vt 0.900000 0.250000
vt 1.000000 0.250000
vt 0.000000 0.750000
vt 0.100000 0.750000
vt 0.200000 0.750000
vt 0.300000 0.750000
vt 0.400000 0.750000
vt 0.500000 0.750000
vt 0.600000 0.750000
vt 0.700000 0.750000
vt 0.800000 0.750000
vt 0.900000 0.750000
vt 1.000000 0.750000
vt 0.906388 0.801527
vt 0.656388 0.756118
vt 0.347371 0.756118
vt 0.097371 0.801527
vt 0.001880 0.875000
vt 0.097371 0.948473
vt 0.347371 0.993882
vt 0.656388 0.993882
vt 0.906388 0.948473
vt 1.001880 0.875000
vn 0.587785 0.809017 0.000000
vn 0.587785 0.809017 0.000000
vn 0.587785 0.809017 0.000000
vn 0.587785 0.809017 0.000000
vn 0.000000 1.000000 0.000000
vn 0.000000 1.000000 0.000000
vn 0.000000 1.000000 0.000000
vn 0.000000 1.000000 0.000000
vn -0.587785 0.809017 0.000000
vn -0.587785 0.809017 0.000000
vn -0.587785 0.809017 0.000000
vn -0.587785 0.809017 0.000000
vn -0.951057 0.309017 0.000000
vn -0.951057 0.309017 0.000000
vn -0.951057 0.309017 0.000000
vn -0.951057 0.309017 0.000000
vn -0.951056 -0.309017 0.000000
vn -0.951056 -0.309017 0.000000
vn -0.951056 -0.309017 0.000000
vn -0.951056 -0.309017 0.000000
vn -0.587785 -0.809017 0.000000
vn -0.587785 -0.809017 0.000000
vn -0.587785 -0.809017 0.000000
vn -0.587785 -0.809017 0.000000
vn 0.000000 -1.000000 0.000000
vn 0.000000 -1.000000 0.000000
vn 0.000000 -1.000000 0.000000
vn 0.000000 -1.000000 0.000000
vn 0.587785 -0.809017 0.000000
vn 0.587785 -0.809017 0.000000
vn 0.587785 -0.809017 0.000000
vn 0.587785 -0.809017 0.000000
vn 0.951057 -0.309017 0.000000
vn 0.951057 -0.309017 0.000000
vn 0.951057 -0.309017 0.000000
vn 0.951057 -0.309017 0.000000
vn 0.951057 0.309017 0.000000
vn 0.951057 0.309017 0.000000
vn 0.951057 0.309017 0.000000
vn 0.951057 0.309017 0.000000
vn 0.000000 -0.000000 -1.000000
vn 0.000000 -0.000000 -1.000000
vn 0.000000 -0.000000 -1.000000
vn 0.000000 -0.000000 -1.000000
vn 0.000000 -0.000000 -1.000000
vn 0.000000 -0.000000 -1.000000
vn 0.000000 -0.000000 -1.000000
vn 0.000000 -0.000000 -1.000000
vn 0.000000 -0.000000 -1.000000
vn 0.000000 -0.000000 -1.000000
vn 0.000000 -0.000000 1.000000
vn 0.000000 -0.000000 1.000000
vn 0.000000 -0.000000 1.000000
vn 0.000000 -0.000000 1.000000
vn 0.000000 -0.000000 1.000000
vn 0.000000 -0.000000 1.000000
vn 0.000000 -0.000000 1.000000
vn 0.000000 -0.000000 1.000000
vn 0.000000 -0.000000 1.000000
vn 0.000000 -0.000000 1.000000
s off
g GRP_Fluorescent_Lights Backrooms_Level0_Master_GRP GRP_Lamp_FR Lamp_FR_Cap_1_2
usemtl M_Plastic_WallSocketSG
f 289/673/829 290/674/830 300/685/831 299/684/832
f 290/674/833 291/675/834 301/686/835 300/685/836
f 291/675/837 292/676/838 302/687/839 301/686/840
f 292/676/841 293/677/842 303/688/843 302/687/844
f 293/677/845 294/678/846 304/689/847 303/688/848
f 294/678/849 295/679/850 305/690/851 304/689/852
f 295/679/853 296/680/854 306/691/855 305/690/856
f 296/680/857 297/681/858 307/692/859 306/691/860
f 297/681/861 298/682/862 308/693/863 307/692/864
f 298/682/865 289/683/866 299/694/867 308/693/868
f 289/663/869 298/672/870 297/671/871 296/670/872 295/669/873 294/668/874 293/667/875 292/666/876 291/665/877 290/664/878
f 299/703/879 300/702/880 301/701/881 302/700/882 303/699/883 304/698/884 305/697/885 306/696/886 307/695/887 308/704/888
g default
v 187.671260 296.764048 -236.000000
v 187.310537 297.216381 -236.000000
v 186.789277 297.467406 -236.000000
v 186.210723 297.467406 -236.000000
v 185.689464 297.216381 -236.000000
v 185.328741 296.764049 -236.000000
v 185.200000 296.200000 -236.000000
v 185.328741 295.635951 -236.000000
v 185.689463 295.183619 -236.000000
v 186.210723 294.932594 -236.000000
v 186.789277 294.932594 -236.000000
v 187.310537 295.183619 -236.000000
v 187.671259 295.635951 -236.000000
v 187.800000 296.200000 -236.000000
v 187.671260 296.764048 -124.000000
v 187.310537 297.216381 -124.000000
v 186.789277 297.467406 -124.000000
v 186.210723 297.467406 -124.000000
v 185.689464 297.216381 -124.000000
v 185.328741 296.764049 -124.000000
v 185.200000 296.200000 -124.000000
v 185.328741 295.635951 -124.000000
v 185.689463 295.183619 -124.000000
v 186.210723 294.932594 -124.000000
v 186.789277 294.932594 -124.000000
v 187.310537 295.183619 -124.000000
v 187.671259 295.635951 -124.000000
v 187.800000 296.200000 -124.000000
vt 0.952364 0.070765
vt 0.813625 0.027271
vt 0.613140 0.003134
vt 0.390619 0.003134
vt 0.190135 0.027271
vt 0.051395 0.070765
vt 0.001880 0.125000
vt 0.051395 0.179235
vt 0.190135 0.222729
vt 0.390619 0.246866
vt 0.613140 0.246866
vt 0.813625 0.222729
vt 0.952364 0.179235
vt 1.001880 0.125000
vt 0.000000 0.250000
vt 0.071429 0.250000
vt 0.142857 0.250000
vt 0.214286 0.250000
vt 0.285714 0.250000
vt 0.357143 0.250000
vt 0.428571 0.250000
vt 0.500000 0.250000
vt 0.571429 0.250000
vt 0.642857 0.250000
vt 0.714286 0.250000
vt 0.785714 0.250000
vt 0.857143 0.250000
vt 0.928572 0.250000
vt 1.000000 0.250000
vt 0.000000 0.750000
vt 0.071429 0.750000
vt 0.142857 0.750000
vt 0.214286 0.750000
vt 0.285714 0.750000
vt 0.357143 0.750000
vt 0.428571 0.750000
vt 0.500000 0.750000
vt 0.571429 0.750000
vt 0.642857 0.750000
vt 0.714286 0.750000
vt 0.785714 0.750000
vt 0.857143 0.750000
vt 0.928572 0.750000
vt 1.000000 0.750000
vt 0.952364 0.820765
vt 0.813625 0.777271
vt 0.613140 0.753134
vt 0.390619 0.753134
vt 0.190135 0.777271
vt 0.051395 0.820765
vt 0.001880 0.875000
vt 0.051395 0.929235
vt 0.190135 0.972729
vt 0.390619 0.996866
vt 0.613140 0.996866
vt 0.813625 0.972729
vt 0.952364 0.929235
vt 1.001880 0.875000
vn 0.900969 0.433884 0.000000
vn 0.623490 0.781831 0.000000
vn 0.623490 0.781831 0.000000
vn 0.900969 0.433884 0.000000
vn 0.222521 0.974928 0.000000
vn 0.222521 0.974928 0.000000
vn -0.222521 0.974928 0.000000
vn -0.222521 0.974928 0.000000
vn -0.623490 0.781832 0.000000
vn -0.623490 0.781832 0.000000
vn -0.900969 0.433884 0.000000
vn -0.900969 0.433884 0.000000
vn -1.000000 0.000000 0.000000
vn -1.000000 0.000000 0.000000
vn -0.900969 -0.433884 0.000000
vn -0.900969 -0.433884 0.000000
vn -0.623490 -0.781831 0.000000
vn -0.623490 -0.781831 0.000000
vn -0.222521 -0.974928 0.000000
vn -0.222521 -0.974928 0.000000
vn 0.222521 -0.974928 0.000000
vn 0.222521 -0.974928 0.000000
vn 0.623490 -0.781832 0.000000
vn 0.623490 -0.781832 0.000000
vn 0.900969 -0.433884 0.000000
vn 0.900969 -0.433884 0.000000
vn 1.000000 -0.000000 0.000000
vn 1.000000 -0.000000 0.000000
vn 0.000000 -0.000002 -1.000000
vn 0.000000 -0.000002 -1.000000
vn 0.000000 -0.000002 -1.000000
vn 0.000000 -0.000002 -1.000000
vn 0.000000 -0.000002 -1.000000
vn 0.000000 -0.000002 -1.000000
vn 0.000000 -0.000002 -1.000000
vn 0.000000 -0.000002 -1.000000
vn 0.000000 -0.000002 -1.000000
vn 0.000000 -0.000002 -1.000000
vn 0.000000 -0.000002 -1.000000
vn 0.000000 -0.000002 -1.000000
vn 0.000000 -0.000002 -1.000000
vn 0.000000 -0.000002 -1.000000
vn 0.000000 0.000001 1.000000
vn 0.000000 0.000001 1.000000
vn 0.000000 0.000001 1.000000
vn 0.000000 0.000001 1.000000
vn 0.000000 0.000001 1.000000
vn 0.000000 0.000001 1.000000
vn 0.000000 0.000001 1.000000
vn 0.000000 0.000001 1.000000
vn 0.000000 0.000001 1.000000
vn 0.000000 0.000001 1.000000
vn 0.000000 0.000001 1.000000
vn 0.000000 0.000001 1.000000
vn 0.000000 0.000001 1.000000
vn 0.000000 0.000001 1.000000
s 1
g GRP_Fluorescent_Lights Backrooms_Level0_Master_GRP GRP_Lamp_FR Lamp_FR_Tube_2
usemtl M_Fluorescent_Tube_GlowSG
f 309/719/889 310/720/890 324/735/891 323/734/892
f 310/720/890 311/721/893 325/736/894 324/735/891
f 311/721/893 312/722/895 326/737/896 325/736/894
f 312/722/895 313/723/897 327/738/898 326/737/896
f 313/723/897 314/724/899 328/739/900 327/738/898
f 314/724/899 315/725/901 329/740/902 328/739/900
f 315/725/901 316/726/903 330/741/904 329/740/902
f 316/726/903 317/727/905 331/742/906 330/741/904
f 317/727/905 318/728/907 332/743/908 331/742/906
f 318/728/907 319/729/909 333/744/910 332/743/908
f 319/729/909 320/730/911 334/745/912 333/744/910
f 320/730/911 321/731/913 335/746/914 334/745/912
f 321/731/913 322/732/915 336/747/916 335/746/914
f 322/732/915 309/733/889 323/748/892 336/747/916
s off
f 309/705/917 322/718/918 321/717/919 320/716/920 319/715/921 318/714/922 317/713/923 316/712/924 315/711/925 314/710/926 313/709/927 312/708/928 311/707/929 310/706/930
f 323/761/931 324/760/932 325/759/933 326/758/934 327/757/935 328/756/936 329/755/937 330/754/938 331/753/939 332/752/940 333/751/941 334/750/942 335/749/943 336/762/944
g default
v 187.794427 297.140457 -238.500000
v 186.994427 297.721691 -238.500000
v 186.005573 297.721691 -238.500000
v 185.205572 297.140456 -238.500000
v 184.900000 296.200000 -238.500000
v 185.205573 295.259543 -238.500000
v 186.005573 294.678309 -238.500000
v 186.994427 294.678310 -238.500000
v 187.794427 295.259544 -238.500000
v 188.100000 296.200000 -238.500000
v 187.794427 297.140457 -235.500000
v 186.994427 297.721691 -235.500000
v 186.005573 297.721691 -235.500000
v 185.205572 297.140456 -235.500000
v 184.900000 296.200000 -235.500000
v 185.205573 295.259543 -235.500000
v 186.005573 294.678309 -235.500000
v 186.994427 294.678310 -235.500000
v 187.794427 295.259544 -235.500000
v 188.100000 296.200000 -235.500000
vt 0.906388 0.051527
vt 0.656388 0.006118
vt 0.347371 0.006118
vt 0.097371 0.051527
vt 0.001880 0.125000
vt 0.097371 0.198473
vt 0.347371 0.243882
vt 0.656388 0.243882
vt 0.906388 0.198473
vt 1.001880 0.125000
vt 0.000000 0.250000
vt 0.100000 0.250000
vt 0.200000 0.250000
vt 0.300000 0.250000
vt 0.400000 0.250000
vt 0.500000 0.250000
vt 0.600000 0.250000
vt 0.700000 0.250000
vt 0.800000 0.250000
vt 0.900000 0.250000
vt 1.000000 0.250000
vt 0.000000 0.750000
vt 0.100000 0.750000
vt 0.200000 0.750000
vt 0.300000 0.750000
vt 0.400000 0.750000
vt 0.500000 0.750000
vt 0.600000 0.750000
vt 0.700000 0.750000
vt 0.800000 0.750000
vt 0.900000 0.750000
vt 1.000000 0.750000
vt 0.906388 0.801527
vt 0.656388 0.756118
vt 0.347371 0.756118
vt 0.097371 0.801527
vt 0.001880 0.875000
vt 0.097371 0.948473
vt 0.347371 0.993882
vt 0.656388 0.993882
vt 0.906388 0.948473
vt 1.001880 0.875000
vn 0.587785 0.809017 0.000000
vn 0.587785 0.809017 0.000000
vn 0.587785 0.809017 0.000000
vn 0.587785 0.809017 0.000000
vn 0.000000 1.000000 0.000000
vn 0.000000 1.000000 0.000000
vn 0.000000 1.000000 0.000000
vn 0.000000 1.000000 0.000000
vn -0.587785 0.809017 0.000000
vn -0.587785 0.809017 0.000000
vn -0.587785 0.809017 0.000000
vn -0.587785 0.809017 0.000000
vn -0.951057 0.309017 0.000000
vn -0.951057 0.309017 0.000000
vn -0.951057 0.309017 0.000000
vn -0.951057 0.309017 0.000000
vn -0.951056 -0.309017 0.000000
vn -0.951056 -0.309017 0.000000
vn -0.951056 -0.309017 0.000000
vn -0.951056 -0.309017 0.000000
vn -0.587785 -0.809017 0.000000
vn -0.587785 -0.809017 0.000000
vn -0.587785 -0.809017 0.000000
vn -0.587785 -0.809017 0.000000
vn 0.000000 -1.000000 0.000000
vn 0.000000 -1.000000 0.000000
vn 0.000000 -1.000000 0.000000
vn 0.000000 -1.000000 0.000000
vn 0.587785 -0.809017 0.000000
vn 0.587785 -0.809017 0.000000
vn 0.587785 -0.809017 0.000000
vn 0.587785 -0.809017 0.000000
vn 0.951057 -0.309017 0.000000
vn 0.951057 -0.309017 0.000000
vn 0.951057 -0.309017 0.000000
vn 0.951057 -0.309017 0.000000
vn 0.951057 0.309017 0.000000
vn 0.951057 0.309017 0.000000
vn 0.951057 0.309017 0.000000
vn 0.951057 0.309017 0.000000
vn 0.000000 -0.000000 -1.000000
vn 0.000000 -0.000000 -1.000000
vn 0.000000 -0.000000 -1.000000
vn 0.000000 -0.000000 -1.000000
vn 0.000000 -0.000000 -1.000000
vn 0.000000 -0.000000 -1.000000
vn 0.000000 -0.000000 -1.000000
vn 0.000000 -0.000000 -1.000000
vn 0.000000 -0.000000 -1.000000
vn 0.000000 -0.000000 -1.000000
vn 0.000000 -0.000000 1.000000
vn 0.000000 -0.000000 1.000000
vn 0.000000 -0.000000 1.000000
vn 0.000000 -0.000000 1.000000
vn 0.000000 -0.000000 1.000000
vn 0.000000 -0.000000 1.000000
vn 0.000000 -0.000000 1.000000
vn 0.000000 -0.000000 1.000000
vn 0.000000 -0.000000 1.000000
vn 0.000000 -0.000000 1.000000
s off
g GRP_Fluorescent_Lights Backrooms_Level0_Master_GRP GRP_Lamp_FR Lamp_FR_Cap_2_1
usemtl M_Plastic_WallSocketSG
f 337/773/945 338/774/946 348/785/947 347/784/948
f 338/774/949 339/775/950 349/786/951 348/785/952
f 339/775/953 340/776/954 350/787/955 349/786/956
f 340/776/957 341/777/958 351/788/959 350/787/960
f 341/777/961 342/778/962 352/789/963 351/788/964
f 342/778/965 343/779/966 353/790/967 352/789/968
f 343/779/969 344/780/970 354/791/971 353/790/972
f 344/780/973 345/781/974 355/792/975 354/791/976
f 345/781/977 346/782/978 356/793/979 355/792/980
f 346/782/981 337/783/982 347/794/983 356/793/984
f 337/763/985 346/772/986 345/771/987 344/770/988 343/769/989 342/768/990 341/767/991 340/766/992 339/765/993 338/764/994
f 347/803/995 348/802/996 349/801/997 350/800/998 351/799/999 352/798/1000 353/797/1001 354/796/1002 355/795/1003 356/804/1004
g default
v 187.794427 297.140457 -124.500000
v 186.994427 297.721691 -124.500000
v 186.005573 297.721691 -124.500000
v 185.205572 297.140456 -124.500000
v 184.900000 296.200000 -124.500000
v 185.205573 295.259543 -124.500000
v 186.005573 294.678309 -124.500000
v 186.994427 294.678310 -124.500000
v 187.794427 295.259544 -124.500000
v 188.100000 296.200000 -124.500000
v 187.794427 297.140457 -121.500000
v 186.994427 297.721691 -121.500000
v 186.005573 297.721691 -121.500000
v 185.205572 297.140456 -121.500000
v 184.900000 296.200000 -121.500000
v 185.205573 295.259543 -121.500000
v 186.005573 294.678309 -121.500000
v 186.994427 294.678310 -121.500000
v 187.794427 295.259544 -121.500000
v 188.100000 296.200000 -121.500000
vt 0.906388 0.051527
vt 0.656388 0.006118
vt 0.347371 0.006118
vt 0.097371 0.051527
vt 0.001880 0.125000
vt 0.097371 0.198473
vt 0.347371 0.243882
vt 0.656388 0.243882
vt 0.906388 0.198473
vt 1.001880 0.125000
vt 0.000000 0.250000
vt 0.100000 0.250000
vt 0.200000 0.250000
vt 0.300000 0.250000
vt 0.400000 0.250000
vt 0.500000 0.250000
vt 0.600000 0.250000
vt 0.700000 0.250000
vt 0.800000 0.250000
vt 0.900000 0.250000
vt 1.000000 0.250000
vt 0.000000 0.750000
vt 0.100000 0.750000
vt 0.200000 0.750000
vt 0.300000 0.750000
vt 0.400000 0.750000
vt 0.500000 0.750000
vt 0.600000 0.750000
vt 0.700000 0.750000
vt 0.800000 0.750000
vt 0.900000 0.750000
vt 1.000000 0.750000
vt 0.906388 0.801527
vt 0.656388 0.756118
vt 0.347371 0.756118
vt 0.097371 0.801527
vt 0.001880 0.875000
vt 0.097371 0.948473
vt 0.347371 0.993882
vt 0.656388 0.993882
vt 0.906388 0.948473
vt 1.001880 0.875000
vn 0.587785 0.809017 0.000000
vn 0.587785 0.809017 0.000000
vn 0.587785 0.809017 0.000000
vn 0.587785 0.809017 0.000000
vn 0.000000 1.000000 0.000000
vn 0.000000 1.000000 0.000000
vn 0.000000 1.000000 0.000000
vn 0.000000 1.000000 0.000000
vn -0.587785 0.809017 0.000000
vn -0.587785 0.809017 0.000000
vn -0.587785 0.809017 0.000000
vn -0.587785 0.809017 0.000000
vn -0.951057 0.309017 0.000000
vn -0.951057 0.309017 0.000000
vn -0.951057 0.309017 0.000000
vn -0.951057 0.309017 0.000000
vn -0.951056 -0.309017 0.000000
vn -0.951056 -0.309017 0.000000
vn -0.951056 -0.309017 0.000000
vn -0.951056 -0.309017 0.000000
vn -0.587785 -0.809017 0.000000
vn -0.587785 -0.809017 0.000000
vn -0.587785 -0.809017 0.000000
vn -0.587785 -0.809017 0.000000
vn 0.000000 -1.000000 0.000000
vn 0.000000 -1.000000 0.000000
vn 0.000000 -1.000000 0.000000
vn 0.000000 -1.000000 0.000000
vn 0.587785 -0.809017 0.000000
vn 0.587785 -0.809017 0.000000
vn 0.587785 -0.809017 0.000000
vn 0.587785 -0.809017 0.000000
vn 0.951057 -0.309017 0.000000
vn 0.951057 -0.309017 0.000000
vn 0.951057 -0.309017 0.000000
vn 0.951057 -0.309017 0.000000
vn 0.951057 0.309017 0.000000
vn 0.951057 0.309017 0.000000
vn 0.951057 0.309017 0.000000
vn 0.951057 0.309017 0.000000
vn 0.000000 -0.000000 -1.000000
vn 0.000000 -0.000000 -1.000000
vn 0.000000 -0.000000 -1.000000
vn 0.000000 -0.000000 -1.000000
vn 0.000000 -0.000000 -1.000000
vn 0.000000 -0.000000 -1.000000
vn 0.000000 -0.000000 -1.000000
vn 0.000000 -0.000000 -1.000000
vn 0.000000 -0.000000 -1.000000
vn 0.000000 -0.000000 -1.000000
vn 0.000000 -0.000000 1.000000
vn 0.000000 -0.000000 1.000000
vn 0.000000 -0.000000 1.000000
vn 0.000000 -0.000000 1.000000
vn 0.000000 -0.000000 1.000000
vn 0.000000 -0.000000 1.000000
vn 0.000000 -0.000000 1.000000
vn 0.000000 -0.000000 1.000000
vn 0.000000 -0.000000 1.000000
vn 0.000000 -0.000000 1.000000
s off
g GRP_Fluorescent_Lights Backrooms_Level0_Master_GRP GRP_Lamp_FR Lamp_FR_Cap_2_2
usemtl M_Plastic_WallSocketSG
f 357/815/1005 358/816/1006 368/827/1007 367/826/1008
f 358/816/1009 359/817/1010 369/828/1011 368/827/1012
f 359/817/1013 360/818/1014 370/829/1015 369/828/1016
f 360/818/1017 361/819/1018 371/830/1019 370/829/1020
f 361/819/1021 362/820/1022 372/831/1023 371/830/1024
f 362/820/1025 363/821/1026 373/832/1027 372/831/1028
f 363/821/1029 364/822/1030 374/833/1031 373/832/1032
f 364/822/1033 365/823/1034 375/834/1035 374/833/1036
f 365/823/1037 366/824/1038 376/835/1039 375/834/1040
f 366/824/1041 357/825/1042 367/836/1043 376/835/1044
f 357/805/1045 366/814/1046 365/813/1047 364/812/1048 363/811/1049 362/810/1050 361/809/1051 360/808/1052 359/807/1053 358/806/1054
f 367/845/1055 368/844/1056 369/843/1057 370/842/1058 371/841/1059 372/840/1060 373/839/1061 374/838/1062 375/837/1063 376/846/1064
g default
v 165.000000 294.200000 -121.000000
v 195.000000 294.200000 -121.000000
v 165.000000 294.800000 -121.000000
v 195.000000 294.800000 -121.000000
v 165.000000 294.800000 -239.000000
v 195.000000 294.800000 -239.000000
v 165.000000 294.200000 -239.000000
v 195.000000 294.200000 -239.000000
vt 0.330000 0.000000
vt 0.663333 0.000000
vt 0.330000 0.250000
vt 0.663333 0.250000
vt 0.330000 0.500000
vt 0.663333 0.500000
vt 0.330000 0.750000
vt 0.663333 0.750000
vt 0.330000 1.000000
vt 0.663333 1.000000
vt 1.000000 0.000000
vt 1.000000 0.250000
vt 0.000000 0.000000
vt 0.000000 0.250000
vn 0.000000 0.000000 1.000000
vn 0.000000 0.000000 1.000000
vn 0.000000 0.000000 1.000000
vn 0.000000 0.000000 1.000000
vn 0.000000 1.000000 0.000000
vn 0.000000 1.000000 0.000000
vn 0.000000 1.000000 0.000000
vn 0.000000 1.000000 0.000000
vn 0.000000 0.000000 -1.000000
vn 0.000000 0.000000 -1.000000
vn 0.000000 0.000000 -1.000000
vn 0.000000 0.000000 -1.000000
vn 0.000000 -1.000000 0.000000
vn 0.000000 -1.000000 0.000000
vn 0.000000 -1.000000 0.000000
vn 0.000000 -1.000000 0.000000
vn 1.000000 0.000000 0.000000
vn 1.000000 0.000000 0.000000
vn 1.000000 0.000000 0.000000
vn 1.000000 0.000000 0.000000
vn -1.000000 0.000000 0.000000
vn -1.000000 0.000000 0.000000
vn -1.000000 0.000000 0.000000
vn -1.000000 0.000000 0.000000
s off
g GRP_Fluorescent_Lights Backrooms_Level0_Master_GRP GRP_Lamp_FR Lamp_FR_Diffuser
usemtl M_Lamp_Housing_WhiteSG
f 377/847/1065 378/848/1066 380/850/1067 379/849/1068
f 379/849/1069 380/850/1070 382/852/1071 381/851/1072
f 381/851/1073 382/852/1074 384/854/1075 383/853/1076
f 383/853/1077 384/854/1078 378/856/1079 377/855/1080
f 378/848/1081 384/857/1082 382/858/1083 380/850/1084
f 383/859/1085 377/847/1086 379/849/1087 381/860/1088
g default
v -196.953142 294.046858 241.840015
v -196.840015 294.000000 241.840015
v -196.840015 294.046858 241.953140
v -196.840015 294.159984 242.000000
v -196.953142 294.159984 241.953140
v -197.000000 294.159984 241.840015
v -163.046858 294.046858 241.840015
v -163.000000 294.159984 241.840015
v -163.046858 294.159984 241.953140
v -163.159985 294.159984 242.000000
v -163.159985 294.046858 241.953140
v -163.159985 294.000000 241.840015
v -196.953142 301.953142 241.840015
v -197.000000 301.840016 241.840015
v -196.953142 301.840016 241.953140
v -196.840015 301.840016 242.000000
v -196.840015 301.953142 241.953140
v -196.840015 302.000000 241.840015
v -163.046858 301.953142 241.840015
v -163.159985 302.000000 241.840015
v -163.159985 301.953142 241.953140
v -163.159985 301.840016 242.000000
v -163.046858 301.840016 241.953140
v -163.000000 301.840016 241.840015
v -196.953142 301.840016 118.046860
v -197.000000 301.840016 118.159985
v -196.953142 301.953142 118.159985
v -196.840015 302.000000 118.159985
v -196.840015 301.953142 118.046860
v -196.840015 301.840016 118.000000
v -163.046858 301.840016 118.046860
v -163.159985 301.840016 118.000000
v -163.159985 301.953142 118.046860
v -163.159985 302.000000 118.159985
v -163.046858 301.953142 118.159985
v -163.000000 301.840016 118.159985
v -196.953142 294.046858 118.159985
v -197.000000 294.159984 118.159985
v -196.953142 294.159984 118.046860
v -196.840015 294.159984 118.000000
v -196.840015 294.046858 118.046860
v -196.840015 294.000000 118.159985
v -163.046858 294.046858 118.159985
v -163.159985 294.000000 118.159985
v -163.159985 294.046858 118.046860
v -163.159985 294.159984 118.000000
v -163.046858 294.159984 118.046860
v -163.000000 294.159984 118.159985
vt 0.331569 0.999677
vt 0.331568 0.750323
vt 0.329574 0.005000
vt 0.000426 0.005000
vt 0.331568 0.004999
vt 0.661765 0.005000
vt 0.331569 0.999677
vt 0.661765 0.999677
vt 0.329574 0.005000
vt 0.329574 0.245000
vt 0.331568 0.004999
vt 0.331569 0.245000
vt 0.663768 0.005000
vt 0.999566 0.005000
vt 0.661765 0.999677
vt 0.661765 0.750323
vt 0.661765 0.005000
vt 0.661765 0.245000
vt 0.663768 0.005000
vt 0.663768 0.245000
vt 0.329574 0.245000
vt 0.000426 0.245000
vt 0.331568 0.250323
vt 0.331569 0.499677
vt 0.331568 0.250323
vt 0.661765 0.250323
vt 0.331569 0.245000
vt 0.661765 0.245000
vt 0.661765 0.250323
vt 0.661765 0.499677
vt 0.663768 0.245000
vt 0.999566 0.245000
vt 0.000426 0.245000
vt 0.000426 0.005000
vt 0.331568 0.504999
vt 0.331569 0.745000
vt 0.331568 0.504999
vt 0.661765 0.505000
vt 0.331569 0.499677
vt 0.661765 0.499677
vt 0.661765 0.505000
vt 0.661765 0.745000
vt 0.999566 0.245000
vt 0.999566 0.005000
vt 0.331568 0.750323
vt 0.661765 0.750323
vt 0.331569 0.745000
vt 0.661765 0.745000
vt 0.331568 0.004999
vt 0.661765 0.005000
vt 0.661765 0.245000
vt 0.331569 0.245000
vt 0.331568 0.250323
vt 0.661765 0.250323
vt 0.661765 0.499677
vt 0.331569 0.499677
vt 0.331568 0.504999
vt 0.661765 0.505000
vt 0.661765 0.745000
vt 0.331569 0.745000
vt 0.331568 0.750323
vt 0.661765 0.750323
vt 0.661765 0.999677
vt 0.331569 0.999677
vt 0.663768 0.005000
vt 0.999566 0.005000
vt 0.999566 0.245000
vt 0.663768 0.245000
vt 0.000426 0.005000
vt 0.329574 0.005000
vt 0.329574 0.245000
vt 0.000426 0.245000
vt 0.331568 0.000000
vt 0.331568 0.004999
vt 0.329574 0.005000
vt 0.663768 0.005000
vt 0.661765 0.005000
vt 0.661765 0.000000
vt 0.329574 0.245000
vt 0.331569 0.245000
vt 0.331568 0.250323
vt 0.661765 0.250323
vt 0.661765 0.245000
vt 0.663768 0.245000
vt 0.330000 0.499677
vt 0.331569 0.499677
vt 0.331568 0.504999
vt 0.661765 0.505000
vt 0.661765 0.499677
vt 0.663333 0.499677
vt 0.330000 0.745000
vt 0.331569 0.745000
vt 0.331568 0.750323
vt 0.661765 0.750323
vt 0.661765 0.745000
vt 0.663333 0.745000
vt 0.331241 0.000005
vt 0.331567 0.999426
vt 0.332760 0.000000
vt 0.332760 0.999677
vt 0.330571 0.005058
vt 0.662099 0.000005
vt 0.661766 0.999426
vt 0.662754 0.005011
vt 0.660573 0.999677
vt 0.660573 0.000000
vt 0.330000 0.250000
vt 0.330572 0.244989
vt 0.331573 0.247662
vt 0.663333 0.250000
vt 0.661764 0.247663
vt 0.662766 0.244942
vt 0.330000 0.503468
vt 0.000426 0.241292
vt 0.330000 0.499431
vt 0.000752 0.245005
vt 0.331573 0.502338
vt 0.663333 0.503468
vt 0.999566 0.241292
vt 0.661764 0.502337
vt 0.999233 0.245005
vt 0.663333 0.499431
vt 0.000753 0.004995
vt 0.330002 0.745252
vt 0.330000 0.741210
vt 0.000426 0.008708
vt 0.331573 0.747662
vt 0.663332 0.745252
vt 0.999232 0.004995
vt 0.661764 0.747653
vt 0.999566 0.008708
vt 0.663333 0.741210
vn -0.382683 -0.923880 0.000000
vn -0.382683 -0.923880 0.000000
vn -0.382683 -0.923880 0.000000
vn -0.382683 -0.923880 0.000000
vn -0.923880 -0.382682 0.000000
vn -0.923880 -0.382682 0.000000
vn -0.923880 -0.382682 0.000000
vn -0.923880 -0.382682 0.000000
vn 0.000000 -0.382693 0.923876
vn 0.000000 -0.382693 0.923876
vn 0.000000 -0.382693 0.923876
vn 0.000000 -0.382693 0.923876
vn 0.000000 -0.923879 0.382686
vn 0.000000 -0.923879 0.382686
vn 0.000000 -0.923879 0.382686
vn 0.000000 -0.923879 0.382686
vn -0.923880 0.000000 0.382682
vn -0.923880 0.000000 0.382682
vn -0.923880 0.000000 0.382682
vn -0.923880 0.000000 0.382682
vn -0.382672 0.000000 0.923884
vn -0.382672 0.000000 0.923884
vn -0.382672 0.000000 0.923884
vn -0.382672 0.000000 0.923884
vn 0.923880 -0.382682 0.000000
vn 0.923880 -0.382682 0.000000
vn 0.923880 -0.382682 0.000000
vn 0.923880 -0.382682 0.000000
vn 0.382683 -0.923880 0.000000
vn 0.382683 -0.923880 0.000000
vn 0.382683 -0.923880 0.000000
vn 0.382683 -0.923880 0.000000
vn 0.382672 0.000000 0.923884
vn 0.382672 0.000000 0.923884
vn 0.382672 0.000000 0.923884
vn 0.382672 0.000000 0.923884
vn 0.923880 0.000000 0.382682
vn 0.923880 0.000000 0.382682
vn 0.923880 0.000000 0.382682
vn 0.923880 0.000000 0.382682
vn -0.923880 0.382682 0.000000
vn -0.923880 0.382682 0.000000
vn -0.923880 0.382682 0.000000
vn -0.923880 0.382682 0.000000
vn -0.382683 0.923880 0.000000
vn -0.382683 0.923880 0.000000
vn -0.382683 0.923880 0.000000
vn -0.382683 0.923880 0.000000
vn 0.000000 0.923879 0.382686
vn 0.000000 0.923879 0.382686
vn 0.000000 0.923879 0.382686
vn 0.000000 0.923879 0.382686
vn 0.000000 0.382693 0.923876
vn 0.000000 0.382693 0.923876
vn 0.000000 0.382693 0.923876
vn 0.000000 0.382693 0.923876
vn 0.382683 0.923880 0.000000
vn 0.382683 0.923880 0.000000
vn 0.382683 0.923880 0.000000
vn 0.382683 0.923880 0.000000
vn 0.923880 0.382682 0.000000
vn 0.923880 0.382682 0.000000
vn 0.923880 0.382682 0.000000
vn 0.923880 0.382682 0.000000
vn -0.923880 0.000000 -0.382682
vn -0.923880 0.000000 -0.382682
vn -0.923880 0.000000 -0.382682
vn -0.923880 0.000000 -0.382682
vn -0.382672 0.000000 -0.923884
vn -0.382672 0.000000 -0.923884
vn -0.382672 0.000000 -0.923884
vn -0.382672 0.000000 -0.923884
vn 0.000000 0.382693 -0.923876
vn 0.000000 0.382693 -0.923876
vn 0.000000 0.382693 -0.923876
vn 0.000000 0.382693 -0.923876
vn 0.000000 0.923879 -0.382686
vn 0.000000 0.923879 -0.382686
vn 0.000000 0.923879 -0.382686
vn 0.000000 0.923879 -0.382686
vn 0.382672 0.000000 -0.923884
vn 0.382672 0.000000 -0.923884
vn 0.382672 0.000000 -0.923884
vn 0.382672 0.000000 -0.923884
vn 0.923880 0.000000 -0.382682
vn 0.923880 0.000000 -0.382682
vn 0.923880 0.000000 -0.382682
vn 0.923880 0.000000 -0.382682
vn 0.000000 -0.923879 -0.382686
vn 0.000000 -0.923879 -0.382686
vn 0.000000 -0.923879 -0.382686
vn 0.000000 -0.923879 -0.382686
vn 0.000000 -0.382693 -0.923876
vn 0.000000 -0.382693 -0.923876
vn 0.000000 -0.382693 -0.923876
vn 0.000000 -0.382693 -0.923876
vn 0.000000 0.000000 1.000000
vn 0.000000 0.000000 1.000000
vn 0.000000 0.000000 1.000000
vn 0.000000 0.000000 1.000000
vn 0.000000 1.000000 0.000000
vn 0.000000 1.000000 0.000000
vn 0.000000 1.000000 0.000000
vn 0.000000 1.000000 0.000000
vn 0.000000 0.000000 -1.000000
vn 0.000000 0.000000 -1.000000
vn 0.000000 0.000000 -1.000000
vn 0.000000 0.000000 -1.000000
vn 0.000000 -1.000000 0.000000
vn 0.000000 -1.000000 0.000000
vn 0.000000 -1.000000 0.000000
vn 0.000000 -1.000000 0.000000
vn 1.000000 0.000000 0.000000
vn 1.000000 0.000000 0.000000
vn 1.000000 0.000000 0.000000
vn 1.000000 0.000000 0.000000
vn -1.000000 0.000000 0.000000
vn -1.000000 0.000000 0.000000
vn -1.000000 0.000000 0.000000
vn -1.000000 0.000000 0.000000
vn -0.577340 -0.577355 0.577357
vn -0.577340 -0.577355 0.577357
vn -0.577340 -0.577355 0.577357
vn -0.577340 -0.577355 0.577357
vn -0.577340 -0.577355 0.577357
vn -0.577340 -0.577355 0.577357
vn 0.577341 -0.577352 0.577358
vn 0.577341 -0.577352 0.577358
vn 0.577341 -0.577352 0.577358
vn 0.577341 -0.577352 0.577358
vn 0.577341 -0.577352 0.577358
vn 0.577341 -0.577352 0.577358
vn -0.577341 0.577352 0.577358
vn -0.577341 0.577352 0.577358
vn -0.577341 0.577352 0.577358
vn -0.577341 0.577352 0.577358
vn -0.577341 0.577352 0.577358
vn -0.577341 0.577352 0.577358
vn 0.577340 0.577355 0.577357
vn 0.577340 0.577355 0.577357
vn 0.577340 0.577355 0.577357
vn 0.577340 0.577355 0.577357
vn 0.577340 0.577355 0.577357
vn 0.577340 0.577355 0.577357
vn -0.577330 0.577358 -0.577362
vn -0.577330 0.577359 -0.577362
vn -0.577330 0.577359 -0.577362
vn -0.577330 0.577359 -0.577362
vn -0.577330 0.577359 -0.577362
vn -0.577330 0.577359 -0.577362
vn 0.577350 0.577350 -0.577352
vn 0.577350 0.577350 -0.577352
vn 0.577350 0.577350 -0.577352
vn 0.577350 0.577350 -0.577352
vn 0.577350 0.577350 -0.577352
vn 0.577350 0.577350 -0.577352
vn -0.577341 -0.577352 -0.577358
vn -0.577341 -0.577352 -0.577358
vn -0.577341 -0.577352 -0.577358
vn -0.577341 -0.577352 -0.577358
vn -0.577341 -0.577352 -0.577358
vn -0.577341 -0.577352 -0.577358
vn 0.577340 -0.577355 -0.577357
vn 0.577340 -0.577355 -0.577357
vn 0.577340 -0.577355 -0.577357
vn 0.577340 -0.577355 -0.577357
vn 0.577340 -0.577355 -0.577357
vn 0.577340 -0.577355 -0.577357
s off
g GRP_Fluorescent_Lights Backrooms_Level0_Master_GRP Lamp_BL_Housing GRP_Lamp_BL
usemtl M_Lamp_Housing_WhiteSG
f 386/867/1089 385/958/1090 421/984/1091 426/921/1092
f 385/957/1093 390/930/1094 422/894/1095 421/983/1096
f 388/871/1097 387/959/1098 395/966/1099 394/910/1100
f 387/960/1101 386/867/1102 396/875/1103 395/965/1104
f 390/930/1105 389/961/1106 399/968/1107 398/931/1108
f 389/961/1109 388/871/1110 400/887/1111 399/968/1112
f 392/879/1113 391/962/1114 427/989/1115 432/904/1116
f 391/963/1117 396/875/1118 428/906/1119 427/988/1120
f 394/910/1121 393/964/1122 407/972/1123 406/888/1124
f 393/964/1125 392/879/1126 408/891/1127 407/972/1128
f 398/931/1129 397/967/1130 411/976/1131 410/932/1132
f 397/967/1133 402/913/1134 412/899/1135 411/975/1136
f 402/913/1137 401/969/1138 405/971/1139 404/914/1140
f 401/969/1141 400/887/1142 406/888/1143 405/971/1144
f 404/914/1145 403/970/1146 419/982/1147 418/900/1148
f 403/970/1149 408/891/1150 420/903/1151 419/981/1152
f 410/932/1153 409/974/1154 423/986/1155 422/894/1156
f 409/973/1157 414/917/1158 424/907/1159 423/985/1160
f 414/917/1161 413/977/1162 417/980/1163 416/918/1164
f 413/977/1165 412/899/1166 418/900/1167 417/980/1168
f 416/918/1169 415/978/1170 431/992/1171 430/908/1172
f 415/979/1173 420/903/1174 432/904/1175 431/991/1176
f 426/921/1177 425/987/1178 429/990/1179 428/906/1180
f 425/987/1181 424/907/1182 430/908/1183 429/990/1184
f 388/871/1185 394/910/1186 406/888/1187 400/887/1188
f 402/913/1189 404/914/1190 418/900/1191 412/899/1192
f 414/917/1193 416/918/1194 430/908/1195 424/907/1196
f 426/921/1197 428/906/1198 396/875/1199 386/867/1200
f 392/879/1201 432/904/1202 420/903/1203 408/891/1204
f 422/894/1205 390/930/1206 398/931/1207 410/932/1208
f 385/957/1209 386/933/1210 387/959/1211 388/871/1212 389/961/1213 390/930/1214
f 391/962/1215 392/879/1216 393/964/1217 394/910/1218 395/966/1219 396/938/1220
f 397/967/1221 398/931/1222 399/968/1223 400/887/1224 401/969/1225 402/913/1226
f 403/970/1227 404/914/1228 405/971/1229 406/888/1230 407/972/1231 408/891/1232
f 409/973/1233 410/945/1234 411/975/1235 412/899/1236 413/977/1237 414/917/1238
f 415/978/1239 416/918/1240 417/980/1241 418/900/1242 419/982/1243 420/950/1244
f 421/984/1245 422/951/1246 423/985/1247 424/907/1248 425/987/1249 426/921/1250
f 427/988/1251 428/906/1252 429/990/1253 430/908/1254 431/992/1255 432/956/1256
g default
v -185.328740 296.764048 124.000000
v -185.689463 297.216381 124.000000
v -186.210723 297.467406 124.000000
v -186.789277 297.467406 124.000000
v -187.310536 297.216381 124.000000
v -187.671259 296.764049 124.000000
v -187.800000 296.200000 124.000000
v -187.671259 295.635951 124.000000
v -187.310537 295.183619 124.000000
v -186.789277 294.932594 124.000000
v -186.210723 294.932594 124.000000
v -185.689463 295.183619 124.000000
v -185.328741 295.635951 124.000000
v -185.200000 296.200000 124.000000
v -185.328740 296.764048 236.000000
v -185.689463 297.216381 236.000000
v -186.210723 297.467406 236.000000
v -186.789277 297.467406 236.000000
v -187.310536 297.216381 236.000000
v -187.671259 296.764049 236.000000
v -187.800000 296.200000 236.000000
v -187.671259 295.635951 236.000000
v -187.310537 295.183619 236.000000
v -186.789277 294.932594 236.000000
v -186.210723 294.932594 236.000000
v -185.689463 295.183619 236.000000
v -185.328741 295.635951 236.000000
v -185.200000 296.200000 236.000000
vt 0.952364 0.070765
vt 0.813625 0.027271
vt 0.613140 0.003134
vt 0.390619 0.003134
vt 0.190135 0.027271
vt 0.051395 0.070765
vt 0.001880 0.125000
vt 0.051395 0.179235
vt 0.190135 0.222729
vt 0.390619 0.246866
vt 0.613140 0.246866
vt 0.813625 0.222729
vt 0.952364 0.179235
vt 1.001880 0.125000
vt 0.000000 0.250000
vt 0.071429 0.250000
vt 0.142857 0.250000
vt 0.214286 0.250000
vt 0.285714 0.250000
vt 0.357143 0.250000
vt 0.428571 0.250000
vt 0.500000 0.250000
vt 0.571429 0.250000
vt 0.642857 0.250000
vt 0.714286 0.250000
vt 0.785714 0.250000
vt 0.857143 0.250000
vt 0.928572 0.250000
vt 1.000000 0.250000
vt 0.000000 0.750000
vt 0.071429 0.750000
vt 0.142857 0.750000
vt 0.214286 0.750000
vt 0.285714 0.750000
vt 0.357143 0.750000
vt 0.428571 0.750000
vt 0.500000 0.750000
vt 0.571429 0.750000
vt 0.642857 0.750000
vt 0.714286 0.750000
vt 0.785714 0.750000
vt 0.857143 0.750000
vt 0.928572 0.750000
vt 1.000000 0.750000
vt 0.952364 0.820765
vt 0.813625 0.777271
vt 0.613140 0.753134
vt 0.390619 0.753134
vt 0.190135 0.777271
vt 0.051395 0.820765
vt 0.001880 0.875000
vt 0.051395 0.929235
vt 0.190135 0.972729
vt 0.390619 0.996866
vt 0.613140 0.996866
vt 0.813625 0.972729
vt 0.952364 0.929235
vt 1.001880 0.875000
vn 0.900969 0.433884 0.000000
vn 0.623490 0.781831 0.000000
vn 0.623490 0.781831 0.000000
vn 0.900969 0.433884 0.000000
vn 0.222521 0.974928 0.000000
vn 0.222521 0.974928 0.000000
vn -0.222521 0.974928 0.000000
vn -0.222521 0.974928 0.000000
vn -0.623490 0.781832 0.000000
vn -0.623490 0.781832 0.000000
vn -0.900969 0.433884 0.000000
vn -0.900969 0.433884 0.000000
vn -1.000000 0.000000 0.000000
vn -1.000000 0.000000 0.000000
vn -0.900969 -0.433884 0.000000
vn -0.900969 -0.433884 0.000000
vn -0.623490 -0.781831 0.000000
vn -0.623490 -0.781831 0.000000
vn -0.222521 -0.974928 0.000000
vn -0.222521 -0.974928 0.000000
vn 0.222521 -0.974928 0.000000
vn 0.222521 -0.974928 0.000000
vn 0.623490 -0.781832 0.000000
vn 0.623490 -0.781832 0.000000
vn 0.900969 -0.433884 0.000000
vn 0.900969 -0.433884 0.000000
vn 1.000000 -0.000000 0.000000
vn 1.000000 -0.000000 0.000000
vn 0.000000 -0.000002 -1.000000
vn 0.000000 -0.000002 -1.000000
vn 0.000000 -0.000002 -1.000000
vn 0.000000 -0.000002 -1.000000
vn 0.000000 -0.000002 -1.000000
vn 0.000000 -0.000002 -1.000000
vn 0.000000 -0.000002 -1.000000
vn 0.000000 -0.000002 -1.000000
vn 0.000000 -0.000002 -1.000000
vn 0.000000 -0.000002 -1.000000
vn 0.000000 -0.000002 -1.000000
vn 0.000000 -0.000002 -1.000000
vn 0.000000 -0.000002 -1.000000
vn 0.000000 -0.000002 -1.000000
vn 0.000000 0.000001 1.000000
vn 0.000000 0.000001 1.000000
vn 0.000000 0.000001 1.000000
vn 0.000000 0.000001 1.000000
vn 0.000000 0.000001 1.000000
vn 0.000000 0.000001 1.000000
vn 0.000000 0.000001 1.000000
vn 0.000000 0.000001 1.000000
vn 0.000000 0.000001 1.000000
vn 0.000000 0.000001 1.000000
vn 0.000000 0.000001 1.000000
vn 0.000000 0.000001 1.000000
vn 0.000000 0.000001 1.000000
vn 0.000000 0.000001 1.000000
s 1
g GRP_Fluorescent_Lights Backrooms_Level0_Master_GRP GRP_Lamp_BL Lamp_BL_Tube_1
usemtl M_Fluorescent_Tube_GlowSG
f 433/1007/1257 434/1008/1258 448/1023/1259 447/1022/1260
f 434/1008/1258 435/1009/1261 449/1024/1262 448/1023/1259
f 435/1009/1261 436/1010/1263 450/1025/1264 449/1024/1262
f 436/1010/1263 437/1011/1265 451/1026/1266 450/1025/1264
f 437/1011/1265 438/1012/1267 452/1027/1268 451/1026/1266
f 438/1012/1267 439/1013/1269 453/1028/1270 452/1027/1268
f 439/1013/1269 440/1014/1271 454/1029/1272 453/1028/1270
f 440/1014/1271 441/1015/1273 455/1030/1274 454/1029/1272
f 441/1015/1273 442/1016/1275 456/1031/1276 455/1030/1274
f 442/1016/1275 443/1017/1277 457/1032/1278 456/1031/1276
f 443/1017/1277 444/1018/1279 458/1033/1280 457/1032/1278
f 444/1018/1279 445/1019/1281 459/1034/1282 458/1033/1280
f 445/1019/1281 446/1020/1283 460/1035/1284 459/1034/1282
f 446/1020/1283 433/1021/1257 447/1036/1260 460/1035/1284
s off
f 433/993/1285 446/1006/1286 445/1005/1287 444/1004/1288 443/1003/1289 442/1002/1290 441/1001/1291 440/1000/1292 439/999/1293 438/998/1294 437/997/1295 436/996/1296 435/995/1297 434/994/1298
f 447/1049/1299 448/1048/1300 449/1047/1301 450/1046/1302 451/1045/1303 452/1044/1304 453/1043/1305 454/1042/1306 455/1041/1307 456/1040/1308 457/1039/1309 458/1038/1310 459/1037/1311 460/1050/1312
g default
v -185.205573 297.140457 121.500000
v -186.005573 297.721691 121.500000
v -186.994427 297.721691 121.500000
v -187.794428 297.140456 121.500000
v -188.100000 296.200000 121.500000
v -187.794427 295.259543 121.500000
v -186.994427 294.678309 121.500000
v -186.005573 294.678310 121.500000
v -185.205573 295.259544 121.500000
v -184.900000 296.200000 121.500000
v -185.205573 297.140457 124.500000
v -186.005573 297.721691 124.500000
v -186.994427 297.721691 124.500000
v -187.794428 297.140456 124.500000
v -188.100000 296.200000 124.500000
v -187.794427 295.259543 124.500000
v -186.994427 294.678309 124.500000
v -186.005573 294.678310 124.500000
v -185.205573 295.259544 124.500000
v -184.900000 296.200000 124.500000
vt 0.906388 0.051527
vt 0.656388 0.006118
vt 0.347371 0.006118
vt 0.097371 0.051527
vt 0.001880 0.125000
vt 0.097371 0.198473
vt 0.347371 0.243882
vt 0.656388 0.243882
vt 0.906388 0.198473
vt 1.001880 0.125000
vt 0.000000 0.250000
vt 0.100000 0.250000
vt 0.200000 0.250000
vt 0.300000 0.250000
vt 0.400000 0.250000
vt 0.500000 0.250000
vt 0.600000 0.250000
vt 0.700000 0.250000
vt 0.800000 0.250000
vt 0.900000 0.250000
vt 1.000000 0.250000
vt 0.000000 0.750000
vt 0.100000 0.750000
vt 0.200000 0.750000
vt 0.300000 0.750000
vt 0.400000 0.750000
vt 0.500000 0.750000
vt 0.600000 0.750000
vt 0.700000 0.750000
vt 0.800000 0.750000
vt 0.900000 0.750000
vt 1.000000 0.750000
vt 0.906388 0.801527
vt 0.656388 0.756118
vt 0.347371 0.756118
vt 0.097371 0.801527
vt 0.001880 0.875000
vt 0.097371 0.948473
vt 0.347371 0.993882
vt 0.656388 0.993882
vt 0.906388 0.948473
vt 1.001880 0.875000
vn 0.587785 0.809017 0.000000
vn 0.587785 0.809017 0.000000
vn 0.587785 0.809017 0.000000
vn 0.587785 0.809017 0.000000
vn 0.000000 1.000000 0.000000
vn 0.000000 1.000000 0.000000
vn 0.000000 1.000000 0.000000
vn 0.000000 1.000000 0.000000
vn -0.587785 0.809017 0.000000
vn -0.587785 0.809017 0.000000
vn -0.587785 0.809017 0.000000
vn -0.587785 0.809017 0.000000
vn -0.951057 0.309017 0.000000
vn -0.951057 0.309017 0.000000
vn -0.951057 0.309017 0.000000
vn -0.951057 0.309017 0.000000
vn -0.951056 -0.309017 0.000000
vn -0.951056 -0.309017 0.000000
vn -0.951056 -0.309017 0.000000
vn -0.951056 -0.309017 0.000000
vn -0.587785 -0.809017 0.000000
vn -0.587785 -0.809017 0.000000
vn -0.587785 -0.809017 0.000000
vn -0.587785 -0.809017 0.000000
vn 0.000000 -1.000000 0.000000
vn 0.000000 -1.000000 0.000000
vn 0.000000 -1.000000 0.000000
vn 0.000000 -1.000000 0.000000
vn 0.587785 -0.809017 0.000000
vn 0.587785 -0.809017 0.000000
vn 0.587785 -0.809017 0.000000
vn 0.587785 -0.809017 0.000000
vn 0.951057 -0.309017 0.000000
vn 0.951057 -0.309017 0.000000
vn 0.951057 -0.309017 0.000000
vn 0.951057 -0.309017 0.000000
vn 0.951057 0.309017 0.000000
vn 0.951057 0.309017 0.000000
vn 0.951057 0.309017 0.000000
vn 0.951057 0.309017 0.000000
vn 0.000000 -0.000000 -1.000000
vn 0.000000 -0.000000 -1.000000
vn 0.000000 -0.000000 -1.000000
vn 0.000000 -0.000000 -1.000000
vn 0.000000 -0.000000 -1.000000
vn 0.000000 -0.000000 -1.000000
vn 0.000000 -0.000000 -1.000000
vn 0.000000 -0.000000 -1.000000
vn 0.000000 -0.000000 -1.000000
vn 0.000000 -0.000000 -1.000000
vn 0.000000 -0.000000 1.000000
vn 0.000000 -0.000000 1.000000
vn 0.000000 -0.000000 1.000000
vn 0.000000 -0.000000 1.000000
vn 0.000000 -0.000000 1.000000
vn 0.000000 -0.000000 1.000000
vn 0.000000 -0.000000 1.000000
vn 0.000000 -0.000000 1.000000
vn 0.000000 -0.000000 1.000000
vn 0.000000 -0.000000 1.000000
s off
g GRP_Fluorescent_Lights Backrooms_Level0_Master_GRP GRP_Lamp_BL Lamp_BL_Cap_1_1
usemtl M_Plastic_WallSocketSG
f 461/1061/1313 462/1062/1314 472/1073/1315 471/1072/1316
f 462/1062/1317 463/1063/1318 473/1074/1319 472/1073/1320
f 463/1063/1321 464/1064/1322 474/1075/1323 473/1074/1324
f 464/1064/1325 465/1065/1326 475/1076/1327 474/1075/1328
f 465/1065/1329 466/1066/1330 476/1077/1331 475/1076/1332
f 466/1066/1333 467/1067/1334 477/1078/1335 476/1077/1336
f 467/1067/1337 468/1068/1338 478/1079/1339 477/1078/1340
f 468/1068/1341 469/1069/1342 479/1080/1343 478/1079/1344
f 469/1069/1345 470/1070/1346 480/1081/1347 479/1080/1348
f 470/1070/1349 461/1071/1350 471/1082/1351 480/1081/1352
f 461/1051/1353 470/1060/1354 469/1059/1355 468/1058/1356 467/1057/1357 466/1056/1358 465/1055/1359 464/1054/1360 463/1053/1361 462/1052/1362
f 471/1091/1363 472/1090/1364 473/1089/1365 474/1088/1366 475/1087/1367 476/1086/1368 477/1085/1369 478/1084/1370 479/1083/1371 480/1092/1372
g default
v -185.205573 297.140457 235.500000
v -186.005573 297.721691 235.500000
v -186.994427 297.721691 235.500000
v -187.794428 297.140456 235.500000
v -188.100000 296.200000 235.500000
v -187.794427 295.259543 235.500000
v -186.994427 294.678309 235.500000
v -186.005573 294.678310 235.500000
v -185.205573 295.259544 235.500000
v -184.900000 296.200000 235.500000
v -185.205573 297.140457 238.500000
v -186.005573 297.721691 238.500000
v -186.994427 297.721691 238.500000
v -187.794428 297.140456 238.500000
v -188.100000 296.200000 238.500000
v -187.794427 295.259543 238.500000
v -186.994427 294.678309 238.500000
v -186.005573 294.678310 238.500000
v -185.205573 295.259544 238.500000
v -184.900000 296.200000 238.500000
vt 0.906388 0.051527
vt 0.656388 0.006118
vt 0.347371 0.006118
vt 0.097371 0.051527
vt 0.001880 0.125000
vt 0.097371 0.198473
vt 0.347371 0.243882
vt 0.656388 0.243882
vt 0.906388 0.198473
vt 1.001880 0.125000
vt 0.000000 0.250000
vt 0.100000 0.250000
vt 0.200000 0.250000
vt 0.300000 0.250000
vt 0.400000 0.250000
vt 0.500000 0.250000
vt 0.600000 0.250000
vt 0.700000 0.250000
vt 0.800000 0.250000
vt 0.900000 0.250000
vt 1.000000 0.250000
vt 0.000000 0.750000
vt 0.100000 0.750000
vt 0.200000 0.750000
vt 0.300000 0.750000
vt 0.400000 0.750000
vt 0.500000 0.750000
vt 0.600000 0.750000
vt 0.700000 0.750000
vt 0.800000 0.750000
vt 0.900000 0.750000
vt 1.000000 0.750000
vt 0.906388 0.801527
vt 0.656388 0.756118
vt 0.347371 0.756118
vt 0.097371 0.801527
vt 0.001880 0.875000
vt 0.097371 0.948473
vt 0.347371 0.993882
vt 0.656388 0.993882
vt 0.906388 0.948473
vt 1.001880 0.875000
vn 0.587785 0.809017 0.000000
vn 0.587785 0.809017 0.000000
vn 0.587785 0.809017 0.000000
vn 0.587785 0.809017 0.000000
vn 0.000000 1.000000 0.000000
vn 0.000000 1.000000 0.000000
vn 0.000000 1.000000 0.000000
vn 0.000000 1.000000 0.000000
vn -0.587785 0.809017 0.000000
vn -0.587785 0.809017 0.000000
vn -0.587785 0.809017 0.000000
vn -0.587785 0.809017 0.000000
vn -0.951057 0.309017 0.000000
vn -0.951057 0.309017 0.000000
vn -0.951057 0.309017 0.000000
vn -0.951057 0.309017 0.000000
vn -0.951056 -0.309017 0.000000
vn -0.951056 -0.309017 0.000000
vn -0.951056 -0.309017 0.000000
vn -0.951056 -0.309017 0.000000
vn -0.587785 -0.809017 0.000000
vn -0.587785 -0.809017 0.000000
vn -0.587785 -0.809017 0.000000
vn -0.587785 -0.809017 0.000000
vn 0.000000 -1.000000 0.000000
vn 0.000000 -1.000000 0.000000
vn 0.000000 -1.000000 0.000000
vn 0.000000 -1.000000 0.000000
vn 0.587785 -0.809017 0.000000
vn 0.587785 -0.809017 0.000000
vn 0.587785 -0.809017 0.000000
vn 0.587785 -0.809017 0.000000
vn 0.951057 -0.309017 0.000000
vn 0.951057 -0.309017 0.000000
vn 0.951057 -0.309017 0.000000
vn 0.951057 -0.309017 0.000000
vn 0.951057 0.309017 0.000000
vn 0.951057 0.309017 0.000000
vn 0.951057 0.309017 0.000000
vn 0.951057 0.309017 0.000000
vn 0.000000 -0.000000 -1.000000
vn 0.000000 -0.000000 -1.000000
vn 0.000000 -0.000000 -1.000000
vn 0.000000 -0.000000 -1.000000
vn 0.000000 -0.000000 -1.000000
vn 0.000000 -0.000000 -1.000000
vn 0.000000 -0.000000 -1.000000
vn 0.000000 -0.000000 -1.000000
vn 0.000000 -0.000000 -1.000000
vn 0.000000 -0.000000 -1.000000
vn 0.000000 -0.000000 1.000000
vn 0.000000 -0.000000 1.000000
vn 0.000000 -0.000000 1.000000
vn 0.000000 -0.000000 1.000000
vn 0.000000 -0.000000 1.000000
vn 0.000000 -0.000000 1.000000
vn 0.000000 -0.000000 1.000000
vn 0.000000 -0.000000 1.000000
vn 0.000000 -0.000000 1.000000
vn 0.000000 -0.000000 1.000000
s off
g GRP_Fluorescent_Lights Backrooms_Level0_Master_GRP GRP_Lamp_BL Lamp_BL_Cap_1_2
usemtl M_Plastic_WallSocketSG
f 481/1103/1373 482/1104/1374 492/1115/1375 491/1114/1376
f 482/1104/1377 483/1105/1378 493/1116/1379 492/1115/1380
f 483/1105/1381 484/1106/1382 494/1117/1383 493/1116/1384
f 484/1106/1385 485/1107/1386 495/1118/1387 494/1117/1388
f 485/1107/1389 486/1108/1390 496/1119/1391 495/1118/1392
f 486/1108/1393 487/1109/1394 497/1120/1395 496/1119/1396
f 487/1109/1397 488/1110/1398 498/1121/1399 497/1120/1400
f 488/1110/1401 489/1111/1402 499/1122/1403 498/1121/1404
f 489/1111/1405 490/1112/1406 500/1123/1407 499/1122/1408
f 490/1112/1409 481/1113/1410 491/1124/1411 500/1123/1412
f 481/1093/1413 490/1102/1414 489/1101/1415 488/1100/1416 487/1099/1417 486/1098/1418 485/1097/1419 484/1096/1420 483/1095/1421 482/1094/1422
f 491/1133/1423 492/1132/1424 493/1131/1425 494/1130/1426 495/1129/1427 496/1128/1428 497/1127/1429 498/1126/1430 499/1125/1431 500/1134/1432
g default
v -172.328740 296.764048 124.000000
v -172.689463 297.216381 124.000000
v -173.210723 297.467406 124.000000
v -173.789277 297.467406 124.000000
v -174.310536 297.216381 124.000000
v -174.671259 296.764049 124.000000
v -174.800000 296.200000 124.000000
v -174.671259 295.635951 124.000000
v -174.310537 295.183619 124.000000
v -173.789277 294.932594 124.000000
v -173.210723 294.932594 124.000000
v -172.689463 295.183619 124.000000
v -172.328741 295.635951 124.000000
v -172.200000 296.200000 124.000000
v -172.328740 296.764048 236.000000
v -172.689463 297.216381 236.000000
v -173.210723 297.467406 236.000000
v -173.789277 297.467406 236.000000
v -174.310536 297.216381 236.000000
v -174.671259 296.764049 236.000000
v -174.800000 296.200000 236.000000
v -174.671259 295.635951 236.000000
v -174.310537 295.183619 236.000000
v -173.789277 294.932594 236.000000
v -173.210723 294.932594 236.000000
v -172.689463 295.183619 236.000000
v -172.328741 295.635951 236.000000
v -172.200000 296.200000 236.000000
vt 0.952364 0.070765
vt 0.813625 0.027271
vt 0.613140 0.003134
vt 0.390619 0.003134
vt 0.190135 0.027271
vt 0.051395 0.070765
vt 0.001880 0.125000
vt 0.051395 0.179235
vt 0.190135 0.222729
vt 0.390619 0.246866
vt 0.613140 0.246866
vt 0.813625 0.222729
vt 0.952364 0.179235
vt 1.001880 0.125000
vt 0.000000 0.250000
vt 0.071429 0.250000
vt 0.142857 0.250000
vt 0.214286 0.250000
vt 0.285714 0.250000
vt 0.357143 0.250000
vt 0.428571 0.250000
vt 0.500000 0.250000
vt 0.571429 0.250000
vt 0.642857 0.250000
vt 0.714286 0.250000
vt 0.785714 0.250000
vt 0.857143 0.250000
vt 0.928572 0.250000
vt 1.000000 0.250000
vt 0.000000 0.750000
vt 0.071429 0.750000
vt 0.142857 0.750000
vt 0.214286 0.750000
vt 0.285714 0.750000
vt 0.357143 0.750000
vt 0.428571 0.750000
vt 0.500000 0.750000
vt 0.571429 0.750000
vt 0.642857 0.750000
vt 0.714286 0.750000
vt 0.785714 0.750000
vt 0.857143 0.750000
vt 0.928572 0.750000
vt 1.000000 0.750000
vt 0.952364 0.820765
vt 0.813625 0.777271
vt 0.613140 0.753134
vt 0.390619 0.753134
vt 0.190135 0.777271
vt 0.051395 0.820765
vt 0.001880 0.875000
vt 0.051395 0.929235
vt 0.190135 0.972729
vt 0.390619 0.996866
vt 0.613140 0.996866
vt 0.813625 0.972729
vt 0.952364 0.929235
vt 1.001880 0.875000
vn 0.900969 0.433884 0.000000
vn 0.623490 0.781831 0.000000
vn 0.623490 0.781831 0.000000
vn 0.900969 0.433884 0.000000
vn 0.222521 0.974928 0.000000
vn 0.222521 0.974928 0.000000
vn -0.222521 0.974928 0.000000
vn -0.222521 0.974928 0.000000
vn -0.623490 0.781832 0.000000
vn -0.623490 0.781832 0.000000
vn -0.900969 0.433884 0.000000
vn -0.900969 0.433884 0.000000
vn -1.000000 0.000000 0.000000
vn -1.000000 0.000000 0.000000
vn -0.900969 -0.433884 0.000000
vn -0.900969 -0.433884 0.000000
vn -0.623490 -0.781831 0.000000
vn -0.623490 -0.781831 0.000000
vn -0.222521 -0.974928 0.000000
vn -0.222521 -0.974928 0.000000
vn 0.222521 -0.974928 0.000000
vn 0.222521 -0.974928 0.000000
vn 0.623490 -0.781832 0.000000
vn 0.623490 -0.781832 0.000000
vn 0.900969 -0.433884 0.000000
vn 0.900969 -0.433884 0.000000
vn 1.000000 -0.000000 0.000000
vn 1.000000 -0.000000 0.000000
vn 0.000000 -0.000002 -1.000000
vn 0.000000 -0.000002 -1.000000
vn 0.000000 -0.000002 -1.000000
vn 0.000000 -0.000002 -1.000000
vn 0.000000 -0.000002 -1.000000
vn 0.000000 -0.000002 -1.000000
vn 0.000000 -0.000002 -1.000000
vn 0.000000 -0.000002 -1.000000
vn 0.000000 -0.000002 -1.000000
vn 0.000000 -0.000002 -1.000000
vn 0.000000 -0.000002 -1.000000
vn 0.000000 -0.000002 -1.000000
vn 0.000000 -0.000002 -1.000000
vn 0.000000 -0.000002 -1.000000
vn 0.000000 0.000001 1.000000
vn 0.000000 0.000001 1.000000
vn 0.000000 0.000001 1.000000
vn 0.000000 0.000001 1.000000
vn 0.000000 0.000001 1.000000
vn 0.000000 0.000001 1.000000
vn 0.000000 0.000001 1.000000
vn 0.000000 0.000001 1.000000
vn 0.000000 0.000001 1.000000
vn 0.000000 0.000001 1.000000
vn 0.000000 0.000001 1.000000
vn 0.000000 0.000001 1.000000
vn 0.000000 0.000001 1.000000
vn 0.000000 0.000001 1.000000
s 1
g GRP_Fluorescent_Lights Backrooms_Level0_Master_GRP GRP_Lamp_BL Lamp_BL_Tube_2
usemtl M_Fluorescent_Tube_GlowSG
f 501/1149/1433 502/1150/1434 516/1165/1435 515/1164/1436
f 502/1150/1434 503/1151/1437 517/1166/1438 516/1165/1435
f 503/1151/1437 504/1152/1439 518/1167/1440 517/1166/1438
f 504/1152/1439 505/1153/1441 519/1168/1442 518/1167/1440
f 505/1153/1441 506/1154/1443 520/1169/1444 519/1168/1442
f 506/1154/1443 507/1155/1445 521/1170/1446 520/1169/1444
f 507/1155/1445 508/1156/1447 522/1171/1448 521/1170/1446
f 508/1156/1447 509/1157/1449 523/1172/1450 522/1171/1448
f 509/1157/1449 510/1158/1451 524/1173/1452 523/1172/1450
f 510/1158/1451 511/1159/1453 525/1174/1454 524/1173/1452
f 511/1159/1453 512/1160/1455 526/1175/1456 525/1174/1454
f 512/1160/1455 513/1161/1457 527/1176/1458 526/1175/1456
f 513/1161/1457 514/1162/1459 528/1177/1460 527/1176/1458
f 514/1162/1459 501/1163/1433 515/1178/1436 528/1177/1460
s off
f 501/1135/1461 514/1148/1462 513/1147/1463 512/1146/1464 511/1145/1465 510/1144/1466 509/1143/1467 508/1142/1468 507/1141/1469 506/1140/1470 505/1139/1471 504/1138/1472 503/1137/1473 502/1136/1474
f 515/1191/1475 516/1190/1476 517/1189/1477 518/1188/1478 519/1187/1479 520/1186/1480 521/1185/1481 522/1184/1482 523/1183/1483 524/1182/1484 525/1181/1485 526/1180/1486 527/1179/1487 528/1192/1488
g default
v -172.205573 297.140457 121.500000
v -173.005573 297.721691 121.500000
v -173.994427 297.721691 121.500000
v -174.794428 297.140456 121.500000
v -175.100000 296.200000 121.500000
v -174.794427 295.259543 121.500000
v -173.994427 294.678309 121.500000
v -173.005573 294.678310 121.500000
v -172.205573 295.259544 121.500000
v -171.900000 296.200000 121.500000
v -172.205573 297.140457 124.500000
v -173.005573 297.721691 124.500000
v -173.994427 297.721691 124.500000
v -174.794428 297.140456 124.500000
v -175.100000 296.200000 124.500000
v -174.794427 295.259543 124.500000
v -173.994427 294.678309 124.500000
v -173.005573 294.678310 124.500000
v -172.205573 295.259544 124.500000
v -171.900000 296.200000 124.500000
vt 0.906388 0.051527
vt 0.656388 0.006118
vt 0.347371 0.006118
vt 0.097371 0.051527
vt 0.001880 0.125000
vt 0.097371 0.198473
vt 0.347371 0.243882
vt 0.656388 0.243882
vt 0.906388 0.198473
vt 1.001880 0.125000
vt 0.000000 0.250000
vt 0.100000 0.250000
vt 0.200000 0.250000
vt 0.300000 0.250000
vt 0.400000 0.250000
vt 0.500000 0.250000
vt 0.600000 0.250000
vt 0.700000 0.250000
vt 0.800000 0.250000
vt 0.900000 0.250000
vt 1.000000 0.250000
vt 0.000000 0.750000
vt 0.100000 0.750000
vt 0.200000 0.750000
vt 0.300000 0.750000
vt 0.400000 0.750000
vt 0.500000 0.750000
vt 0.600000 0.750000
vt 0.700000 0.750000
vt 0.800000 0.750000
vt 0.900000 0.750000
vt 1.000000 0.750000
vt 0.906388 0.801527
vt 0.656388 0.756118
vt 0.347371 0.756118
vt 0.097371 0.801527
vt 0.001880 0.875000
vt 0.097371 0.948473
vt 0.347371 0.993882
vt 0.656388 0.993882
vt 0.906388 0.948473
vt 1.001880 0.875000
vn 0.587785 0.809017 0.000000
vn 0.587785 0.809017 0.000000
vn 0.587785 0.809017 0.000000
vn 0.587785 0.809017 0.000000
vn 0.000000 1.000000 0.000000
vn 0.000000 1.000000 0.000000
vn 0.000000 1.000000 0.000000
vn 0.000000 1.000000 0.000000
vn -0.587785 0.809017 0.000000
vn -0.587785 0.809017 0.000000
vn -0.587785 0.809017 0.000000
vn -0.587785 0.809017 0.000000
vn -0.951057 0.309017 0.000000
vn -0.951057 0.309017 0.000000
vn -0.951057 0.309017 0.000000
vn -0.951057 0.309017 0.000000
vn -0.951056 -0.309017 0.000000
vn -0.951056 -0.309017 0.000000
vn -0.951056 -0.309017 0.000000
vn -0.951056 -0.309017 0.000000
vn -0.587785 -0.809017 0.000000
vn -0.587785 -0.809017 0.000000
vn -0.587785 -0.809017 0.000000
vn -0.587785 -0.809017 0.000000
vn 0.000000 -1.000000 0.000000
vn 0.000000 -1.000000 0.000000
vn 0.000000 -1.000000 0.000000
vn 0.000000 -1.000000 0.000000
vn 0.587785 -0.809017 0.000000
vn 0.587785 -0.809017 0.000000
vn 0.587785 -0.809017 0.000000
vn 0.587785 -0.809017 0.000000
vn 0.951057 -0.309017 0.000000
vn 0.951057 -0.309017 0.000000
vn 0.951057 -0.309017 0.000000
vn 0.951057 -0.309017 0.000000
vn 0.951057 0.309017 0.000000
vn 0.951057 0.309017 0.000000
vn 0.951057 0.309017 0.000000
vn 0.951057 0.309017 0.000000
vn 0.000000 -0.000000 -1.000000
vn 0.000000 -0.000000 -1.000000
vn 0.000000 -0.000000 -1.000000
vn 0.000000 -0.000000 -1.000000
vn 0.000000 -0.000000 -1.000000
vn 0.000000 -0.000000 -1.000000
vn 0.000000 -0.000000 -1.000000
vn 0.000000 -0.000000 -1.000000
vn 0.000000 -0.000000 -1.000000
vn 0.000000 -0.000000 -1.000000
vn 0.000000 -0.000000 1.000000
vn 0.000000 -0.000000 1.000000
vn 0.000000 -0.000000 1.000000
vn 0.000000 -0.000000 1.000000
vn 0.000000 -0.000000 1.000000
vn 0.000000 -0.000000 1.000000
vn 0.000000 -0.000000 1.000000
vn 0.000000 -0.000000 1.000000
vn 0.000000 -0.000000 1.000000
vn 0.000000 -0.000000 1.000000
s off
g GRP_Fluorescent_Lights Backrooms_Level0_Master_GRP GRP_Lamp_BL Lamp_BL_Cap_2_1
usemtl M_Plastic_WallSocketSG
f 529/1203/1489 530/1204/1490 540/1215/1491 539/1214/1492
f 530/1204/1493 531/1205/1494 541/1216/1495 540/1215/1496
f 531/1205/1497 532/1206/1498 542/1217/1499 541/1216/1500
f 532/1206/1501 533/1207/1502 543/1218/1503 542/1217/1504
f 533/1207/1505 534/1208/1506 544/1219/1507 543/1218/1508
f 534/1208/1509 535/1209/1510 545/1220/1511 544/1219/1512
f 535/1209/1513 536/1210/1514 546/1221/1515 545/1220/1516
f 536/1210/1517 537/1211/1518 547/1222/1519 546/1221/1520
f 537/1211/1521 538/1212/1522 548/1223/1523 547/1222/1524
f 538/1212/1525 529/1213/1526 539/1224/1527 548/1223/1528
f 529/1193/1529 538/1202/1530 537/1201/1531 536/1200/1532 535/1199/1533 534/1198/1534 533/1197/1535 532/1196/1536 531/1195/1537 530/1194/1538
f 539/1233/1539 540/1232/1540 541/1231/1541 542/1230/1542 543/1229/1543 544/1228/1544 545/1227/1545 546/1226/1546 547/1225/1547 548/1234/1548
g default
v -172.205573 297.140457 235.500000
v -173.005573 297.721691 235.500000
v -173.994427 297.721691 235.500000
v -174.794428 297.140456 235.500000
v -175.100000 296.200000 235.500000
v -174.794427 295.259543 235.500000
v -173.994427 294.678309 235.500000
v -173.005573 294.678310 235.500000
v -172.205573 295.259544 235.500000
v -171.900000 296.200000 235.500000
v -172.205573 297.140457 238.500000
v -173.005573 297.721691 238.500000
v -173.994427 297.721691 238.500000
v -174.794428 297.140456 238.500000
v -175.100000 296.200000 238.500000
v -174.794427 295.259543 238.500000
v -173.994427 294.678309 238.500000
v -173.005573 294.678310 238.500000
v -172.205573 295.259544 238.500000
v -171.900000 296.200000 238.500000
vt 0.906388 0.051527
vt 0.656388 0.006118
vt 0.347371 0.006118
vt 0.097371 0.051527
vt 0.001880 0.125000
vt 0.097371 0.198473
vt 0.347371 0.243882
vt 0.656388 0.243882
vt 0.906388 0.198473
vt 1.001880 0.125000
vt 0.000000 0.250000
vt 0.100000 0.250000
vt 0.200000 0.250000
vt 0.300000 0.250000
vt 0.400000 0.250000
vt 0.500000 0.250000
vt 0.600000 0.250000
vt 0.700000 0.250000
vt 0.800000 0.250000
vt 0.900000 0.250000
vt 1.000000 0.250000
vt 0.000000 0.750000
vt 0.100000 0.750000
vt 0.200000 0.750000
vt 0.300000 0.750000
vt 0.400000 0.750000
vt 0.500000 0.750000
vt 0.600000 0.750000
vt 0.700000 0.750000
vt 0.800000 0.750000
vt 0.900000 0.750000
vt 1.000000 0.750000
vt 0.906388 0.801527
vt 0.656388 0.756118
vt 0.347371 0.756118
vt 0.097371 0.801527
vt 0.001880 0.875000
vt 0.097371 0.948473
vt 0.347371 0.993882
vt 0.656388 0.993882
vt 0.906388 0.948473
vt 1.001880 0.875000
vn 0.587785 0.809017 0.000000
vn 0.587785 0.809017 0.000000
vn 0.587785 0.809017 0.000000
vn 0.587785 0.809017 0.000000
vn 0.000000 1.000000 0.000000
vn 0.000000 1.000000 0.000000
vn 0.000000 1.000000 0.000000
vn 0.000000 1.000000 0.000000
vn -0.587785 0.809017 0.000000
vn -0.587785 0.809017 0.000000
vn -0.587785 0.809017 0.000000
vn -0.587785 0.809017 0.000000
vn -0.951057 0.309017 0.000000
vn -0.951057 0.309017 0.000000
vn -0.951057 0.309017 0.000000
vn -0.951057 0.309017 0.000000
vn -0.951056 -0.309017 0.000000
vn -0.951056 -0.309017 0.000000
vn -0.951056 -0.309017 0.000000
vn -0.951056 -0.309017 0.000000
vn -0.587785 -0.809017 0.000000
vn -0.587785 -0.809017 0.000000
vn -0.587785 -0.809017 0.000000
vn -0.587785 -0.809017 0.000000
vn 0.000000 -1.000000 0.000000
vn 0.000000 -1.000000 0.000000
vn 0.000000 -1.000000 0.000000
vn 0.000000 -1.000000 0.000000
vn 0.587785 -0.809017 0.000000
vn 0.587785 -0.809017 0.000000
vn 0.587785 -0.809017 0.000000
vn 0.587785 -0.809017 0.000000
vn 0.951057 -0.309017 0.000000
vn 0.951057 -0.309017 0.000000
vn 0.951057 -0.309017 0.000000
vn 0.951057 -0.309017 0.000000
vn 0.951057 0.309017 0.000000
vn 0.951057 0.309017 0.000000
vn 0.951057 0.309017 0.000000
vn 0.951057 0.309017 0.000000
vn 0.000000 -0.000000 -1.000000
vn 0.000000 -0.000000 -1.000000
vn 0.000000 -0.000000 -1.000000
vn 0.000000 -0.000000 -1.000000
vn 0.000000 -0.000000 -1.000000
vn 0.000000 -0.000000 -1.000000
vn 0.000000 -0.000000 -1.000000
vn 0.000000 -0.000000 -1.000000
vn 0.000000 -0.000000 -1.000000
vn 0.000000 -0.000000 -1.000000
vn 0.000000 -0.000000 1.000000
vn 0.000000 -0.000000 1.000000
vn 0.000000 -0.000000 1.000000
vn 0.000000 -0.000000 1.000000
vn 0.000000 -0.000000 1.000000
vn 0.000000 -0.000000 1.000000
vn 0.000000 -0.000000 1.000000
vn 0.000000 -0.000000 1.000000
vn 0.000000 -0.000000 1.000000
vn 0.000000 -0.000000 1.000000
s off
g GRP_Fluorescent_Lights Backrooms_Level0_Master_GRP GRP_Lamp_BL Lamp_BL_Cap_2_2
usemtl M_Plastic_WallSocketSG
f 549/1245/1549 550/1246/1550 560/1257/1551 559/1256/1552
f 550/1246/1553 551/1247/1554 561/1258/1555 560/1257/1556
f 551/1247/1557 552/1248/1558 562/1259/1559 561/1258/1560
f 552/1248/1561 553/1249/1562 563/1260/1563 562/1259/1564
f 553/1249/1565 554/1250/1566 564/1261/1567 563/1260/1568
f 554/1250/1569 555/1251/1570 565/1262/1571 564/1261/1572
f 555/1251/1573 556/1252/1574 566/1263/1575 565/1262/1576
f 556/1252/1577 557/1253/1578 567/1264/1579 566/1263/1580
f 557/1253/1581 558/1254/1582 568/1265/1583 567/1264/1584
f 558/1254/1585 549/1255/1586 559/1266/1587 568/1265/1588
f 549/1235/1589 558/1244/1590 557/1243/1591 556/1242/1592 555/1241/1593 554/1240/1594 553/1239/1595 552/1238/1596 551/1237/1597 550/1236/1598
f 559/1275/1599 560/1274/1600 561/1273/1601 562/1272/1602 563/1271/1603 564/1270/1604 565/1269/1605 566/1268/1606 567/1267/1607 568/1276/1608
g default
v -195.000000 294.200000 239.000000
v -165.000000 294.200000 239.000000
v -195.000000 294.800000 239.000000
v -165.000000 294.800000 239.000000
v -195.000000 294.800000 121.000000
v -165.000000 294.800000 121.000000
v -195.000000 294.200000 121.000000
v -165.000000 294.200000 121.000000
vt 0.330000 0.000000
vt 0.663333 0.000000
vt 0.330000 0.250000
vt 0.663333 0.250000
vt 0.330000 0.500000
vt 0.663333 0.500000
vt 0.330000 0.750000
vt 0.663333 0.750000
vt 0.330000 1.000000
vt 0.663333 1.000000
vt 1.000000 0.000000
vt 1.000000 0.250000
vt 0.000000 0.000000
vt 0.000000 0.250000
vn 0.000000 0.000000 1.000000
vn 0.000000 0.000000 1.000000
vn 0.000000 0.000000 1.000000
vn 0.000000 0.000000 1.000000
vn 0.000000 1.000000 0.000000
vn 0.000000 1.000000 0.000000
vn 0.000000 1.000000 0.000000
vn 0.000000 1.000000 0.000000
vn 0.000000 0.000000 -1.000000
vn 0.000000 0.000000 -1.000000
vn 0.000000 0.000000 -1.000000
vn 0.000000 0.000000 -1.000000
vn 0.000000 -1.000000 0.000000
vn 0.000000 -1.000000 0.000000
vn 0.000000 -1.000000 0.000000
vn 0.000000 -1.000000 0.000000
vn 1.000000 0.000000 0.000000
vn 1.000000 0.000000 0.000000
vn 1.000000 0.000000 0.000000
vn 1.000000 0.000000 0.000000
vn -1.000000 0.000000 0.000000
vn -1.000000 0.000000 0.000000
vn -1.000000 0.000000 0.000000
vn -1.000000 0.000000 0.000000
s off
g GRP_Fluorescent_Lights Backrooms_Level0_Master_GRP GRP_Lamp_BL Lamp_BL_Diffuser
usemtl M_Lamp_Housing_WhiteSG
f 569/1277/1609 570/1278/1610 572/1280/1611 571/1279/1612
f 571/1279/1613 572/1280/1614 574/1282/1615 573/1281/1616
f 573/1281/1617 574/1282/1618 576/1284/1619 575/1283/1620
f 575/1283/1621 576/1284/1622 570/1286/1623 569/1285/1624
f 570/1278/1625 576/1287/1626 574/1288/1627 572/1280/1628
f 575/1289/1629 569/1277/1630 571/1279/1631 573/1290/1632
g default
v 163.046858 294.046858 241.840015
v 163.159985 294.000000 241.840015
v 163.159985 294.046858 241.953140
v 163.159985 294.159984 242.000000
v 163.046858 294.159984 241.953140
v 163.000000 294.159984 241.840015
v 196.953142 294.046858 241.840015
v 197.000000 294.159984 241.840015
v 196.953142 294.159984 241.953140
v 196.840015 294.159984 242.000000
v 196.840015 294.046858 241.953140
v 196.840015 294.000000 241.840015
v 163.046858 301.953142 241.840015
v 163.000000 301.840016 241.840015
v 163.046858 301.840016 241.953140
v 163.159985 301.840016 242.000000
v 163.159985 301.953142 241.953140
v 163.159985 302.000000 241.840015
v 196.953142 301.953142 241.840015
v 196.840015 302.000000 241.840015
v 196.840015 301.953142 241.953140
v 196.840015 301.840016 242.000000
v 196.953142 301.840016 241.953140
v 197.000000 301.840016 241.840015
v 163.046858 301.840016 118.046860
v 163.000000 301.840016 118.159985
v 163.046858 301.953142 118.159985
v 163.159985 302.000000 118.159985
v 163.159985 301.953142 118.046860
v 163.159985 301.840016 118.000000
v 196.953142 301.840016 118.046860
v 196.840015 301.840016 118.000000
v 196.840015 301.953142 118.046860
v 196.840015 302.000000 118.159985
v 196.953142 301.953142 118.159985
v 197.000000 301.840016 118.159985
v 163.046858 294.046858 118.159985
v 163.000000 294.159984 118.159985
v 163.046858 294.159984 118.046860
v 163.159985 294.159984 118.000000
v 163.159985 294.046858 118.046860
v 163.159985 294.000000 118.159985
v 196.953142 294.046858 118.159985
v 196.840015 294.000000 118.159985
v 196.840015 294.046858 118.046860
v 196.840015 294.159984 118.000000
v 196.953142 294.159984 118.046860
v 197.000000 294.159984 118.159985
vt 0.331569 0.999677
vt 0.331568 0.750323
vt 0.329574 0.005000
vt 0.000426 0.005000
vt 0.331568 0.004999
vt 0.661765 0.005000
vt 0.331569 0.999677
vt 0.661765 0.999677
vt 0.329574 0.005000
vt 0.329574 0.245000
vt 0.331568 0.004999
vt 0.331569 0.245000
vt 0.663768 0.005000
vt 0.999566 0.005000
vt 0.661765 0.999677
vt 0.661765 0.750323
vt 0.661765 0.005000
vt 0.661765 0.245000
vt 0.663768 0.005000
vt 0.663768 0.245000
vt 0.329574 0.245000
vt 0.000426 0.245000
vt 0.331568 0.250323
vt 0.331569 0.499677
vt 0.331568 0.250323
vt 0.661765 0.250323
vt 0.331569 0.245000
vt 0.661765 0.245000
vt 0.661765 0.250323
vt 0.661765 0.499677
vt 0.663768 0.245000
vt 0.999566 0.245000
vt 0.000426 0.245000
vt 0.000426 0.005000
vt 0.331568 0.504999
vt 0.331569 0.745000
vt 0.331568 0.504999
vt 0.661765 0.505000
vt 0.331569 0.499677
vt 0.661765 0.499677
vt 0.661765 0.505000
vt 0.661765 0.745000
vt 0.999566 0.245000
vt 0.999566 0.005000
vt 0.331568 0.750323
vt 0.661765 0.750323
vt 0.331569 0.745000
vt 0.661765 0.745000
vt 0.331568 0.004999
vt 0.661765 0.005000
vt 0.661765 0.245000
vt 0.331569 0.245000
vt 0.331568 0.250323
vt 0.661765 0.250323
vt 0.661765 0.499677
vt 0.331569 0.499677
vt 0.331568 0.504999
vt 0.661765 0.505000
vt 0.661765 0.745000
vt 0.331569 0.745000
vt 0.331568 0.750323
vt 0.661765 0.750323
vt 0.661765 0.999677
vt 0.331569 0.999677
vt 0.663768 0.005000
vt 0.999566 0.005000
vt 0.999566 0.245000
vt 0.663768 0.245000
vt 0.000426 0.005000
vt 0.329574 0.005000
vt 0.329574 0.245000
vt 0.000426 0.245000
vt 0.331568 0.000000
vt 0.331568 0.004999
vt 0.329574 0.005000
vt 0.663768 0.005000
vt 0.661765 0.005000
vt 0.661765 0.000000
vt 0.329574 0.245000
vt 0.331569 0.245000
vt 0.331568 0.250323
vt 0.661765 0.250323
vt 0.661765 0.245000
vt 0.663768 0.245000
vt 0.330000 0.499677
vt 0.331569 0.499677
vt 0.331568 0.504999
vt 0.661765 0.505000
vt 0.661765 0.499677
vt 0.663333 0.499677
vt 0.330000 0.745000
vt 0.331569 0.745000
vt 0.331568 0.750323
vt 0.661765 0.750323
vt 0.661765 0.745000
vt 0.663333 0.745000
vt 0.331241 0.000005
vt 0.331567 0.999426
vt 0.332760 0.000000
vt 0.332760 0.999677
vt 0.330571 0.005058
vt 0.662099 0.000005
vt 0.661766 0.999426
vt 0.662754 0.005011
vt 0.660573 0.999677
vt 0.660573 0.000000
vt 0.330000 0.250000
vt 0.330572 0.244989
vt 0.331573 0.247662
vt 0.663333 0.250000
vt 0.661764 0.247663
vt 0.662766 0.244942
vt 0.330000 0.503468
vt 0.000426 0.241292
vt 0.330000 0.499431
vt 0.000752 0.245005
vt 0.331573 0.502338
vt 0.663333 0.503468
vt 0.999566 0.241292
vt 0.661764 0.502337
vt 0.999233 0.245005
vt 0.663333 0.499431
vt 0.000753 0.004995
vt 0.330002 0.745252
vt 0.330000 0.741210
vt 0.000426 0.008708
vt 0.331573 0.747662
vt 0.663332 0.745252
vt 0.999232 0.004995
vt 0.661764 0.747653
vt 0.999566 0.008708
vt 0.663333 0.741210
vn -0.382683 -0.923880 0.000000
vn -0.382683 -0.923880 0.000000
vn -0.382683 -0.923880 0.000000
vn -0.382683 -0.923880 0.000000
vn -0.923880 -0.382682 0.000000
vn -0.923880 -0.382682 0.000000
vn -0.923880 -0.382682 0.000000
vn -0.923880 -0.382682 0.000000
vn 0.000000 -0.382693 0.923876
vn 0.000000 -0.382693 0.923876
vn 0.000000 -0.382693 0.923876
vn 0.000000 -0.382693 0.923876
vn 0.000000 -0.923879 0.382686
vn 0.000000 -0.923879 0.382686
vn 0.000000 -0.923879 0.382686
vn 0.000000 -0.923879 0.382686
vn -0.923880 0.000000 0.382682
vn -0.923880 0.000000 0.382682
vn -0.923880 0.000000 0.382682
vn -0.923880 0.000000 0.382682
vn -0.382672 0.000000 0.923884
vn -0.382672 0.000000 0.923884
vn -0.382672 0.000000 0.923884
vn -0.382672 0.000000 0.923884
vn 0.923880 -0.382682 0.000000
vn 0.923880 -0.382682 0.000000
vn 0.923880 -0.382682 0.000000
vn 0.923880 -0.382682 0.000000
vn 0.382683 -0.923880 0.000000
vn 0.382683 -0.923880 0.000000
vn 0.382683 -0.923880 0.000000
vn 0.382683 -0.923880 0.000000
vn 0.382672 0.000000 0.923884
vn 0.382672 0.000000 0.923884
vn 0.382672 0.000000 0.923884
vn 0.382672 0.000000 0.923884
vn 0.923880 0.000000 0.382682
vn 0.923880 0.000000 0.382682
vn 0.923880 0.000000 0.382682
vn 0.923880 0.000000 0.382682
vn -0.923880 0.382682 0.000000
vn -0.923880 0.382682 0.000000
vn -0.923880 0.382682 0.000000
vn -0.923880 0.382682 0.000000
vn -0.382683 0.923880 0.000000
vn -0.382683 0.923880 0.000000
vn -0.382683 0.923880 0.000000
vn -0.382683 0.923880 0.000000
vn 0.000000 0.923879 0.382686
vn 0.000000 0.923879 0.382686
vn 0.000000 0.923879 0.382686
vn 0.000000 0.923879 0.382686
vn 0.000000 0.382693 0.923876
vn 0.000000 0.382693 0.923876
vn 0.000000 0.382693 0.923876
vn 0.000000 0.382693 0.923876
vn 0.382683 0.923880 0.000000
vn 0.382683 0.923880 0.000000
vn 0.382683 0.923880 0.000000
vn 0.382683 0.923880 0.000000
vn 0.923880 0.382682 0.000000
vn 0.923880 0.382682 0.000000
vn 0.923880 0.382682 0.000000
vn 0.923880 0.382682 0.000000
vn -0.923880 0.000000 -0.382682
vn -0.923880 0.000000 -0.382682
vn -0.923880 0.000000 -0.382682
vn -0.923880 0.000000 -0.382682
vn -0.382672 0.000000 -0.923884
vn -0.382672 0.000000 -0.923884
vn -0.382672 0.000000 -0.923884
vn -0.382672 0.000000 -0.923884
vn 0.000000 0.382693 -0.923876
vn 0.000000 0.382693 -0.923876
vn 0.000000 0.382693 -0.923876
vn 0.000000 0.382693 -0.923876
vn 0.000000 0.923879 -0.382686
vn 0.000000 0.923879 -0.382686
vn 0.000000 0.923879 -0.382686
vn 0.000000 0.923879 -0.382686
vn 0.382672 0.000000 -0.923884
vn 0.382672 0.000000 -0.923884
vn 0.382672 0.000000 -0.923884
vn 0.382672 0.000000 -0.923884
vn 0.923880 0.000000 -0.382682
vn 0.923880 0.000000 -0.382682
vn 0.923880 0.000000 -0.382682
vn 0.923880 0.000000 -0.382682
vn 0.000000 -0.923879 -0.382686
vn 0.000000 -0.923879 -0.382686
vn 0.000000 -0.923879 -0.382686
vn 0.000000 -0.923879 -0.382686
vn 0.000000 -0.382693 -0.923876
vn 0.000000 -0.382693 -0.923876
vn 0.000000 -0.382693 -0.923876
vn 0.000000 -0.382693 -0.923876
vn 0.000000 0.000000 1.000000
vn 0.000000 0.000000 1.000000
vn 0.000000 0.000000 1.000000
vn 0.000000 0.000000 1.000000
vn 0.000000 1.000000 0.000000
vn 0.000000 1.000000 0.000000
vn 0.000000 1.000000 0.000000
vn 0.000000 1.000000 0.000000
vn 0.000000 0.000000 -1.000000
vn 0.000000 0.000000 -1.000000
vn 0.000000 0.000000 -1.000000
vn 0.000000 0.000000 -1.000000
vn 0.000000 -1.000000 0.000000
vn 0.000000 -1.000000 0.000000
vn 0.000000 -1.000000 0.000000
vn 0.000000 -1.000000 0.000000
vn 1.000000 0.000000 0.000000
vn 1.000000 0.000000 0.000000
vn 1.000000 0.000000 0.000000
vn 1.000000 0.000000 0.000000
vn -1.000000 0.000000 0.000000
vn -1.000000 0.000000 0.000000
vn -1.000000 0.000000 0.000000
vn -1.000000 0.000000 0.000000
vn -0.577340 -0.577355 0.577357
vn -0.577340 -0.577355 0.577357
vn -0.577340 -0.577355 0.577357
vn -0.577340 -0.577355 0.577357
vn -0.577340 -0.577355 0.577357
vn -0.577340 -0.577355 0.577357
vn 0.577341 -0.577352 0.577358
vn 0.577341 -0.577352 0.577358
vn 0.577341 -0.577352 0.577358
vn 0.577341 -0.577352 0.577358
vn 0.577341 -0.577352 0.577358
vn 0.577341 -0.577352 0.577358
vn -0.577341 0.577352 0.577358
vn -0.577341 0.577352 0.577358
vn -0.577341 0.577352 0.577358
vn -0.577341 0.577352 0.577358
vn -0.577341 0.577352 0.577358
vn -0.577341 0.577352 0.577358
vn 0.577340 0.577355 0.577357
vn 0.577340 0.577355 0.577357
vn 0.577340 0.577355 0.577357
vn 0.577340 0.577355 0.577357
vn 0.577340 0.577355 0.577357
vn 0.577340 0.577355 0.577357
vn -0.577330 0.577358 -0.577362
vn -0.577330 0.577359 -0.577362
vn -0.577330 0.577359 -0.577362
vn -0.577330 0.577359 -0.577362
vn -0.577330 0.577359 -0.577362
vn -0.577330 0.577359 -0.577362
vn 0.577350 0.577350 -0.577352
vn 0.577350 0.577350 -0.577352
vn 0.577350 0.577350 -0.577352
vn 0.577350 0.577350 -0.577352
vn 0.577350 0.577350 -0.577352
vn 0.577350 0.577350 -0.577352
vn -0.577341 -0.577352 -0.577358
vn -0.577341 -0.577352 -0.577358
vn -0.577341 -0.577352 -0.577358
vn -0.577341 -0.577352 -0.577358
vn -0.577341 -0.577352 -0.577358
vn -0.577341 -0.577352 -0.577358
vn 0.577340 -0.577355 -0.577357
vn 0.577340 -0.577355 -0.577357
vn 0.577340 -0.577355 -0.577357
vn 0.577340 -0.577355 -0.577357
vn 0.577340 -0.577355 -0.577357
vn 0.577340 -0.577355 -0.577357
s off
g GRP_Fluorescent_Lights Backrooms_Level0_Master_GRP Lamp_BR_Housing GRP_Lamp_BR
usemtl M_Lamp_Housing_WhiteSG
f 578/1297/1633 577/1388/1634 613/1414/1635 618/1351/1636
f 577/1387/1637 582/1360/1638 614/1324/1639 613/1413/1640
f 580/1301/1641 579/1389/1642 587/1396/1643 586/1340/1644
f 579/1390/1645 578/1297/1646 588/1305/1647 587/1395/1648
f 582/1360/1649 581/1391/1650 591/1398/1651 590/1361/1652
f 581/1391/1653 580/1301/1654 592/1317/1655 591/1398/1656
f 584/1309/1657 583/1392/1658 619/1419/1659 624/1334/1660
f 583/1393/1661 588/1305/1662 620/1336/1663 619/1418/1664
f 586/1340/1665 585/1394/1666 599/1402/1667 598/1318/1668
f 585/1394/1669 584/1309/1670 600/1321/1671 599/1402/1672
f 590/1361/1673 589/1397/1674 603/1406/1675 602/1362/1676
f 589/1397/1677 594/1343/1678 604/1329/1679 603/1405/1680
f 594/1343/1681 593/1399/1682 597/1401/1683 596/1344/1684
f 593/1399/1685 592/1317/1686 598/1318/1687 597/1401/1688
f 596/1344/1689 595/1400/1690 611/1412/1691 610/1330/1692
f 595/1400/1693 600/1321/1694 612/1333/1695 611/1411/1696
f 602/1362/1697 601/1404/1698 615/1416/1699 614/1324/1700
f 601/1403/1701 606/1347/1702 616/1337/1703 615/1415/1704
f 606/1347/1705 605/1407/1706 609/1410/1707 608/1348/1708
f 605/1407/1709 604/1329/1710 610/1330/1711 609/1410/1712
f 608/1348/1713 607/1408/1714 623/1422/1715 622/1338/1716
f 607/1409/1717 612/1333/1718 624/1334/1719 623/1421/1720
f 618/1351/1721 617/1417/1722 621/1420/1723 620/1336/1724
f 617/1417/1725 616/1337/1726 622/1338/1727 621/1420/1728
f 580/1301/1729 586/1340/1730 598/1318/1731 592/1317/1732
f 594/1343/1733 596/1344/1734 610/1330/1735 604/1329/1736
f 606/1347/1737 608/1348/1738 622/1338/1739 616/1337/1740
f 618/1351/1741 620/1336/1742 588/1305/1743 578/1297/1744
f 584/1309/1745 624/1334/1746 612/1333/1747 600/1321/1748
f 614/1324/1749 582/1360/1750 590/1361/1751 602/1362/1752
f 577/1387/1753 578/1363/1754 579/1389/1755 580/1301/1756 581/1391/1757 582/1360/1758
f 583/1392/1759 584/1309/1760 585/1394/1761 586/1340/1762 587/1396/1763 588/1368/1764
f 589/1397/1765 590/1361/1766 591/1398/1767 592/1317/1768 593/1399/1769 594/1343/1770
f 595/1400/1771 596/1344/1772 597/1401/1773 598/1318/1774 599/1402/1775 600/1321/1776
f 601/1403/1777 602/1375/1778 603/1405/1779 604/1329/1780 605/1407/1781 606/1347/1782
f 607/1408/1783 608/1348/1784 609/1410/1785 610/1330/1786 611/1412/1787 612/1380/1788
f 613/1414/1789 614/1381/1790 615/1415/1791 616/1337/1792 617/1417/1793 618/1351/1794
f 619/1418/1795 620/1336/1796 621/1420/1797 622/1338/1798 623/1422/1799 624/1386/1800
g default
v 174.671260 296.764048 124.000000
v 174.310537 297.216381 124.000000
v 173.789277 297.467406 124.000000
v 173.210723 297.467406 124.000000
v 172.689464 297.216381 124.000000
v 172.328741 296.764049 124.000000
v 172.200000 296.200000 124.000000
v 172.328741 295.635951 124.000000
v 172.689463 295.183619 124.000000
v 173.210723 294.932594 124.000000
v 173.789277 294.932594 124.000000
v 174.310537 295.183619 124.000000
v 174.671259 295.635951 124.000000
v 174.800000 296.200000 124.000000
v 174.671260 296.764048 236.000000
v 174.310537 297.216381 236.000000
v 173.789277 297.467406 236.000000
v 173.210723 297.467406 236.000000
v 172.689464 297.216381 236.000000
v 172.328741 296.764049 236.000000
v 172.200000 296.200000 236.000000
v 172.328741 295.635951 236.000000
v 172.689463 295.183619 236.000000
v 173.210723 294.932594 236.000000
v 173.789277 294.932594 236.000000
v 174.310537 295.183619 236.000000
v 174.671259 295.635951 236.000000
v 174.800000 296.200000 236.000000
vt 0.952364 0.070765
vt 0.813625 0.027271
vt 0.613140 0.003134
vt 0.390619 0.003134
vt 0.190135 0.027271
vt 0.051395 0.070765
vt 0.001880 0.125000
vt 0.051395 0.179235
vt 0.190135 0.222729
vt 0.390619 0.246866
vt 0.613140 0.246866
vt 0.813625 0.222729
vt 0.952364 0.179235
vt 1.001880 0.125000
vt 0.000000 0.250000
vt 0.071429 0.250000
vt 0.142857 0.250000
vt 0.214286 0.250000
vt 0.285714 0.250000
vt 0.357143 0.250000
vt 0.428571 0.250000
vt 0.500000 0.250000
vt 0.571429 0.250000
vt 0.642857 0.250000
vt 0.714286 0.250000
vt 0.785714 0.250000
vt 0.857143 0.250000
vt 0.928572 0.250000
vt 1.000000 0.250000
vt 0.000000 0.750000
vt 0.071429 0.750000
vt 0.142857 0.750000
vt 0.214286 0.750000
vt 0.285714 0.750000
vt 0.357143 0.750000
vt 0.428571 0.750000
vt 0.500000 0.750000
vt 0.571429 0.750000
vt 0.642857 0.750000
vt 0.714286 0.750000
vt 0.785714 0.750000
vt 0.857143 0.750000
vt 0.928572 0.750000
vt 1.000000 0.750000
vt 0.952364 0.820765
vt 0.813625 0.777271
vt 0.613140 0.753134
vt 0.390619 0.753134
vt 0.190135 0.777271
vt 0.051395 0.820765
vt 0.001880 0.875000
vt 0.051395 0.929235
vt 0.190135 0.972729
vt 0.390619 0.996866
vt 0.613140 0.996866
vt 0.813625 0.972729
vt 0.952364 0.929235
vt 1.001880 0.875000
vn 0.900969 0.433884 0.000000
vn 0.623490 0.781831 0.000000
vn 0.623490 0.781831 0.000000
vn 0.900969 0.433884 0.000000
vn 0.222521 0.974928 0.000000
vn 0.222521 0.974928 0.000000
vn -0.222521 0.974928 0.000000
vn -0.222521 0.974928 0.000000
vn -0.623490 0.781832 0.000000
vn -0.623490 0.781832 0.000000
vn -0.900969 0.433884 0.000000
vn -0.900969 0.433884 0.000000
vn -1.000000 0.000000 0.000000
vn -1.000000 0.000000 0.000000
vn -0.900969 -0.433884 0.000000
vn -0.900969 -0.433884 0.000000
vn -0.623490 -0.781831 0.000000
vn -0.623490 -0.781831 0.000000
vn -0.222521 -0.974928 0.000000
vn -0.222521 -0.974928 0.000000
vn 0.222521 -0.974928 0.000000
vn 0.222521 -0.974928 0.000000
vn 0.623490 -0.781832 0.000000
vn 0.623490 -0.781832 0.000000
vn 0.900969 -0.433884 0.000000
vn 0.900969 -0.433884 0.000000
vn 1.000000 -0.000000 0.000000
vn 1.000000 -0.000000 0.000000
vn 0.000000 -0.000002 -1.000000
vn 0.000000 -0.000002 -1.000000
vn 0.000000 -0.000002 -1.000000
vn 0.000000 -0.000002 -1.000000
vn 0.000000 -0.000002 -1.000000
vn 0.000000 -0.000002 -1.000000
vn 0.000000 -0.000002 -1.000000
vn 0.000000 -0.000002 -1.000000
vn 0.000000 -0.000002 -1.000000
vn 0.000000 -0.000002 -1.000000
vn 0.000000 -0.000002 -1.000000
vn 0.000000 -0.000002 -1.000000
vn 0.000000 -0.000002 -1.000000
vn 0.000000 -0.000002 -1.000000
vn 0.000000 0.000001 1.000000
vn 0.000000 0.000001 1.000000
vn 0.000000 0.000001 1.000000
vn 0.000000 0.000001 1.000000
vn 0.000000 0.000001 1.000000
vn 0.000000 0.000001 1.000000
vn 0.000000 0.000001 1.000000
vn 0.000000 0.000001 1.000000
vn 0.000000 0.000001 1.000000
vn 0.000000 0.000001 1.000000
vn 0.000000 0.000001 1.000000
vn 0.000000 0.000001 1.000000
vn 0.000000 0.000001 1.000000
vn 0.000000 0.000001 1.000000
s 1
g GRP_Fluorescent_Lights Backrooms_Level0_Master_GRP GRP_Lamp_BR Lamp_BR_Tube_1
usemtl M_Fluorescent_Tube_GlowSG
f 625/1437/1801 626/1438/1802 640/1453/1803 639/1452/1804
f 626/1438/1802 627/1439/1805 641/1454/1806 640/1453/1803
f 627/1439/1805 628/1440/1807 642/1455/1808 641/1454/1806
f 628/1440/1807 629/1441/1809 643/1456/1810 642/1455/1808
f 629/1441/1809 630/1442/1811 644/1457/1812 643/1456/1810
f 630/1442/1811 631/1443/1813 645/1458/1814 644/1457/1812
f 631/1443/1813 632/1444/1815 646/1459/1816 645/1458/1814
f 632/1444/1815 633/1445/1817 647/1460/1818 646/1459/1816
f 633/1445/1817 634/1446/1819 648/1461/1820 647/1460/1818
f 634/1446/1819 635/1447/1821 649/1462/1822 648/1461/1820
f 635/1447/1821 636/1448/1823 650/1463/1824 649/1462/1822
f 636/1448/1823 637/1449/1825 651/1464/1826 650/1463/1824
f 637/1449/1825 638/1450/1827 652/1465/1828 651/1464/1826
f 638/1450/1827 625/1451/1801 639/1466/1804 652/1465/1828
s off
f 625/1423/1829 638/1436/1830 637/1435/1831 636/1434/1832 635/1433/1833 634/1432/1834 633/1431/1835 632/1430/1836 631/1429/1837 630/1428/1838 629/1427/1839 628/1426/1840 627/1425/1841 626/1424/1842
f 639/1479/1843 640/1478/1844 641/1477/1845 642/1476/1846 643/1475/1847 644/1474/1848 645/1473/1849 646/1472/1850 647/1471/1851 648/1470/1852 649/1469/1853 650/1468/1854 651/1467/1855 652/1480/1856
g default
v 174.794427 297.140457 121.500000
v 173.994427 297.721691 121.500000
v 173.005573 297.721691 121.500000
v 172.205572 297.140456 121.500000
v 171.900000 296.200000 121.500000
v 172.205573 295.259543 121.500000
v 173.005573 294.678309 121.500000
v 173.994427 294.678310 121.500000
v 174.794427 295.259544 121.500000
v 175.100000 296.200000 121.500000
v 174.794427 297.140457 124.500000
v 173.994427 297.721691 124.500000
v 173.005573 297.721691 124.500000
v 172.205572 297.140456 124.500000
v 171.900000 296.200000 124.500000
v 172.205573 295.259543 124.500000
v 173.005573 294.678309 124.500000
v 173.994427 294.678310 124.500000
v 174.794427 295.259544 124.500000
v 175.100000 296.200000 124.500000
vt 0.906388 0.051527
vt 0.656388 0.006118
vt 0.347371 0.006118
vt 0.097371 0.051527
vt 0.001880 0.125000
vt 0.097371 0.198473
vt 0.347371 0.243882
vt 0.656388 0.243882
vt 0.906388 0.198473
vt 1.001880 0.125000
vt 0.000000 0.250000
vt 0.100000 0.250000
vt 0.200000 0.250000
vt 0.300000 0.250000
vt 0.400000 0.250000
vt 0.500000 0.250000
vt 0.600000 0.250000
vt 0.700000 0.250000
vt 0.800000 0.250000
vt 0.900000 0.250000
vt 1.000000 0.250000
vt 0.000000 0.750000
vt 0.100000 0.750000
vt 0.200000 0.750000
vt 0.300000 0.750000
vt 0.400000 0.750000
vt 0.500000 0.750000
vt 0.600000 0.750000
vt 0.700000 0.750000
vt 0.800000 0.750000
vt 0.900000 0.750000
vt 1.000000 0.750000
vt 0.906388 0.801527
vt 0.656388 0.756118
vt 0.347371 0.756118
vt 0.097371 0.801527
vt 0.001880 0.875000
vt 0.097371 0.948473
vt 0.347371 0.993882
vt 0.656388 0.993882
vt 0.906388 0.948473
vt 1.001880 0.875000
vn 0.587785 0.809017 0.000000
vn 0.587785 0.809017 0.000000
vn 0.587785 0.809017 0.000000
vn 0.587785 0.809017 0.000000
vn 0.000000 1.000000 0.000000
vn 0.000000 1.000000 0.000000
vn 0.000000 1.000000 0.000000
vn 0.000000 1.000000 0.000000
vn -0.587785 0.809017 0.000000
vn -0.587785 0.809017 0.000000
vn -0.587785 0.809017 0.000000
vn -0.587785 0.809017 0.000000
vn -0.951057 0.309017 0.000000
vn -0.951057 0.309017 0.000000
vn -0.951057 0.309017 0.000000
vn -0.951057 0.309017 0.000000
vn -0.951056 -0.309017 0.000000
vn -0.951056 -0.309017 0.000000
vn -0.951056 -0.309017 0.000000
vn -0.951056 -0.309017 0.000000
vn -0.587785 -0.809017 0.000000
vn -0.587785 -0.809017 0.000000
vn -0.587785 -0.809017 0.000000
vn -0.587785 -0.809017 0.000000
vn 0.000000 -1.000000 0.000000
vn 0.000000 -1.000000 0.000000
vn 0.000000 -1.000000 0.000000
vn 0.000000 -1.000000 0.000000
vn 0.587785 -0.809017 0.000000
vn 0.587785 -0.809017 0.000000
vn 0.587785 -0.809017 0.000000
vn 0.587785 -0.809017 0.000000
vn 0.951057 -0.309017 0.000000
vn 0.951057 -0.309017 0.000000
vn 0.951057 -0.309017 0.000000
vn 0.951057 -0.309017 0.000000
vn 0.951057 0.309017 0.000000
vn 0.951057 0.309017 0.000000
vn 0.951057 0.309017 0.000000
vn 0.951057 0.309017 0.000000
vn 0.000000 -0.000000 -1.000000
vn 0.000000 -0.000000 -1.000000
vn 0.000000 -0.000000 -1.000000
vn 0.000000 -0.000000 -1.000000
vn 0.000000 -0.000000 -1.000000
vn 0.000000 -0.000000 -1.000000
vn 0.000000 -0.000000 -1.000000
vn 0.000000 -0.000000 -1.000000
vn 0.000000 -0.000000 -1.000000
vn 0.000000 -0.000000 -1.000000
vn 0.000000 -0.000000 1.000000
vn 0.000000 -0.000000 1.000000
vn 0.000000 -0.000000 1.000000
vn 0.000000 -0.000000 1.000000
vn 0.000000 -0.000000 1.000000
vn 0.000000 -0.000000 1.000000
vn 0.000000 -0.000000 1.000000
vn 0.000000 -0.000000 1.000000
vn 0.000000 -0.000000 1.000000
vn 0.000000 -0.000000 1.000000
s off
g GRP_Fluorescent_Lights Backrooms_Level0_Master_GRP GRP_Lamp_BR Lamp_BR_Cap_1_1
usemtl M_Plastic_WallSocketSG
f 653/1491/1857 654/1492/1858 664/1503/1859 663/1502/1860
f 654/1492/1861 655/1493/1862 665/1504/1863 664/1503/1864
f 655/1493/1865 656/1494/1866 666/1505/1867 665/1504/1868
f 656/1494/1869 657/1495/1870 667/1506/1871 666/1505/1872
f 657/1495/1873 658/1496/1874 668/1507/1875 667/1506/1876
f 658/1496/1877 659/1497/1878 669/1508/1879 668/1507/1880
f 659/1497/1881 660/1498/1882 670/1509/1883 669/1508/1884
f 660/1498/1885 661/1499/1886 671/1510/1887 670/1509/1888
f 661/1499/1889 662/1500/1890 672/1511/1891 671/1510/1892
f 662/1500/1893 653/1501/1894 663/1512/1895 672/1511/1896
f 653/1481/1897 662/1490/1898 661/1489/1899 660/1488/1900 659/1487/1901 658/1486/1902 657/1485/1903 656/1484/1904 655/1483/1905 654/1482/1906
f 663/1521/1907 664/1520/1908 665/1519/1909 666/1518/1910 667/1517/1911 668/1516/1912 669/1515/1913 670/1514/1914 671/1513/1915 672/1522/1916
g default
v 174.794427 297.140457 235.500000
v 173.994427 297.721691 235.500000
v 173.005573 297.721691 235.500000
v 172.205572 297.140456 235.500000
v 171.900000 296.200000 235.500000
v 172.205573 295.259543 235.500000
v 173.005573 294.678309 235.500000
v 173.994427 294.678310 235.500000
v 174.794427 295.259544 235.500000
v 175.100000 296.200000 235.500000
v 174.794427 297.140457 238.500000
v 173.994427 297.721691 238.500000
v 173.005573 297.721691 238.500000
v 172.205572 297.140456 238.500000
v 171.900000 296.200000 238.500000
v 172.205573 295.259543 238.500000
v 173.005573 294.678309 238.500000
v 173.994427 294.678310 238.500000
v 174.794427 295.259544 238.500000
v 175.100000 296.200000 238.500000
vt 0.906388 0.051527
vt 0.656388 0.006118
vt 0.347371 0.006118
vt 0.097371 0.051527
vt 0.001880 0.125000
vt 0.097371 0.198473
vt 0.347371 0.243882
vt 0.656388 0.243882
vt 0.906388 0.198473
vt 1.001880 0.125000
vt 0.000000 0.250000
vt 0.100000 0.250000
vt 0.200000 0.250000
vt 0.300000 0.250000
vt 0.400000 0.250000
vt 0.500000 0.250000
vt 0.600000 0.250000
vt 0.700000 0.250000
vt 0.800000 0.250000
vt 0.900000 0.250000
vt 1.000000 0.250000
vt 0.000000 0.750000
vt 0.100000 0.750000
vt 0.200000 0.750000
vt 0.300000 0.750000
vt 0.400000 0.750000
vt 0.500000 0.750000
vt 0.600000 0.750000
vt 0.700000 0.750000
vt 0.800000 0.750000
vt 0.900000 0.750000
vt 1.000000 0.750000
vt 0.906388 0.801527
vt 0.656388 0.756118
vt 0.347371 0.756118
vt 0.097371 0.801527
vt 0.001880 0.875000
vt 0.097371 0.948473
vt 0.347371 0.993882
vt 0.656388 0.993882
vt 0.906388 0.948473
vt 1.001880 0.875000
vn 0.587785 0.809017 0.000000
vn 0.587785 0.809017 0.000000
vn 0.587785 0.809017 0.000000
vn 0.587785 0.809017 0.000000
vn 0.000000 1.000000 0.000000
vn 0.000000 1.000000 0.000000
vn 0.000000 1.000000 0.000000
vn 0.000000 1.000000 0.000000
vn -0.587785 0.809017 0.000000
vn -0.587785 0.809017 0.000000
vn -0.587785 0.809017 0.000000
vn -0.587785 0.809017 0.000000
vn -0.951057 0.309017 0.000000
vn -0.951057 0.309017 0.000000
vn -0.951057 0.309017 0.000000
vn -0.951057 0.309017 0.000000
vn -0.951056 -0.309017 0.000000
vn -0.951056 -0.309017 0.000000
vn -0.951056 -0.309017 0.000000
vn -0.951056 -0.309017 0.000000
vn -0.587785 -0.809017 0.000000
vn -0.587785 -0.809017 0.000000
vn -0.587785 -0.809017 0.000000
vn -0.587785 -0.809017 0.000000
vn 0.000000 -1.000000 0.000000
vn 0.000000 -1.000000 0.000000
vn 0.000000 -1.000000 0.000000
vn 0.000000 -1.000000 0.000000
vn 0.587785 -0.809017 0.000000
vn 0.587785 -0.809017 0.000000
vn 0.587785 -0.809017 0.000000
vn 0.587785 -0.809017 0.000000
vn 0.951057 -0.309017 0.000000
vn 0.951057 -0.309017 0.000000
vn 0.951057 -0.309017 0.000000
vn 0.951057 -0.309017 0.000000
vn 0.951057 0.309017 0.000000
vn 0.951057 0.309017 0.000000
vn 0.951057 0.309017 0.000000
vn 0.951057 0.309017 0.000000
vn 0.000000 -0.000000 -1.000000
vn 0.000000 -0.000000 -1.000000
vn 0.000000 -0.000000 -1.000000
vn 0.000000 -0.000000 -1.000000
vn 0.000000 -0.000000 -1.000000
vn 0.000000 -0.000000 -1.000000
vn 0.000000 -0.000000 -1.000000
vn 0.000000 -0.000000 -1.000000
vn 0.000000 -0.000000 -1.000000
vn 0.000000 -0.000000 -1.000000
vn 0.000000 -0.000000 1.000000
vn 0.000000 -0.000000 1.000000
vn 0.000000 -0.000000 1.000000
vn 0.000000 -0.000000 1.000000
vn 0.000000 -0.000000 1.000000
vn 0.000000 -0.000000 1.000000
vn 0.000000 -0.000000 1.000000
vn 0.000000 -0.000000 1.000000
vn 0.000000 -0.000000 1.000000
vn 0.000000 -0.000000 1.000000
s off
g GRP_Fluorescent_Lights Backrooms_Level0_Master_GRP GRP_Lamp_BR Lamp_BR_Cap_1_2
usemtl M_Plastic_WallSocketSG
f 673/1533/1917 674/1534/1918 684/1545/1919 683/1544/1920
f 674/1534/1921 675/1535/1922 685/1546/1923 684/1545/1924
f 675/1535/1925 676/1536/1926 686/1547/1927 685/1546/1928
f 676/1536/1929 677/1537/1930 687/1548/1931 686/1547/1932
f 677/1537/1933 678/1538/1934 688/1549/1935 687/1548/1936
f 678/1538/1937 679/1539/1938 689/1550/1939 688/1549/1940
f 679/1539/1941 680/1540/1942 690/1551/1943 689/1550/1944
f 680/1540/1945 681/1541/1946 691/1552/1947 690/1551/1948
f 681/1541/1949 682/1542/1950 692/1553/1951 691/1552/1952
f 682/1542/1953 673/1543/1954 683/1554/1955 692/1553/1956
f 673/1523/1957 682/1532/1958 681/1531/1959 680/1530/1960 679/1529/1961 678/1528/1962 677/1527/1963 676/1526/1964 675/1525/1965 674/1524/1966
f 683/1563/1967 684/1562/1968 685/1561/1969 686/1560/1970 687/1559/1971 688/1558/1972 689/1557/1973 690/1556/1974 691/1555/1975 692/1564/1976
g default
v 187.671260 296.764048 124.000000
v 187.310537 297.216381 124.000000
v 186.789277 297.467406 124.000000
v 186.210723 297.467406 124.000000
v 185.689464 297.216381 124.000000
v 185.328741 296.764049 124.000000
v 185.200000 296.200000 124.000000
v 185.328741 295.635951 124.000000
v 185.689463 295.183619 124.000000
v 186.210723 294.932594 124.000000
v 186.789277 294.932594 124.000000
v 187.310537 295.183619 124.000000
v 187.671259 295.635951 124.000000
v 187.800000 296.200000 124.000000
v 187.671260 296.764048 236.000000
v 187.310537 297.216381 236.000000
v 186.789277 297.467406 236.000000
v 186.210723 297.467406 236.000000
v 185.689464 297.216381 236.000000
v 185.328741 296.764049 236.000000
v 185.200000 296.200000 236.000000
v 185.328741 295.635951 236.000000
v 185.689463 295.183619 236.000000
v 186.210723 294.932594 236.000000
v 186.789277 294.932594 236.000000
v 187.310537 295.183619 236.000000
v 187.671259 295.635951 236.000000
v 187.800000 296.200000 236.000000
vt 0.952364 0.070765
vt 0.813625 0.027271
vt 0.613140 0.003134
vt 0.390619 0.003134
vt 0.190135 0.027271
vt 0.051395 0.070765
vt 0.001880 0.125000
vt 0.051395 0.179235
vt 0.190135 0.222729
vt 0.390619 0.246866
vt 0.613140 0.246866
vt 0.813625 0.222729
vt 0.952364 0.179235
vt 1.001880 0.125000
vt 0.000000 0.250000
vt 0.071429 0.250000
vt 0.142857 0.250000
vt 0.214286 0.250000
vt 0.285714 0.250000
vt 0.357143 0.250000
vt 0.428571 0.250000
vt 0.500000 0.250000
vt 0.571429 0.250000
vt 0.642857 0.250000
vt 0.714286 0.250000
vt 0.785714 0.250000
vt 0.857143 0.250000
vt 0.928572 0.250000
vt 1.000000 0.250000
vt 0.000000 0.750000
vt 0.071429 0.750000
vt 0.142857 0.750000
vt 0.214286 0.750000
vt 0.285714 0.750000
vt 0.357143 0.750000
vt 0.428571 0.750000
vt 0.500000 0.750000
vt 0.571429 0.750000
vt 0.642857 0.750000
vt 0.714286 0.750000
vt 0.785714 0.750000
vt 0.857143 0.750000
vt 0.928572 0.750000
vt 1.000000 0.750000
vt 0.952364 0.820765
vt 0.813625 0.777271
vt 0.613140 0.753134
vt 0.390619 0.753134
vt 0.190135 0.777271
vt 0.051395 0.820765
vt 0.001880 0.875000
vt 0.051395 0.929235
vt 0.190135 0.972729
vt 0.390619 0.996866
vt 0.613140 0.996866
vt 0.813625 0.972729
vt 0.952364 0.929235
vt 1.001880 0.875000
vn 0.900969 0.433884 0.000000
vn 0.623490 0.781831 0.000000
vn 0.623490 0.781831 0.000000
vn 0.900969 0.433884 0.000000
vn 0.222521 0.974928 0.000000
vn 0.222521 0.974928 0.000000
vn -0.222521 0.974928 0.000000
vn -0.222521 0.974928 0.000000
vn -0.623490 0.781832 0.000000
vn -0.623490 0.781832 0.000000
vn -0.900969 0.433884 0.000000
vn -0.900969 0.433884 0.000000
vn -1.000000 0.000000 0.000000
vn -1.000000 0.000000 0.000000
vn -0.900969 -0.433884 0.000000
vn -0.900969 -0.433884 0.000000
vn -0.623490 -0.781831 0.000000
vn -0.623490 -0.781831 0.000000
vn -0.222521 -0.974928 0.000000
vn -0.222521 -0.974928 0.000000
vn 0.222521 -0.974928 0.000000
vn 0.222521 -0.974928 0.000000
vn 0.623490 -0.781832 0.000000
vn 0.623490 -0.781832 0.000000
vn 0.900969 -0.433884 0.000000
vn 0.900969 -0.433884 0.000000
vn 1.000000 -0.000000 0.000000
vn 1.000000 -0.000000 0.000000
vn 0.000000 -0.000002 -1.000000
vn 0.000000 -0.000002 -1.000000
vn 0.000000 -0.000002 -1.000000
vn 0.000000 -0.000002 -1.000000
vn 0.000000 -0.000002 -1.000000
vn 0.000000 -0.000002 -1.000000
vn 0.000000 -0.000002 -1.000000
vn 0.000000 -0.000002 -1.000000
vn 0.000000 -0.000002 -1.000000
vn 0.000000 -0.000002 -1.000000
vn 0.000000 -0.000002 -1.000000
vn 0.000000 -0.000002 -1.000000
vn 0.000000 -0.000002 -1.000000
vn 0.000000 -0.000002 -1.000000
vn 0.000000 0.000001 1.000000
vn 0.000000 0.000001 1.000000
vn 0.000000 0.000001 1.000000
vn 0.000000 0.000001 1.000000
vn 0.000000 0.000001 1.000000
vn 0.000000 0.000001 1.000000
vn 0.000000 0.000001 1.000000
vn 0.000000 0.000001 1.000000
vn 0.000000 0.000001 1.000000
vn 0.000000 0.000001 1.000000
vn 0.000000 0.000001 1.000000
vn 0.000000 0.000001 1.000000
vn 0.000000 0.000001 1.000000
vn 0.000000 0.000001 1.000000
s 1
g GRP_Fluorescent_Lights Backrooms_Level0_Master_GRP GRP_Lamp_BR Lamp_BR_Tube_2
usemtl M_Fluorescent_Tube_GlowSG
f 693/1579/1977 694/1580/1978 708/1595/1979 707/1594/1980
f 694/1580/1978 695/1581/1981 709/1596/1982 708/1595/1979
f 695/1581/1981 696/1582/1983 710/1597/1984 709/1596/1982
f 696/1582/1983 697/1583/1985 711/1598/1986 710/1597/1984
f 697/1583/1985 698/1584/1987 712/1599/1988 711/1598/1986
f 698/1584/1987 699/1585/1989 713/1600/1990 712/1599/1988
f 699/1585/1989 700/1586/1991 714/1601/1992 713/1600/1990
f 700/1586/1991 701/1587/1993 715/1602/1994 714/1601/1992
f 701/1587/1993 702/1588/1995 716/1603/1996 715/1602/1994
f 702/1588/1995 703/1589/1997 717/1604/1998 716/1603/1996
f 703/1589/1997 704/1590/1999 718/1605/2000 717/1604/1998
f 704/1590/1999 705/1591/2001 719/1606/2002 718/1605/2000
f 705/1591/2001 706/1592/2003 720/1607/2004 719/1606/2002
f 706/1592/2003 693/1593/1977 707/1608/1980 720/1607/2004
s off
f 693/1565/2005 706/1578/2006 705/1577/2007 704/1576/2008 703/1575/2009 702/1574/2010 701/1573/2011 700/1572/2012 699/1571/2013 698/1570/2014 697/1569/2015 696/1568/2016 695/1567/2017 694/1566/2018
f 707/1621/2019 708/1620/2020 709/1619/2021 710/1618/2022 711/1617/2023 712/1616/2024 713/1615/2025 714/1614/2026 715/1613/2027 716/1612/2028 717/1611/2029 718/1610/2030 719/1609/2031 720/1622/2032
g default
v 187.794427 297.140457 121.500000
v 186.994427 297.721691 121.500000
v 186.005573 297.721691 121.500000
v 185.205572 297.140456 121.500000
v 184.900000 296.200000 121.500000
v 185.205573 295.259543 121.500000
v 186.005573 294.678309 121.500000
v 186.994427 294.678310 121.500000
v 187.794427 295.259544 121.500000
v 188.100000 296.200000 121.500000
v 187.794427 297.140457 124.500000
v 186.994427 297.721691 124.500000
v 186.005573 297.721691 124.500000
v 185.205572 297.140456 124.500000
v 184.900000 296.200000 124.500000
v 185.205573 295.259543 124.500000
v 186.005573 294.678309 124.500000
v 186.994427 294.678310 124.500000
v 187.794427 295.259544 124.500000
v 188.100000 296.200000 124.500000
vt 0.906388 0.051527
vt 0.656388 0.006118
vt 0.347371 0.006118
vt 0.097371 0.051527
vt 0.001880 0.125000
vt 0.097371 0.198473
vt 0.347371 0.243882
vt 0.656388 0.243882
vt 0.906388 0.198473
vt 1.001880 0.125000
vt 0.000000 0.250000
vt 0.100000 0.250000
vt 0.200000 0.250000
vt 0.300000 0.250000
vt 0.400000 0.250000
vt 0.500000 0.250000
vt 0.600000 0.250000
vt 0.700000 0.250000
vt 0.800000 0.250000
vt 0.900000 0.250000
vt 1.000000 0.250000
vt 0.000000 0.750000
vt 0.100000 0.750000
vt 0.200000 0.750000
vt 0.300000 0.750000
vt 0.400000 0.750000
vt 0.500000 0.750000
vt 0.600000 0.750000
vt 0.700000 0.750000
vt 0.800000 0.750000
vt 0.900000 0.750000
vt 1.000000 0.750000
vt 0.906388 0.801527
vt 0.656388 0.756118
vt 0.347371 0.756118
vt 0.097371 0.801527
vt 0.001880 0.875000
vt 0.097371 0.948473
vt 0.347371 0.993882
vt 0.656388 0.993882
vt 0.906388 0.948473
vt 1.001880 0.875000
vn 0.587785 0.809017 0.000000
vn 0.587785 0.809017 0.000000
vn 0.587785 0.809017 0.000000
vn 0.587785 0.809017 0.000000
vn 0.000000 1.000000 0.000000
vn 0.000000 1.000000 0.000000
vn 0.000000 1.000000 0.000000
vn 0.000000 1.000000 0.000000
vn -0.587785 0.809017 0.000000
vn -0.587785 0.809017 0.000000
vn -0.587785 0.809017 0.000000
vn -0.587785 0.809017 0.000000
vn -0.951057 0.309017 0.000000
vn -0.951057 0.309017 0.000000
vn -0.951057 0.309017 0.000000
vn -0.951057 0.309017 0.000000
vn -0.951056 -0.309017 0.000000
vn -0.951056 -0.309017 0.000000
vn -0.951056 -0.309017 0.000000
vn -0.951056 -0.309017 0.000000
vn -0.587785 -0.809017 0.000000
vn -0.587785 -0.809017 0.000000
vn -0.587785 -0.809017 0.000000
vn -0.587785 -0.809017 0.000000
vn 0.000000 -1.000000 0.000000
vn 0.000000 -1.000000 0.000000
vn 0.000000 -1.000000 0.000000
vn 0.000000 -1.000000 0.000000
vn 0.587785 -0.809017 0.000000
vn 0.587785 -0.809017 0.000000
vn 0.587785 -0.809017 0.000000
vn 0.587785 -0.809017 0.000000
vn 0.951057 -0.309017 0.000000
vn 0.951057 -0.309017 0.000000
vn 0.951057 -0.309017 0.000000
vn 0.951057 -0.309017 0.000000
vn 0.951057 0.309017 0.000000
vn 0.951057 0.309017 0.000000
vn 0.951057 0.309017 0.000000
vn 0.951057 0.309017 0.000000
vn 0.000000 -0.000000 -1.000000
vn 0.000000 -0.000000 -1.000000
vn 0.000000 -0.000000 -1.000000
vn 0.000000 -0.000000 -1.000000
vn 0.000000 -0.000000 -1.000000
vn 0.000000 -0.000000 -1.000000
vn 0.000000 -0.000000 -1.000000
vn 0.000000 -0.000000 -1.000000
vn 0.000000 -0.000000 -1.000000
vn 0.000000 -0.000000 -1.000000
vn 0.000000 -0.000000 1.000000
vn 0.000000 -0.000000 1.000000
vn 0.000000 -0.000000 1.000000
vn 0.000000 -0.000000 1.000000
vn 0.000000 -0.000000 1.000000
vn 0.000000 -0.000000 1.000000
vn 0.000000 -0.000000 1.000000
vn 0.000000 -0.000000 1.000000
vn 0.000000 -0.000000 1.000000
vn 0.000000 -0.000000 1.000000
s off
g GRP_Fluorescent_Lights Backrooms_Level0_Master_GRP GRP_Lamp_BR Lamp_BR_Cap_2_1
usemtl M_Plastic_WallSocketSG
f 721/1633/2033 722/1634/2034 732/1645/2035 731/1644/2036
f 722/1634/2037 723/1635/2038 733/1646/2039 732/1645/2040
f 723/1635/2041 724/1636/2042 734/1647/2043 733/1646/2044
f 724/1636/2045 725/1637/2046 735/1648/2047 734/1647/2048
f 725/1637/2049 726/1638/2050 736/1649/2051 735/1648/2052
f 726/1638/2053 727/1639/2054 737/1650/2055 736/1649/2056
f 727/1639/2057 728/1640/2058 738/1651/2059 737/1650/2060
f 728/1640/2061 729/1641/2062 739/1652/2063 738/1651/2064
f 729/1641/2065 730/1642/2066 740/1653/2067 739/1652/2068
f 730/1642/2069 721/1643/2070 731/1654/2071 740/1653/2072
f 721/1623/2073 730/1632/2074 729/1631/2075 728/1630/2076 727/1629/2077 726/1628/2078 725/1627/2079 724/1626/2080 723/1625/2081 722/1624/2082
f 731/1663/2083 732/1662/2084 733/1661/2085 734/1660/2086 735/1659/2087 736/1658/2088 737/1657/2089 738/1656/2090 739/1655/2091 740/1664/2092
g default
v 187.794427 297.140457 235.500000
v 186.994427 297.721691 235.500000
v 186.005573 297.721691 235.500000
v 185.205572 297.140456 235.500000
v 184.900000 296.200000 235.500000
v 185.205573 295.259543 235.500000
v 186.005573 294.678309 235.500000
v 186.994427 294.678310 235.500000
v 187.794427 295.259544 235.500000
v 188.100000 296.200000 235.500000
v 187.794427 297.140457 238.500000
v 186.994427 297.721691 238.500000
v 186.005573 297.721691 238.500000
v 185.205572 297.140456 238.500000
v 184.900000 296.200000 238.500000
v 185.205573 295.259543 238.500000
v 186.005573 294.678309 238.500000
v 186.994427 294.678310 238.500000
v 187.794427 295.259544 238.500000
v 188.100000 296.200000 238.500000
vt 0.906388 0.051527
vt 0.656388 0.006118
vt 0.347371 0.006118
vt 0.097371 0.051527
vt 0.001880 0.125000
vt 0.097371 0.198473
vt 0.347371 0.243882
vt 0.656388 0.243882
vt 0.906388 0.198473
vt 1.001880 0.125000
vt 0.000000 0.250000
vt 0.100000 0.250000
vt 0.200000 0.250000
vt 0.300000 0.250000
vt 0.400000 0.250000
vt 0.500000 0.250000
vt 0.600000 0.250000
vt 0.700000 0.250000
vt 0.800000 0.250000
vt 0.900000 0.250000
vt 1.000000 0.250000
vt 0.000000 0.750000
vt 0.100000 0.750000
vt 0.200000 0.750000
vt 0.300000 0.750000
vt 0.400000 0.750000
vt 0.500000 0.750000
vt 0.600000 0.750000
vt 0.700000 0.750000
vt 0.800000 0.750000
vt 0.900000 0.750000
vt 1.000000 0.750000
vt 0.906388 0.801527
vt 0.656388 0.756118
vt 0.347371 0.756118
vt 0.097371 0.801527
vt 0.001880 0.875000
vt 0.097371 0.948473
vt 0.347371 0.993882
vt 0.656388 0.993882
vt 0.906388 0.948473
vt 1.001880 0.875000
vn 0.587785 0.809017 0.000000
vn 0.587785 0.809017 0.000000
vn 0.587785 0.809017 0.000000
vn 0.587785 0.809017 0.000000
vn 0.000000 1.000000 0.000000
vn 0.000000 1.000000 0.000000
vn 0.000000 1.000000 0.000000
vn 0.000000 1.000000 0.000000
vn -0.587785 0.809017 0.000000
vn -0.587785 0.809017 0.000000
vn -0.587785 0.809017 0.000000
vn -0.587785 0.809017 0.000000
vn -0.951057 0.309017 0.000000
vn -0.951057 0.309017 0.000000
vn -0.951057 0.309017 0.000000
vn -0.951057 0.309017 0.000000
vn -0.951056 -0.309017 0.000000
vn -0.951056 -0.309017 0.000000
vn -0.951056 -0.309017 0.000000
vn -0.951056 -0.309017 0.000000
vn -0.587785 -0.809017 0.000000
vn -0.587785 -0.809017 0.000000
vn -0.587785 -0.809017 0.000000
vn -0.587785 -0.809017 0.000000
vn 0.000000 -1.000000 0.000000
vn 0.000000 -1.000000 0.000000
vn 0.000000 -1.000000 0.000000
vn 0.000000 -1.000000 0.000000
vn 0.587785 -0.809017 0.000000
vn 0.587785 -0.809017 0.000000
vn 0.587785 -0.809017 0.000000
vn 0.587785 -0.809017 0.000000
vn 0.951057 -0.309017 0.000000
vn 0.951057 -0.309017 0.000000
vn 0.951057 -0.309017 0.000000
vn 0.951057 -0.309017 0.000000
vn 0.951057 0.309017 0.000000
vn 0.951057 0.309017 0.000000
vn 0.951057 0.309017 0.000000
vn 0.951057 0.309017 0.000000
vn 0.000000 -0.000000 -1.000000
vn 0.000000 -0.000000 -1.000000
vn 0.000000 -0.000000 -1.000000
vn 0.000000 -0.000000 -1.000000
vn 0.000000 -0.000000 -1.000000
vn 0.000000 -0.000000 -1.000000
vn 0.000000 -0.000000 -1.000000
vn 0.000000 -0.000000 -1.000000
vn 0.000000 -0.000000 -1.000000
vn 0.000000 -0.000000 -1.000000
vn 0.000000 -0.000000 1.000000
vn 0.000000 -0.000000 1.000000
vn 0.000000 -0.000000 1.000000
vn 0.000000 -0.000000 1.000000
vn 0.000000 -0.000000 1.000000
vn 0.000000 -0.000000 1.000000
vn 0.000000 -0.000000 1.000000
vn 0.000000 -0.000000 1.000000
vn 0.000000 -0.000000 1.000000
vn 0.000000 -0.000000 1.000000
s off
g GRP_Fluorescent_Lights Backrooms_Level0_Master_GRP GRP_Lamp_BR Lamp_BR_Cap_2_2
usemtl M_Plastic_WallSocketSG
f 741/1675/2093 742/1676/2094 752/1687/2095 751/1686/2096
f 742/1676/2097 743/1677/2098 753/1688/2099 752/1687/2100
f 743/1677/2101 744/1678/2102 754/1689/2103 753/1688/2104
f 744/1678/2105 745/1679/2106 755/1690/2107 754/1689/2108
f 745/1679/2109 746/1680/2110 756/1691/2111 755/1690/2112
f 746/1680/2113 747/1681/2114 757/1692/2115 756/1691/2116
f 747/1681/2117 748/1682/2118 758/1693/2119 757/1692/2120
f 748/1682/2121 749/1683/2122 759/1694/2123 758/1693/2124
f 749/1683/2125 750/1684/2126 760/1695/2127 759/1694/2128
f 750/1684/2129 741/1685/2130 751/1696/2131 760/1695/2132
f 741/1665/2133 750/1674/2134 749/1673/2135 748/1672/2136 747/1671/2137 746/1670/2138 745/1669/2139 744/1668/2140 743/1667/2141 742/1666/2142
f 751/1705/2143 752/1704/2144 753/1703/2145 754/1702/2146 755/1701/2147 756/1700/2148 757/1699/2149 758/1698/2150 759/1697/2151 760/1706/2152
g default
v 165.000000 294.200000 239.000000
v 195.000000 294.200000 239.000000
v 165.000000 294.800000 239.000000
v 195.000000 294.800000 239.000000
v 165.000000 294.800000 121.000000
v 195.000000 294.800000 121.000000
v 165.000000 294.200000 121.000000
v 195.000000 294.200000 121.000000
vt 0.330000 0.000000
vt 0.663333 0.000000
vt 0.330000 0.250000
vt 0.663333 0.250000
vt 0.330000 0.500000
vt 0.663333 0.500000
vt 0.330000 0.750000
vt 0.663333 0.750000
vt 0.330000 1.000000
vt 0.663333 1.000000
vt 1.000000 0.000000
vt 1.000000 0.250000
vt 0.000000 0.000000
vt 0.000000 0.250000
vn 0.000000 0.000000 1.000000
vn 0.000000 0.000000 1.000000
vn 0.000000 0.000000 1.000000
vn 0.000000 0.000000 1.000000
vn 0.000000 1.000000 0.000000
vn 0.000000 1.000000 0.000000
vn 0.000000 1.000000 0.000000
vn 0.000000 1.000000 0.000000
vn 0.000000 0.000000 -1.000000
vn 0.000000 0.000000 -1.000000
vn 0.000000 0.000000 -1.000000
vn 0.000000 0.000000 -1.000000
vn 0.000000 -1.000000 0.000000
vn 0.000000 -1.000000 0.000000
vn 0.000000 -1.000000 0.000000
vn 0.000000 -1.000000 0.000000
vn 1.000000 0.000000 0.000000
vn 1.000000 0.000000 0.000000
vn 1.000000 0.000000 0.000000
vn 1.000000 0.000000 0.000000
vn -1.000000 0.000000 0.000000
vn -1.000000 0.000000 0.000000
vn -1.000000 0.000000 0.000000
vn -1.000000 0.000000 0.000000
s off
g GRP_Fluorescent_Lights Backrooms_Level0_Master_GRP GRP_Lamp_BR Lamp_BR_Diffuser
usemtl M_Lamp_Housing_WhiteSG
f 761/1707/2153 762/1708/2154 764/1710/2155 763/1709/2156
f 763/1709/2157 764/1710/2158 766/1712/2159 765/1711/2160
f 765/1711/2161 766/1712/2162 768/1714/2163 767/1713/2164
f 767/1713/2165 768/1714/2166 762/1716/2167 761/1715/2168
f 762/1708/2169 768/1717/2170 766/1718/2171 764/1710/2172
f 767/1719/2173 761/1707/2174 763/1709/2175 765/1720/2176
g default
v -196.953142 294.046858 -118.159985
v -196.840015 294.000000 -118.159985
v -196.840015 294.046858 -118.046860
v -196.840015 294.159984 -118.000000
v -196.953142 294.159984 -118.046860
v -197.000000 294.159984 -118.159985
v -163.046858 294.046858 -118.159985
v -163.000000 294.159984 -118.159985
v -163.046858 294.159984 -118.046860
v -163.159985 294.159984 -118.000000
v -163.159985 294.046858 -118.046860
v -163.159985 294.000000 -118.159985
v -196.953142 301.953142 -118.159985
v -197.000000 301.840016 -118.159985
v -196.953142 301.840016 -118.046860
v -196.840015 301.840016 -118.000000
v -196.840015 301.953142 -118.046860
v -196.840015 302.000000 -118.159985
v -163.046858 301.953142 -118.159985
v -163.159985 302.000000 -118.159985
v -163.159985 301.953142 -118.046860
v -163.159985 301.840016 -118.000000
v -163.046858 301.840016 -118.046860
v -163.000000 301.840016 -118.159985
v -196.953142 301.840016 -241.953140
v -197.000000 301.840016 -241.840015
v -196.953142 301.953142 -241.840015
v -196.840015 302.000000 -241.840015
v -196.840015 301.953142 -241.953140
v -196.840015 301.840016 -242.000000
v -163.046858 301.840016 -241.953140
v -163.159985 301.840016 -242.000000
v -163.159985 301.953142 -241.953140
v -163.159985 302.000000 -241.840015
v -163.046858 301.953142 -241.840015
v -163.000000 301.840016 -241.840015
v -196.953142 294.046858 -241.840015
v -197.000000 294.159984 -241.840015
v -196.953142 294.159984 -241.953140
v -196.840015 294.159984 -242.000000
v -196.840015 294.046858 -241.953140
v -196.840015 294.000000 -241.840015
v -163.046858 294.046858 -241.840015
v -163.159985 294.000000 -241.840015
v -163.159985 294.046858 -241.953140
v -163.159985 294.159984 -242.000000
v -163.046858 294.159984 -241.953140
v -163.000000 294.159984 -241.840015
vt 0.331569 0.999677
vt 0.331568 0.750323
vt 0.329574 0.005000
vt 0.000426 0.005000
vt 0.331568 0.004999
vt 0.661765 0.005000
vt 0.331569 0.999677
vt 0.661765 0.999677
vt 0.329574 0.005000
vt 0.329574 0.245000
vt 0.331568 0.004999
vt 0.331569 0.245000
vt 0.663768 0.005000
vt 0.999566 0.005000
vt 0.661765 0.999677
vt 0.661765 0.750323
vt 0.661765 0.005000
vt 0.661765 0.245000
vt 0.663768 0.005000
vt 0.663768 0.245000
vt 0.329574 0.245000
vt 0.000426 0.245000
vt 0.331568 0.250323
vt 0.331569 0.499677
vt 0.331568 0.250323
vt 0.661765 0.250323
vt 0.331569 0.245000
vt 0.661765 0.245000
vt 0.661765 0.250323
vt 0.661765 0.499677
vt 0.663768 0.245000
vt 0.999566 0.245000
vt 0.000426 0.245000
vt 0.000426 0.005000
vt 0.331568 0.504999
vt 0.331569 0.745000
vt 0.331568 0.504999
vt 0.661765 0.505000
vt 0.331569 0.499677
vt 0.661765 0.499677
vt 0.661765 0.505000
vt 0.661765 0.745000
vt 0.999566 0.245000
vt 0.999566 0.005000
vt 0.331568 0.750323
vt 0.661765 0.750323
vt 0.331569 0.745000
vt 0.661765 0.745000
vt 0.331568 0.004999
vt 0.661765 0.005000
vt 0.661765 0.245000
vt 0.331569 0.245000
vt 0.331568 0.250323
vt 0.661765 0.250323
vt 0.661765 0.499677
vt 0.331569 0.499677
vt 0.331568 0.504999
vt 0.661765 0.505000
vt 0.661765 0.745000
vt 0.331569 0.745000
vt 0.331568 0.750323
vt 0.661765 0.750323
vt 0.661765 0.999677
vt 0.331569 0.999677
vt 0.663768 0.005000
vt 0.999566 0.005000
vt 0.999566 0.245000
vt 0.663768 0.245000
vt 0.000426 0.005000
vt 0.329574 0.005000
vt 0.329574 0.245000
vt 0.000426 0.245000
vt 0.331568 0.000000
vt 0.331568 0.004999
vt 0.329574 0.005000
vt 0.663768 0.005000
vt 0.661765 0.005000
vt 0.661765 0.000000
vt 0.329574 0.245000
vt 0.331569 0.245000
vt 0.331568 0.250323
vt 0.661765 0.250323
vt 0.661765 0.245000
vt 0.663768 0.245000
vt 0.330000 0.499677
vt 0.331569 0.499677
vt 0.331568 0.504999
vt 0.661765 0.505000
vt 0.661765 0.499677
vt 0.663333 0.499677
vt 0.330000 0.745000
vt 0.331569 0.745000
vt 0.331568 0.750323
vt 0.661765 0.750323
vt 0.661765 0.745000
vt 0.663333 0.745000
vt 0.331241 0.000005
vt 0.331567 0.999426
vt 0.332760 0.000000
vt 0.332760 0.999677
vt 0.330571 0.005058
vt 0.662099 0.000005
vt 0.661766 0.999426
vt 0.662754 0.005011
vt 0.660573 0.999677
vt 0.660573 0.000000
vt 0.330000 0.250000
vt 0.330572 0.244989
vt 0.331573 0.247662
vt 0.663333 0.250000
vt 0.661764 0.247663
vt 0.662766 0.244942
vt 0.330000 0.503468
vt 0.000426 0.241292
vt 0.330000 0.499431
vt 0.000752 0.245005
vt 0.331573 0.502338
vt 0.663333 0.503468
vt 0.999566 0.241292
vt 0.661764 0.502337
vt 0.999233 0.245005
vt 0.663333 0.499431
vt 0.000753 0.004995
vt 0.330002 0.745252
vt 0.330000 0.741210
vt 0.000426 0.008708
vt 0.331573 0.747662
vt 0.663332 0.745252
vt 0.999232 0.004995
vt 0.661764 0.747653
vt 0.999566 0.008708
vt 0.663333 0.741210
vn -0.382683 -0.923880 0.000000
vn -0.382683 -0.923880 0.000000
vn -0.382683 -0.923880 0.000000
vn -0.382683 -0.923880 0.000000
vn -0.923880 -0.382682 0.000000
vn -0.923880 -0.382682 0.000000
vn -0.923880 -0.382682 0.000000
vn -0.923880 -0.382682 0.000000
vn 0.000000 -0.382693 0.923876
vn 0.000000 -0.382693 0.923876
vn 0.000000 -0.382693 0.923876
vn 0.000000 -0.382693 0.923876
vn 0.000000 -0.923879 0.382686
vn 0.000000 -0.923879 0.382686
vn 0.000000 -0.923879 0.382686
vn 0.000000 -0.923879 0.382686
vn -0.923880 0.000000 0.382682
vn -0.923880 0.000000 0.382682
vn -0.923880 0.000000 0.382682
vn -0.923880 0.000000 0.382682
vn -0.382672 0.000000 0.923884
vn -0.382672 0.000000 0.923884
vn -0.382672 0.000000 0.923884
vn -0.382672 0.000000 0.923884
vn 0.923880 -0.382682 0.000000
vn 0.923880 -0.382682 0.000000
vn 0.923880 -0.382682 0.000000
vn 0.923880 -0.382682 0.000000
vn 0.382683 -0.923880 0.000000
vn 0.382683 -0.923880 0.000000
vn 0.382683 -0.923880 0.000000
vn 0.382683 -0.923880 0.000000
vn 0.382672 0.000000 0.923884
vn 0.382672 0.000000 0.923884
vn 0.382672 0.000000 0.923884
vn 0.382672 0.000000 0.923884
vn 0.923880 0.000000 0.382682
vn 0.923880 0.000000 0.382682
vn 0.923880 0.000000 0.382682
vn 0.923880 0.000000 0.382682
vn -0.923880 0.382682 0.000000
vn -0.923880 0.382682 0.000000
vn -0.923880 0.382682 0.000000
vn -0.923880 0.382682 0.000000
vn -0.382683 0.923880 0.000000
vn -0.382683 0.923880 0.000000
vn -0.382683 0.923880 0.000000
vn -0.382683 0.923880 0.000000
vn 0.000000 0.923879 0.382686
vn 0.000000 0.923879 0.382686
vn 0.000000 0.923879 0.382686
vn 0.000000 0.923879 0.382686
vn 0.000000 0.382693 0.923876
vn 0.000000 0.382693 0.923876
vn 0.000000 0.382693 0.923876
vn 0.000000 0.382693 0.923876
vn 0.382683 0.923880 0.000000
vn 0.382683 0.923880 0.000000
vn 0.382683 0.923880 0.000000
vn 0.382683 0.923880 0.000000
vn 0.923880 0.382682 0.000000
vn 0.923880 0.382682 0.000000
vn 0.923880 0.382682 0.000000
vn 0.923880 0.382682 0.000000
vn -0.923880 0.000000 -0.382682
vn -0.923880 0.000000 -0.382682
vn -0.923880 0.000000 -0.382682
vn -0.923880 0.000000 -0.382682
vn -0.382672 0.000000 -0.923884
vn -0.382672 0.000000 -0.923884
vn -0.382672 0.000000 -0.923884
vn -0.382672 0.000000 -0.923884
vn 0.000000 0.382693 -0.923876
vn 0.000000 0.382693 -0.923876
vn 0.000000 0.382693 -0.923876
vn 0.000000 0.382693 -0.923876
vn 0.000000 0.923879 -0.382686
vn 0.000000 0.923879 -0.382686
vn 0.000000 0.923879 -0.382686
vn 0.000000 0.923879 -0.382686
vn 0.382672 0.000000 -0.923884
vn 0.382672 0.000000 -0.923884
vn 0.382672 0.000000 -0.923884
vn 0.382672 0.000000 -0.923884
vn 0.923880 0.000000 -0.382682
vn 0.923880 0.000000 -0.382682
vn 0.923880 0.000000 -0.382682
vn 0.923880 0.000000 -0.382682
vn 0.000000 -0.923879 -0.382686
vn 0.000000 -0.923879 -0.382686
vn 0.000000 -0.923879 -0.382686
vn 0.000000 -0.923879 -0.382686
vn 0.000000 -0.382693 -0.923876
vn 0.000000 -0.382693 -0.923876
vn 0.000000 -0.382693 -0.923876
vn 0.000000 -0.382693 -0.923876
vn 0.000000 0.000000 1.000000
vn 0.000000 0.000000 1.000000
vn 0.000000 0.000000 1.000000
vn 0.000000 0.000000 1.000000
vn 0.000000 1.000000 0.000000
vn 0.000000 1.000000 0.000000
vn 0.000000 1.000000 0.000000
vn 0.000000 1.000000 0.000000
vn 0.000000 0.000000 -1.000000
vn 0.000000 0.000000 -1.000000
vn 0.000000 0.000000 -1.000000
vn 0.000000 0.000000 -1.000000
vn 0.000000 -1.000000 0.000000
vn 0.000000 -1.000000 0.000000
vn 0.000000 -1.000000 0.000000
vn 0.000000 -1.000000 0.000000
vn 1.000000 0.000000 0.000000
vn 1.000000 0.000000 0.000000
vn 1.000000 0.000000 0.000000
vn 1.000000 0.000000 0.000000
vn -1.000000 0.000000 0.000000
vn -1.000000 0.000000 0.000000
vn -1.000000 0.000000 0.000000
vn -1.000000 0.000000 0.000000
vn -0.577340 -0.577355 0.577357
vn -0.577340 -0.577355 0.577357
vn -0.577340 -0.577355 0.577357
vn -0.577340 -0.577355 0.577357
vn -0.577340 -0.577355 0.577357
vn -0.577340 -0.577355 0.577357
vn 0.577341 -0.577352 0.577358
vn 0.577341 -0.577352 0.577358
vn 0.577341 -0.577352 0.577358
vn 0.577341 -0.577352 0.577358
vn 0.577341 -0.577352 0.577358
vn 0.577341 -0.577352 0.577358
vn -0.577341 0.577352 0.577358
vn -0.577341 0.577352 0.577358
vn -0.577341 0.577352 0.577358
vn -0.577341 0.577352 0.577358
vn -0.577341 0.577352 0.577358
vn -0.577341 0.577352 0.577358
vn 0.577340 0.577355 0.577357
vn 0.577340 0.577355 0.577357
vn 0.577340 0.577355 0.577357
vn 0.577340 0.577355 0.577357
vn 0.577340 0.577355 0.577357
vn 0.577340 0.577355 0.577357
vn -0.577330 0.577358 -0.577362
vn -0.577330 0.577359 -0.577362
vn -0.577330 0.577359 -0.577362
vn -0.577330 0.577359 -0.577362
vn -0.577330 0.577359 -0.577362
vn -0.577330 0.577359 -0.577362
vn 0.577350 0.577350 -0.577352
vn 0.577350 0.577350 -0.577352
vn 0.577350 0.577350 -0.577352
vn 0.577350 0.577350 -0.577352
vn 0.577350 0.577350 -0.577352
vn 0.577350 0.577350 -0.577352
vn -0.577341 -0.577352 -0.577358
vn -0.577341 -0.577352 -0.577358
vn -0.577341 -0.577352 -0.577358
vn -0.577341 -0.577352 -0.577358
vn -0.577341 -0.577352 -0.577358
vn -0.577341 -0.577352 -0.577358
vn 0.577340 -0.577355 -0.577357
vn 0.577340 -0.577355 -0.577357
vn 0.577340 -0.577355 -0.577357
vn 0.577340 -0.577355 -0.577357
vn 0.577340 -0.577355 -0.577357
vn 0.577340 -0.577355 -0.577357
s off
g Lamp_FL_Housing GRP_Lamp_FL GRP_Fluorescent_Lights Backrooms_Level0_Master_GRP
f 770/1727/2177 769/1818/2178 805/1844/2179 810/1781/2180
f 769/1817/2181 774/1790/2182 806/1754/2183 805/1843/2184
f 772/1731/2185 771/1819/2186 779/1826/2187 778/1770/2188
f 771/1820/2189 770/1727/2190 780/1735/2191 779/1825/2192
f 774/1790/2193 773/1821/2194 783/1828/2195 782/1791/2196
f 773/1821/2197 772/1731/2198 784/1747/2199 783/1828/2200
f 776/1739/2201 775/1822/2202 811/1849/2203 816/1764/2204
f 775/1823/2205 780/1735/2206 812/1766/2207 811/1848/2208
f 778/1770/2209 777/1824/2210 791/1832/2211 790/1748/2212
f 777/1824/2213 776/1739/2214 792/1751/2215 791/1832/2216
f 782/1791/2217 781/1827/2218 795/1836/2219 794/1792/2220
f 781/1827/2221 786/1773/2222 796/1759/2223 795/1835/2224
f 786/1773/2225 785/1829/2226 789/1831/2227 788/1774/2228
f 785/1829/2229 784/1747/2230 790/1748/2231 789/1831/2232
f 788/1774/2233 787/1830/2234 803/1842/2235 802/1760/2236
f 787/1830/2237 792/1751/2238 804/1763/2239 803/1841/2240
f 794/1792/2241 793/1834/2242 807/1846/2243 806/1754/2244
f 793/1833/2245 798/1777/2246 808/1767/2247 807/1845/2248
f 798/1777/2249 797/1837/2250 801/1840/2251 800/1778/2252
f 797/1837/2253 796/1759/2254 802/1760/2255 801/1840/2256
f 800/1778/2257 799/1838/2258 815/1852/2259 814/1768/2260
f 799/1839/2261 804/1763/2262 816/1764/2263 815/1851/2264
f 810/1781/2265 809/1847/2266 813/1850/2267 812/1766/2268
f 809/1847/2269 808/1767/2270 814/1768/2271 813/1850/2272
f 772/1731/2273 778/1770/2274 790/1748/2275 784/1747/2276
f 786/1773/2277 788/1774/2278 802/1760/2279 796/1759/2280
f 798/1777/2281 800/1778/2282 814/1768/2283 808/1767/2284
f 810/1781/2285 812/1766/2286 780/1735/2287 770/1727/2288
f 776/1739/2289 816/1764/2290 804/1763/2291 792/1751/2292
f 806/1754/2293 774/1790/2294 782/1791/2295 794/1792/2296
f 769/1817/2297 770/1793/2298 771/1819/2299 772/1731/2300 773/1821/2301 774/1790/2302
f 775/1822/2303 776/1739/2304 777/1824/2305 778/1770/2306 779/1826/2307 780/1798/2308
f 781/1827/2309 782/1791/2310 783/1828/2311 784/1747/2312 785/1829/2313 786/1773/2314
f 787/1830/2315 788/1774/2316 789/1831/2317 790/1748/2318 791/1832/2319 792/1751/2320
f 793/1833/2321 794/1805/2322 795/1835/2323 796/1759/2324 797/1837/2325 798/1777/2326
f 799/1838/2327 800/1778/2328 801/1840/2329 802/1760/2330 803/1842/2331 804/1810/2332
f 805/1844/2333 806/1811/2334 807/1845/2335 808/1767/2336 809/1847/2337 810/1781/2338
f 811/1848/2339 812/1766/2340 813/1850/2341 814/1768/2342 815/1852/2343 816/1816/2344
g default
v -185.328740 296.764048 -236.000000
v -185.689463 297.216381 -236.000000
v -186.210723 297.467406 -236.000000
v -186.789277 297.467406 -236.000000
v -187.310536 297.216381 -236.000000
v -187.671259 296.764049 -236.000000
v -187.800000 296.200000 -236.000000
v -187.671259 295.635951 -236.000000
v -187.310537 295.183619 -236.000000
v -186.789277 294.932594 -236.000000
v -186.210723 294.932594 -236.000000
v -185.689463 295.183619 -236.000000
v -185.328741 295.635951 -236.000000
v -185.200000 296.200000 -236.000000
v -185.328740 296.764048 -124.000000
v -185.689463 297.216381 -124.000000
v -186.210723 297.467406 -124.000000
v -186.789277 297.467406 -124.000000
v -187.310536 297.216381 -124.000000
v -187.671259 296.764049 -124.000000
v -187.800000 296.200000 -124.000000
v -187.671259 295.635951 -124.000000
v -187.310537 295.183619 -124.000000
v -186.789277 294.932594 -124.000000
v -186.210723 294.932594 -124.000000
v -185.689463 295.183619 -124.000000
v -185.328741 295.635951 -124.000000
v -185.200000 296.200000 -124.000000
vt 0.952364 0.070765
vt 0.813625 0.027271
vt 0.613140 0.003134
vt 0.390619 0.003134
vt 0.190135 0.027271
vt 0.051395 0.070765
vt 0.001880 0.125000
vt 0.051395 0.179235
vt 0.190135 0.222729
vt 0.390619 0.246866
vt 0.613140 0.246866
vt 0.813625 0.222729
vt 0.952364 0.179235
vt 1.001880 0.125000
vt 0.000000 0.250000
vt 0.071429 0.250000
vt 0.142857 0.250000
vt 0.214286 0.250000
vt 0.285714 0.250000
vt 0.357143 0.250000
vt 0.428571 0.250000
vt 0.500000 0.250000
vt 0.571429 0.250000
vt 0.642857 0.250000
vt 0.714286 0.250000
vt 0.785714 0.250000
vt 0.857143 0.250000
vt 0.928572 0.250000
vt 1.000000 0.250000
vt 0.000000 0.750000
vt 0.071429 0.750000
vt 0.142857 0.750000
vt 0.214286 0.750000
vt 0.285714 0.750000
vt 0.357143 0.750000
vt 0.428571 0.750000
vt 0.500000 0.750000
vt 0.571429 0.750000
vt 0.642857 0.750000
vt 0.714286 0.750000
vt 0.785714 0.750000
vt 0.857143 0.750000
vt 0.928572 0.750000
vt 1.000000 0.750000
vt 0.952364 0.820765
vt 0.813625 0.777271
vt 0.613140 0.753134
vt 0.390619 0.753134
vt 0.190135 0.777271
vt 0.051395 0.820765
vt 0.001880 0.875000
vt 0.051395 0.929235
vt 0.190135 0.972729
vt 0.390619 0.996866
vt 0.613140 0.996866
vt 0.813625 0.972729
vt 0.952364 0.929235
vt 1.001880 0.875000
vn 0.900969 0.433884 0.000000
vn 0.623490 0.781831 0.000000
vn 0.623490 0.781831 0.000000
vn 0.900969 0.433884 0.000000
vn 0.222521 0.974928 0.000000
vn 0.222521 0.974928 0.000000
vn -0.222521 0.974928 0.000000
vn -0.222521 0.974928 0.000000
vn -0.623490 0.781832 0.000000
vn -0.623490 0.781832 0.000000
vn -0.900969 0.433884 0.000000
vn -0.900969 0.433884 0.000000
vn -1.000000 0.000000 0.000000
vn -1.000000 0.000000 0.000000
vn -0.900969 -0.433884 0.000000
vn -0.900969 -0.433884 0.000000
vn -0.623490 -0.781831 0.000000
vn -0.623490 -0.781831 0.000000
vn -0.222521 -0.974928 0.000000
vn -0.222521 -0.974928 0.000000
vn 0.222521 -0.974928 0.000000
vn 0.222521 -0.974928 0.000000
vn 0.623490 -0.781832 0.000000
vn 0.623490 -0.781832 0.000000
vn 0.900969 -0.433884 0.000000
vn 0.900969 -0.433884 0.000000
vn 1.000000 -0.000000 0.000000
vn 1.000000 -0.000000 0.000000
vn 0.000000 -0.000002 -1.000000
vn 0.000000 -0.000002 -1.000000
vn 0.000000 -0.000002 -1.000000
vn 0.000000 -0.000002 -1.000000
vn 0.000000 -0.000002 -1.000000
vn 0.000000 -0.000002 -1.000000
vn 0.000000 -0.000002 -1.000000
vn 0.000000 -0.000002 -1.000000
vn 0.000000 -0.000002 -1.000000
vn 0.000000 -0.000002 -1.000000
vn 0.000000 -0.000002 -1.000000
vn 0.000000 -0.000002 -1.000000
vn 0.000000 -0.000002 -1.000000
vn 0.000000 -0.000002 -1.000000
vn 0.000000 0.000001 1.000000
vn 0.000000 0.000001 1.000000
vn 0.000000 0.000001 1.000000
vn 0.000000 0.000001 1.000000
vn 0.000000 0.000001 1.000000
vn 0.000000 0.000001 1.000000
vn 0.000000 0.000001 1.000000
vn 0.000000 0.000001 1.000000
vn 0.000000 0.000001 1.000000
vn 0.000000 0.000001 1.000000
vn 0.000000 0.000001 1.000000
vn 0.000000 0.000001 1.000000
vn 0.000000 0.000001 1.000000
vn 0.000000 0.000001 1.000000
s 1
g GRP_Lamp_FL GRP_Fluorescent_Lights Backrooms_Level0_Master_GRP Lamp_FL_Tube_1
f 817/1867/2345 818/1868/2346 832/1883/2347 831/1882/2348
f 818/1868/2346 819/1869/2349 833/1884/2350 832/1883/2347
f 819/1869/2349 820/1870/2351 834/1885/2352 833/1884/2350
f 820/1870/2351 821/1871/2353 835/1886/2354 834/1885/2352
f 821/1871/2353 822/1872/2355 836/1887/2356 835/1886/2354
f 822/1872/2355 823/1873/2357 837/1888/2358 836/1887/2356
f 823/1873/2357 824/1874/2359 838/1889/2360 837/1888/2358
f 824/1874/2359 825/1875/2361 839/1890/2362 838/1889/2360
f 825/1875/2361 826/1876/2363 840/1891/2364 839/1890/2362
f 826/1876/2363 827/1877/2365 841/1892/2366 840/1891/2364
f 827/1877/2365 828/1878/2367 842/1893/2368 841/1892/2366
f 828/1878/2367 829/1879/2369 843/1894/2370 842/1893/2368
f 829/1879/2369 830/1880/2371 844/1895/2372 843/1894/2370
f 830/1880/2371 817/1881/2345 831/1896/2348 844/1895/2372
s off
f 817/1853/2373 830/1866/2374 829/1865/2375 828/1864/2376 827/1863/2377 826/1862/2378 825/1861/2379 824/1860/2380 823/1859/2381 822/1858/2382 821/1857/2383 820/1856/2384 819/1855/2385 818/1854/2386
f 831/1909/2387 832/1908/2388 833/1907/2389 834/1906/2390 835/1905/2391 836/1904/2392 837/1903/2393 838/1902/2394 839/1901/2395 840/1900/2396 841/1899/2397 842/1898/2398 843/1897/2399 844/1910/2400
g default
v -185.205573 297.140457 -238.500000
v -186.005573 297.721691 -238.500000
v -186.994427 297.721691 -238.500000
v -187.794428 297.140456 -238.500000
v -188.100000 296.200000 -238.500000
v -187.794427 295.259543 -238.500000
v -186.994427 294.678309 -238.500000
v -186.005573 294.678310 -238.500000
v -185.205573 295.259544 -238.500000
v -184.900000 296.200000 -238.500000
v -185.205573 297.140457 -235.500000
v -186.005573 297.721691 -235.500000
v -186.994427 297.721691 -235.500000
v -187.794428 297.140456 -235.500000
v -188.100000 296.200000 -235.500000
v -187.794427 295.259543 -235.500000
v -186.994427 294.678309 -235.500000
v -186.005573 294.678310 -235.500000
v -185.205573 295.259544 -235.500000
v -184.900000 296.200000 -235.500000
vt 0.906388 0.051527
vt 0.656388 0.006118
vt 0.347371 0.006118
vt 0.097371 0.051527
vt 0.001880 0.125000
vt 0.097371 0.198473
vt 0.347371 0.243882
vt 0.656388 0.243882
vt 0.906388 0.198473
vt 1.001880 0.125000
vt 0.000000 0.250000
vt 0.100000 0.250000
vt 0.200000 0.250000
vt 0.300000 0.250000
vt 0.400000 0.250000
vt 0.500000 0.250000
vt 0.600000 0.250000
vt 0.700000 0.250000
vt 0.800000 0.250000
vt 0.900000 0.250000
vt 1.000000 0.250000
vt 0.000000 0.750000
vt 0.100000 0.750000
vt 0.200000 0.750000
vt 0.300000 0.750000
vt 0.400000 0.750000
vt 0.500000 0.750000
vt 0.600000 0.750000
vt 0.700000 0.750000
vt 0.800000 0.750000
vt 0.900000 0.750000
vt 1.000000 0.750000
vt 0.906388 0.801527
vt 0.656388 0.756118
vt 0.347371 0.756118
vt 0.097371 0.801527
vt 0.001880 0.875000
vt 0.097371 0.948473
vt 0.347371 0.993882
vt 0.656388 0.993882
vt 0.906388 0.948473
vt 1.001880 0.875000
vn 0.587785 0.809017 0.000000
vn 0.587785 0.809017 0.000000
vn 0.587785 0.809017 0.000000
vn 0.587785 0.809017 0.000000
vn 0.000000 1.000000 0.000000
vn 0.000000 1.000000 0.000000
vn 0.000000 1.000000 0.000000
vn 0.000000 1.000000 0.000000
vn -0.587785 0.809017 0.000000
vn -0.587785 0.809017 0.000000
vn -0.587785 0.809017 0.000000
vn -0.587785 0.809017 0.000000
vn -0.951057 0.309017 0.000000
vn -0.951057 0.309017 0.000000
vn -0.951057 0.309017 0.000000
vn -0.951057 0.309017 0.000000
vn -0.951056 -0.309017 0.000000
vn -0.951056 -0.309017 0.000000
vn -0.951056 -0.309017 0.000000
vn -0.951056 -0.309017 0.000000
vn -0.587785 -0.809017 0.000000
vn -0.587785 -0.809017 0.000000
vn -0.587785 -0.809017 0.000000
vn -0.587785 -0.809017 0.000000
vn 0.000000 -1.000000 0.000000
vn 0.000000 -1.000000 0.000000
vn 0.000000 -1.000000 0.000000
vn 0.000000 -1.000000 0.000000
vn 0.587785 -0.809017 0.000000
vn 0.587785 -0.809017 0.000000
vn 0.587785 -0.809017 0.000000
vn 0.587785 -0.809017 0.000000
vn 0.951057 -0.309017 0.000000
vn 0.951057 -0.309017 0.000000
vn 0.951057 -0.309017 0.000000
vn 0.951057 -0.309017 0.000000
vn 0.951057 0.309017 0.000000
vn 0.951057 0.309017 0.000000
vn 0.951057 0.309017 0.000000
vn 0.951057 0.309017 0.000000
vn 0.000000 -0.000000 -1.000000
vn 0.000000 -0.000000 -1.000000
vn 0.000000 -0.000000 -1.000000
vn 0.000000 -0.000000 -1.000000
vn 0.000000 -0.000000 -1.000000
vn 0.000000 -0.000000 -1.000000
vn 0.000000 -0.000000 -1.000000
vn 0.000000 -0.000000 -1.000000
vn 0.000000 -0.000000 -1.000000
vn 0.000000 -0.000000 -1.000000
vn 0.000000 -0.000000 1.000000
vn 0.000000 -0.000000 1.000000
vn 0.000000 -0.000000 1.000000
vn 0.000000 -0.000000 1.000000
vn 0.000000 -0.000000 1.000000
vn 0.000000 -0.000000 1.000000
vn 0.000000 -0.000000 1.000000
vn 0.000000 -0.000000 1.000000
vn 0.000000 -0.000000 1.000000
vn 0.000000 -0.000000 1.000000
s off
g GRP_Lamp_FL GRP_Fluorescent_Lights Backrooms_Level0_Master_GRP Lamp_FL_Cap_1_1
f 845/1921/2401 846/1922/2402 856/1933/2403 855/1932/2404
f 846/1922/2405 847/1923/2406 857/1934/2407 856/1933/2408
f 847/1923/2409 848/1924/2410 858/1935/2411 857/1934/2412
f 848/1924/2413 849/1925/2414 859/1936/2415 858/1935/2416
f 849/1925/2417 850/1926/2418 860/1937/2419 859/1936/2420
f 850/1926/2421 851/1927/2422 861/1938/2423 860/1937/2424
f 851/1927/2425 852/1928/2426 862/1939/2427 861/1938/2428
f 852/1928/2429 853/1929/2430 863/1940/2431 862/1939/2432
f 853/1929/2433 854/1930/2434 864/1941/2435 863/1940/2436
f 854/1930/2437 845/1931/2438 855/1942/2439 864/1941/2440
f 845/1911/2441 854/1920/2442 853/1919/2443 852/1918/2444 851/1917/2445 850/1916/2446 849/1915/2447 848/1914/2448 847/1913/2449 846/1912/2450
f 855/1951/2451 856/1950/2452 857/1949/2453 858/1948/2454 859/1947/2455 860/1946/2456 861/1945/2457 862/1944/2458 863/1943/2459 864/1952/2460
g default
v -185.205573 297.140457 -124.500000
v -186.005573 297.721691 -124.500000
v -186.994427 297.721691 -124.500000
v -187.794428 297.140456 -124.500000
v -188.100000 296.200000 -124.500000
v -187.794427 295.259543 -124.500000
v -186.994427 294.678309 -124.500000
v -186.005573 294.678310 -124.500000
v -185.205573 295.259544 -124.500000
v -184.900000 296.200000 -124.500000
v -185.205573 297.140457 -121.500000
v -186.005573 297.721691 -121.500000
v -186.994427 297.721691 -121.500000
v -187.794428 297.140456 -121.500000
v -188.100000 296.200000 -121.500000
v -187.794427 295.259543 -121.500000
v -186.994427 294.678309 -121.500000
v -186.005573 294.678310 -121.500000
v -185.205573 295.259544 -121.500000
v -184.900000 296.200000 -121.500000
vt 0.906388 0.051527
vt 0.656388 0.006118
vt 0.347371 0.006118
vt 0.097371 0.051527
vt 0.001880 0.125000
vt 0.097371 0.198473
vt 0.347371 0.243882
vt 0.656388 0.243882
vt 0.906388 0.198473
vt 1.001880 0.125000
vt 0.000000 0.250000
vt 0.100000 0.250000
vt 0.200000 0.250000
vt 0.300000 0.250000
vt 0.400000 0.250000
vt 0.500000 0.250000
vt 0.600000 0.250000
vt 0.700000 0.250000
vt 0.800000 0.250000
vt 0.900000 0.250000
vt 1.000000 0.250000
vt 0.000000 0.750000
vt 0.100000 0.750000
vt 0.200000 0.750000
vt 0.300000 0.750000
vt 0.400000 0.750000
vt 0.500000 0.750000
vt 0.600000 0.750000
vt 0.700000 0.750000
vt 0.800000 0.750000
vt 0.900000 0.750000
vt 1.000000 0.750000
vt 0.906388 0.801527
vt 0.656388 0.756118
vt 0.347371 0.756118
vt 0.097371 0.801527
vt 0.001880 0.875000
vt 0.097371 0.948473
vt 0.347371 0.993882
vt 0.656388 0.993882
vt 0.906388 0.948473
vt 1.001880 0.875000
vn 0.587785 0.809017 0.000000
vn 0.587785 0.809017 0.000000
vn 0.587785 0.809017 0.000000
vn 0.587785 0.809017 0.000000
vn 0.000000 1.000000 0.000000
vn 0.000000 1.000000 0.000000
vn 0.000000 1.000000 0.000000
vn 0.000000 1.000000 0.000000
vn -0.587785 0.809017 0.000000
vn -0.587785 0.809017 0.000000
vn -0.587785 0.809017 0.000000
vn -0.587785 0.809017 0.000000
vn -0.951057 0.309017 0.000000
vn -0.951057 0.309017 0.000000
vn -0.951057 0.309017 0.000000
vn -0.951057 0.309017 0.000000
vn -0.951056 -0.309017 0.000000
vn -0.951056 -0.309017 0.000000
vn -0.951056 -0.309017 0.000000
vn -0.951056 -0.309017 0.000000
vn -0.587785 -0.809017 0.000000
vn -0.587785 -0.809017 0.000000
vn -0.587785 -0.809017 0.000000
vn -0.587785 -0.809017 0.000000
vn 0.000000 -1.000000 0.000000
vn 0.000000 -1.000000 0.000000
vn 0.000000 -1.000000 0.000000
vn 0.000000 -1.000000 0.000000
vn 0.587785 -0.809017 0.000000
vn 0.587785 -0.809017 0.000000
vn 0.587785 -0.809017 0.000000
vn 0.587785 -0.809017 0.000000
vn 0.951057 -0.309017 0.000000
vn 0.951057 -0.309017 0.000000
vn 0.951057 -0.309017 0.000000
vn 0.951057 -0.309017 0.000000
vn 0.951057 0.309017 0.000000
vn 0.951057 0.309017 0.000000
vn 0.951057 0.309017 0.000000
vn 0.951057 0.309017 0.000000
vn 0.000000 -0.000000 -1.000000
vn 0.000000 -0.000000 -1.000000
vn 0.000000 -0.000000 -1.000000
vn 0.000000 -0.000000 -1.000000
vn 0.000000 -0.000000 -1.000000
vn 0.000000 -0.000000 -1.000000
vn 0.000000 -0.000000 -1.000000
vn 0.000000 -0.000000 -1.000000
vn 0.000000 -0.000000 -1.000000
vn 0.000000 -0.000000 -1.000000
vn 0.000000 -0.000000 1.000000
vn 0.000000 -0.000000 1.000000
vn 0.000000 -0.000000 1.000000
vn 0.000000 -0.000000 1.000000
vn 0.000000 -0.000000 1.000000
vn 0.000000 -0.000000 1.000000
vn 0.000000 -0.000000 1.000000
vn 0.000000 -0.000000 1.000000
vn 0.000000 -0.000000 1.000000
vn 0.000000 -0.000000 1.000000
s off
g GRP_Lamp_FL GRP_Fluorescent_Lights Backrooms_Level0_Master_GRP Lamp_FL_Cap_1_2
f 865/1963/2461 866/1964/2462 876/1975/2463 875/1974/2464
f 866/1964/2465 867/1965/2466 877/1976/2467 876/1975/2468
f 867/1965/2469 868/1966/2470 878/1977/2471 877/1976/2472
f 868/1966/2473 869/1967/2474 879/1978/2475 878/1977/2476
f 869/1967/2477 870/1968/2478 880/1979/2479 879/1978/2480
f 870/1968/2481 871/1969/2482 881/1980/2483 880/1979/2484
f 871/1969/2485 872/1970/2486 882/1981/2487 881/1980/2488
f 872/1970/2489 873/1971/2490 883/1982/2491 882/1981/2492
f 873/1971/2493 874/1972/2494 884/1983/2495 883/1982/2496
f 874/1972/2497 865/1973/2498 875/1984/2499 884/1983/2500
f 865/1953/2501 874/1962/2502 873/1961/2503 872/1960/2504 871/1959/2505 870/1958/2506 869/1957/2507 868/1956/2508 867/1955/2509 866/1954/2510
f 875/1993/2511 876/1992/2512 877/1991/2513 878/1990/2514 879/1989/2515 880/1988/2516 881/1987/2517 882/1986/2518 883/1985/2519 884/1994/2520
g default
v -172.328740 296.764048 -236.000000
v -172.689463 297.216381 -236.000000
v -173.210723 297.467406 -236.000000
v -173.789277 297.467406 -236.000000
v -174.310536 297.216381 -236.000000
v -174.671259 296.764049 -236.000000
v -174.800000 296.200000 -236.000000
v -174.671259 295.635951 -236.000000
v -174.310537 295.183619 -236.000000
v -173.789277 294.932594 -236.000000
v -173.210723 294.932594 -236.000000
v -172.689463 295.183619 -236.000000
v -172.328741 295.635951 -236.000000
v -172.200000 296.200000 -236.000000
v -172.328740 296.764048 -124.000000
v -172.689463 297.216381 -124.000000
v -173.210723 297.467406 -124.000000
v -173.789277 297.467406 -124.000000
v -174.310536 297.216381 -124.000000
v -174.671259 296.764049 -124.000000
v -174.800000 296.200000 -124.000000
v -174.671259 295.635951 -124.000000
v -174.310537 295.183619 -124.000000
v -173.789277 294.932594 -124.000000
v -173.210723 294.932594 -124.000000
v -172.689463 295.183619 -124.000000
v -172.328741 295.635951 -124.000000
v -172.200000 296.200000 -124.000000
vt 0.952364 0.070765
vt 0.813625 0.027271
vt 0.613140 0.003134
vt 0.390619 0.003134
vt 0.190135 0.027271
vt 0.051395 0.070765
vt 0.001880 0.125000
vt 0.051395 0.179235
vt 0.190135 0.222729
vt 0.390619 0.246866
vt 0.613140 0.246866
vt 0.813625 0.222729
vt 0.952364 0.179235
vt 1.001880 0.125000
vt 0.000000 0.250000
vt 0.071429 0.250000
vt 0.142857 0.250000
vt 0.214286 0.250000
vt 0.285714 0.250000
vt 0.357143 0.250000
vt 0.428571 0.250000
vt 0.500000 0.250000
vt 0.571429 0.250000
vt 0.642857 0.250000
vt 0.714286 0.250000
vt 0.785714 0.250000
vt 0.857143 0.250000
vt 0.928572 0.250000
vt 1.000000 0.250000
vt 0.000000 0.750000
vt 0.071429 0.750000
vt 0.142857 0.750000
vt 0.214286 0.750000
vt 0.285714 0.750000
vt 0.357143 0.750000
vt 0.428571 0.750000
vt 0.500000 0.750000
vt 0.571429 0.750000
vt 0.642857 0.750000
vt 0.714286 0.750000
vt 0.785714 0.750000
vt 0.857143 0.750000
vt 0.928572 0.750000
vt 1.000000 0.750000
vt 0.952364 0.820765
vt 0.813625 0.777271
vt 0.613140 0.753134
vt 0.390619 0.753134
vt 0.190135 0.777271
vt 0.051395 0.820765
vt 0.001880 0.875000
vt 0.051395 0.929235
vt 0.190135 0.972729
vt 0.390619 0.996866
vt 0.613140 0.996866
vt 0.813625 0.972729
vt 0.952364 0.929235
vt 1.001880 0.875000
vn 0.900969 0.433884 0.000000
vn 0.623490 0.781831 0.000000
vn 0.623490 0.781831 0.000000
vn 0.900969 0.433884 0.000000
vn 0.222521 0.974928 0.000000
vn 0.222521 0.974928 0.000000
vn -0.222521 0.974928 0.000000
vn -0.222521 0.974928 0.000000
vn -0.623490 0.781832 0.000000
vn -0.623490 0.781832 0.000000
vn -0.900969 0.433884 0.000000
vn -0.900969 0.433884 0.000000
vn -1.000000 0.000000 0.000000
vn -1.000000 0.000000 0.000000
vn -0.900969 -0.433884 0.000000
vn -0.900969 -0.433884 0.000000
vn -0.623490 -0.781831 0.000000
vn -0.623490 -0.781831 0.000000
vn -0.222521 -0.974928 0.000000
vn -0.222521 -0.974928 0.000000
vn 0.222521 -0.974928 0.000000
vn 0.222521 -0.974928 0.000000
vn 0.623490 -0.781832 0.000000
vn 0.623490 -0.781832 0.000000
vn 0.900969 -0.433884 0.000000
vn 0.900969 -0.433884 0.000000
vn 1.000000 -0.000000 0.000000
vn 1.000000 -0.000000 0.000000
vn 0.000000 -0.000002 -1.000000
vn 0.000000 -0.000002 -1.000000
vn 0.000000 -0.000002 -1.000000
vn 0.000000 -0.000002 -1.000000
vn 0.000000 -0.000002 -1.000000
vn 0.000000 -0.000002 -1.000000
vn 0.000000 -0.000002 -1.000000
vn 0.000000 -0.000002 -1.000000
vn 0.000000 -0.000002 -1.000000
vn 0.000000 -0.000002 -1.000000
vn 0.000000 -0.000002 -1.000000
vn 0.000000 -0.000002 -1.000000
vn 0.000000 -0.000002 -1.000000
vn 0.000000 -0.000002 -1.000000
vn 0.000000 0.000001 1.000000
vn 0.000000 0.000001 1.000000
vn 0.000000 0.000001 1.000000
vn 0.000000 0.000001 1.000000
vn 0.000000 0.000001 1.000000
vn 0.000000 0.000001 1.000000
vn 0.000000 0.000001 1.000000
vn 0.000000 0.000001 1.000000
vn 0.000000 0.000001 1.000000
vn 0.000000 0.000001 1.000000
vn 0.000000 0.000001 1.000000
vn 0.000000 0.000001 1.000000
vn 0.000000 0.000001 1.000000
vn 0.000000 0.000001 1.000000
s 1
g GRP_Lamp_FL GRP_Fluorescent_Lights Backrooms_Level0_Master_GRP Lamp_FL_Tube_2
f 885/2009/2521 886/2010/2522 900/2025/2523 899/2024/2524
f 886/2010/2522 887/2011/2525 901/2026/2526 900/2025/2523
f 887/2011/2525 888/2012/2527 902/2027/2528 901/2026/2526
f 888/2012/2527 889/2013/2529 903/2028/2530 902/2027/2528
f 889/2013/2529 890/2014/2531 904/2029/2532 903/2028/2530
f 890/2014/2531 891/2015/2533 905/2030/2534 904/2029/2532
f 891/2015/2533 892/2016/2535 906/2031/2536 905/2030/2534
f 892/2016/2535 893/2017/2537 907/2032/2538 906/2031/2536
f 893/2017/2537 894/2018/2539 908/2033/2540 907/2032/2538
f 894/2018/2539 895/2019/2541 909/2034/2542 908/2033/2540
f 895/2019/2541 896/2020/2543 910/2035/2544 909/2034/2542
f 896/2020/2543 897/2021/2545 911/2036/2546 910/2035/2544
f 897/2021/2545 898/2022/2547 912/2037/2548 911/2036/2546
f 898/2022/2547 885/2023/2521 899/2038/2524 912/2037/2548
s off
f 885/1995/2549 898/2008/2550 897/2007/2551 896/2006/2552 895/2005/2553 894/2004/2554 893/2003/2555 892/2002/2556 891/2001/2557 890/2000/2558 889/1999/2559 888/1998/2560 887/1997/2561 886/1996/2562
f 899/2051/2563 900/2050/2564 901/2049/2565 902/2048/2566 903/2047/2567 904/2046/2568 905/2045/2569 906/2044/2570 907/2043/2571 908/2042/2572 909/2041/2573 910/2040/2574 911/2039/2575 912/2052/2576
g default
v -172.205573 297.140457 -238.500000
v -173.005573 297.721691 -238.500000
v -173.994427 297.721691 -238.500000
v -174.794428 297.140456 -238.500000
v -175.100000 296.200000 -238.500000
v -174.794427 295.259543 -238.500000
v -173.994427 294.678309 -238.500000
v -173.005573 294.678310 -238.500000
v -172.205573 295.259544 -238.500000
v -171.900000 296.200000 -238.500000
v -172.205573 297.140457 -235.500000
v -173.005573 297.721691 -235.500000
v -173.994427 297.721691 -235.500000
v -174.794428 297.140456 -235.500000
v -175.100000 296.200000 -235.500000
v -174.794427 295.259543 -235.500000
v -173.994427 294.678309 -235.500000
v -173.005573 294.678310 -235.500000
v -172.205573 295.259544 -235.500000
v -171.900000 296.200000 -235.500000
vt 0.906388 0.051527
vt 0.656388 0.006118
vt 0.347371 0.006118
vt 0.097371 0.051527
vt 0.001880 0.125000
vt 0.097371 0.198473
vt 0.347371 0.243882
vt 0.656388 0.243882
vt 0.906388 0.198473
vt 1.001880 0.125000
vt 0.000000 0.250000
vt 0.100000 0.250000
vt 0.200000 0.250000
vt 0.300000 0.250000
vt 0.400000 0.250000
vt 0.500000 0.250000
vt 0.600000 0.250000
vt 0.700000 0.250000
vt 0.800000 0.250000
vt 0.900000 0.250000
vt 1.000000 0.250000
vt 0.000000 0.750000
vt 0.100000 0.750000
vt 0.200000 0.750000
vt 0.300000 0.750000
vt 0.400000 0.750000
vt 0.500000 0.750000
vt 0.600000 0.750000
vt 0.700000 0.750000
vt 0.800000 0.750000
vt 0.900000 0.750000
vt 1.000000 0.750000
vt 0.906388 0.801527
vt 0.656388 0.756118
vt 0.347371 0.756118
vt 0.097371 0.801527
vt 0.001880 0.875000
vt 0.097371 0.948473
vt 0.347371 0.993882
vt 0.656388 0.993882
vt 0.906388 0.948473
vt 1.001880 0.875000
vn 0.587785 0.809017 0.000000
vn 0.587785 0.809017 0.000000
vn 0.587785 0.809017 0.000000
vn 0.587785 0.809017 0.000000
vn 0.000000 1.000000 0.000000
vn 0.000000 1.000000 0.000000
vn 0.000000 1.000000 0.000000
vn 0.000000 1.000000 0.000000
vn -0.587785 0.809017 0.000000
vn -0.587785 0.809017 0.000000
vn -0.587785 0.809017 0.000000
vn -0.587785 0.809017 0.000000
vn -0.951057 0.309017 0.000000
vn -0.951057 0.309017 0.000000
vn -0.951057 0.309017 0.000000
vn -0.951057 0.309017 0.000000
vn -0.951056 -0.309017 0.000000
vn -0.951056 -0.309017 0.000000
vn -0.951056 -0.309017 0.000000
vn -0.951056 -0.309017 0.000000
vn -0.587785 -0.809017 0.000000
vn -0.587785 -0.809017 0.000000
vn -0.587785 -0.809017 0.000000
vn -0.587785 -0.809017 0.000000
vn 0.000000 -1.000000 0.000000
vn 0.000000 -1.000000 0.000000
vn 0.000000 -1.000000 0.000000
vn 0.000000 -1.000000 0.000000
vn 0.587785 -0.809017 0.000000
vn 0.587785 -0.809017 0.000000
vn 0.587785 -0.809017 0.000000
vn 0.587785 -0.809017 0.000000
vn 0.951057 -0.309017 0.000000
vn 0.951057 -0.309017 0.000000
vn 0.951057 -0.309017 0.000000
vn 0.951057 -0.309017 0.000000
vn 0.951057 0.309017 0.000000
vn 0.951057 0.309017 0.000000
vn 0.951057 0.309017 0.000000
vn 0.951057 0.309017 0.000000
vn 0.000000 -0.000000 -1.000000
vn 0.000000 -0.000000 -1.000000
vn 0.000000 -0.000000 -1.000000
vn 0.000000 -0.000000 -1.000000
vn 0.000000 -0.000000 -1.000000
vn 0.000000 -0.000000 -1.000000
vn 0.000000 -0.000000 -1.000000
vn 0.000000 -0.000000 -1.000000
vn 0.000000 -0.000000 -1.000000
vn 0.000000 -0.000000 -1.000000
vn 0.000000 -0.000000 1.000000
vn 0.000000 -0.000000 1.000000
vn 0.000000 -0.000000 1.000000
vn 0.000000 -0.000000 1.000000
vn 0.000000 -0.000000 1.000000
vn 0.000000 -0.000000 1.000000
vn 0.000000 -0.000000 1.000000
vn 0.000000 -0.000000 1.000000
vn 0.000000 -0.000000 1.000000
vn 0.000000 -0.000000 1.000000
s off
g GRP_Lamp_FL GRP_Fluorescent_Lights Backrooms_Level0_Master_GRP Lamp_FL_Cap_2_1
f 913/2063/2577 914/2064/2578 924/2075/2579 923/2074/2580
f 914/2064/2581 915/2065/2582 925/2076/2583 924/2075/2584
f 915/2065/2585 916/2066/2586 926/2077/2587 925/2076/2588
f 916/2066/2589 917/2067/2590 927/2078/2591 926/2077/2592
f 917/2067/2593 918/2068/2594 928/2079/2595 927/2078/2596
f 918/2068/2597 919/2069/2598 929/2080/2599 928/2079/2600
f 919/2069/2601 920/2070/2602 930/2081/2603 929/2080/2604
f 920/2070/2605 921/2071/2606 931/2082/2607 930/2081/2608
f 921/2071/2609 922/2072/2610 932/2083/2611 931/2082/2612
f 922/2072/2613 913/2073/2614 923/2084/2615 932/2083/2616
f 913/2053/2617 922/2062/2618 921/2061/2619 920/2060/2620 919/2059/2621 918/2058/2622 917/2057/2623 916/2056/2624 915/2055/2625 914/2054/2626
f 923/2093/2627 924/2092/2628 925/2091/2629 926/2090/2630 927/2089/2631 928/2088/2632 929/2087/2633 930/2086/2634 931/2085/2635 932/2094/2636
g default
v -172.205573 297.140457 -124.500000
v -173.005573 297.721691 -124.500000
v -173.994427 297.721691 -124.500000
v -174.794428 297.140456 -124.500000
v -175.100000 296.200000 -124.500000
v -174.794427 295.259543 -124.500000
v -173.994427 294.678309 -124.500000
v -173.005573 294.678310 -124.500000
v -172.205573 295.259544 -124.500000
v -171.900000 296.200000 -124.500000
v -172.205573 297.140457 -121.500000
v -173.005573 297.721691 -121.500000
v -173.994427 297.721691 -121.500000
v -174.794428 297.140456 -121.500000
v -175.100000 296.200000 -121.500000
v -174.794427 295.259543 -121.500000
v -173.994427 294.678309 -121.500000
v -173.005573 294.678310 -121.500000
v -172.205573 295.259544 -121.500000
v -171.900000 296.200000 -121.500000
vt 0.906388 0.051527
vt 0.656388 0.006118
vt 0.347371 0.006118
vt 0.097371 0.051527
vt 0.001880 0.125000
vt 0.097371 0.198473
vt 0.347371 0.243882
vt 0.656388 0.243882
vt 0.906388 0.198473
vt 1.001880 0.125000
vt 0.000000 0.250000
vt 0.100000 0.250000
vt 0.200000 0.250000
vt 0.300000 0.250000
vt 0.400000 0.250000
vt 0.500000 0.250000
vt 0.600000 0.250000
vt 0.700000 0.250000
vt 0.800000 0.250000
vt 0.900000 0.250000
vt 1.000000 0.250000
vt 0.000000 0.750000
vt 0.100000 0.750000
vt 0.200000 0.750000
vt 0.300000 0.750000
vt 0.400000 0.750000
vt 0.500000 0.750000
vt 0.600000 0.750000
vt 0.700000 0.750000
vt 0.800000 0.750000
vt 0.900000 0.750000
vt 1.000000 0.750000
vt 0.906388 0.801527
vt 0.656388 0.756118
vt 0.347371 0.756118
vt 0.097371 0.801527
vt 0.001880 0.875000
vt 0.097371 0.948473
vt 0.347371 0.993882
vt 0.656388 0.993882
vt 0.906388 0.948473
vt 1.001880 0.875000
vn 0.587785 0.809017 0.000000
vn 0.587785 0.809017 0.000000
vn 0.587785 0.809017 0.000000
vn 0.587785 0.809017 0.000000
vn 0.000000 1.000000 0.000000
vn 0.000000 1.000000 0.000000
vn 0.000000 1.000000 0.000000
vn 0.000000 1.000000 0.000000
vn -0.587785 0.809017 0.000000
vn -0.587785 0.809017 0.000000
vn -0.587785 0.809017 0.000000
vn -0.587785 0.809017 0.000000
vn -0.951057 0.309017 0.000000
vn -0.951057 0.309017 0.000000
vn -0.951057 0.309017 0.000000
vn -0.951057 0.309017 0.000000
vn -0.951056 -0.309017 0.000000
vn -0.951056 -0.309017 0.000000
vn -0.951056 -0.309017 0.000000
vn -0.951056 -0.309017 0.000000
vn -0.587785 -0.809017 0.000000
vn -0.587785 -0.809017 0.000000
vn -0.587785 -0.809017 0.000000
vn -0.587785 -0.809017 0.000000
vn 0.000000 -1.000000 0.000000
vn 0.000000 -1.000000 0.000000
vn 0.000000 -1.000000 0.000000
vn 0.000000 -1.000000 0.000000
vn 0.587785 -0.809017 0.000000
vn 0.587785 -0.809017 0.000000
vn 0.587785 -0.809017 0.000000
vn 0.587785 -0.809017 0.000000
vn 0.951057 -0.309017 0.000000
vn 0.951057 -0.309017 0.000000
vn 0.951057 -0.309017 0.000000
vn 0.951057 -0.309017 0.000000
vn 0.951057 0.309017 0.000000
vn 0.951057 0.309017 0.000000
vn 0.951057 0.309017 0.000000
vn 0.951057 0.309017 0.000000
vn 0.000000 -0.000000 -1.000000
vn 0.000000 -0.000000 -1.000000
vn 0.000000 -0.000000 -1.000000
vn 0.000000 -0.000000 -1.000000
vn 0.000000 -0.000000 -1.000000
vn 0.000000 -0.000000 -1.000000
vn 0.000000 -0.000000 -1.000000
vn 0.000000 -0.000000 -1.000000
vn 0.000000 -0.000000 -1.000000
vn 0.000000 -0.000000 -1.000000
vn 0.000000 -0.000000 1.000000
vn 0.000000 -0.000000 1.000000
vn 0.000000 -0.000000 1.000000
vn 0.000000 -0.000000 1.000000
vn 0.000000 -0.000000 1.000000
vn 0.000000 -0.000000 1.000000
vn 0.000000 -0.000000 1.000000
vn 0.000000 -0.000000 1.000000
vn 0.000000 -0.000000 1.000000
vn 0.000000 -0.000000 1.000000
s off
g GRP_Lamp_FL GRP_Fluorescent_Lights Backrooms_Level0_Master_GRP Lamp_FL_Cap_2_2
f 933/2105/2637 934/2106/2638 944/2117/2639 943/2116/2640
f 934/2106/2641 935/2107/2642 945/2118/2643 944/2117/2644
f 935/2107/2645 936/2108/2646 946/2119/2647 945/2118/2648
f 936/2108/2649 937/2109/2650 947/2120/2651 946/2119/2652
f 937/2109/2653 938/2110/2654 948/2121/2655 947/2120/2656
f 938/2110/2657 939/2111/2658 949/2122/2659 948/2121/2660
f 939/2111/2661 940/2112/2662 950/2123/2663 949/2122/2664
f 940/2112/2665 941/2113/2666 951/2124/2667 950/2123/2668
f 941/2113/2669 942/2114/2670 952/2125/2671 951/2124/2672
f 942/2114/2673 933/2115/2674 943/2126/2675 952/2125/2676
f 933/2095/2677 942/2104/2678 941/2103/2679 940/2102/2680 939/2101/2681 938/2100/2682 937/2099/2683 936/2098/2684 935/2097/2685 934/2096/2686
f 943/2135/2687 944/2134/2688 945/2133/2689 946/2132/2690 947/2131/2691 948/2130/2692 949/2129/2693 950/2128/2694 951/2127/2695 952/2136/2696
g default
v -195.000000 294.200000 -121.000000
v -165.000000 294.200000 -121.000000
v -195.000000 294.800000 -121.000000
v -165.000000 294.800000 -121.000000
v -195.000000 294.800000 -239.000000
v -165.000000 294.800000 -239.000000
v -195.000000 294.200000 -239.000000
v -165.000000 294.200000 -239.000000
vt 0.330000 0.000000
vt 0.663333 0.000000
vt 0.330000 0.250000
vt 0.663333 0.250000
vt 0.330000 0.500000
vt 0.663333 0.500000
vt 0.330000 0.750000
vt 0.663333 0.750000
vt 0.330000 1.000000
vt 0.663333 1.000000
vt 1.000000 0.000000
vt 1.000000 0.250000
vt 0.000000 0.000000
vt 0.000000 0.250000
vn 0.000000 0.000000 1.000000
vn 0.000000 0.000000 1.000000
vn 0.000000 0.000000 1.000000
vn 0.000000 0.000000 1.000000
vn 0.000000 1.000000 0.000000
vn 0.000000 1.000000 0.000000
vn 0.000000 1.000000 0.000000
vn 0.000000 1.000000 0.000000
vn 0.000000 0.000000 -1.000000
vn 0.000000 0.000000 -1.000000
vn 0.000000 0.000000 -1.000000
vn 0.000000 0.000000 -1.000000
vn 0.000000 -1.000000 0.000000
vn 0.000000 -1.000000 0.000000
vn 0.000000 -1.000000 0.000000
vn 0.000000 -1.000000 0.000000
vn 1.000000 0.000000 0.000000
vn 1.000000 0.000000 0.000000
vn 1.000000 0.000000 0.000000
vn 1.000000 0.000000 0.000000
vn -1.000000 0.000000 0.000000
vn -1.000000 0.000000 0.000000
vn -1.000000 0.000000 0.000000
vn -1.000000 0.000000 0.000000
s off
g GRP_Lamp_FL GRP_Fluorescent_Lights Backrooms_Level0_Master_GRP Lamp_FL_Diffuser
f 953/2137/2697 954/2138/2698 956/2140/2699 955/2139/2700
f 955/2139/2701 956/2140/2702 958/2142/2703 957/2141/2704
f 957/2141/2705 958/2142/2706 960/2144/2707 959/2143/2708
f 959/2143/2709 960/2144/2710 954/2146/2711 953/2145/2712
f 954/2138/2713 960/2147/2714 958/2148/2715 956/2140/2716
f 959/2149/2717 953/2137/2718 955/2139/2719 957/2150/2720
g default
v -196.953142 294.046858 -118.159985
v -196.840015 294.000000 -118.159985
v -196.840015 294.046858 -118.046860
v -196.840015 294.159984 -118.000000
v -196.953142 294.159984 -118.046860
v -197.000000 294.159984 -118.159985
v -163.046858 294.046858 -118.159985
v -163.000000 294.159984 -118.159985
v -163.046858 294.159984 -118.046860
v -163.159985 294.159984 -118.000000
v -163.159985 294.046858 -118.046860
v -163.159985 294.000000 -118.159985
v -196.953142 301.953142 -118.159985
v -197.000000 301.840016 -118.159985
v -196.953142 301.840016 -118.046860
v -196.840015 301.840016 -118.000000
v -196.840015 301.953142 -118.046860
v -196.840015 302.000000 -118.159985
v -163.046858 301.953142 -118.159985
v -163.159985 302.000000 -118.159985
v -163.159985 301.953142 -118.046860
v -163.159985 301.840016 -118.000000
v -163.046858 301.840016 -118.046860
v -163.000000 301.840016 -118.159985
v -196.953142 301.840016 -241.953140
v -197.000000 301.840016 -241.840015
v -196.953142 301.953142 -241.840015
v -196.840015 302.000000 -241.840015
v -196.840015 301.953142 -241.953140
v -196.840015 301.840016 -242.000000
v -163.046858 301.840016 -241.953140
v -163.159985 301.840016 -242.000000
v -163.159985 301.953142 -241.953140
v -163.159985 302.000000 -241.840015
v -163.046858 301.953142 -241.840015
v -163.000000 301.840016 -241.840015
v -196.953142 294.046858 -241.840015
v -197.000000 294.159984 -241.840015
v -196.953142 294.159984 -241.953140
v -196.840015 294.159984 -242.000000
v -196.840015 294.046858 -241.953140
v -196.840015 294.000000 -241.840015
v -163.046858 294.046858 -241.840015
v -163.159985 294.000000 -241.840015
v -163.159985 294.046858 -241.953140
v -163.159985 294.159984 -242.000000
v -163.046858 294.159984 -241.953140
v -163.000000 294.159984 -241.840015
vt 0.331569 0.999677
vt 0.331568 0.750323
vt 0.329574 0.005000
vt 0.000426 0.005000
vt 0.331568 0.004999
vt 0.661765 0.005000
vt 0.331569 0.999677
vt 0.661765 0.999677
vt 0.329574 0.005000
vt 0.329574 0.245000
vt 0.331568 0.004999
vt 0.331569 0.245000
vt 0.663768 0.005000
vt 0.999566 0.005000
vt 0.661765 0.999677
vt 0.661765 0.750323
vt 0.661765 0.005000
vt 0.661765 0.245000
vt 0.663768 0.005000
vt 0.663768 0.245000
vt 0.329574 0.245000
vt 0.000426 0.245000
vt 0.331568 0.250323
vt 0.331569 0.499677
vt 0.331568 0.250323
vt 0.661765 0.250323
vt 0.331569 0.245000
vt 0.661765 0.245000
vt 0.661765 0.250323
vt 0.661765 0.499677
vt 0.663768 0.245000
vt 0.999566 0.245000
vt 0.000426 0.245000
vt 0.000426 0.005000
vt 0.331568 0.504999
vt 0.331569 0.745000
vt 0.331568 0.504999
vt 0.661765 0.505000
vt 0.331569 0.499677
vt 0.661765 0.499677
vt 0.661765 0.505000
vt 0.661765 0.745000
vt 0.999566 0.245000
vt 0.999566 0.005000
vt 0.331568 0.750323
vt 0.661765 0.750323
vt 0.331569 0.745000
vt 0.661765 0.745000
vt 0.331568 0.004999
vt 0.661765 0.005000
vt 0.661765 0.245000
vt 0.331569 0.245000
vt 0.331568 0.250323
vt 0.661765 0.250323
vt 0.661765 0.499677
vt 0.331569 0.499677
vt 0.331568 0.504999
vt 0.661765 0.505000
vt 0.661765 0.745000
vt 0.331569 0.745000
vt 0.331568 0.750323
vt 0.661765 0.750323
vt 0.661765 0.999677
vt 0.331569 0.999677
vt 0.663768 0.005000
vt 0.999566 0.005000
vt 0.999566 0.245000
vt 0.663768 0.245000
vt 0.000426 0.005000
vt 0.329574 0.005000
vt 0.329574 0.245000
vt 0.000426 0.245000
vt 0.331568 0.000000
vt 0.331568 0.004999
vt 0.329574 0.005000
vt 0.663768 0.005000
vt 0.661765 0.005000
vt 0.661765 0.000000
vt 0.329574 0.245000
vt 0.331569 0.245000
vt 0.331568 0.250323
vt 0.661765 0.250323
vt 0.661765 0.245000
vt 0.663768 0.245000
vt 0.330000 0.499677
vt 0.331569 0.499677
vt 0.331568 0.504999
vt 0.661765 0.505000
vt 0.661765 0.499677
vt 0.663333 0.499677
vt 0.330000 0.745000
vt 0.331569 0.745000
vt 0.331568 0.750323
vt 0.661765 0.750323
vt 0.661765 0.745000
vt 0.663333 0.745000
vt 0.331241 0.000005
vt 0.331567 0.999426
vt 0.332760 0.000000
vt 0.332760 0.999677
vt 0.330571 0.005058
vt 0.662099 0.000005
vt 0.661766 0.999426
vt 0.662754 0.005011
vt 0.660573 0.999677
vt 0.660573 0.000000
vt 0.330000 0.250000
vt 0.330572 0.244989
vt 0.331573 0.247662
vt 0.663333 0.250000
vt 0.661764 0.247663
vt 0.662766 0.244942
vt 0.330000 0.503468
vt 0.000426 0.241292
vt 0.330000 0.499431
vt 0.000752 0.245005
vt 0.331573 0.502338
vt 0.663333 0.503468
vt 0.999566 0.241292
vt 0.661764 0.502337
vt 0.999233 0.245005
vt 0.663333 0.499431
vt 0.000753 0.004995
vt 0.330002 0.745252
vt 0.330000 0.741210
vt 0.000426 0.008708
vt 0.331573 0.747662
vt 0.663332 0.745252
vt 0.999232 0.004995
vt 0.661764 0.747653
vt 0.999566 0.008708
vt 0.663333 0.741210
vn -0.382683 -0.923880 0.000000
vn -0.382683 -0.923880 0.000000
vn -0.382683 -0.923880 0.000000
vn -0.382683 -0.923880 0.000000
vn -0.923880 -0.382682 0.000000
vn -0.923880 -0.382682 0.000000
vn -0.923880 -0.382682 0.000000
vn -0.923880 -0.382682 0.000000
vn 0.000000 -0.382693 0.923876
vn 0.000000 -0.382693 0.923876
vn 0.000000 -0.382693 0.923876
vn 0.000000 -0.382693 0.923876
vn 0.000000 -0.923879 0.382686
vn 0.000000 -0.923879 0.382686
vn 0.000000 -0.923879 0.382686
vn 0.000000 -0.923879 0.382686
vn -0.923880 0.000000 0.382682
vn -0.923880 0.000000 0.382682
vn -0.923880 0.000000 0.382682
vn -0.923880 0.000000 0.382682
vn -0.382672 0.000000 0.923884
vn -0.382672 0.000000 0.923884
vn -0.382672 0.000000 0.923884
vn -0.382672 0.000000 0.923884
vn 0.923880 -0.382682 0.000000
vn 0.923880 -0.382682 0.000000
vn 0.923880 -0.382682 0.000000
vn 0.923880 -0.382682 0.000000
vn 0.382683 -0.923880 0.000000
vn 0.382683 -0.923880 0.000000
vn 0.382683 -0.923880 0.000000
vn 0.382683 -0.923880 0.000000
vn 0.382672 0.000000 0.923884
vn 0.382672 0.000000 0.923884
vn 0.382672 0.000000 0.923884
vn 0.382672 0.000000 0.923884
vn 0.923880 0.000000 0.382682
vn 0.923880 0.000000 0.382682
vn 0.923880 0.000000 0.382682
vn 0.923880 0.000000 0.382682
vn -0.923880 0.382682 0.000000
vn -0.923880 0.382682 0.000000
vn -0.923880 0.382682 0.000000
vn -0.923880 0.382682 0.000000
vn -0.382683 0.923880 0.000000
vn -0.382683 0.923880 0.000000
vn -0.382683 0.923880 0.000000
vn -0.382683 0.923880 0.000000
vn 0.000000 0.923879 0.382686
vn 0.000000 0.923879 0.382686
vn 0.000000 0.923879 0.382686
vn 0.000000 0.923879 0.382686
vn 0.000000 0.382693 0.923876
vn 0.000000 0.382693 0.923876
vn 0.000000 0.382693 0.923876
vn 0.000000 0.382693 0.923876
vn 0.382683 0.923880 0.000000
vn 0.382683 0.923880 0.000000
vn 0.382683 0.923880 0.000000
vn 0.382683 0.923880 0.000000
vn 0.923880 0.382682 0.000000
vn 0.923880 0.382682 0.000000
vn 0.923880 0.382682 0.000000
vn 0.923880 0.382682 0.000000
vn -0.923880 0.000000 -0.382682
vn -0.923880 0.000000 -0.382682
vn -0.923880 0.000000 -0.382682
vn -0.923880 0.000000 -0.382682
vn -0.382672 0.000000 -0.923884
vn -0.382672 0.000000 -0.923884
vn -0.382672 0.000000 -0.923884
vn -0.382672 0.000000 -0.923884
vn 0.000000 0.382693 -0.923876
vn 0.000000 0.382693 -0.923876
vn 0.000000 0.382693 -0.923876
vn 0.000000 0.382693 -0.923876
vn 0.000000 0.923879 -0.382686
vn 0.000000 0.923879 -0.382686
vn 0.000000 0.923879 -0.382686
vn 0.000000 0.923879 -0.382686
vn 0.382672 0.000000 -0.923884
vn 0.382672 0.000000 -0.923884
vn 0.382672 0.000000 -0.923884
vn 0.382672 0.000000 -0.923884
vn 0.923880 0.000000 -0.382682
vn 0.923880 0.000000 -0.382682
vn 0.923880 0.000000 -0.382682
vn 0.923880 0.000000 -0.382682
vn 0.000000 -0.923879 -0.382686
vn 0.000000 -0.923879 -0.382686
vn 0.000000 -0.923879 -0.382686
vn 0.000000 -0.923879 -0.382686
vn 0.000000 -0.382693 -0.923876
vn 0.000000 -0.382693 -0.923876
vn 0.000000 -0.382693 -0.923876
vn 0.000000 -0.382693 -0.923876
vn 0.000000 0.000000 1.000000
vn 0.000000 0.000000 1.000000
vn 0.000000 0.000000 1.000000
vn 0.000000 0.000000 1.000000
vn 0.000000 1.000000 0.000000
vn 0.000000 1.000000 0.000000
vn 0.000000 1.000000 0.000000
vn 0.000000 1.000000 0.000000
vn 0.000000 0.000000 -1.000000
vn 0.000000 0.000000 -1.000000
vn 0.000000 0.000000 -1.000000
vn 0.000000 0.000000 -1.000000
vn 0.000000 -1.000000 0.000000
vn 0.000000 -1.000000 0.000000
vn 0.000000 -1.000000 0.000000
vn 0.000000 -1.000000 0.000000
vn 1.000000 0.000000 0.000000
vn 1.000000 0.000000 0.000000
vn 1.000000 0.000000 0.000000
vn 1.000000 0.000000 0.000000
vn -1.000000 0.000000 0.000000
vn -1.000000 0.000000 0.000000
vn -1.000000 0.000000 0.000000
vn -1.000000 0.000000 0.000000
vn -0.577340 -0.577355 0.577357
vn -0.577340 -0.577355 0.577357
vn -0.577340 -0.577355 0.577357
vn -0.577340 -0.577355 0.577357
vn -0.577340 -0.577355 0.577357
vn -0.577340 -0.577355 0.577357
vn 0.577341 -0.577352 0.577358
vn 0.577341 -0.577352 0.577358
vn 0.577341 -0.577352 0.577358
vn 0.577341 -0.577352 0.577358
vn 0.577341 -0.577352 0.577358
vn 0.577341 -0.577352 0.577358
vn -0.577341 0.577352 0.577358
vn -0.577341 0.577352 0.577358
vn -0.577341 0.577352 0.577358
vn -0.577341 0.577352 0.577358
vn -0.577341 0.577352 0.577358
vn -0.577341 0.577352 0.577358
vn 0.577340 0.577355 0.577357
vn 0.577340 0.577355 0.577357
vn 0.577340 0.577355 0.577357
vn 0.577340 0.577355 0.577357
vn 0.577340 0.577355 0.577357
vn 0.577340 0.577355 0.577357
vn -0.577330 0.577358 -0.577362
vn -0.577330 0.577359 -0.577362
vn -0.577330 0.577359 -0.577362
vn -0.577330 0.577359 -0.577362
vn -0.577330 0.577359 -0.577362
vn -0.577330 0.577359 -0.577362
vn 0.577350 0.577350 -0.577352
vn 0.577350 0.577350 -0.577352
vn 0.577350 0.577350 -0.577352
vn 0.577350 0.577350 -0.577352
vn 0.577350 0.577350 -0.577352
vn 0.577350 0.577350 -0.577352
vn -0.577341 -0.577352 -0.577358
vn -0.577341 -0.577352 -0.577358
vn -0.577341 -0.577352 -0.577358
vn -0.577341 -0.577352 -0.577358
vn -0.577341 -0.577352 -0.577358
vn -0.577341 -0.577352 -0.577358
vn 0.577340 -0.577355 -0.577357
vn 0.577340 -0.577355 -0.577357
vn 0.577340 -0.577355 -0.577357
vn 0.577340 -0.577355 -0.577357
vn 0.577340 -0.577355 -0.577357
vn 0.577340 -0.577355 -0.577357
s off
g Lamp_FL_Housing GRP_Lamp_FL GRP_Fluorescent_Lights Backrooms_Level0_Master_GRP
f 962/2157/2721 961/2248/2722 997/2274/2723 1002/2211/2724
f 961/2247/2725 966/2220/2726 998/2184/2727 997/2273/2728
f 964/2161/2729 963/2249/2730 971/2256/2731 970/2200/2732
f 963/2250/2733 962/2157/2734 972/2165/2735 971/2255/2736
f 966/2220/2737 965/2251/2738 975/2258/2739 974/2221/2740
f 965/2251/2741 964/2161/2742 976/2177/2743 975/2258/2744
f 968/2169/2745 967/2252/2746 1003/2279/2747 1008/2194/2748
f 967/2253/2749 972/2165/2750 1004/2196/2751 1003/2278/2752
f 970/2200/2753 969/2254/2754 983/2262/2755 982/2178/2756
f 969/2254/2757 968/2169/2758 984/2181/2759 983/2262/2760
f 974/2221/2761 973/2257/2762 987/2266/2763 986/2222/2764
f 973/2257/2765 978/2203/2766 988/2189/2767 987/2265/2768
f 978/2203/2769 977/2259/2770 981/2261/2771 980/2204/2772
f 977/2259/2773 976/2177/2774 982/2178/2775 981/2261/2776
f 980/2204/2777 979/2260/2778 995/2272/2779 994/2190/2780
f 979/2260/2781 984/2181/2782 996/2193/2783 995/2271/2784
f 986/2222/2785 985/2264/2786 999/2276/2787 998/2184/2788
f 985/2263/2789 990/2207/2790 1000/2197/2791 999/2275/2792
f 990/2207/2793 989/2267/2794 993/2270/2795 992/2208/2796
f 989/2267/2797 988/2189/2798 994/2190/2799 993/2270/2800
f 992/2208/2801 991/2268/2802 1007/2282/2803 1006/2198/2804
f 991/2269/2805 996/2193/2806 1008/2194/2807 1007/2281/2808
f 1002/2211/2809 1001/2277/2810 1005/2280/2811 1004/2196/2812
f 1001/2277/2813 1000/2197/2814 1006/2198/2815 1005/2280/2816
f 964/2161/2817 970/2200/2818 982/2178/2819 976/2177/2820
f 978/2203/2821 980/2204/2822 994/2190/2823 988/2189/2824
f 990/2207/2825 992/2208/2826 1006/2198/2827 1000/2197/2828
f 1002/2211/2829 1004/2196/2830 972/2165/2831 962/2157/2832
f 968/2169/2833 1008/2194/2834 996/2193/2835 984/2181/2836
f 998/2184/2837 966/2220/2838 974/2221/2839 986/2222/2840
f 961/2247/2841 962/2223/2842 963/2249/2843 964/2161/2844 965/2251/2845 966/2220/2846
f 967/2252/2847 968/2169/2848 969/2254/2849 970/2200/2850 971/2256/2851 972/2228/2852
f 973/2257/2853 974/2221/2854 975/2258/2855 976/2177/2856 977/2259/2857 978/2203/2858
f 979/2260/2859 980/2204/2860 981/2261/2861 982/2178/2862 983/2262/2863 984/2181/2864
f 985/2263/2865 986/2235/2866 987/2265/2867 988/2189/2868 989/2267/2869 990/2207/2870
f 991/2268/2871 992/2208/2872 993/2270/2873 994/2190/2874 995/2272/2875 996/2240/2876
f 997/2274/2877 998/2241/2878 999/2275/2879 1000/2197/2880 1001/2277/2881 1002/2211/2882
f 1003/2278/2883 1004/2196/2884 1005/2280/2885 1006/2198/2886 1007/2282/2887 1008/2246/2888
g default
v -196.953142 294.046858 -118.159985
v -196.840015 294.000000 -118.159985
v -196.840015 294.046858 -118.046860
v -196.840015 294.159984 -118.000000
v -196.953142 294.159984 -118.046860
v -197.000000 294.159984 -118.159985
v -163.046858 294.046858 -118.159985
v -163.000000 294.159984 -118.159985
v -163.046858 294.159984 -118.046860
v -163.159985 294.159984 -118.000000
v -163.159985 294.046858 -118.046860
v -163.159985 294.000000 -118.159985
v -196.953142 301.953142 -118.159985
v -197.000000 301.840016 -118.159985
v -196.953142 301.840016 -118.046860
v -196.840015 301.840016 -118.000000
v -196.840015 301.953142 -118.046860
v -196.840015 302.000000 -118.159985
v -163.046858 301.953142 -118.159985
v -163.159985 302.000000 -118.159985
v -163.159985 301.953142 -118.046860
v -163.159985 301.840016 -118.000000
v -163.046858 301.840016 -118.046860
v -163.000000 301.840016 -118.159985
v -196.953142 301.840016 -241.953140
v -197.000000 301.840016 -241.840015
v -196.953142 301.953142 -241.840015
v -196.840015 302.000000 -241.840015
v -196.840015 301.953142 -241.953140
v -196.840015 301.840016 -242.000000
v -163.046858 301.840016 -241.953140
v -163.159985 301.840016 -242.000000
v -163.159985 301.953142 -241.953140
v -163.159985 302.000000 -241.840015
v -163.046858 301.953142 -241.840015
v -163.000000 301.840016 -241.840015
v -196.953142 294.046858 -241.840015
v -197.000000 294.159984 -241.840015
v -196.953142 294.159984 -241.953140
v -196.840015 294.159984 -242.000000
v -196.840015 294.046858 -241.953140
v -196.840015 294.000000 -241.840015
v -163.046858 294.046858 -241.840015
v -163.159985 294.000000 -241.840015
v -163.159985 294.046858 -241.953140
v -163.159985 294.159984 -242.000000
v -163.046858 294.159984 -241.953140
v -163.000000 294.159984 -241.840015
vt 0.331569 0.999677
vt 0.331568 0.750323
vt 0.329574 0.005000
vt 0.000426 0.005000
vt 0.331568 0.004999
vt 0.661765 0.005000
vt 0.331569 0.999677
vt 0.661765 0.999677
vt 0.329574 0.005000
vt 0.329574 0.245000
vt 0.331568 0.004999
vt 0.331569 0.245000
vt 0.663768 0.005000
vt 0.999566 0.005000
vt 0.661765 0.999677
vt 0.661765 0.750323
vt 0.661765 0.005000
vt 0.661765 0.245000
vt 0.663768 0.005000
vt 0.663768 0.245000
vt 0.329574 0.245000
vt 0.000426 0.245000
vt 0.331568 0.250323
vt 0.331569 0.499677
vt 0.331568 0.250323
vt 0.661765 0.250323
vt 0.331569 0.245000
vt 0.661765 0.245000
vt 0.661765 0.250323
vt 0.661765 0.499677
vt 0.663768 0.245000
vt 0.999566 0.245000
vt 0.000426 0.245000
vt 0.000426 0.005000
vt 0.331568 0.504999
vt 0.331569 0.745000
vt 0.331568 0.504999
vt 0.661765 0.505000
vt 0.331569 0.499677
vt 0.661765 0.499677
vt 0.661765 0.505000
vt 0.661765 0.745000
vt 0.999566 0.245000
vt 0.999566 0.005000
vt 0.331568 0.750323
vt 0.661765 0.750323
vt 0.331569 0.745000
vt 0.661765 0.745000
vt 0.331568 0.004999
vt 0.661765 0.005000
vt 0.661765 0.245000
vt 0.331569 0.245000
vt 0.331568 0.250323
vt 0.661765 0.250323
vt 0.661765 0.499677
vt 0.331569 0.499677
vt 0.331568 0.504999
vt 0.661765 0.505000
vt 0.661765 0.745000
vt 0.331569 0.745000
vt 0.331568 0.750323
vt 0.661765 0.750323
vt 0.661765 0.999677
vt 0.331569 0.999677
vt 0.663768 0.005000
vt 0.999566 0.005000
vt 0.999566 0.245000
vt 0.663768 0.245000
vt 0.000426 0.005000
vt 0.329574 0.005000
vt 0.329574 0.245000
vt 0.000426 0.245000
vt 0.331568 0.000000
vt 0.331568 0.004999
vt 0.329574 0.005000
vt 0.663768 0.005000
vt 0.661765 0.005000
vt 0.661765 0.000000
vt 0.329574 0.245000
vt 0.331569 0.245000
vt 0.331568 0.250323
vt 0.661765 0.250323
vt 0.661765 0.245000
vt 0.663768 0.245000
vt 0.330000 0.499677
vt 0.331569 0.499677
vt 0.331568 0.504999
vt 0.661765 0.505000
vt 0.661765 0.499677
vt 0.663333 0.499677
vt 0.330000 0.745000
vt 0.331569 0.745000
vt 0.331568 0.750323
vt 0.661765 0.750323
vt 0.661765 0.745000
vt 0.663333 0.745000
vt 0.331241 0.000005
vt 0.331567 0.999426
vt 0.332760 0.000000
vt 0.332760 0.999677
vt 0.330571 0.005058
vt 0.662099 0.000005
vt 0.661766 0.999426
vt 0.662754 0.005011
vt 0.660573 0.999677
vt 0.660573 0.000000
vt 0.330000 0.250000
vt 0.330572 0.244989
vt 0.331573 0.247662
vt 0.663333 0.250000
vt 0.661764 0.247663
vt 0.662766 0.244942
vt 0.330000 0.503468
vt 0.000426 0.241292
vt 0.330000 0.499431
vt 0.000752 0.245005
vt 0.331573 0.502338
vt 0.663333 0.503468
vt 0.999566 0.241292
vt 0.661764 0.502337
vt 0.999233 0.245005
vt 0.663333 0.499431
vt 0.000753 0.004995
vt 0.330002 0.745252
vt 0.330000 0.741210
vt 0.000426 0.008708
vt 0.331573 0.747662
vt 0.663332 0.745252
vt 0.999232 0.004995
vt 0.661764 0.747653
vt 0.999566 0.008708
vt 0.663333 0.741210
vn -0.382683 -0.923880 0.000000
vn -0.382683 -0.923880 0.000000
vn -0.382683 -0.923880 0.000000
vn -0.382683 -0.923880 0.000000
vn -0.923880 -0.382682 0.000000
vn -0.923880 -0.382682 0.000000
vn -0.923880 -0.382682 0.000000
vn -0.923880 -0.382682 0.000000
vn 0.000000 -0.382693 0.923876
vn 0.000000 -0.382693 0.923876
vn 0.000000 -0.382693 0.923876
vn 0.000000 -0.382693 0.923876
vn 0.000000 -0.923879 0.382686
vn 0.000000 -0.923879 0.382686
vn 0.000000 -0.923879 0.382686
vn 0.000000 -0.923879 0.382686
vn -0.923880 0.000000 0.382682
vn -0.923880 0.000000 0.382682
vn -0.923880 0.000000 0.382682
vn -0.923880 0.000000 0.382682
vn -0.382672 0.000000 0.923884
vn -0.382672 0.000000 0.923884
vn -0.382672 0.000000 0.923884
vn -0.382672 0.000000 0.923884
vn 0.923880 -0.382682 0.000000
vn 0.923880 -0.382682 0.000000
vn 0.923880 -0.382682 0.000000
vn 0.923880 -0.382682 0.000000
vn 0.382683 -0.923880 0.000000
vn 0.382683 -0.923880 0.000000
vn 0.382683 -0.923880 0.000000
vn 0.382683 -0.923880 0.000000
vn 0.382672 0.000000 0.923884
vn 0.382672 0.000000 0.923884
vn 0.382672 0.000000 0.923884
vn 0.382672 0.000000 0.923884
vn 0.923880 0.000000 0.382682
vn 0.923880 0.000000 0.382682
vn 0.923880 0.000000 0.382682
vn 0.923880 0.000000 0.382682
vn -0.923880 0.382682 0.000000
vn -0.923880 0.382682 0.000000
vn -0.923880 0.382682 0.000000
vn -0.923880 0.382682 0.000000
vn -0.382683 0.923880 0.000000
vn -0.382683 0.923880 0.000000
vn -0.382683 0.923880 0.000000
vn -0.382683 0.923880 0.000000
vn 0.000000 0.923879 0.382686
vn 0.000000 0.923879 0.382686
vn 0.000000 0.923879 0.382686
vn 0.000000 0.923879 0.382686
vn 0.000000 0.382693 0.923876
vn 0.000000 0.382693 0.923876
vn 0.000000 0.382693 0.923876
vn 0.000000 0.382693 0.923876
vn 0.382683 0.923880 0.000000
vn 0.382683 0.923880 0.000000
vn 0.382683 0.923880 0.000000
vn 0.382683 0.923880 0.000000
vn 0.923880 0.382682 0.000000
vn 0.923880 0.382682 0.000000
vn 0.923880 0.382682 0.000000
vn 0.923880 0.382682 0.000000
vn -0.923880 0.000000 -0.382682
vn -0.923880 0.000000 -0.382682
vn -0.923880 0.000000 -0.382682
vn -0.923880 0.000000 -0.382682
vn -0.382672 0.000000 -0.923884
vn -0.382672 0.000000 -0.923884
vn -0.382672 0.000000 -0.923884
vn -0.382672 0.000000 -0.923884
vn 0.000000 0.382693 -0.923876
vn 0.000000 0.382693 -0.923876
vn 0.000000 0.382693 -0.923876
vn 0.000000 0.382693 -0.923876
vn 0.000000 0.923879 -0.382686
vn 0.000000 0.923879 -0.382686
vn 0.000000 0.923879 -0.382686
vn 0.000000 0.923879 -0.382686
vn 0.382672 0.000000 -0.923884
vn 0.382672 0.000000 -0.923884
vn 0.382672 0.000000 -0.923884
vn 0.382672 0.000000 -0.923884
vn 0.923880 0.000000 -0.382682
vn 0.923880 0.000000 -0.382682
vn 0.923880 0.000000 -0.382682
vn 0.923880 0.000000 -0.382682
vn 0.000000 -0.923879 -0.382686
vn 0.000000 -0.923879 -0.382686
vn 0.000000 -0.923879 -0.382686
vn 0.000000 -0.923879 -0.382686
vn 0.000000 -0.382693 -0.923876
vn 0.000000 -0.382693 -0.923876
vn 0.000000 -0.382693 -0.923876
vn 0.000000 -0.382693 -0.923876
vn 0.000000 0.000000 1.000000
vn 0.000000 0.000000 1.000000
vn 0.000000 0.000000 1.000000
vn 0.000000 0.000000 1.000000
vn 0.000000 1.000000 0.000000
vn 0.000000 1.000000 0.000000
vn 0.000000 1.000000 0.000000
vn 0.000000 1.000000 0.000000
vn 0.000000 0.000000 -1.000000
vn 0.000000 0.000000 -1.000000
vn 0.000000 0.000000 -1.000000
vn 0.000000 0.000000 -1.000000
vn 0.000000 -1.000000 0.000000
vn 0.000000 -1.000000 0.000000
vn 0.000000 -1.000000 0.000000
vn 0.000000 -1.000000 0.000000
vn 1.000000 0.000000 0.000000
vn 1.000000 0.000000 0.000000
vn 1.000000 0.000000 0.000000
vn 1.000000 0.000000 0.000000
vn -1.000000 0.000000 0.000000
vn -1.000000 0.000000 0.000000
vn -1.000000 0.000000 0.000000
vn -1.000000 0.000000 0.000000
vn -0.577340 -0.577355 0.577357
vn -0.577340 -0.577355 0.577357
vn -0.577340 -0.577355 0.577357
vn -0.577340 -0.577355 0.577357
vn -0.577340 -0.577355 0.577357
vn -0.577340 -0.577355 0.577357
vn 0.577341 -0.577352 0.577358
vn 0.577341 -0.577352 0.577358
vn 0.577341 -0.577352 0.577358
vn 0.577341 -0.577352 0.577358
vn 0.577341 -0.577352 0.577358
vn 0.577341 -0.577352 0.577358
vn -0.577341 0.577352 0.577358
vn -0.577341 0.577352 0.577358
vn -0.577341 0.577352 0.577358
vn -0.577341 0.577352 0.577358
vn -0.577341 0.577352 0.577358
vn -0.577341 0.577352 0.577358
vn 0.577340 0.577355 0.577357
vn 0.577340 0.577355 0.577357
vn 0.577340 0.577355 0.577357
vn 0.577340 0.577355 0.577357
vn 0.577340 0.577355 0.577357
vn 0.577340 0.577355 0.577357
vn -0.577330 0.577358 -0.577362
vn -0.577330 0.577359 -0.577362
vn -0.577330 0.577359 -0.577362
vn -0.577330 0.577359 -0.577362
vn -0.577330 0.577359 -0.577362
vn -0.577330 0.577359 -0.577362
vn 0.577350 0.577350 -0.577352
vn 0.577350 0.577350 -0.577352
vn 0.577350 0.577350 -0.577352
vn 0.577350 0.577350 -0.577352
vn 0.577350 0.577350 -0.577352
vn 0.577350 0.577350 -0.577352
vn -0.577341 -0.577352 -0.577358
vn -0.577341 -0.577352 -0.577358
vn -0.577341 -0.577352 -0.577358
vn -0.577341 -0.577352 -0.577358
vn -0.577341 -0.577352 -0.577358
vn -0.577341 -0.577352 -0.577358
vn 0.577340 -0.577355 -0.577357
vn 0.577340 -0.577355 -0.577357
vn 0.577340 -0.577355 -0.577357
vn 0.577340 -0.577355 -0.577357
vn 0.577340 -0.577355 -0.577357
vn 0.577340 -0.577355 -0.577357
s off
g Lamp_FL_Housing GRP_Lamp_FL GRP_Fluorescent_Lights Backrooms_Level0_Master_GRP
f 1010/2289/2889 1009/2380/2890 1045/2406/2891 1050/2343/2892
f 1009/2379/2893 1014/2352/2894 1046/2316/2895 1045/2405/2896
f 1012/2293/2897 1011/2381/2898 1019/2388/2899 1018/2332/2900
f 1011/2382/2901 1010/2289/2902 1020/2297/2903 1019/2387/2904
f 1014/2352/2905 1013/2383/2906 1023/2390/2907 1022/2353/2908
f 1013/2383/2909 1012/2293/2910 1024/2309/2911 1023/2390/2912
f 1016/2301/2913 1015/2384/2914 1051/2411/2915 1056/2326/2916
f 1015/2385/2917 1020/2297/2918 1052/2328/2919 1051/2410/2920
f 1018/2332/2921 1017/2386/2922 1031/2394/2923 1030/2310/2924
f 1017/2386/2925 1016/2301/2926 1032/2313/2927 1031/2394/2928
f 1022/2353/2929 1021/2389/2930 1035/2398/2931 1034/2354/2932
f 1021/2389/2933 1026/2335/2934 1036/2321/2935 1035/2397/2936
f 1026/2335/2937 1025/2391/2938 1029/2393/2939 1028/2336/2940
f 1025/2391/2941 1024/2309/2942 1030/2310/2943 1029/2393/2944
f 1028/2336/2945 1027/2392/2946 1043/2404/2947 1042/2322/2948
f 1027/2392/2949 1032/2313/2950 1044/2325/2951 1043/2403/2952
f 1034/2354/2953 1033/2396/2954 1047/2408/2955 1046/2316/2956
f 1033/2395/2957 1038/2339/2958 1048/2329/2959 1047/2407/2960
f 1038/2339/2961 1037/2399/2962 1041/2402/2963 1040/2340/2964
f 1037/2399/2965 1036/2321/2966 1042/2322/2967 1041/2402/2968
f 1040/2340/2969 1039/2400/2970 1055/2414/2971 1054/2330/2972
f 1039/2401/2973 1044/2325/2974 1056/2326/2975 1055/2413/2976
f 1050/2343/2977 1049/2409/2978 1053/2412/2979 1052/2328/2980
f 1049/2409/2981 1048/2329/2982 1054/2330/2983 1053/2412/2984
f 1012/2293/2985 1018/2332/2986 1030/2310/2987 1024/2309/2988
f 1026/2335/2989 1028/2336/2990 1042/2322/2991 1036/2321/2992
f 1038/2339/2993 1040/2340/2994 1054/2330/2995 1048/2329/2996
f 1050/2343/2997 1052/2328/2998 1020/2297/2999 1010/2289/3000
f 1016/2301/3001 1056/2326/3002 1044/2325/3003 1032/2313/3004
f 1046/2316/3005 1014/2352/3006 1022/2353/3007 1034/2354/3008
f 1009/2379/3009 1010/2355/3010 1011/2381/3011 1012/2293/3012 1013/2383/3013 1014/2352/3014
f 1015/2384/3015 1016/2301/3016 1017/2386/3017 1018/2332/3018 1019/2388/3019 1020/2360/3020
f 1021/2389/3021 1022/2353/3022 1023/2390/3023 1024/2309/3024 1025/2391/3025 1026/2335/3026
f 1027/2392/3027 1028/2336/3028 1029/2393/3029 1030/2310/3030 1031/2394/3031 1032/2313/3032
f 1033/2395/3033 1034/2367/3034 1035/2397/3035 1036/2321/3036 1037/2399/3037 1038/2339/3038
f 1039/2400/3039 1040/2340/3040 1041/2402/3041 1042/2322/3042 1043/2404/3043 1044/2372/3044
f 1045/2406/3045 1046/2373/3046 1047/2407/3047 1048/2329/3048 1049/2409/3049 1050/2343/3050
f 1051/2410/3051 1052/2328/3052 1053/2412/3053 1054/2330/3054 1055/2414/3055 1056/2378/3056
g default
v -185.328740 296.764048 -236.000000
v -185.689463 297.216381 -236.000000
v -186.210723 297.467406 -236.000000
v -186.789277 297.467406 -236.000000
v -187.310536 297.216381 -236.000000
v -187.671259 296.764049 -236.000000
v -187.800000 296.200000 -236.000000
v -187.671259 295.635951 -236.000000
v -187.310537 295.183619 -236.000000
v -186.789277 294.932594 -236.000000
v -186.210723 294.932594 -236.000000
v -185.689463 295.183619 -236.000000
v -185.328741 295.635951 -236.000000
v -185.200000 296.200000 -236.000000
v -185.328740 296.764048 -124.000000
v -185.689463 297.216381 -124.000000
v -186.210723 297.467406 -124.000000
v -186.789277 297.467406 -124.000000
v -187.310536 297.216381 -124.000000
v -187.671259 296.764049 -124.000000
v -187.800000 296.200000 -124.000000
v -187.671259 295.635951 -124.000000
v -187.310537 295.183619 -124.000000
v -186.789277 294.932594 -124.000000
v -186.210723 294.932594 -124.000000
v -185.689463 295.183619 -124.000000
v -185.328741 295.635951 -124.000000
v -185.200000 296.200000 -124.000000
vt 0.952364 0.070765
vt 0.813625 0.027271
vt 0.613140 0.003134
vt 0.390619 0.003134
vt 0.190135 0.027271
vt 0.051395 0.070765
vt 0.001880 0.125000
vt 0.051395 0.179235
vt 0.190135 0.222729
vt 0.390619 0.246866
vt 0.613140 0.246866
vt 0.813625 0.222729
vt 0.952364 0.179235
vt 1.001880 0.125000
vt 0.000000 0.250000
vt 0.071429 0.250000
vt 0.142857 0.250000
vt 0.214286 0.250000
vt 0.285714 0.250000
vt 0.357143 0.250000
vt 0.428571 0.250000
vt 0.500000 0.250000
vt 0.571429 0.250000
vt 0.642857 0.250000
vt 0.714286 0.250000
vt 0.785714 0.250000
vt 0.857143 0.250000
vt 0.928572 0.250000
vt 1.000000 0.250000
vt 0.000000 0.750000
vt 0.071429 0.750000
vt 0.142857 0.750000
vt 0.214286 0.750000
vt 0.285714 0.750000
vt 0.357143 0.750000
vt 0.428571 0.750000
vt 0.500000 0.750000
vt 0.571429 0.750000
vt 0.642857 0.750000
vt 0.714286 0.750000
vt 0.785714 0.750000
vt 0.857143 0.750000
vt 0.928572 0.750000
vt 1.000000 0.750000
vt 0.952364 0.820765
vt 0.813625 0.777271
vt 0.613140 0.753134
vt 0.390619 0.753134
vt 0.190135 0.777271
vt 0.051395 0.820765
vt 0.001880 0.875000
vt 0.051395 0.929235
vt 0.190135 0.972729
vt 0.390619 0.996866
vt 0.613140 0.996866
vt 0.813625 0.972729
vt 0.952364 0.929235
vt 1.001880 0.875000
vn 0.900969 0.433884 0.000000
vn 0.623490 0.781831 0.000000
vn 0.623490 0.781831 0.000000
vn 0.900969 0.433884 0.000000
vn 0.222521 0.974928 0.000000
vn 0.222521 0.974928 0.000000
vn -0.222521 0.974928 0.000000
vn -0.222521 0.974928 0.000000
vn -0.623490 0.781832 0.000000
vn -0.623490 0.781832 0.000000
vn -0.900969 0.433884 0.000000
vn -0.900969 0.433884 0.000000
vn -1.000000 0.000000 0.000000
vn -1.000000 0.000000 0.000000
vn -0.900969 -0.433884 0.000000
vn -0.900969 -0.433884 0.000000
vn -0.623490 -0.781831 0.000000
vn -0.623490 -0.781831 0.000000
vn -0.222521 -0.974928 0.000000
vn -0.222521 -0.974928 0.000000
vn 0.222521 -0.974928 0.000000
vn 0.222521 -0.974928 0.000000
vn 0.623490 -0.781832 0.000000
vn 0.623490 -0.781832 0.000000
vn 0.900969 -0.433884 0.000000
vn 0.900969 -0.433884 0.000000
vn 1.000000 -0.000000 0.000000
vn 1.000000 -0.000000 0.000000
vn 0.000000 -0.000002 -1.000000
vn 0.000000 -0.000002 -1.000000
vn 0.000000 -0.000002 -1.000000
vn 0.000000 -0.000002 -1.000000
vn 0.000000 -0.000002 -1.000000
vn 0.000000 -0.000002 -1.000000
vn 0.000000 -0.000002 -1.000000
vn 0.000000 -0.000002 -1.000000
vn 0.000000 -0.000002 -1.000000
vn 0.000000 -0.000002 -1.000000
vn 0.000000 -0.000002 -1.000000
vn 0.000000 -0.000002 -1.000000
vn 0.000000 -0.000002 -1.000000
vn 0.000000 -0.000002 -1.000000
vn 0.000000 0.000001 1.000000
vn 0.000000 0.000001 1.000000
vn 0.000000 0.000001 1.000000
vn 0.000000 0.000001 1.000000
vn 0.000000 0.000001 1.000000
vn 0.000000 0.000001 1.000000
vn 0.000000 0.000001 1.000000
vn 0.000000 0.000001 1.000000
vn 0.000000 0.000001 1.000000
vn 0.000000 0.000001 1.000000
vn 0.000000 0.000001 1.000000
vn 0.000000 0.000001 1.000000
vn 0.000000 0.000001 1.000000
vn 0.000000 0.000001 1.000000
s 1
g GRP_Lamp_FL GRP_Fluorescent_Lights Backrooms_Level0_Master_GRP Lamp_FL_Tube_1
f 1057/2429/3057 1058/2430/3058 1072/2445/3059 1071/2444/3060
f 1058/2430/3058 1059/2431/3061 1073/2446/3062 1072/2445/3059
f 1059/2431/3061 1060/2432/3063 1074/2447/3064 1073/2446/3062
f 1060/2432/3063 1061/2433/3065 1075/2448/3066 1074/2447/3064
f 1061/2433/3065 1062/2434/3067 1076/2449/3068 1075/2448/3066
f 1062/2434/3067 1063/2435/3069 1077/2450/3070 1076/2449/3068
f 1063/2435/3069 1064/2436/3071 1078/2451/3072 1077/2450/3070
f 1064/2436/3071 1065/2437/3073 1079/2452/3074 1078/2451/3072
f 1065/2437/3073 1066/2438/3075 1080/2453/3076 1079/2452/3074
f 1066/2438/3075 1067/2439/3077 1081/2454/3078 1080/2453/3076
f 1067/2439/3077 1068/2440/3079 1082/2455/3080 1081/2454/3078
f 1068/2440/3079 1069/2441/3081 1083/2456/3082 1082/2455/3080
f 1069/2441/3081 1070/2442/3083 1084/2457/3084 1083/2456/3082
f 1070/2442/3083 1057/2443/3057 1071/2458/3060 1084/2457/3084
s off
f 1057/2415/3085 1070/2428/3086 1069/2427/3087 1068/2426/3088 1067/2425/3089 1066/2424/3090 1065/2423/3091 1064/2422/3092 1063/2421/3093 1062/2420/3094 1061/2419/3095 1060/2418/3096 1059/2417/3097 1058/2416/3098
f 1071/2471/3099 1072/2470/3100 1073/2469/3101 1074/2468/3102 1075/2467/3103 1076/2466/3104 1077/2465/3105 1078/2464/3106 1079/2463/3107 1080/2462/3108 1081/2461/3109 1082/2460/3110 1083/2459/3111 1084/2472/3112
g default
v -185.328740 296.764048 -236.000000
v -185.689463 297.216381 -236.000000
v -186.210723 297.467406 -236.000000
v -186.789277 297.467406 -236.000000
v -187.310536 297.216381 -236.000000
v -187.671259 296.764049 -236.000000
v -187.800000 296.200000 -236.000000
v -187.671259 295.635951 -236.000000
v -187.310537 295.183619 -236.000000
v -186.789277 294.932594 -236.000000
v -186.210723 294.932594 -236.000000
v -185.689463 295.183619 -236.000000
v -185.328741 295.635951 -236.000000
v -185.200000 296.200000 -236.000000
v -185.328740 296.764048 -124.000000
v -185.689463 297.216381 -124.000000
v -186.210723 297.467406 -124.000000
v -186.789277 297.467406 -124.000000
v -187.310536 297.216381 -124.000000
v -187.671259 296.764049 -124.000000
v -187.800000 296.200000 -124.000000
v -187.671259 295.635951 -124.000000
v -187.310537 295.183619 -124.000000
v -186.789277 294.932594 -124.000000
v -186.210723 294.932594 -124.000000
v -185.689463 295.183619 -124.000000
v -185.328741 295.635951 -124.000000
v -185.200000 296.200000 -124.000000
vt 0.952364 0.070765
vt 0.813625 0.027271
vt 0.613140 0.003134
vt 0.390619 0.003134
vt 0.190135 0.027271
vt 0.051395 0.070765
vt 0.001880 0.125000
vt 0.051395 0.179235
vt 0.190135 0.222729
vt 0.390619 0.246866
vt 0.613140 0.246866
vt 0.813625 0.222729
vt 0.952364 0.179235
vt 1.001880 0.125000
vt 0.000000 0.250000
vt 0.071429 0.250000
vt 0.142857 0.250000
vt 0.214286 0.250000
vt 0.285714 0.250000
vt 0.357143 0.250000
vt 0.428571 0.250000
vt 0.500000 0.250000
vt 0.571429 0.250000
vt 0.642857 0.250000
vt 0.714286 0.250000
vt 0.785714 0.250000
vt 0.857143 0.250000
vt 0.928572 0.250000
vt 1.000000 0.250000
vt 0.000000 0.750000
vt 0.071429 0.750000
vt 0.142857 0.750000
vt 0.214286 0.750000
vt 0.285714 0.750000
vt 0.357143 0.750000
vt 0.428571 0.750000
vt 0.500000 0.750000
vt 0.571429 0.750000
vt 0.642857 0.750000
vt 0.714286 0.750000
vt 0.785714 0.750000
vt 0.857143 0.750000
vt 0.928572 0.750000
vt 1.000000 0.750000
vt 0.952364 0.820765
vt 0.813625 0.777271
vt 0.613140 0.753134
vt 0.390619 0.753134
vt 0.190135 0.777271
vt 0.051395 0.820765
vt 0.001880 0.875000
vt 0.051395 0.929235
vt 0.190135 0.972729
vt 0.390619 0.996866
vt 0.613140 0.996866
vt 0.813625 0.972729
vt 0.952364 0.929235
vt 1.001880 0.875000
vn 0.900969 0.433884 0.000000
vn 0.623490 0.781831 0.000000
vn 0.623490 0.781831 0.000000
vn 0.900969 0.433884 0.000000
vn 0.222521 0.974928 0.000000
vn 0.222521 0.974928 0.000000
vn -0.222521 0.974928 0.000000
vn -0.222521 0.974928 0.000000
vn -0.623490 0.781832 0.000000
vn -0.623490 0.781832 0.000000
vn -0.900969 0.433884 0.000000
vn -0.900969 0.433884 0.000000
vn -1.000000 0.000000 0.000000
vn -1.000000 0.000000 0.000000
vn -0.900969 -0.433884 0.000000
vn -0.900969 -0.433884 0.000000
vn -0.623490 -0.781831 0.000000
vn -0.623490 -0.781831 0.000000
vn -0.222521 -0.974928 0.000000
vn -0.222521 -0.974928 0.000000
vn 0.222521 -0.974928 0.000000
vn 0.222521 -0.974928 0.000000
vn 0.623490 -0.781832 0.000000
vn 0.623490 -0.781832 0.000000
vn 0.900969 -0.433884 0.000000
vn 0.900969 -0.433884 0.000000
vn 1.000000 -0.000000 0.000000
vn 1.000000 -0.000000 0.000000
vn 0.000000 -0.000002 -1.000000
vn 0.000000 -0.000002 -1.000000
vn 0.000000 -0.000002 -1.000000
vn 0.000000 -0.000002 -1.000000
vn 0.000000 -0.000002 -1.000000
vn 0.000000 -0.000002 -1.000000
vn 0.000000 -0.000002 -1.000000
vn 0.000000 -0.000002 -1.000000
vn 0.000000 -0.000002 -1.000000
vn 0.000000 -0.000002 -1.000000
vn 0.000000 -0.000002 -1.000000
vn 0.000000 -0.000002 -1.000000
vn 0.000000 -0.000002 -1.000000
vn 0.000000 -0.000002 -1.000000
vn 0.000000 0.000001 1.000000
vn 0.000000 0.000001 1.000000
vn 0.000000 0.000001 1.000000
vn 0.000000 0.000001 1.000000
vn 0.000000 0.000001 1.000000
vn 0.000000 0.000001 1.000000
vn 0.000000 0.000001 1.000000
vn 0.000000 0.000001 1.000000
vn 0.000000 0.000001 1.000000
vn 0.000000 0.000001 1.000000
vn 0.000000 0.000001 1.000000
vn 0.000000 0.000001 1.000000
vn 0.000000 0.000001 1.000000
vn 0.000000 0.000001 1.000000
s 1
g GRP_Lamp_FL GRP_Fluorescent_Lights Backrooms_Level0_Master_GRP Lamp_FL_Tube_1
f 1085/2487/3113 1086/2488/3114 1100/2503/3115 1099/2502/3116
f 1086/2488/3114 1087/2489/3117 1101/2504/3118 1100/2503/3115
f 1087/2489/3117 1088/2490/3119 1102/2505/3120 1101/2504/3118
f 1088/2490/3119 1089/2491/3121 1103/2506/3122 1102/2505/3120
f 1089/2491/3121 1090/2492/3123 1104/2507/3124 1103/2506/3122
f 1090/2492/3123 1091/2493/3125 1105/2508/3126 1104/2507/3124
f 1091/2493/3125 1092/2494/3127 1106/2509/3128 1105/2508/3126
f 1092/2494/3127 1093/2495/3129 1107/2510/3130 1106/2509/3128
f 1093/2495/3129 1094/2496/3131 1108/2511/3132 1107/2510/3130
f 1094/2496/3131 1095/2497/3133 1109/2512/3134 1108/2511/3132
f 1095/2497/3133 1096/2498/3135 1110/2513/3136 1109/2512/3134
f 1096/2498/3135 1097/2499/3137 1111/2514/3138 1110/2513/3136
f 1097/2499/3137 1098/2500/3139 1112/2515/3140 1111/2514/3138
f 1098/2500/3139 1085/2501/3113 1099/2516/3116 1112/2515/3140
s off
f 1085/2473/3141 1098/2486/3142 1097/2485/3143 1096/2484/3144 1095/2483/3145 1094/2482/3146 1093/2481/3147 1092/2480/3148 1091/2479/3149 1090/2478/3150 1089/2477/3151 1088/2476/3152 1087/2475/3153 1086/2474/3154
f 1099/2529/3155 1100/2528/3156 1101/2527/3157 1102/2526/3158 1103/2525/3159 1104/2524/3160 1105/2523/3161 1106/2522/3162 1107/2521/3163 1108/2520/3164 1109/2519/3165 1110/2518/3166 1111/2517/3167 1112/2530/3168
g default
v -185.205573 297.140457 -238.500000
v -186.005573 297.721691 -238.500000
v -186.994427 297.721691 -238.500000
v -187.794428 297.140456 -238.500000
v -188.100000 296.200000 -238.500000
v -187.794427 295.259543 -238.500000
v -186.994427 294.678309 -238.500000
v -186.005573 294.678310 -238.500000
v -185.205573 295.259544 -238.500000
v -184.900000 296.200000 -238.500000
v -185.205573 297.140457 -235.500000
v -186.005573 297.721691 -235.500000
v -186.994427 297.721691 -235.500000
v -187.794428 297.140456 -235.500000
v -188.100000 296.200000 -235.500000
v -187.794427 295.259543 -235.500000
v -186.994427 294.678309 -235.500000
v -186.005573 294.678310 -235.500000
v -185.205573 295.259544 -235.500000
v -184.900000 296.200000 -235.500000
vt 0.906388 0.051527
vt 0.656388 0.006118
vt 0.347371 0.006118
vt 0.097371 0.051527
vt 0.001880 0.125000
vt 0.097371 0.198473
vt 0.347371 0.243882
vt 0.656388 0.243882
vt 0.906388 0.198473
vt 1.001880 0.125000
vt 0.000000 0.250000
vt 0.100000 0.250000
vt 0.200000 0.250000
vt 0.300000 0.250000
vt 0.400000 0.250000
vt 0.500000 0.250000
vt 0.600000 0.250000
vt 0.700000 0.250000
vt 0.800000 0.250000
vt 0.900000 0.250000
vt 1.000000 0.250000
vt 0.000000 0.750000
vt 0.100000 0.750000
vt 0.200000 0.750000
vt 0.300000 0.750000
vt 0.400000 0.750000
vt 0.500000 0.750000
vt 0.600000 0.750000
vt 0.700000 0.750000
vt 0.800000 0.750000
vt 0.900000 0.750000
vt 1.000000 0.750000
vt 0.906388 0.801527
vt 0.656388 0.756118
vt 0.347371 0.756118
vt 0.097371 0.801527
vt 0.001880 0.875000
vt 0.097371 0.948473
vt 0.347371 0.993882
vt 0.656388 0.993882
vt 0.906388 0.948473
vt 1.001880 0.875000
vn 0.587785 0.809017 0.000000
vn 0.587785 0.809017 0.000000
vn 0.587785 0.809017 0.000000
vn 0.587785 0.809017 0.000000
vn 0.000000 1.000000 0.000000
vn 0.000000 1.000000 0.000000
vn 0.000000 1.000000 0.000000
vn 0.000000 1.000000 0.000000
vn -0.587785 0.809017 0.000000
vn -0.587785 0.809017 0.000000
vn -0.587785 0.809017 0.000000
vn -0.587785 0.809017 0.000000
vn -0.951057 0.309017 0.000000
vn -0.951057 0.309017 0.000000
vn -0.951057 0.309017 0.000000
vn -0.951057 0.309017 0.000000
vn -0.951056 -0.309017 0.000000
vn -0.951056 -0.309017 0.000000
vn -0.951056 -0.309017 0.000000
vn -0.951056 -0.309017 0.000000
vn -0.587785 -0.809017 0.000000
vn -0.587785 -0.809017 0.000000
vn -0.587785 -0.809017 0.000000
vn -0.587785 -0.809017 0.000000
vn 0.000000 -1.000000 0.000000
vn 0.000000 -1.000000 0.000000
vn 0.000000 -1.000000 0.000000
vn 0.000000 -1.000000 0.000000
vn 0.587785 -0.809017 0.000000
vn 0.587785 -0.809017 0.000000
vn 0.587785 -0.809017 0.000000
vn 0.587785 -0.809017 0.000000
vn 0.951057 -0.309017 0.000000
vn 0.951057 -0.309017 0.000000
vn 0.951057 -0.309017 0.000000
vn 0.951057 -0.309017 0.000000
vn 0.951057 0.309017 0.000000
vn 0.951057 0.309017 0.000000
vn 0.951057 0.309017 0.000000
vn 0.951057 0.309017 0.000000
vn 0.000000 -0.000000 -1.000000
vn 0.000000 -0.000000 -1.000000
vn 0.000000 -0.000000 -1.000000
vn 0.000000 -0.000000 -1.000000
vn 0.000000 -0.000000 -1.000000
vn 0.000000 -0.000000 -1.000000
vn 0.000000 -0.000000 -1.000000
vn 0.000000 -0.000000 -1.000000
vn 0.000000 -0.000000 -1.000000
vn 0.000000 -0.000000 -1.000000
vn 0.000000 -0.000000 1.000000
vn 0.000000 -0.000000 1.000000
vn 0.000000 -0.000000 1.000000
vn 0.000000 -0.000000 1.000000
vn 0.000000 -0.000000 1.000000
vn 0.000000 -0.000000 1.000000
vn 0.000000 -0.000000 1.000000
vn 0.000000 -0.000000 1.000000
vn 0.000000 -0.000000 1.000000
vn 0.000000 -0.000000 1.000000
s off
g GRP_Lamp_FL GRP_Fluorescent_Lights Backrooms_Level0_Master_GRP Lamp_FL_Cap_1_1
f 1113/2541/3169 1114/2542/3170 1124/2553/3171 1123/2552/3172
f 1114/2542/3173 1115/2543/3174 1125/2554/3175 1124/2553/3176
f 1115/2543/3177 1116/2544/3178 1126/2555/3179 1125/2554/3180
f 1116/2544/3181 1117/2545/3182 1127/2556/3183 1126/2555/3184
f 1117/2545/3185 1118/2546/3186 1128/2557/3187 1127/2556/3188
f 1118/2546/3189 1119/2547/3190 1129/2558/3191 1128/2557/3192
f 1119/2547/3193 1120/2548/3194 1130/2559/3195 1129/2558/3196
f 1120/2548/3197 1121/2549/3198 1131/2560/3199 1130/2559/3200
f 1121/2549/3201 1122/2550/3202 1132/2561/3203 1131/2560/3204
f 1122/2550/3205 1113/2551/3206 1123/2562/3207 1132/2561/3208
f 1113/2531/3209 1122/2540/3210 1121/2539/3211 1120/2538/3212 1119/2537/3213 1118/2536/3214 1117/2535/3215 1116/2534/3216 1115/2533/3217 1114/2532/3218
f 1123/2571/3219 1124/2570/3220 1125/2569/3221 1126/2568/3222 1127/2567/3223 1128/2566/3224 1129/2565/3225 1130/2564/3226 1131/2563/3227 1132/2572/3228
g default
v -185.205573 297.140457 -238.500000
v -186.005573 297.721691 -238.500000
v -186.994427 297.721691 -238.500000
v -187.794428 297.140456 -238.500000
v -188.100000 296.200000 -238.500000
v -187.794427 295.259543 -238.500000
v -186.994427 294.678309 -238.500000
v -186.005573 294.678310 -238.500000
v -185.205573 295.259544 -238.500000
v -184.900000 296.200000 -238.500000
v -185.205573 297.140457 -235.500000
v -186.005573 297.721691 -235.500000
v -186.994427 297.721691 -235.500000
v -187.794428 297.140456 -235.500000
v -188.100000 296.200000 -235.500000
v -187.794427 295.259543 -235.500000
v -186.994427 294.678309 -235.500000
v -186.005573 294.678310 -235.500000
v -185.205573 295.259544 -235.500000
v -184.900000 296.200000 -235.500000
vt 0.906388 0.051527
vt 0.656388 0.006118
vt 0.347371 0.006118
vt 0.097371 0.051527
vt 0.001880 0.125000
vt 0.097371 0.198473
vt 0.347371 0.243882
vt 0.656388 0.243882
vt 0.906388 0.198473
vt 1.001880 0.125000
vt 0.000000 0.250000
vt 0.100000 0.250000
vt 0.200000 0.250000
vt 0.300000 0.250000
vt 0.400000 0.250000
vt 0.500000 0.250000
vt 0.600000 0.250000
vt 0.700000 0.250000
vt 0.800000 0.250000
vt 0.900000 0.250000
vt 1.000000 0.250000
vt 0.000000 0.750000
vt 0.100000 0.750000
vt 0.200000 0.750000
vt 0.300000 0.750000
vt 0.400000 0.750000
vt 0.500000 0.750000
vt 0.600000 0.750000
vt 0.700000 0.750000
vt 0.800000 0.750000
vt 0.900000 0.750000
vt 1.000000 0.750000
vt 0.906388 0.801527
vt 0.656388 0.756118
vt 0.347371 0.756118
vt 0.097371 0.801527
vt 0.001880 0.875000
vt 0.097371 0.948473
vt 0.347371 0.993882
vt 0.656388 0.993882
vt 0.906388 0.948473
vt 1.001880 0.875000
vn 0.587785 0.809017 0.000000
vn 0.587785 0.809017 0.000000
vn 0.587785 0.809017 0.000000
vn 0.587785 0.809017 0.000000
vn 0.000000 1.000000 0.000000
vn 0.000000 1.000000 0.000000
vn 0.000000 1.000000 0.000000
vn 0.000000 1.000000 0.000000
vn -0.587785 0.809017 0.000000
vn -0.587785 0.809017 0.000000
vn -0.587785 0.809017 0.000000
vn -0.587785 0.809017 0.000000
vn -0.951057 0.309017 0.000000
vn -0.951057 0.309017 0.000000
vn -0.951057 0.309017 0.000000
vn -0.951057 0.309017 0.000000
vn -0.951056 -0.309017 0.000000
vn -0.951056 -0.309017 0.000000
vn -0.951056 -0.309017 0.000000
vn -0.951056 -0.309017 0.000000
vn -0.587785 -0.809017 0.000000
vn -0.587785 -0.809017 0.000000
vn -0.587785 -0.809017 0.000000
vn -0.587785 -0.809017 0.000000
vn 0.000000 -1.000000 0.000000
vn 0.000000 -1.000000 0.000000
vn 0.000000 -1.000000 0.000000
vn 0.000000 -1.000000 0.000000
vn 0.587785 -0.809017 0.000000
vn 0.587785 -0.809017 0.000000
vn 0.587785 -0.809017 0.000000
vn 0.587785 -0.809017 0.000000
vn 0.951057 -0.309017 0.000000
vn 0.951057 -0.309017 0.000000
vn 0.951057 -0.309017 0.000000
vn 0.951057 -0.309017 0.000000
vn 0.951057 0.309017 0.000000
vn 0.951057 0.309017 0.000000
vn 0.951057 0.309017 0.000000
vn 0.951057 0.309017 0.000000
vn 0.000000 -0.000000 -1.000000
vn 0.000000 -0.000000 -1.000000
vn 0.000000 -0.000000 -1.000000
vn 0.000000 -0.000000 -1.000000
vn 0.000000 -0.000000 -1.000000
vn 0.000000 -0.000000 -1.000000
vn 0.000000 -0.000000 -1.000000
vn 0.000000 -0.000000 -1.000000
vn 0.000000 -0.000000 -1.000000
vn 0.000000 -0.000000 -1.000000
vn 0.000000 -0.000000 1.000000
vn 0.000000 -0.000000 1.000000
vn 0.000000 -0.000000 1.000000
vn 0.000000 -0.000000 1.000000
vn 0.000000 -0.000000 1.000000
vn 0.000000 -0.000000 1.000000
vn 0.000000 -0.000000 1.000000
vn 0.000000 -0.000000 1.000000
vn 0.000000 -0.000000 1.000000
vn 0.000000 -0.000000 1.000000
s off
g GRP_Lamp_FL GRP_Fluorescent_Lights Backrooms_Level0_Master_GRP Lamp_FL_Cap_1_1
f 1133/2583/3229 1134/2584/3230 1144/2595/3231 1143/2594/3232
f 1134/2584/3233 1135/2585/3234 1145/2596/3235 1144/2595/3236
f 1135/2585/3237 1136/2586/3238 1146/2597/3239 1145/2596/3240
f 1136/2586/3241 1137/2587/3242 1147/2598/3243 1146/2597/3244
f 1137/2587/3245 1138/2588/3246 1148/2599/3247 1147/2598/3248
f 1138/2588/3249 1139/2589/3250 1149/2600/3251 1148/2599/3252
f 1139/2589/3253 1140/2590/3254 1150/2601/3255 1149/2600/3256
f 1140/2590/3257 1141/2591/3258 1151/2602/3259 1150/2601/3260
f 1141/2591/3261 1142/2592/3262 1152/2603/3263 1151/2602/3264
f 1142/2592/3265 1133/2593/3266 1143/2604/3267 1152/2603/3268
f 1133/2573/3269 1142/2582/3270 1141/2581/3271 1140/2580/3272 1139/2579/3273 1138/2578/3274 1137/2577/3275 1136/2576/3276 1135/2575/3277 1134/2574/3278
f 1143/2613/3279 1144/2612/3280 1145/2611/3281 1146/2610/3282 1147/2609/3283 1148/2608/3284 1149/2607/3285 1150/2606/3286 1151/2605/3287 1152/2614/3288
g default
v -185.205573 297.140457 -124.500000
v -186.005573 297.721691 -124.500000
v -186.994427 297.721691 -124.500000
v -187.794428 297.140456 -124.500000
v -188.100000 296.200000 -124.500000
v -187.794427 295.259543 -124.500000
v -186.994427 294.678309 -124.500000
v -186.005573 294.678310 -124.500000
v -185.205573 295.259544 -124.500000
v -184.900000 296.200000 -124.500000
v -185.205573 297.140457 -121.500000
v -186.005573 297.721691 -121.500000
v -186.994427 297.721691 -121.500000
v -187.794428 297.140456 -121.500000
v -188.100000 296.200000 -121.500000
v -187.794427 295.259543 -121.500000
v -186.994427 294.678309 -121.500000
v -186.005573 294.678310 -121.500000
v -185.205573 295.259544 -121.500000
v -184.900000 296.200000 -121.500000
vt 0.906388 0.051527
vt 0.656388 0.006118
vt 0.347371 0.006118
vt 0.097371 0.051527
vt 0.001880 0.125000
vt 0.097371 0.198473
vt 0.347371 0.243882
vt 0.656388 0.243882
vt 0.906388 0.198473
vt 1.001880 0.125000
vt 0.000000 0.250000
vt 0.100000 0.250000
vt 0.200000 0.250000
vt 0.300000 0.250000
vt 0.400000 0.250000
vt 0.500000 0.250000
vt 0.600000 0.250000
vt 0.700000 0.250000
vt 0.800000 0.250000
vt 0.900000 0.250000
vt 1.000000 0.250000
vt 0.000000 0.750000
vt 0.100000 0.750000
vt 0.200000 0.750000
vt 0.300000 0.750000
vt 0.400000 0.750000
vt 0.500000 0.750000
vt 0.600000 0.750000
vt 0.700000 0.750000
vt 0.800000 0.750000
vt 0.900000 0.750000
vt 1.000000 0.750000
vt 0.906388 0.801527
vt 0.656388 0.756118
vt 0.347371 0.756118
vt 0.097371 0.801527
vt 0.001880 0.875000
vt 0.097371 0.948473
vt 0.347371 0.993882
vt 0.656388 0.993882
vt 0.906388 0.948473
vt 1.001880 0.875000
vn 0.587785 0.809017 0.000000
vn 0.587785 0.809017 0.000000
vn 0.587785 0.809017 0.000000
vn 0.587785 0.809017 0.000000
vn 0.000000 1.000000 0.000000
vn 0.000000 1.000000 0.000000
vn 0.000000 1.000000 0.000000
vn 0.000000 1.000000 0.000000
vn -0.587785 0.809017 0.000000
vn -0.587785 0.809017 0.000000
vn -0.587785 0.809017 0.000000
vn -0.587785 0.809017 0.000000
vn -0.951057 0.309017 0.000000
vn -0.951057 0.309017 0.000000
vn -0.951057 0.309017 0.000000
vn -0.951057 0.309017 0.000000
vn -0.951056 -0.309017 0.000000
vn -0.951056 -0.309017 0.000000
vn -0.951056 -0.309017 0.000000
vn -0.951056 -0.309017 0.000000
vn -0.587785 -0.809017 0.000000
vn -0.587785 -0.809017 0.000000
vn -0.587785 -0.809017 0.000000
vn -0.587785 -0.809017 0.000000
vn 0.000000 -1.000000 0.000000
vn 0.000000 -1.000000 0.000000
vn 0.000000 -1.000000 0.000000
vn 0.000000 -1.000000 0.000000
vn 0.587785 -0.809017 0.000000
vn 0.587785 -0.809017 0.000000
vn 0.587785 -0.809017 0.000000
vn 0.587785 -0.809017 0.000000
vn 0.951057 -0.309017 0.000000
vn 0.951057 -0.309017 0.000000
vn 0.951057 -0.309017 0.000000
vn 0.951057 -0.309017 0.000000
vn 0.951057 0.309017 0.000000
vn 0.951057 0.309017 0.000000
vn 0.951057 0.309017 0.000000
vn 0.951057 0.309017 0.000000
vn 0.000000 -0.000000 -1.000000
vn 0.000000 -0.000000 -1.000000
vn 0.000000 -0.000000 -1.000000
vn 0.000000 -0.000000 -1.000000
vn 0.000000 -0.000000 -1.000000
vn 0.000000 -0.000000 -1.000000
vn 0.000000 -0.000000 -1.000000
vn 0.000000 -0.000000 -1.000000
vn 0.000000 -0.000000 -1.000000
vn 0.000000 -0.000000 -1.000000
vn 0.000000 -0.000000 1.000000
vn 0.000000 -0.000000 1.000000
vn 0.000000 -0.000000 1.000000
vn 0.000000 -0.000000 1.000000
vn 0.000000 -0.000000 1.000000
vn 0.000000 -0.000000 1.000000
vn 0.000000 -0.000000 1.000000
vn 0.000000 -0.000000 1.000000
vn 0.000000 -0.000000 1.000000
vn 0.000000 -0.000000 1.000000
s off
g GRP_Lamp_FL GRP_Fluorescent_Lights Backrooms_Level0_Master_GRP Lamp_FL_Cap_1_2
f 1153/2625/3289 1154/2626/3290 1164/2637/3291 1163/2636/3292
f 1154/2626/3293 1155/2627/3294 1165/2638/3295 1164/2637/3296
f 1155/2627/3297 1156/2628/3298 1166/2639/3299 1165/2638/3300
f 1156/2628/3301 1157/2629/3302 1167/2640/3303 1166/2639/3304
f 1157/2629/3305 1158/2630/3306 1168/2641/3307 1167/2640/3308
f 1158/2630/3309 1159/2631/3310 1169/2642/3311 1168/2641/3312
f 1159/2631/3313 1160/2632/3314 1170/2643/3315 1169/2642/3316
f 1160/2632/3317 1161/2633/3318 1171/2644/3319 1170/2643/3320
f 1161/2633/3321 1162/2634/3322 1172/2645/3323 1171/2644/3324
f 1162/2634/3325 1153/2635/3326 1163/2646/3327 1172/2645/3328
f 1153/2615/3329 1162/2624/3330 1161/2623/3331 1160/2622/3332 1159/2621/3333 1158/2620/3334 1157/2619/3335 1156/2618/3336 1155/2617/3337 1154/2616/3338
f 1163/2655/3339 1164/2654/3340 1165/2653/3341 1166/2652/3342 1167/2651/3343 1168/2650/3344 1169/2649/3345 1170/2648/3346 1171/2647/3347 1172/2656/3348
g default
v -185.205573 297.140457 -124.500000
v -186.005573 297.721691 -124.500000
v -186.994427 297.721691 -124.500000
v -187.794428 297.140456 -124.500000
v -188.100000 296.200000 -124.500000
v -187.794427 295.259543 -124.500000
v -186.994427 294.678309 -124.500000
v -186.005573 294.678310 -124.500000
v -185.205573 295.259544 -124.500000
v -184.900000 296.200000 -124.500000
v -185.205573 297.140457 -121.500000
v -186.005573 297.721691 -121.500000
v -186.994427 297.721691 -121.500000
v -187.794428 297.140456 -121.500000
v -188.100000 296.200000 -121.500000
v -187.794427 295.259543 -121.500000
v -186.994427 294.678309 -121.500000
v -186.005573 294.678310 -121.500000
v -185.205573 295.259544 -121.500000
v -184.900000 296.200000 -121.500000
vt 0.906388 0.051527
vt 0.656388 0.006118
vt 0.347371 0.006118
vt 0.097371 0.051527
vt 0.001880 0.125000
vt 0.097371 0.198473
vt 0.347371 0.243882
vt 0.656388 0.243882
vt 0.906388 0.198473
vt 1.001880 0.125000
vt 0.000000 0.250000
vt 0.100000 0.250000
vt 0.200000 0.250000
vt 0.300000 0.250000
vt 0.400000 0.250000
vt 0.500000 0.250000
vt 0.600000 0.250000
vt 0.700000 0.250000
vt 0.800000 0.250000
vt 0.900000 0.250000
vt 1.000000 0.250000
vt 0.000000 0.750000
vt 0.100000 0.750000
vt 0.200000 0.750000
vt 0.300000 0.750000
vt 0.400000 0.750000
vt 0.500000 0.750000
vt 0.600000 0.750000
vt 0.700000 0.750000
vt 0.800000 0.750000
vt 0.900000 0.750000
vt 1.000000 0.750000
vt 0.906388 0.801527
vt 0.656388 0.756118
vt 0.347371 0.756118
vt 0.097371 0.801527
vt 0.001880 0.875000
vt 0.097371 0.948473
vt 0.347371 0.993882
vt 0.656388 0.993882
vt 0.906388 0.948473
vt 1.001880 0.875000
vn 0.587785 0.809017 0.000000
vn 0.587785 0.809017 0.000000
vn 0.587785 0.809017 0.000000
vn 0.587785 0.809017 0.000000
vn 0.000000 1.000000 0.000000
vn 0.000000 1.000000 0.000000
vn 0.000000 1.000000 0.000000
vn 0.000000 1.000000 0.000000
vn -0.587785 0.809017 0.000000
vn -0.587785 0.809017 0.000000
vn -0.587785 0.809017 0.000000
vn -0.587785 0.809017 0.000000
vn -0.951057 0.309017 0.000000
vn -0.951057 0.309017 0.000000
vn -0.951057 0.309017 0.000000
vn -0.951057 0.309017 0.000000
vn -0.951056 -0.309017 0.000000
vn -0.951056 -0.309017 0.000000
vn -0.951056 -0.309017 0.000000
vn -0.951056 -0.309017 0.000000
vn -0.587785 -0.809017 0.000000
vn -0.587785 -0.809017 0.000000
vn -0.587785 -0.809017 0.000000
vn -0.587785 -0.809017 0.000000
vn 0.000000 -1.000000 0.000000
vn 0.000000 -1.000000 0.000000
vn 0.000000 -1.000000 0.000000
vn 0.000000 -1.000000 0.000000
vn 0.587785 -0.809017 0.000000
vn 0.587785 -0.809017 0.000000
vn 0.587785 -0.809017 0.000000
vn 0.587785 -0.809017 0.000000
vn 0.951057 -0.309017 0.000000
vn 0.951057 -0.309017 0.000000
vn 0.951057 -0.309017 0.000000
vn 0.951057 -0.309017 0.000000
vn 0.951057 0.309017 0.000000
vn 0.951057 0.309017 0.000000
vn 0.951057 0.309017 0.000000
vn 0.951057 0.309017 0.000000
vn 0.000000 -0.000000 -1.000000
vn 0.000000 -0.000000 -1.000000
vn 0.000000 -0.000000 -1.000000
vn 0.000000 -0.000000 -1.000000
vn 0.000000 -0.000000 -1.000000
vn 0.000000 -0.000000 -1.000000
vn 0.000000 -0.000000 -1.000000
vn 0.000000 -0.000000 -1.000000
vn 0.000000 -0.000000 -1.000000
vn 0.000000 -0.000000 -1.000000
vn 0.000000 -0.000000 1.000000
vn 0.000000 -0.000000 1.000000
vn 0.000000 -0.000000 1.000000
vn 0.000000 -0.000000 1.000000
vn 0.000000 -0.000000 1.000000
vn 0.000000 -0.000000 1.000000
vn 0.000000 -0.000000 1.000000
vn 0.000000 -0.000000 1.000000
vn 0.000000 -0.000000 1.000000
vn 0.000000 -0.000000 1.000000
s off
g GRP_Lamp_FL GRP_Fluorescent_Lights Backrooms_Level0_Master_GRP Lamp_FL_Cap_1_2
f 1173/2667/3349 1174/2668/3350 1184/2679/3351 1183/2678/3352
f 1174/2668/3353 1175/2669/3354 1185/2680/3355 1184/2679/3356
f 1175/2669/3357 1176/2670/3358 1186/2681/3359 1185/2680/3360
f 1176/2670/3361 1177/2671/3362 1187/2682/3363 1186/2681/3364
f 1177/2671/3365 1178/2672/3366 1188/2683/3367 1187/2682/3368
f 1178/2672/3369 1179/2673/3370 1189/2684/3371 1188/2683/3372
f 1179/2673/3373 1180/2674/3374 1190/2685/3375 1189/2684/3376
f 1180/2674/3377 1181/2675/3378 1191/2686/3379 1190/2685/3380
f 1181/2675/3381 1182/2676/3382 1192/2687/3383 1191/2686/3384
f 1182/2676/3385 1173/2677/3386 1183/2688/3387 1192/2687/3388
f 1173/2657/3389 1182/2666/3390 1181/2665/3391 1180/2664/3392 1179/2663/3393 1178/2662/3394 1177/2661/3395 1176/2660/3396 1175/2659/3397 1174/2658/3398
f 1183/2697/3399 1184/2696/3400 1185/2695/3401 1186/2694/3402 1187/2693/3403 1188/2692/3404 1189/2691/3405 1190/2690/3406 1191/2689/3407 1192/2698/3408
g default
v -172.328740 296.764048 -236.000000
v -172.689463 297.216381 -236.000000
v -173.210723 297.467406 -236.000000
v -173.789277 297.467406 -236.000000
v -174.310536 297.216381 -236.000000
v -174.671259 296.764049 -236.000000
v -174.800000 296.200000 -236.000000
v -174.671259 295.635951 -236.000000
v -174.310537 295.183619 -236.000000
v -173.789277 294.932594 -236.000000
v -173.210723 294.932594 -236.000000
v -172.689463 295.183619 -236.000000
v -172.328741 295.635951 -236.000000
v -172.200000 296.200000 -236.000000
v -172.328740 296.764048 -124.000000
v -172.689463 297.216381 -124.000000
v -173.210723 297.467406 -124.000000
v -173.789277 297.467406 -124.000000
v -174.310536 297.216381 -124.000000
v -174.671259 296.764049 -124.000000
v -174.800000 296.200000 -124.000000
v -174.671259 295.635951 -124.000000
v -174.310537 295.183619 -124.000000
v -173.789277 294.932594 -124.000000
v -173.210723 294.932594 -124.000000
v -172.689463 295.183619 -124.000000
v -172.328741 295.635951 -124.000000
v -172.200000 296.200000 -124.000000
vt 0.952364 0.070765
vt 0.813625 0.027271
vt 0.613140 0.003134
vt 0.390619 0.003134
vt 0.190135 0.027271
vt 0.051395 0.070765
vt 0.001880 0.125000
vt 0.051395 0.179235
vt 0.190135 0.222729
vt 0.390619 0.246866
vt 0.613140 0.246866
vt 0.813625 0.222729
vt 0.952364 0.179235
vt 1.001880 0.125000
vt 0.000000 0.250000
vt 0.071429 0.250000
vt 0.142857 0.250000
vt 0.214286 0.250000
vt 0.285714 0.250000
vt 0.357143 0.250000
vt 0.428571 0.250000
vt 0.500000 0.250000
vt 0.571429 0.250000
vt 0.642857 0.250000
vt 0.714286 0.250000
vt 0.785714 0.250000
vt 0.857143 0.250000
vt 0.928572 0.250000
vt 1.000000 0.250000
vt 0.000000 0.750000
vt 0.071429 0.750000
vt 0.142857 0.750000
vt 0.214286 0.750000
vt 0.285714 0.750000
vt 0.357143 0.750000
vt 0.428571 0.750000
vt 0.500000 0.750000
vt 0.571429 0.750000
vt 0.642857 0.750000
vt 0.714286 0.750000
vt 0.785714 0.750000
vt 0.857143 0.750000
vt 0.928572 0.750000
vt 1.000000 0.750000
vt 0.952364 0.820765
vt 0.813625 0.777271
vt 0.613140 0.753134
vt 0.390619 0.753134
vt 0.190135 0.777271
vt 0.051395 0.820765
vt 0.001880 0.875000
vt 0.051395 0.929235
vt 0.190135 0.972729
vt 0.390619 0.996866
vt 0.613140 0.996866
vt 0.813625 0.972729
vt 0.952364 0.929235
vt 1.001880 0.875000
vn 0.900969 0.433884 0.000000
vn 0.623490 0.781831 0.000000
vn 0.623490 0.781831 0.000000
vn 0.900969 0.433884 0.000000
vn 0.222521 0.974928 0.000000
vn 0.222521 0.974928 0.000000
vn -0.222521 0.974928 0.000000
vn -0.222521 0.974928 0.000000
vn -0.623490 0.781832 0.000000
vn -0.623490 0.781832 0.000000
vn -0.900969 0.433884 0.000000
vn -0.900969 0.433884 0.000000
vn -1.000000 0.000000 0.000000
vn -1.000000 0.000000 0.000000
vn -0.900969 -0.433884 0.000000
vn -0.900969 -0.433884 0.000000
vn -0.623490 -0.781831 0.000000
vn -0.623490 -0.781831 0.000000
vn -0.222521 -0.974928 0.000000
vn -0.222521 -0.974928 0.000000
vn 0.222521 -0.974928 0.000000
vn 0.222521 -0.974928 0.000000
vn 0.623490 -0.781832 0.000000
vn 0.623490 -0.781832 0.000000
vn 0.900969 -0.433884 0.000000
vn 0.900969 -0.433884 0.000000
vn 1.000000 -0.000000 0.000000
vn 1.000000 -0.000000 0.000000
vn 0.000000 -0.000002 -1.000000
vn 0.000000 -0.000002 -1.000000
vn 0.000000 -0.000002 -1.000000
vn 0.000000 -0.000002 -1.000000
vn 0.000000 -0.000002 -1.000000
vn 0.000000 -0.000002 -1.000000
vn 0.000000 -0.000002 -1.000000
vn 0.000000 -0.000002 -1.000000
vn 0.000000 -0.000002 -1.000000
vn 0.000000 -0.000002 -1.000000
vn 0.000000 -0.000002 -1.000000
vn 0.000000 -0.000002 -1.000000
vn 0.000000 -0.000002 -1.000000
vn 0.000000 -0.000002 -1.000000
vn 0.000000 0.000001 1.000000
vn 0.000000 0.000001 1.000000
vn 0.000000 0.000001 1.000000
vn 0.000000 0.000001 1.000000
vn 0.000000 0.000001 1.000000
vn 0.000000 0.000001 1.000000
vn 0.000000 0.000001 1.000000
vn 0.000000 0.000001 1.000000
vn 0.000000 0.000001 1.000000
vn 0.000000 0.000001 1.000000
vn 0.000000 0.000001 1.000000
vn 0.000000 0.000001 1.000000
vn 0.000000 0.000001 1.000000
vn 0.000000 0.000001 1.000000
s 1
g GRP_Lamp_FL GRP_Fluorescent_Lights Backrooms_Level0_Master_GRP Lamp_FL_Tube_2
f 1193/2713/3409 1194/2714/3410 1208/2729/3411 1207/2728/3412
f 1194/2714/3410 1195/2715/3413 1209/2730/3414 1208/2729/3411
f 1195/2715/3413 1196/2716/3415 1210/2731/3416 1209/2730/3414
f 1196/2716/3415 1197/2717/3417 1211/2732/3418 1210/2731/3416
f 1197/2717/3417 1198/2718/3419 1212/2733/3420 1211/2732/3418
f 1198/2718/3419 1199/2719/3421 1213/2734/3422 1212/2733/3420
f 1199/2719/3421 1200/2720/3423 1214/2735/3424 1213/2734/3422
f 1200/2720/3423 1201/2721/3425 1215/2736/3426 1214/2735/3424
f 1201/2721/3425 1202/2722/3427 1216/2737/3428 1215/2736/3426
f 1202/2722/3427 1203/2723/3429 1217/2738/3430 1216/2737/3428
f 1203/2723/3429 1204/2724/3431 1218/2739/3432 1217/2738/3430
f 1204/2724/3431 1205/2725/3433 1219/2740/3434 1218/2739/3432
f 1205/2725/3433 1206/2726/3435 1220/2741/3436 1219/2740/3434
f 1206/2726/3435 1193/2727/3409 1207/2742/3412 1220/2741/3436
s off
f 1193/2699/3437 1206/2712/3438 1205/2711/3439 1204/2710/3440 1203/2709/3441 1202/2708/3442 1201/2707/3443 1200/2706/3444 1199/2705/3445 1198/2704/3446 1197/2703/3447 1196/2702/3448 1195/2701/3449 1194/2700/3450
f 1207/2755/3451 1208/2754/3452 1209/2753/3453 1210/2752/3454 1211/2751/3455 1212/2750/3456 1213/2749/3457 1214/2748/3458 1215/2747/3459 1216/2746/3460 1217/2745/3461 1218/2744/3462 1219/2743/3463 1220/2756/3464
g default
v -172.328740 296.764048 -236.000000
v -172.689463 297.216381 -236.000000
v -173.210723 297.467406 -236.000000
v -173.789277 297.467406 -236.000000
v -174.310536 297.216381 -236.000000
v -174.671259 296.764049 -236.000000
v -174.800000 296.200000 -236.000000
v -174.671259 295.635951 -236.000000
v -174.310537 295.183619 -236.000000
v -173.789277 294.932594 -236.000000
v -173.210723 294.932594 -236.000000
v -172.689463 295.183619 -236.000000
v -172.328741 295.635951 -236.000000
v -172.200000 296.200000 -236.000000
v -172.328740 296.764048 -124.000000
v -172.689463 297.216381 -124.000000
v -173.210723 297.467406 -124.000000
v -173.789277 297.467406 -124.000000
v -174.310536 297.216381 -124.000000
v -174.671259 296.764049 -124.000000
v -174.800000 296.200000 -124.000000
v -174.671259 295.635951 -124.000000
v -174.310537 295.183619 -124.000000
v -173.789277 294.932594 -124.000000
v -173.210723 294.932594 -124.000000
v -172.689463 295.183619 -124.000000
v -172.328741 295.635951 -124.000000
v -172.200000 296.200000 -124.000000
vt 0.952364 0.070765
vt 0.813625 0.027271
vt 0.613140 0.003134
vt 0.390619 0.003134
vt 0.190135 0.027271
vt 0.051395 0.070765
vt 0.001880 0.125000
vt 0.051395 0.179235
vt 0.190135 0.222729
vt 0.390619 0.246866
vt 0.613140 0.246866
vt 0.813625 0.222729
vt 0.952364 0.179235
vt 1.001880 0.125000
vt 0.000000 0.250000
vt 0.071429 0.250000
vt 0.142857 0.250000
vt 0.214286 0.250000
vt 0.285714 0.250000
vt 0.357143 0.250000
vt 0.428571 0.250000
vt 0.500000 0.250000
vt 0.571429 0.250000
vt 0.642857 0.250000
vt 0.714286 0.250000
vt 0.785714 0.250000
vt 0.857143 0.250000
vt 0.928572 0.250000
vt 1.000000 0.250000
vt 0.000000 0.750000
vt 0.071429 0.750000
vt 0.142857 0.750000
vt 0.214286 0.750000
vt 0.285714 0.750000
vt 0.357143 0.750000
vt 0.428571 0.750000
vt 0.500000 0.750000
vt 0.571429 0.750000
vt 0.642857 0.750000
vt 0.714286 0.750000
vt 0.785714 0.750000
vt 0.857143 0.750000
vt 0.928572 0.750000
vt 1.000000 0.750000
vt 0.952364 0.820765
vt 0.813625 0.777271
vt 0.613140 0.753134
vt 0.390619 0.753134
vt 0.190135 0.777271
vt 0.051395 0.820765
vt 0.001880 0.875000
vt 0.051395 0.929235
vt 0.190135 0.972729
vt 0.390619 0.996866
vt 0.613140 0.996866
vt 0.813625 0.972729
vt 0.952364 0.929235
vt 1.001880 0.875000
vn 0.900969 0.433884 0.000000
vn 0.623490 0.781831 0.000000
vn 0.623490 0.781831 0.000000
vn 0.900969 0.433884 0.000000
vn 0.222521 0.974928 0.000000
vn 0.222521 0.974928 0.000000
vn -0.222521 0.974928 0.000000
vn -0.222521 0.974928 0.000000
vn -0.623490 0.781832 0.000000
vn -0.623490 0.781832 0.000000
vn -0.900969 0.433884 0.000000
vn -0.900969 0.433884 0.000000
vn -1.000000 0.000000 0.000000
vn -1.000000 0.000000 0.000000
vn -0.900969 -0.433884 0.000000
vn -0.900969 -0.433884 0.000000
vn -0.623490 -0.781831 0.000000
vn -0.623490 -0.781831 0.000000
vn -0.222521 -0.974928 0.000000
vn -0.222521 -0.974928 0.000000
vn 0.222521 -0.974928 0.000000
vn 0.222521 -0.974928 0.000000
vn 0.623490 -0.781832 0.000000
vn 0.623490 -0.781832 0.000000
vn 0.900969 -0.433884 0.000000
vn 0.900969 -0.433884 0.000000
vn 1.000000 -0.000000 0.000000
vn 1.000000 -0.000000 0.000000
vn 0.000000 -0.000002 -1.000000
vn 0.000000 -0.000002 -1.000000
vn 0.000000 -0.000002 -1.000000
vn 0.000000 -0.000002 -1.000000
vn 0.000000 -0.000002 -1.000000
vn 0.000000 -0.000002 -1.000000
vn 0.000000 -0.000002 -1.000000
vn 0.000000 -0.000002 -1.000000
vn 0.000000 -0.000002 -1.000000
vn 0.000000 -0.000002 -1.000000
vn 0.000000 -0.000002 -1.000000
vn 0.000000 -0.000002 -1.000000
vn 0.000000 -0.000002 -1.000000
vn 0.000000 -0.000002 -1.000000
vn 0.000000 0.000001 1.000000
vn 0.000000 0.000001 1.000000
vn 0.000000 0.000001 1.000000
vn 0.000000 0.000001 1.000000
vn 0.000000 0.000001 1.000000
vn 0.000000 0.000001 1.000000
vn 0.000000 0.000001 1.000000
vn 0.000000 0.000001 1.000000
vn 0.000000 0.000001 1.000000
vn 0.000000 0.000001 1.000000
vn 0.000000 0.000001 1.000000
vn 0.000000 0.000001 1.000000
vn 0.000000 0.000001 1.000000
vn 0.000000 0.000001 1.000000
s 1
g GRP_Lamp_FL GRP_Fluorescent_Lights Backrooms_Level0_Master_GRP Lamp_FL_Tube_2
f 1221/2771/3465 1222/2772/3466 1236/2787/3467 1235/2786/3468
f 1222/2772/3466 1223/2773/3469 1237/2788/3470 1236/2787/3467
f 1223/2773/3469 1224/2774/3471 1238/2789/3472 1237/2788/3470
f 1224/2774/3471 1225/2775/3473 1239/2790/3474 1238/2789/3472
f 1225/2775/3473 1226/2776/3475 1240/2791/3476 1239/2790/3474
f 1226/2776/3475 1227/2777/3477 1241/2792/3478 1240/2791/3476
f 1227/2777/3477 1228/2778/3479 1242/2793/3480 1241/2792/3478
f 1228/2778/3479 1229/2779/3481 1243/2794/3482 1242/2793/3480
f 1229/2779/3481 1230/2780/3483 1244/2795/3484 1243/2794/3482
f 1230/2780/3483 1231/2781/3485 1245/2796/3486 1244/2795/3484
f 1231/2781/3485 1232/2782/3487 1246/2797/3488 1245/2796/3486
f 1232/2782/3487 1233/2783/3489 1247/2798/3490 1246/2797/3488
f 1233/2783/3489 1234/2784/3491 1248/2799/3492 1247/2798/3490
f 1234/2784/3491 1221/2785/3465 1235/2800/3468 1248/2799/3492
s off
f 1221/2757/3493 1234/2770/3494 1233/2769/3495 1232/2768/3496 1231/2767/3497 1230/2766/3498 1229/2765/3499 1228/2764/3500 1227/2763/3501 1226/2762/3502 1225/2761/3503 1224/2760/3504 1223/2759/3505 1222/2758/3506
f 1235/2813/3507 1236/2812/3508 1237/2811/3509 1238/2810/3510 1239/2809/3511 1240/2808/3512 1241/2807/3513 1242/2806/3514 1243/2805/3515 1244/2804/3516 1245/2803/3517 1246/2802/3518 1247/2801/3519 1248/2814/3520
g default
v -172.205573 297.140457 -238.500000
v -173.005573 297.721691 -238.500000
v -173.994427 297.721691 -238.500000
v -174.794428 297.140456 -238.500000
v -175.100000 296.200000 -238.500000
v -174.794427 295.259543 -238.500000
v -173.994427 294.678309 -238.500000
v -173.005573 294.678310 -238.500000
v -172.205573 295.259544 -238.500000
v -171.900000 296.200000 -238.500000
v -172.205573 297.140457 -235.500000
v -173.005573 297.721691 -235.500000
v -173.994427 297.721691 -235.500000
v -174.794428 297.140456 -235.500000
v -175.100000 296.200000 -235.500000
v -174.794427 295.259543 -235.500000
v -173.994427 294.678309 -235.500000
v -173.005573 294.678310 -235.500000
v -172.205573 295.259544 -235.500000
v -171.900000 296.200000 -235.500000
vt 0.906388 0.051527
vt 0.656388 0.006118
vt 0.347371 0.006118
vt 0.097371 0.051527
vt 0.001880 0.125000
vt 0.097371 0.198473
vt 0.347371 0.243882
vt 0.656388 0.243882
vt 0.906388 0.198473
vt 1.001880 0.125000
vt 0.000000 0.250000
vt 0.100000 0.250000
vt 0.200000 0.250000
vt 0.300000 0.250000
vt 0.400000 0.250000
vt 0.500000 0.250000
vt 0.600000 0.250000
vt 0.700000 0.250000
vt 0.800000 0.250000
vt 0.900000 0.250000
vt 1.000000 0.250000
vt 0.000000 0.750000
vt 0.100000 0.750000
vt 0.200000 0.750000
vt 0.300000 0.750000
vt 0.400000 0.750000
vt 0.500000 0.750000
vt 0.600000 0.750000
vt 0.700000 0.750000
vt 0.800000 0.750000
vt 0.900000 0.750000
vt 1.000000 0.750000
vt 0.906388 0.801527
vt 0.656388 0.756118
vt 0.347371 0.756118
vt 0.097371 0.801527
vt 0.001880 0.875000
vt 0.097371 0.948473
vt 0.347371 0.993882
vt 0.656388 0.993882
vt 0.906388 0.948473
vt 1.001880 0.875000
vn 0.587785 0.809017 0.000000
vn 0.587785 0.809017 0.000000
vn 0.587785 0.809017 0.000000
vn 0.587785 0.809017 0.000000
vn 0.000000 1.000000 0.000000
vn 0.000000 1.000000 0.000000
vn 0.000000 1.000000 0.000000
vn 0.000000 1.000000 0.000000
vn -0.587785 0.809017 0.000000
vn -0.587785 0.809017 0.000000
vn -0.587785 0.809017 0.000000
vn -0.587785 0.809017 0.000000
vn -0.951057 0.309017 0.000000
vn -0.951057 0.309017 0.000000
vn -0.951057 0.309017 0.000000
vn -0.951057 0.309017 0.000000
vn -0.951056 -0.309017 0.000000
vn -0.951056 -0.309017 0.000000
vn -0.951056 -0.309017 0.000000
vn -0.951056 -0.309017 0.000000
vn -0.587785 -0.809017 0.000000
vn -0.587785 -0.809017 0.000000
vn -0.587785 -0.809017 0.000000
vn -0.587785 -0.809017 0.000000
vn 0.000000 -1.000000 0.000000
vn 0.000000 -1.000000 0.000000
vn 0.000000 -1.000000 0.000000
vn 0.000000 -1.000000 0.000000
vn 0.587785 -0.809017 0.000000
vn 0.587785 -0.809017 0.000000
vn 0.587785 -0.809017 0.000000
vn 0.587785 -0.809017 0.000000
vn 0.951057 -0.309017 0.000000
vn 0.951057 -0.309017 0.000000
vn 0.951057 -0.309017 0.000000
vn 0.951057 -0.309017 0.000000
vn 0.951057 0.309017 0.000000
vn 0.951057 0.309017 0.000000
vn 0.951057 0.309017 0.000000
vn 0.951057 0.309017 0.000000
vn 0.000000 -0.000000 -1.000000
vn 0.000000 -0.000000 -1.000000
vn 0.000000 -0.000000 -1.000000
vn 0.000000 -0.000000 -1.000000
vn 0.000000 -0.000000 -1.000000
vn 0.000000 -0.000000 -1.000000
vn 0.000000 -0.000000 -1.000000
vn 0.000000 -0.000000 -1.000000
vn 0.000000 -0.000000 -1.000000
vn 0.000000 -0.000000 -1.000000
vn 0.000000 -0.000000 1.000000
vn 0.000000 -0.000000 1.000000
vn 0.000000 -0.000000 1.000000
vn 0.000000 -0.000000 1.000000
vn 0.000000 -0.000000 1.000000
vn 0.000000 -0.000000 1.000000
vn 0.000000 -0.000000 1.000000
vn 0.000000 -0.000000 1.000000
vn 0.000000 -0.000000 1.000000
vn 0.000000 -0.000000 1.000000
s off
g GRP_Lamp_FL GRP_Fluorescent_Lights Backrooms_Level0_Master_GRP Lamp_FL_Cap_2_1
f 1249/2825/3521 1250/2826/3522 1260/2837/3523 1259/2836/3524
f 1250/2826/3525 1251/2827/3526 1261/2838/3527 1260/2837/3528
f 1251/2827/3529 1252/2828/3530 1262/2839/3531 1261/2838/3532
f 1252/2828/3533 1253/2829/3534 1263/2840/3535 1262/2839/3536
f 1253/2829/3537 1254/2830/3538 1264/2841/3539 1263/2840/3540
f 1254/2830/3541 1255/2831/3542 1265/2842/3543 1264/2841/3544
f 1255/2831/3545 1256/2832/3546 1266/2843/3547 1265/2842/3548
f 1256/2832/3549 1257/2833/3550 1267/2844/3551 1266/2843/3552
f 1257/2833/3553 1258/2834/3554 1268/2845/3555 1267/2844/3556
f 1258/2834/3557 1249/2835/3558 1259/2846/3559 1268/2845/3560
f 1249/2815/3561 1258/2824/3562 1257/2823/3563 1256/2822/3564 1255/2821/3565 1254/2820/3566 1253/2819/3567 1252/2818/3568 1251/2817/3569 1250/2816/3570
f 1259/2855/3571 1260/2854/3572 1261/2853/3573 1262/2852/3574 1263/2851/3575 1264/2850/3576 1265/2849/3577 1266/2848/3578 1267/2847/3579 1268/2856/3580
g default
v -172.205573 297.140457 -238.500000
v -173.005573 297.721691 -238.500000
v -173.994427 297.721691 -238.500000
v -174.794428 297.140456 -238.500000
v -175.100000 296.200000 -238.500000
v -174.794427 295.259543 -238.500000
v -173.994427 294.678309 -238.500000
v -173.005573 294.678310 -238.500000
v -172.205573 295.259544 -238.500000
v -171.900000 296.200000 -238.500000
v -172.205573 297.140457 -235.500000
v -173.005573 297.721691 -235.500000
v -173.994427 297.721691 -235.500000
v -174.794428 297.140456 -235.500000
v -175.100000 296.200000 -235.500000
v -174.794427 295.259543 -235.500000
v -173.994427 294.678309 -235.500000
v -173.005573 294.678310 -235.500000
v -172.205573 295.259544 -235.500000
v -171.900000 296.200000 -235.500000
vt 0.906388 0.051527
vt 0.656388 0.006118
vt 0.347371 0.006118
vt 0.097371 0.051527
vt 0.001880 0.125000
vt 0.097371 0.198473
vt 0.347371 0.243882
vt 0.656388 0.243882
vt 0.906388 0.198473
vt 1.001880 0.125000
vt 0.000000 0.250000
vt 0.100000 0.250000
vt 0.200000 0.250000
vt 0.300000 0.250000
vt 0.400000 0.250000
vt 0.500000 0.250000
vt 0.600000 0.250000
vt 0.700000 0.250000
vt 0.800000 0.250000
vt 0.900000 0.250000
vt 1.000000 0.250000
vt 0.000000 0.750000
vt 0.100000 0.750000
vt 0.200000 0.750000
vt 0.300000 0.750000
vt 0.400000 0.750000
vt 0.500000 0.750000
vt 0.600000 0.750000
vt 0.700000 0.750000
vt 0.800000 0.750000
vt 0.900000 0.750000
vt 1.000000 0.750000
vt 0.906388 0.801527
vt 0.656388 0.756118
vt 0.347371 0.756118
vt 0.097371 0.801527
vt 0.001880 0.875000
vt 0.097371 0.948473
vt 0.347371 0.993882
vt 0.656388 0.993882
vt 0.906388 0.948473
vt 1.001880 0.875000
vn 0.587785 0.809017 0.000000
vn 0.587785 0.809017 0.000000
vn 0.587785 0.809017 0.000000
vn 0.587785 0.809017 0.000000
vn 0.000000 1.000000 0.000000
vn 0.000000 1.000000 0.000000
vn 0.000000 1.000000 0.000000
vn 0.000000 1.000000 0.000000
vn -0.587785 0.809017 0.000000
vn -0.587785 0.809017 0.000000
vn -0.587785 0.809017 0.000000
vn -0.587785 0.809017 0.000000
vn -0.951057 0.309017 0.000000
vn -0.951057 0.309017 0.000000
vn -0.951057 0.309017 0.000000
vn -0.951057 0.309017 0.000000
vn -0.951056 -0.309017 0.000000
vn -0.951056 -0.309017 0.000000
vn -0.951056 -0.309017 0.000000
vn -0.951056 -0.309017 0.000000
vn -0.587785 -0.809017 0.000000
vn -0.587785 -0.809017 0.000000
vn -0.587785 -0.809017 0.000000
vn -0.587785 -0.809017 0.000000
vn 0.000000 -1.000000 0.000000
vn 0.000000 -1.000000 0.000000
vn 0.000000 -1.000000 0.000000
vn 0.000000 -1.000000 0.000000
vn 0.587785 -0.809017 0.000000
vn 0.587785 -0.809017 0.000000
vn 0.587785 -0.809017 0.000000
vn 0.587785 -0.809017 0.000000
vn 0.951057 -0.309017 0.000000
vn 0.951057 -0.309017 0.000000
vn 0.951057 -0.309017 0.000000
vn 0.951057 -0.309017 0.000000
vn 0.951057 0.309017 0.000000
vn 0.951057 0.309017 0.000000
vn 0.951057 0.309017 0.000000
vn 0.951057 0.309017 0.000000
vn 0.000000 -0.000000 -1.000000
vn 0.000000 -0.000000 -1.000000
vn 0.000000 -0.000000 -1.000000
vn 0.000000 -0.000000 -1.000000
vn 0.000000 -0.000000 -1.000000
vn 0.000000 -0.000000 -1.000000
vn 0.000000 -0.000000 -1.000000
vn 0.000000 -0.000000 -1.000000
vn 0.000000 -0.000000 -1.000000
vn 0.000000 -0.000000 -1.000000
vn 0.000000 -0.000000 1.000000
vn 0.000000 -0.000000 1.000000
vn 0.000000 -0.000000 1.000000
vn 0.000000 -0.000000 1.000000
vn 0.000000 -0.000000 1.000000
vn 0.000000 -0.000000 1.000000
vn 0.000000 -0.000000 1.000000
vn 0.000000 -0.000000 1.000000
vn 0.000000 -0.000000 1.000000
vn 0.000000 -0.000000 1.000000
s off
g GRP_Lamp_FL GRP_Fluorescent_Lights Backrooms_Level0_Master_GRP Lamp_FL_Cap_2_1
f 1269/2867/3581 1270/2868/3582 1280/2879/3583 1279/2878/3584
f 1270/2868/3585 1271/2869/3586 1281/2880/3587 1280/2879/3588
f 1271/2869/3589 1272/2870/3590 1282/2881/3591 1281/2880/3592
f 1272/2870/3593 1273/2871/3594 1283/2882/3595 1282/2881/3596
f 1273/2871/3597 1274/2872/3598 1284/2883/3599 1283/2882/3600
f 1274/2872/3601 1275/2873/3602 1285/2884/3603 1284/2883/3604
f 1275/2873/3605 1276/2874/3606 1286/2885/3607 1285/2884/3608
f 1276/2874/3609 1277/2875/3610 1287/2886/3611 1286/2885/3612
f 1277/2875/3613 1278/2876/3614 1288/2887/3615 1287/2886/3616
f 1278/2876/3617 1269/2877/3618 1279/2888/3619 1288/2887/3620
f 1269/2857/3621 1278/2866/3622 1277/2865/3623 1276/2864/3624 1275/2863/3625 1274/2862/3626 1273/2861/3627 1272/2860/3628 1271/2859/3629 1270/2858/3630
f 1279/2897/3631 1280/2896/3632 1281/2895/3633 1282/2894/3634 1283/2893/3635 1284/2892/3636 1285/2891/3637 1286/2890/3638 1287/2889/3639 1288/2898/3640
g default
v -172.205573 297.140457 -124.500000
v -173.005573 297.721691 -124.500000
v -173.994427 297.721691 -124.500000
v -174.794428 297.140456 -124.500000
v -175.100000 296.200000 -124.500000
v -174.794427 295.259543 -124.500000
v -173.994427 294.678309 -124.500000
v -173.005573 294.678310 -124.500000
v -172.205573 295.259544 -124.500000
v -171.900000 296.200000 -124.500000
v -172.205573 297.140457 -121.500000
v -173.005573 297.721691 -121.500000
v -173.994427 297.721691 -121.500000
v -174.794428 297.140456 -121.500000
v -175.100000 296.200000 -121.500000
v -174.794427 295.259543 -121.500000
v -173.994427 294.678309 -121.500000
v -173.005573 294.678310 -121.500000
v -172.205573 295.259544 -121.500000
v -171.900000 296.200000 -121.500000
vt 0.906388 0.051527
vt 0.656388 0.006118
vt 0.347371 0.006118
vt 0.097371 0.051527
vt 0.001880 0.125000
vt 0.097371 0.198473
vt 0.347371 0.243882
vt 0.656388 0.243882
vt 0.906388 0.198473
vt 1.001880 0.125000
vt 0.000000 0.250000
vt 0.100000 0.250000
vt 0.200000 0.250000
vt 0.300000 0.250000
vt 0.400000 0.250000
vt 0.500000 0.250000
vt 0.600000 0.250000
vt 0.700000 0.250000
vt 0.800000 0.250000
vt 0.900000 0.250000
vt 1.000000 0.250000
vt 0.000000 0.750000
vt 0.100000 0.750000
vt 0.200000 0.750000
vt 0.300000 0.750000
vt 0.400000 0.750000
vt 0.500000 0.750000
vt 0.600000 0.750000
vt 0.700000 0.750000
vt 0.800000 0.750000
vt 0.900000 0.750000
vt 1.000000 0.750000
vt 0.906388 0.801527
vt 0.656388 0.756118
vt 0.347371 0.756118
vt 0.097371 0.801527
vt 0.001880 0.875000
vt 0.097371 0.948473
vt 0.347371 0.993882
vt 0.656388 0.993882
vt 0.906388 0.948473
vt 1.001880 0.875000
vn 0.587785 0.809017 0.000000
vn 0.587785 0.809017 0.000000
vn 0.587785 0.809017 0.000000
vn 0.587785 0.809017 0.000000
vn 0.000000 1.000000 0.000000
vn 0.000000 1.000000 0.000000
vn 0.000000 1.000000 0.000000
vn 0.000000 1.000000 0.000000
vn -0.587785 0.809017 0.000000
vn -0.587785 0.809017 0.000000
vn -0.587785 0.809017 0.000000
vn -0.587785 0.809017 0.000000
vn -0.951057 0.309017 0.000000
vn -0.951057 0.309017 0.000000
vn -0.951057 0.309017 0.000000
vn -0.951057 0.309017 0.000000
vn -0.951056 -0.309017 0.000000
vn -0.951056 -0.309017 0.000000
vn -0.951056 -0.309017 0.000000
vn -0.951056 -0.309017 0.000000
vn -0.587785 -0.809017 0.000000
vn -0.587785 -0.809017 0.000000
vn -0.587785 -0.809017 0.000000
vn -0.587785 -0.809017 0.000000
vn 0.000000 -1.000000 0.000000
vn 0.000000 -1.000000 0.000000
vn 0.000000 -1.000000 0.000000
vn 0.000000 -1.000000 0.000000
vn 0.587785 -0.809017 0.000000
vn 0.587785 -0.809017 0.000000
vn 0.587785 -0.809017 0.000000
vn 0.587785 -0.809017 0.000000
vn 0.951057 -0.309017 0.000000
vn 0.951057 -0.309017 0.000000
vn 0.951057 -0.309017 0.000000
vn 0.951057 -0.309017 0.000000
vn 0.951057 0.309017 0.000000
vn 0.951057 0.309017 0.000000
vn 0.951057 0.309017 0.000000
vn 0.951057 0.309017 0.000000
vn 0.000000 -0.000000 -1.000000
vn 0.000000 -0.000000 -1.000000
vn 0.000000 -0.000000 -1.000000
vn 0.000000 -0.000000 -1.000000
vn 0.000000 -0.000000 -1.000000
vn 0.000000 -0.000000 -1.000000
vn 0.000000 -0.000000 -1.000000
vn 0.000000 -0.000000 -1.000000
vn 0.000000 -0.000000 -1.000000
vn 0.000000 -0.000000 -1.000000
vn 0.000000 -0.000000 1.000000
vn 0.000000 -0.000000 1.000000
vn 0.000000 -0.000000 1.000000
vn 0.000000 -0.000000 1.000000
vn 0.000000 -0.000000 1.000000
vn 0.000000 -0.000000 1.000000
vn 0.000000 -0.000000 1.000000
vn 0.000000 -0.000000 1.000000
vn 0.000000 -0.000000 1.000000
vn 0.000000 -0.000000 1.000000
s off
g GRP_Lamp_FL GRP_Fluorescent_Lights Backrooms_Level0_Master_GRP Lamp_FL_Cap_2_2
f 1289/2909/3641 1290/2910/3642 1300/2921/3643 1299/2920/3644
f 1290/2910/3645 1291/2911/3646 1301/2922/3647 1300/2921/3648
f 1291/2911/3649 1292/2912/3650 1302/2923/3651 1301/2922/3652
f 1292/2912/3653 1293/2913/3654 1303/2924/3655 1302/2923/3656
f 1293/2913/3657 1294/2914/3658 1304/2925/3659 1303/2924/3660
f 1294/2914/3661 1295/2915/3662 1305/2926/3663 1304/2925/3664
f 1295/2915/3665 1296/2916/3666 1306/2927/3667 1305/2926/3668
f 1296/2916/3669 1297/2917/3670 1307/2928/3671 1306/2927/3672
f 1297/2917/3673 1298/2918/3674 1308/2929/3675 1307/2928/3676
f 1298/2918/3677 1289/2919/3678 1299/2930/3679 1308/2929/3680
f 1289/2899/3681 1298/2908/3682 1297/2907/3683 1296/2906/3684 1295/2905/3685 1294/2904/3686 1293/2903/3687 1292/2902/3688 1291/2901/3689 1290/2900/3690
f 1299/2939/3691 1300/2938/3692 1301/2937/3693 1302/2936/3694 1303/2935/3695 1304/2934/3696 1305/2933/3697 1306/2932/3698 1307/2931/3699 1308/2940/3700
g default
v -172.205573 297.140457 -124.500000
v -173.005573 297.721691 -124.500000
v -173.994427 297.721691 -124.500000
v -174.794428 297.140456 -124.500000
v -175.100000 296.200000 -124.500000
v -174.794427 295.259543 -124.500000
v -173.994427 294.678309 -124.500000
v -173.005573 294.678310 -124.500000
v -172.205573 295.259544 -124.500000
v -171.900000 296.200000 -124.500000
v -172.205573 297.140457 -121.500000
v -173.005573 297.721691 -121.500000
v -173.994427 297.721691 -121.500000
v -174.794428 297.140456 -121.500000
v -175.100000 296.200000 -121.500000
v -174.794427 295.259543 -121.500000
v -173.994427 294.678309 -121.500000
v -173.005573 294.678310 -121.500000
v -172.205573 295.259544 -121.500000
v -171.900000 296.200000 -121.500000
vt 0.906388 0.051527
vt 0.656388 0.006118
vt 0.347371 0.006118
vt 0.097371 0.051527
vt 0.001880 0.125000
vt 0.097371 0.198473
vt 0.347371 0.243882
vt 0.656388 0.243882
vt 0.906388 0.198473
vt 1.001880 0.125000
vt 0.000000 0.250000
vt 0.100000 0.250000
vt 0.200000 0.250000
vt 0.300000 0.250000
vt 0.400000 0.250000
vt 0.500000 0.250000
vt 0.600000 0.250000
vt 0.700000 0.250000
vt 0.800000 0.250000
vt 0.900000 0.250000
vt 1.000000 0.250000
vt 0.000000 0.750000
vt 0.100000 0.750000
vt 0.200000 0.750000
vt 0.300000 0.750000
vt 0.400000 0.750000
vt 0.500000 0.750000
vt 0.600000 0.750000
vt 0.700000 0.750000
vt 0.800000 0.750000
vt 0.900000 0.750000
vt 1.000000 0.750000
vt 0.906388 0.801527
vt 0.656388 0.756118
vt 0.347371 0.756118
vt 0.097371 0.801527
vt 0.001880 0.875000
vt 0.097371 0.948473
vt 0.347371 0.993882
vt 0.656388 0.993882
vt 0.906388 0.948473
vt 1.001880 0.875000
vn 0.587785 0.809017 0.000000
vn 0.587785 0.809017 0.000000
vn 0.587785 0.809017 0.000000
vn 0.587785 0.809017 0.000000
vn 0.000000 1.000000 0.000000
vn 0.000000 1.000000 0.000000
vn 0.000000 1.000000 0.000000
vn 0.000000 1.000000 0.000000
vn -0.587785 0.809017 0.000000
vn -0.587785 0.809017 0.000000
vn -0.587785 0.809017 0.000000
vn -0.587785 0.809017 0.000000
vn -0.951057 0.309017 0.000000
vn -0.951057 0.309017 0.000000
vn -0.951057 0.309017 0.000000
vn -0.951057 0.309017 0.000000
vn -0.951056 -0.309017 0.000000
vn -0.951056 -0.309017 0.000000
vn -0.951056 -0.309017 0.000000
vn -0.951056 -0.309017 0.000000
vn -0.587785 -0.809017 0.000000
vn -0.587785 -0.809017 0.000000
vn -0.587785 -0.809017 0.000000
vn -0.587785 -0.809017 0.000000
vn 0.000000 -1.000000 0.000000
vn 0.000000 -1.000000 0.000000
vn 0.000000 -1.000000 0.000000
vn 0.000000 -1.000000 0.000000
vn 0.587785 -0.809017 0.000000
vn 0.587785 -0.809017 0.000000
vn 0.587785 -0.809017 0.000000
vn 0.587785 -0.809017 0.000000
vn 0.951057 -0.309017 0.000000
vn 0.951057 -0.309017 0.000000
vn 0.951057 -0.309017 0.000000
vn 0.951057 -0.309017 0.000000
vn 0.951057 0.309017 0.000000
vn 0.951057 0.309017 0.000000
vn 0.951057 0.309017 0.000000
vn 0.951057 0.309017 0.000000
vn 0.000000 -0.000000 -1.000000
vn 0.000000 -0.000000 -1.000000
vn 0.000000 -0.000000 -1.000000
vn 0.000000 -0.000000 -1.000000
vn 0.000000 -0.000000 -1.000000
vn 0.000000 -0.000000 -1.000000
vn 0.000000 -0.000000 -1.000000
vn 0.000000 -0.000000 -1.000000
vn 0.000000 -0.000000 -1.000000
vn 0.000000 -0.000000 -1.000000
vn 0.000000 -0.000000 1.000000
vn 0.000000 -0.000000 1.000000
vn 0.000000 -0.000000 1.000000
vn 0.000000 -0.000000 1.000000
vn 0.000000 -0.000000 1.000000
vn 0.000000 -0.000000 1.000000
vn 0.000000 -0.000000 1.000000
vn 0.000000 -0.000000 1.000000
vn 0.000000 -0.000000 1.000000
vn 0.000000 -0.000000 1.000000
s off
g GRP_Lamp_FL GRP_Fluorescent_Lights Backrooms_Level0_Master_GRP Lamp_FL_Cap_2_2
f 1309/2951/3701 1310/2952/3702 1320/2963/3703 1319/2962/3704
f 1310/2952/3705 1311/2953/3706 1321/2964/3707 1320/2963/3708
f 1311/2953/3709 1312/2954/3710 1322/2965/3711 1321/2964/3712
f 1312/2954/3713 1313/2955/3714 1323/2966/3715 1322/2965/3716
f 1313/2955/3717 1314/2956/3718 1324/2967/3719 1323/2966/3720
f 1314/2956/3721 1315/2957/3722 1325/2968/3723 1324/2967/3724
f 1315/2957/3725 1316/2958/3726 1326/2969/3727 1325/2968/3728
f 1316/2958/3729 1317/2959/3730 1327/2970/3731 1326/2969/3732
f 1317/2959/3733 1318/2960/3734 1328/2971/3735 1327/2970/3736
f 1318/2960/3737 1309/2961/3738 1319/2972/3739 1328/2971/3740
f 1309/2941/3741 1318/2950/3742 1317/2949/3743 1316/2948/3744 1315/2947/3745 1314/2946/3746 1313/2945/3747 1312/2944/3748 1311/2943/3749 1310/2942/3750
f 1319/2981/3751 1320/2980/3752 1321/2979/3753 1322/2978/3754 1323/2977/3755 1324/2976/3756 1325/2975/3757 1326/2974/3758 1327/2973/3759 1328/2982/3760
g default
v -195.000000 294.200000 -121.000000
v -165.000000 294.200000 -121.000000
v -195.000000 294.800000 -121.000000
v -165.000000 294.800000 -121.000000
v -195.000000 294.800000 -239.000000
v -165.000000 294.800000 -239.000000
v -195.000000 294.200000 -239.000000
v -165.000000 294.200000 -239.000000
vt 0.330000 0.000000
vt 0.663333 0.000000
vt 0.330000 0.250000
vt 0.663333 0.250000
vt 0.330000 0.500000
vt 0.663333 0.500000
vt 0.330000 0.750000
vt 0.663333 0.750000
vt 0.330000 1.000000
vt 0.663333 1.000000
vt 1.000000 0.000000
vt 1.000000 0.250000
vt 0.000000 0.000000
vt 0.000000 0.250000
vn 0.000000 0.000000 1.000000
vn 0.000000 0.000000 1.000000
vn 0.000000 0.000000 1.000000
vn 0.000000 0.000000 1.000000
vn 0.000000 1.000000 0.000000
vn 0.000000 1.000000 0.000000
vn 0.000000 1.000000 0.000000
vn 0.000000 1.000000 0.000000
vn 0.000000 0.000000 -1.000000
vn 0.000000 0.000000 -1.000000
vn 0.000000 0.000000 -1.000000
vn 0.000000 0.000000 -1.000000
vn 0.000000 -1.000000 0.000000
vn 0.000000 -1.000000 0.000000
vn 0.000000 -1.000000 0.000000
vn 0.000000 -1.000000 0.000000
vn 1.000000 0.000000 0.000000
vn 1.000000 0.000000 0.000000
vn 1.000000 0.000000 0.000000
vn 1.000000 0.000000 0.000000
vn -1.000000 0.000000 0.000000
vn -1.000000 0.000000 0.000000
vn -1.000000 0.000000 0.000000
vn -1.000000 0.000000 0.000000
s off
g GRP_Lamp_FL GRP_Fluorescent_Lights Backrooms_Level0_Master_GRP Lamp_FL_Diffuser
f 1329/2983/3761 1330/2984/3762 1332/2986/3763 1331/2985/3764
f 1331/2985/3765 1332/2986/3766 1334/2988/3767 1333/2987/3768
f 1333/2987/3769 1334/2988/3770 1336/2990/3771 1335/2989/3772
f 1335/2989/3773 1336/2990/3774 1330/2992/3775 1329/2991/3776
f 1330/2984/3777 1336/2993/3778 1334/2994/3779 1332/2986/3780
f 1335/2995/3781 1329/2983/3782 1331/2985/3783 1333/2996/3784
g default
v -195.000000 294.200000 -121.000000
v -165.000000 294.200000 -121.000000
v -195.000000 294.800000 -121.000000
v -165.000000 294.800000 -121.000000
v -195.000000 294.800000 -239.000000
v -165.000000 294.800000 -239.000000
v -195.000000 294.200000 -239.000000
v -165.000000 294.200000 -239.000000
vt 0.330000 0.000000
vt 0.663333 0.000000
vt 0.330000 0.250000
vt 0.663333 0.250000
vt 0.330000 0.500000
vt 0.663333 0.500000
vt 0.330000 0.750000
vt 0.663333 0.750000
vt 0.330000 1.000000
vt 0.663333 1.000000
vt 1.000000 0.000000
vt 1.000000 0.250000
vt 0.000000 0.000000
vt 0.000000 0.250000
vn 0.000000 0.000000 1.000000
vn 0.000000 0.000000 1.000000
vn 0.000000 0.000000 1.000000
vn 0.000000 0.000000 1.000000
vn 0.000000 1.000000 0.000000
vn 0.000000 1.000000 0.000000
vn 0.000000 1.000000 0.000000
vn 0.000000 1.000000 0.000000
vn 0.000000 0.000000 -1.000000
vn 0.000000 0.000000 -1.000000
vn 0.000000 0.000000 -1.000000
vn 0.000000 0.000000 -1.000000
vn 0.000000 -1.000000 0.000000
vn 0.000000 -1.000000 0.000000
vn 0.000000 -1.000000 0.000000
vn 0.000000 -1.000000 0.000000
vn 1.000000 0.000000 0.000000
vn 1.000000 0.000000 0.000000
vn 1.000000 0.000000 0.000000
vn 1.000000 0.000000 0.000000
vn -1.000000 0.000000 0.000000
vn -1.000000 0.000000 0.000000
vn -1.000000 0.000000 0.000000
vn -1.000000 0.000000 0.000000
s off
g GRP_Lamp_FL GRP_Fluorescent_Lights Backrooms_Level0_Master_GRP Lamp_FL_Diffuser
f 1337/2997/3785 1338/2998/3786 1340/3000/3787 1339/2999/3788
f 1339/2999/3789 1340/3000/3790 1342/3002/3791 1341/3001/3792
f 1341/3001/3793 1342/3002/3794 1344/3004/3795 1343/3003/3796
f 1343/3003/3797 1344/3004/3798 1338/3006/3799 1337/3005/3800
f 1338/2998/3801 1344/3007/3802 1342/3008/3803 1340/3000/3804
f 1343/3009/3805 1337/2997/3806 1339/2999/3807 1341/3010/3808
g default
v 163.046858 294.046858 -118.159985
v 163.159985 294.000000 -118.159985
v 163.159985 294.046858 -118.046860
v 163.159985 294.159984 -118.000000
v 163.046858 294.159984 -118.046860
v 163.000000 294.159984 -118.159985
v 196.953142 294.046858 -118.159985
v 197.000000 294.159984 -118.159985
v 196.953142 294.159984 -118.046860
v 196.840015 294.159984 -118.000000
v 196.840015 294.046858 -118.046860
v 196.840015 294.000000 -118.159985
v 163.046858 301.953142 -118.159985
v 163.000000 301.840016 -118.159985
v 163.046858 301.840016 -118.046860
v 163.159985 301.840016 -118.000000
v 163.159985 301.953142 -118.046860
v 163.159985 302.000000 -118.159985
v 196.953142 301.953142 -118.159985
v 196.840015 302.000000 -118.159985
v 196.840015 301.953142 -118.046860
v 196.840015 301.840016 -118.000000
v 196.953142 301.840016 -118.046860
v 197.000000 301.840016 -118.159985
v 163.046858 301.840016 -241.953140
v 163.000000 301.840016 -241.840015
v 163.046858 301.953142 -241.840015
v 163.159985 302.000000 -241.840015
v 163.159985 301.953142 -241.953140
v 163.159985 301.840016 -242.000000
v 196.953142 301.840016 -241.953140
v 196.840015 301.840016 -242.000000
v 196.840015 301.953142 -241.953140
v 196.840015 302.000000 -241.840015
v 196.953142 301.953142 -241.840015
v 197.000000 301.840016 -241.840015
v 163.046858 294.046858 -241.840015
v 163.000000 294.159984 -241.840015
v 163.046858 294.159984 -241.953140
v 163.159985 294.159984 -242.000000
v 163.159985 294.046858 -241.953140
v 163.159985 294.000000 -241.840015
v 196.953142 294.046858 -241.840015
v 196.840015 294.000000 -241.840015
v 196.840015 294.046858 -241.953140
v 196.840015 294.159984 -242.000000
v 196.953142 294.159984 -241.953140
v 197.000000 294.159984 -241.840015
vt 0.331569 0.999677
vt 0.331568 0.750323
vt 0.329574 0.005000
vt 0.000426 0.005000
vt 0.331568 0.004999
vt 0.661765 0.005000
vt 0.331569 0.999677
vt 0.661765 0.999677
vt 0.329574 0.005000
vt 0.329574 0.245000
vt 0.331568 0.004999
vt 0.331569 0.245000
vt 0.663768 0.005000
vt 0.999566 0.005000
vt 0.661765 0.999677
vt 0.661765 0.750323
vt 0.661765 0.005000
vt 0.661765 0.245000
vt 0.663768 0.005000
vt 0.663768 0.245000
vt 0.329574 0.245000
vt 0.000426 0.245000
vt 0.331568 0.250323
vt 0.331569 0.499677
vt 0.331568 0.250323
vt 0.661765 0.250323
vt 0.331569 0.245000
vt 0.661765 0.245000
vt 0.661765 0.250323
vt 0.661765 0.499677
vt 0.663768 0.245000
vt 0.999566 0.245000
vt 0.000426 0.245000
vt 0.000426 0.005000
vt 0.331568 0.504999
vt 0.331569 0.745000
vt 0.331568 0.504999
vt 0.661765 0.505000
vt 0.331569 0.499677
vt 0.661765 0.499677
vt 0.661765 0.505000
vt 0.661765 0.745000
vt 0.999566 0.245000
vt 0.999566 0.005000
vt 0.331568 0.750323
vt 0.661765 0.750323
vt 0.331569 0.745000
vt 0.661765 0.745000
vt 0.331568 0.004999
vt 0.661765 0.005000
vt 0.661765 0.245000
vt 0.331569 0.245000
vt 0.331568 0.250323
vt 0.661765 0.250323
vt 0.661765 0.499677
vt 0.331569 0.499677
vt 0.331568 0.504999
vt 0.661765 0.505000
vt 0.661765 0.745000
vt 0.331569 0.745000
vt 0.331568 0.750323
vt 0.661765 0.750323
vt 0.661765 0.999677
vt 0.331569 0.999677
vt 0.663768 0.005000
vt 0.999566 0.005000
vt 0.999566 0.245000
vt 0.663768 0.245000
vt 0.000426 0.005000
vt 0.329574 0.005000
vt 0.329574 0.245000
vt 0.000426 0.245000
vt 0.331568 0.000000
vt 0.331568 0.004999
vt 0.329574 0.005000
vt 0.663768 0.005000
vt 0.661765 0.005000
vt 0.661765 0.000000
vt 0.329574 0.245000
vt 0.331569 0.245000
vt 0.331568 0.250323
vt 0.661765 0.250323
vt 0.661765 0.245000
vt 0.663768 0.245000
vt 0.330000 0.499677
vt 0.331569 0.499677
vt 0.331568 0.504999
vt 0.661765 0.505000
vt 0.661765 0.499677
vt 0.663333 0.499677
vt 0.330000 0.745000
vt 0.331569 0.745000
vt 0.331568 0.750323
vt 0.661765 0.750323
vt 0.661765 0.745000
vt 0.663333 0.745000
vt 0.331241 0.000005
vt 0.331567 0.999426
vt 0.332760 0.000000
vt 0.332760 0.999677
vt 0.330571 0.005058
vt 0.662099 0.000005
vt 0.661766 0.999426
vt 0.662754 0.005011
vt 0.660573 0.999677
vt 0.660573 0.000000
vt 0.330000 0.250000
vt 0.330572 0.244989
vt 0.331573 0.247662
vt 0.663333 0.250000
vt 0.661764 0.247663
vt 0.662766 0.244942
vt 0.330000 0.503468
vt 0.000426 0.241292
vt 0.330000 0.499431
vt 0.000752 0.245005
vt 0.331573 0.502338
vt 0.663333 0.503468
vt 0.999566 0.241292
vt 0.661764 0.502337
vt 0.999233 0.245005
vt 0.663333 0.499431
vt 0.000753 0.004995
vt 0.330002 0.745252
vt 0.330000 0.741210
vt 0.000426 0.008708
vt 0.331573 0.747662
vt 0.663332 0.745252
vt 0.999232 0.004995
vt 0.661764 0.747653
vt 0.999566 0.008708
vt 0.663333 0.741210
vn -0.382683 -0.923880 0.000000
vn -0.382683 -0.923880 0.000000
vn -0.382683 -0.923880 0.000000
vn -0.382683 -0.923880 0.000000
vn -0.923880 -0.382682 0.000000
vn -0.923880 -0.382682 0.000000
vn -0.923880 -0.382682 0.000000
vn -0.923880 -0.382682 0.000000
vn 0.000000 -0.382693 0.923876
vn 0.000000 -0.382693 0.923876
vn 0.000000 -0.382693 0.923876
vn 0.000000 -0.382693 0.923876
vn 0.000000 -0.923879 0.382686
vn 0.000000 -0.923879 0.382686
vn 0.000000 -0.923879 0.382686
vn 0.000000 -0.923879 0.382686
vn -0.923880 0.000000 0.382682
vn -0.923880 0.000000 0.382682
vn -0.923880 0.000000 0.382682
vn -0.923880 0.000000 0.382682
vn -0.382672 0.000000 0.923884
vn -0.382672 0.000000 0.923884
vn -0.382672 0.000000 0.923884
vn -0.382672 0.000000 0.923884
vn 0.923880 -0.382682 0.000000
vn 0.923880 -0.382682 0.000000
vn 0.923880 -0.382682 0.000000
vn 0.923880 -0.382682 0.000000
vn 0.382683 -0.923880 0.000000
vn 0.382683 -0.923880 0.000000
vn 0.382683 -0.923880 0.000000
vn 0.382683 -0.923880 0.000000
vn 0.382672 0.000000 0.923884
vn 0.382672 0.000000 0.923884
vn 0.382672 0.000000 0.923884
vn 0.382672 0.000000 0.923884
vn 0.923880 0.000000 0.382682
vn 0.923880 0.000000 0.382682
vn 0.923880 0.000000 0.382682
vn 0.923880 0.000000 0.382682
vn -0.923880 0.382682 0.000000
vn -0.923880 0.382682 0.000000
vn -0.923880 0.382682 0.000000
vn -0.923880 0.382682 0.000000
vn -0.382683 0.923880 0.000000
vn -0.382683 0.923880 0.000000
vn -0.382683 0.923880 0.000000
vn -0.382683 0.923880 0.000000
vn 0.000000 0.923879 0.382686
vn 0.000000 0.923879 0.382686
vn 0.000000 0.923879 0.382686
vn 0.000000 0.923879 0.382686
vn 0.000000 0.382693 0.923876
vn 0.000000 0.382693 0.923876
vn 0.000000 0.382693 0.923876
vn 0.000000 0.382693 0.923876
vn 0.382683 0.923880 0.000000
vn 0.382683 0.923880 0.000000
vn 0.382683 0.923880 0.000000
vn 0.382683 0.923880 0.000000
vn 0.923880 0.382682 0.000000
vn 0.923880 0.382682 0.000000
vn 0.923880 0.382682 0.000000
vn 0.923880 0.382682 0.000000
vn -0.923880 0.000000 -0.382682
vn -0.923880 0.000000 -0.382682
vn -0.923880 0.000000 -0.382682
vn -0.923880 0.000000 -0.382682
vn -0.382672 0.000000 -0.923884
vn -0.382672 0.000000 -0.923884
vn -0.382672 0.000000 -0.923884
vn -0.382672 0.000000 -0.923884
vn 0.000000 0.382693 -0.923876
vn 0.000000 0.382693 -0.923876
vn 0.000000 0.382693 -0.923876
vn 0.000000 0.382693 -0.923876
vn 0.000000 0.923879 -0.382686
vn 0.000000 0.923879 -0.382686
vn 0.000000 0.923879 -0.382686
vn 0.000000 0.923879 -0.382686
vn 0.382672 0.000000 -0.923884
vn 0.382672 0.000000 -0.923884
vn 0.382672 0.000000 -0.923884
vn 0.382672 0.000000 -0.923884
vn 0.923880 0.000000 -0.382682
vn 0.923880 0.000000 -0.382682
vn 0.923880 0.000000 -0.382682
vn 0.923880 0.000000 -0.382682
vn 0.000000 -0.923879 -0.382686
vn 0.000000 -0.923879 -0.382686
vn 0.000000 -0.923879 -0.382686
vn 0.000000 -0.923879 -0.382686
vn 0.000000 -0.382693 -0.923876
vn 0.000000 -0.382693 -0.923876
vn 0.000000 -0.382693 -0.923876
vn 0.000000 -0.382693 -0.923876
vn 0.000000 0.000000 1.000000
vn 0.000000 0.000000 1.000000
vn 0.000000 0.000000 1.000000
vn 0.000000 0.000000 1.000000
vn 0.000000 1.000000 0.000000
vn 0.000000 1.000000 0.000000
vn 0.000000 1.000000 0.000000
vn 0.000000 1.000000 0.000000
vn 0.000000 0.000000 -1.000000
vn 0.000000 0.000000 -1.000000
vn 0.000000 0.000000 -1.000000
vn 0.000000 0.000000 -1.000000
vn 0.000000 -1.000000 0.000000
vn 0.000000 -1.000000 0.000000
vn 0.000000 -1.000000 0.000000
vn 0.000000 -1.000000 0.000000
vn 1.000000 0.000000 0.000000
vn 1.000000 0.000000 0.000000
vn 1.000000 0.000000 0.000000
vn 1.000000 0.000000 0.000000
vn -1.000000 0.000000 0.000000
vn -1.000000 0.000000 0.000000
vn -1.000000 0.000000 0.000000
vn -1.000000 0.000000 0.000000
vn -0.577340 -0.577355 0.577357
vn -0.577340 -0.577355 0.577357
vn -0.577340 -0.577355 0.577357
vn -0.577340 -0.577355 0.577357
vn -0.577340 -0.577355 0.577357
vn -0.577340 -0.577355 0.577357
vn 0.577341 -0.577352 0.577358
vn 0.577341 -0.577352 0.577358
vn 0.577341 -0.577352 0.577358
vn 0.577341 -0.577352 0.577358
vn 0.577341 -0.577352 0.577358
vn 0.577341 -0.577352 0.577358
vn -0.577341 0.577352 0.577358
vn -0.577341 0.577352 0.577358
vn -0.577341 0.577352 0.577358
vn -0.577341 0.577352 0.577358
vn -0.577341 0.577352 0.577358
vn -0.577341 0.577352 0.577358
vn 0.577340 0.577355 0.577357
vn 0.577340 0.577355 0.577357
vn 0.577340 0.577355 0.577357
vn 0.577340 0.577355 0.577357
vn 0.577340 0.577355 0.577357
vn 0.577340 0.577355 0.577357
vn -0.577330 0.577358 -0.577362
vn -0.577330 0.577359 -0.577362
vn -0.577330 0.577359 -0.577362
vn -0.577330 0.577359 -0.577362
vn -0.577330 0.577359 -0.577362
vn -0.577330 0.577359 -0.577362
vn 0.577350 0.577350 -0.577352
vn 0.577350 0.577350 -0.577352
vn 0.577350 0.577350 -0.577352
vn 0.577350 0.577350 -0.577352
vn 0.577350 0.577350 -0.577352
vn 0.577350 0.577350 -0.577352
vn -0.577341 -0.577352 -0.577358
vn -0.577341 -0.577352 -0.577358
vn -0.577341 -0.577352 -0.577358
vn -0.577341 -0.577352 -0.577358
vn -0.577341 -0.577352 -0.577358
vn -0.577341 -0.577352 -0.577358
vn 0.577340 -0.577355 -0.577357
vn 0.577340 -0.577355 -0.577357
vn 0.577340 -0.577355 -0.577357
vn 0.577340 -0.577355 -0.577357
vn 0.577340 -0.577355 -0.577357
vn 0.577340 -0.577355 -0.577357
s off
g GRP_Fluorescent_Lights Backrooms_Level0_Master_GRP Lamp_FR_Housing GRP_Lamp_FR
f 1346/3017/3809 1345/3108/3810 1381/3134/3811 1386/3071/3812
f 1345/3107/3813 1350/3080/3814 1382/3044/3815 1381/3133/3816
f 1348/3021/3817 1347/3109/3818 1355/3116/3819 1354/3060/3820
f 1347/3110/3821 1346/3017/3822 1356/3025/3823 1355/3115/3824
f 1350/3080/3825 1349/3111/3826 1359/3118/3827 1358/3081/3828
f 1349/3111/3829 1348/3021/3830 1360/3037/3831 1359/3118/3832
f 1352/3029/3833 1351/3112/3834 1387/3139/3835 1392/3054/3836
f 1351/3113/3837 1356/3025/3838 1388/3056/3839 1387/3138/3840
f 1354/3060/3841 1353/3114/3842 1367/3122/3843 1366/3038/3844
f 1353/3114/3845 1352/3029/3846 1368/3041/3847 1367/3122/3848
f 1358/3081/3849 1357/3117/3850 1371/3126/3851 1370/3082/3852
f 1357/3117/3853 1362/3063/3854 1372/3049/3855 1371/3125/3856
f 1362/3063/3857 1361/3119/3858 1365/3121/3859 1364/3064/3860
f 1361/3119/3861 1360/3037/3862 1366/3038/3863 1365/3121/3864
f 1364/3064/3865 1363/3120/3866 1379/3132/3867 1378/3050/3868
f 1363/3120/3869 1368/3041/3870 1380/3053/3871 1379/3131/3872
f 1370/3082/3873 1369/3124/3874 1383/3136/3875 1382/3044/3876
f 1369/3123/3877 1374/3067/3878 1384/3057/3879 1383/3135/3880
f 1374/3067/3881 1373/3127/3882 1377/3130/3883 1376/3068/3884
f 1373/3127/3885 1372/3049/3886 1378/3050/3887 1377/3130/3888
f 1376/3068/3889 1375/3128/3890 1391/3142/3891 1390/3058/3892
f 1375/3129/3893 1380/3053/3894 1392/3054/3895 1391/3141/3896
f 1386/3071/3897 1385/3137/3898 1389/3140/3899 1388/3056/3900
f 1385/3137/3901 1384/3057/3902 1390/3058/3903 1389/3140/3904
f 1348/3021/3905 1354/3060/3906 1366/3038/3907 1360/3037/3908
f 1362/3063/3909 1364/3064/3910 1378/3050/3911 1372/3049/3912
f 1374/3067/3913 1376/3068/3914 1390/3058/3915 1384/3057/3916
f 1386/3071/3917 1388/3056/3918 1356/3025/3919 1346/3017/3920
f 1352/3029/3921 1392/3054/3922 1380/3053/3923 1368/3041/3924
f 1382/3044/3925 1350/3080/3926 1358/3081/3927 1370/3082/3928
f 1345/3107/3929 1346/3083/3930 1347/3109/3931 1348/3021/3932 1349/3111/3933 1350/3080/3934
f 1351/3112/3935 1352/3029/3936 1353/3114/3937 1354/3060/3938 1355/3116/3939 1356/3088/3940
f 1357/3117/3941 1358/3081/3942 1359/3118/3943 1360/3037/3944 1361/3119/3945 1362/3063/3946
f 1363/3120/3947 1364/3064/3948 1365/3121/3949 1366/3038/3950 1367/3122/3951 1368/3041/3952
f 1369/3123/3953 1370/3095/3954 1371/3125/3955 1372/3049/3956 1373/3127/3957 1374/3067/3958
f 1375/3128/3959 1376/3068/3960 1377/3130/3961 1378/3050/3962 1379/3132/3963 1380/3100/3964
f 1381/3134/3965 1382/3101/3966 1383/3135/3967 1384/3057/3968 1385/3137/3969 1386/3071/3970
f 1387/3138/3971 1388/3056/3972 1389/3140/3973 1390/3058/3974 1391/3142/3975 1392/3106/3976
g default
v 174.671260 296.764048 -236.000000
v 174.310537 297.216381 -236.000000
v 173.789277 297.467406 -236.000000
v 173.210723 297.467406 -236.000000
v 172.689464 297.216381 -236.000000
v 172.328741 296.764049 -236.000000
v 172.200000 296.200000 -236.000000
v 172.328741 295.635951 -236.000000
v 172.689463 295.183619 -236.000000
v 173.210723 294.932594 -236.000000
v 173.789277 294.932594 -236.000000
v 174.310537 295.183619 -236.000000
v 174.671259 295.635951 -236.000000
v 174.800000 296.200000 -236.000000
v 174.671260 296.764048 -124.000000
v 174.310537 297.216381 -124.000000
v 173.789277 297.467406 -124.000000
v 173.210723 297.467406 -124.000000
v 172.689464 297.216381 -124.000000
v 172.328741 296.764049 -124.000000
v 172.200000 296.200000 -124.000000
v 172.328741 295.635951 -124.000000
v 172.689463 295.183619 -124.000000
v 173.210723 294.932594 -124.000000
v 173.789277 294.932594 -124.000000
v 174.310537 295.183619 -124.000000
v 174.671259 295.635951 -124.000000
v 174.800000 296.200000 -124.000000
vt 0.952364 0.070765
vt 0.813625 0.027271
vt 0.613140 0.003134
vt 0.390619 0.003134
vt 0.190135 0.027271
vt 0.051395 0.070765
vt 0.001880 0.125000
vt 0.051395 0.179235
vt 0.190135 0.222729
vt 0.390619 0.246866
vt 0.613140 0.246866
vt 0.813625 0.222729
vt 0.952364 0.179235
vt 1.001880 0.125000
vt 0.000000 0.250000
vt 0.071429 0.250000
vt 0.142857 0.250000
vt 0.214286 0.250000
vt 0.285714 0.250000
vt 0.357143 0.250000
vt 0.428571 0.250000
vt 0.500000 0.250000
vt 0.571429 0.250000
vt 0.642857 0.250000
vt 0.714286 0.250000
vt 0.785714 0.250000
vt 0.857143 0.250000
vt 0.928572 0.250000
vt 1.000000 0.250000
vt 0.000000 0.750000
vt 0.071429 0.750000
vt 0.142857 0.750000
vt 0.214286 0.750000
vt 0.285714 0.750000
vt 0.357143 0.750000
vt 0.428571 0.750000
vt 0.500000 0.750000
vt 0.571429 0.750000
vt 0.642857 0.750000
vt 0.714286 0.750000
vt 0.785714 0.750000
vt 0.857143 0.750000
vt 0.928572 0.750000
vt 1.000000 0.750000
vt 0.952364 0.820765
vt 0.813625 0.777271
vt 0.613140 0.753134
vt 0.390619 0.753134
vt 0.190135 0.777271
vt 0.051395 0.820765
vt 0.001880 0.875000
vt 0.051395 0.929235
vt 0.190135 0.972729
vt 0.390619 0.996866
vt 0.613140 0.996866
vt 0.813625 0.972729
vt 0.952364 0.929235
vt 1.001880 0.875000
vn 0.900969 0.433884 0.000000
vn 0.623490 0.781831 0.000000
vn 0.623490 0.781831 0.000000
vn 0.900969 0.433884 0.000000
vn 0.222521 0.974928 0.000000
vn 0.222521 0.974928 0.000000
vn -0.222521 0.974928 0.000000
vn -0.222521 0.974928 0.000000
vn -0.623490 0.781832 0.000000
vn -0.623490 0.781832 0.000000
vn -0.900969 0.433884 0.000000
vn -0.900969 0.433884 0.000000
vn -1.000000 0.000000 0.000000
vn -1.000000 0.000000 0.000000
vn -0.900969 -0.433884 0.000000
vn -0.900969 -0.433884 0.000000
vn -0.623490 -0.781831 0.000000
vn -0.623490 -0.781831 0.000000
vn -0.222521 -0.974928 0.000000
vn -0.222521 -0.974928 0.000000
vn 0.222521 -0.974928 0.000000
vn 0.222521 -0.974928 0.000000
vn 0.623490 -0.781832 0.000000
vn 0.623490 -0.781832 0.000000
vn 0.900969 -0.433884 0.000000
vn 0.900969 -0.433884 0.000000
vn 1.000000 -0.000000 0.000000
vn 1.000000 -0.000000 0.000000
vn 0.000000 -0.000002 -1.000000
vn 0.000000 -0.000002 -1.000000
vn 0.000000 -0.000002 -1.000000
vn 0.000000 -0.000002 -1.000000
vn 0.000000 -0.000002 -1.000000
vn 0.000000 -0.000002 -1.000000
vn 0.000000 -0.000002 -1.000000
vn 0.000000 -0.000002 -1.000000
vn 0.000000 -0.000002 -1.000000
vn 0.000000 -0.000002 -1.000000
vn 0.000000 -0.000002 -1.000000
vn 0.000000 -0.000002 -1.000000
vn 0.000000 -0.000002 -1.000000
vn 0.000000 -0.000002 -1.000000
vn 0.000000 0.000001 1.000000
vn 0.000000 0.000001 1.000000
vn 0.000000 0.000001 1.000000
vn 0.000000 0.000001 1.000000
vn 0.000000 0.000001 1.000000
vn 0.000000 0.000001 1.000000
vn 0.000000 0.000001 1.000000
vn 0.000000 0.000001 1.000000
vn 0.000000 0.000001 1.000000
vn 0.000000 0.000001 1.000000
vn 0.000000 0.000001 1.000000
vn 0.000000 0.000001 1.000000
vn 0.000000 0.000001 1.000000
vn 0.000000 0.000001 1.000000
s 1
g GRP_Fluorescent_Lights Backrooms_Level0_Master_GRP GRP_Lamp_FR Lamp_FR_Tube_1
f 1393/3157/3977 1394/3158/3978 1408/3173/3979 1407/3172/3980
f 1394/3158/3978 1395/3159/3981 1409/3174/3982 1408/3173/3979
f 1395/3159/3981 1396/3160/3983 1410/3175/3984 1409/3174/3982
f 1396/3160/3983 1397/3161/3985 1411/3176/3986 1410/3175/3984
f 1397/3161/3985 1398/3162/3987 1412/3177/3988 1411/3176/3986
f 1398/3162/3987 1399/3163/3989 1413/3178/3990 1412/3177/3988
f 1399/3163/3989 1400/3164/3991 1414/3179/3992 1413/3178/3990
f 1400/3164/3991 1401/3165/3993 1415/3180/3994 1414/3179/3992
f 1401/3165/3993 1402/3166/3995 1416/3181/3996 1415/3180/3994
f 1402/3166/3995 1403/3167/3997 1417/3182/3998 1416/3181/3996
f 1403/3167/3997 1404/3168/3999 1418/3183/4000 1417/3182/3998
f 1404/3168/3999 1405/3169/4001 1419/3184/4002 1418/3183/4000
f 1405/3169/4001 1406/3170/4003 1420/3185/4004 1419/3184/4002
f 1406/3170/4003 1393/3171/3977 1407/3186/3980 1420/3185/4004
s off
f 1393/3143/4005 1406/3156/4006 1405/3155/4007 1404/3154/4008 1403/3153/4009 1402/3152/4010 1401/3151/4011 1400/3150/4012 1399/3149/4013 1398/3148/4014 1397/3147/4015 1396/3146/4016 1395/3145/4017 1394/3144/4018
f 1407/3199/4019 1408/3198/4020 1409/3197/4021 1410/3196/4022 1411/3195/4023 1412/3194/4024 1413/3193/4025 1414/3192/4026 1415/3191/4027 1416/3190/4028 1417/3189/4029 1418/3188/4030 1419/3187/4031 1420/3200/4032
g default
v 174.794427 297.140457 -238.500000
v 173.994427 297.721691 -238.500000
v 173.005573 297.721691 -238.500000
v 172.205572 297.140456 -238.500000
v 171.900000 296.200000 -238.500000
v 172.205573 295.259543 -238.500000
v 173.005573 294.678309 -238.500000
v 173.994427 294.678310 -238.500000
v 174.794427 295.259544 -238.500000
v 175.100000 296.200000 -238.500000
v 174.794427 297.140457 -235.500000
v 173.994427 297.721691 -235.500000
v 173.005573 297.721691 -235.500000
v 172.205572 297.140456 -235.500000
v 171.900000 296.200000 -235.500000
v 172.205573 295.259543 -235.500000
v 173.005573 294.678309 -235.500000
v 173.994427 294.678310 -235.500000
v 174.794427 295.259544 -235.500000
v 175.100000 296.200000 -235.500000
vt 0.906388 0.051527
vt 0.656388 0.006118
vt 0.347371 0.006118
vt 0.097371 0.051527
vt 0.001880 0.125000
vt 0.097371 0.198473
vt 0.347371 0.243882
vt 0.656388 0.243882
vt 0.906388 0.198473
vt 1.001880 0.125000
vt 0.000000 0.250000
vt 0.100000 0.250000
vt 0.200000 0.250000
vt 0.300000 0.250000
vt 0.400000 0.250000
vt 0.500000 0.250000
vt 0.600000 0.250000
vt 0.700000 0.250000
vt 0.800000 0.250000
vt 0.900000 0.250000
vt 1.000000 0.250000
vt 0.000000 0.750000
vt 0.100000 0.750000
vt 0.200000 0.750000
vt 0.300000 0.750000
vt 0.400000 0.750000
vt 0.500000 0.750000
vt 0.600000 0.750000
vt 0.700000 0.750000
vt 0.800000 0.750000
vt 0.900000 0.750000
vt 1.000000 0.750000
vt 0.906388 0.801527
vt 0.656388 0.756118
vt 0.347371 0.756118
vt 0.097371 0.801527
vt 0.001880 0.875000
vt 0.097371 0.948473
vt 0.347371 0.993882
vt 0.656388 0.993882
vt 0.906388 0.948473
vt 1.001880 0.875000
vn 0.587785 0.809017 0.000000
vn 0.587785 0.809017 0.000000
vn 0.587785 0.809017 0.000000
vn 0.587785 0.809017 0.000000
vn 0.000000 1.000000 0.000000
vn 0.000000 1.000000 0.000000
vn 0.000000 1.000000 0.000000
vn 0.000000 1.000000 0.000000
vn -0.587785 0.809017 0.000000
vn -0.587785 0.809017 0.000000
vn -0.587785 0.809017 0.000000
vn -0.587785 0.809017 0.000000
vn -0.951057 0.309017 0.000000
vn -0.951057 0.309017 0.000000
vn -0.951057 0.309017 0.000000
vn -0.951057 0.309017 0.000000
vn -0.951056 -0.309017 0.000000
vn -0.951056 -0.309017 0.000000
vn -0.951056 -0.309017 0.000000
vn -0.951056 -0.309017 0.000000
vn -0.587785 -0.809017 0.000000
vn -0.587785 -0.809017 0.000000
vn -0.587785 -0.809017 0.000000
vn -0.587785 -0.809017 0.000000
vn 0.000000 -1.000000 0.000000
vn 0.000000 -1.000000 0.000000
vn 0.000000 -1.000000 0.000000
vn 0.000000 -1.000000 0.000000
vn 0.587785 -0.809017 0.000000
vn 0.587785 -0.809017 0.000000
vn 0.587785 -0.809017 0.000000
vn 0.587785 -0.809017 0.000000
vn 0.951057 -0.309017 0.000000
vn 0.951057 -0.309017 0.000000
vn 0.951057 -0.309017 0.000000
vn 0.951057 -0.309017 0.000000
vn 0.951057 0.309017 0.000000
vn 0.951057 0.309017 0.000000
vn 0.951057 0.309017 0.000000
vn 0.951057 0.309017 0.000000
vn 0.000000 -0.000000 -1.000000
vn 0.000000 -0.000000 -1.000000
vn 0.000000 -0.000000 -1.000000
vn 0.000000 -0.000000 -1.000000
vn 0.000000 -0.000000 -1.000000
vn 0.000000 -0.000000 -1.000000
vn 0.000000 -0.000000 -1.000000
vn 0.000000 -0.000000 -1.000000
vn 0.000000 -0.000000 -1.000000
vn 0.000000 -0.000000 -1.000000
vn 0.000000 -0.000000 1.000000
vn 0.000000 -0.000000 1.000000
vn 0.000000 -0.000000 1.000000
vn 0.000000 -0.000000 1.000000
vn 0.000000 -0.000000 1.000000
vn 0.000000 -0.000000 1.000000
vn 0.000000 -0.000000 1.000000
vn 0.000000 -0.000000 1.000000
vn 0.000000 -0.000000 1.000000
vn 0.000000 -0.000000 1.000000
s off
g GRP_Fluorescent_Lights Backrooms_Level0_Master_GRP GRP_Lamp_FR Lamp_FR_Cap_1_1
f 1421/3211/4033 1422/3212/4034 1432/3223/4035 1431/3222/4036
f 1422/3212/4037 1423/3213/4038 1433/3224/4039 1432/3223/4040
f 1423/3213/4041 1424/3214/4042 1434/3225/4043 1433/3224/4044
f 1424/3214/4045 1425/3215/4046 1435/3226/4047 1434/3225/4048
f 1425/3215/4049 1426/3216/4050 1436/3227/4051 1435/3226/4052
f 1426/3216/4053 1427/3217/4054 1437/3228/4055 1436/3227/4056
f 1427/3217/4057 1428/3218/4058 1438/3229/4059 1437/3228/4060
f 1428/3218/4061 1429/3219/4062 1439/3230/4063 1438/3229/4064
f 1429/3219/4065 1430/3220/4066 1440/3231/4067 1439/3230/4068
f 1430/3220/4069 1421/3221/4070 1431/3232/4071 1440/3231/4072
f 1421/3201/4073 1430/3210/4074 1429/3209/4075 1428/3208/4076 1427/3207/4077 1426/3206/4078 1425/3205/4079 1424/3204/4080 1423/3203/4081 1422/3202/4082
f 1431/3241/4083 1432/3240/4084 1433/3239/4085 1434/3238/4086 1435/3237/4087 1436/3236/4088 1437/3235/4089 1438/3234/4090 1439/3233/4091 1440/3242/4092
g default
v 174.794427 297.140457 -124.500000
v 173.994427 297.721691 -124.500000
v 173.005573 297.721691 -124.500000
v 172.205572 297.140456 -124.500000
v 171.900000 296.200000 -124.500000
v 172.205573 295.259543 -124.500000
v 173.005573 294.678309 -124.500000
v 173.994427 294.678310 -124.500000
v 174.794427 295.259544 -124.500000
v 175.100000 296.200000 -124.500000
v 174.794427 297.140457 -121.500000
v 173.994427 297.721691 -121.500000
v 173.005573 297.721691 -121.500000
v 172.205572 297.140456 -121.500000
v 171.900000 296.200000 -121.500000
v 172.205573 295.259543 -121.500000
v 173.005573 294.678309 -121.500000
v 173.994427 294.678310 -121.500000
v 174.794427 295.259544 -121.500000
v 175.100000 296.200000 -121.500000
vt 0.906388 0.051527
vt 0.656388 0.006118
vt 0.347371 0.006118
vt 0.097371 0.051527
vt 0.001880 0.125000
vt 0.097371 0.198473
vt 0.347371 0.243882
vt 0.656388 0.243882
vt 0.906388 0.198473
vt 1.001880 0.125000
vt 0.000000 0.250000
vt 0.100000 0.250000
vt 0.200000 0.250000
vt 0.300000 0.250000
vt 0.400000 0.250000
vt 0.500000 0.250000
vt 0.600000 0.250000
vt 0.700000 0.250000
vt 0.800000 0.250000
vt 0.900000 0.250000
vt 1.000000 0.250000
vt 0.000000 0.750000
vt 0.100000 0.750000
vt 0.200000 0.750000
vt 0.300000 0.750000
vt 0.400000 0.750000
vt 0.500000 0.750000
vt 0.600000 0.750000
vt 0.700000 0.750000
vt 0.800000 0.750000
vt 0.900000 0.750000
vt 1.000000 0.750000
vt 0.906388 0.801527
vt 0.656388 0.756118
vt 0.347371 0.756118
vt 0.097371 0.801527
vt 0.001880 0.875000
vt 0.097371 0.948473
vt 0.347371 0.993882
vt 0.656388 0.993882
vt 0.906388 0.948473
vt 1.001880 0.875000
vn 0.587785 0.809017 0.000000
vn 0.587785 0.809017 0.000000
vn 0.587785 0.809017 0.000000
vn 0.587785 0.809017 0.000000
vn 0.000000 1.000000 0.000000
vn 0.000000 1.000000 0.000000
vn 0.000000 1.000000 0.000000
vn 0.000000 1.000000 0.000000
vn -0.587785 0.809017 0.000000
vn -0.587785 0.809017 0.000000
vn -0.587785 0.809017 0.000000
vn -0.587785 0.809017 0.000000
vn -0.951057 0.309017 0.000000
vn -0.951057 0.309017 0.000000
vn -0.951057 0.309017 0.000000
vn -0.951057 0.309017 0.000000
vn -0.951056 -0.309017 0.000000
vn -0.951056 -0.309017 0.000000
vn -0.951056 -0.309017 0.000000
vn -0.951056 -0.309017 0.000000
vn -0.587785 -0.809017 0.000000
vn -0.587785 -0.809017 0.000000
vn -0.587785 -0.809017 0.000000
vn -0.587785 -0.809017 0.000000
vn 0.000000 -1.000000 0.000000
vn 0.000000 -1.000000 0.000000
vn 0.000000 -1.000000 0.000000
vn 0.000000 -1.000000 0.000000
vn 0.587785 -0.809017 0.000000
vn 0.587785 -0.809017 0.000000
vn 0.587785 -0.809017 0.000000
vn 0.587785 -0.809017 0.000000
vn 0.951057 -0.309017 0.000000
vn 0.951057 -0.309017 0.000000
vn 0.951057 -0.309017 0.000000
vn 0.951057 -0.309017 0.000000
vn 0.951057 0.309017 0.000000
vn 0.951057 0.309017 0.000000
vn 0.951057 0.309017 0.000000
vn 0.951057 0.309017 0.000000
vn 0.000000 -0.000000 -1.000000
vn 0.000000 -0.000000 -1.000000
vn 0.000000 -0.000000 -1.000000
vn 0.000000 -0.000000 -1.000000
vn 0.000000 -0.000000 -1.000000
vn 0.000000 -0.000000 -1.000000
vn 0.000000 -0.000000 -1.000000
vn 0.000000 -0.000000 -1.000000
vn 0.000000 -0.000000 -1.000000
vn 0.000000 -0.000000 -1.000000
vn 0.000000 -0.000000 1.000000
vn 0.000000 -0.000000 1.000000
vn 0.000000 -0.000000 1.000000
vn 0.000000 -0.000000 1.000000
vn 0.000000 -0.000000 1.000000
vn 0.000000 -0.000000 1.000000
vn 0.000000 -0.000000 1.000000
vn 0.000000 -0.000000 1.000000
vn 0.000000 -0.000000 1.000000
vn 0.000000 -0.000000 1.000000
s off
g GRP_Fluorescent_Lights Backrooms_Level0_Master_GRP GRP_Lamp_FR Lamp_FR_Cap_1_2
f 1441/3253/4093 1442/3254/4094 1452/3265/4095 1451/3264/4096
f 1442/3254/4097 1443/3255/4098 1453/3266/4099 1452/3265/4100
f 1443/3255/4101 1444/3256/4102 1454/3267/4103 1453/3266/4104
f 1444/3256/4105 1445/3257/4106 1455/3268/4107 1454/3267/4108
f 1445/3257/4109 1446/3258/4110 1456/3269/4111 1455/3268/4112
f 1446/3258/4113 1447/3259/4114 1457/3270/4115 1456/3269/4116
f 1447/3259/4117 1448/3260/4118 1458/3271/4119 1457/3270/4120
f 1448/3260/4121 1449/3261/4122 1459/3272/4123 1458/3271/4124
f 1449/3261/4125 1450/3262/4126 1460/3273/4127 1459/3272/4128
f 1450/3262/4129 1441/3263/4130 1451/3274/4131 1460/3273/4132
f 1441/3243/4133 1450/3252/4134 1449/3251/4135 1448/3250/4136 1447/3249/4137 1446/3248/4138 1445/3247/4139 1444/3246/4140 1443/3245/4141 1442/3244/4142
f 1451/3283/4143 1452/3282/4144 1453/3281/4145 1454/3280/4146 1455/3279/4147 1456/3278/4148 1457/3277/4149 1458/3276/4150 1459/3275/4151 1460/3284/4152
g default
v 187.671260 296.764048 -236.000000
v 187.310537 297.216381 -236.000000
v 186.789277 297.467406 -236.000000
v 186.210723 297.467406 -236.000000
v 185.689464 297.216381 -236.000000
v 185.328741 296.764049 -236.000000
v 185.200000 296.200000 -236.000000
v 185.328741 295.635951 -236.000000
v 185.689463 295.183619 -236.000000
v 186.210723 294.932594 -236.000000
v 186.789277 294.932594 -236.000000
v 187.310537 295.183619 -236.000000
v 187.671259 295.635951 -236.000000
v 187.800000 296.200000 -236.000000
v 187.671260 296.764048 -124.000000
v 187.310537 297.216381 -124.000000
v 186.789277 297.467406 -124.000000
v 186.210723 297.467406 -124.000000
v 185.689464 297.216381 -124.000000
v 185.328741 296.764049 -124.000000
v 185.200000 296.200000 -124.000000
v 185.328741 295.635951 -124.000000
v 185.689463 295.183619 -124.000000
v 186.210723 294.932594 -124.000000
v 186.789277 294.932594 -124.000000
v 187.310537 295.183619 -124.000000
v 187.671259 295.635951 -124.000000
v 187.800000 296.200000 -124.000000
vt 0.952364 0.070765
vt 0.813625 0.027271
vt 0.613140 0.003134
vt 0.390619 0.003134
vt 0.190135 0.027271
vt 0.051395 0.070765
vt 0.001880 0.125000
vt 0.051395 0.179235
vt 0.190135 0.222729
vt 0.390619 0.246866
vt 0.613140 0.246866
vt 0.813625 0.222729
vt 0.952364 0.179235
vt 1.001880 0.125000
vt 0.000000 0.250000
vt 0.071429 0.250000
vt 0.142857 0.250000
vt 0.214286 0.250000
vt 0.285714 0.250000
vt 0.357143 0.250000
vt 0.428571 0.250000
vt 0.500000 0.250000
vt 0.571429 0.250000
vt 0.642857 0.250000
vt 0.714286 0.250000
vt 0.785714 0.250000
vt 0.857143 0.250000
vt 0.928572 0.250000
vt 1.000000 0.250000
vt 0.000000 0.750000
vt 0.071429 0.750000
vt 0.142857 0.750000
vt 0.214286 0.750000
vt 0.285714 0.750000
vt 0.357143 0.750000
vt 0.428571 0.750000
vt 0.500000 0.750000
vt 0.571429 0.750000
vt 0.642857 0.750000
vt 0.714286 0.750000
vt 0.785714 0.750000
vt 0.857143 0.750000
vt 0.928572 0.750000
vt 1.000000 0.750000
vt 0.952364 0.820765
vt 0.813625 0.777271
vt 0.613140 0.753134
vt 0.390619 0.753134
vt 0.190135 0.777271
vt 0.051395 0.820765
vt 0.001880 0.875000
vt 0.051395 0.929235
vt 0.190135 0.972729
vt 0.390619 0.996866
vt 0.613140 0.996866
vt 0.813625 0.972729
vt 0.952364 0.929235
vt 1.001880 0.875000
vn 0.900969 0.433884 0.000000
vn 0.623490 0.781831 0.000000
vn 0.623490 0.781831 0.000000
vn 0.900969 0.433884 0.000000
vn 0.222521 0.974928 0.000000
vn 0.222521 0.974928 0.000000
vn -0.222521 0.974928 0.000000
vn -0.222521 0.974928 0.000000
vn -0.623490 0.781832 0.000000
vn -0.623490 0.781832 0.000000
vn -0.900969 0.433884 0.000000
vn -0.900969 0.433884 0.000000
vn -1.000000 0.000000 0.000000
vn -1.000000 0.000000 0.000000
vn -0.900969 -0.433884 0.000000
vn -0.900969 -0.433884 0.000000
vn -0.623490 -0.781831 0.000000
vn -0.623490 -0.781831 0.000000
vn -0.222521 -0.974928 0.000000
vn -0.222521 -0.974928 0.000000
vn 0.222521 -0.974928 0.000000
vn 0.222521 -0.974928 0.000000
vn 0.623490 -0.781832 0.000000
vn 0.623490 -0.781832 0.000000
vn 0.900969 -0.433884 0.000000
vn 0.900969 -0.433884 0.000000
vn 1.000000 -0.000000 0.000000
vn 1.000000 -0.000000 0.000000
vn 0.000000 -0.000002 -1.000000
vn 0.000000 -0.000002 -1.000000
vn 0.000000 -0.000002 -1.000000
vn 0.000000 -0.000002 -1.000000
vn 0.000000 -0.000002 -1.000000
vn 0.000000 -0.000002 -1.000000
vn 0.000000 -0.000002 -1.000000
vn 0.000000 -0.000002 -1.000000
vn 0.000000 -0.000002 -1.000000
vn 0.000000 -0.000002 -1.000000
vn 0.000000 -0.000002 -1.000000
vn 0.000000 -0.000002 -1.000000
vn 0.000000 -0.000002 -1.000000
vn 0.000000 -0.000002 -1.000000
vn 0.000000 0.000001 1.000000
vn 0.000000 0.000001 1.000000
vn 0.000000 0.000001 1.000000
vn 0.000000 0.000001 1.000000
vn 0.000000 0.000001 1.000000
vn 0.000000 0.000001 1.000000
vn 0.000000 0.000001 1.000000
vn 0.000000 0.000001 1.000000
vn 0.000000 0.000001 1.000000
vn 0.000000 0.000001 1.000000
vn 0.000000 0.000001 1.000000
vn 0.000000 0.000001 1.000000
vn 0.000000 0.000001 1.000000
vn 0.000000 0.000001 1.000000
s 1
g GRP_Fluorescent_Lights Backrooms_Level0_Master_GRP GRP_Lamp_FR Lamp_FR_Tube_2
f 1461/3299/4153 1462/3300/4154 1476/3315/4155 1475/3314/4156
f 1462/3300/4154 1463/3301/4157 1477/3316/4158 1476/3315/4155
f 1463/3301/4157 1464/3302/4159 1478/3317/4160 1477/3316/4158
f 1464/3302/4159 1465/3303/4161 1479/3318/4162 1478/3317/4160
f 1465/3303/4161 1466/3304/4163 1480/3319/4164 1479/3318/4162
f 1466/3304/4163 1467/3305/4165 1481/3320/4166 1480/3319/4164
f 1467/3305/4165 1468/3306/4167 1482/3321/4168 1481/3320/4166
f 1468/3306/4167 1469/3307/4169 1483/3322/4170 1482/3321/4168
f 1469/3307/4169 1470/3308/4171 1484/3323/4172 1483/3322/4170
f 1470/3308/4171 1471/3309/4173 1485/3324/4174 1484/3323/4172
f 1471/3309/4173 1472/3310/4175 1486/3325/4176 1485/3324/4174
f 1472/3310/4175 1473/3311/4177 1487/3326/4178 1486/3325/4176
f 1473/3311/4177 1474/3312/4179 1488/3327/4180 1487/3326/4178
f 1474/3312/4179 1461/3313/4153 1475/3328/4156 1488/3327/4180
s off
f 1461/3285/4181 1474/3298/4182 1473/3297/4183 1472/3296/4184 1471/3295/4185 1470/3294/4186 1469/3293/4187 1468/3292/4188 1467/3291/4189 1466/3290/4190 1465/3289/4191 1464/3288/4192 1463/3287/4193 1462/3286/4194
f 1475/3341/4195 1476/3340/4196 1477/3339/4197 1478/3338/4198 1479/3337/4199 1480/3336/4200 1481/3335/4201 1482/3334/4202 1483/3333/4203 1484/3332/4204 1485/3331/4205 1486/3330/4206 1487/3329/4207 1488/3342/4208
g default
v 187.794427 297.140457 -238.500000
v 186.994427 297.721691 -238.500000
v 186.005573 297.721691 -238.500000
v 185.205572 297.140456 -238.500000
v 184.900000 296.200000 -238.500000
v 185.205573 295.259543 -238.500000
v 186.005573 294.678309 -238.500000
v 186.994427 294.678310 -238.500000
v 187.794427 295.259544 -238.500000
v 188.100000 296.200000 -238.500000
v 187.794427 297.140457 -235.500000
v 186.994427 297.721691 -235.500000
v 186.005573 297.721691 -235.500000
v 185.205572 297.140456 -235.500000
v 184.900000 296.200000 -235.500000
v 185.205573 295.259543 -235.500000
v 186.005573 294.678309 -235.500000
v 186.994427 294.678310 -235.500000
v 187.794427 295.259544 -235.500000
v 188.100000 296.200000 -235.500000
vt 0.906388 0.051527
vt 0.656388 0.006118
vt 0.347371 0.006118
vt 0.097371 0.051527
vt 0.001880 0.125000
vt 0.097371 0.198473
vt 0.347371 0.243882
vt 0.656388 0.243882
vt 0.906388 0.198473
vt 1.001880 0.125000
vt 0.000000 0.250000
vt 0.100000 0.250000
vt 0.200000 0.250000
vt 0.300000 0.250000
vt 0.400000 0.250000
vt 0.500000 0.250000
vt 0.600000 0.250000
vt 0.700000 0.250000
vt 0.800000 0.250000
vt 0.900000 0.250000
vt 1.000000 0.250000
vt 0.000000 0.750000
vt 0.100000 0.750000
vt 0.200000 0.750000
vt 0.300000 0.750000
vt 0.400000 0.750000
vt 0.500000 0.750000
vt 0.600000 0.750000
vt 0.700000 0.750000
vt 0.800000 0.750000
vt 0.900000 0.750000
vt 1.000000 0.750000
vt 0.906388 0.801527
vt 0.656388 0.756118
vt 0.347371 0.756118
vt 0.097371 0.801527
vt 0.001880 0.875000
vt 0.097371 0.948473
vt 0.347371 0.993882
vt 0.656388 0.993882
vt 0.906388 0.948473
vt 1.001880 0.875000
vn 0.587785 0.809017 0.000000
vn 0.587785 0.809017 0.000000
vn 0.587785 0.809017 0.000000
vn 0.587785 0.809017 0.000000
vn 0.000000 1.000000 0.000000
vn 0.000000 1.000000 0.000000
vn 0.000000 1.000000 0.000000
vn 0.000000 1.000000 0.000000
vn -0.587785 0.809017 0.000000
vn -0.587785 0.809017 0.000000
vn -0.587785 0.809017 0.000000
vn -0.587785 0.809017 0.000000
vn -0.951057 0.309017 0.000000
vn -0.951057 0.309017 0.000000
vn -0.951057 0.309017 0.000000
vn -0.951057 0.309017 0.000000
vn -0.951056 -0.309017 0.000000
vn -0.951056 -0.309017 0.000000
vn -0.951056 -0.309017 0.000000
vn -0.951056 -0.309017 0.000000
vn -0.587785 -0.809017 0.000000
vn -0.587785 -0.809017 0.000000
vn -0.587785 -0.809017 0.000000
vn -0.587785 -0.809017 0.000000
vn 0.000000 -1.000000 0.000000
vn 0.000000 -1.000000 0.000000
vn 0.000000 -1.000000 0.000000
vn 0.000000 -1.000000 0.000000
vn 0.587785 -0.809017 0.000000
vn 0.587785 -0.809017 0.000000
vn 0.587785 -0.809017 0.000000
vn 0.587785 -0.809017 0.000000
vn 0.951057 -0.309017 0.000000
vn 0.951057 -0.309017 0.000000
vn 0.951057 -0.309017 0.000000
vn 0.951057 -0.309017 0.000000
vn 0.951057 0.309017 0.000000
vn 0.951057 0.309017 0.000000
vn 0.951057 0.309017 0.000000
vn 0.951057 0.309017 0.000000
vn 0.000000 -0.000000 -1.000000
vn 0.000000 -0.000000 -1.000000
vn 0.000000 -0.000000 -1.000000
vn 0.000000 -0.000000 -1.000000
vn 0.000000 -0.000000 -1.000000
vn 0.000000 -0.000000 -1.000000
vn 0.000000 -0.000000 -1.000000
vn 0.000000 -0.000000 -1.000000
vn 0.000000 -0.000000 -1.000000
vn 0.000000 -0.000000 -1.000000
vn 0.000000 -0.000000 1.000000
vn 0.000000 -0.000000 1.000000
vn 0.000000 -0.000000 1.000000
vn 0.000000 -0.000000 1.000000
vn 0.000000 -0.000000 1.000000
vn 0.000000 -0.000000 1.000000
vn 0.000000 -0.000000 1.000000
vn 0.000000 -0.000000 1.000000
vn 0.000000 -0.000000 1.000000
vn 0.000000 -0.000000 1.000000
s off
g GRP_Fluorescent_Lights Backrooms_Level0_Master_GRP GRP_Lamp_FR Lamp_FR_Cap_2_1
f 1489/3353/4209 1490/3354/4210 1500/3365/4211 1499/3364/4212
f 1490/3354/4213 1491/3355/4214 1501/3366/4215 1500/3365/4216
f 1491/3355/4217 1492/3356/4218 1502/3367/4219 1501/3366/4220
f 1492/3356/4221 1493/3357/4222 1503/3368/4223 1502/3367/4224
f 1493/3357/4225 1494/3358/4226 1504/3369/4227 1503/3368/4228
f 1494/3358/4229 1495/3359/4230 1505/3370/4231 1504/3369/4232
f 1495/3359/4233 1496/3360/4234 1506/3371/4235 1505/3370/4236
f 1496/3360/4237 1497/3361/4238 1507/3372/4239 1506/3371/4240
f 1497/3361/4241 1498/3362/4242 1508/3373/4243 1507/3372/4244
f 1498/3362/4245 1489/3363/4246 1499/3374/4247 1508/3373/4248
f 1489/3343/4249 1498/3352/4250 1497/3351/4251 1496/3350/4252 1495/3349/4253 1494/3348/4254 1493/3347/4255 1492/3346/4256 1491/3345/4257 1490/3344/4258
f 1499/3383/4259 1500/3382/4260 1501/3381/4261 1502/3380/4262 1503/3379/4263 1504/3378/4264 1505/3377/4265 1506/3376/4266 1507/3375/4267 1508/3384/4268
g default
v 187.794427 297.140457 -124.500000
v 186.994427 297.721691 -124.500000
v 186.005573 297.721691 -124.500000
v 185.205572 297.140456 -124.500000
v 184.900000 296.200000 -124.500000
v 185.205573 295.259543 -124.500000
v 186.005573 294.678309 -124.500000
v 186.994427 294.678310 -124.500000
v 187.794427 295.259544 -124.500000
v 188.100000 296.200000 -124.500000
v 187.794427 297.140457 -121.500000
v 186.994427 297.721691 -121.500000
v 186.005573 297.721691 -121.500000
v 185.205572 297.140456 -121.500000
v 184.900000 296.200000 -121.500000
v 185.205573 295.259543 -121.500000
v 186.005573 294.678309 -121.500000
v 186.994427 294.678310 -121.500000
v 187.794427 295.259544 -121.500000
v 188.100000 296.200000 -121.500000
vt 0.906388 0.051527
vt 0.656388 0.006118
vt 0.347371 0.006118
vt 0.097371 0.051527
vt 0.001880 0.125000
vt 0.097371 0.198473
vt 0.347371 0.243882
vt 0.656388 0.243882
vt 0.906388 0.198473
vt 1.001880 0.125000
vt 0.000000 0.250000
vt 0.100000 0.250000
vt 0.200000 0.250000
vt 0.300000 0.250000
vt 0.400000 0.250000
vt 0.500000 0.250000
vt 0.600000 0.250000
vt 0.700000 0.250000
vt 0.800000 0.250000
vt 0.900000 0.250000
vt 1.000000 0.250000
vt 0.000000 0.750000
vt 0.100000 0.750000
vt 0.200000 0.750000
vt 0.300000 0.750000
vt 0.400000 0.750000
vt 0.500000 0.750000
vt 0.600000 0.750000
vt 0.700000 0.750000
vt 0.800000 0.750000
vt 0.900000 0.750000
vt 1.000000 0.750000
vt 0.906388 0.801527
vt 0.656388 0.756118
vt 0.347371 0.756118
vt 0.097371 0.801527
vt 0.001880 0.875000
vt 0.097371 0.948473
vt 0.347371 0.993882
vt 0.656388 0.993882
vt 0.906388 0.948473
vt 1.001880 0.875000
vn 0.587785 0.809017 0.000000
vn 0.587785 0.809017 0.000000
vn 0.587785 0.809017 0.000000
vn 0.587785 0.809017 0.000000
vn 0.000000 1.000000 0.000000
vn 0.000000 1.000000 0.000000
vn 0.000000 1.000000 0.000000
vn 0.000000 1.000000 0.000000
vn -0.587785 0.809017 0.000000
vn -0.587785 0.809017 0.000000
vn -0.587785 0.809017 0.000000
vn -0.587785 0.809017 0.000000
vn -0.951057 0.309017 0.000000
vn -0.951057 0.309017 0.000000
vn -0.951057 0.309017 0.000000
vn -0.951057 0.309017 0.000000
vn -0.951056 -0.309017 0.000000
vn -0.951056 -0.309017 0.000000
vn -0.951056 -0.309017 0.000000
vn -0.951056 -0.309017 0.000000
vn -0.587785 -0.809017 0.000000
vn -0.587785 -0.809017 0.000000
vn -0.587785 -0.809017 0.000000
vn -0.587785 -0.809017 0.000000
vn 0.000000 -1.000000 0.000000
vn 0.000000 -1.000000 0.000000
vn 0.000000 -1.000000 0.000000
vn 0.000000 -1.000000 0.000000
vn 0.587785 -0.809017 0.000000
vn 0.587785 -0.809017 0.000000
vn 0.587785 -0.809017 0.000000
vn 0.587785 -0.809017 0.000000
vn 0.951057 -0.309017 0.000000
vn 0.951057 -0.309017 0.000000
vn 0.951057 -0.309017 0.000000
vn 0.951057 -0.309017 0.000000
vn 0.951057 0.309017 0.000000
vn 0.951057 0.309017 0.000000
vn 0.951057 0.309017 0.000000
vn 0.951057 0.309017 0.000000
vn 0.000000 -0.000000 -1.000000
vn 0.000000 -0.000000 -1.000000
vn 0.000000 -0.000000 -1.000000
vn 0.000000 -0.000000 -1.000000
vn 0.000000 -0.000000 -1.000000
vn 0.000000 -0.000000 -1.000000
vn 0.000000 -0.000000 -1.000000
vn 0.000000 -0.000000 -1.000000
vn 0.000000 -0.000000 -1.000000
vn 0.000000 -0.000000 -1.000000
vn 0.000000 -0.000000 1.000000
vn 0.000000 -0.000000 1.000000
vn 0.000000 -0.000000 1.000000
vn 0.000000 -0.000000 1.000000
vn 0.000000 -0.000000 1.000000
vn 0.000000 -0.000000 1.000000
vn 0.000000 -0.000000 1.000000
vn 0.000000 -0.000000 1.000000
vn 0.000000 -0.000000 1.000000
vn 0.000000 -0.000000 1.000000
s off
g GRP_Fluorescent_Lights Backrooms_Level0_Master_GRP GRP_Lamp_FR Lamp_FR_Cap_2_2
f 1509/3395/4269 1510/3396/4270 1520/3407/4271 1519/3406/4272
f 1510/3396/4273 1511/3397/4274 1521/3408/4275 1520/3407/4276
f 1511/3397/4277 1512/3398/4278 1522/3409/4279 1521/3408/4280
f 1512/3398/4281 1513/3399/4282 1523/3410/4283 1522/3409/4284
f 1513/3399/4285 1514/3400/4286 1524/3411/4287 1523/3410/4288
f 1514/3400/4289 1515/3401/4290 1525/3412/4291 1524/3411/4292
f 1515/3401/4293 1516/3402/4294 1526/3413/4295 1525/3412/4296
f 1516/3402/4297 1517/3403/4298 1527/3414/4299 1526/3413/4300
f 1517/3403/4301 1518/3404/4302 1528/3415/4303 1527/3414/4304
f 1518/3404/4305 1509/3405/4306 1519/3416/4307 1528/3415/4308
f 1509/3385/4309 1518/3394/4310 1517/3393/4311 1516/3392/4312 1515/3391/4313 1514/3390/4314 1513/3389/4315 1512/3388/4316 1511/3387/4317 1510/3386/4318
f 1519/3425/4319 1520/3424/4320 1521/3423/4321 1522/3422/4322 1523/3421/4323 1524/3420/4324 1525/3419/4325 1526/3418/4326 1527/3417/4327 1528/3426/4328
g default
v 165.000000 294.200000 -121.000000
v 195.000000 294.200000 -121.000000
v 165.000000 294.800000 -121.000000
v 195.000000 294.800000 -121.000000
v 165.000000 294.800000 -239.000000
v 195.000000 294.800000 -239.000000
v 165.000000 294.200000 -239.000000
v 195.000000 294.200000 -239.000000
vt 0.330000 0.000000
vt 0.663333 0.000000
vt 0.330000 0.250000
vt 0.663333 0.250000
vt 0.330000 0.500000
vt 0.663333 0.500000
vt 0.330000 0.750000
vt 0.663333 0.750000
vt 0.330000 1.000000
vt 0.663333 1.000000
vt 1.000000 0.000000
vt 1.000000 0.250000
vt 0.000000 0.000000
vt 0.000000 0.250000
vn 0.000000 0.000000 1.000000
vn 0.000000 0.000000 1.000000
vn 0.000000 0.000000 1.000000
vn 0.000000 0.000000 1.000000
vn 0.000000 1.000000 0.000000
vn 0.000000 1.000000 0.000000
vn 0.000000 1.000000 0.000000
vn 0.000000 1.000000 0.000000
vn 0.000000 0.000000 -1.000000
vn 0.000000 0.000000 -1.000000
vn 0.000000 0.000000 -1.000000
vn 0.000000 0.000000 -1.000000
vn 0.000000 -1.000000 0.000000
vn 0.000000 -1.000000 0.000000
vn 0.000000 -1.000000 0.000000
vn 0.000000 -1.000000 0.000000
vn 1.000000 0.000000 0.000000
vn 1.000000 0.000000 0.000000
vn 1.000000 0.000000 0.000000
vn 1.000000 0.000000 0.000000
vn -1.000000 0.000000 0.000000
vn -1.000000 0.000000 0.000000
vn -1.000000 0.000000 0.000000
vn -1.000000 0.000000 0.000000
s off
g GRP_Fluorescent_Lights Backrooms_Level0_Master_GRP GRP_Lamp_FR Lamp_FR_Diffuser
f 1529/3427/4329 1530/3428/4330 1532/3430/4331 1531/3429/4332
f 1531/3429/4333 1532/3430/4334 1534/3432/4335 1533/3431/4336
f 1533/3431/4337 1534/3432/4338 1536/3434/4339 1535/3433/4340
f 1535/3433/4341 1536/3434/4342 1530/3436/4343 1529/3435/4344
f 1530/3428/4345 1536/3437/4346 1534/3438/4347 1532/3430/4348
f 1535/3439/4349 1529/3427/4350 1531/3429/4351 1533/3440/4352
g default
v 163.046858 294.046858 -118.159985
v 163.159985 294.000000 -118.159985
v 163.159985 294.046858 -118.046860
v 163.159985 294.159984 -118.000000
v 163.046858 294.159984 -118.046860
v 163.000000 294.159984 -118.159985
v 196.953142 294.046858 -118.159985
v 197.000000 294.159984 -118.159985
v 196.953142 294.159984 -118.046860
v 196.840015 294.159984 -118.000000
v 196.840015 294.046858 -118.046860
v 196.840015 294.000000 -118.159985
v 163.046858 301.953142 -118.159985
v 163.000000 301.840016 -118.159985
v 163.046858 301.840016 -118.046860
v 163.159985 301.840016 -118.000000
v 163.159985 301.953142 -118.046860
v 163.159985 302.000000 -118.159985
v 196.953142 301.953142 -118.159985
v 196.840015 302.000000 -118.159985
v 196.840015 301.953142 -118.046860
v 196.840015 301.840016 -118.000000
v 196.953142 301.840016 -118.046860
v 197.000000 301.840016 -118.159985
v 163.046858 301.840016 -241.953140
v 163.000000 301.840016 -241.840015
v 163.046858 301.953142 -241.840015
v 163.159985 302.000000 -241.840015
v 163.159985 301.953142 -241.953140
v 163.159985 301.840016 -242.000000
v 196.953142 301.840016 -241.953140
v 196.840015 301.840016 -242.000000
v 196.840015 301.953142 -241.953140
v 196.840015 302.000000 -241.840015
v 196.953142 301.953142 -241.840015
v 197.000000 301.840016 -241.840015
v 163.046858 294.046858 -241.840015
v 163.000000 294.159984 -241.840015
v 163.046858 294.159984 -241.953140
v 163.159985 294.159984 -242.000000
v 163.159985 294.046858 -241.953140
v 163.159985 294.000000 -241.840015
v 196.953142 294.046858 -241.840015
v 196.840015 294.000000 -241.840015
v 196.840015 294.046858 -241.953140
v 196.840015 294.159984 -242.000000
v 196.953142 294.159984 -241.953140
v 197.000000 294.159984 -241.840015
vt 0.331569 0.999677
vt 0.331568 0.750323
vt 0.329574 0.005000
vt 0.000426 0.005000
vt 0.331568 0.004999
vt 0.661765 0.005000
vt 0.331569 0.999677
vt 0.661765 0.999677
vt 0.329574 0.005000
vt 0.329574 0.245000
vt 0.331568 0.004999
vt 0.331569 0.245000
vt 0.663768 0.005000
vt 0.999566 0.005000
vt 0.661765 0.999677
vt 0.661765 0.750323
vt 0.661765 0.005000
vt 0.661765 0.245000
vt 0.663768 0.005000
vt 0.663768 0.245000
vt 0.329574 0.245000
vt 0.000426 0.245000
vt 0.331568 0.250323
vt 0.331569 0.499677
vt 0.331568 0.250323
vt 0.661765 0.250323
vt 0.331569 0.245000
vt 0.661765 0.245000
vt 0.661765 0.250323
vt 0.661765 0.499677
vt 0.663768 0.245000
vt 0.999566 0.245000
vt 0.000426 0.245000
vt 0.000426 0.005000
vt 0.331568 0.504999
vt 0.331569 0.745000
vt 0.331568 0.504999
vt 0.661765 0.505000
vt 0.331569 0.499677
vt 0.661765 0.499677
vt 0.661765 0.505000
vt 0.661765 0.745000
vt 0.999566 0.245000
vt 0.999566 0.005000
vt 0.331568 0.750323
vt 0.661765 0.750323
vt 0.331569 0.745000
vt 0.661765 0.745000
vt 0.331568 0.004999
vt 0.661765 0.005000
vt 0.661765 0.245000
vt 0.331569 0.245000
vt 0.331568 0.250323
vt 0.661765 0.250323
vt 0.661765 0.499677
vt 0.331569 0.499677
vt 0.331568 0.504999
vt 0.661765 0.505000
vt 0.661765 0.745000
vt 0.331569 0.745000
vt 0.331568 0.750323
vt 0.661765 0.750323
vt 0.661765 0.999677
vt 0.331569 0.999677
vt 0.663768 0.005000
vt 0.999566 0.005000
vt 0.999566 0.245000
vt 0.663768 0.245000
vt 0.000426 0.005000
vt 0.329574 0.005000
vt 0.329574 0.245000
vt 0.000426 0.245000
vt 0.331568 0.000000
vt 0.331568 0.004999
vt 0.329574 0.005000
vt 0.663768 0.005000
vt 0.661765 0.005000
vt 0.661765 0.000000
vt 0.329574 0.245000
vt 0.331569 0.245000
vt 0.331568 0.250323
vt 0.661765 0.250323
vt 0.661765 0.245000
vt 0.663768 0.245000
vt 0.330000 0.499677
vt 0.331569 0.499677
vt 0.331568 0.504999
vt 0.661765 0.505000
vt 0.661765 0.499677
vt 0.663333 0.499677
vt 0.330000 0.745000
vt 0.331569 0.745000
vt 0.331568 0.750323
vt 0.661765 0.750323
vt 0.661765 0.745000
vt 0.663333 0.745000
vt 0.331241 0.000005
vt 0.331567 0.999426
vt 0.332760 0.000000
vt 0.332760 0.999677
vt 0.330571 0.005058
vt 0.662099 0.000005
vt 0.661766 0.999426
vt 0.662754 0.005011
vt 0.660573 0.999677
vt 0.660573 0.000000
vt 0.330000 0.250000
vt 0.330572 0.244989
vt 0.331573 0.247662
vt 0.663333 0.250000
vt 0.661764 0.247663
vt 0.662766 0.244942
vt 0.330000 0.503468
vt 0.000426 0.241292
vt 0.330000 0.499431
vt 0.000752 0.245005
vt 0.331573 0.502338
vt 0.663333 0.503468
vt 0.999566 0.241292
vt 0.661764 0.502337
vt 0.999233 0.245005
vt 0.663333 0.499431
vt 0.000753 0.004995
vt 0.330002 0.745252
vt 0.330000 0.741210
vt 0.000426 0.008708
vt 0.331573 0.747662
vt 0.663332 0.745252
vt 0.999232 0.004995
vt 0.661764 0.747653
vt 0.999566 0.008708
vt 0.663333 0.741210
vn -0.382683 -0.923880 0.000000
vn -0.382683 -0.923880 0.000000
vn -0.382683 -0.923880 0.000000
vn -0.382683 -0.923880 0.000000
vn -0.923880 -0.382682 0.000000
vn -0.923880 -0.382682 0.000000
vn -0.923880 -0.382682 0.000000
vn -0.923880 -0.382682 0.000000
vn 0.000000 -0.382693 0.923876
vn 0.000000 -0.382693 0.923876
vn 0.000000 -0.382693 0.923876
vn 0.000000 -0.382693 0.923876
vn 0.000000 -0.923879 0.382686
vn 0.000000 -0.923879 0.382686
vn 0.000000 -0.923879 0.382686
vn 0.000000 -0.923879 0.382686
vn -0.923880 0.000000 0.382682
vn -0.923880 0.000000 0.382682
vn -0.923880 0.000000 0.382682
vn -0.923880 0.000000 0.382682
vn -0.382672 0.000000 0.923884
vn -0.382672 0.000000 0.923884
vn -0.382672 0.000000 0.923884
vn -0.382672 0.000000 0.923884
vn 0.923880 -0.382682 0.000000
vn 0.923880 -0.382682 0.000000
vn 0.923880 -0.382682 0.000000
vn 0.923880 -0.382682 0.000000
vn 0.382683 -0.923880 0.000000
vn 0.382683 -0.923880 0.000000
vn 0.382683 -0.923880 0.000000
vn 0.382683 -0.923880 0.000000
vn 0.382672 0.000000 0.923884
vn 0.382672 0.000000 0.923884
vn 0.382672 0.000000 0.923884
vn 0.382672 0.000000 0.923884
vn 0.923880 0.000000 0.382682
vn 0.923880 0.000000 0.382682
vn 0.923880 0.000000 0.382682
vn 0.923880 0.000000 0.382682
vn -0.923880 0.382682 0.000000
vn -0.923880 0.382682 0.000000
vn -0.923880 0.382682 0.000000
vn -0.923880 0.382682 0.000000
vn -0.382683 0.923880 0.000000
vn -0.382683 0.923880 0.000000
vn -0.382683 0.923880 0.000000
vn -0.382683 0.923880 0.000000
vn 0.000000 0.923879 0.382686
vn 0.000000 0.923879 0.382686
vn 0.000000 0.923879 0.382686
vn 0.000000 0.923879 0.382686
vn 0.000000 0.382693 0.923876
vn 0.000000 0.382693 0.923876
vn 0.000000 0.382693 0.923876
vn 0.000000 0.382693 0.923876
vn 0.382683 0.923880 0.000000
vn 0.382683 0.923880 0.000000
vn 0.382683 0.923880 0.000000
vn 0.382683 0.923880 0.000000
vn 0.923880 0.382682 0.000000
vn 0.923880 0.382682 0.000000
vn 0.923880 0.382682 0.000000
vn 0.923880 0.382682 0.000000
vn -0.923880 0.000000 -0.382682
vn -0.923880 0.000000 -0.382682
vn -0.923880 0.000000 -0.382682
vn -0.923880 0.000000 -0.382682
vn -0.382672 0.000000 -0.923884
vn -0.382672 0.000000 -0.923884
vn -0.382672 0.000000 -0.923884
vn -0.382672 0.000000 -0.923884
vn 0.000000 0.382693 -0.923876
vn 0.000000 0.382693 -0.923876
vn 0.000000 0.382693 -0.923876
vn 0.000000 0.382693 -0.923876
vn 0.000000 0.923879 -0.382686
vn 0.000000 0.923879 -0.382686
vn 0.000000 0.923879 -0.382686
vn 0.000000 0.923879 -0.382686
vn 0.382672 0.000000 -0.923884
vn 0.382672 0.000000 -0.923884
vn 0.382672 0.000000 -0.923884
vn 0.382672 0.000000 -0.923884
vn 0.923880 0.000000 -0.382682
vn 0.923880 0.000000 -0.382682
vn 0.923880 0.000000 -0.382682
vn 0.923880 0.000000 -0.382682
vn 0.000000 -0.923879 -0.382686
vn 0.000000 -0.923879 -0.382686
vn 0.000000 -0.923879 -0.382686
vn 0.000000 -0.923879 -0.382686
vn 0.000000 -0.382693 -0.923876
vn 0.000000 -0.382693 -0.923876
vn 0.000000 -0.382693 -0.923876
vn 0.000000 -0.382693 -0.923876
vn 0.000000 0.000000 1.000000
vn 0.000000 0.000000 1.000000
vn 0.000000 0.000000 1.000000
vn 0.000000 0.000000 1.000000
vn 0.000000 1.000000 0.000000
vn 0.000000 1.000000 0.000000
vn 0.000000 1.000000 0.000000
vn 0.000000 1.000000 0.000000
vn 0.000000 0.000000 -1.000000
vn 0.000000 0.000000 -1.000000
vn 0.000000 0.000000 -1.000000
vn 0.000000 0.000000 -1.000000
vn 0.000000 -1.000000 0.000000
vn 0.000000 -1.000000 0.000000
vn 0.000000 -1.000000 0.000000
vn 0.000000 -1.000000 0.000000
vn 1.000000 0.000000 0.000000
vn 1.000000 0.000000 0.000000
vn 1.000000 0.000000 0.000000
vn 1.000000 0.000000 0.000000
vn -1.000000 0.000000 0.000000
vn -1.000000 0.000000 0.000000
vn -1.000000 0.000000 0.000000
vn -1.000000 0.000000 0.000000
vn -0.577340 -0.577355 0.577357
vn -0.577340 -0.577355 0.577357
vn -0.577340 -0.577355 0.577357
vn -0.577340 -0.577355 0.577357
vn -0.577340 -0.577355 0.577357
vn -0.577340 -0.577355 0.577357
vn 0.577341 -0.577352 0.577358
vn 0.577341 -0.577352 0.577358
vn 0.577341 -0.577352 0.577358
vn 0.577341 -0.577352 0.577358
vn 0.577341 -0.577352 0.577358
vn 0.577341 -0.577352 0.577358
vn -0.577341 0.577352 0.577358
vn -0.577341 0.577352 0.577358
vn -0.577341 0.577352 0.577358
vn -0.577341 0.577352 0.577358
vn -0.577341 0.577352 0.577358
vn -0.577341 0.577352 0.577358
vn 0.577340 0.577355 0.577357
vn 0.577340 0.577355 0.577357
vn 0.577340 0.577355 0.577357
vn 0.577340 0.577355 0.577357
vn 0.577340 0.577355 0.577357
vn 0.577340 0.577355 0.577357
vn -0.577330 0.577358 -0.577362
vn -0.577330 0.577359 -0.577362
vn -0.577330 0.577359 -0.577362
vn -0.577330 0.577359 -0.577362
vn -0.577330 0.577359 -0.577362
vn -0.577330 0.577359 -0.577362
vn 0.577350 0.577350 -0.577352
vn 0.577350 0.577350 -0.577352
vn 0.577350 0.577350 -0.577352
vn 0.577350 0.577350 -0.577352
vn 0.577350 0.577350 -0.577352
vn 0.577350 0.577350 -0.577352
vn -0.577341 -0.577352 -0.577358
vn -0.577341 -0.577352 -0.577358
vn -0.577341 -0.577352 -0.577358
vn -0.577341 -0.577352 -0.577358
vn -0.577341 -0.577352 -0.577358
vn -0.577341 -0.577352 -0.577358
vn 0.577340 -0.577355 -0.577357
vn 0.577340 -0.577355 -0.577357
vn 0.577340 -0.577355 -0.577357
vn 0.577340 -0.577355 -0.577357
vn 0.577340 -0.577355 -0.577357
vn 0.577340 -0.577355 -0.577357
s off
g GRP_Fluorescent_Lights Backrooms_Level0_Master_GRP Lamp_FR_Housing GRP_Lamp_FR
f 1538/3447/4353 1537/3538/4354 1573/3564/4355 1578/3501/4356
f 1537/3537/4357 1542/3510/4358 1574/3474/4359 1573/3563/4360
f 1540/3451/4361 1539/3539/4362 1547/3546/4363 1546/3490/4364
f 1539/3540/4365 1538/3447/4366 1548/3455/4367 1547/3545/4368
f 1542/3510/4369 1541/3541/4370 1551/3548/4371 1550/3511/4372
f 1541/3541/4373 1540/3451/4374 1552/3467/4375 1551/3548/4376
f 1544/3459/4377 1543/3542/4378 1579/3569/4379 1584/3484/4380
f 1543/3543/4381 1548/3455/4382 1580/3486/4383 1579/3568/4384
f 1546/3490/4385 1545/3544/4386 1559/3552/4387 1558/3468/4388
f 1545/3544/4389 1544/3459/4390 1560/3471/4391 1559/3552/4392
f 1550/3511/4393 1549/3547/4394 1563/3556/4395 1562/3512/4396
f 1549/3547/4397 1554/3493/4398 1564/3479/4399 1563/3555/4400
f 1554/3493/4401 1553/3549/4402 1557/3551/4403 1556/3494/4404
f 1553/3549/4405 1552/3467/4406 1558/3468/4407 1557/3551/4408
f 1556/3494/4409 1555/3550/4410 1571/3562/4411 1570/3480/4412
f 1555/3550/4413 1560/3471/4414 1572/3483/4415 1571/3561/4416
f 1562/3512/4417 1561/3554/4418 1575/3566/4419 1574/3474/4420
f 1561/3553/4421 1566/3497/4422 1576/3487/4423 1575/3565/4424
f 1566/3497/4425 1565/3557/4426 1569/3560/4427 1568/3498/4428
f 1565/3557/4429 1564/3479/4430 1570/3480/4431 1569/3560/4432
f 1568/3498/4433 1567/3558/4434 1583/3572/4435 1582/3488/4436
f 1567/3559/4437 1572/3483/4438 1584/3484/4439 1583/3571/4440
f 1578/3501/4441 1577/3567/4442 1581/3570/4443 1580/3486/4444
f 1577/3567/4445 1576/3487/4446 1582/3488/4447 1581/3570/4448
f 1540/3451/4449 1546/3490/4450 1558/3468/4451 1552/3467/4452
f 1554/3493/4453 1556/3494/4454 1570/3480/4455 1564/3479/4456
f 1566/3497/4457 1568/3498/4458 1582/3488/4459 1576/3487/4460
f 1578/3501/4461 1580/3486/4462 1548/3455/4463 1538/3447/4464
f 1544/3459/4465 1584/3484/4466 1572/3483/4467 1560/3471/4468
f 1574/3474/4469 1542/3510/4470 1550/3511/4471 1562/3512/4472
f 1537/3537/4473 1538/3513/4474 1539/3539/4475 1540/3451/4476 1541/3541/4477 1542/3510/4478
f 1543/3542/4479 1544/3459/4480 1545/3544/4481 1546/3490/4482 1547/3546/4483 1548/3518/4484
f 1549/3547/4485 1550/3511/4486 1551/3548/4487 1552/3467/4488 1553/3549/4489 1554/3493/4490
f 1555/3550/4491 1556/3494/4492 1557/3551/4493 1558/3468/4494 1559/3552/4495 1560/3471/4496
f 1561/3553/4497 1562/3525/4498 1563/3555/4499 1564/3479/4500 1565/3557/4501 1566/3497/4502
f 1567/3558/4503 1568/3498/4504 1569/3560/4505 1570/3480/4506 1571/3562/4507 1572/3530/4508
f 1573/3564/4509 1574/3531/4510 1575/3565/4511 1576/3487/4512 1577/3567/4513 1578/3501/4514
f 1579/3568/4515 1580/3486/4516 1581/3570/4517 1582/3488/4518 1583/3572/4519 1584/3536/4520
g default
v 163.046858 294.046858 -118.159985
v 163.159985 294.000000 -118.159985
v 163.159985 294.046858 -118.046860
v 163.159985 294.159984 -118.000000
v 163.046858 294.159984 -118.046860
v 163.000000 294.159984 -118.159985
v 196.953142 294.046858 -118.159985
v 197.000000 294.159984 -118.159985
v 196.953142 294.159984 -118.046860
v 196.840015 294.159984 -118.000000
v 196.840015 294.046858 -118.046860
v 196.840015 294.000000 -118.159985
v 163.046858 301.953142 -118.159985
v 163.000000 301.840016 -118.159985
v 163.046858 301.840016 -118.046860
v 163.159985 301.840016 -118.000000
v 163.159985 301.953142 -118.046860
v 163.159985 302.000000 -118.159985
v 196.953142 301.953142 -118.159985
v 196.840015 302.000000 -118.159985
v 196.840015 301.953142 -118.046860
v 196.840015 301.840016 -118.000000
v 196.953142 301.840016 -118.046860
v 197.000000 301.840016 -118.159985
v 163.046858 301.840016 -241.953140
v 163.000000 301.840016 -241.840015
v 163.046858 301.953142 -241.840015
v 163.159985 302.000000 -241.840015
v 163.159985 301.953142 -241.953140
v 163.159985 301.840016 -242.000000
v 196.953142 301.840016 -241.953140
v 196.840015 301.840016 -242.000000
v 196.840015 301.953142 -241.953140
v 196.840015 302.000000 -241.840015
v 196.953142 301.953142 -241.840015
v 197.000000 301.840016 -241.840015
v 163.046858 294.046858 -241.840015
v 163.000000 294.159984 -241.840015
v 163.046858 294.159984 -241.953140
v 163.159985 294.159984 -242.000000
v 163.159985 294.046858 -241.953140
v 163.159985 294.000000 -241.840015
v 196.953142 294.046858 -241.840015
v 196.840015 294.000000 -241.840015
v 196.840015 294.046858 -241.953140
v 196.840015 294.159984 -242.000000
v 196.953142 294.159984 -241.953140
v 197.000000 294.159984 -241.840015
vt 0.331569 0.999677
vt 0.331568 0.750323
vt 0.329574 0.005000
vt 0.000426 0.005000
vt 0.331568 0.004999
vt 0.661765 0.005000
vt 0.331569 0.999677
vt 0.661765 0.999677
vt 0.329574 0.005000
vt 0.329574 0.245000
vt 0.331568 0.004999
vt 0.331569 0.245000
vt 0.663768 0.005000
vt 0.999566 0.005000
vt 0.661765 0.999677
vt 0.661765 0.750323
vt 0.661765 0.005000
vt 0.661765 0.245000
vt 0.663768 0.005000
vt 0.663768 0.245000
vt 0.329574 0.245000
vt 0.000426 0.245000
vt 0.331568 0.250323
vt 0.331569 0.499677
vt 0.331568 0.250323
vt 0.661765 0.250323
vt 0.331569 0.245000
vt 0.661765 0.245000
vt 0.661765 0.250323
vt 0.661765 0.499677
vt 0.663768 0.245000
vt 0.999566 0.245000
vt 0.000426 0.245000
vt 0.000426 0.005000
vt 0.331568 0.504999
vt 0.331569 0.745000
vt 0.331568 0.504999
vt 0.661765 0.505000
vt 0.331569 0.499677
vt 0.661765 0.499677
vt 0.661765 0.505000
vt 0.661765 0.745000
vt 0.999566 0.245000
vt 0.999566 0.005000
vt 0.331568 0.750323
vt 0.661765 0.750323
vt 0.331569 0.745000
vt 0.661765 0.745000
vt 0.331568 0.004999
vt 0.661765 0.005000
vt 0.661765 0.245000
vt 0.331569 0.245000
vt 0.331568 0.250323
vt 0.661765 0.250323
vt 0.661765 0.499677
vt 0.331569 0.499677
vt 0.331568 0.504999
vt 0.661765 0.505000
vt 0.661765 0.745000
vt 0.331569 0.745000
vt 0.331568 0.750323
vt 0.661765 0.750323
vt 0.661765 0.999677
vt 0.331569 0.999677
vt 0.663768 0.005000
vt 0.999566 0.005000
vt 0.999566 0.245000
vt 0.663768 0.245000
vt 0.000426 0.005000
vt 0.329574 0.005000
vt 0.329574 0.245000
vt 0.000426 0.245000
vt 0.331568 0.000000
vt 0.331568 0.004999
vt 0.329574 0.005000
vt 0.663768 0.005000
vt 0.661765 0.005000
vt 0.661765 0.000000
vt 0.329574 0.245000
vt 0.331569 0.245000
vt 0.331568 0.250323
vt 0.661765 0.250323
vt 0.661765 0.245000
vt 0.663768 0.245000
vt 0.330000 0.499677
vt 0.331569 0.499677
vt 0.331568 0.504999
vt 0.661765 0.505000
vt 0.661765 0.499677
vt 0.663333 0.499677
vt 0.330000 0.745000
vt 0.331569 0.745000
vt 0.331568 0.750323
vt 0.661765 0.750323
vt 0.661765 0.745000
vt 0.663333 0.745000
vt 0.331241 0.000005
vt 0.331567 0.999426
vt 0.332760 0.000000
vt 0.332760 0.999677
vt 0.330571 0.005058
vt 0.662099 0.000005
vt 0.661766 0.999426
vt 0.662754 0.005011
vt 0.660573 0.999677
vt 0.660573 0.000000
vt 0.330000 0.250000
vt 0.330572 0.244989
vt 0.331573 0.247662
vt 0.663333 0.250000
vt 0.661764 0.247663
vt 0.662766 0.244942
vt 0.330000 0.503468
vt 0.000426 0.241292
vt 0.330000 0.499431
vt 0.000752 0.245005
vt 0.331573 0.502338
vt 0.663333 0.503468
vt 0.999566 0.241292
vt 0.661764 0.502337
vt 0.999233 0.245005
vt 0.663333 0.499431
vt 0.000753 0.004995
vt 0.330002 0.745252
vt 0.330000 0.741210
vt 0.000426 0.008708
vt 0.331573 0.747662
vt 0.663332 0.745252
vt 0.999232 0.004995
vt 0.661764 0.747653
vt 0.999566 0.008708
vt 0.663333 0.741210
vn -0.382683 -0.923880 0.000000
vn -0.382683 -0.923880 0.000000
vn -0.382683 -0.923880 0.000000
vn -0.382683 -0.923880 0.000000
vn -0.923880 -0.382682 0.000000
vn -0.923880 -0.382682 0.000000
vn -0.923880 -0.382682 0.000000
vn -0.923880 -0.382682 0.000000
vn 0.000000 -0.382693 0.923876
vn 0.000000 -0.382693 0.923876
vn 0.000000 -0.382693 0.923876
vn 0.000000 -0.382693 0.923876
vn 0.000000 -0.923879 0.382686
vn 0.000000 -0.923879 0.382686
vn 0.000000 -0.923879 0.382686
vn 0.000000 -0.923879 0.382686
vn -0.923880 0.000000 0.382682
vn -0.923880 0.000000 0.382682
vn -0.923880 0.000000 0.382682
vn -0.923880 0.000000 0.382682
vn -0.382672 0.000000 0.923884
vn -0.382672 0.000000 0.923884
vn -0.382672 0.000000 0.923884
vn -0.382672 0.000000 0.923884
vn 0.923880 -0.382682 0.000000
vn 0.923880 -0.382682 0.000000
vn 0.923880 -0.382682 0.000000
vn 0.923880 -0.382682 0.000000
vn 0.382683 -0.923880 0.000000
vn 0.382683 -0.923880 0.000000
vn 0.382683 -0.923880 0.000000
vn 0.382683 -0.923880 0.000000
vn 0.382672 0.000000 0.923884
vn 0.382672 0.000000 0.923884
vn 0.382672 0.000000 0.923884
vn 0.382672 0.000000 0.923884
vn 0.923880 0.000000 0.382682
vn 0.923880 0.000000 0.382682
vn 0.923880 0.000000 0.382682
vn 0.923880 0.000000 0.382682
vn -0.923880 0.382682 0.000000
vn -0.923880 0.382682 0.000000
vn -0.923880 0.382682 0.000000
vn -0.923880 0.382682 0.000000
vn -0.382683 0.923880 0.000000
vn -0.382683 0.923880 0.000000
vn -0.382683 0.923880 0.000000
vn -0.382683 0.923880 0.000000
vn 0.000000 0.923879 0.382686
vn 0.000000 0.923879 0.382686
vn 0.000000 0.923879 0.382686
vn 0.000000 0.923879 0.382686
vn 0.000000 0.382693 0.923876
vn 0.000000 0.382693 0.923876
vn 0.000000 0.382693 0.923876
vn 0.000000 0.382693 0.923876
vn 0.382683 0.923880 0.000000
vn 0.382683 0.923880 0.000000
vn 0.382683 0.923880 0.000000
vn 0.382683 0.923880 0.000000
vn 0.923880 0.382682 0.000000
vn 0.923880 0.382682 0.000000
vn 0.923880 0.382682 0.000000
vn 0.923880 0.382682 0.000000
vn -0.923880 0.000000 -0.382682
vn -0.923880 0.000000 -0.382682
vn -0.923880 0.000000 -0.382682
vn -0.923880 0.000000 -0.382682
vn -0.382672 0.000000 -0.923884
vn -0.382672 0.000000 -0.923884
vn -0.382672 0.000000 -0.923884
vn -0.382672 0.000000 -0.923884
vn 0.000000 0.382693 -0.923876
vn 0.000000 0.382693 -0.923876
vn 0.000000 0.382693 -0.923876
vn 0.000000 0.382693 -0.923876
vn 0.000000 0.923879 -0.382686
vn 0.000000 0.923879 -0.382686
vn 0.000000 0.923879 -0.382686
vn 0.000000 0.923879 -0.382686
vn 0.382672 0.000000 -0.923884
vn 0.382672 0.000000 -0.923884
vn 0.382672 0.000000 -0.923884
vn 0.382672 0.000000 -0.923884
vn 0.923880 0.000000 -0.382682
vn 0.923880 0.000000 -0.382682
vn 0.923880 0.000000 -0.382682
vn 0.923880 0.000000 -0.382682
vn 0.000000 -0.923879 -0.382686
vn 0.000000 -0.923879 -0.382686
vn 0.000000 -0.923879 -0.382686
vn 0.000000 -0.923879 -0.382686
vn 0.000000 -0.382693 -0.923876
vn 0.000000 -0.382693 -0.923876
vn 0.000000 -0.382693 -0.923876
vn 0.000000 -0.382693 -0.923876
vn 0.000000 0.000000 1.000000
vn 0.000000 0.000000 1.000000
vn 0.000000 0.000000 1.000000
vn 0.000000 0.000000 1.000000
vn 0.000000 1.000000 0.000000
vn 0.000000 1.000000 0.000000
vn 0.000000 1.000000 0.000000
vn 0.000000 1.000000 0.000000
vn 0.000000 0.000000 -1.000000
vn 0.000000 0.000000 -1.000000
vn 0.000000 0.000000 -1.000000
vn 0.000000 0.000000 -1.000000
vn 0.000000 -1.000000 0.000000
vn 0.000000 -1.000000 0.000000
vn 0.000000 -1.000000 0.000000
vn 0.000000 -1.000000 0.000000
vn 1.000000 0.000000 0.000000
vn 1.000000 0.000000 0.000000
vn 1.000000 0.000000 0.000000
vn 1.000000 0.000000 0.000000
vn -1.000000 0.000000 0.000000
vn -1.000000 0.000000 0.000000
vn -1.000000 0.000000 0.000000
vn -1.000000 0.000000 0.000000
vn -0.577340 -0.577355 0.577357
vn -0.577340 -0.577355 0.577357
vn -0.577340 -0.577355 0.577357
vn -0.577340 -0.577355 0.577357
vn -0.577340 -0.577355 0.577357
vn -0.577340 -0.577355 0.577357
vn 0.577341 -0.577352 0.577358
vn 0.577341 -0.577352 0.577358
vn 0.577341 -0.577352 0.577358
vn 0.577341 -0.577352 0.577358
vn 0.577341 -0.577352 0.577358
vn 0.577341 -0.577352 0.577358
vn -0.577341 0.577352 0.577358
vn -0.577341 0.577352 0.577358
vn -0.577341 0.577352 0.577358
vn -0.577341 0.577352 0.577358
vn -0.577341 0.577352 0.577358
vn -0.577341 0.577352 0.577358
vn 0.577340 0.577355 0.577357
vn 0.577340 0.577355 0.577357
vn 0.577340 0.577355 0.577357
vn 0.577340 0.577355 0.577357
vn 0.577340 0.577355 0.577357
vn 0.577340 0.577355 0.577357
vn -0.577330 0.577358 -0.577362
vn -0.577330 0.577359 -0.577362
vn -0.577330 0.577359 -0.577362
vn -0.577330 0.577359 -0.577362
vn -0.577330 0.577359 -0.577362
vn -0.577330 0.577359 -0.577362
vn 0.577350 0.577350 -0.577352
vn 0.577350 0.577350 -0.577352
vn 0.577350 0.577350 -0.577352
vn 0.577350 0.577350 -0.577352
vn 0.577350 0.577350 -0.577352
vn 0.577350 0.577350 -0.577352
vn -0.577341 -0.577352 -0.577358
vn -0.577341 -0.577352 -0.577358
vn -0.577341 -0.577352 -0.577358
vn -0.577341 -0.577352 -0.577358
vn -0.577341 -0.577352 -0.577358
vn -0.577341 -0.577352 -0.577358
vn 0.577340 -0.577355 -0.577357
vn 0.577340 -0.577355 -0.577357
vn 0.577340 -0.577355 -0.577357
vn 0.577340 -0.577355 -0.577357
vn 0.577340 -0.577355 -0.577357
vn 0.577340 -0.577355 -0.577357
s off
g GRP_Fluorescent_Lights Backrooms_Level0_Master_GRP Lamp_FR_Housing GRP_Lamp_FR
f 1586/3579/4521 1585/3670/4522 1621/3696/4523 1626/3633/4524
f 1585/3669/4525 1590/3642/4526 1622/3606/4527 1621/3695/4528
f 1588/3583/4529 1587/3671/4530 1595/3678/4531 1594/3622/4532
f 1587/3672/4533 1586/3579/4534 1596/3587/4535 1595/3677/4536
f 1590/3642/4537 1589/3673/4538 1599/3680/4539 1598/3643/4540
f 1589/3673/4541 1588/3583/4542 1600/3599/4543 1599/3680/4544
f 1592/3591/4545 1591/3674/4546 1627/3701/4547 1632/3616/4548
f 1591/3675/4549 1596/3587/4550 1628/3618/4551 1627/3700/4552
f 1594/3622/4553 1593/3676/4554 1607/3684/4555 1606/3600/4556
f 1593/3676/4557 1592/3591/4558 1608/3603/4559 1607/3684/4560
f 1598/3643/4561 1597/3679/4562 1611/3688/4563 1610/3644/4564
f 1597/3679/4565 1602/3625/4566 1612/3611/4567 1611/3687/4568
f 1602/3625/4569 1601/3681/4570 1605/3683/4571 1604/3626/4572
f 1601/3681/4573 1600/3599/4574 1606/3600/4575 1605/3683/4576
f 1604/3626/4577 1603/3682/4578 1619/3694/4579 1618/3612/4580
f 1603/3682/4581 1608/3603/4582 1620/3615/4583 1619/3693/4584
f 1610/3644/4585 1609/3686/4586 1623/3698/4587 1622/3606/4588
f 1609/3685/4589 1614/3629/4590 1624/3619/4591 1623/3697/4592
f 1614/3629/4593 1613/3689/4594 1617/3692/4595 1616/3630/4596
f 1613/3689/4597 1612/3611/4598 1618/3612/4599 1617/3692/4600
f 1616/3630/4601 1615/3690/4602 1631/3704/4603 1630/3620/4604
f 1615/3691/4605 1620/3615/4606 1632/3616/4607 1631/3703/4608
f 1626/3633/4609 1625/3699/4610 1629/3702/4611 1628/3618/4612
f 1625/3699/4613 1624/3619/4614 1630/3620/4615 1629/3702/4616
f 1588/3583/4617 1594/3622/4618 1606/3600/4619 1600/3599/4620
f 1602/3625/4621 1604/3626/4622 1618/3612/4623 1612/3611/4624
f 1614/3629/4625 1616/3630/4626 1630/3620/4627 1624/3619/4628
f 1626/3633/4629 1628/3618/4630 1596/3587/4631 1586/3579/4632
f 1592/3591/4633 1632/3616/4634 1620/3615/4635 1608/3603/4636
f 1622/3606/4637 1590/3642/4638 1598/3643/4639 1610/3644/4640
f 1585/3669/4641 1586/3645/4642 1587/3671/4643 1588/3583/4644 1589/3673/4645 1590/3642/4646
f 1591/3674/4647 1592/3591/4648 1593/3676/4649 1594/3622/4650 1595/3678/4651 1596/3650/4652
f 1597/3679/4653 1598/3643/4654 1599/3680/4655 1600/3599/4656 1601/3681/4657 1602/3625/4658
f 1603/3682/4659 1604/3626/4660 1605/3683/4661 1606/3600/4662 1607/3684/4663 1608/3603/4664
f 1609/3685/4665 1610/3657/4666 1611/3687/4667 1612/3611/4668 1613/3689/4669 1614/3629/4670
f 1615/3690/4671 1616/3630/4672 1617/3692/4673 1618/3612/4674 1619/3694/4675 1620/3662/4676
f 1621/3696/4677 1622/3663/4678 1623/3697/4679 1624/3619/4680 1625/3699/4681 1626/3633/4682
f 1627/3700/4683 1628/3618/4684 1629/3702/4685 1630/3620/4686 1631/3704/4687 1632/3668/4688
g default
v 174.671260 296.764048 -236.000000
v 174.310537 297.216381 -236.000000
v 173.789277 297.467406 -236.000000
v 173.210723 297.467406 -236.000000
v 172.689464 297.216381 -236.000000
v 172.328741 296.764049 -236.000000
v 172.200000 296.200000 -236.000000
v 172.328741 295.635951 -236.000000
v 172.689463 295.183619 -236.000000
v 173.210723 294.932594 -236.000000
v 173.789277 294.932594 -236.000000
v 174.310537 295.183619 -236.000000
v 174.671259 295.635951 -236.000000
v 174.800000 296.200000 -236.000000
v 174.671260 296.764048 -124.000000
v 174.310537 297.216381 -124.000000
v 173.789277 297.467406 -124.000000
v 173.210723 297.467406 -124.000000
v 172.689464 297.216381 -124.000000
v 172.328741 296.764049 -124.000000
v 172.200000 296.200000 -124.000000
v 172.328741 295.635951 -124.000000
v 172.689463 295.183619 -124.000000
v 173.210723 294.932594 -124.000000
v 173.789277 294.932594 -124.000000
v 174.310537 295.183619 -124.000000
v 174.671259 295.635951 -124.000000
v 174.800000 296.200000 -124.000000
vt 0.952364 0.070765
vt 0.813625 0.027271
vt 0.613140 0.003134
vt 0.390619 0.003134
vt 0.190135 0.027271
vt 0.051395 0.070765
vt 0.001880 0.125000
vt 0.051395 0.179235
vt 0.190135 0.222729
vt 0.390619 0.246866
vt 0.613140 0.246866
vt 0.813625 0.222729
vt 0.952364 0.179235
vt 1.001880 0.125000
vt 0.000000 0.250000
vt 0.071429 0.250000
vt 0.142857 0.250000
vt 0.214286 0.250000
vt 0.285714 0.250000
vt 0.357143 0.250000
vt 0.428571 0.250000
vt 0.500000 0.250000
vt 0.571429 0.250000
vt 0.642857 0.250000
vt 0.714286 0.250000
vt 0.785714 0.250000
vt 0.857143 0.250000
vt 0.928572 0.250000
vt 1.000000 0.250000
vt 0.000000 0.750000
vt 0.071429 0.750000
vt 0.142857 0.750000
vt 0.214286 0.750000
vt 0.285714 0.750000
vt 0.357143 0.750000
vt 0.428571 0.750000
vt 0.500000 0.750000
vt 0.571429 0.750000
vt 0.642857 0.750000
vt 0.714286 0.750000
vt 0.785714 0.750000
vt 0.857143 0.750000
vt 0.928572 0.750000
vt 1.000000 0.750000
vt 0.952364 0.820765
vt 0.813625 0.777271
vt 0.613140 0.753134
vt 0.390619 0.753134
vt 0.190135 0.777271
vt 0.051395 0.820765
vt 0.001880 0.875000
vt 0.051395 0.929235
vt 0.190135 0.972729
vt 0.390619 0.996866
vt 0.613140 0.996866
vt 0.813625 0.972729
vt 0.952364 0.929235
vt 1.001880 0.875000
vn 0.900969 0.433884 0.000000
vn 0.623490 0.781831 0.000000
vn 0.623490 0.781831 0.000000
vn 0.900969 0.433884 0.000000
vn 0.222521 0.974928 0.000000
vn 0.222521 0.974928 0.000000
vn -0.222521 0.974928 0.000000
vn -0.222521 0.974928 0.000000
vn -0.623490 0.781832 0.000000
vn -0.623490 0.781832 0.000000
vn -0.900969 0.433884 0.000000
vn -0.900969 0.433884 0.000000
vn -1.000000 0.000000 0.000000
vn -1.000000 0.000000 0.000000
vn -0.900969 -0.433884 0.000000
vn -0.900969 -0.433884 0.000000
vn -0.623490 -0.781831 0.000000
vn -0.623490 -0.781831 0.000000
vn -0.222521 -0.974928 0.000000
vn -0.222521 -0.974928 0.000000
vn 0.222521 -0.974928 0.000000
vn 0.222521 -0.974928 0.000000
vn 0.623490 -0.781832 0.000000
vn 0.623490 -0.781832 0.000000
vn 0.900969 -0.433884 0.000000
vn 0.900969 -0.433884 0.000000
vn 1.000000 -0.000000 0.000000
vn 1.000000 -0.000000 0.000000
vn 0.000000 -0.000002 -1.000000
vn 0.000000 -0.000002 -1.000000
vn 0.000000 -0.000002 -1.000000
vn 0.000000 -0.000002 -1.000000
vn 0.000000 -0.000002 -1.000000
vn 0.000000 -0.000002 -1.000000
vn 0.000000 -0.000002 -1.000000
vn 0.000000 -0.000002 -1.000000
vn 0.000000 -0.000002 -1.000000
vn 0.000000 -0.000002 -1.000000
vn 0.000000 -0.000002 -1.000000
vn 0.000000 -0.000002 -1.000000
vn 0.000000 -0.000002 -1.000000
vn 0.000000 -0.000002 -1.000000
vn 0.000000 0.000001 1.000000
vn 0.000000 0.000001 1.000000
vn 0.000000 0.000001 1.000000
vn 0.000000 0.000001 1.000000
vn 0.000000 0.000001 1.000000
vn 0.000000 0.000001 1.000000
vn 0.000000 0.000001 1.000000
vn 0.000000 0.000001 1.000000
vn 0.000000 0.000001 1.000000
vn 0.000000 0.000001 1.000000
vn 0.000000 0.000001 1.000000
vn 0.000000 0.000001 1.000000
vn 0.000000 0.000001 1.000000
vn 0.000000 0.000001 1.000000
s 1
g GRP_Fluorescent_Lights Backrooms_Level0_Master_GRP GRP_Lamp_FR Lamp_FR_Tube_1
f 1633/3719/4689 1634/3720/4690 1648/3735/4691 1647/3734/4692
f 1634/3720/4690 1635/3721/4693 1649/3736/4694 1648/3735/4691
f 1635/3721/4693 1636/3722/4695 1650/3737/4696 1649/3736/4694
f 1636/3722/4695 1637/3723/4697 1651/3738/4698 1650/3737/4696
f 1637/3723/4697 1638/3724/4699 1652/3739/4700 1651/3738/4698
f 1638/3724/4699 1639/3725/4701 1653/3740/4702 1652/3739/4700
f 1639/3725/4701 1640/3726/4703 1654/3741/4704 1653/3740/4702
f 1640/3726/4703 1641/3727/4705 1655/3742/4706 1654/3741/4704
f 1641/3727/4705 1642/3728/4707 1656/3743/4708 1655/3742/4706
f 1642/3728/4707 1643/3729/4709 1657/3744/4710 1656/3743/4708
f 1643/3729/4709 1644/3730/4711 1658/3745/4712 1657/3744/4710
f 1644/3730/4711 1645/3731/4713 1659/3746/4714 1658/3745/4712
f 1645/3731/4713 1646/3732/4715 1660/3747/4716 1659/3746/4714
f 1646/3732/4715 1633/3733/4689 1647/3748/4692 1660/3747/4716
s off
f 1633/3705/4717 1646/3718/4718 1645/3717/4719 1644/3716/4720 1643/3715/4721 1642/3714/4722 1641/3713/4723 1640/3712/4724 1639/3711/4725 1638/3710/4726 1637/3709/4727 1636/3708/4728 1635/3707/4729 1634/3706/4730
f 1647/3761/4731 1648/3760/4732 1649/3759/4733 1650/3758/4734 1651/3757/4735 1652/3756/4736 1653/3755/4737 1654/3754/4738 1655/3753/4739 1656/3752/4740 1657/3751/4741 1658/3750/4742 1659/3749/4743 1660/3762/4744
g default
v 174.671260 296.764048 -236.000000
v 174.310537 297.216381 -236.000000
v 173.789277 297.467406 -236.000000
v 173.210723 297.467406 -236.000000
v 172.689464 297.216381 -236.000000
v 172.328741 296.764049 -236.000000
v 172.200000 296.200000 -236.000000
v 172.328741 295.635951 -236.000000
v 172.689463 295.183619 -236.000000
v 173.210723 294.932594 -236.000000
v 173.789277 294.932594 -236.000000
v 174.310537 295.183619 -236.000000
v 174.671259 295.635951 -236.000000
v 174.800000 296.200000 -236.000000
v 174.671260 296.764048 -124.000000
v 174.310537 297.216381 -124.000000
v 173.789277 297.467406 -124.000000
v 173.210723 297.467406 -124.000000
v 172.689464 297.216381 -124.000000
v 172.328741 296.764049 -124.000000
v 172.200000 296.200000 -124.000000
v 172.328741 295.635951 -124.000000
v 172.689463 295.183619 -124.000000
v 173.210723 294.932594 -124.000000
v 173.789277 294.932594 -124.000000
v 174.310537 295.183619 -124.000000
v 174.671259 295.635951 -124.000000
v 174.800000 296.200000 -124.000000
vt 0.952364 0.070765
vt 0.813625 0.027271
vt 0.613140 0.003134
vt 0.390619 0.003134
vt 0.190135 0.027271
vt 0.051395 0.070765
vt 0.001880 0.125000
vt 0.051395 0.179235
vt 0.190135 0.222729
vt 0.390619 0.246866
vt 0.613140 0.246866
vt 0.813625 0.222729
vt 0.952364 0.179235
vt 1.001880 0.125000
vt 0.000000 0.250000
vt 0.071429 0.250000
vt 0.142857 0.250000
vt 0.214286 0.250000
vt 0.285714 0.250000
vt 0.357143 0.250000
vt 0.428571 0.250000
vt 0.500000 0.250000
vt 0.571429 0.250000
vt 0.642857 0.250000
vt 0.714286 0.250000
vt 0.785714 0.250000
vt 0.857143 0.250000
vt 0.928572 0.250000
vt 1.000000 0.250000
vt 0.000000 0.750000
vt 0.071429 0.750000
vt 0.142857 0.750000
vt 0.214286 0.750000
vt 0.285714 0.750000
vt 0.357143 0.750000
vt 0.428571 0.750000
vt 0.500000 0.750000
vt 0.571429 0.750000
vt 0.642857 0.750000
vt 0.714286 0.750000
vt 0.785714 0.750000
vt 0.857143 0.750000
vt 0.928572 0.750000
vt 1.000000 0.750000
vt 0.952364 0.820765
vt 0.813625 0.777271
vt 0.613140 0.753134
vt 0.390619 0.753134
vt 0.190135 0.777271
vt 0.051395 0.820765
vt 0.001880 0.875000
vt 0.051395 0.929235
vt 0.190135 0.972729
vt 0.390619 0.996866
vt 0.613140 0.996866
vt 0.813625 0.972729
vt 0.952364 0.929235
vt 1.001880 0.875000
vn 0.900969 0.433884 0.000000
vn 0.623490 0.781831 0.000000
vn 0.623490 0.781831 0.000000
vn 0.900969 0.433884 0.000000
vn 0.222521 0.974928 0.000000
vn 0.222521 0.974928 0.000000
vn -0.222521 0.974928 0.000000
vn -0.222521 0.974928 0.000000
vn -0.623490 0.781832 0.000000
vn -0.623490 0.781832 0.000000
vn -0.900969 0.433884 0.000000
vn -0.900969 0.433884 0.000000
vn -1.000000 0.000000 0.000000
vn -1.000000 0.000000 0.000000
vn -0.900969 -0.433884 0.000000
vn -0.900969 -0.433884 0.000000
vn -0.623490 -0.781831 0.000000
vn -0.623490 -0.781831 0.000000
vn -0.222521 -0.974928 0.000000
vn -0.222521 -0.974928 0.000000
vn 0.222521 -0.974928 0.000000
vn 0.222521 -0.974928 0.000000
vn 0.623490 -0.781832 0.000000
vn 0.623490 -0.781832 0.000000
vn 0.900969 -0.433884 0.000000
vn 0.900969 -0.433884 0.000000
vn 1.000000 -0.000000 0.000000
vn 1.000000 -0.000000 0.000000
vn 0.000000 -0.000002 -1.000000
vn 0.000000 -0.000002 -1.000000
vn 0.000000 -0.000002 -1.000000
vn 0.000000 -0.000002 -1.000000
vn 0.000000 -0.000002 -1.000000
vn 0.000000 -0.000002 -1.000000
vn 0.000000 -0.000002 -1.000000
vn 0.000000 -0.000002 -1.000000
vn 0.000000 -0.000002 -1.000000
vn 0.000000 -0.000002 -1.000000
vn 0.000000 -0.000002 -1.000000
vn 0.000000 -0.000002 -1.000000
vn 0.000000 -0.000002 -1.000000
vn 0.000000 -0.000002 -1.000000
vn 0.000000 0.000001 1.000000
vn 0.000000 0.000001 1.000000
vn 0.000000 0.000001 1.000000
vn 0.000000 0.000001 1.000000
vn 0.000000 0.000001 1.000000
vn 0.000000 0.000001 1.000000
vn 0.000000 0.000001 1.000000
vn 0.000000 0.000001 1.000000
vn 0.000000 0.000001 1.000000
vn 0.000000 0.000001 1.000000
vn 0.000000 0.000001 1.000000
vn 0.000000 0.000001 1.000000
vn 0.000000 0.000001 1.000000
vn 0.000000 0.000001 1.000000
s 1
g GRP_Fluorescent_Lights Backrooms_Level0_Master_GRP GRP_Lamp_FR Lamp_FR_Tube_1
f 1661/3777/4745 1662/3778/4746 1676/3793/4747 1675/3792/4748
f 1662/3778/4746 1663/3779/4749 1677/3794/4750 1676/3793/4747
f 1663/3779/4749 1664/3780/4751 1678/3795/4752 1677/3794/4750
f 1664/3780/4751 1665/3781/4753 1679/3796/4754 1678/3795/4752
f 1665/3781/4753 1666/3782/4755 1680/3797/4756 1679/3796/4754
f 1666/3782/4755 1667/3783/4757 1681/3798/4758 1680/3797/4756
f 1667/3783/4757 1668/3784/4759 1682/3799/4760 1681/3798/4758
f 1668/3784/4759 1669/3785/4761 1683/3800/4762 1682/3799/4760
f 1669/3785/4761 1670/3786/4763 1684/3801/4764 1683/3800/4762
f 1670/3786/4763 1671/3787/4765 1685/3802/4766 1684/3801/4764
f 1671/3787/4765 1672/3788/4767 1686/3803/4768 1685/3802/4766
f 1672/3788/4767 1673/3789/4769 1687/3804/4770 1686/3803/4768
f 1673/3789/4769 1674/3790/4771 1688/3805/4772 1687/3804/4770
f 1674/3790/4771 1661/3791/4745 1675/3806/4748 1688/3805/4772
s off
f 1661/3763/4773 1674/3776/4774 1673/3775/4775 1672/3774/4776 1671/3773/4777 1670/3772/4778 1669/3771/4779 1668/3770/4780 1667/3769/4781 1666/3768/4782 1665/3767/4783 1664/3766/4784 1663/3765/4785 1662/3764/4786
f 1675/3819/4787 1676/3818/4788 1677/3817/4789 1678/3816/4790 1679/3815/4791 1680/3814/4792 1681/3813/4793 1682/3812/4794 1683/3811/4795 1684/3810/4796 1685/3809/4797 1686/3808/4798 1687/3807/4799 1688/3820/4800
g default
v 174.794427 297.140457 -238.500000
v 173.994427 297.721691 -238.500000
v 173.005573 297.721691 -238.500000
v 172.205572 297.140456 -238.500000
v 171.900000 296.200000 -238.500000
v 172.205573 295.259543 -238.500000
v 173.005573 294.678309 -238.500000
v 173.994427 294.678310 -238.500000
v 174.794427 295.259544 -238.500000
v 175.100000 296.200000 -238.500000
v 174.794427 297.140457 -235.500000
v 173.994427 297.721691 -235.500000
v 173.005573 297.721691 -235.500000
v 172.205572 297.140456 -235.500000
v 171.900000 296.200000 -235.500000
v 172.205573 295.259543 -235.500000
v 173.005573 294.678309 -235.500000
v 173.994427 294.678310 -235.500000
v 174.794427 295.259544 -235.500000
v 175.100000 296.200000 -235.500000
vt 0.906388 0.051527
vt 0.656388 0.006118
vt 0.347371 0.006118
vt 0.097371 0.051527
vt 0.001880 0.125000
vt 0.097371 0.198473
vt 0.347371 0.243882
vt 0.656388 0.243882
vt 0.906388 0.198473
vt 1.001880 0.125000
vt 0.000000 0.250000
vt 0.100000 0.250000
vt 0.200000 0.250000
vt 0.300000 0.250000
vt 0.400000 0.250000
vt 0.500000 0.250000
vt 0.600000 0.250000
vt 0.700000 0.250000
vt 0.800000 0.250000
vt 0.900000 0.250000
vt 1.000000 0.250000
vt 0.000000 0.750000
vt 0.100000 0.750000
vt 0.200000 0.750000
vt 0.300000 0.750000
vt 0.400000 0.750000
vt 0.500000 0.750000
vt 0.600000 0.750000
vt 0.700000 0.750000
vt 0.800000 0.750000
vt 0.900000 0.750000
vt 1.000000 0.750000
vt 0.906388 0.801527
vt 0.656388 0.756118
vt 0.347371 0.756118
vt 0.097371 0.801527
vt 0.001880 0.875000
vt 0.097371 0.948473
vt 0.347371 0.993882
vt 0.656388 0.993882
vt 0.906388 0.948473
vt 1.001880 0.875000
vn 0.587785 0.809017 0.000000
vn 0.587785 0.809017 0.000000
vn 0.587785 0.809017 0.000000
vn 0.587785 0.809017 0.000000
vn 0.000000 1.000000 0.000000
vn 0.000000 1.000000 0.000000
vn 0.000000 1.000000 0.000000
vn 0.000000 1.000000 0.000000
vn -0.587785 0.809017 0.000000
vn -0.587785 0.809017 0.000000
vn -0.587785 0.809017 0.000000
vn -0.587785 0.809017 0.000000
vn -0.951057 0.309017 0.000000
vn -0.951057 0.309017 0.000000
vn -0.951057 0.309017 0.000000
vn -0.951057 0.309017 0.000000
vn -0.951056 -0.309017 0.000000
vn -0.951056 -0.309017 0.000000
vn -0.951056 -0.309017 0.000000
vn -0.951056 -0.309017 0.000000
vn -0.587785 -0.809017 0.000000
vn -0.587785 -0.809017 0.000000
vn -0.587785 -0.809017 0.000000
vn -0.587785 -0.809017 0.000000
vn 0.000000 -1.000000 0.000000
vn 0.000000 -1.000000 0.000000
vn 0.000000 -1.000000 0.000000
vn 0.000000 -1.000000 0.000000
vn 0.587785 -0.809017 0.000000
vn 0.587785 -0.809017 0.000000
vn 0.587785 -0.809017 0.000000
vn 0.587785 -0.809017 0.000000
vn 0.951057 -0.309017 0.000000
vn 0.951057 -0.309017 0.000000
vn 0.951057 -0.309017 0.000000
vn 0.951057 -0.309017 0.000000
vn 0.951057 0.309017 0.000000
vn 0.951057 0.309017 0.000000
vn 0.951057 0.309017 0.000000
vn 0.951057 0.309017 0.000000
vn 0.000000 -0.000000 -1.000000
vn 0.000000 -0.000000 -1.000000
vn 0.000000 -0.000000 -1.000000
vn 0.000000 -0.000000 -1.000000
vn 0.000000 -0.000000 -1.000000
vn 0.000000 -0.000000 -1.000000
vn 0.000000 -0.000000 -1.000000
vn 0.000000 -0.000000 -1.000000
vn 0.000000 -0.000000 -1.000000
vn 0.000000 -0.000000 -1.000000
vn 0.000000 -0.000000 1.000000
vn 0.000000 -0.000000 1.000000
vn 0.000000 -0.000000 1.000000
vn 0.000000 -0.000000 1.000000
vn 0.000000 -0.000000 1.000000
vn 0.000000 -0.000000 1.000000
vn 0.000000 -0.000000 1.000000
vn 0.000000 -0.000000 1.000000
vn 0.000000 -0.000000 1.000000
vn 0.000000 -0.000000 1.000000
s off
g GRP_Fluorescent_Lights Backrooms_Level0_Master_GRP GRP_Lamp_FR Lamp_FR_Cap_1_1
f 1689/3831/4801 1690/3832/4802 1700/3843/4803 1699/3842/4804
f 1690/3832/4805 1691/3833/4806 1701/3844/4807 1700/3843/4808
f 1691/3833/4809 1692/3834/4810 1702/3845/4811 1701/3844/4812
f 1692/3834/4813 1693/3835/4814 1703/3846/4815 1702/3845/4816
f 1693/3835/4817 1694/3836/4818 1704/3847/4819 1703/3846/4820
f 1694/3836/4821 1695/3837/4822 1705/3848/4823 1704/3847/4824
f 1695/3837/4825 1696/3838/4826 1706/3849/4827 1705/3848/4828
f 1696/3838/4829 1697/3839/4830 1707/3850/4831 1706/3849/4832
f 1697/3839/4833 1698/3840/4834 1708/3851/4835 1707/3850/4836
f 1698/3840/4837 1689/3841/4838 1699/3852/4839 1708/3851/4840
f 1689/3821/4841 1698/3830/4842 1697/3829/4843 1696/3828/4844 1695/3827/4845 1694/3826/4846 1693/3825/4847 1692/3824/4848 1691/3823/4849 1690/3822/4850
f 1699/3861/4851 1700/3860/4852 1701/3859/4853 1702/3858/4854 1703/3857/4855 1704/3856/4856 1705/3855/4857 1706/3854/4858 1707/3853/4859 1708/3862/4860
g default
v 174.794427 297.140457 -238.500000
v 173.994427 297.721691 -238.500000
v 173.005573 297.721691 -238.500000
v 172.205572 297.140456 -238.500000
v 171.900000 296.200000 -238.500000
v 172.205573 295.259543 -238.500000
v 173.005573 294.678309 -238.500000
v 173.994427 294.678310 -238.500000
v 174.794427 295.259544 -238.500000
v 175.100000 296.200000 -238.500000
v 174.794427 297.140457 -235.500000
v 173.994427 297.721691 -235.500000
v 173.005573 297.721691 -235.500000
v 172.205572 297.140456 -235.500000
v 171.900000 296.200000 -235.500000
v 172.205573 295.259543 -235.500000
v 173.005573 294.678309 -235.500000
v 173.994427 294.678310 -235.500000
v 174.794427 295.259544 -235.500000
v 175.100000 296.200000 -235.500000
vt 0.906388 0.051527
vt 0.656388 0.006118
vt 0.347371 0.006118
vt 0.097371 0.051527
vt 0.001880 0.125000
vt 0.097371 0.198473
vt 0.347371 0.243882
vt 0.656388 0.243882
vt 0.906388 0.198473
vt 1.001880 0.125000
vt 0.000000 0.250000
vt 0.100000 0.250000
vt 0.200000 0.250000
vt 0.300000 0.250000
vt 0.400000 0.250000
vt 0.500000 0.250000
vt 0.600000 0.250000
vt 0.700000 0.250000
vt 0.800000 0.250000
vt 0.900000 0.250000
vt 1.000000 0.250000
vt 0.000000 0.750000
vt 0.100000 0.750000
vt 0.200000 0.750000
vt 0.300000 0.750000
vt 0.400000 0.750000
vt 0.500000 0.750000
vt 0.600000 0.750000
vt 0.700000 0.750000
vt 0.800000 0.750000
vt 0.900000 0.750000
vt 1.000000 0.750000
vt 0.906388 0.801527
vt 0.656388 0.756118
vt 0.347371 0.756118
vt 0.097371 0.801527
vt 0.001880 0.875000
vt 0.097371 0.948473
vt 0.347371 0.993882
vt 0.656388 0.993882
vt 0.906388 0.948473
vt 1.001880 0.875000
vn 0.587785 0.809017 0.000000
vn 0.587785 0.809017 0.000000
vn 0.587785 0.809017 0.000000
vn 0.587785 0.809017 0.000000
vn 0.000000 1.000000 0.000000
vn 0.000000 1.000000 0.000000
vn 0.000000 1.000000 0.000000
vn 0.000000 1.000000 0.000000
vn -0.587785 0.809017 0.000000
vn -0.587785 0.809017 0.000000
vn -0.587785 0.809017 0.000000
vn -0.587785 0.809017 0.000000
vn -0.951057 0.309017 0.000000
vn -0.951057 0.309017 0.000000
vn -0.951057 0.309017 0.000000
vn -0.951057 0.309017 0.000000
vn -0.951056 -0.309017 0.000000
vn -0.951056 -0.309017 0.000000
vn -0.951056 -0.309017 0.000000
vn -0.951056 -0.309017 0.000000
vn -0.587785 -0.809017 0.000000
vn -0.587785 -0.809017 0.000000
vn -0.587785 -0.809017 0.000000
vn -0.587785 -0.809017 0.000000
vn 0.000000 -1.000000 0.000000
vn 0.000000 -1.000000 0.000000
vn 0.000000 -1.000000 0.000000
vn 0.000000 -1.000000 0.000000
vn 0.587785 -0.809017 0.000000
vn 0.587785 -0.809017 0.000000
vn 0.587785 -0.809017 0.000000
vn 0.587785 -0.809017 0.000000
vn 0.951057 -0.309017 0.000000
vn 0.951057 -0.309017 0.000000
vn 0.951057 -0.309017 0.000000
vn 0.951057 -0.309017 0.000000
vn 0.951057 0.309017 0.000000
vn 0.951057 0.309017 0.000000
vn 0.951057 0.309017 0.000000
vn 0.951057 0.309017 0.000000
vn 0.000000 -0.000000 -1.000000
vn 0.000000 -0.000000 -1.000000
vn 0.000000 -0.000000 -1.000000
vn 0.000000 -0.000000 -1.000000
vn 0.000000 -0.000000 -1.000000
vn 0.000000 -0.000000 -1.000000
vn 0.000000 -0.000000 -1.000000
vn 0.000000 -0.000000 -1.000000
vn 0.000000 -0.000000 -1.000000
vn 0.000000 -0.000000 -1.000000
vn 0.000000 -0.000000 1.000000
vn 0.000000 -0.000000 1.000000
vn 0.000000 -0.000000 1.000000
vn 0.000000 -0.000000 1.000000
vn 0.000000 -0.000000 1.000000
vn 0.000000 -0.000000 1.000000
vn 0.000000 -0.000000 1.000000
vn 0.000000 -0.000000 1.000000
vn 0.000000 -0.000000 1.000000
vn 0.000000 -0.000000 1.000000
s off
g GRP_Fluorescent_Lights Backrooms_Level0_Master_GRP GRP_Lamp_FR Lamp_FR_Cap_1_1
f 1709/3873/4861 1710/3874/4862 1720/3885/4863 1719/3884/4864
f 1710/3874/4865 1711/3875/4866 1721/3886/4867 1720/3885/4868
f 1711/3875/4869 1712/3876/4870 1722/3887/4871 1721/3886/4872
f 1712/3876/4873 1713/3877/4874 1723/3888/4875 1722/3887/4876
f 1713/3877/4877 1714/3878/4878 1724/3889/4879 1723/3888/4880
f 1714/3878/4881 1715/3879/4882 1725/3890/4883 1724/3889/4884
f 1715/3879/4885 1716/3880/4886 1726/3891/4887 1725/3890/4888
f 1716/3880/4889 1717/3881/4890 1727/3892/4891 1726/3891/4892
f 1717/3881/4893 1718/3882/4894 1728/3893/4895 1727/3892/4896
f 1718/3882/4897 1709/3883/4898 1719/3894/4899 1728/3893/4900
f 1709/3863/4901 1718/3872/4902 1717/3871/4903 1716/3870/4904 1715/3869/4905 1714/3868/4906 1713/3867/4907 1712/3866/4908 1711/3865/4909 1710/3864/4910
f 1719/3903/4911 1720/3902/4912 1721/3901/4913 1722/3900/4914 1723/3899/4915 1724/3898/4916 1725/3897/4917 1726/3896/4918 1727/3895/4919 1728/3904/4920
g default
v 174.794427 297.140457 -124.500000
v 173.994427 297.721691 -124.500000
v 173.005573 297.721691 -124.500000
v 172.205572 297.140456 -124.500000
v 171.900000 296.200000 -124.500000
v 172.205573 295.259543 -124.500000
v 173.005573 294.678309 -124.500000
v 173.994427 294.678310 -124.500000
v 174.794427 295.259544 -124.500000
v 175.100000 296.200000 -124.500000
v 174.794427 297.140457 -121.500000
v 173.994427 297.721691 -121.500000
v 173.005573 297.721691 -121.500000
v 172.205572 297.140456 -121.500000
v 171.900000 296.200000 -121.500000
v 172.205573 295.259543 -121.500000
v 173.005573 294.678309 -121.500000
v 173.994427 294.678310 -121.500000
v 174.794427 295.259544 -121.500000
v 175.100000 296.200000 -121.500000
vt 0.906388 0.051527
vt 0.656388 0.006118
vt 0.347371 0.006118
vt 0.097371 0.051527
vt 0.001880 0.125000
vt 0.097371 0.198473
vt 0.347371 0.243882
vt 0.656388 0.243882
vt 0.906388 0.198473
vt 1.001880 0.125000
vt 0.000000 0.250000
vt 0.100000 0.250000
vt 0.200000 0.250000
vt 0.300000 0.250000
vt 0.400000 0.250000
vt 0.500000 0.250000
vt 0.600000 0.250000
vt 0.700000 0.250000
vt 0.800000 0.250000
vt 0.900000 0.250000
vt 1.000000 0.250000
vt 0.000000 0.750000
vt 0.100000 0.750000
vt 0.200000 0.750000
vt 0.300000 0.750000
vt 0.400000 0.750000
vt 0.500000 0.750000
vt 0.600000 0.750000
vt 0.700000 0.750000
vt 0.800000 0.750000
vt 0.900000 0.750000
vt 1.000000 0.750000
vt 0.906388 0.801527
vt 0.656388 0.756118
vt 0.347371 0.756118
vt 0.097371 0.801527
vt 0.001880 0.875000
vt 0.097371 0.948473
vt 0.347371 0.993882
vt 0.656388 0.993882
vt 0.906388 0.948473
vt 1.001880 0.875000
vn 0.587785 0.809017 0.000000
vn 0.587785 0.809017 0.000000
vn 0.587785 0.809017 0.000000
vn 0.587785 0.809017 0.000000
vn 0.000000 1.000000 0.000000
vn 0.000000 1.000000 0.000000
vn 0.000000 1.000000 0.000000
vn 0.000000 1.000000 0.000000
vn -0.587785 0.809017 0.000000
vn -0.587785 0.809017 0.000000
vn -0.587785 0.809017 0.000000
vn -0.587785 0.809017 0.000000
vn -0.951057 0.309017 0.000000
vn -0.951057 0.309017 0.000000
vn -0.951057 0.309017 0.000000
vn -0.951057 0.309017 0.000000
vn -0.951056 -0.309017 0.000000
vn -0.951056 -0.309017 0.000000
vn -0.951056 -0.309017 0.000000
vn -0.951056 -0.309017 0.000000
vn -0.587785 -0.809017 0.000000
vn -0.587785 -0.809017 0.000000
vn -0.587785 -0.809017 0.000000
vn -0.587785 -0.809017 0.000000
vn 0.000000 -1.000000 0.000000
vn 0.000000 -1.000000 0.000000
vn 0.000000 -1.000000 0.000000
vn 0.000000 -1.000000 0.000000
vn 0.587785 -0.809017 0.000000
vn 0.587785 -0.809017 0.000000
vn 0.587785 -0.809017 0.000000
vn 0.587785 -0.809017 0.000000
vn 0.951057 -0.309017 0.000000
vn 0.951057 -0.309017 0.000000
vn 0.951057 -0.309017 0.000000
vn 0.951057 -0.309017 0.000000
vn 0.951057 0.309017 0.000000
vn 0.951057 0.309017 0.000000
vn 0.951057 0.309017 0.000000
vn 0.951057 0.309017 0.000000
vn 0.000000 -0.000000 -1.000000
vn 0.000000 -0.000000 -1.000000
vn 0.000000 -0.000000 -1.000000
vn 0.000000 -0.000000 -1.000000
vn 0.000000 -0.000000 -1.000000
vn 0.000000 -0.000000 -1.000000
vn 0.000000 -0.000000 -1.000000
vn 0.000000 -0.000000 -1.000000
vn 0.000000 -0.000000 -1.000000
vn 0.000000 -0.000000 -1.000000
vn 0.000000 -0.000000 1.000000
vn 0.000000 -0.000000 1.000000
vn 0.000000 -0.000000 1.000000
vn 0.000000 -0.000000 1.000000
vn 0.000000 -0.000000 1.000000
vn 0.000000 -0.000000 1.000000
vn 0.000000 -0.000000 1.000000
vn 0.000000 -0.000000 1.000000
vn 0.000000 -0.000000 1.000000
vn 0.000000 -0.000000 1.000000
s off
g GRP_Fluorescent_Lights Backrooms_Level0_Master_GRP GRP_Lamp_FR Lamp_FR_Cap_1_2
f 1729/3915/4921 1730/3916/4922 1740/3927/4923 1739/3926/4924
f 1730/3916/4925 1731/3917/4926 1741/3928/4927 1740/3927/4928
f 1731/3917/4929 1732/3918/4930 1742/3929/4931 1741/3928/4932
f 1732/3918/4933 1733/3919/4934 1743/3930/4935 1742/3929/4936
f 1733/3919/4937 1734/3920/4938 1744/3931/4939 1743/3930/4940
f 1734/3920/4941 1735/3921/4942 1745/3932/4943 1744/3931/4944
f 1735/3921/4945 1736/3922/4946 1746/3933/4947 1745/3932/4948
f 1736/3922/4949 1737/3923/4950 1747/3934/4951 1746/3933/4952
f 1737/3923/4953 1738/3924/4954 1748/3935/4955 1747/3934/4956
f 1738/3924/4957 1729/3925/4958 1739/3936/4959 1748/3935/4960
f 1729/3905/4961 1738/3914/4962 1737/3913/4963 1736/3912/4964 1735/3911/4965 1734/3910/4966 1733/3909/4967 1732/3908/4968 1731/3907/4969 1730/3906/4970
f 1739/3945/4971 1740/3944/4972 1741/3943/4973 1742/3942/4974 1743/3941/4975 1744/3940/4976 1745/3939/4977 1746/3938/4978 1747/3937/4979 1748/3946/4980
g default
v 174.794427 297.140457 -124.500000
v 173.994427 297.721691 -124.500000
v 173.005573 297.721691 -124.500000
v 172.205572 297.140456 -124.500000
v 171.900000 296.200000 -124.500000
v 172.205573 295.259543 -124.500000
v 173.005573 294.678309 -124.500000
v 173.994427 294.678310 -124.500000
v 174.794427 295.259544 -124.500000
v 175.100000 296.200000 -124.500000
v 174.794427 297.140457 -121.500000
v 173.994427 297.721691 -121.500000
v 173.005573 297.721691 -121.500000
v 172.205572 297.140456 -121.500000
v 171.900000 296.200000 -121.500000
v 172.205573 295.259543 -121.500000
v 173.005573 294.678309 -121.500000
v 173.994427 294.678310 -121.500000
v 174.794427 295.259544 -121.500000
v 175.100000 296.200000 -121.500000
vt 0.906388 0.051527
vt 0.656388 0.006118
vt 0.347371 0.006118
vt 0.097371 0.051527
vt 0.001880 0.125000
vt 0.097371 0.198473
vt 0.347371 0.243882
vt 0.656388 0.243882
vt 0.906388 0.198473
vt 1.001880 0.125000
vt 0.000000 0.250000
vt 0.100000 0.250000
vt 0.200000 0.250000
vt 0.300000 0.250000
vt 0.400000 0.250000
vt 0.500000 0.250000
vt 0.600000 0.250000
vt 0.700000 0.250000
vt 0.800000 0.250000
vt 0.900000 0.250000
vt 1.000000 0.250000
vt 0.000000 0.750000
vt 0.100000 0.750000
vt 0.200000 0.750000
vt 0.300000 0.750000
vt 0.400000 0.750000
vt 0.500000 0.750000
vt 0.600000 0.750000
vt 0.700000 0.750000
vt 0.800000 0.750000
vt 0.900000 0.750000
vt 1.000000 0.750000
vt 0.906388 0.801527
vt 0.656388 0.756118
vt 0.347371 0.756118
vt 0.097371 0.801527
vt 0.001880 0.875000
vt 0.097371 0.948473
vt 0.347371 0.993882
vt 0.656388 0.993882
vt 0.906388 0.948473
vt 1.001880 0.875000
vn 0.587785 0.809017 0.000000
vn 0.587785 0.809017 0.000000
vn 0.587785 0.809017 0.000000
vn 0.587785 0.809017 0.000000
vn 0.000000 1.000000 0.000000
vn 0.000000 1.000000 0.000000
vn 0.000000 1.000000 0.000000
vn 0.000000 1.000000 0.000000
vn -0.587785 0.809017 0.000000
vn -0.587785 0.809017 0.000000
vn -0.587785 0.809017 0.000000
vn -0.587785 0.809017 0.000000
vn -0.951057 0.309017 0.000000
vn -0.951057 0.309017 0.000000
vn -0.951057 0.309017 0.000000
vn -0.951057 0.309017 0.000000
vn -0.951056 -0.309017 0.000000
vn -0.951056 -0.309017 0.000000
vn -0.951056 -0.309017 0.000000
vn -0.951056 -0.309017 0.000000
vn -0.587785 -0.809017 0.000000
vn -0.587785 -0.809017 0.000000
vn -0.587785 -0.809017 0.000000
vn -0.587785 -0.809017 0.000000
vn 0.000000 -1.000000 0.000000
vn 0.000000 -1.000000 0.000000
vn 0.000000 -1.000000 0.000000
vn 0.000000 -1.000000 0.000000
vn 0.587785 -0.809017 0.000000
vn 0.587785 -0.809017 0.000000
vn 0.587785 -0.809017 0.000000
vn 0.587785 -0.809017 0.000000
vn 0.951057 -0.309017 0.000000
vn 0.951057 -0.309017 0.000000
vn 0.951057 -0.309017 0.000000
vn 0.951057 -0.309017 0.000000
vn 0.951057 0.309017 0.000000
vn 0.951057 0.309017 0.000000
vn 0.951057 0.309017 0.000000
vn 0.951057 0.309017 0.000000
vn 0.000000 -0.000000 -1.000000
vn 0.000000 -0.000000 -1.000000
vn 0.000000 -0.000000 -1.000000
vn 0.000000 -0.000000 -1.000000
vn 0.000000 -0.000000 -1.000000
vn 0.000000 -0.000000 -1.000000
vn 0.000000 -0.000000 -1.000000
vn 0.000000 -0.000000 -1.000000
vn 0.000000 -0.000000 -1.000000
vn 0.000000 -0.000000 -1.000000
vn 0.000000 -0.000000 1.000000
vn 0.000000 -0.000000 1.000000
vn 0.000000 -0.000000 1.000000
vn 0.000000 -0.000000 1.000000
vn 0.000000 -0.000000 1.000000
vn 0.000000 -0.000000 1.000000
vn 0.000000 -0.000000 1.000000
vn 0.000000 -0.000000 1.000000
vn 0.000000 -0.000000 1.000000
vn 0.000000 -0.000000 1.000000
s off
g GRP_Fluorescent_Lights Backrooms_Level0_Master_GRP GRP_Lamp_FR Lamp_FR_Cap_1_2
f 1749/3957/4981 1750/3958/4982 1760/3969/4983 1759/3968/4984
f 1750/3958/4985 1751/3959/4986 1761/3970/4987 1760/3969/4988
f 1751/3959/4989 1752/3960/4990 1762/3971/4991 1761/3970/4992
f 1752/3960/4993 1753/3961/4994 1763/3972/4995 1762/3971/4996
f 1753/3961/4997 1754/3962/4998 1764/3973/4999 1763/3972/5000
f 1754/3962/5001 1755/3963/5002 1765/3974/5003 1764/3973/5004
f 1755/3963/5005 1756/3964/5006 1766/3975/5007 1765/3974/5008
f 1756/3964/5009 1757/3965/5010 1767/3976/5011 1766/3975/5012
f 1757/3965/5013 1758/3966/5014 1768/3977/5015 1767/3976/5016
f 1758/3966/5017 1749/3967/5018 1759/3978/5019 1768/3977/5020
f 1749/3947/5021 1758/3956/5022 1757/3955/5023 1756/3954/5024 1755/3953/5025 1754/3952/5026 1753/3951/5027 1752/3950/5028 1751/3949/5029 1750/3948/5030
f 1759/3987/5031 1760/3986/5032 1761/3985/5033 1762/3984/5034 1763/3983/5035 1764/3982/5036 1765/3981/5037 1766/3980/5038 1767/3979/5039 1768/3988/5040
g default
v 187.671260 296.764048 -236.000000
v 187.310537 297.216381 -236.000000
v 186.789277 297.467406 -236.000000
v 186.210723 297.467406 -236.000000
v 185.689464 297.216381 -236.000000
v 185.328741 296.764049 -236.000000
v 185.200000 296.200000 -236.000000
v 185.328741 295.635951 -236.000000
v 185.689463 295.183619 -236.000000
v 186.210723 294.932594 -236.000000
v 186.789277 294.932594 -236.000000
v 187.310537 295.183619 -236.000000
v 187.671259 295.635951 -236.000000
v 187.800000 296.200000 -236.000000
v 187.671260 296.764048 -124.000000
v 187.310537 297.216381 -124.000000
v 186.789277 297.467406 -124.000000
v 186.210723 297.467406 -124.000000
v 185.689464 297.216381 -124.000000
v 185.328741 296.764049 -124.000000
v 185.200000 296.200000 -124.000000
v 185.328741 295.635951 -124.000000
v 185.689463 295.183619 -124.000000
v 186.210723 294.932594 -124.000000
v 186.789277 294.932594 -124.000000
v 187.310537 295.183619 -124.000000
v 187.671259 295.635951 -124.000000
v 187.800000 296.200000 -124.000000
vt 0.952364 0.070765
vt 0.813625 0.027271
vt 0.613140 0.003134
vt 0.390619 0.003134
vt 0.190135 0.027271
vt 0.051395 0.070765
vt 0.001880 0.125000
vt 0.051395 0.179235
vt 0.190135 0.222729
vt 0.390619 0.246866
vt 0.613140 0.246866
vt 0.813625 0.222729
vt 0.952364 0.179235
vt 1.001880 0.125000
vt 0.000000 0.250000
vt 0.071429 0.250000
vt 0.142857 0.250000
vt 0.214286 0.250000
vt 0.285714 0.250000
vt 0.357143 0.250000
vt 0.428571 0.250000
vt 0.500000 0.250000
vt 0.571429 0.250000
vt 0.642857 0.250000
vt 0.714286 0.250000
vt 0.785714 0.250000
vt 0.857143 0.250000
vt 0.928572 0.250000
vt 1.000000 0.250000
vt 0.000000 0.750000
vt 0.071429 0.750000
vt 0.142857 0.750000
vt 0.214286 0.750000
vt 0.285714 0.750000
vt 0.357143 0.750000
vt 0.428571 0.750000
vt 0.500000 0.750000
vt 0.571429 0.750000
vt 0.642857 0.750000
vt 0.714286 0.750000
vt 0.785714 0.750000
vt 0.857143 0.750000
vt 0.928572 0.750000
vt 1.000000 0.750000
vt 0.952364 0.820765
vt 0.813625 0.777271
vt 0.613140 0.753134
vt 0.390619 0.753134
vt 0.190135 0.777271
vt 0.051395 0.820765
vt 0.001880 0.875000
vt 0.051395 0.929235
vt 0.190135 0.972729
vt 0.390619 0.996866
vt 0.613140 0.996866
vt 0.813625 0.972729
vt 0.952364 0.929235
vt 1.001880 0.875000
vn 0.900969 0.433884 0.000000
vn 0.623490 0.781831 0.000000
vn 0.623490 0.781831 0.000000
vn 0.900969 0.433884 0.000000
vn 0.222521 0.974928 0.000000
vn 0.222521 0.974928 0.000000
vn -0.222521 0.974928 0.000000
vn -0.222521 0.974928 0.000000
vn -0.623490 0.781832 0.000000
vn -0.623490 0.781832 0.000000
vn -0.900969 0.433884 0.000000
vn -0.900969 0.433884 0.000000
vn -1.000000 0.000000 0.000000
vn -1.000000 0.000000 0.000000
vn -0.900969 -0.433884 0.000000
vn -0.900969 -0.433884 0.000000
vn -0.623490 -0.781831 0.000000
vn -0.623490 -0.781831 0.000000
vn -0.222521 -0.974928 0.000000
vn -0.222521 -0.974928 0.000000
vn 0.222521 -0.974928 0.000000
vn 0.222521 -0.974928 0.000000
vn 0.623490 -0.781832 0.000000
vn 0.623490 -0.781832 0.000000
vn 0.900969 -0.433884 0.000000
vn 0.900969 -0.433884 0.000000
vn 1.000000 -0.000000 0.000000
vn 1.000000 -0.000000 0.000000
vn 0.000000 -0.000002 -1.000000
vn 0.000000 -0.000002 -1.000000
vn 0.000000 -0.000002 -1.000000
vn 0.000000 -0.000002 -1.000000
vn 0.000000 -0.000002 -1.000000
vn 0.000000 -0.000002 -1.000000
vn 0.000000 -0.000002 -1.000000
vn 0.000000 -0.000002 -1.000000
vn 0.000000 -0.000002 -1.000000
vn 0.000000 -0.000002 -1.000000
vn 0.000000 -0.000002 -1.000000
vn 0.000000 -0.000002 -1.000000
vn 0.000000 -0.000002 -1.000000
vn 0.000000 -0.000002 -1.000000
vn 0.000000 0.000001 1.000000
vn 0.000000 0.000001 1.000000
vn 0.000000 0.000001 1.000000
vn 0.000000 0.000001 1.000000
vn 0.000000 0.000001 1.000000
vn 0.000000 0.000001 1.000000
vn 0.000000 0.000001 1.000000
vn 0.000000 0.000001 1.000000
vn 0.000000 0.000001 1.000000
vn 0.000000 0.000001 1.000000
vn 0.000000 0.000001 1.000000
vn 0.000000 0.000001 1.000000
vn 0.000000 0.000001 1.000000
vn 0.000000 0.000001 1.000000
s 1
g GRP_Fluorescent_Lights Backrooms_Level0_Master_GRP GRP_Lamp_FR Lamp_FR_Tube_2
f 1769/4003/5041 1770/4004/5042 1784/4019/5043 1783/4018/5044
f 1770/4004/5042 1771/4005/5045 1785/4020/5046 1784/4019/5043
f 1771/4005/5045 1772/4006/5047 1786/4021/5048 1785/4020/5046
f 1772/4006/5047 1773/4007/5049 1787/4022/5050 1786/4021/5048
f 1773/4007/5049 1774/4008/5051 1788/4023/5052 1787/4022/5050
f 1774/4008/5051 1775/4009/5053 1789/4024/5054 1788/4023/5052
f 1775/4009/5053 1776/4010/5055 1790/4025/5056 1789/4024/5054
f 1776/4010/5055 1777/4011/5057 1791/4026/5058 1790/4025/5056
f 1777/4011/5057 1778/4012/5059 1792/4027/5060 1791/4026/5058
f 1778/4012/5059 1779/4013/5061 1793/4028/5062 1792/4027/5060
f 1779/4013/5061 1780/4014/5063 1794/4029/5064 1793/4028/5062
f 1780/4014/5063 1781/4015/5065 1795/4030/5066 1794/4029/5064
f 1781/4015/5065 1782/4016/5067 1796/4031/5068 1795/4030/5066
f 1782/4016/5067 1769/4017/5041 1783/4032/5044 1796/4031/5068
s off
f 1769/3989/5069 1782/4002/5070 1781/4001/5071 1780/4000/5072 1779/3999/5073 1778/3998/5074 1777/3997/5075 1776/3996/5076 1775/3995/5077 1774/3994/5078 1773/3993/5079 1772/3992/5080 1771/3991/5081 1770/3990/5082
f 1783/4045/5083 1784/4044/5084 1785/4043/5085 1786/4042/5086 1787/4041/5087 1788/4040/5088 1789/4039/5089 1790/4038/5090 1791/4037/5091 1792/4036/5092 1793/4035/5093 1794/4034/5094 1795/4033/5095 1796/4046/5096
g default
v 187.671260 296.764048 -236.000000
v 187.310537 297.216381 -236.000000
v 186.789277 297.467406 -236.000000
v 186.210723 297.467406 -236.000000
v 185.689464 297.216381 -236.000000
v 185.328741 296.764049 -236.000000
v 185.200000 296.200000 -236.000000
v 185.328741 295.635951 -236.000000
v 185.689463 295.183619 -236.000000
v 186.210723 294.932594 -236.000000
v 186.789277 294.932594 -236.000000
v 187.310537 295.183619 -236.000000
v 187.671259 295.635951 -236.000000
v 187.800000 296.200000 -236.000000
v 187.671260 296.764048 -124.000000
v 187.310537 297.216381 -124.000000
v 186.789277 297.467406 -124.000000
v 186.210723 297.467406 -124.000000
v 185.689464 297.216381 -124.000000
v 185.328741 296.764049 -124.000000
v 185.200000 296.200000 -124.000000
v 185.328741 295.635951 -124.000000
v 185.689463 295.183619 -124.000000
v 186.210723 294.932594 -124.000000
v 186.789277 294.932594 -124.000000
v 187.310537 295.183619 -124.000000
v 187.671259 295.635951 -124.000000
v 187.800000 296.200000 -124.000000
vt 0.952364 0.070765
vt 0.813625 0.027271
vt 0.613140 0.003134
vt 0.390619 0.003134
vt 0.190135 0.027271
vt 0.051395 0.070765
vt 0.001880 0.125000
vt 0.051395 0.179235
vt 0.190135 0.222729
vt 0.390619 0.246866
vt 0.613140 0.246866
vt 0.813625 0.222729
vt 0.952364 0.179235
vt 1.001880 0.125000
vt 0.000000 0.250000
vt 0.071429 0.250000
vt 0.142857 0.250000
vt 0.214286 0.250000
vt 0.285714 0.250000
vt 0.357143 0.250000
vt 0.428571 0.250000
vt 0.500000 0.250000
vt 0.571429 0.250000
vt 0.642857 0.250000
vt 0.714286 0.250000
vt 0.785714 0.250000
vt 0.857143 0.250000
vt 0.928572 0.250000
vt 1.000000 0.250000
vt 0.000000 0.750000
vt 0.071429 0.750000
vt 0.142857 0.750000
vt 0.214286 0.750000
vt 0.285714 0.750000
vt 0.357143 0.750000
vt 0.428571 0.750000
vt 0.500000 0.750000
vt 0.571429 0.750000
vt 0.642857 0.750000
vt 0.714286 0.750000
vt 0.785714 0.750000
vt 0.857143 0.750000
vt 0.928572 0.750000
vt 1.000000 0.750000
vt 0.952364 0.820765
vt 0.813625 0.777271
vt 0.613140 0.753134
vt 0.390619 0.753134
vt 0.190135 0.777271
vt 0.051395 0.820765
vt 0.001880 0.875000
vt 0.051395 0.929235
vt 0.190135 0.972729
vt 0.390619 0.996866
vt 0.613140 0.996866
vt 0.813625 0.972729
vt 0.952364 0.929235
vt 1.001880 0.875000
vn 0.900969 0.433884 0.000000
vn 0.623490 0.781831 0.000000
vn 0.623490 0.781831 0.000000
vn 0.900969 0.433884 0.000000
vn 0.222521 0.974928 0.000000
vn 0.222521 0.974928 0.000000
vn -0.222521 0.974928 0.000000
vn -0.222521 0.974928 0.000000
vn -0.623490 0.781832 0.000000
vn -0.623490 0.781832 0.000000
vn -0.900969 0.433884 0.000000
vn -0.900969 0.433884 0.000000
vn -1.000000 0.000000 0.000000
vn -1.000000 0.000000 0.000000
vn -0.900969 -0.433884 0.000000
vn -0.900969 -0.433884 0.000000
vn -0.623490 -0.781831 0.000000
vn -0.623490 -0.781831 0.000000
vn -0.222521 -0.974928 0.000000
vn -0.222521 -0.974928 0.000000
vn 0.222521 -0.974928 0.000000
vn 0.222521 -0.974928 0.000000
vn 0.623490 -0.781832 0.000000
vn 0.623490 -0.781832 0.000000
vn 0.900969 -0.433884 0.000000
vn 0.900969 -0.433884 0.000000
vn 1.000000 -0.000000 0.000000
vn 1.000000 -0.000000 0.000000
vn 0.000000 -0.000002 -1.000000
vn 0.000000 -0.000002 -1.000000
vn 0.000000 -0.000002 -1.000000
vn 0.000000 -0.000002 -1.000000
vn 0.000000 -0.000002 -1.000000
vn 0.000000 -0.000002 -1.000000
vn 0.000000 -0.000002 -1.000000
vn 0.000000 -0.000002 -1.000000
vn 0.000000 -0.000002 -1.000000
vn 0.000000 -0.000002 -1.000000
vn 0.000000 -0.000002 -1.000000
vn 0.000000 -0.000002 -1.000000
vn 0.000000 -0.000002 -1.000000
vn 0.000000 -0.000002 -1.000000
vn 0.000000 0.000001 1.000000
vn 0.000000 0.000001 1.000000
vn 0.000000 0.000001 1.000000
vn 0.000000 0.000001 1.000000
vn 0.000000 0.000001 1.000000
vn 0.000000 0.000001 1.000000
vn 0.000000 0.000001 1.000000
vn 0.000000 0.000001 1.000000
vn 0.000000 0.000001 1.000000
vn 0.000000 0.000001 1.000000
vn 0.000000 0.000001 1.000000
vn 0.000000 0.000001 1.000000
vn 0.000000 0.000001 1.000000
vn 0.000000 0.000001 1.000000
s 1
g GRP_Fluorescent_Lights Backrooms_Level0_Master_GRP GRP_Lamp_FR Lamp_FR_Tube_2
f 1797/4061/5097 1798/4062/5098 1812/4077/5099 1811/4076/5100
f 1798/4062/5098 1799/4063/5101 1813/4078/5102 1812/4077/5099
f 1799/4063/5101 1800/4064/5103 1814/4079/5104 1813/4078/5102
f 1800/4064/5103 1801/4065/5105 1815/4080/5106 1814/4079/5104
f 1801/4065/5105 1802/4066/5107 1816/4081/5108 1815/4080/5106
f 1802/4066/5107 1803/4067/5109 1817/4082/5110 1816/4081/5108
f 1803/4067/5109 1804/4068/5111 1818/4083/5112 1817/4082/5110
f 1804/4068/5111 1805/4069/5113 1819/4084/5114 1818/4083/5112
f 1805/4069/5113 1806/4070/5115 1820/4085/5116 1819/4084/5114
f 1806/4070/5115 1807/4071/5117 1821/4086/5118 1820/4085/5116
f 1807/4071/5117 1808/4072/5119 1822/4087/5120 1821/4086/5118
f 1808/4072/5119 1809/4073/5121 1823/4088/5122 1822/4087/5120
f 1809/4073/5121 1810/4074/5123 1824/4089/5124 1823/4088/5122
f 1810/4074/5123 1797/4075/5097 1811/4090/5100 1824/4089/5124
s off
f 1797/4047/5125 1810/4060/5126 1809/4059/5127 1808/4058/5128 1807/4057/5129 1806/4056/5130 1805/4055/5131 1804/4054/5132 1803/4053/5133 1802/4052/5134 1801/4051/5135 1800/4050/5136 1799/4049/5137 1798/4048/5138
f 1811/4103/5139 1812/4102/5140 1813/4101/5141 1814/4100/5142 1815/4099/5143 1816/4098/5144 1817/4097/5145 1818/4096/5146 1819/4095/5147 1820/4094/5148 1821/4093/5149 1822/4092/5150 1823/4091/5151 1824/4104/5152
g default
v 187.794427 297.140457 -238.500000
v 186.994427 297.721691 -238.500000
v 186.005573 297.721691 -238.500000
v 185.205572 297.140456 -238.500000
v 184.900000 296.200000 -238.500000
v 185.205573 295.259543 -238.500000
v 186.005573 294.678309 -238.500000
v 186.994427 294.678310 -238.500000
v 187.794427 295.259544 -238.500000
v 188.100000 296.200000 -238.500000
v 187.794427 297.140457 -235.500000
v 186.994427 297.721691 -235.500000
v 186.005573 297.721691 -235.500000
v 185.205572 297.140456 -235.500000
v 184.900000 296.200000 -235.500000
v 185.205573 295.259543 -235.500000
v 186.005573 294.678309 -235.500000
v 186.994427 294.678310 -235.500000
v 187.794427 295.259544 -235.500000
v 188.100000 296.200000 -235.500000
vt 0.906388 0.051527
vt 0.656388 0.006118
vt 0.347371 0.006118
vt 0.097371 0.051527
vt 0.001880 0.125000
vt 0.097371 0.198473
vt 0.347371 0.243882
vt 0.656388 0.243882
vt 0.906388 0.198473
vt 1.001880 0.125000
vt 0.000000 0.250000
vt 0.100000 0.250000
vt 0.200000 0.250000
vt 0.300000 0.250000
vt 0.400000 0.250000
vt 0.500000 0.250000
vt 0.600000 0.250000
vt 0.700000 0.250000
vt 0.800000 0.250000
vt 0.900000 0.250000
vt 1.000000 0.250000
vt 0.000000 0.750000
vt 0.100000 0.750000
vt 0.200000 0.750000
vt 0.300000 0.750000
vt 0.400000 0.750000
vt 0.500000 0.750000
vt 0.600000 0.750000
vt 0.700000 0.750000
vt 0.800000 0.750000
vt 0.900000 0.750000
vt 1.000000 0.750000
vt 0.906388 0.801527
vt 0.656388 0.756118
vt 0.347371 0.756118
vt 0.097371 0.801527
vt 0.001880 0.875000
vt 0.097371 0.948473
vt 0.347371 0.993882
vt 0.656388 0.993882
vt 0.906388 0.948473
vt 1.001880 0.875000
vn 0.587785 0.809017 0.000000
vn 0.587785 0.809017 0.000000
vn 0.587785 0.809017 0.000000
vn 0.587785 0.809017 0.000000
vn 0.000000 1.000000 0.000000
vn 0.000000 1.000000 0.000000
vn 0.000000 1.000000 0.000000
vn 0.000000 1.000000 0.000000
vn -0.587785 0.809017 0.000000
vn -0.587785 0.809017 0.000000
vn -0.587785 0.809017 0.000000
vn -0.587785 0.809017 0.000000
vn -0.951057 0.309017 0.000000
vn -0.951057 0.309017 0.000000
vn -0.951057 0.309017 0.000000
vn -0.951057 0.309017 0.000000
vn -0.951056 -0.309017 0.000000
vn -0.951056 -0.309017 0.000000
vn -0.951056 -0.309017 0.000000
vn -0.951056 -0.309017 0.000000
vn -0.587785 -0.809017 0.000000
vn -0.587785 -0.809017 0.000000
vn -0.587785 -0.809017 0.000000
vn -0.587785 -0.809017 0.000000
vn 0.000000 -1.000000 0.000000
vn 0.000000 -1.000000 0.000000
vn 0.000000 -1.000000 0.000000
vn 0.000000 -1.000000 0.000000
vn 0.587785 -0.809017 0.000000
vn 0.587785 -0.809017 0.000000
vn 0.587785 -0.809017 0.000000
vn 0.587785 -0.809017 0.000000
vn 0.951057 -0.309017 0.000000
vn 0.951057 -0.309017 0.000000
vn 0.951057 -0.309017 0.000000
vn 0.951057 -0.309017 0.000000
vn 0.951057 0.309017 0.000000
vn 0.951057 0.309017 0.000000
vn 0.951057 0.309017 0.000000
vn 0.951057 0.309017 0.000000
vn 0.000000 -0.000000 -1.000000
vn 0.000000 -0.000000 -1.000000
vn 0.000000 -0.000000 -1.000000
vn 0.000000 -0.000000 -1.000000
vn 0.000000 -0.000000 -1.000000
vn 0.000000 -0.000000 -1.000000
vn 0.000000 -0.000000 -1.000000
vn 0.000000 -0.000000 -1.000000
vn 0.000000 -0.000000 -1.000000
vn 0.000000 -0.000000 -1.000000
vn 0.000000 -0.000000 1.000000
vn 0.000000 -0.000000 1.000000
vn 0.000000 -0.000000 1.000000
vn 0.000000 -0.000000 1.000000
vn 0.000000 -0.000000 1.000000
vn 0.000000 -0.000000 1.000000
vn 0.000000 -0.000000 1.000000
vn 0.000000 -0.000000 1.000000
vn 0.000000 -0.000000 1.000000
vn 0.000000 -0.000000 1.000000
s off
g GRP_Fluorescent_Lights Backrooms_Level0_Master_GRP GRP_Lamp_FR Lamp_FR_Cap_2_1
f 1825/4115/5153 1826/4116/5154 1836/4127/5155 1835/4126/5156
f 1826/4116/5157 1827/4117/5158 1837/4128/5159 1836/4127/5160
f 1827/4117/5161 1828/4118/5162 1838/4129/5163 1837/4128/5164
f 1828/4118/5165 1829/4119/5166 1839/4130/5167 1838/4129/5168
f 1829/4119/5169 1830/4120/5170 1840/4131/5171 1839/4130/5172
f 1830/4120/5173 1831/4121/5174 1841/4132/5175 1840/4131/5176
f 1831/4121/5177 1832/4122/5178 1842/4133/5179 1841/4132/5180
f 1832/4122/5181 1833/4123/5182 1843/4134/5183 1842/4133/5184
f 1833/4123/5185 1834/4124/5186 1844/4135/5187 1843/4134/5188
f 1834/4124/5189 1825/4125/5190 1835/4136/5191 1844/4135/5192
f 1825/4105/5193 1834/4114/5194 1833/4113/5195 1832/4112/5196 1831/4111/5197 1830/4110/5198 1829/4109/5199 1828/4108/5200 1827/4107/5201 1826/4106/5202
f 1835/4145/5203 1836/4144/5204 1837/4143/5205 1838/4142/5206 1839/4141/5207 1840/4140/5208 1841/4139/5209 1842/4138/5210 1843/4137/5211 1844/4146/5212
g default
v 187.794427 297.140457 -238.500000
v 186.994427 297.721691 -238.500000
v 186.005573 297.721691 -238.500000
v 185.205572 297.140456 -238.500000
v 184.900000 296.200000 -238.500000
v 185.205573 295.259543 -238.500000
v 186.005573 294.678309 -238.500000
v 186.994427 294.678310 -238.500000
v 187.794427 295.259544 -238.500000
v 188.100000 296.200000 -238.500000
v 187.794427 297.140457 -235.500000
v 186.994427 297.721691 -235.500000
v 186.005573 297.721691 -235.500000
v 185.205572 297.140456 -235.500000
v 184.900000 296.200000 -235.500000
v 185.205573 295.259543 -235.500000
v 186.005573 294.678309 -235.500000
v 186.994427 294.678310 -235.500000
v 187.794427 295.259544 -235.500000
v 188.100000 296.200000 -235.500000
vt 0.906388 0.051527
vt 0.656388 0.006118
vt 0.347371 0.006118
vt 0.097371 0.051527
vt 0.001880 0.125000
vt 0.097371 0.198473
vt 0.347371 0.243882
vt 0.656388 0.243882
vt 0.906388 0.198473
vt 1.001880 0.125000
vt 0.000000 0.250000
vt 0.100000 0.250000
vt 0.200000 0.250000
vt 0.300000 0.250000
vt 0.400000 0.250000
vt 0.500000 0.250000
vt 0.600000 0.250000
vt 0.700000 0.250000
vt 0.800000 0.250000
vt 0.900000 0.250000
vt 1.000000 0.250000
vt 0.000000 0.750000
vt 0.100000 0.750000
vt 0.200000 0.750000
vt 0.300000 0.750000
vt 0.400000 0.750000
vt 0.500000 0.750000
vt 0.600000 0.750000
vt 0.700000 0.750000
vt 0.800000 0.750000
vt 0.900000 0.750000
vt 1.000000 0.750000
vt 0.906388 0.801527
vt 0.656388 0.756118
vt 0.347371 0.756118
vt 0.097371 0.801527
vt 0.001880 0.875000
vt 0.097371 0.948473
vt 0.347371 0.993882
vt 0.656388 0.993882
vt 0.906388 0.948473
vt 1.001880 0.875000
vn 0.587785 0.809017 0.000000
vn 0.587785 0.809017 0.000000
vn 0.587785 0.809017 0.000000
vn 0.587785 0.809017 0.000000
vn 0.000000 1.000000 0.000000
vn 0.000000 1.000000 0.000000
vn 0.000000 1.000000 0.000000
vn 0.000000 1.000000 0.000000
vn -0.587785 0.809017 0.000000
vn -0.587785 0.809017 0.000000
vn -0.587785 0.809017 0.000000
vn -0.587785 0.809017 0.000000
vn -0.951057 0.309017 0.000000
vn -0.951057 0.309017 0.000000
vn -0.951057 0.309017 0.000000
vn -0.951057 0.309017 0.000000
vn -0.951056 -0.309017 0.000000
vn -0.951056 -0.309017 0.000000
vn -0.951056 -0.309017 0.000000
vn -0.951056 -0.309017 0.000000
vn -0.587785 -0.809017 0.000000
vn -0.587785 -0.809017 0.000000
vn -0.587785 -0.809017 0.000000
vn -0.587785 -0.809017 0.000000
vn 0.000000 -1.000000 0.000000
vn 0.000000 -1.000000 0.000000
vn 0.000000 -1.000000 0.000000
vn 0.000000 -1.000000 0.000000
vn 0.587785 -0.809017 0.000000
vn 0.587785 -0.809017 0.000000
vn 0.587785 -0.809017 0.000000
vn 0.587785 -0.809017 0.000000
vn 0.951057 -0.309017 0.000000
vn 0.951057 -0.309017 0.000000
vn 0.951057 -0.309017 0.000000
vn 0.951057 -0.309017 0.000000
vn 0.951057 0.309017 0.000000
vn 0.951057 0.309017 0.000000
vn 0.951057 0.309017 0.000000
vn 0.951057 0.309017 0.000000
vn 0.000000 -0.000000 -1.000000
vn 0.000000 -0.000000 -1.000000
vn 0.000000 -0.000000 -1.000000
vn 0.000000 -0.000000 -1.000000
vn 0.000000 -0.000000 -1.000000
vn 0.000000 -0.000000 -1.000000
vn 0.000000 -0.000000 -1.000000
vn 0.000000 -0.000000 -1.000000
vn 0.000000 -0.000000 -1.000000
vn 0.000000 -0.000000 -1.000000
vn 0.000000 -0.000000 1.000000
vn 0.000000 -0.000000 1.000000
vn 0.000000 -0.000000 1.000000
vn 0.000000 -0.000000 1.000000
vn 0.000000 -0.000000 1.000000
vn 0.000000 -0.000000 1.000000
vn 0.000000 -0.000000 1.000000
vn 0.000000 -0.000000 1.000000
vn 0.000000 -0.000000 1.000000
vn 0.000000 -0.000000 1.000000
s off
g GRP_Fluorescent_Lights Backrooms_Level0_Master_GRP GRP_Lamp_FR Lamp_FR_Cap_2_1
f 1845/4157/5213 1846/4158/5214 1856/4169/5215 1855/4168/5216
f 1846/4158/5217 1847/4159/5218 1857/4170/5219 1856/4169/5220
f 1847/4159/5221 1848/4160/5222 1858/4171/5223 1857/4170/5224
f 1848/4160/5225 1849/4161/5226 1859/4172/5227 1858/4171/5228
f 1849/4161/5229 1850/4162/5230 1860/4173/5231 1859/4172/5232
f 1850/4162/5233 1851/4163/5234 1861/4174/5235 1860/4173/5236
f 1851/4163/5237 1852/4164/5238 1862/4175/5239 1861/4174/5240
f 1852/4164/5241 1853/4165/5242 1863/4176/5243 1862/4175/5244
f 1853/4165/5245 1854/4166/5246 1864/4177/5247 1863/4176/5248
f 1854/4166/5249 1845/4167/5250 1855/4178/5251 1864/4177/5252
f 1845/4147/5253 1854/4156/5254 1853/4155/5255 1852/4154/5256 1851/4153/5257 1850/4152/5258 1849/4151/5259 1848/4150/5260 1847/4149/5261 1846/4148/5262
f 1855/4187/5263 1856/4186/5264 1857/4185/5265 1858/4184/5266 1859/4183/5267 1860/4182/5268 1861/4181/5269 1862/4180/5270 1863/4179/5271 1864/4188/5272
g default
v 187.794427 297.140457 -124.500000
v 186.994427 297.721691 -124.500000
v 186.005573 297.721691 -124.500000
v 185.205572 297.140456 -124.500000
v 184.900000 296.200000 -124.500000
v 185.205573 295.259543 -124.500000
v 186.005573 294.678309 -124.500000
v 186.994427 294.678310 -124.500000
v 187.794427 295.259544 -124.500000
v 188.100000 296.200000 -124.500000
v 187.794427 297.140457 -121.500000
v 186.994427 297.721691 -121.500000
v 186.005573 297.721691 -121.500000
v 185.205572 297.140456 -121.500000
v 184.900000 296.200000 -121.500000
v 185.205573 295.259543 -121.500000
v 186.005573 294.678309 -121.500000
v 186.994427 294.678310 -121.500000
v 187.794427 295.259544 -121.500000
v 188.100000 296.200000 -121.500000
vt 0.906388 0.051527
vt 0.656388 0.006118
vt 0.347371 0.006118
vt 0.097371 0.051527
vt 0.001880 0.125000
vt 0.097371 0.198473
vt 0.347371 0.243882
vt 0.656388 0.243882
vt 0.906388 0.198473
vt 1.001880 0.125000
vt 0.000000 0.250000
vt 0.100000 0.250000
vt 0.200000 0.250000
vt 0.300000 0.250000
vt 0.400000 0.250000
vt 0.500000 0.250000
vt 0.600000 0.250000
vt 0.700000 0.250000
vt 0.800000 0.250000
vt 0.900000 0.250000
vt 1.000000 0.250000
vt 0.000000 0.750000
vt 0.100000 0.750000
vt 0.200000 0.750000
vt 0.300000 0.750000
vt 0.400000 0.750000
vt 0.500000 0.750000
vt 0.600000 0.750000
vt 0.700000 0.750000
vt 0.800000 0.750000
vt 0.900000 0.750000
vt 1.000000 0.750000
vt 0.906388 0.801527
vt 0.656388 0.756118
vt 0.347371 0.756118
vt 0.097371 0.801527
vt 0.001880 0.875000
vt 0.097371 0.948473
vt 0.347371 0.993882
vt 0.656388 0.993882
vt 0.906388 0.948473
vt 1.001880 0.875000
vn 0.587785 0.809017 0.000000
vn 0.587785 0.809017 0.000000
vn 0.587785 0.809017 0.000000
vn 0.587785 0.809017 0.000000
vn 0.000000 1.000000 0.000000
vn 0.000000 1.000000 0.000000
vn 0.000000 1.000000 0.000000
vn 0.000000 1.000000 0.000000
vn -0.587785 0.809017 0.000000
vn -0.587785 0.809017 0.000000
vn -0.587785 0.809017 0.000000
vn -0.587785 0.809017 0.000000
vn -0.951057 0.309017 0.000000
vn -0.951057 0.309017 0.000000
vn -0.951057 0.309017 0.000000
vn -0.951057 0.309017 0.000000
vn -0.951056 -0.309017 0.000000
vn -0.951056 -0.309017 0.000000
vn -0.951056 -0.309017 0.000000
vn -0.951056 -0.309017 0.000000
vn -0.587785 -0.809017 0.000000
vn -0.587785 -0.809017 0.000000
vn -0.587785 -0.809017 0.000000
vn -0.587785 -0.809017 0.000000
vn 0.000000 -1.000000 0.000000
vn 0.000000 -1.000000 0.000000
vn 0.000000 -1.000000 0.000000
vn 0.000000 -1.000000 0.000000
vn 0.587785 -0.809017 0.000000
vn 0.587785 -0.809017 0.000000
vn 0.587785 -0.809017 0.000000
vn 0.587785 -0.809017 0.000000
vn 0.951057 -0.309017 0.000000
vn 0.951057 -0.309017 0.000000
vn 0.951057 -0.309017 0.000000
vn 0.951057 -0.309017 0.000000
vn 0.951057 0.309017 0.000000
vn 0.951057 0.309017 0.000000
vn 0.951057 0.309017 0.000000
vn 0.951057 0.309017 0.000000
vn 0.000000 -0.000000 -1.000000
vn 0.000000 -0.000000 -1.000000
vn 0.000000 -0.000000 -1.000000
vn 0.000000 -0.000000 -1.000000
vn 0.000000 -0.000000 -1.000000
vn 0.000000 -0.000000 -1.000000
vn 0.000000 -0.000000 -1.000000
vn 0.000000 -0.000000 -1.000000
vn 0.000000 -0.000000 -1.000000
vn 0.000000 -0.000000 -1.000000
vn 0.000000 -0.000000 1.000000
vn 0.000000 -0.000000 1.000000
vn 0.000000 -0.000000 1.000000
vn 0.000000 -0.000000 1.000000
vn 0.000000 -0.000000 1.000000
vn 0.000000 -0.000000 1.000000
vn 0.000000 -0.000000 1.000000
vn 0.000000 -0.000000 1.000000
vn 0.000000 -0.000000 1.000000
vn 0.000000 -0.000000 1.000000
s off
g GRP_Fluorescent_Lights Backrooms_Level0_Master_GRP GRP_Lamp_FR Lamp_FR_Cap_2_2
f 1865/4199/5273 1866/4200/5274 1876/4211/5275 1875/4210/5276
f 1866/4200/5277 1867/4201/5278 1877/4212/5279 1876/4211/5280
f 1867/4201/5281 1868/4202/5282 1878/4213/5283 1877/4212/5284
f 1868/4202/5285 1869/4203/5286 1879/4214/5287 1878/4213/5288
f 1869/4203/5289 1870/4204/5290 1880/4215/5291 1879/4214/5292
f 1870/4204/5293 1871/4205/5294 1881/4216/5295 1880/4215/5296
f 1871/4205/5297 1872/4206/5298 1882/4217/5299 1881/4216/5300
f 1872/4206/5301 1873/4207/5302 1883/4218/5303 1882/4217/5304
f 1873/4207/5305 1874/4208/5306 1884/4219/5307 1883/4218/5308
f 1874/4208/5309 1865/4209/5310 1875/4220/5311 1884/4219/5312
f 1865/4189/5313 1874/4198/5314 1873/4197/5315 1872/4196/5316 1871/4195/5317 1870/4194/5318 1869/4193/5319 1868/4192/5320 1867/4191/5321 1866/4190/5322
f 1875/4229/5323 1876/4228/5324 1877/4227/5325 1878/4226/5326 1879/4225/5327 1880/4224/5328 1881/4223/5329 1882/4222/5330 1883/4221/5331 1884/4230/5332
g default
v 187.794427 297.140457 -124.500000
v 186.994427 297.721691 -124.500000
v 186.005573 297.721691 -124.500000
v 185.205572 297.140456 -124.500000
v 184.900000 296.200000 -124.500000
v 185.205573 295.259543 -124.500000
v 186.005573 294.678309 -124.500000
v 186.994427 294.678310 -124.500000
v 187.794427 295.259544 -124.500000
v 188.100000 296.200000 -124.500000
v 187.794427 297.140457 -121.500000
v 186.994427 297.721691 -121.500000
v 186.005573 297.721691 -121.500000
v 185.205572 297.140456 -121.500000
v 184.900000 296.200000 -121.500000
v 185.205573 295.259543 -121.500000
v 186.005573 294.678309 -121.500000
v 186.994427 294.678310 -121.500000
v 187.794427 295.259544 -121.500000
v 188.100000 296.200000 -121.500000
vt 0.906388 0.051527
vt 0.656388 0.006118
vt 0.347371 0.006118
vt 0.097371 0.051527
vt 0.001880 0.125000
vt 0.097371 0.198473
vt 0.347371 0.243882
vt 0.656388 0.243882
vt 0.906388 0.198473
vt 1.001880 0.125000
vt 0.000000 0.250000
vt 0.100000 0.250000
vt 0.200000 0.250000
vt 0.300000 0.250000
vt 0.400000 0.250000
vt 0.500000 0.250000
vt 0.600000 0.250000
vt 0.700000 0.250000
vt 0.800000 0.250000
vt 0.900000 0.250000
vt 1.000000 0.250000
vt 0.000000 0.750000
vt 0.100000 0.750000
vt 0.200000 0.750000
vt 0.300000 0.750000
vt 0.400000 0.750000
vt 0.500000 0.750000
vt 0.600000 0.750000
vt 0.700000 0.750000
vt 0.800000 0.750000
vt 0.900000 0.750000
vt 1.000000 0.750000
vt 0.906388 0.801527
vt 0.656388 0.756118
vt 0.347371 0.756118
vt 0.097371 0.801527
vt 0.001880 0.875000
vt 0.097371 0.948473
vt 0.347371 0.993882
vt 0.656388 0.993882
vt 0.906388 0.948473
vt 1.001880 0.875000
vn 0.587785 0.809017 0.000000
vn 0.587785 0.809017 0.000000
vn 0.587785 0.809017 0.000000
vn 0.587785 0.809017 0.000000
vn 0.000000 1.000000 0.000000
vn 0.000000 1.000000 0.000000
vn 0.000000 1.000000 0.000000
vn 0.000000 1.000000 0.000000
vn -0.587785 0.809017 0.000000
vn -0.587785 0.809017 0.000000
vn -0.587785 0.809017 0.000000
vn -0.587785 0.809017 0.000000
vn -0.951057 0.309017 0.000000
vn -0.951057 0.309017 0.000000
vn -0.951057 0.309017 0.000000
vn -0.951057 0.309017 0.000000
vn -0.951056 -0.309017 0.000000
vn -0.951056 -0.309017 0.000000
vn -0.951056 -0.309017 0.000000
vn -0.951056 -0.309017 0.000000
vn -0.587785 -0.809017 0.000000
vn -0.587785 -0.809017 0.000000
vn -0.587785 -0.809017 0.000000
vn -0.587785 -0.809017 0.000000
vn 0.000000 -1.000000 0.000000
vn 0.000000 -1.000000 0.000000
vn 0.000000 -1.000000 0.000000
vn 0.000000 -1.000000 0.000000
vn 0.587785 -0.809017 0.000000
vn 0.587785 -0.809017 0.000000
vn 0.587785 -0.809017 0.000000
vn 0.587785 -0.809017 0.000000
vn 0.951057 -0.309017 0.000000
vn 0.951057 -0.309017 0.000000
vn 0.951057 -0.309017 0.000000
vn 0.951057 -0.309017 0.000000
vn 0.951057 0.309017 0.000000
vn 0.951057 0.309017 0.000000
vn 0.951057 0.309017 0.000000
vn 0.951057 0.309017 0.000000
vn 0.000000 -0.000000 -1.000000
vn 0.000000 -0.000000 -1.000000
vn 0.000000 -0.000000 -1.000000
vn 0.000000 -0.000000 -1.000000
vn 0.000000 -0.000000 -1.000000
vn 0.000000 -0.000000 -1.000000
vn 0.000000 -0.000000 -1.000000
vn 0.000000 -0.000000 -1.000000
vn 0.000000 -0.000000 -1.000000
vn 0.000000 -0.000000 -1.000000
vn 0.000000 -0.000000 1.000000
vn 0.000000 -0.000000 1.000000
vn 0.000000 -0.000000 1.000000
vn 0.000000 -0.000000 1.000000
vn 0.000000 -0.000000 1.000000
vn 0.000000 -0.000000 1.000000
vn 0.000000 -0.000000 1.000000
vn 0.000000 -0.000000 1.000000
vn 0.000000 -0.000000 1.000000
vn 0.000000 -0.000000 1.000000
s off
g GRP_Fluorescent_Lights Backrooms_Level0_Master_GRP GRP_Lamp_FR Lamp_FR_Cap_2_2
f 1885/4241/5333 1886/4242/5334 1896/4253/5335 1895/4252/5336
f 1886/4242/5337 1887/4243/5338 1897/4254/5339 1896/4253/5340
f 1887/4243/5341 1888/4244/5342 1898/4255/5343 1897/4254/5344
f 1888/4244/5345 1889/4245/5346 1899/4256/5347 1898/4255/5348
f 1889/4245/5349 1890/4246/5350 1900/4257/5351 1899/4256/5352
f 1890/4246/5353 1891/4247/5354 1901/4258/5355 1900/4257/5356
f 1891/4247/5357 1892/4248/5358 1902/4259/5359 1901/4258/5360
f 1892/4248/5361 1893/4249/5362 1903/4260/5363 1902/4259/5364
f 1893/4249/5365 1894/4250/5366 1904/4261/5367 1903/4260/5368
f 1894/4250/5369 1885/4251/5370 1895/4262/5371 1904/4261/5372
f 1885/4231/5373 1894/4240/5374 1893/4239/5375 1892/4238/5376 1891/4237/5377 1890/4236/5378 1889/4235/5379 1888/4234/5380 1887/4233/5381 1886/4232/5382
f 1895/4271/5383 1896/4270/5384 1897/4269/5385 1898/4268/5386 1899/4267/5387 1900/4266/5388 1901/4265/5389 1902/4264/5390 1903/4263/5391 1904/4272/5392
g default
v 165.000000 294.200000 -121.000000
v 195.000000 294.200000 -121.000000
v 165.000000 294.800000 -121.000000
v 195.000000 294.800000 -121.000000
v 165.000000 294.800000 -239.000000
v 195.000000 294.800000 -239.000000
v 165.000000 294.200000 -239.000000
v 195.000000 294.200000 -239.000000
vt 0.330000 0.000000
vt 0.663333 0.000000
vt 0.330000 0.250000
vt 0.663333 0.250000
vt 0.330000 0.500000
vt 0.663333 0.500000
vt 0.330000 0.750000
vt 0.663333 0.750000
vt 0.330000 1.000000
vt 0.663333 1.000000
vt 1.000000 0.000000
vt 1.000000 0.250000
vt 0.000000 0.000000
vt 0.000000 0.250000
vn 0.000000 0.000000 1.000000
vn 0.000000 0.000000 1.000000
vn 0.000000 0.000000 1.000000
vn 0.000000 0.000000 1.000000
vn 0.000000 1.000000 0.000000
vn 0.000000 1.000000 0.000000
vn 0.000000 1.000000 0.000000
vn 0.000000 1.000000 0.000000
vn 0.000000 0.000000 -1.000000
vn 0.000000 0.000000 -1.000000
vn 0.000000 0.000000 -1.000000
vn 0.000000 0.000000 -1.000000
vn 0.000000 -1.000000 0.000000
vn 0.000000 -1.000000 0.000000
vn 0.000000 -1.000000 0.000000
vn 0.000000 -1.000000 0.000000
vn 1.000000 0.000000 0.000000
vn 1.000000 0.000000 0.000000
vn 1.000000 0.000000 0.000000
vn 1.000000 0.000000 0.000000
vn -1.000000 0.000000 0.000000
vn -1.000000 0.000000 0.000000
vn -1.000000 0.000000 0.000000
vn -1.000000 0.000000 0.000000
s off
g GRP_Fluorescent_Lights Backrooms_Level0_Master_GRP GRP_Lamp_FR Lamp_FR_Diffuser
f 1905/4273/5393 1906/4274/5394 1908/4276/5395 1907/4275/5396
f 1907/4275/5397 1908/4276/5398 1910/4278/5399 1909/4277/5400
f 1909/4277/5401 1910/4278/5402 1912/4280/5403 1911/4279/5404
f 1911/4279/5405 1912/4280/5406 1906/4282/5407 1905/4281/5408
f 1906/4274/5409 1912/4283/5410 1910/4284/5411 1908/4276/5412
f 1911/4285/5413 1905/4273/5414 1907/4275/5415 1909/4286/5416
g default
v 165.000000 294.200000 -121.000000
v 195.000000 294.200000 -121.000000
v 165.000000 294.800000 -121.000000
v 195.000000 294.800000 -121.000000
v 165.000000 294.800000 -239.000000
v 195.000000 294.800000 -239.000000
v 165.000000 294.200000 -239.000000
v 195.000000 294.200000 -239.000000
vt 0.330000 0.000000
vt 0.663333 0.000000
vt 0.330000 0.250000
vt 0.663333 0.250000
vt 0.330000 0.500000
vt 0.663333 0.500000
vt 0.330000 0.750000
vt 0.663333 0.750000
vt 0.330000 1.000000
vt 0.663333 1.000000
vt 1.000000 0.000000
vt 1.000000 0.250000
vt 0.000000 0.000000
vt 0.000000 0.250000
vn 0.000000 0.000000 1.000000
vn 0.000000 0.000000 1.000000
vn 0.000000 0.000000 1.000000
vn 0.000000 0.000000 1.000000
vn 0.000000 1.000000 0.000000
vn 0.000000 1.000000 0.000000
vn 0.000000 1.000000 0.000000
vn 0.000000 1.000000 0.000000
vn 0.000000 0.000000 -1.000000
vn 0.000000 0.000000 -1.000000
vn 0.000000 0.000000 -1.000000
vn 0.000000 0.000000 -1.000000
vn 0.000000 -1.000000 0.000000
vn 0.000000 -1.000000 0.000000
vn 0.000000 -1.000000 0.000000
vn 0.000000 -1.000000 0.000000
vn 1.000000 0.000000 0.000000
vn 1.000000 0.000000 0.000000
vn 1.000000 0.000000 0.000000
vn 1.000000 0.000000 0.000000
vn -1.000000 0.000000 0.000000
vn -1.000000 0.000000 0.000000
vn -1.000000 0.000000 0.000000
vn -1.000000 0.000000 0.000000
s off
g GRP_Fluorescent_Lights Backrooms_Level0_Master_GRP GRP_Lamp_FR Lamp_FR_Diffuser
f 1913/4287/5417 1914/4288/5418 1916/4290/5419 1915/4289/5420
f 1915/4289/5421 1916/4290/5422 1918/4292/5423 1917/4291/5424
f 1917/4291/5425 1918/4292/5426 1920/4294/5427 1919/4293/5428
f 1919/4293/5429 1920/4294/5430 1914/4296/5431 1913/4295/5432
f 1914/4288/5433 1920/4297/5434 1918/4298/5435 1916/4290/5436
f 1919/4299/5437 1913/4287/5438 1915/4289/5439 1917/4300/5440
g default
v -196.953142 294.046858 241.840015
v -196.840015 294.000000 241.840015
v -196.840015 294.046858 241.953140
v -196.840015 294.159984 242.000000
v -196.953142 294.159984 241.953140
v -197.000000 294.159984 241.840015
v -163.046858 294.046858 241.840015
v -163.000000 294.159984 241.840015
v -163.046858 294.159984 241.953140
v -163.159985 294.159984 242.000000
v -163.159985 294.046858 241.953140
v -163.159985 294.000000 241.840015
v -196.953142 301.953142 241.840015
v -197.000000 301.840016 241.840015
v -196.953142 301.840016 241.953140
v -196.840015 301.840016 242.000000
v -196.840015 301.953142 241.953140
v -196.840015 302.000000 241.840015
v -163.046858 301.953142 241.840015
v -163.159985 302.000000 241.840015
v -163.159985 301.953142 241.953140
v -163.159985 301.840016 242.000000
v -163.046858 301.840016 241.953140
v -163.000000 301.840016 241.840015
v -196.953142 301.840016 118.046860
v -197.000000 301.840016 118.159985
v -196.953142 301.953142 118.159985
v -196.840015 302.000000 118.159985
v -196.840015 301.953142 118.046860
v -196.840015 301.840016 118.000000
v -163.046858 301.840016 118.046860
v -163.159985 301.840016 118.000000
v -163.159985 301.953142 118.046860
v -163.159985 302.000000 118.159985
v -163.046858 301.953142 118.159985
v -163.000000 301.840016 118.159985
v -196.953142 294.046858 118.159985
v -197.000000 294.159984 118.159985
v -196.953142 294.159984 118.046860
v -196.840015 294.159984 118.000000
v -196.840015 294.046858 118.046860
v -196.840015 294.000000 118.159985
v -163.046858 294.046858 118.159985
v -163.159985 294.000000 118.159985
v -163.159985 294.046858 118.046860
v -163.159985 294.159984 118.000000
v -163.046858 294.159984 118.046860
v -163.000000 294.159984 118.159985
vt 0.331569 0.999677
vt 0.331568 0.750323
vt 0.329574 0.005000
vt 0.000426 0.005000
vt 0.331568 0.004999
vt 0.661765 0.005000
vt 0.331569 0.999677
vt 0.661765 0.999677
vt 0.329574 0.005000
vt 0.329574 0.245000
vt 0.331568 0.004999
vt 0.331569 0.245000
vt 0.663768 0.005000
vt 0.999566 0.005000
vt 0.661765 0.999677
vt 0.661765 0.750323
vt 0.661765 0.005000
vt 0.661765 0.245000
vt 0.663768 0.005000
vt 0.663768 0.245000
vt 0.329574 0.245000
vt 0.000426 0.245000
vt 0.331568 0.250323
vt 0.331569 0.499677
vt 0.331568 0.250323
vt 0.661765 0.250323
vt 0.331569 0.245000
vt 0.661765 0.245000
vt 0.661765 0.250323
vt 0.661765 0.499677
vt 0.663768 0.245000
vt 0.999566 0.245000
vt 0.000426 0.245000
vt 0.000426 0.005000
vt 0.331568 0.504999
vt 0.331569 0.745000
vt 0.331568 0.504999
vt 0.661765 0.505000
vt 0.331569 0.499677
vt 0.661765 0.499677
vt 0.661765 0.505000
vt 0.661765 0.745000
vt 0.999566 0.245000
vt 0.999566 0.005000
vt 0.331568 0.750323
vt 0.661765 0.750323
vt 0.331569 0.745000
vt 0.661765 0.745000
vt 0.331568 0.004999
vt 0.661765 0.005000
vt 0.661765 0.245000
vt 0.331569 0.245000
vt 0.331568 0.250323
vt 0.661765 0.250323
vt 0.661765 0.499677
vt 0.331569 0.499677
vt 0.331568 0.504999
vt 0.661765 0.505000
vt 0.661765 0.745000
vt 0.331569 0.745000
vt 0.331568 0.750323
vt 0.661765 0.750323
vt 0.661765 0.999677
vt 0.331569 0.999677
vt 0.663768 0.005000
vt 0.999566 0.005000
vt 0.999566 0.245000
vt 0.663768 0.245000
vt 0.000426 0.005000
vt 0.329574 0.005000
vt 0.329574 0.245000
vt 0.000426 0.245000
vt 0.331568 0.000000
vt 0.331568 0.004999
vt 0.329574 0.005000
vt 0.663768 0.005000
vt 0.661765 0.005000
vt 0.661765 0.000000
vt 0.329574 0.245000
vt 0.331569 0.245000
vt 0.331568 0.250323
vt 0.661765 0.250323
vt 0.661765 0.245000
vt 0.663768 0.245000
vt 0.330000 0.499677
vt 0.331569 0.499677
vt 0.331568 0.504999
vt 0.661765 0.505000
vt 0.661765 0.499677
vt 0.663333 0.499677
vt 0.330000 0.745000
vt 0.331569 0.745000
vt 0.331568 0.750323
vt 0.661765 0.750323
vt 0.661765 0.745000
vt 0.663333 0.745000
vt 0.331241 0.000005
vt 0.331567 0.999426
vt 0.332760 0.000000
vt 0.332760 0.999677
vt 0.330571 0.005058
vt 0.662099 0.000005
vt 0.661766 0.999426
vt 0.662754 0.005011
vt 0.660573 0.999677
vt 0.660573 0.000000
vt 0.330000 0.250000
vt 0.330572 0.244989
vt 0.331573 0.247662
vt 0.663333 0.250000
vt 0.661764 0.247663
vt 0.662766 0.244942
vt 0.330000 0.503468
vt 0.000426 0.241292
vt 0.330000 0.499431
vt 0.000752 0.245005
vt 0.331573 0.502338
vt 0.663333 0.503468
vt 0.999566 0.241292
vt 0.661764 0.502337
vt 0.999233 0.245005
vt 0.663333 0.499431
vt 0.000753 0.004995
vt 0.330002 0.745252
vt 0.330000 0.741210
vt 0.000426 0.008708
vt 0.331573 0.747662
vt 0.663332 0.745252
vt 0.999232 0.004995
vt 0.661764 0.747653
vt 0.999566 0.008708
vt 0.663333 0.741210
vn -0.382683 -0.923880 0.000000
vn -0.382683 -0.923880 0.000000
vn -0.382683 -0.923880 0.000000
vn -0.382683 -0.923880 0.000000
vn -0.923880 -0.382682 0.000000
vn -0.923880 -0.382682 0.000000
vn -0.923880 -0.382682 0.000000
vn -0.923880 -0.382682 0.000000
vn 0.000000 -0.382693 0.923876
vn 0.000000 -0.382693 0.923876
vn 0.000000 -0.382693 0.923876
vn 0.000000 -0.382693 0.923876
vn 0.000000 -0.923879 0.382686
vn 0.000000 -0.923879 0.382686
vn 0.000000 -0.923879 0.382686
vn 0.000000 -0.923879 0.382686
vn -0.923880 0.000000 0.382682
vn -0.923880 0.000000 0.382682
vn -0.923880 0.000000 0.382682
vn -0.923880 0.000000 0.382682
vn -0.382672 0.000000 0.923884
vn -0.382672 0.000000 0.923884
vn -0.382672 0.000000 0.923884
vn -0.382672 0.000000 0.923884
vn 0.923880 -0.382682 0.000000
vn 0.923880 -0.382682 0.000000
vn 0.923880 -0.382682 0.000000
vn 0.923880 -0.382682 0.000000
vn 0.382683 -0.923880 0.000000
vn 0.382683 -0.923880 0.000000
vn 0.382683 -0.923880 0.000000
vn 0.382683 -0.923880 0.000000
vn 0.382672 0.000000 0.923884
vn 0.382672 0.000000 0.923884
vn 0.382672 0.000000 0.923884
vn 0.382672 0.000000 0.923884
vn 0.923880 0.000000 0.382682
vn 0.923880 0.000000 0.382682
vn 0.923880 0.000000 0.382682
vn 0.923880 0.000000 0.382682
vn -0.923880 0.382682 0.000000
vn -0.923880 0.382682 0.000000
vn -0.923880 0.382682 0.000000
vn -0.923880 0.382682 0.000000
vn -0.382683 0.923880 0.000000
vn -0.382683 0.923880 0.000000
vn -0.382683 0.923880 0.000000
vn -0.382683 0.923880 0.000000
vn 0.000000 0.923879 0.382686
vn 0.000000 0.923879 0.382686
vn 0.000000 0.923879 0.382686
vn 0.000000 0.923879 0.382686
vn 0.000000 0.382693 0.923876
vn 0.000000 0.382693 0.923876
vn 0.000000 0.382693 0.923876
vn 0.000000 0.382693 0.923876
vn 0.382683 0.923880 0.000000
vn 0.382683 0.923880 0.000000
vn 0.382683 0.923880 0.000000
vn 0.382683 0.923880 0.000000
vn 0.923880 0.382682 0.000000
vn 0.923880 0.382682 0.000000
vn 0.923880 0.382682 0.000000
vn 0.923880 0.382682 0.000000
vn -0.923880 0.000000 -0.382682
vn -0.923880 0.000000 -0.382682
vn -0.923880 0.000000 -0.382682
vn -0.923880 0.000000 -0.382682
vn -0.382672 0.000000 -0.923884
vn -0.382672 0.000000 -0.923884
vn -0.382672 0.000000 -0.923884
vn -0.382672 0.000000 -0.923884
vn 0.000000 0.382693 -0.923876
vn 0.000000 0.382693 -0.923876
vn 0.000000 0.382693 -0.923876
vn 0.000000 0.382693 -0.923876
vn 0.000000 0.923879 -0.382686
vn 0.000000 0.923879 -0.382686
vn 0.000000 0.923879 -0.382686
vn 0.000000 0.923879 -0.382686
vn 0.382672 0.000000 -0.923884
vn 0.382672 0.000000 -0.923884
vn 0.382672 0.000000 -0.923884
vn 0.382672 0.000000 -0.923884
vn 0.923880 0.000000 -0.382682
vn 0.923880 0.000000 -0.382682
vn 0.923880 0.000000 -0.382682
vn 0.923880 0.000000 -0.382682
vn 0.000000 -0.923879 -0.382686
vn 0.000000 -0.923879 -0.382686
vn 0.000000 -0.923879 -0.382686
vn 0.000000 -0.923879 -0.382686
vn 0.000000 -0.382693 -0.923876
vn 0.000000 -0.382693 -0.923876
vn 0.000000 -0.382693 -0.923876
vn 0.000000 -0.382693 -0.923876
vn 0.000000 0.000000 1.000000
vn 0.000000 0.000000 1.000000
vn 0.000000 0.000000 1.000000
vn 0.000000 0.000000 1.000000
vn 0.000000 1.000000 0.000000
vn 0.000000 1.000000 0.000000
vn 0.000000 1.000000 0.000000
vn 0.000000 1.000000 0.000000
vn 0.000000 0.000000 -1.000000
vn 0.000000 0.000000 -1.000000
vn 0.000000 0.000000 -1.000000
vn 0.000000 0.000000 -1.000000
vn 0.000000 -1.000000 0.000000
vn 0.000000 -1.000000 0.000000
vn 0.000000 -1.000000 0.000000
vn 0.000000 -1.000000 0.000000
vn 1.000000 0.000000 0.000000
vn 1.000000 0.000000 0.000000
vn 1.000000 0.000000 0.000000
vn 1.000000 0.000000 0.000000
vn -1.000000 0.000000 0.000000
vn -1.000000 0.000000 0.000000
vn -1.000000 0.000000 0.000000
vn -1.000000 0.000000 0.000000
vn -0.577340 -0.577355 0.577357
vn -0.577340 -0.577355 0.577357
vn -0.577340 -0.577355 0.577357
vn -0.577340 -0.577355 0.577357
vn -0.577340 -0.577355 0.577357
vn -0.577340 -0.577355 0.577357
vn 0.577341 -0.577352 0.577358
vn 0.577341 -0.577352 0.577358
vn 0.577341 -0.577352 0.577358
vn 0.577341 -0.577352 0.577358
vn 0.577341 -0.577352 0.577358
vn 0.577341 -0.577352 0.577358
vn -0.577341 0.577352 0.577358
vn -0.577341 0.577352 0.577358
vn -0.577341 0.577352 0.577358
vn -0.577341 0.577352 0.577358
vn -0.577341 0.577352 0.577358
vn -0.577341 0.577352 0.577358
vn 0.577340 0.577355 0.577357
vn 0.577340 0.577355 0.577357
vn 0.577340 0.577355 0.577357
vn 0.577340 0.577355 0.577357
vn 0.577340 0.577355 0.577357
vn 0.577340 0.577355 0.577357
vn -0.577330 0.577358 -0.577362
vn -0.577330 0.577359 -0.577362
vn -0.577330 0.577359 -0.577362
vn -0.577330 0.577359 -0.577362
vn -0.577330 0.577359 -0.577362
vn -0.577330 0.577359 -0.577362
vn 0.577350 0.577350 -0.577352
vn 0.577350 0.577350 -0.577352
vn 0.577350 0.577350 -0.577352
vn 0.577350 0.577350 -0.577352
vn 0.577350 0.577350 -0.577352
vn 0.577350 0.577350 -0.577352
vn -0.577341 -0.577352 -0.577358
vn -0.577341 -0.577352 -0.577358
vn -0.577341 -0.577352 -0.577358
vn -0.577341 -0.577352 -0.577358
vn -0.577341 -0.577352 -0.577358
vn -0.577341 -0.577352 -0.577358
vn 0.577340 -0.577355 -0.577357
vn 0.577340 -0.577355 -0.577357
vn 0.577340 -0.577355 -0.577357
vn 0.577340 -0.577355 -0.577357
vn 0.577340 -0.577355 -0.577357
vn 0.577340 -0.577355 -0.577357
s off
g GRP_Fluorescent_Lights Backrooms_Level0_Master_GRP Lamp_BL_Housing GRP_Lamp_BL
f 1922/4307/5441 1921/4398/5442 1957/4424/5443 1962/4361/5444
f 1921/4397/5445 1926/4370/5446 1958/4334/5447 1957/4423/5448
f 1924/4311/5449 1923/4399/5450 1931/4406/5451 1930/4350/5452
f 1923/4400/5453 1922/4307/5454 1932/4315/5455 1931/4405/5456
f 1926/4370/5457 1925/4401/5458 1935/4408/5459 1934/4371/5460
f 1925/4401/5461 1924/4311/5462 1936/4327/5463 1935/4408/5464
f 1928/4319/5465 1927/4402/5466 1963/4429/5467 1968/4344/5468
f 1927/4403/5469 1932/4315/5470 1964/4346/5471 1963/4428/5472
f 1930/4350/5473 1929/4404/5474 1943/4412/5475 1942/4328/5476
f 1929/4404/5477 1928/4319/5478 1944/4331/5479 1943/4412/5480
f 1934/4371/5481 1933/4407/5482 1947/4416/5483 1946/4372/5484
f 1933/4407/5485 1938/4353/5486 1948/4339/5487 1947/4415/5488
f 1938/4353/5489 1937/4409/5490 1941/4411/5491 1940/4354/5492
f 1937/4409/5493 1936/4327/5494 1942/4328/5495 1941/4411/5496
f 1940/4354/5497 1939/4410/5498 1955/4422/5499 1954/4340/5500
f 1939/4410/5501 1944/4331/5502 1956/4343/5503 1955/4421/5504
f 1946/4372/5505 1945/4414/5506 1959/4426/5507 1958/4334/5508
f 1945/4413/5509 1950/4357/5510 1960/4347/5511 1959/4425/5512
f 1950/4357/5513 1949/4417/5514 1953/4420/5515 1952/4358/5516
f 1949/4417/5517 1948/4339/5518 1954/4340/5519 1953/4420/5520
f 1952/4358/5521 1951/4418/5522 1967/4432/5523 1966/4348/5524
f 1951/4419/5525 1956/4343/5526 1968/4344/5527 1967/4431/5528
f 1962/4361/5529 1961/4427/5530 1965/4430/5531 1964/4346/5532
f 1961/4427/5533 1960/4347/5534 1966/4348/5535 1965/4430/5536
f 1924/4311/5537 1930/4350/5538 1942/4328/5539 1936/4327/5540
f 1938/4353/5541 1940/4354/5542 1954/4340/5543 1948/4339/5544
f 1950/4357/5545 1952/4358/5546 1966/4348/5547 1960/4347/5548
f 1962/4361/5549 1964/4346/5550 1932/4315/5551 1922/4307/5552
f 1928/4319/5553 1968/4344/5554 1956/4343/5555 1944/4331/5556
f 1958/4334/5557 1926/4370/5558 1934/4371/5559 1946/4372/5560
f 1921/4397/5561 1922/4373/5562 1923/4399/5563 1924/4311/5564 1925/4401/5565 1926/4370/5566
f 1927/4402/5567 1928/4319/5568 1929/4404/5569 1930/4350/5570 1931/4406/5571 1932/4378/5572
f 1933/4407/5573 1934/4371/5574 1935/4408/5575 1936/4327/5576 1937/4409/5577 1938/4353/5578
f 1939/4410/5579 1940/4354/5580 1941/4411/5581 1942/4328/5582 1943/4412/5583 1944/4331/5584
f 1945/4413/5585 1946/4385/5586 1947/4415/5587 1948/4339/5588 1949/4417/5589 1950/4357/5590
f 1951/4418/5591 1952/4358/5592 1953/4420/5593 1954/4340/5594 1955/4422/5595 1956/4390/5596
f 1957/4424/5597 1958/4391/5598 1959/4425/5599 1960/4347/5600 1961/4427/5601 1962/4361/5602
f 1963/4428/5603 1964/4346/5604 1965/4430/5605 1966/4348/5606 1967/4432/5607 1968/4396/5608
g default
v -185.328740 296.764048 124.000000
v -185.689463 297.216381 124.000000
v -186.210723 297.467406 124.000000
v -186.789277 297.467406 124.000000
v -187.310536 297.216381 124.000000
v -187.671259 296.764049 124.000000
v -187.800000 296.200000 124.000000
v -187.671259 295.635951 124.000000
v -187.310537 295.183619 124.000000
v -186.789277 294.932594 124.000000
v -186.210723 294.932594 124.000000
v -185.689463 295.183619 124.000000
v -185.328741 295.635951 124.000000
v -185.200000 296.200000 124.000000
v -185.328740 296.764048 236.000000
v -185.689463 297.216381 236.000000
v -186.210723 297.467406 236.000000
v -186.789277 297.467406 236.000000
v -187.310536 297.216381 236.000000
v -187.671259 296.764049 236.000000
v -187.800000 296.200000 236.000000
v -187.671259 295.635951 236.000000
v -187.310537 295.183619 236.000000
v -186.789277 294.932594 236.000000
v -186.210723 294.932594 236.000000
v -185.689463 295.183619 236.000000
v -185.328741 295.635951 236.000000
v -185.200000 296.200000 236.000000
vt 0.952364 0.070765
vt 0.813625 0.027271
vt 0.613140 0.003134
vt 0.390619 0.003134
vt 0.190135 0.027271
vt 0.051395 0.070765
vt 0.001880 0.125000
vt 0.051395 0.179235
vt 0.190135 0.222729
vt 0.390619 0.246866
vt 0.613140 0.246866
vt 0.813625 0.222729
vt 0.952364 0.179235
vt 1.001880 0.125000
vt 0.000000 0.250000
vt 0.071429 0.250000
vt 0.142857 0.250000
vt 0.214286 0.250000
vt 0.285714 0.250000
vt 0.357143 0.250000
vt 0.428571 0.250000
vt 0.500000 0.250000
vt 0.571429 0.250000
vt 0.642857 0.250000
vt 0.714286 0.250000
vt 0.785714 0.250000
vt 0.857143 0.250000
vt 0.928572 0.250000
vt 1.000000 0.250000
vt 0.000000 0.750000
vt 0.071429 0.750000
vt 0.142857 0.750000
vt 0.214286 0.750000
vt 0.285714 0.750000
vt 0.357143 0.750000
vt 0.428571 0.750000
vt 0.500000 0.750000
vt 0.571429 0.750000
vt 0.642857 0.750000
vt 0.714286 0.750000
vt 0.785714 0.750000
vt 0.857143 0.750000
vt 0.928572 0.750000
vt 1.000000 0.750000
vt 0.952364 0.820765
vt 0.813625 0.777271
vt 0.613140 0.753134
vt 0.390619 0.753134
vt 0.190135 0.777271
vt 0.051395 0.820765
vt 0.001880 0.875000
vt 0.051395 0.929235
vt 0.190135 0.972729
vt 0.390619 0.996866
vt 0.613140 0.996866
vt 0.813625 0.972729
vt 0.952364 0.929235
vt 1.001880 0.875000
vn 0.900969 0.433884 0.000000
vn 0.623490 0.781831 0.000000
vn 0.623490 0.781831 0.000000
vn 0.900969 0.433884 0.000000
vn 0.222521 0.974928 0.000000
vn 0.222521 0.974928 0.000000
vn -0.222521 0.974928 0.000000
vn -0.222521 0.974928 0.000000
vn -0.623490 0.781832 0.000000
vn -0.623490 0.781832 0.000000
vn -0.900969 0.433884 0.000000
vn -0.900969 0.433884 0.000000
vn -1.000000 0.000000 0.000000
vn -1.000000 0.000000 0.000000
vn -0.900969 -0.433884 0.000000
vn -0.900969 -0.433884 0.000000
vn -0.623490 -0.781831 0.000000
vn -0.623490 -0.781831 0.000000
vn -0.222521 -0.974928 0.000000
vn -0.222521 -0.974928 0.000000
vn 0.222521 -0.974928 0.000000
vn 0.222521 -0.974928 0.000000
vn 0.623490 -0.781832 0.000000
vn 0.623490 -0.781832 0.000000
vn 0.900969 -0.433884 0.000000
vn 0.900969 -0.433884 0.000000
vn 1.000000 -0.000000 0.000000
vn 1.000000 -0.000000 0.000000
vn 0.000000 -0.000002 -1.000000
vn 0.000000 -0.000002 -1.000000
vn 0.000000 -0.000002 -1.000000
vn 0.000000 -0.000002 -1.000000
vn 0.000000 -0.000002 -1.000000
vn 0.000000 -0.000002 -1.000000
vn 0.000000 -0.000002 -1.000000
vn 0.000000 -0.000002 -1.000000
vn 0.000000 -0.000002 -1.000000
vn 0.000000 -0.000002 -1.000000
vn 0.000000 -0.000002 -1.000000
vn 0.000000 -0.000002 -1.000000
vn 0.000000 -0.000002 -1.000000
vn 0.000000 -0.000002 -1.000000
vn 0.000000 0.000001 1.000000
vn 0.000000 0.000001 1.000000
vn 0.000000 0.000001 1.000000
vn 0.000000 0.000001 1.000000
vn 0.000000 0.000001 1.000000
vn 0.000000 0.000001 1.000000
vn 0.000000 0.000001 1.000000
vn 0.000000 0.000001 1.000000
vn 0.000000 0.000001 1.000000
vn 0.000000 0.000001 1.000000
vn 0.000000 0.000001 1.000000
vn 0.000000 0.000001 1.000000
vn 0.000000 0.000001 1.000000
vn 0.000000 0.000001 1.000000
s 1
g GRP_Fluorescent_Lights Backrooms_Level0_Master_GRP GRP_Lamp_BL Lamp_BL_Tube_1
f 1969/4447/5609 1970/4448/5610 1984/4463/5611 1983/4462/5612
f 1970/4448/5610 1971/4449/5613 1985/4464/5614 1984/4463/5611
f 1971/4449/5613 1972/4450/5615 1986/4465/5616 1985/4464/5614
f 1972/4450/5615 1973/4451/5617 1987/4466/5618 1986/4465/5616
f 1973/4451/5617 1974/4452/5619 1988/4467/5620 1987/4466/5618
f 1974/4452/5619 1975/4453/5621 1989/4468/5622 1988/4467/5620
f 1975/4453/5621 1976/4454/5623 1990/4469/5624 1989/4468/5622
f 1976/4454/5623 1977/4455/5625 1991/4470/5626 1990/4469/5624
f 1977/4455/5625 1978/4456/5627 1992/4471/5628 1991/4470/5626
f 1978/4456/5627 1979/4457/5629 1993/4472/5630 1992/4471/5628
f 1979/4457/5629 1980/4458/5631 1994/4473/5632 1993/4472/5630
f 1980/4458/5631 1981/4459/5633 1995/4474/5634 1994/4473/5632
f 1981/4459/5633 1982/4460/5635 1996/4475/5636 1995/4474/5634
f 1982/4460/5635 1969/4461/5609 1983/4476/5612 1996/4475/5636
s off
f 1969/4433/5637 1982/4446/5638 1981/4445/5639 1980/4444/5640 1979/4443/5641 1978/4442/5642 1977/4441/5643 1976/4440/5644 1975/4439/5645 1974/4438/5646 1973/4437/5647 1972/4436/5648 1971/4435/5649 1970/4434/5650
f 1983/4489/5651 1984/4488/5652 1985/4487/5653 1986/4486/5654 1987/4485/5655 1988/4484/5656 1989/4483/5657 1990/4482/5658 1991/4481/5659 1992/4480/5660 1993/4479/5661 1994/4478/5662 1995/4477/5663 1996/4490/5664
g default
v -185.205573 297.140457 121.500000
v -186.005573 297.721691 121.500000
v -186.994427 297.721691 121.500000
v -187.794428 297.140456 121.500000
v -188.100000 296.200000 121.500000
v -187.794427 295.259543 121.500000
v -186.994427 294.678309 121.500000
v -186.005573 294.678310 121.500000
v -185.205573 295.259544 121.500000
v -184.900000 296.200000 121.500000
v -185.205573 297.140457 124.500000
v -186.005573 297.721691 124.500000
v -186.994427 297.721691 124.500000
v -187.794428 297.140456 124.500000
v -188.100000 296.200000 124.500000
v -187.794427 295.259543 124.500000
v -186.994427 294.678309 124.500000
v -186.005573 294.678310 124.500000
v -185.205573 295.259544 124.500000
v -184.900000 296.200000 124.500000
vt 0.906388 0.051527
vt 0.656388 0.006118
vt 0.347371 0.006118
vt 0.097371 0.051527
vt 0.001880 0.125000
vt 0.097371 0.198473
vt 0.347371 0.243882
vt 0.656388 0.243882
vt 0.906388 0.198473
vt 1.001880 0.125000
vt 0.000000 0.250000
vt 0.100000 0.250000
vt 0.200000 0.250000
vt 0.300000 0.250000
vt 0.400000 0.250000
vt 0.500000 0.250000
vt 0.600000 0.250000
vt 0.700000 0.250000
vt 0.800000 0.250000
vt 0.900000 0.250000
vt 1.000000 0.250000
vt 0.000000 0.750000
vt 0.100000 0.750000
vt 0.200000 0.750000
vt 0.300000 0.750000
vt 0.400000 0.750000
vt 0.500000 0.750000
vt 0.600000 0.750000
vt 0.700000 0.750000
vt 0.800000 0.750000
vt 0.900000 0.750000
vt 1.000000 0.750000
vt 0.906388 0.801527
vt 0.656388 0.756118
vt 0.347371 0.756118
vt 0.097371 0.801527
vt 0.001880 0.875000
vt 0.097371 0.948473
vt 0.347371 0.993882
vt 0.656388 0.993882
vt 0.906388 0.948473
vt 1.001880 0.875000
vn 0.587785 0.809017 0.000000
vn 0.587785 0.809017 0.000000
vn 0.587785 0.809017 0.000000
vn 0.587785 0.809017 0.000000
vn 0.000000 1.000000 0.000000
vn 0.000000 1.000000 0.000000
vn 0.000000 1.000000 0.000000
vn 0.000000 1.000000 0.000000
vn -0.587785 0.809017 0.000000
vn -0.587785 0.809017 0.000000
vn -0.587785 0.809017 0.000000
vn -0.587785 0.809017 0.000000
vn -0.951057 0.309017 0.000000
vn -0.951057 0.309017 0.000000
vn -0.951057 0.309017 0.000000
vn -0.951057 0.309017 0.000000
vn -0.951056 -0.309017 0.000000
vn -0.951056 -0.309017 0.000000
vn -0.951056 -0.309017 0.000000
vn -0.951056 -0.309017 0.000000
vn -0.587785 -0.809017 0.000000
vn -0.587785 -0.809017 0.000000
vn -0.587785 -0.809017 0.000000
vn -0.587785 -0.809017 0.000000
vn 0.000000 -1.000000 0.000000
vn 0.000000 -1.000000 0.000000
vn 0.000000 -1.000000 0.000000
vn 0.000000 -1.000000 0.000000
vn 0.587785 -0.809017 0.000000
vn 0.587785 -0.809017 0.000000
vn 0.587785 -0.809017 0.000000
vn 0.587785 -0.809017 0.000000
vn 0.951057 -0.309017 0.000000
vn 0.951057 -0.309017 0.000000
vn 0.951057 -0.309017 0.000000
vn 0.951057 -0.309017 0.000000
vn 0.951057 0.309017 0.000000
vn 0.951057 0.309017 0.000000
vn 0.951057 0.309017 0.000000
vn 0.951057 0.309017 0.000000
vn 0.000000 -0.000000 -1.000000
vn 0.000000 -0.000000 -1.000000
vn 0.000000 -0.000000 -1.000000
vn 0.000000 -0.000000 -1.000000
vn 0.000000 -0.000000 -1.000000
vn 0.000000 -0.000000 -1.000000
vn 0.000000 -0.000000 -1.000000
vn 0.000000 -0.000000 -1.000000
vn 0.000000 -0.000000 -1.000000
vn 0.000000 -0.000000 -1.000000
vn 0.000000 -0.000000 1.000000
vn 0.000000 -0.000000 1.000000
vn 0.000000 -0.000000 1.000000
vn 0.000000 -0.000000 1.000000
vn 0.000000 -0.000000 1.000000
vn 0.000000 -0.000000 1.000000
vn 0.000000 -0.000000 1.000000
vn 0.000000 -0.000000 1.000000
vn 0.000000 -0.000000 1.000000
vn 0.000000 -0.000000 1.000000
s off
g GRP_Fluorescent_Lights Backrooms_Level0_Master_GRP GRP_Lamp_BL Lamp_BL_Cap_1_1
f 1997/4501/5665 1998/4502/5666 2008/4513/5667 2007/4512/5668
f 1998/4502/5669 1999/4503/5670 2009/4514/5671 2008/4513/5672
f 1999/4503/5673 2000/4504/5674 2010/4515/5675 2009/4514/5676
f 2000/4504/5677 2001/4505/5678 2011/4516/5679 2010/4515/5680
f 2001/4505/5681 2002/4506/5682 2012/4517/5683 2011/4516/5684
f 2002/4506/5685 2003/4507/5686 2013/4518/5687 2012/4517/5688
f 2003/4507/5689 2004/4508/5690 2014/4519/5691 2013/4518/5692
f 2004/4508/5693 2005/4509/5694 2015/4520/5695 2014/4519/5696
f 2005/4509/5697 2006/4510/5698 2016/4521/5699 2015/4520/5700
f 2006/4510/5701 1997/4511/5702 2007/4522/5703 2016/4521/5704
f 1997/4491/5705 2006/4500/5706 2005/4499/5707 2004/4498/5708 2003/4497/5709 2002/4496/5710 2001/4495/5711 2000/4494/5712 1999/4493/5713 1998/4492/5714
f 2007/4531/5715 2008/4530/5716 2009/4529/5717 2010/4528/5718 2011/4527/5719 2012/4526/5720 2013/4525/5721 2014/4524/5722 2015/4523/5723 2016/4532/5724
g default
v -185.205573 297.140457 235.500000
v -186.005573 297.721691 235.500000
v -186.994427 297.721691 235.500000
v -187.794428 297.140456 235.500000
v -188.100000 296.200000 235.500000
v -187.794427 295.259543 235.500000
v -186.994427 294.678309 235.500000
v -186.005573 294.678310 235.500000
v -185.205573 295.259544 235.500000
v -184.900000 296.200000 235.500000
v -185.205573 297.140457 238.500000
v -186.005573 297.721691 238.500000
v -186.994427 297.721691 238.500000
v -187.794428 297.140456 238.500000
v -188.100000 296.200000 238.500000
v -187.794427 295.259543 238.500000
v -186.994427 294.678309 238.500000
v -186.005573 294.678310 238.500000
v -185.205573 295.259544 238.500000
v -184.900000 296.200000 238.500000
vt 0.906388 0.051527
vt 0.656388 0.006118
vt 0.347371 0.006118
vt 0.097371 0.051527
vt 0.001880 0.125000
vt 0.097371 0.198473
vt 0.347371 0.243882
vt 0.656388 0.243882
vt 0.906388 0.198473
vt 1.001880 0.125000
vt 0.000000 0.250000
vt 0.100000 0.250000
vt 0.200000 0.250000
vt 0.300000 0.250000
vt 0.400000 0.250000
vt 0.500000 0.250000
vt 0.600000 0.250000
vt 0.700000 0.250000
vt 0.800000 0.250000
vt 0.900000 0.250000
vt 1.000000 0.250000
vt 0.000000 0.750000
vt 0.100000 0.750000
vt 0.200000 0.750000
vt 0.300000 0.750000
vt 0.400000 0.750000
vt 0.500000 0.750000
vt 0.600000 0.750000
vt 0.700000 0.750000
vt 0.800000 0.750000
vt 0.900000 0.750000
vt 1.000000 0.750000
vt 0.906388 0.801527
vt 0.656388 0.756118
vt 0.347371 0.756118
vt 0.097371 0.801527
vt 0.001880 0.875000
vt 0.097371 0.948473
vt 0.347371 0.993882
vt 0.656388 0.993882
vt 0.906388 0.948473
vt 1.001880 0.875000
vn 0.587785 0.809017 0.000000
vn 0.587785 0.809017 0.000000
vn 0.587785 0.809017 0.000000
vn 0.587785 0.809017 0.000000
vn 0.000000 1.000000 0.000000
vn 0.000000 1.000000 0.000000
vn 0.000000 1.000000 0.000000
vn 0.000000 1.000000 0.000000
vn -0.587785 0.809017 0.000000
vn -0.587785 0.809017 0.000000
vn -0.587785 0.809017 0.000000
vn -0.587785 0.809017 0.000000
vn -0.951057 0.309017 0.000000
vn -0.951057 0.309017 0.000000
vn -0.951057 0.309017 0.000000
vn -0.951057 0.309017 0.000000
vn -0.951056 -0.309017 0.000000
vn -0.951056 -0.309017 0.000000
vn -0.951056 -0.309017 0.000000
vn -0.951056 -0.309017 0.000000
vn -0.587785 -0.809017 0.000000
vn -0.587785 -0.809017 0.000000
vn -0.587785 -0.809017 0.000000
vn -0.587785 -0.809017 0.000000
vn 0.000000 -1.000000 0.000000
vn 0.000000 -1.000000 0.000000
vn 0.000000 -1.000000 0.000000
vn 0.000000 -1.000000 0.000000
vn 0.587785 -0.809017 0.000000
vn 0.587785 -0.809017 0.000000
vn 0.587785 -0.809017 0.000000
vn 0.587785 -0.809017 0.000000
vn 0.951057 -0.309017 0.000000
vn 0.951057 -0.309017 0.000000
vn 0.951057 -0.309017 0.000000
vn 0.951057 -0.309017 0.000000
vn 0.951057 0.309017 0.000000
vn 0.951057 0.309017 0.000000
vn 0.951057 0.309017 0.000000
vn 0.951057 0.309017 0.000000
vn 0.000000 -0.000000 -1.000000
vn 0.000000 -0.000000 -1.000000
vn 0.000000 -0.000000 -1.000000
vn 0.000000 -0.000000 -1.000000
vn 0.000000 -0.000000 -1.000000
vn 0.000000 -0.000000 -1.000000
vn 0.000000 -0.000000 -1.000000
vn 0.000000 -0.000000 -1.000000
vn 0.000000 -0.000000 -1.000000
vn 0.000000 -0.000000 -1.000000
vn 0.000000 -0.000000 1.000000
vn 0.000000 -0.000000 1.000000
vn 0.000000 -0.000000 1.000000
vn 0.000000 -0.000000 1.000000
vn 0.000000 -0.000000 1.000000
vn 0.000000 -0.000000 1.000000
vn 0.000000 -0.000000 1.000000
vn 0.000000 -0.000000 1.000000
vn 0.000000 -0.000000 1.000000
vn 0.000000 -0.000000 1.000000
s off
g GRP_Fluorescent_Lights Backrooms_Level0_Master_GRP GRP_Lamp_BL Lamp_BL_Cap_1_2
f 2017/4543/5725 2018/4544/5726 2028/4555/5727 2027/4554/5728
f 2018/4544/5729 2019/4545/5730 2029/4556/5731 2028/4555/5732
f 2019/4545/5733 2020/4546/5734 2030/4557/5735 2029/4556/5736
f 2020/4546/5737 2021/4547/5738 2031/4558/5739 2030/4557/5740
f 2021/4547/5741 2022/4548/5742 2032/4559/5743 2031/4558/5744
f 2022/4548/5745 2023/4549/5746 2033/4560/5747 2032/4559/5748
f 2023/4549/5749 2024/4550/5750 2034/4561/5751 2033/4560/5752
f 2024/4550/5753 2025/4551/5754 2035/4562/5755 2034/4561/5756
f 2025/4551/5757 2026/4552/5758 2036/4563/5759 2035/4562/5760
f 2026/4552/5761 2017/4553/5762 2027/4564/5763 2036/4563/5764
f 2017/4533/5765 2026/4542/5766 2025/4541/5767 2024/4540/5768 2023/4539/5769 2022/4538/5770 2021/4537/5771 2020/4536/5772 2019/4535/5773 2018/4534/5774
f 2027/4573/5775 2028/4572/5776 2029/4571/5777 2030/4570/5778 2031/4569/5779 2032/4568/5780 2033/4567/5781 2034/4566/5782 2035/4565/5783 2036/4574/5784
g default
v -172.328740 296.764048 124.000000
v -172.689463 297.216381 124.000000
v -173.210723 297.467406 124.000000
v -173.789277 297.467406 124.000000
v -174.310536 297.216381 124.000000
v -174.671259 296.764049 124.000000
v -174.800000 296.200000 124.000000
v -174.671259 295.635951 124.000000
v -174.310537 295.183619 124.000000
v -173.789277 294.932594 124.000000
v -173.210723 294.932594 124.000000
v -172.689463 295.183619 124.000000
v -172.328741 295.635951 124.000000
v -172.200000 296.200000 124.000000
v -172.328740 296.764048 236.000000
v -172.689463 297.216381 236.000000
v -173.210723 297.467406 236.000000
v -173.789277 297.467406 236.000000
v -174.310536 297.216381 236.000000
v -174.671259 296.764049 236.000000
v -174.800000 296.200000 236.000000
v -174.671259 295.635951 236.000000
v -174.310537 295.183619 236.000000
v -173.789277 294.932594 236.000000
v -173.210723 294.932594 236.000000
v -172.689463 295.183619 236.000000
v -172.328741 295.635951 236.000000
v -172.200000 296.200000 236.000000
vt 0.952364 0.070765
vt 0.813625 0.027271
vt 0.613140 0.003134
vt 0.390619 0.003134
vt 0.190135 0.027271
vt 0.051395 0.070765
vt 0.001880 0.125000
vt 0.051395 0.179235
vt 0.190135 0.222729
vt 0.390619 0.246866
vt 0.613140 0.246866
vt 0.813625 0.222729
vt 0.952364 0.179235
vt 1.001880 0.125000
vt 0.000000 0.250000
vt 0.071429 0.250000
vt 0.142857 0.250000
vt 0.214286 0.250000
vt 0.285714 0.250000
vt 0.357143 0.250000
vt 0.428571 0.250000
vt 0.500000 0.250000
vt 0.571429 0.250000
vt 0.642857 0.250000
vt 0.714286 0.250000
vt 0.785714 0.250000
vt 0.857143 0.250000
vt 0.928572 0.250000
vt 1.000000 0.250000
vt 0.000000 0.750000
vt 0.071429 0.750000
vt 0.142857 0.750000
vt 0.214286 0.750000
vt 0.285714 0.750000
vt 0.357143 0.750000
vt 0.428571 0.750000
vt 0.500000 0.750000
vt 0.571429 0.750000
vt 0.642857 0.750000
vt 0.714286 0.750000
vt 0.785714 0.750000
vt 0.857143 0.750000
vt 0.928572 0.750000
vt 1.000000 0.750000
vt 0.952364 0.820765
vt 0.813625 0.777271
vt 0.613140 0.753134
vt 0.390619 0.753134
vt 0.190135 0.777271
vt 0.051395 0.820765
vt 0.001880 0.875000
vt 0.051395 0.929235
vt 0.190135 0.972729
vt 0.390619 0.996866
vt 0.613140 0.996866
vt 0.813625 0.972729
vt 0.952364 0.929235
vt 1.001880 0.875000
vn 0.900969 0.433884 0.000000
vn 0.623490 0.781831 0.000000
vn 0.623490 0.781831 0.000000
vn 0.900969 0.433884 0.000000
vn 0.222521 0.974928 0.000000
vn 0.222521 0.974928 0.000000
vn -0.222521 0.974928 0.000000
vn -0.222521 0.974928 0.000000
vn -0.623490 0.781832 0.000000
vn -0.623490 0.781832 0.000000
vn -0.900969 0.433884 0.000000
vn -0.900969 0.433884 0.000000
vn -1.000000 0.000000 0.000000
vn -1.000000 0.000000 0.000000
vn -0.900969 -0.433884 0.000000
vn -0.900969 -0.433884 0.000000
vn -0.623490 -0.781831 0.000000
vn -0.623490 -0.781831 0.000000
vn -0.222521 -0.974928 0.000000
vn -0.222521 -0.974928 0.000000
vn 0.222521 -0.974928 0.000000
vn 0.222521 -0.974928 0.000000
vn 0.623490 -0.781832 0.000000
vn 0.623490 -0.781832 0.000000
vn 0.900969 -0.433884 0.000000
vn 0.900969 -0.433884 0.000000
vn 1.000000 -0.000000 0.000000
vn 1.000000 -0.000000 0.000000
vn 0.000000 -0.000002 -1.000000
vn 0.000000 -0.000002 -1.000000
vn 0.000000 -0.000002 -1.000000
vn 0.000000 -0.000002 -1.000000
vn 0.000000 -0.000002 -1.000000
vn 0.000000 -0.000002 -1.000000
vn 0.000000 -0.000002 -1.000000
vn 0.000000 -0.000002 -1.000000
vn 0.000000 -0.000002 -1.000000
vn 0.000000 -0.000002 -1.000000
vn 0.000000 -0.000002 -1.000000
vn 0.000000 -0.000002 -1.000000
vn 0.000000 -0.000002 -1.000000
vn 0.000000 -0.000002 -1.000000
vn 0.000000 0.000001 1.000000
vn 0.000000 0.000001 1.000000
vn 0.000000 0.000001 1.000000
vn 0.000000 0.000001 1.000000
vn 0.000000 0.000001 1.000000
vn 0.000000 0.000001 1.000000
vn 0.000000 0.000001 1.000000
vn 0.000000 0.000001 1.000000
vn 0.000000 0.000001 1.000000
vn 0.000000 0.000001 1.000000
vn 0.000000 0.000001 1.000000
vn 0.000000 0.000001 1.000000
vn 0.000000 0.000001 1.000000
vn 0.000000 0.000001 1.000000
s 1
g GRP_Fluorescent_Lights Backrooms_Level0_Master_GRP GRP_Lamp_BL Lamp_BL_Tube_2
f 2037/4589/5785 2038/4590/5786 2052/4605/5787 2051/4604/5788
f 2038/4590/5786 2039/4591/5789 2053/4606/5790 2052/4605/5787
f 2039/4591/5789 2040/4592/5791 2054/4607/5792 2053/4606/5790
f 2040/4592/5791 2041/4593/5793 2055/4608/5794 2054/4607/5792
f 2041/4593/5793 2042/4594/5795 2056/4609/5796 2055/4608/5794
f 2042/4594/5795 2043/4595/5797 2057/4610/5798 2056/4609/5796
f 2043/4595/5797 2044/4596/5799 2058/4611/5800 2057/4610/5798
f 2044/4596/5799 2045/4597/5801 2059/4612/5802 2058/4611/5800
f 2045/4597/5801 2046/4598/5803 2060/4613/5804 2059/4612/5802
f 2046/4598/5803 2047/4599/5805 2061/4614/5806 2060/4613/5804
f 2047/4599/5805 2048/4600/5807 2062/4615/5808 2061/4614/5806
f 2048/4600/5807 2049/4601/5809 2063/4616/5810 2062/4615/5808
f 2049/4601/5809 2050/4602/5811 2064/4617/5812 2063/4616/5810
f 2050/4602/5811 2037/4603/5785 2051/4618/5788 2064/4617/5812
s off
f 2037/4575/5813 2050/4588/5814 2049/4587/5815 2048/4586/5816 2047/4585/5817 2046/4584/5818 2045/4583/5819 2044/4582/5820 2043/4581/5821 2042/4580/5822 2041/4579/5823 2040/4578/5824 2039/4577/5825 2038/4576/5826
f 2051/4631/5827 2052/4630/5828 2053/4629/5829 2054/4628/5830 2055/4627/5831 2056/4626/5832 2057/4625/5833 2058/4624/5834 2059/4623/5835 2060/4622/5836 2061/4621/5837 2062/4620/5838 2063/4619/5839 2064/4632/5840
g default
v -172.205573 297.140457 121.500000
v -173.005573 297.721691 121.500000
v -173.994427 297.721691 121.500000
v -174.794428 297.140456 121.500000
v -175.100000 296.200000 121.500000
v -174.794427 295.259543 121.500000
v -173.994427 294.678309 121.500000
v -173.005573 294.678310 121.500000
v -172.205573 295.259544 121.500000
v -171.900000 296.200000 121.500000
v -172.205573 297.140457 124.500000
v -173.005573 297.721691 124.500000
v -173.994427 297.721691 124.500000
v -174.794428 297.140456 124.500000
v -175.100000 296.200000 124.500000
v -174.794427 295.259543 124.500000
v -173.994427 294.678309 124.500000
v -173.005573 294.678310 124.500000
v -172.205573 295.259544 124.500000
v -171.900000 296.200000 124.500000
vt 0.906388 0.051527
vt 0.656388 0.006118
vt 0.347371 0.006118
vt 0.097371 0.051527
vt 0.001880 0.125000
vt 0.097371 0.198473
vt 0.347371 0.243882
vt 0.656388 0.243882
vt 0.906388 0.198473
vt 1.001880 0.125000
vt 0.000000 0.250000
vt 0.100000 0.250000
vt 0.200000 0.250000
vt 0.300000 0.250000
vt 0.400000 0.250000
vt 0.500000 0.250000
vt 0.600000 0.250000
vt 0.700000 0.250000
vt 0.800000 0.250000
vt 0.900000 0.250000
vt 1.000000 0.250000
vt 0.000000 0.750000
vt 0.100000 0.750000
vt 0.200000 0.750000
vt 0.300000 0.750000
vt 0.400000 0.750000
vt 0.500000 0.750000
vt 0.600000 0.750000
vt 0.700000 0.750000
vt 0.800000 0.750000
vt 0.900000 0.750000
vt 1.000000 0.750000
vt 0.906388 0.801527
vt 0.656388 0.756118
vt 0.347371 0.756118
vt 0.097371 0.801527
vt 0.001880 0.875000
vt 0.097371 0.948473
vt 0.347371 0.993882
vt 0.656388 0.993882
vt 0.906388 0.948473
vt 1.001880 0.875000
vn 0.587785 0.809017 0.000000
vn 0.587785 0.809017 0.000000
vn 0.587785 0.809017 0.000000
vn 0.587785 0.809017 0.000000
vn 0.000000 1.000000 0.000000
vn 0.000000 1.000000 0.000000
vn 0.000000 1.000000 0.000000
vn 0.000000 1.000000 0.000000
vn -0.587785 0.809017 0.000000
vn -0.587785 0.809017 0.000000
vn -0.587785 0.809017 0.000000
vn -0.587785 0.809017 0.000000
vn -0.951057 0.309017 0.000000
vn -0.951057 0.309017 0.000000
vn -0.951057 0.309017 0.000000
vn -0.951057 0.309017 0.000000
vn -0.951056 -0.309017 0.000000
vn -0.951056 -0.309017 0.000000
vn -0.951056 -0.309017 0.000000
vn -0.951056 -0.309017 0.000000
vn -0.587785 -0.809017 0.000000
vn -0.587785 -0.809017 0.000000
vn -0.587785 -0.809017 0.000000
vn -0.587785 -0.809017 0.000000
vn 0.000000 -1.000000 0.000000
vn 0.000000 -1.000000 0.000000
vn 0.000000 -1.000000 0.000000
vn 0.000000 -1.000000 0.000000
vn 0.587785 -0.809017 0.000000
vn 0.587785 -0.809017 0.000000
vn 0.587785 -0.809017 0.000000
vn 0.587785 -0.809017 0.000000
vn 0.951057 -0.309017 0.000000
vn 0.951057 -0.309017 0.000000
vn 0.951057 -0.309017 0.000000
vn 0.951057 -0.309017 0.000000
vn 0.951057 0.309017 0.000000
vn 0.951057 0.309017 0.000000
vn 0.951057 0.309017 0.000000
vn 0.951057 0.309017 0.000000
vn 0.000000 -0.000000 -1.000000
vn 0.000000 -0.000000 -1.000000
vn 0.000000 -0.000000 -1.000000
vn 0.000000 -0.000000 -1.000000
vn 0.000000 -0.000000 -1.000000
vn 0.000000 -0.000000 -1.000000
vn 0.000000 -0.000000 -1.000000
vn 0.000000 -0.000000 -1.000000
vn 0.000000 -0.000000 -1.000000
vn 0.000000 -0.000000 -1.000000
vn 0.000000 -0.000000 1.000000
vn 0.000000 -0.000000 1.000000
vn 0.000000 -0.000000 1.000000
vn 0.000000 -0.000000 1.000000
vn 0.000000 -0.000000 1.000000
vn 0.000000 -0.000000 1.000000
vn 0.000000 -0.000000 1.000000
vn 0.000000 -0.000000 1.000000
vn 0.000000 -0.000000 1.000000
vn 0.000000 -0.000000 1.000000
s off
g GRP_Fluorescent_Lights Backrooms_Level0_Master_GRP GRP_Lamp_BL Lamp_BL_Cap_2_1
f 2065/4643/5841 2066/4644/5842 2076/4655/5843 2075/4654/5844
f 2066/4644/5845 2067/4645/5846 2077/4656/5847 2076/4655/5848
f 2067/4645/5849 2068/4646/5850 2078/4657/5851 2077/4656/5852
f 2068/4646/5853 2069/4647/5854 2079/4658/5855 2078/4657/5856
f 2069/4647/5857 2070/4648/5858 2080/4659/5859 2079/4658/5860
f 2070/4648/5861 2071/4649/5862 2081/4660/5863 2080/4659/5864
f 2071/4649/5865 2072/4650/5866 2082/4661/5867 2081/4660/5868
f 2072/4650/5869 2073/4651/5870 2083/4662/5871 2082/4661/5872
f 2073/4651/5873 2074/4652/5874 2084/4663/5875 2083/4662/5876
f 2074/4652/5877 2065/4653/5878 2075/4664/5879 2084/4663/5880
f 2065/4633/5881 2074/4642/5882 2073/4641/5883 2072/4640/5884 2071/4639/5885 2070/4638/5886 2069/4637/5887 2068/4636/5888 2067/4635/5889 2066/4634/5890
f 2075/4673/5891 2076/4672/5892 2077/4671/5893 2078/4670/5894 2079/4669/5895 2080/4668/5896 2081/4667/5897 2082/4666/5898 2083/4665/5899 2084/4674/5900
g default
v -172.205573 297.140457 235.500000
v -173.005573 297.721691 235.500000
v -173.994427 297.721691 235.500000
v -174.794428 297.140456 235.500000
v -175.100000 296.200000 235.500000
v -174.794427 295.259543 235.500000
v -173.994427 294.678309 235.500000
v -173.005573 294.678310 235.500000
v -172.205573 295.259544 235.500000
v -171.900000 296.200000 235.500000
v -172.205573 297.140457 238.500000
v -173.005573 297.721691 238.500000
v -173.994427 297.721691 238.500000
v -174.794428 297.140456 238.500000
v -175.100000 296.200000 238.500000
v -174.794427 295.259543 238.500000
v -173.994427 294.678309 238.500000
v -173.005573 294.678310 238.500000
v -172.205573 295.259544 238.500000
v -171.900000 296.200000 238.500000
vt 0.906388 0.051527
vt 0.656388 0.006118
vt 0.347371 0.006118
vt 0.097371 0.051527
vt 0.001880 0.125000
vt 0.097371 0.198473
vt 0.347371 0.243882
vt 0.656388 0.243882
vt 0.906388 0.198473
vt 1.001880 0.125000
vt 0.000000 0.250000
vt 0.100000 0.250000
vt 0.200000 0.250000
vt 0.300000 0.250000
vt 0.400000 0.250000
vt 0.500000 0.250000
vt 0.600000 0.250000
vt 0.700000 0.250000
vt 0.800000 0.250000
vt 0.900000 0.250000
vt 1.000000 0.250000
vt 0.000000 0.750000
vt 0.100000 0.750000
vt 0.200000 0.750000
vt 0.300000 0.750000
vt 0.400000 0.750000
vt 0.500000 0.750000
vt 0.600000 0.750000
vt 0.700000 0.750000
vt 0.800000 0.750000
vt 0.900000 0.750000
vt 1.000000 0.750000
vt 0.906388 0.801527
vt 0.656388 0.756118
vt 0.347371 0.756118
vt 0.097371 0.801527
vt 0.001880 0.875000
vt 0.097371 0.948473
vt 0.347371 0.993882
vt 0.656388 0.993882
vt 0.906388 0.948473
vt 1.001880 0.875000
vn 0.587785 0.809017 0.000000
vn 0.587785 0.809017 0.000000
vn 0.587785 0.809017 0.000000
vn 0.587785 0.809017 0.000000
vn 0.000000 1.000000 0.000000
vn 0.000000 1.000000 0.000000
vn 0.000000 1.000000 0.000000
vn 0.000000 1.000000 0.000000
vn -0.587785 0.809017 0.000000
vn -0.587785 0.809017 0.000000
vn -0.587785 0.809017 0.000000
vn -0.587785 0.809017 0.000000
vn -0.951057 0.309017 0.000000
vn -0.951057 0.309017 0.000000
vn -0.951057 0.309017 0.000000
vn -0.951057 0.309017 0.000000
vn -0.951056 -0.309017 0.000000
vn -0.951056 -0.309017 0.000000
vn -0.951056 -0.309017 0.000000
vn -0.951056 -0.309017 0.000000
vn -0.587785 -0.809017 0.000000
vn -0.587785 -0.809017 0.000000
vn -0.587785 -0.809017 0.000000
vn -0.587785 -0.809017 0.000000
vn 0.000000 -1.000000 0.000000
vn 0.000000 -1.000000 0.000000
vn 0.000000 -1.000000 0.000000
vn 0.000000 -1.000000 0.000000
vn 0.587785 -0.809017 0.000000
vn 0.587785 -0.809017 0.000000
vn 0.587785 -0.809017 0.000000
vn 0.587785 -0.809017 0.000000
vn 0.951057 -0.309017 0.000000
vn 0.951057 -0.309017 0.000000
vn 0.951057 -0.309017 0.000000
vn 0.951057 -0.309017 0.000000
vn 0.951057 0.309017 0.000000
vn 0.951057 0.309017 0.000000
vn 0.951057 0.309017 0.000000
vn 0.951057 0.309017 0.000000
vn 0.000000 -0.000000 -1.000000
vn 0.000000 -0.000000 -1.000000
vn 0.000000 -0.000000 -1.000000
vn 0.000000 -0.000000 -1.000000
vn 0.000000 -0.000000 -1.000000
vn 0.000000 -0.000000 -1.000000
vn 0.000000 -0.000000 -1.000000
vn 0.000000 -0.000000 -1.000000
vn 0.000000 -0.000000 -1.000000
vn 0.000000 -0.000000 -1.000000
vn 0.000000 -0.000000 1.000000
vn 0.000000 -0.000000 1.000000
vn 0.000000 -0.000000 1.000000
vn 0.000000 -0.000000 1.000000
vn 0.000000 -0.000000 1.000000
vn 0.000000 -0.000000 1.000000
vn 0.000000 -0.000000 1.000000
vn 0.000000 -0.000000 1.000000
vn 0.000000 -0.000000 1.000000
vn 0.000000 -0.000000 1.000000
s off
g GRP_Fluorescent_Lights Backrooms_Level0_Master_GRP GRP_Lamp_BL Lamp_BL_Cap_2_2
f 2085/4685/5901 2086/4686/5902 2096/4697/5903 2095/4696/5904
f 2086/4686/5905 2087/4687/5906 2097/4698/5907 2096/4697/5908
f 2087/4687/5909 2088/4688/5910 2098/4699/5911 2097/4698/5912
f 2088/4688/5913 2089/4689/5914 2099/4700/5915 2098/4699/5916
f 2089/4689/5917 2090/4690/5918 2100/4701/5919 2099/4700/5920
f 2090/4690/5921 2091/4691/5922 2101/4702/5923 2100/4701/5924
f 2091/4691/5925 2092/4692/5926 2102/4703/5927 2101/4702/5928
f 2092/4692/5929 2093/4693/5930 2103/4704/5931 2102/4703/5932
f 2093/4693/5933 2094/4694/5934 2104/4705/5935 2103/4704/5936
f 2094/4694/5937 2085/4695/5938 2095/4706/5939 2104/4705/5940
f 2085/4675/5941 2094/4684/5942 2093/4683/5943 2092/4682/5944 2091/4681/5945 2090/4680/5946 2089/4679/5947 2088/4678/5948 2087/4677/5949 2086/4676/5950
f 2095/4715/5951 2096/4714/5952 2097/4713/5953 2098/4712/5954 2099/4711/5955 2100/4710/5956 2101/4709/5957 2102/4708/5958 2103/4707/5959 2104/4716/5960
g default
v -195.000000 294.200000 239.000000
v -165.000000 294.200000 239.000000
v -195.000000 294.800000 239.000000
v -165.000000 294.800000 239.000000
v -195.000000 294.800000 121.000000
v -165.000000 294.800000 121.000000
v -195.000000 294.200000 121.000000
v -165.000000 294.200000 121.000000
vt 0.330000 0.000000
vt 0.663333 0.000000
vt 0.330000 0.250000
vt 0.663333 0.250000
vt 0.330000 0.500000
vt 0.663333 0.500000
vt 0.330000 0.750000
vt 0.663333 0.750000
vt 0.330000 1.000000
vt 0.663333 1.000000
vt 1.000000 0.000000
vt 1.000000 0.250000
vt 0.000000 0.000000
vt 0.000000 0.250000
vn 0.000000 0.000000 1.000000
vn 0.000000 0.000000 1.000000
vn 0.000000 0.000000 1.000000
vn 0.000000 0.000000 1.000000
vn 0.000000 1.000000 0.000000
vn 0.000000 1.000000 0.000000
vn 0.000000 1.000000 0.000000
vn 0.000000 1.000000 0.000000
vn 0.000000 0.000000 -1.000000
vn 0.000000 0.000000 -1.000000
vn 0.000000 0.000000 -1.000000
vn 0.000000 0.000000 -1.000000
vn 0.000000 -1.000000 0.000000
vn 0.000000 -1.000000 0.000000
vn 0.000000 -1.000000 0.000000
vn 0.000000 -1.000000 0.000000
vn 1.000000 0.000000 0.000000
vn 1.000000 0.000000 0.000000
vn 1.000000 0.000000 0.000000
vn 1.000000 0.000000 0.000000
vn -1.000000 0.000000 0.000000
vn -1.000000 0.000000 0.000000
vn -1.000000 0.000000 0.000000
vn -1.000000 0.000000 0.000000
s off
g GRP_Fluorescent_Lights Backrooms_Level0_Master_GRP GRP_Lamp_BL Lamp_BL_Diffuser
f 2105/4717/5961 2106/4718/5962 2108/4720/5963 2107/4719/5964
f 2107/4719/5965 2108/4720/5966 2110/4722/5967 2109/4721/5968
f 2109/4721/5969 2110/4722/5970 2112/4724/5971 2111/4723/5972
f 2111/4723/5973 2112/4724/5974 2106/4726/5975 2105/4725/5976
f 2106/4718/5977 2112/4727/5978 2110/4728/5979 2108/4720/5980
f 2111/4729/5981 2105/4717/5982 2107/4719/5983 2109/4730/5984
g default
v -196.953142 294.046858 241.840015
v -196.840015 294.000000 241.840015
v -196.840015 294.046858 241.953140
v -196.840015 294.159984 242.000000
v -196.953142 294.159984 241.953140
v -197.000000 294.159984 241.840015
v -163.046858 294.046858 241.840015
v -163.000000 294.159984 241.840015
v -163.046858 294.159984 241.953140
v -163.159985 294.159984 242.000000
v -163.159985 294.046858 241.953140
v -163.159985 294.000000 241.840015
v -196.953142 301.953142 241.840015
v -197.000000 301.840016 241.840015
v -196.953142 301.840016 241.953140
v -196.840015 301.840016 242.000000
v -196.840015 301.953142 241.953140
v -196.840015 302.000000 241.840015
v -163.046858 301.953142 241.840015
v -163.159985 302.000000 241.840015
v -163.159985 301.953142 241.953140
v -163.159985 301.840016 242.000000
v -163.046858 301.840016 241.953140
v -163.000000 301.840016 241.840015
v -196.953142 301.840016 118.046860
v -197.000000 301.840016 118.159985
v -196.953142 301.953142 118.159985
v -196.840015 302.000000 118.159985
v -196.840015 301.953142 118.046860
v -196.840015 301.840016 118.000000
v -163.046858 301.840016 118.046860
v -163.159985 301.840016 118.000000
v -163.159985 301.953142 118.046860
v -163.159985 302.000000 118.159985
v -163.046858 301.953142 118.159985
v -163.000000 301.840016 118.159985
v -196.953142 294.046858 118.159985
v -197.000000 294.159984 118.159985
v -196.953142 294.159984 118.046860
v -196.840015 294.159984 118.000000
v -196.840015 294.046858 118.046860
v -196.840015 294.000000 118.159985
v -163.046858 294.046858 118.159985
v -163.159985 294.000000 118.159985
v -163.159985 294.046858 118.046860
v -163.159985 294.159984 118.000000
v -163.046858 294.159984 118.046860
v -163.000000 294.159984 118.159985
vt 0.331569 0.999677
vt 0.331568 0.750323
vt 0.329574 0.005000
vt 0.000426 0.005000
vt 0.331568 0.004999
vt 0.661765 0.005000
vt 0.331569 0.999677
vt 0.661765 0.999677
vt 0.329574 0.005000
vt 0.329574 0.245000
vt 0.331568 0.004999
vt 0.331569 0.245000
vt 0.663768 0.005000
vt 0.999566 0.005000
vt 0.661765 0.999677
vt 0.661765 0.750323
vt 0.661765 0.005000
vt 0.661765 0.245000
vt 0.663768 0.005000
vt 0.663768 0.245000
vt 0.329574 0.245000
vt 0.000426 0.245000
vt 0.331568 0.250323
vt 0.331569 0.499677
vt 0.331568 0.250323
vt 0.661765 0.250323
vt 0.331569 0.245000
vt 0.661765 0.245000
vt 0.661765 0.250323
vt 0.661765 0.499677
vt 0.663768 0.245000
vt 0.999566 0.245000
vt 0.000426 0.245000
vt 0.000426 0.005000
vt 0.331568 0.504999
vt 0.331569 0.745000
vt 0.331568 0.504999
vt 0.661765 0.505000
vt 0.331569 0.499677
vt 0.661765 0.499677
vt 0.661765 0.505000
vt 0.661765 0.745000
vt 0.999566 0.245000
vt 0.999566 0.005000
vt 0.331568 0.750323
vt 0.661765 0.750323
vt 0.331569 0.745000
vt 0.661765 0.745000
vt 0.331568 0.004999
vt 0.661765 0.005000
vt 0.661765 0.245000
vt 0.331569 0.245000
vt 0.331568 0.250323
vt 0.661765 0.250323
vt 0.661765 0.499677
vt 0.331569 0.499677
vt 0.331568 0.504999
vt 0.661765 0.505000
vt 0.661765 0.745000
vt 0.331569 0.745000
vt 0.331568 0.750323
vt 0.661765 0.750323
vt 0.661765 0.999677
vt 0.331569 0.999677
vt 0.663768 0.005000
vt 0.999566 0.005000
vt 0.999566 0.245000
vt 0.663768 0.245000
vt 0.000426 0.005000
vt 0.329574 0.005000
vt 0.329574 0.245000
vt 0.000426 0.245000
vt 0.331568 0.000000
vt 0.331568 0.004999
vt 0.329574 0.005000
vt 0.663768 0.005000
vt 0.661765 0.005000
vt 0.661765 0.000000
vt 0.329574 0.245000
vt 0.331569 0.245000
vt 0.331568 0.250323
vt 0.661765 0.250323
vt 0.661765 0.245000
vt 0.663768 0.245000
vt 0.330000 0.499677
vt 0.331569 0.499677
vt 0.331568 0.504999
vt 0.661765 0.505000
vt 0.661765 0.499677
vt 0.663333 0.499677
vt 0.330000 0.745000
vt 0.331569 0.745000
vt 0.331568 0.750323
vt 0.661765 0.750323
vt 0.661765 0.745000
vt 0.663333 0.745000
vt 0.331241 0.000005
vt 0.331567 0.999426
vt 0.332760 0.000000
vt 0.332760 0.999677
vt 0.330571 0.005058
vt 0.662099 0.000005
vt 0.661766 0.999426
vt 0.662754 0.005011
vt 0.660573 0.999677
vt 0.660573 0.000000
vt 0.330000 0.250000
vt 0.330572 0.244989
vt 0.331573 0.247662
vt 0.663333 0.250000
vt 0.661764 0.247663
vt 0.662766 0.244942
vt 0.330000 0.503468
vt 0.000426 0.241292
vt 0.330000 0.499431
vt 0.000752 0.245005
vt 0.331573 0.502338
vt 0.663333 0.503468
vt 0.999566 0.241292
vt 0.661764 0.502337
vt 0.999233 0.245005
vt 0.663333 0.499431
vt 0.000753 0.004995
vt 0.330002 0.745252
vt 0.330000 0.741210
vt 0.000426 0.008708
vt 0.331573 0.747662
vt 0.663332 0.745252
vt 0.999232 0.004995
vt 0.661764 0.747653
vt 0.999566 0.008708
vt 0.663333 0.741210
vn -0.382683 -0.923880 0.000000
vn -0.382683 -0.923880 0.000000
vn -0.382683 -0.923880 0.000000
vn -0.382683 -0.923880 0.000000
vn -0.923880 -0.382682 0.000000
vn -0.923880 -0.382682 0.000000
vn -0.923880 -0.382682 0.000000
vn -0.923880 -0.382682 0.000000
vn 0.000000 -0.382693 0.923876
vn 0.000000 -0.382693 0.923876
vn 0.000000 -0.382693 0.923876
vn 0.000000 -0.382693 0.923876
vn 0.000000 -0.923879 0.382686
vn 0.000000 -0.923879 0.382686
vn 0.000000 -0.923879 0.382686
vn 0.000000 -0.923879 0.382686
vn -0.923880 0.000000 0.382682
vn -0.923880 0.000000 0.382682
vn -0.923880 0.000000 0.382682
vn -0.923880 0.000000 0.382682
vn -0.382672 0.000000 0.923884
vn -0.382672 0.000000 0.923884
vn -0.382672 0.000000 0.923884
vn -0.382672 0.000000 0.923884
vn 0.923880 -0.382682 0.000000
vn 0.923880 -0.382682 0.000000
vn 0.923880 -0.382682 0.000000
vn 0.923880 -0.382682 0.000000
vn 0.382683 -0.923880 0.000000
vn 0.382683 -0.923880 0.000000
vn 0.382683 -0.923880 0.000000
vn 0.382683 -0.923880 0.000000
vn 0.382672 0.000000 0.923884
vn 0.382672 0.000000 0.923884
vn 0.382672 0.000000 0.923884
vn 0.382672 0.000000 0.923884
vn 0.923880 0.000000 0.382682
vn 0.923880 0.000000 0.382682
vn 0.923880 0.000000 0.382682
vn 0.923880 0.000000 0.382682
vn -0.923880 0.382682 0.000000
vn -0.923880 0.382682 0.000000
vn -0.923880 0.382682 0.000000
vn -0.923880 0.382682 0.000000
vn -0.382683 0.923880 0.000000
vn -0.382683 0.923880 0.000000
vn -0.382683 0.923880 0.000000
vn -0.382683 0.923880 0.000000
vn 0.000000 0.923879 0.382686
vn 0.000000 0.923879 0.382686
vn 0.000000 0.923879 0.382686
vn 0.000000 0.923879 0.382686
vn 0.000000 0.382693 0.923876
vn 0.000000 0.382693 0.923876
vn 0.000000 0.382693 0.923876
vn 0.000000 0.382693 0.923876
vn 0.382683 0.923880 0.000000
vn 0.382683 0.923880 0.000000
vn 0.382683 0.923880 0.000000
vn 0.382683 0.923880 0.000000
vn 0.923880 0.382682 0.000000
vn 0.923880 0.382682 0.000000
vn 0.923880 0.382682 0.000000
vn 0.923880 0.382682 0.000000
vn -0.923880 0.000000 -0.382682
vn -0.923880 0.000000 -0.382682
vn -0.923880 0.000000 -0.382682
vn -0.923880 0.000000 -0.382682
vn -0.382672 0.000000 -0.923884
vn -0.382672 0.000000 -0.923884
vn -0.382672 0.000000 -0.923884
vn -0.382672 0.000000 -0.923884
vn 0.000000 0.382693 -0.923876
vn 0.000000 0.382693 -0.923876
vn 0.000000 0.382693 -0.923876
vn 0.000000 0.382693 -0.923876
vn 0.000000 0.923879 -0.382686
vn 0.000000 0.923879 -0.382686
vn 0.000000 0.923879 -0.382686
vn 0.000000 0.923879 -0.382686
vn 0.382672 0.000000 -0.923884
vn 0.382672 0.000000 -0.923884
vn 0.382672 0.000000 -0.923884
vn 0.382672 0.000000 -0.923884
vn 0.923880 0.000000 -0.382682
vn 0.923880 0.000000 -0.382682
vn 0.923880 0.000000 -0.382682
vn 0.923880 0.000000 -0.382682
vn 0.000000 -0.923879 -0.382686
vn 0.000000 -0.923879 -0.382686
vn 0.000000 -0.923879 -0.382686
vn 0.000000 -0.923879 -0.382686
vn 0.000000 -0.382693 -0.923876
vn 0.000000 -0.382693 -0.923876
vn 0.000000 -0.382693 -0.923876
vn 0.000000 -0.382693 -0.923876
vn 0.000000 0.000000 1.000000
vn 0.000000 0.000000 1.000000
vn 0.000000 0.000000 1.000000
vn 0.000000 0.000000 1.000000
vn 0.000000 1.000000 0.000000
vn 0.000000 1.000000 0.000000
vn 0.000000 1.000000 0.000000
vn 0.000000 1.000000 0.000000
vn 0.000000 0.000000 -1.000000
vn 0.000000 0.000000 -1.000000
vn 0.000000 0.000000 -1.000000
vn 0.000000 0.000000 -1.000000
vn 0.000000 -1.000000 0.000000
vn 0.000000 -1.000000 0.000000
vn 0.000000 -1.000000 0.000000
vn 0.000000 -1.000000 0.000000
vn 1.000000 0.000000 0.000000
vn 1.000000 0.000000 0.000000
vn 1.000000 0.000000 0.000000
vn 1.000000 0.000000 0.000000
vn -1.000000 0.000000 0.000000
vn -1.000000 0.000000 0.000000
vn -1.000000 0.000000 0.000000
vn -1.000000 0.000000 0.000000
vn -0.577340 -0.577355 0.577357
vn -0.577340 -0.577355 0.577357
vn -0.577340 -0.577355 0.577357
vn -0.577340 -0.577355 0.577357
vn -0.577340 -0.577355 0.577357
vn -0.577340 -0.577355 0.577357
vn 0.577341 -0.577352 0.577358
vn 0.577341 -0.577352 0.577358
vn 0.577341 -0.577352 0.577358
vn 0.577341 -0.577352 0.577358
vn 0.577341 -0.577352 0.577358
vn 0.577341 -0.577352 0.577358
vn -0.577341 0.577352 0.577358
vn -0.577341 0.577352 0.577358
vn -0.577341 0.577352 0.577358
vn -0.577341 0.577352 0.577358
vn -0.577341 0.577352 0.577358
vn -0.577341 0.577352 0.577358
vn 0.577340 0.577355 0.577357
vn 0.577340 0.577355 0.577357
vn 0.577340 0.577355 0.577357
vn 0.577340 0.577355 0.577357
vn 0.577340 0.577355 0.577357
vn 0.577340 0.577355 0.577357
vn -0.577330 0.577358 -0.577362
vn -0.577330 0.577359 -0.577362
vn -0.577330 0.577359 -0.577362
vn -0.577330 0.577359 -0.577362
vn -0.577330 0.577359 -0.577362
vn -0.577330 0.577359 -0.577362
vn 0.577350 0.577350 -0.577352
vn 0.577350 0.577350 -0.577352
vn 0.577350 0.577350 -0.577352
vn 0.577350 0.577350 -0.577352
vn 0.577350 0.577350 -0.577352
vn 0.577350 0.577350 -0.577352
vn -0.577341 -0.577352 -0.577358
vn -0.577341 -0.577352 -0.577358
vn -0.577341 -0.577352 -0.577358
vn -0.577341 -0.577352 -0.577358
vn -0.577341 -0.577352 -0.577358
vn -0.577341 -0.577352 -0.577358
vn 0.577340 -0.577355 -0.577357
vn 0.577340 -0.577355 -0.577357
vn 0.577340 -0.577355 -0.577357
vn 0.577340 -0.577355 -0.577357
vn 0.577340 -0.577355 -0.577357
vn 0.577340 -0.577355 -0.577357
s off
g GRP_Fluorescent_Lights Backrooms_Level0_Master_GRP Lamp_BL_Housing GRP_Lamp_BL
f 2114/4737/5985 2113/4828/5986 2149/4854/5987 2154/4791/5988
f 2113/4827/5989 2118/4800/5990 2150/4764/5991 2149/4853/5992
f 2116/4741/5993 2115/4829/5994 2123/4836/5995 2122/4780/5996
f 2115/4830/5997 2114/4737/5998 2124/4745/5999 2123/4835/6000
f 2118/4800/6001 2117/4831/6002 2127/4838/6003 2126/4801/6004
f 2117/4831/6005 2116/4741/6006 2128/4757/6007 2127/4838/6008
f 2120/4749/6009 2119/4832/6010 2155/4859/6011 2160/4774/6012
f 2119/4833/6013 2124/4745/6014 2156/4776/6015 2155/4858/6016
f 2122/4780/6017 2121/4834/6018 2135/4842/6019 2134/4758/6020
f 2121/4834/6021 2120/4749/6022 2136/4761/6023 2135/4842/6024
f 2126/4801/6025 2125/4837/6026 2139/4846/6027 2138/4802/6028
f 2125/4837/6029 2130/4783/6030 2140/4769/6031 2139/4845/6032
f 2130/4783/6033 2129/4839/6034 2133/4841/6035 2132/4784/6036
f 2129/4839/6037 2128/4757/6038 2134/4758/6039 2133/4841/6040
f 2132/4784/6041 2131/4840/6042 2147/4852/6043 2146/4770/6044
f 2131/4840/6045 2136/4761/6046 2148/4773/6047 2147/4851/6048
f 2138/4802/6049 2137/4844/6050 2151/4856/6051 2150/4764/6052
f 2137/4843/6053 2142/4787/6054 2152/4777/6055 2151/4855/6056
f 2142/4787/6057 2141/4847/6058 2145/4850/6059 2144/4788/6060
f 2141/4847/6061 2140/4769/6062 2146/4770/6063 2145/4850/6064
f 2144/4788/6065 2143/4848/6066 2159/4862/6067 2158/4778/6068
f 2143/4849/6069 2148/4773/6070 2160/4774/6071 2159/4861/6072
f 2154/4791/6073 2153/4857/6074 2157/4860/6075 2156/4776/6076
f 2153/4857/6077 2152/4777/6078 2158/4778/6079 2157/4860/6080
f 2116/4741/6081 2122/4780/6082 2134/4758/6083 2128/4757/6084
f 2130/4783/6085 2132/4784/6086 2146/4770/6087 2140/4769/6088
f 2142/4787/6089 2144/4788/6090 2158/4778/6091 2152/4777/6092
f 2154/4791/6093 2156/4776/6094 2124/4745/6095 2114/4737/6096
f 2120/4749/6097 2160/4774/6098 2148/4773/6099 2136/4761/6100
f 2150/4764/6101 2118/4800/6102 2126/4801/6103 2138/4802/6104
f 2113/4827/6105 2114/4803/6106 2115/4829/6107 2116/4741/6108 2117/4831/6109 2118/4800/6110
f 2119/4832/6111 2120/4749/6112 2121/4834/6113 2122/4780/6114 2123/4836/6115 2124/4808/6116
f 2125/4837/6117 2126/4801/6118 2127/4838/6119 2128/4757/6120 2129/4839/6121 2130/4783/6122
f 2131/4840/6123 2132/4784/6124 2133/4841/6125 2134/4758/6126 2135/4842/6127 2136/4761/6128
f 2137/4843/6129 2138/4815/6130 2139/4845/6131 2140/4769/6132 2141/4847/6133 2142/4787/6134
f 2143/4848/6135 2144/4788/6136 2145/4850/6137 2146/4770/6138 2147/4852/6139 2148/4820/6140
f 2149/4854/6141 2150/4821/6142 2151/4855/6143 2152/4777/6144 2153/4857/6145 2154/4791/6146
f 2155/4858/6147 2156/4776/6148 2157/4860/6149 2158/4778/6150 2159/4862/6151 2160/4826/6152
g default
v -196.953142 294.046858 241.840015
v -196.840015 294.000000 241.840015
v -196.840015 294.046858 241.953140
v -196.840015 294.159984 242.000000
v -196.953142 294.159984 241.953140
v -197.000000 294.159984 241.840015
v -163.046858 294.046858 241.840015
v -163.000000 294.159984 241.840015
v -163.046858 294.159984 241.953140
v -163.159985 294.159984 242.000000
v -163.159985 294.046858 241.953140
v -163.159985 294.000000 241.840015
v -196.953142 301.953142 241.840015
v -197.000000 301.840016 241.840015
v -196.953142 301.840016 241.953140
v -196.840015 301.840016 242.000000
v -196.840015 301.953142 241.953140
v -196.840015 302.000000 241.840015
v -163.046858 301.953142 241.840015
v -163.159985 302.000000 241.840015
v -163.159985 301.953142 241.953140
v -163.159985 301.840016 242.000000
v -163.046858 301.840016 241.953140
v -163.000000 301.840016 241.840015
v -196.953142 301.840016 118.046860
v -197.000000 301.840016 118.159985
v -196.953142 301.953142 118.159985
v -196.840015 302.000000 118.159985
v -196.840015 301.953142 118.046860
v -196.840015 301.840016 118.000000
v -163.046858 301.840016 118.046860
v -163.159985 301.840016 118.000000
v -163.159985 301.953142 118.046860
v -163.159985 302.000000 118.159985
v -163.046858 301.953142 118.159985
v -163.000000 301.840016 118.159985
v -196.953142 294.046858 118.159985
v -197.000000 294.159984 118.159985
v -196.953142 294.159984 118.046860
v -196.840015 294.159984 118.000000
v -196.840015 294.046858 118.046860
v -196.840015 294.000000 118.159985
v -163.046858 294.046858 118.159985
v -163.159985 294.000000 118.159985
v -163.159985 294.046858 118.046860
v -163.159985 294.159984 118.000000
v -163.046858 294.159984 118.046860
v -163.000000 294.159984 118.159985
vt 0.331569 0.999677
vt 0.331568 0.750323
vt 0.329574 0.005000
vt 0.000426 0.005000
vt 0.331568 0.004999
vt 0.661765 0.005000
vt 0.331569 0.999677
vt 0.661765 0.999677
vt 0.329574 0.005000
vt 0.329574 0.245000
vt 0.331568 0.004999
vt 0.331569 0.245000
vt 0.663768 0.005000
vt 0.999566 0.005000
vt 0.661765 0.999677
vt 0.661765 0.750323
vt 0.661765 0.005000
vt 0.661765 0.245000
vt 0.663768 0.005000
vt 0.663768 0.245000
vt 0.329574 0.245000
vt 0.000426 0.245000
vt 0.331568 0.250323
vt 0.331569 0.499677
vt 0.331568 0.250323
vt 0.661765 0.250323
vt 0.331569 0.245000
vt 0.661765 0.245000
vt 0.661765 0.250323
vt 0.661765 0.499677
vt 0.663768 0.245000
vt 0.999566 0.245000
vt 0.000426 0.245000
vt 0.000426 0.005000
vt 0.331568 0.504999
vt 0.331569 0.745000
vt 0.331568 0.504999
vt 0.661765 0.505000
vt 0.331569 0.499677
vt 0.661765 0.499677
vt 0.661765 0.505000
vt 0.661765 0.745000
vt 0.999566 0.245000
vt 0.999566 0.005000
vt 0.331568 0.750323
vt 0.661765 0.750323
vt 0.331569 0.745000
vt 0.661765 0.745000
vt 0.331568 0.004999
vt 0.661765 0.005000
vt 0.661765 0.245000
vt 0.331569 0.245000
vt 0.331568 0.250323
vt 0.661765 0.250323
vt 0.661765 0.499677
vt 0.331569 0.499677
vt 0.331568 0.504999
vt 0.661765 0.505000
vt 0.661765 0.745000
vt 0.331569 0.745000
vt 0.331568 0.750323
vt 0.661765 0.750323
vt 0.661765 0.999677
vt 0.331569 0.999677
vt 0.663768 0.005000
vt 0.999566 0.005000
vt 0.999566 0.245000
vt 0.663768 0.245000
vt 0.000426 0.005000
vt 0.329574 0.005000
vt 0.329574 0.245000
vt 0.000426 0.245000
vt 0.331568 0.000000
vt 0.331568 0.004999
vt 0.329574 0.005000
vt 0.663768 0.005000
vt 0.661765 0.005000
vt 0.661765 0.000000
vt 0.329574 0.245000
vt 0.331569 0.245000
vt 0.331568 0.250323
vt 0.661765 0.250323
vt 0.661765 0.245000
vt 0.663768 0.245000
vt 0.330000 0.499677
vt 0.331569 0.499677
vt 0.331568 0.504999
vt 0.661765 0.505000
vt 0.661765 0.499677
vt 0.663333 0.499677
vt 0.330000 0.745000
vt 0.331569 0.745000
vt 0.331568 0.750323
vt 0.661765 0.750323
vt 0.661765 0.745000
vt 0.663333 0.745000
vt 0.331241 0.000005
vt 0.331567 0.999426
vt 0.332760 0.000000
vt 0.332760 0.999677
vt 0.330571 0.005058
vt 0.662099 0.000005
vt 0.661766 0.999426
vt 0.662754 0.005011
vt 0.660573 0.999677
vt 0.660573 0.000000
vt 0.330000 0.250000
vt 0.330572 0.244989
vt 0.331573 0.247662
vt 0.663333 0.250000
vt 0.661764 0.247663
vt 0.662766 0.244942
vt 0.330000 0.503468
vt 0.000426 0.241292
vt 0.330000 0.499431
vt 0.000752 0.245005
vt 0.331573 0.502338
vt 0.663333 0.503468
vt 0.999566 0.241292
vt 0.661764 0.502337
vt 0.999233 0.245005
vt 0.663333 0.499431
vt 0.000753 0.004995
vt 0.330002 0.745252
vt 0.330000 0.741210
vt 0.000426 0.008708
vt 0.331573 0.747662
vt 0.663332 0.745252
vt 0.999232 0.004995
vt 0.661764 0.747653
vt 0.999566 0.008708
vt 0.663333 0.741210
vn -0.382683 -0.923880 0.000000
vn -0.382683 -0.923880 0.000000
vn -0.382683 -0.923880 0.000000
vn -0.382683 -0.923880 0.000000
vn -0.923880 -0.382682 0.000000
vn -0.923880 -0.382682 0.000000
vn -0.923880 -0.382682 0.000000
vn -0.923880 -0.382682 0.000000
vn 0.000000 -0.382693 0.923876
vn 0.000000 -0.382693 0.923876
vn 0.000000 -0.382693 0.923876
vn 0.000000 -0.382693 0.923876
vn 0.000000 -0.923879 0.382686
vn 0.000000 -0.923879 0.382686
vn 0.000000 -0.923879 0.382686
vn 0.000000 -0.923879 0.382686
vn -0.923880 0.000000 0.382682
vn -0.923880 0.000000 0.382682
vn -0.923880 0.000000 0.382682
vn -0.923880 0.000000 0.382682
vn -0.382672 0.000000 0.923884
vn -0.382672 0.000000 0.923884
vn -0.382672 0.000000 0.923884
vn -0.382672 0.000000 0.923884
vn 0.923880 -0.382682 0.000000
vn 0.923880 -0.382682 0.000000
vn 0.923880 -0.382682 0.000000
vn 0.923880 -0.382682 0.000000
vn 0.382683 -0.923880 0.000000
vn 0.382683 -0.923880 0.000000
vn 0.382683 -0.923880 0.000000
vn 0.382683 -0.923880 0.000000
vn 0.382672 0.000000 0.923884
vn 0.382672 0.000000 0.923884
vn 0.382672 0.000000 0.923884
vn 0.382672 0.000000 0.923884
vn 0.923880 0.000000 0.382682
vn 0.923880 0.000000 0.382682
vn 0.923880 0.000000 0.382682
vn 0.923880 0.000000 0.382682
vn -0.923880 0.382682 0.000000
vn -0.923880 0.382682 0.000000
vn -0.923880 0.382682 0.000000
vn -0.923880 0.382682 0.000000
vn -0.382683 0.923880 0.000000
vn -0.382683 0.923880 0.000000
vn -0.382683 0.923880 0.000000
vn -0.382683 0.923880 0.000000
vn 0.000000 0.923879 0.382686
vn 0.000000 0.923879 0.382686
vn 0.000000 0.923879 0.382686
vn 0.000000 0.923879 0.382686
vn 0.000000 0.382693 0.923876
vn 0.000000 0.382693 0.923876
vn 0.000000 0.382693 0.923876
vn 0.000000 0.382693 0.923876
vn 0.382683 0.923880 0.000000
vn 0.382683 0.923880 0.000000
vn 0.382683 0.923880 0.000000
vn 0.382683 0.923880 0.000000
vn 0.923880 0.382682 0.000000
vn 0.923880 0.382682 0.000000
vn 0.923880 0.382682 0.000000
vn 0.923880 0.382682 0.000000
vn -0.923880 0.000000 -0.382682
vn -0.923880 0.000000 -0.382682
vn -0.923880 0.000000 -0.382682
vn -0.923880 0.000000 -0.382682
vn -0.382672 0.000000 -0.923884
vn -0.382672 0.000000 -0.923884
vn -0.382672 0.000000 -0.923884
vn -0.382672 0.000000 -0.923884
vn 0.000000 0.382693 -0.923876
vn 0.000000 0.382693 -0.923876
vn 0.000000 0.382693 -0.923876
vn 0.000000 0.382693 -0.923876
vn 0.000000 0.923879 -0.382686
vn 0.000000 0.923879 -0.382686
vn 0.000000 0.923879 -0.382686
vn 0.000000 0.923879 -0.382686
vn 0.382672 0.000000 -0.923884
vn 0.382672 0.000000 -0.923884
vn 0.382672 0.000000 -0.923884
vn 0.382672 0.000000 -0.923884
vn 0.923880 0.000000 -0.382682
vn 0.923880 0.000000 -0.382682
vn 0.923880 0.000000 -0.382682
vn 0.923880 0.000000 -0.382682
vn 0.000000 -0.923879 -0.382686
vn 0.000000 -0.923879 -0.382686
vn 0.000000 -0.923879 -0.382686
vn 0.000000 -0.923879 -0.382686
vn 0.000000 -0.382693 -0.923876
vn 0.000000 -0.382693 -0.923876
vn 0.000000 -0.382693 -0.923876
vn 0.000000 -0.382693 -0.923876
vn 0.000000 0.000000 1.000000
vn 0.000000 0.000000 1.000000
vn 0.000000 0.000000 1.000000
vn 0.000000 0.000000 1.000000
vn 0.000000 1.000000 0.000000
vn 0.000000 1.000000 0.000000
vn 0.000000 1.000000 0.000000
vn 0.000000 1.000000 0.000000
vn 0.000000 0.000000 -1.000000
vn 0.000000 0.000000 -1.000000
vn 0.000000 0.000000 -1.000000
vn 0.000000 0.000000 -1.000000
vn 0.000000 -1.000000 0.000000
vn 0.000000 -1.000000 0.000000
vn 0.000000 -1.000000 0.000000
vn 0.000000 -1.000000 0.000000
vn 1.000000 0.000000 0.000000
vn 1.000000 0.000000 0.000000
vn 1.000000 0.000000 0.000000
vn 1.000000 0.000000 0.000000
vn -1.000000 0.000000 0.000000
vn -1.000000 0.000000 0.000000
vn -1.000000 0.000000 0.000000
vn -1.000000 0.000000 0.000000
vn -0.577340 -0.577355 0.577357
vn -0.577340 -0.577355 0.577357
vn -0.577340 -0.577355 0.577357
vn -0.577340 -0.577355 0.577357
vn -0.577340 -0.577355 0.577357
vn -0.577340 -0.577355 0.577357
vn 0.577341 -0.577352 0.577358
vn 0.577341 -0.577352 0.577358
vn 0.577341 -0.577352 0.577358
vn 0.577341 -0.577352 0.577358
vn 0.577341 -0.577352 0.577358
vn 0.577341 -0.577352 0.577358
vn -0.577341 0.577352 0.577358
vn -0.577341 0.577352 0.577358
vn -0.577341 0.577352 0.577358
vn -0.577341 0.577352 0.577358
vn -0.577341 0.577352 0.577358
vn -0.577341 0.577352 0.577358
vn 0.577340 0.577355 0.577357
vn 0.577340 0.577355 0.577357
vn 0.577340 0.577355 0.577357
vn 0.577340 0.577355 0.577357
vn 0.577340 0.577355 0.577357
vn 0.577340 0.577355 0.577357
vn -0.577330 0.577358 -0.577362
vn -0.577330 0.577359 -0.577362
vn -0.577330 0.577359 -0.577362
vn -0.577330 0.577359 -0.577362
vn -0.577330 0.577359 -0.577362
vn -0.577330 0.577359 -0.577362
vn 0.577350 0.577350 -0.577352
vn 0.577350 0.577350 -0.577352
vn 0.577350 0.577350 -0.577352
vn 0.577350 0.577350 -0.577352
vn 0.577350 0.577350 -0.577352
vn 0.577350 0.577350 -0.577352
vn -0.577341 -0.577352 -0.577358
vn -0.577341 -0.577352 -0.577358
vn -0.577341 -0.577352 -0.577358
vn -0.577341 -0.577352 -0.577358
vn -0.577341 -0.577352 -0.577358
vn -0.577341 -0.577352 -0.577358
vn 0.577340 -0.577355 -0.577357
vn 0.577340 -0.577355 -0.577357
vn 0.577340 -0.577355 -0.577357
vn 0.577340 -0.577355 -0.577357
vn 0.577340 -0.577355 -0.577357
vn 0.577340 -0.577355 -0.577357
s off
g GRP_Fluorescent_Lights Backrooms_Level0_Master_GRP Lamp_BL_Housing GRP_Lamp_BL
f 2162/4869/6153 2161/4960/6154 2197/4986/6155 2202/4923/6156
f 2161/4959/6157 2166/4932/6158 2198/4896/6159 2197/4985/6160
f 2164/4873/6161 2163/4961/6162 2171/4968/6163 2170/4912/6164
f 2163/4962/6165 2162/4869/6166 2172/4877/6167 2171/4967/6168
f 2166/4932/6169 2165/4963/6170 2175/4970/6171 2174/4933/6172
f 2165/4963/6173 2164/4873/6174 2176/4889/6175 2175/4970/6176
f 2168/4881/6177 2167/4964/6178 2203/4991/6179 2208/4906/6180
f 2167/4965/6181 2172/4877/6182 2204/4908/6183 2203/4990/6184
f 2170/4912/6185 2169/4966/6186 2183/4974/6187 2182/4890/6188
f 2169/4966/6189 2168/4881/6190 2184/4893/6191 2183/4974/6192
f 2174/4933/6193 2173/4969/6194 2187/4978/6195 2186/4934/6196
f 2173/4969/6197 2178/4915/6198 2188/4901/6199 2187/4977/6200
f 2178/4915/6201 2177/4971/6202 2181/4973/6203 2180/4916/6204
f 2177/4971/6205 2176/4889/6206 2182/4890/6207 2181/4973/6208
f 2180/4916/6209 2179/4972/6210 2195/4984/6211 2194/4902/6212
f 2179/4972/6213 2184/4893/6214 2196/4905/6215 2195/4983/6216
f 2186/4934/6217 2185/4976/6218 2199/4988/6219 2198/4896/6220
f 2185/4975/6221 2190/4919/6222 2200/4909/6223 2199/4987/6224
f 2190/4919/6225 2189/4979/6226 2193/4982/6227 2192/4920/6228
f 2189/4979/6229 2188/4901/6230 2194/4902/6231 2193/4982/6232
f 2192/4920/6233 2191/4980/6234 2207/4994/6235 2206/4910/6236
f 2191/4981/6237 2196/4905/6238 2208/4906/6239 2207/4993/6240
f 2202/4923/6241 2201/4989/6242 2205/4992/6243 2204/4908/6244
f 2201/4989/6245 2200/4909/6246 2206/4910/6247 2205/4992/6248
f 2164/4873/6249 2170/4912/6250 2182/4890/6251 2176/4889/6252
f 2178/4915/6253 2180/4916/6254 2194/4902/6255 2188/4901/6256
f 2190/4919/6257 2192/4920/6258 2206/4910/6259 2200/4909/6260
f 2202/4923/6261 2204/4908/6262 2172/4877/6263 2162/4869/6264
f 2168/4881/6265 2208/4906/6266 2196/4905/6267 2184/4893/6268
f 2198/4896/6269 2166/4932/6270 2174/4933/6271 2186/4934/6272
f 2161/4959/6273 2162/4935/6274 2163/4961/6275 2164/4873/6276 2165/4963/6277 2166/4932/6278
f 2167/4964/6279 2168/4881/6280 2169/4966/6281 2170/4912/6282 2171/4968/6283 2172/4940/6284
f 2173/4969/6285 2174/4933/6286 2175/4970/6287 2176/4889/6288 2177/4971/6289 2178/4915/6290
f 2179/4972/6291 2180/4916/6292 2181/4973/6293 2182/4890/6294 2183/4974/6295 2184/4893/6296
f 2185/4975/6297 2186/4947/6298 2187/4977/6299 2188/4901/6300 2189/4979/6301 2190/4919/6302
f 2191/4980/6303 2192/4920/6304 2193/4982/6305 2194/4902/6306 2195/4984/6307 2196/4952/6308
f 2197/4986/6309 2198/4953/6310 2199/4987/6311 2200/4909/6312 2201/4989/6313 2202/4923/6314
f 2203/4990/6315 2204/4908/6316 2205/4992/6317 2206/4910/6318 2207/4994/6319 2208/4958/6320
g default
v -185.328740 296.764048 124.000000
v -185.689463 297.216381 124.000000
v -186.210723 297.467406 124.000000
v -186.789277 297.467406 124.000000
v -187.310536 297.216381 124.000000
v -187.671259 296.764049 124.000000
v -187.800000 296.200000 124.000000
v -187.671259 295.635951 124.000000
v -187.310537 295.183619 124.000000
v -186.789277 294.932594 124.000000
v -186.210723 294.932594 124.000000
v -185.689463 295.183619 124.000000
v -185.328741 295.635951 124.000000
v -185.200000 296.200000 124.000000
v -185.328740 296.764048 236.000000
v -185.689463 297.216381 236.000000
v -186.210723 297.467406 236.000000
v -186.789277 297.467406 236.000000
v -187.310536 297.216381 236.000000
v -187.671259 296.764049 236.000000
v -187.800000 296.200000 236.000000
v -187.671259 295.635951 236.000000
v -187.310537 295.183619 236.000000
v -186.789277 294.932594 236.000000
v -186.210723 294.932594 236.000000
v -185.689463 295.183619 236.000000
v -185.328741 295.635951 236.000000
v -185.200000 296.200000 236.000000
vt 0.952364 0.070765
vt 0.813625 0.027271
vt 0.613140 0.003134
vt 0.390619 0.003134
vt 0.190135 0.027271
vt 0.051395 0.070765
vt 0.001880 0.125000
vt 0.051395 0.179235
vt 0.190135 0.222729
vt 0.390619 0.246866
vt 0.613140 0.246866
vt 0.813625 0.222729
vt 0.952364 0.179235
vt 1.001880 0.125000
vt 0.000000 0.250000
vt 0.071429 0.250000
vt 0.142857 0.250000
vt 0.214286 0.250000
vt 0.285714 0.250000
vt 0.357143 0.250000
vt 0.428571 0.250000
vt 0.500000 0.250000
vt 0.571429 0.250000
vt 0.642857 0.250000
vt 0.714286 0.250000
vt 0.785714 0.250000
vt 0.857143 0.250000
vt 0.928572 0.250000
vt 1.000000 0.250000
vt 0.000000 0.750000
vt 0.071429 0.750000
vt 0.142857 0.750000
vt 0.214286 0.750000
vt 0.285714 0.750000
vt 0.357143 0.750000
vt 0.428571 0.750000
vt 0.500000 0.750000
vt 0.571429 0.750000
vt 0.642857 0.750000
vt 0.714286 0.750000
vt 0.785714 0.750000
vt 0.857143 0.750000
vt 0.928572 0.750000
vt 1.000000 0.750000
vt 0.952364 0.820765
vt 0.813625 0.777271
vt 0.613140 0.753134
vt 0.390619 0.753134
vt 0.190135 0.777271
vt 0.051395 0.820765
vt 0.001880 0.875000
vt 0.051395 0.929235
vt 0.190135 0.972729
vt 0.390619 0.996866
vt 0.613140 0.996866
vt 0.813625 0.972729
vt 0.952364 0.929235
vt 1.001880 0.875000
vn 0.900969 0.433884 0.000000
vn 0.623490 0.781831 0.000000
vn 0.623490 0.781831 0.000000
vn 0.900969 0.433884 0.000000
vn 0.222521 0.974928 0.000000
vn 0.222521 0.974928 0.000000
vn -0.222521 0.974928 0.000000
vn -0.222521 0.974928 0.000000
vn -0.623490 0.781832 0.000000
vn -0.623490 0.781832 0.000000
vn -0.900969 0.433884 0.000000
vn -0.900969 0.433884 0.000000
vn -1.000000 0.000000 0.000000
vn -1.000000 0.000000 0.000000
vn -0.900969 -0.433884 0.000000
vn -0.900969 -0.433884 0.000000
vn -0.623490 -0.781831 0.000000
vn -0.623490 -0.781831 0.000000
vn -0.222521 -0.974928 0.000000
vn -0.222521 -0.974928 0.000000
vn 0.222521 -0.974928 0.000000
vn 0.222521 -0.974928 0.000000
vn 0.623490 -0.781832 0.000000
vn 0.623490 -0.781832 0.000000
vn 0.900969 -0.433884 0.000000
vn 0.900969 -0.433884 0.000000
vn 1.000000 -0.000000 0.000000
vn 1.000000 -0.000000 0.000000
vn 0.000000 -0.000002 -1.000000
vn 0.000000 -0.000002 -1.000000
vn 0.000000 -0.000002 -1.000000
vn 0.000000 -0.000002 -1.000000
vn 0.000000 -0.000002 -1.000000
vn 0.000000 -0.000002 -1.000000
vn 0.000000 -0.000002 -1.000000
vn 0.000000 -0.000002 -1.000000
vn 0.000000 -0.000002 -1.000000
vn 0.000000 -0.000002 -1.000000
vn 0.000000 -0.000002 -1.000000
vn 0.000000 -0.000002 -1.000000
vn 0.000000 -0.000002 -1.000000
vn 0.000000 -0.000002 -1.000000
vn 0.000000 0.000001 1.000000
vn 0.000000 0.000001 1.000000
vn 0.000000 0.000001 1.000000
vn 0.000000 0.000001 1.000000
vn 0.000000 0.000001 1.000000
vn 0.000000 0.000001 1.000000
vn 0.000000 0.000001 1.000000
vn 0.000000 0.000001 1.000000
vn 0.000000 0.000001 1.000000
vn 0.000000 0.000001 1.000000
vn 0.000000 0.000001 1.000000
vn 0.000000 0.000001 1.000000
vn 0.000000 0.000001 1.000000
vn 0.000000 0.000001 1.000000
s 1
g GRP_Fluorescent_Lights Backrooms_Level0_Master_GRP GRP_Lamp_BL Lamp_BL_Tube_1
f 2209/5009/6321 2210/5010/6322 2224/5025/6323 2223/5024/6324
f 2210/5010/6322 2211/5011/6325 2225/5026/6326 2224/5025/6323
f 2211/5011/6325 2212/5012/6327 2226/5027/6328 2225/5026/6326
f 2212/5012/6327 2213/5013/6329 2227/5028/6330 2226/5027/6328
f 2213/5013/6329 2214/5014/6331 2228/5029/6332 2227/5028/6330
f 2214/5014/6331 2215/5015/6333 2229/5030/6334 2228/5029/6332
f 2215/5015/6333 2216/5016/6335 2230/5031/6336 2229/5030/6334
f 2216/5016/6335 2217/5017/6337 2231/5032/6338 2230/5031/6336
f 2217/5017/6337 2218/5018/6339 2232/5033/6340 2231/5032/6338
f 2218/5018/6339 2219/5019/6341 2233/5034/6342 2232/5033/6340
f 2219/5019/6341 2220/5020/6343 2234/5035/6344 2233/5034/6342
f 2220/5020/6343 2221/5021/6345 2235/5036/6346 2234/5035/6344
f 2221/5021/6345 2222/5022/6347 2236/5037/6348 2235/5036/6346
f 2222/5022/6347 2209/5023/6321 2223/5038/6324 2236/5037/6348
s off
f 2209/4995/6349 2222/5008/6350 2221/5007/6351 2220/5006/6352 2219/5005/6353 2218/5004/6354 2217/5003/6355 2216/5002/6356 2215/5001/6357 2214/5000/6358 2213/4999/6359 2212/4998/6360 2211/4997/6361 2210/4996/6362
f 2223/5051/6363 2224/5050/6364 2225/5049/6365 2226/5048/6366 2227/5047/6367 2228/5046/6368 2229/5045/6369 2230/5044/6370 2231/5043/6371 2232/5042/6372 2233/5041/6373 2234/5040/6374 2235/5039/6375 2236/5052/6376
g default
v -185.328740 296.764048 124.000000
v -185.689463 297.216381 124.000000
v -186.210723 297.467406 124.000000
v -186.789277 297.467406 124.000000
v -187.310536 297.216381 124.000000
v -187.671259 296.764049 124.000000
v -187.800000 296.200000 124.000000
v -187.671259 295.635951 124.000000
v -187.310537 295.183619 124.000000
v -186.789277 294.932594 124.000000
v -186.210723 294.932594 124.000000
v -185.689463 295.183619 124.000000
v -185.328741 295.635951 124.000000
v -185.200000 296.200000 124.000000
v -185.328740 296.764048 236.000000
v -185.689463 297.216381 236.000000
v -186.210723 297.467406 236.000000
v -186.789277 297.467406 236.000000
v -187.310536 297.216381 236.000000
v -187.671259 296.764049 236.000000
v -187.800000 296.200000 236.000000
v -187.671259 295.635951 236.000000
v -187.310537 295.183619 236.000000
v -186.789277 294.932594 236.000000
v -186.210723 294.932594 236.000000
v -185.689463 295.183619 236.000000
v -185.328741 295.635951 236.000000
v -185.200000 296.200000 236.000000
vt 0.952364 0.070765
vt 0.813625 0.027271
vt 0.613140 0.003134
vt 0.390619 0.003134
vt 0.190135 0.027271
vt 0.051395 0.070765
vt 0.001880 0.125000
vt 0.051395 0.179235
vt 0.190135 0.222729
vt 0.390619 0.246866
vt 0.613140 0.246866
vt 0.813625 0.222729
vt 0.952364 0.179235
vt 1.001880 0.125000
vt 0.000000 0.250000
vt 0.071429 0.250000
vt 0.142857 0.250000
vt 0.214286 0.250000
vt 0.285714 0.250000
vt 0.357143 0.250000
vt 0.428571 0.250000
vt 0.500000 0.250000
vt 0.571429 0.250000
vt 0.642857 0.250000
vt 0.714286 0.250000
vt 0.785714 0.250000
vt 0.857143 0.250000
vt 0.928572 0.250000
vt 1.000000 0.250000
vt 0.000000 0.750000
vt 0.071429 0.750000
vt 0.142857 0.750000
vt 0.214286 0.750000
vt 0.285714 0.750000
vt 0.357143 0.750000
vt 0.428571 0.750000
vt 0.500000 0.750000
vt 0.571429 0.750000
vt 0.642857 0.750000
vt 0.714286 0.750000
vt 0.785714 0.750000
vt 0.857143 0.750000
vt 0.928572 0.750000
vt 1.000000 0.750000
vt 0.952364 0.820765
vt 0.813625 0.777271
vt 0.613140 0.753134
vt 0.390619 0.753134
vt 0.190135 0.777271
vt 0.051395 0.820765
vt 0.001880 0.875000
vt 0.051395 0.929235
vt 0.190135 0.972729
vt 0.390619 0.996866
vt 0.613140 0.996866
vt 0.813625 0.972729
vt 0.952364 0.929235
vt 1.001880 0.875000
vn 0.900969 0.433884 0.000000
vn 0.623490 0.781831 0.000000
vn 0.623490 0.781831 0.000000
vn 0.900969 0.433884 0.000000
vn 0.222521 0.974928 0.000000
vn 0.222521 0.974928 0.000000
vn -0.222521 0.974928 0.000000
vn -0.222521 0.974928 0.000000
vn -0.623490 0.781832 0.000000
vn -0.623490 0.781832 0.000000
vn -0.900969 0.433884 0.000000
vn -0.900969 0.433884 0.000000
vn -1.000000 0.000000 0.000000
vn -1.000000 0.000000 0.000000
vn -0.900969 -0.433884 0.000000
vn -0.900969 -0.433884 0.000000
vn -0.623490 -0.781831 0.000000
vn -0.623490 -0.781831 0.000000
vn -0.222521 -0.974928 0.000000
vn -0.222521 -0.974928 0.000000
vn 0.222521 -0.974928 0.000000
vn 0.222521 -0.974928 0.000000
vn 0.623490 -0.781832 0.000000
vn 0.623490 -0.781832 0.000000
vn 0.900969 -0.433884 0.000000
vn 0.900969 -0.433884 0.000000
vn 1.000000 -0.000000 0.000000
vn 1.000000 -0.000000 0.000000
vn 0.000000 -0.000002 -1.000000
vn 0.000000 -0.000002 -1.000000
vn 0.000000 -0.000002 -1.000000
vn 0.000000 -0.000002 -1.000000
vn 0.000000 -0.000002 -1.000000
vn 0.000000 -0.000002 -1.000000
vn 0.000000 -0.000002 -1.000000
vn 0.000000 -0.000002 -1.000000
vn 0.000000 -0.000002 -1.000000
vn 0.000000 -0.000002 -1.000000
vn 0.000000 -0.000002 -1.000000
vn 0.000000 -0.000002 -1.000000
vn 0.000000 -0.000002 -1.000000
vn 0.000000 -0.000002 -1.000000
vn 0.000000 0.000001 1.000000
vn 0.000000 0.000001 1.000000
vn 0.000000 0.000001 1.000000
vn 0.000000 0.000001 1.000000
vn 0.000000 0.000001 1.000000
vn 0.000000 0.000001 1.000000
vn 0.000000 0.000001 1.000000
vn 0.000000 0.000001 1.000000
vn 0.000000 0.000001 1.000000
vn 0.000000 0.000001 1.000000
vn 0.000000 0.000001 1.000000
vn 0.000000 0.000001 1.000000
vn 0.000000 0.000001 1.000000
vn 0.000000 0.000001 1.000000
s 1
g GRP_Fluorescent_Lights Backrooms_Level0_Master_GRP GRP_Lamp_BL Lamp_BL_Tube_1
f 2237/5067/6377 2238/5068/6378 2252/5083/6379 2251/5082/6380
f 2238/5068/6378 2239/5069/6381 2253/5084/6382 2252/5083/6379
f 2239/5069/6381 2240/5070/6383 2254/5085/6384 2253/5084/6382
f 2240/5070/6383 2241/5071/6385 2255/5086/6386 2254/5085/6384
f 2241/5071/6385 2242/5072/6387 2256/5087/6388 2255/5086/6386
f 2242/5072/6387 2243/5073/6389 2257/5088/6390 2256/5087/6388
f 2243/5073/6389 2244/5074/6391 2258/5089/6392 2257/5088/6390
f 2244/5074/6391 2245/5075/6393 2259/5090/6394 2258/5089/6392
f 2245/5075/6393 2246/5076/6395 2260/5091/6396 2259/5090/6394
f 2246/5076/6395 2247/5077/6397 2261/5092/6398 2260/5091/6396
f 2247/5077/6397 2248/5078/6399 2262/5093/6400 2261/5092/6398
f 2248/5078/6399 2249/5079/6401 2263/5094/6402 2262/5093/6400
f 2249/5079/6401 2250/5080/6403 2264/5095/6404 2263/5094/6402
f 2250/5080/6403 2237/5081/6377 2251/5096/6380 2264/5095/6404
s off
f 2237/5053/6405 2250/5066/6406 2249/5065/6407 2248/5064/6408 2247/5063/6409 2246/5062/6410 2245/5061/6411 2244/5060/6412 2243/5059/6413 2242/5058/6414 2241/5057/6415 2240/5056/6416 2239/5055/6417 2238/5054/6418
f 2251/5109/6419 2252/5108/6420 2253/5107/6421 2254/5106/6422 2255/5105/6423 2256/5104/6424 2257/5103/6425 2258/5102/6426 2259/5101/6427 2260/5100/6428 2261/5099/6429 2262/5098/6430 2263/5097/6431 2264/5110/6432
g default
v -185.205573 297.140457 121.500000
v -186.005573 297.721691 121.500000
v -186.994427 297.721691 121.500000
v -187.794428 297.140456 121.500000
v -188.100000 296.200000 121.500000
v -187.794427 295.259543 121.500000
v -186.994427 294.678309 121.500000
v -186.005573 294.678310 121.500000
v -185.205573 295.259544 121.500000
v -184.900000 296.200000 121.500000
v -185.205573 297.140457 124.500000
v -186.005573 297.721691 124.500000
v -186.994427 297.721691 124.500000
v -187.794428 297.140456 124.500000
v -188.100000 296.200000 124.500000
v -187.794427 295.259543 124.500000
v -186.994427 294.678309 124.500000
v -186.005573 294.678310 124.500000
v -185.205573 295.259544 124.500000
v -184.900000 296.200000 124.500000
vt 0.906388 0.051527
vt 0.656388 0.006118
vt 0.347371 0.006118
vt 0.097371 0.051527
vt 0.001880 0.125000
vt 0.097371 0.198473
vt 0.347371 0.243882
vt 0.656388 0.243882
vt 0.906388 0.198473
vt 1.001880 0.125000
vt 0.000000 0.250000
vt 0.100000 0.250000
vt 0.200000 0.250000
vt 0.300000 0.250000
vt 0.400000 0.250000
vt 0.500000 0.250000
vt 0.600000 0.250000
vt 0.700000 0.250000
vt 0.800000 0.250000
vt 0.900000 0.250000
vt 1.000000 0.250000
vt 0.000000 0.750000
vt 0.100000 0.750000
vt 0.200000 0.750000
vt 0.300000 0.750000
vt 0.400000 0.750000
vt 0.500000 0.750000
vt 0.600000 0.750000
vt 0.700000 0.750000
vt 0.800000 0.750000
vt 0.900000 0.750000
vt 1.000000 0.750000
vt 0.906388 0.801527
vt 0.656388 0.756118
vt 0.347371 0.756118
vt 0.097371 0.801527
vt 0.001880 0.875000
vt 0.097371 0.948473
vt 0.347371 0.993882
vt 0.656388 0.993882
vt 0.906388 0.948473
vt 1.001880 0.875000
vn 0.587785 0.809017 0.000000
vn 0.587785 0.809017 0.000000
vn 0.587785 0.809017 0.000000
vn 0.587785 0.809017 0.000000
vn 0.000000 1.000000 0.000000
vn 0.000000 1.000000 0.000000
vn 0.000000 1.000000 0.000000
vn 0.000000 1.000000 0.000000
vn -0.587785 0.809017 0.000000
vn -0.587785 0.809017 0.000000
vn -0.587785 0.809017 0.000000
vn -0.587785 0.809017 0.000000
vn -0.951057 0.309017 0.000000
vn -0.951057 0.309017 0.000000
vn -0.951057 0.309017 0.000000
vn -0.951057 0.309017 0.000000
vn -0.951056 -0.309017 0.000000
vn -0.951056 -0.309017 0.000000
vn -0.951056 -0.309017 0.000000
vn -0.951056 -0.309017 0.000000
vn -0.587785 -0.809017 0.000000
vn -0.587785 -0.809017 0.000000
vn -0.587785 -0.809017 0.000000
vn -0.587785 -0.809017 0.000000
vn 0.000000 -1.000000 0.000000
vn 0.000000 -1.000000 0.000000
vn 0.000000 -1.000000 0.000000
vn 0.000000 -1.000000 0.000000
vn 0.587785 -0.809017 0.000000
vn 0.587785 -0.809017 0.000000
vn 0.587785 -0.809017 0.000000
vn 0.587785 -0.809017 0.000000
vn 0.951057 -0.309017 0.000000
vn 0.951057 -0.309017 0.000000
vn 0.951057 -0.309017 0.000000
vn 0.951057 -0.309017 0.000000
vn 0.951057 0.309017 0.000000
vn 0.951057 0.309017 0.000000
vn 0.951057 0.309017 0.000000
vn 0.951057 0.309017 0.000000
vn 0.000000 -0.000000 -1.000000
vn 0.000000 -0.000000 -1.000000
vn 0.000000 -0.000000 -1.000000
vn 0.000000 -0.000000 -1.000000
vn 0.000000 -0.000000 -1.000000
vn 0.000000 -0.000000 -1.000000
vn 0.000000 -0.000000 -1.000000
vn 0.000000 -0.000000 -1.000000
vn 0.000000 -0.000000 -1.000000
vn 0.000000 -0.000000 -1.000000
vn 0.000000 -0.000000 1.000000
vn 0.000000 -0.000000 1.000000
vn 0.000000 -0.000000 1.000000
vn 0.000000 -0.000000 1.000000
vn 0.000000 -0.000000 1.000000
vn 0.000000 -0.000000 1.000000
vn 0.000000 -0.000000 1.000000
vn 0.000000 -0.000000 1.000000
vn 0.000000 -0.000000 1.000000
vn 0.000000 -0.000000 1.000000
s off
g GRP_Fluorescent_Lights Backrooms_Level0_Master_GRP GRP_Lamp_BL Lamp_BL_Cap_1_1
f 2265/5121/6433 2266/5122/6434 2276/5133/6435 2275/5132/6436
f 2266/5122/6437 2267/5123/6438 2277/5134/6439 2276/5133/6440
f 2267/5123/6441 2268/5124/6442 2278/5135/6443 2277/5134/6444
f 2268/5124/6445 2269/5125/6446 2279/5136/6447 2278/5135/6448
f 2269/5125/6449 2270/5126/6450 2280/5137/6451 2279/5136/6452
f 2270/5126/6453 2271/5127/6454 2281/5138/6455 2280/5137/6456
f 2271/5127/6457 2272/5128/6458 2282/5139/6459 2281/5138/6460
f 2272/5128/6461 2273/5129/6462 2283/5140/6463 2282/5139/6464
f 2273/5129/6465 2274/5130/6466 2284/5141/6467 2283/5140/6468
f 2274/5130/6469 2265/5131/6470 2275/5142/6471 2284/5141/6472
f 2265/5111/6473 2274/5120/6474 2273/5119/6475 2272/5118/6476 2271/5117/6477 2270/5116/6478 2269/5115/6479 2268/5114/6480 2267/5113/6481 2266/5112/6482
f 2275/5151/6483 2276/5150/6484 2277/5149/6485 2278/5148/6486 2279/5147/6487 2280/5146/6488 2281/5145/6489 2282/5144/6490 2283/5143/6491 2284/5152/6492
g default
v -185.205573 297.140457 121.500000
v -186.005573 297.721691 121.500000
v -186.994427 297.721691 121.500000
v -187.794428 297.140456 121.500000
v -188.100000 296.200000 121.500000
v -187.794427 295.259543 121.500000
v -186.994427 294.678309 121.500000
v -186.005573 294.678310 121.500000
v -185.205573 295.259544 121.500000
v -184.900000 296.200000 121.500000
v -185.205573 297.140457 124.500000
v -186.005573 297.721691 124.500000
v -186.994427 297.721691 124.500000
v -187.794428 297.140456 124.500000
v -188.100000 296.200000 124.500000
v -187.794427 295.259543 124.500000
v -186.994427 294.678309 124.500000
v -186.005573 294.678310 124.500000
v -185.205573 295.259544 124.500000
v -184.900000 296.200000 124.500000
vt 0.906388 0.051527
vt 0.656388 0.006118
vt 0.347371 0.006118
vt 0.097371 0.051527
vt 0.001880 0.125000
vt 0.097371 0.198473
vt 0.347371 0.243882
vt 0.656388 0.243882
vt 0.906388 0.198473
vt 1.001880 0.125000
vt 0.000000 0.250000
vt 0.100000 0.250000
vt 0.200000 0.250000
vt 0.300000 0.250000
vt 0.400000 0.250000
vt 0.500000 0.250000
vt 0.600000 0.250000
vt 0.700000 0.250000
vt 0.800000 0.250000
vt 0.900000 0.250000
vt 1.000000 0.250000
vt 0.000000 0.750000
vt 0.100000 0.750000
vt 0.200000 0.750000
vt 0.300000 0.750000
vt 0.400000 0.750000
vt 0.500000 0.750000
vt 0.600000 0.750000
vt 0.700000 0.750000
vt 0.800000 0.750000
vt 0.900000 0.750000
vt 1.000000 0.750000
vt 0.906388 0.801527
vt 0.656388 0.756118
vt 0.347371 0.756118
vt 0.097371 0.801527
vt 0.001880 0.875000
vt 0.097371 0.948473
vt 0.347371 0.993882
vt 0.656388 0.993882
vt 0.906388 0.948473
vt 1.001880 0.875000
vn 0.587785 0.809017 0.000000
vn 0.587785 0.809017 0.000000
vn 0.587785 0.809017 0.000000
vn 0.587785 0.809017 0.000000
vn 0.000000 1.000000 0.000000
vn 0.000000 1.000000 0.000000
vn 0.000000 1.000000 0.000000
vn 0.000000 1.000000 0.000000
vn -0.587785 0.809017 0.000000
vn -0.587785 0.809017 0.000000
vn -0.587785 0.809017 0.000000
vn -0.587785 0.809017 0.000000
vn -0.951057 0.309017 0.000000
vn -0.951057 0.309017 0.000000
vn -0.951057 0.309017 0.000000
vn -0.951057 0.309017 0.000000
vn -0.951056 -0.309017 0.000000
vn -0.951056 -0.309017 0.000000
vn -0.951056 -0.309017 0.000000
vn -0.951056 -0.309017 0.000000
vn -0.587785 -0.809017 0.000000
vn -0.587785 -0.809017 0.000000
vn -0.587785 -0.809017 0.000000
vn -0.587785 -0.809017 0.000000
vn 0.000000 -1.000000 0.000000
vn 0.000000 -1.000000 0.000000
vn 0.000000 -1.000000 0.000000
vn 0.000000 -1.000000 0.000000
vn 0.587785 -0.809017 0.000000
vn 0.587785 -0.809017 0.000000
vn 0.587785 -0.809017 0.000000
vn 0.587785 -0.809017 0.000000
vn 0.951057 -0.309017 0.000000
vn 0.951057 -0.309017 0.000000
vn 0.951057 -0.309017 0.000000
vn 0.951057 -0.309017 0.000000
vn 0.951057 0.309017 0.000000
vn 0.951057 0.309017 0.000000
vn 0.951057 0.309017 0.000000
vn 0.951057 0.309017 0.000000
vn 0.000000 -0.000000 -1.000000
vn 0.000000 -0.000000 -1.000000
vn 0.000000 -0.000000 -1.000000
vn 0.000000 -0.000000 -1.000000
vn 0.000000 -0.000000 -1.000000
vn 0.000000 -0.000000 -1.000000
vn 0.000000 -0.000000 -1.000000
vn 0.000000 -0.000000 -1.000000
vn 0.000000 -0.000000 -1.000000
vn 0.000000 -0.000000 -1.000000
vn 0.000000 -0.000000 1.000000
vn 0.000000 -0.000000 1.000000
vn 0.000000 -0.000000 1.000000
vn 0.000000 -0.000000 1.000000
vn 0.000000 -0.000000 1.000000
vn 0.000000 -0.000000 1.000000
vn 0.000000 -0.000000 1.000000
vn 0.000000 -0.000000 1.000000
vn 0.000000 -0.000000 1.000000
vn 0.000000 -0.000000 1.000000
s off
g GRP_Fluorescent_Lights Backrooms_Level0_Master_GRP GRP_Lamp_BL Lamp_BL_Cap_1_1
f 2285/5163/6493 2286/5164/6494 2296/5175/6495 2295/5174/6496
f 2286/5164/6497 2287/5165/6498 2297/5176/6499 2296/5175/6500
f 2287/5165/6501 2288/5166/6502 2298/5177/6503 2297/5176/6504
f 2288/5166/6505 2289/5167/6506 2299/5178/6507 2298/5177/6508
f 2289/5167/6509 2290/5168/6510 2300/5179/6511 2299/5178/6512
f 2290/5168/6513 2291/5169/6514 2301/5180/6515 2300/5179/6516
f 2291/5169/6517 2292/5170/6518 2302/5181/6519 2301/5180/6520
f 2292/5170/6521 2293/5171/6522 2303/5182/6523 2302/5181/6524
f 2293/5171/6525 2294/5172/6526 2304/5183/6527 2303/5182/6528
f 2294/5172/6529 2285/5173/6530 2295/5184/6531 2304/5183/6532
f 2285/5153/6533 2294/5162/6534 2293/5161/6535 2292/5160/6536 2291/5159/6537 2290/5158/6538 2289/5157/6539 2288/5156/6540 2287/5155/6541 2286/5154/6542
f 2295/5193/6543 2296/5192/6544 2297/5191/6545 2298/5190/6546 2299/5189/6547 2300/5188/6548 2301/5187/6549 2302/5186/6550 2303/5185/6551 2304/5194/6552
g default
v -185.205573 297.140457 235.500000
v -186.005573 297.721691 235.500000
v -186.994427 297.721691 235.500000
v -187.794428 297.140456 235.500000
v -188.100000 296.200000 235.500000
v -187.794427 295.259543 235.500000
v -186.994427 294.678309 235.500000
v -186.005573 294.678310 235.500000
v -185.205573 295.259544 235.500000
v -184.900000 296.200000 235.500000
v -185.205573 297.140457 238.500000
v -186.005573 297.721691 238.500000
v -186.994427 297.721691 238.500000
v -187.794428 297.140456 238.500000
v -188.100000 296.200000 238.500000
v -187.794427 295.259543 238.500000
v -186.994427 294.678309 238.500000
v -186.005573 294.678310 238.500000
v -185.205573 295.259544 238.500000
v -184.900000 296.200000 238.500000
vt 0.906388 0.051527
vt 0.656388 0.006118
vt 0.347371 0.006118
vt 0.097371 0.051527
vt 0.001880 0.125000
vt 0.097371 0.198473
vt 0.347371 0.243882
vt 0.656388 0.243882
vt 0.906388 0.198473
vt 1.001880 0.125000
vt 0.000000 0.250000
vt 0.100000 0.250000
vt 0.200000 0.250000
vt 0.300000 0.250000
vt 0.400000 0.250000
vt 0.500000 0.250000
vt 0.600000 0.250000
vt 0.700000 0.250000
vt 0.800000 0.250000
vt 0.900000 0.250000
vt 1.000000 0.250000
vt 0.000000 0.750000
vt 0.100000 0.750000
vt 0.200000 0.750000
vt 0.300000 0.750000
vt 0.400000 0.750000
vt 0.500000 0.750000
vt 0.600000 0.750000
vt 0.700000 0.750000
vt 0.800000 0.750000
vt 0.900000 0.750000
vt 1.000000 0.750000
vt 0.906388 0.801527
vt 0.656388 0.756118
vt 0.347371 0.756118
vt 0.097371 0.801527
vt 0.001880 0.875000
vt 0.097371 0.948473
vt 0.347371 0.993882
vt 0.656388 0.993882
vt 0.906388 0.948473
vt 1.001880 0.875000
vn 0.587785 0.809017 0.000000
vn 0.587785 0.809017 0.000000
vn 0.587785 0.809017 0.000000
vn 0.587785 0.809017 0.000000
vn 0.000000 1.000000 0.000000
vn 0.000000 1.000000 0.000000
vn 0.000000 1.000000 0.000000
vn 0.000000 1.000000 0.000000
vn -0.587785 0.809017 0.000000
vn -0.587785 0.809017 0.000000
vn -0.587785 0.809017 0.000000
vn -0.587785 0.809017 0.000000
vn -0.951057 0.309017 0.000000
vn -0.951057 0.309017 0.000000
vn -0.951057 0.309017 0.000000
vn -0.951057 0.309017 0.000000
vn -0.951056 -0.309017 0.000000
vn -0.951056 -0.309017 0.000000
vn -0.951056 -0.309017 0.000000
vn -0.951056 -0.309017 0.000000
vn -0.587785 -0.809017 0.000000
vn -0.587785 -0.809017 0.000000
vn -0.587785 -0.809017 0.000000
vn -0.587785 -0.809017 0.000000
vn 0.000000 -1.000000 0.000000
vn 0.000000 -1.000000 0.000000
vn 0.000000 -1.000000 0.000000
vn 0.000000 -1.000000 0.000000
vn 0.587785 -0.809017 0.000000
vn 0.587785 -0.809017 0.000000
vn 0.587785 -0.809017 0.000000
vn 0.587785 -0.809017 0.000000
vn 0.951057 -0.309017 0.000000
vn 0.951057 -0.309017 0.000000
vn 0.951057 -0.309017 0.000000
vn 0.951057 -0.309017 0.000000
vn 0.951057 0.309017 0.000000
vn 0.951057 0.309017 0.000000
vn 0.951057 0.309017 0.000000
vn 0.951057 0.309017 0.000000
vn 0.000000 -0.000000 -1.000000
vn 0.000000 -0.000000 -1.000000
vn 0.000000 -0.000000 -1.000000
vn 0.000000 -0.000000 -1.000000
vn 0.000000 -0.000000 -1.000000
vn 0.000000 -0.000000 -1.000000
vn 0.000000 -0.000000 -1.000000
vn 0.000000 -0.000000 -1.000000
vn 0.000000 -0.000000 -1.000000
vn 0.000000 -0.000000 -1.000000
vn 0.000000 -0.000000 1.000000
vn 0.000000 -0.000000 1.000000
vn 0.000000 -0.000000 1.000000
vn 0.000000 -0.000000 1.000000
vn 0.000000 -0.000000 1.000000
vn 0.000000 -0.000000 1.000000
vn 0.000000 -0.000000 1.000000
vn 0.000000 -0.000000 1.000000
vn 0.000000 -0.000000 1.000000
vn 0.000000 -0.000000 1.000000
s off
g GRP_Fluorescent_Lights Backrooms_Level0_Master_GRP GRP_Lamp_BL Lamp_BL_Cap_1_2
f 2305/5205/6553 2306/5206/6554 2316/5217/6555 2315/5216/6556
f 2306/5206/6557 2307/5207/6558 2317/5218/6559 2316/5217/6560
f 2307/5207/6561 2308/5208/6562 2318/5219/6563 2317/5218/6564
f 2308/5208/6565 2309/5209/6566 2319/5220/6567 2318/5219/6568
f 2309/5209/6569 2310/5210/6570 2320/5221/6571 2319/5220/6572
f 2310/5210/6573 2311/5211/6574 2321/5222/6575 2320/5221/6576
f 2311/5211/6577 2312/5212/6578 2322/5223/6579 2321/5222/6580
f 2312/5212/6581 2313/5213/6582 2323/5224/6583 2322/5223/6584
f 2313/5213/6585 2314/5214/6586 2324/5225/6587 2323/5224/6588
f 2314/5214/6589 2305/5215/6590 2315/5226/6591 2324/5225/6592
f 2305/5195/6593 2314/5204/6594 2313/5203/6595 2312/5202/6596 2311/5201/6597 2310/5200/6598 2309/5199/6599 2308/5198/6600 2307/5197/6601 2306/5196/6602
f 2315/5235/6603 2316/5234/6604 2317/5233/6605 2318/5232/6606 2319/5231/6607 2320/5230/6608 2321/5229/6609 2322/5228/6610 2323/5227/6611 2324/5236/6612
g default
v -185.205573 297.140457 235.500000
v -186.005573 297.721691 235.500000
v -186.994427 297.721691 235.500000
v -187.794428 297.140456 235.500000
v -188.100000 296.200000 235.500000
v -187.794427 295.259543 235.500000
v -186.994427 294.678309 235.500000
v -186.005573 294.678310 235.500000
v -185.205573 295.259544 235.500000
v -184.900000 296.200000 235.500000
v -185.205573 297.140457 238.500000
v -186.005573 297.721691 238.500000
v -186.994427 297.721691 238.500000
v -187.794428 297.140456 238.500000
v -188.100000 296.200000 238.500000
v -187.794427 295.259543 238.500000
v -186.994427 294.678309 238.500000
v -186.005573 294.678310 238.500000
v -185.205573 295.259544 238.500000
v -184.900000 296.200000 238.500000
vt 0.906388 0.051527
vt 0.656388 0.006118
vt 0.347371 0.006118
vt 0.097371 0.051527
vt 0.001880 0.125000
vt 0.097371 0.198473
vt 0.347371 0.243882
vt 0.656388 0.243882
vt 0.906388 0.198473
vt 1.001880 0.125000
vt 0.000000 0.250000
vt 0.100000 0.250000
vt 0.200000 0.250000
vt 0.300000 0.250000
vt 0.400000 0.250000
vt 0.500000 0.250000
vt 0.600000 0.250000
vt 0.700000 0.250000
vt 0.800000 0.250000
vt 0.900000 0.250000
vt 1.000000 0.250000
vt 0.000000 0.750000
vt 0.100000 0.750000
vt 0.200000 0.750000
vt 0.300000 0.750000
vt 0.400000 0.750000
vt 0.500000 0.750000
vt 0.600000 0.750000
vt 0.700000 0.750000
vt 0.800000 0.750000
vt 0.900000 0.750000
vt 1.000000 0.750000
vt 0.906388 0.801527
vt 0.656388 0.756118
vt 0.347371 0.756118
vt 0.097371 0.801527
vt 0.001880 0.875000
vt 0.097371 0.948473
vt 0.347371 0.993882
vt 0.656388 0.993882
vt 0.906388 0.948473
vt 1.001880 0.875000
vn 0.587785 0.809017 0.000000
vn 0.587785 0.809017 0.000000
vn 0.587785 0.809017 0.000000
vn 0.587785 0.809017 0.000000
vn 0.000000 1.000000 0.000000
vn 0.000000 1.000000 0.000000
vn 0.000000 1.000000 0.000000
vn 0.000000 1.000000 0.000000
vn -0.587785 0.809017 0.000000
vn -0.587785 0.809017 0.000000
vn -0.587785 0.809017 0.000000
vn -0.587785 0.809017 0.000000
vn -0.951057 0.309017 0.000000
vn -0.951057 0.309017 0.000000
vn -0.951057 0.309017 0.000000
vn -0.951057 0.309017 0.000000
vn -0.951056 -0.309017 0.000000
vn -0.951056 -0.309017 0.000000
vn -0.951056 -0.309017 0.000000
vn -0.951056 -0.309017 0.000000
vn -0.587785 -0.809017 0.000000
vn -0.587785 -0.809017 0.000000
vn -0.587785 -0.809017 0.000000
vn -0.587785 -0.809017 0.000000
vn 0.000000 -1.000000 0.000000
vn 0.000000 -1.000000 0.000000
vn 0.000000 -1.000000 0.000000
vn 0.000000 -1.000000 0.000000
vn 0.587785 -0.809017 0.000000
vn 0.587785 -0.809017 0.000000
vn 0.587785 -0.809017 0.000000
vn 0.587785 -0.809017 0.000000
vn 0.951057 -0.309017 0.000000
vn 0.951057 -0.309017 0.000000
vn 0.951057 -0.309017 0.000000
vn 0.951057 -0.309017 0.000000
vn 0.951057 0.309017 0.000000
vn 0.951057 0.309017 0.000000
vn 0.951057 0.309017 0.000000
vn 0.951057 0.309017 0.000000
vn 0.000000 -0.000000 -1.000000
vn 0.000000 -0.000000 -1.000000
vn 0.000000 -0.000000 -1.000000
vn 0.000000 -0.000000 -1.000000
vn 0.000000 -0.000000 -1.000000
vn 0.000000 -0.000000 -1.000000
vn 0.000000 -0.000000 -1.000000
vn 0.000000 -0.000000 -1.000000
vn 0.000000 -0.000000 -1.000000
vn 0.000000 -0.000000 -1.000000
vn 0.000000 -0.000000 1.000000
vn 0.000000 -0.000000 1.000000
vn 0.000000 -0.000000 1.000000
vn 0.000000 -0.000000 1.000000
vn 0.000000 -0.000000 1.000000
vn 0.000000 -0.000000 1.000000
vn 0.000000 -0.000000 1.000000
vn 0.000000 -0.000000 1.000000
vn 0.000000 -0.000000 1.000000
vn 0.000000 -0.000000 1.000000
s off
g GRP_Fluorescent_Lights Backrooms_Level0_Master_GRP GRP_Lamp_BL Lamp_BL_Cap_1_2
f 2325/5247/6613 2326/5248/6614 2336/5259/6615 2335/5258/6616
f 2326/5248/6617 2327/5249/6618 2337/5260/6619 2336/5259/6620
f 2327/5249/6621 2328/5250/6622 2338/5261/6623 2337/5260/6624
f 2328/5250/6625 2329/5251/6626 2339/5262/6627 2338/5261/6628
f 2329/5251/6629 2330/5252/6630 2340/5263/6631 2339/5262/6632
f 2330/5252/6633 2331/5253/6634 2341/5264/6635 2340/5263/6636
f 2331/5253/6637 2332/5254/6638 2342/5265/6639 2341/5264/6640
f 2332/5254/6641 2333/5255/6642 2343/5266/6643 2342/5265/6644
f 2333/5255/6645 2334/5256/6646 2344/5267/6647 2343/5266/6648
f 2334/5256/6649 2325/5257/6650 2335/5268/6651 2344/5267/6652
f 2325/5237/6653 2334/5246/6654 2333/5245/6655 2332/5244/6656 2331/5243/6657 2330/5242/6658 2329/5241/6659 2328/5240/6660 2327/5239/6661 2326/5238/6662
f 2335/5277/6663 2336/5276/6664 2337/5275/6665 2338/5274/6666 2339/5273/6667 2340/5272/6668 2341/5271/6669 2342/5270/6670 2343/5269/6671 2344/5278/6672
g default
v -172.328740 296.764048 124.000000
v -172.689463 297.216381 124.000000
v -173.210723 297.467406 124.000000
v -173.789277 297.467406 124.000000
v -174.310536 297.216381 124.000000
v -174.671259 296.764049 124.000000
v -174.800000 296.200000 124.000000
v -174.671259 295.635951 124.000000
v -174.310537 295.183619 124.000000
v -173.789277 294.932594 124.000000
v -173.210723 294.932594 124.000000
v -172.689463 295.183619 124.000000
v -172.328741 295.635951 124.000000
v -172.200000 296.200000 124.000000
v -172.328740 296.764048 236.000000
v -172.689463 297.216381 236.000000
v -173.210723 297.467406 236.000000
v -173.789277 297.467406 236.000000
v -174.310536 297.216381 236.000000
v -174.671259 296.764049 236.000000
v -174.800000 296.200000 236.000000
v -174.671259 295.635951 236.000000
v -174.310537 295.183619 236.000000
v -173.789277 294.932594 236.000000
v -173.210723 294.932594 236.000000
v -172.689463 295.183619 236.000000
v -172.328741 295.635951 236.000000
v -172.200000 296.200000 236.000000
vt 0.952364 0.070765
vt 0.813625 0.027271
vt 0.613140 0.003134
vt 0.390619 0.003134
vt 0.190135 0.027271
vt 0.051395 0.070765
vt 0.001880 0.125000
vt 0.051395 0.179235
vt 0.190135 0.222729
vt 0.390619 0.246866
vt 0.613140 0.246866
vt 0.813625 0.222729
vt 0.952364 0.179235
vt 1.001880 0.125000
vt 0.000000 0.250000
vt 0.071429 0.250000
vt 0.142857 0.250000
vt 0.214286 0.250000
vt 0.285714 0.250000
vt 0.357143 0.250000
vt 0.428571 0.250000
vt 0.500000 0.250000
vt 0.571429 0.250000
vt 0.642857 0.250000
vt 0.714286 0.250000
vt 0.785714 0.250000
vt 0.857143 0.250000
vt 0.928572 0.250000
vt 1.000000 0.250000
vt 0.000000 0.750000
vt 0.071429 0.750000
vt 0.142857 0.750000
vt 0.214286 0.750000
vt 0.285714 0.750000
vt 0.357143 0.750000
vt 0.428571 0.750000
vt 0.500000 0.750000
vt 0.571429 0.750000
vt 0.642857 0.750000
vt 0.714286 0.750000
vt 0.785714 0.750000
vt 0.857143 0.750000
vt 0.928572 0.750000
vt 1.000000 0.750000
vt 0.952364 0.820765
vt 0.813625 0.777271
vt 0.613140 0.753134
vt 0.390619 0.753134
vt 0.190135 0.777271
vt 0.051395 0.820765
vt 0.001880 0.875000
vt 0.051395 0.929235
vt 0.190135 0.972729
vt 0.390619 0.996866
vt 0.613140 0.996866
vt 0.813625 0.972729
vt 0.952364 0.929235
vt 1.001880 0.875000
vn 0.900969 0.433884 0.000000
vn 0.623490 0.781831 0.000000
vn 0.623490 0.781831 0.000000
vn 0.900969 0.433884 0.000000
vn 0.222521 0.974928 0.000000
vn 0.222521 0.974928 0.000000
vn -0.222521 0.974928 0.000000
vn -0.222521 0.974928 0.000000
vn -0.623490 0.781832 0.000000
vn -0.623490 0.781832 0.000000
vn -0.900969 0.433884 0.000000
vn -0.900969 0.433884 0.000000
vn -1.000000 0.000000 0.000000
vn -1.000000 0.000000 0.000000
vn -0.900969 -0.433884 0.000000
vn -0.900969 -0.433884 0.000000
vn -0.623490 -0.781831 0.000000
vn -0.623490 -0.781831 0.000000
vn -0.222521 -0.974928 0.000000
vn -0.222521 -0.974928 0.000000
vn 0.222521 -0.974928 0.000000
vn 0.222521 -0.974928 0.000000
vn 0.623490 -0.781832 0.000000
vn 0.623490 -0.781832 0.000000
vn 0.900969 -0.433884 0.000000
vn 0.900969 -0.433884 0.000000
vn 1.000000 -0.000000 0.000000
vn 1.000000 -0.000000 0.000000
vn 0.000000 -0.000002 -1.000000
vn 0.000000 -0.000002 -1.000000
vn 0.000000 -0.000002 -1.000000
vn 0.000000 -0.000002 -1.000000
vn 0.000000 -0.000002 -1.000000
vn 0.000000 -0.000002 -1.000000
vn 0.000000 -0.000002 -1.000000
vn 0.000000 -0.000002 -1.000000
vn 0.000000 -0.000002 -1.000000
vn 0.000000 -0.000002 -1.000000
vn 0.000000 -0.000002 -1.000000
vn 0.000000 -0.000002 -1.000000
vn 0.000000 -0.000002 -1.000000
vn 0.000000 -0.000002 -1.000000
vn 0.000000 0.000001 1.000000
vn 0.000000 0.000001 1.000000
vn 0.000000 0.000001 1.000000
vn 0.000000 0.000001 1.000000
vn 0.000000 0.000001 1.000000
vn 0.000000 0.000001 1.000000
vn 0.000000 0.000001 1.000000
vn 0.000000 0.000001 1.000000
vn 0.000000 0.000001 1.000000
vn 0.000000 0.000001 1.000000
vn 0.000000 0.000001 1.000000
vn 0.000000 0.000001 1.000000
vn 0.000000 0.000001 1.000000
vn 0.000000 0.000001 1.000000
s 1
g GRP_Fluorescent_Lights Backrooms_Level0_Master_GRP GRP_Lamp_BL Lamp_BL_Tube_2
f 2345/5293/6673 2346/5294/6674 2360/5309/6675 2359/5308/6676
f 2346/5294/6674 2347/5295/6677 2361/5310/6678 2360/5309/6675
f 2347/5295/6677 2348/5296/6679 2362/5311/6680 2361/5310/6678
f 2348/5296/6679 2349/5297/6681 2363/5312/6682 2362/5311/6680
f 2349/5297/6681 2350/5298/6683 2364/5313/6684 2363/5312/6682
f 2350/5298/6683 2351/5299/6685 2365/5314/6686 2364/5313/6684
f 2351/5299/6685 2352/5300/6687 2366/5315/6688 2365/5314/6686
f 2352/5300/6687 2353/5301/6689 2367/5316/6690 2366/5315/6688
f 2353/5301/6689 2354/5302/6691 2368/5317/6692 2367/5316/6690
f 2354/5302/6691 2355/5303/6693 2369/5318/6694 2368/5317/6692
f 2355/5303/6693 2356/5304/6695 2370/5319/6696 2369/5318/6694
f 2356/5304/6695 2357/5305/6697 2371/5320/6698 2370/5319/6696
f 2357/5305/6697 2358/5306/6699 2372/5321/6700 2371/5320/6698
f 2358/5306/6699 2345/5307/6673 2359/5322/6676 2372/5321/6700
s off
f 2345/5279/6701 2358/5292/6702 2357/5291/6703 2356/5290/6704 2355/5289/6705 2354/5288/6706 2353/5287/6707 2352/5286/6708 2351/5285/6709 2350/5284/6710 2349/5283/6711 2348/5282/6712 2347/5281/6713 2346/5280/6714
f 2359/5335/6715 2360/5334/6716 2361/5333/6717 2362/5332/6718 2363/5331/6719 2364/5330/6720 2365/5329/6721 2366/5328/6722 2367/5327/6723 2368/5326/6724 2369/5325/6725 2370/5324/6726 2371/5323/6727 2372/5336/6728
g default
v -172.328740 296.764048 124.000000
v -172.689463 297.216381 124.000000
v -173.210723 297.467406 124.000000
v -173.789277 297.467406 124.000000
v -174.310536 297.216381 124.000000
v -174.671259 296.764049 124.000000
v -174.800000 296.200000 124.000000
v -174.671259 295.635951 124.000000
v -174.310537 295.183619 124.000000
v -173.789277 294.932594 124.000000
v -173.210723 294.932594 124.000000
v -172.689463 295.183619 124.000000
v -172.328741 295.635951 124.000000
v -172.200000 296.200000 124.000000
v -172.328740 296.764048 236.000000
v -172.689463 297.216381 236.000000
v -173.210723 297.467406 236.000000
v -173.789277 297.467406 236.000000
v -174.310536 297.216381 236.000000
v -174.671259 296.764049 236.000000
v -174.800000 296.200000 236.000000
v -174.671259 295.635951 236.000000
v -174.310537 295.183619 236.000000
v -173.789277 294.932594 236.000000
v -173.210723 294.932594 236.000000
v -172.689463 295.183619 236.000000
v -172.328741 295.635951 236.000000
v -172.200000 296.200000 236.000000
vt 0.952364 0.070765
vt 0.813625 0.027271
vt 0.613140 0.003134
vt 0.390619 0.003134
vt 0.190135 0.027271
vt 0.051395 0.070765
vt 0.001880 0.125000
vt 0.051395 0.179235
vt 0.190135 0.222729
vt 0.390619 0.246866
vt 0.613140 0.246866
vt 0.813625 0.222729
vt 0.952364 0.179235
vt 1.001880 0.125000
vt 0.000000 0.250000
vt 0.071429 0.250000
vt 0.142857 0.250000
vt 0.214286 0.250000
vt 0.285714 0.250000
vt 0.357143 0.250000
vt 0.428571 0.250000
vt 0.500000 0.250000
vt 0.571429 0.250000
vt 0.642857 0.250000
vt 0.714286 0.250000
vt 0.785714 0.250000
vt 0.857143 0.250000
vt 0.928572 0.250000
vt 1.000000 0.250000
vt 0.000000 0.750000
vt 0.071429 0.750000
vt 0.142857 0.750000
vt 0.214286 0.750000
vt 0.285714 0.750000
vt 0.357143 0.750000
vt 0.428571 0.750000
vt 0.500000 0.750000
vt 0.571429 0.750000
vt 0.642857 0.750000
vt 0.714286 0.750000
vt 0.785714 0.750000
vt 0.857143 0.750000
vt 0.928572 0.750000
vt 1.000000 0.750000
vt 0.952364 0.820765
vt 0.813625 0.777271
vt 0.613140 0.753134
vt 0.390619 0.753134
vt 0.190135 0.777271
vt 0.051395 0.820765
vt 0.001880 0.875000
vt 0.051395 0.929235
vt 0.190135 0.972729
vt 0.390619 0.996866
vt 0.613140 0.996866
vt 0.813625 0.972729
vt 0.952364 0.929235
vt 1.001880 0.875000
vn 0.900969 0.433884 0.000000
vn 0.623490 0.781831 0.000000
vn 0.623490 0.781831 0.000000
vn 0.900969 0.433884 0.000000
vn 0.222521 0.974928 0.000000
vn 0.222521 0.974928 0.000000
vn -0.222521 0.974928 0.000000
vn -0.222521 0.974928 0.000000
vn -0.623490 0.781832 0.000000
vn -0.623490 0.781832 0.000000
vn -0.900969 0.433884 0.000000
vn -0.900969 0.433884 0.000000
vn -1.000000 0.000000 0.000000
vn -1.000000 0.000000 0.000000
vn -0.900969 -0.433884 0.000000
vn -0.900969 -0.433884 0.000000
vn -0.623490 -0.781831 0.000000
vn -0.623490 -0.781831 0.000000
vn -0.222521 -0.974928 0.000000
vn -0.222521 -0.974928 0.000000
vn 0.222521 -0.974928 0.000000
vn 0.222521 -0.974928 0.000000
vn 0.623490 -0.781832 0.000000
vn 0.623490 -0.781832 0.000000
vn 0.900969 -0.433884 0.000000
vn 0.900969 -0.433884 0.000000
vn 1.000000 -0.000000 0.000000
vn 1.000000 -0.000000 0.000000
vn 0.000000 -0.000002 -1.000000
vn 0.000000 -0.000002 -1.000000
vn 0.000000 -0.000002 -1.000000
vn 0.000000 -0.000002 -1.000000
vn 0.000000 -0.000002 -1.000000
vn 0.000000 -0.000002 -1.000000
vn 0.000000 -0.000002 -1.000000
vn 0.000000 -0.000002 -1.000000
vn 0.000000 -0.000002 -1.000000
vn 0.000000 -0.000002 -1.000000
vn 0.000000 -0.000002 -1.000000
vn 0.000000 -0.000002 -1.000000
vn 0.000000 -0.000002 -1.000000
vn 0.000000 -0.000002 -1.000000
vn 0.000000 0.000001 1.000000
vn 0.000000 0.000001 1.000000
vn 0.000000 0.000001 1.000000
vn 0.000000 0.000001 1.000000
vn 0.000000 0.000001 1.000000
vn 0.000000 0.000001 1.000000
vn 0.000000 0.000001 1.000000
vn 0.000000 0.000001 1.000000
vn 0.000000 0.000001 1.000000
vn 0.000000 0.000001 1.000000
vn 0.000000 0.000001 1.000000
vn 0.000000 0.000001 1.000000
vn 0.000000 0.000001 1.000000
vn 0.000000 0.000001 1.000000
s 1
g GRP_Fluorescent_Lights Backrooms_Level0_Master_GRP GRP_Lamp_BL Lamp_BL_Tube_2
f 2373/5351/6729 2374/5352/6730 2388/5367/6731 2387/5366/6732
f 2374/5352/6730 2375/5353/6733 2389/5368/6734 2388/5367/6731
f 2375/5353/6733 2376/5354/6735 2390/5369/6736 2389/5368/6734
f 2376/5354/6735 2377/5355/6737 2391/5370/6738 2390/5369/6736
f 2377/5355/6737 2378/5356/6739 2392/5371/6740 2391/5370/6738
f 2378/5356/6739 2379/5357/6741 2393/5372/6742 2392/5371/6740
f 2379/5357/6741 2380/5358/6743 2394/5373/6744 2393/5372/6742
f 2380/5358/6743 2381/5359/6745 2395/5374/6746 2394/5373/6744
f 2381/5359/6745 2382/5360/6747 2396/5375/6748 2395/5374/6746
f 2382/5360/6747 2383/5361/6749 2397/5376/6750 2396/5375/6748
f 2383/5361/6749 2384/5362/6751 2398/5377/6752 2397/5376/6750
f 2384/5362/6751 2385/5363/6753 2399/5378/6754 2398/5377/6752
f 2385/5363/6753 2386/5364/6755 2400/5379/6756 2399/5378/6754
f 2386/5364/6755 2373/5365/6729 2387/5380/6732 2400/5379/6756
s off
f 2373/5337/6757 2386/5350/6758 2385/5349/6759 2384/5348/6760 2383/5347/6761 2382/5346/6762 2381/5345/6763 2380/5344/6764 2379/5343/6765 2378/5342/6766 2377/5341/6767 2376/5340/6768 2375/5339/6769 2374/5338/6770
f 2387/5393/6771 2388/5392/6772 2389/5391/6773 2390/5390/6774 2391/5389/6775 2392/5388/6776 2393/5387/6777 2394/5386/6778 2395/5385/6779 2396/5384/6780 2397/5383/6781 2398/5382/6782 2399/5381/6783 2400/5394/6784
g default
v -172.205573 297.140457 121.500000
v -173.005573 297.721691 121.500000
v -173.994427 297.721691 121.500000
v -174.794428 297.140456 121.500000
v -175.100000 296.200000 121.500000
v -174.794427 295.259543 121.500000
v -173.994427 294.678309 121.500000
v -173.005573 294.678310 121.500000
v -172.205573 295.259544 121.500000
v -171.900000 296.200000 121.500000
v -172.205573 297.140457 124.500000
v -173.005573 297.721691 124.500000
v -173.994427 297.721691 124.500000
v -174.794428 297.140456 124.500000
v -175.100000 296.200000 124.500000
v -174.794427 295.259543 124.500000
v -173.994427 294.678309 124.500000
v -173.005573 294.678310 124.500000
v -172.205573 295.259544 124.500000
v -171.900000 296.200000 124.500000
vt 0.906388 0.051527
vt 0.656388 0.006118
vt 0.347371 0.006118
vt 0.097371 0.051527
vt 0.001880 0.125000
vt 0.097371 0.198473
vt 0.347371 0.243882
vt 0.656388 0.243882
vt 0.906388 0.198473
vt 1.001880 0.125000
vt 0.000000 0.250000
vt 0.100000 0.250000
vt 0.200000 0.250000
vt 0.300000 0.250000
vt 0.400000 0.250000
vt 0.500000 0.250000
vt 0.600000 0.250000
vt 0.700000 0.250000
vt 0.800000 0.250000
vt 0.900000 0.250000
vt 1.000000 0.250000
vt 0.000000 0.750000
vt 0.100000 0.750000
vt 0.200000 0.750000
vt 0.300000 0.750000
vt 0.400000 0.750000
vt 0.500000 0.750000
vt 0.600000 0.750000
vt 0.700000 0.750000
vt 0.800000 0.750000
vt 0.900000 0.750000
vt 1.000000 0.750000
vt 0.906388 0.801527
vt 0.656388 0.756118
vt 0.347371 0.756118
vt 0.097371 0.801527
vt 0.001880 0.875000
vt 0.097371 0.948473
vt 0.347371 0.993882
vt 0.656388 0.993882
vt 0.906388 0.948473
vt 1.001880 0.875000
vn 0.587785 0.809017 0.000000
vn 0.587785 0.809017 0.000000
vn 0.587785 0.809017 0.000000
vn 0.587785 0.809017 0.000000
vn 0.000000 1.000000 0.000000
vn 0.000000 1.000000 0.000000
vn 0.000000 1.000000 0.000000
vn 0.000000 1.000000 0.000000
vn -0.587785 0.809017 0.000000
vn -0.587785 0.809017 0.000000
vn -0.587785 0.809017 0.000000
vn -0.587785 0.809017 0.000000
vn -0.951057 0.309017 0.000000
vn -0.951057 0.309017 0.000000
vn -0.951057 0.309017 0.000000
vn -0.951057 0.309017 0.000000
vn -0.951056 -0.309017 0.000000
vn -0.951056 -0.309017 0.000000
vn -0.951056 -0.309017 0.000000
vn -0.951056 -0.309017 0.000000
vn -0.587785 -0.809017 0.000000
vn -0.587785 -0.809017 0.000000
vn -0.587785 -0.809017 0.000000
vn -0.587785 -0.809017 0.000000
vn 0.000000 -1.000000 0.000000
vn 0.000000 -1.000000 0.000000
vn 0.000000 -1.000000 0.000000
vn 0.000000 -1.000000 0.000000
vn 0.587785 -0.809017 0.000000
vn 0.587785 -0.809017 0.000000
vn 0.587785 -0.809017 0.000000
vn 0.587785 -0.809017 0.000000
vn 0.951057 -0.309017 0.000000
vn 0.951057 -0.309017 0.000000
vn 0.951057 -0.309017 0.000000
vn 0.951057 -0.309017 0.000000
vn 0.951057 0.309017 0.000000
vn 0.951057 0.309017 0.000000
vn 0.951057 0.309017 0.000000
vn 0.951057 0.309017 0.000000
vn 0.000000 -0.000000 -1.000000
vn 0.000000 -0.000000 -1.000000
vn 0.000000 -0.000000 -1.000000
vn 0.000000 -0.000000 -1.000000
vn 0.000000 -0.000000 -1.000000
vn 0.000000 -0.000000 -1.000000
vn 0.000000 -0.000000 -1.000000
vn 0.000000 -0.000000 -1.000000
vn 0.000000 -0.000000 -1.000000
vn 0.000000 -0.000000 -1.000000
vn 0.000000 -0.000000 1.000000
vn 0.000000 -0.000000 1.000000
vn 0.000000 -0.000000 1.000000
vn 0.000000 -0.000000 1.000000
vn 0.000000 -0.000000 1.000000
vn 0.000000 -0.000000 1.000000
vn 0.000000 -0.000000 1.000000
vn 0.000000 -0.000000 1.000000
vn 0.000000 -0.000000 1.000000
vn 0.000000 -0.000000 1.000000
s off
g GRP_Fluorescent_Lights Backrooms_Level0_Master_GRP GRP_Lamp_BL Lamp_BL_Cap_2_1
f 2401/5405/6785 2402/5406/6786 2412/5417/6787 2411/5416/6788
f 2402/5406/6789 2403/5407/6790 2413/5418/6791 2412/5417/6792
f 2403/5407/6793 2404/5408/6794 2414/5419/6795 2413/5418/6796
f 2404/5408/6797 2405/5409/6798 2415/5420/6799 2414/5419/6800
f 2405/5409/6801 2406/5410/6802 2416/5421/6803 2415/5420/6804
f 2406/5410/6805 2407/5411/6806 2417/5422/6807 2416/5421/6808
f 2407/5411/6809 2408/5412/6810 2418/5423/6811 2417/5422/6812
f 2408/5412/6813 2409/5413/6814 2419/5424/6815 2418/5423/6816
f 2409/5413/6817 2410/5414/6818 2420/5425/6819 2419/5424/6820
f 2410/5414/6821 2401/5415/6822 2411/5426/6823 2420/5425/6824
f 2401/5395/6825 2410/5404/6826 2409/5403/6827 2408/5402/6828 2407/5401/6829 2406/5400/6830 2405/5399/6831 2404/5398/6832 2403/5397/6833 2402/5396/6834
f 2411/5435/6835 2412/5434/6836 2413/5433/6837 2414/5432/6838 2415/5431/6839 2416/5430/6840 2417/5429/6841 2418/5428/6842 2419/5427/6843 2420/5436/6844
g default
v -172.205573 297.140457 121.500000
v -173.005573 297.721691 121.500000
v -173.994427 297.721691 121.500000
v -174.794428 297.140456 121.500000
v -175.100000 296.200000 121.500000
v -174.794427 295.259543 121.500000
v -173.994427 294.678309 121.500000
v -173.005573 294.678310 121.500000
v -172.205573 295.259544 121.500000
v -171.900000 296.200000 121.500000
v -172.205573 297.140457 124.500000
v -173.005573 297.721691 124.500000
v -173.994427 297.721691 124.500000
v -174.794428 297.140456 124.500000
v -175.100000 296.200000 124.500000
v -174.794427 295.259543 124.500000
v -173.994427 294.678309 124.500000
v -173.005573 294.678310 124.500000
v -172.205573 295.259544 124.500000
v -171.900000 296.200000 124.500000
vt 0.906388 0.051527
vt 0.656388 0.006118
vt 0.347371 0.006118
vt 0.097371 0.051527
vt 0.001880 0.125000
vt 0.097371 0.198473
vt 0.347371 0.243882
vt 0.656388 0.243882
vt 0.906388 0.198473
vt 1.001880 0.125000
vt 0.000000 0.250000
vt 0.100000 0.250000
vt 0.200000 0.250000
vt 0.300000 0.250000
vt 0.400000 0.250000
vt 0.500000 0.250000
vt 0.600000 0.250000
vt 0.700000 0.250000
vt 0.800000 0.250000
vt 0.900000 0.250000
vt 1.000000 0.250000
vt 0.000000 0.750000
vt 0.100000 0.750000
vt 0.200000 0.750000
vt 0.300000 0.750000
vt 0.400000 0.750000
vt 0.500000 0.750000
vt 0.600000 0.750000
vt 0.700000 0.750000
vt 0.800000 0.750000
vt 0.900000 0.750000
vt 1.000000 0.750000
vt 0.906388 0.801527
vt 0.656388 0.756118
vt 0.347371 0.756118
vt 0.097371 0.801527
vt 0.001880 0.875000
vt 0.097371 0.948473
vt 0.347371 0.993882
vt 0.656388 0.993882
vt 0.906388 0.948473
vt 1.001880 0.875000
vn 0.587785 0.809017 0.000000
vn 0.587785 0.809017 0.000000
vn 0.587785 0.809017 0.000000
vn 0.587785 0.809017 0.000000
vn 0.000000 1.000000 0.000000
vn 0.000000 1.000000 0.000000
vn 0.000000 1.000000 0.000000
vn 0.000000 1.000000 0.000000
vn -0.587785 0.809017 0.000000
vn -0.587785 0.809017 0.000000
vn -0.587785 0.809017 0.000000
vn -0.587785 0.809017 0.000000
vn -0.951057 0.309017 0.000000
vn -0.951057 0.309017 0.000000
vn -0.951057 0.309017 0.000000
vn -0.951057 0.309017 0.000000
vn -0.951056 -0.309017 0.000000
vn -0.951056 -0.309017 0.000000
vn -0.951056 -0.309017 0.000000
vn -0.951056 -0.309017 0.000000
vn -0.587785 -0.809017 0.000000
vn -0.587785 -0.809017 0.000000
vn -0.587785 -0.809017 0.000000
vn -0.587785 -0.809017 0.000000
vn 0.000000 -1.000000 0.000000
vn 0.000000 -1.000000 0.000000
vn 0.000000 -1.000000 0.000000
vn 0.000000 -1.000000 0.000000
vn 0.587785 -0.809017 0.000000
vn 0.587785 -0.809017 0.000000
vn 0.587785 -0.809017 0.000000
vn 0.587785 -0.809017 0.000000
vn 0.951057 -0.309017 0.000000
vn 0.951057 -0.309017 0.000000
vn 0.951057 -0.309017 0.000000
vn 0.951057 -0.309017 0.000000
vn 0.951057 0.309017 0.000000
vn 0.951057 0.309017 0.000000
vn 0.951057 0.309017 0.000000
vn 0.951057 0.309017 0.000000
vn 0.000000 -0.000000 -1.000000
vn 0.000000 -0.000000 -1.000000
vn 0.000000 -0.000000 -1.000000
vn 0.000000 -0.000000 -1.000000
vn 0.000000 -0.000000 -1.000000
vn 0.000000 -0.000000 -1.000000
vn 0.000000 -0.000000 -1.000000
vn 0.000000 -0.000000 -1.000000
vn 0.000000 -0.000000 -1.000000
vn 0.000000 -0.000000 -1.000000
vn 0.000000 -0.000000 1.000000
vn 0.000000 -0.000000 1.000000
vn 0.000000 -0.000000 1.000000
vn 0.000000 -0.000000 1.000000
vn 0.000000 -0.000000 1.000000
vn 0.000000 -0.000000 1.000000
vn 0.000000 -0.000000 1.000000
vn 0.000000 -0.000000 1.000000
vn 0.000000 -0.000000 1.000000
vn 0.000000 -0.000000 1.000000
s off
g GRP_Fluorescent_Lights Backrooms_Level0_Master_GRP GRP_Lamp_BL Lamp_BL_Cap_2_1
f 2421/5447/6845 2422/5448/6846 2432/5459/6847 2431/5458/6848
f 2422/5448/6849 2423/5449/6850 2433/5460/6851 2432/5459/6852
f 2423/5449/6853 2424/5450/6854 2434/5461/6855 2433/5460/6856
f 2424/5450/6857 2425/5451/6858 2435/5462/6859 2434/5461/6860
f 2425/5451/6861 2426/5452/6862 2436/5463/6863 2435/5462/6864
f 2426/5452/6865 2427/5453/6866 2437/5464/6867 2436/5463/6868
f 2427/5453/6869 2428/5454/6870 2438/5465/6871 2437/5464/6872
f 2428/5454/6873 2429/5455/6874 2439/5466/6875 2438/5465/6876
f 2429/5455/6877 2430/5456/6878 2440/5467/6879 2439/5466/6880
f 2430/5456/6881 2421/5457/6882 2431/5468/6883 2440/5467/6884
f 2421/5437/6885 2430/5446/6886 2429/5445/6887 2428/5444/6888 2427/5443/6889 2426/5442/6890 2425/5441/6891 2424/5440/6892 2423/5439/6893 2422/5438/6894
f 2431/5477/6895 2432/5476/6896 2433/5475/6897 2434/5474/6898 2435/5473/6899 2436/5472/6900 2437/5471/6901 2438/5470/6902 2439/5469/6903 2440/5478/6904
g default
v -172.205573 297.140457 235.500000
v -173.005573 297.721691 235.500000
v -173.994427 297.721691 235.500000
v -174.794428 297.140456 235.500000
v -175.100000 296.200000 235.500000
v -174.794427 295.259543 235.500000
v -173.994427 294.678309 235.500000
v -173.005573 294.678310 235.500000
v -172.205573 295.259544 235.500000
v -171.900000 296.200000 235.500000
v -172.205573 297.140457 238.500000
v -173.005573 297.721691 238.500000
v -173.994427 297.721691 238.500000
v -174.794428 297.140456 238.500000
v -175.100000 296.200000 238.500000
v -174.794427 295.259543 238.500000
v -173.994427 294.678309 238.500000
v -173.005573 294.678310 238.500000
v -172.205573 295.259544 238.500000
v -171.900000 296.200000 238.500000
vt 0.906388 0.051527
vt 0.656388 0.006118
vt 0.347371 0.006118
vt 0.097371 0.051527
vt 0.001880 0.125000
vt 0.097371 0.198473
vt 0.347371 0.243882
vt 0.656388 0.243882
vt 0.906388 0.198473
vt 1.001880 0.125000
vt 0.000000 0.250000
vt 0.100000 0.250000
vt 0.200000 0.250000
vt 0.300000 0.250000
vt 0.400000 0.250000
vt 0.500000 0.250000
vt 0.600000 0.250000
vt 0.700000 0.250000
vt 0.800000 0.250000
vt 0.900000 0.250000
vt 1.000000 0.250000
vt 0.000000 0.750000
vt 0.100000 0.750000
vt 0.200000 0.750000
vt 0.300000 0.750000
vt 0.400000 0.750000
vt 0.500000 0.750000
vt 0.600000 0.750000
vt 0.700000 0.750000
vt 0.800000 0.750000
vt 0.900000 0.750000
vt 1.000000 0.750000
vt 0.906388 0.801527
vt 0.656388 0.756118
vt 0.347371 0.756118
vt 0.097371 0.801527
vt 0.001880 0.875000
vt 0.097371 0.948473
vt 0.347371 0.993882
vt 0.656388 0.993882
vt 0.906388 0.948473
vt 1.001880 0.875000
vn 0.587785 0.809017 0.000000
vn 0.587785 0.809017 0.000000
vn 0.587785 0.809017 0.000000
vn 0.587785 0.809017 0.000000
vn 0.000000 1.000000 0.000000
vn 0.000000 1.000000 0.000000
vn 0.000000 1.000000 0.000000
vn 0.000000 1.000000 0.000000
vn -0.587785 0.809017 0.000000
vn -0.587785 0.809017 0.000000
vn -0.587785 0.809017 0.000000
vn -0.587785 0.809017 0.000000
vn -0.951057 0.309017 0.000000
vn -0.951057 0.309017 0.000000
vn -0.951057 0.309017 0.000000
vn -0.951057 0.309017 0.000000
vn -0.951056 -0.309017 0.000000
vn -0.951056 -0.309017 0.000000
vn -0.951056 -0.309017 0.000000
vn -0.951056 -0.309017 0.000000
vn -0.587785 -0.809017 0.000000
vn -0.587785 -0.809017 0.000000
vn -0.587785 -0.809017 0.000000
vn -0.587785 -0.809017 0.000000
vn 0.000000 -1.000000 0.000000
vn 0.000000 -1.000000 0.000000
vn 0.000000 -1.000000 0.000000
vn 0.000000 -1.000000 0.000000
vn 0.587785 -0.809017 0.000000
vn 0.587785 -0.809017 0.000000
vn 0.587785 -0.809017 0.000000
vn 0.587785 -0.809017 0.000000
vn 0.951057 -0.309017 0.000000
vn 0.951057 -0.309017 0.000000
vn 0.951057 -0.309017 0.000000
vn 0.951057 -0.309017 0.000000
vn 0.951057 0.309017 0.000000
vn 0.951057 0.309017 0.000000
vn 0.951057 0.309017 0.000000
vn 0.951057 0.309017 0.000000
vn 0.000000 -0.000000 -1.000000
vn 0.000000 -0.000000 -1.000000
vn 0.000000 -0.000000 -1.000000
vn 0.000000 -0.000000 -1.000000
vn 0.000000 -0.000000 -1.000000
vn 0.000000 -0.000000 -1.000000
vn 0.000000 -0.000000 -1.000000
vn 0.000000 -0.000000 -1.000000
vn 0.000000 -0.000000 -1.000000
vn 0.000000 -0.000000 -1.000000
vn 0.000000 -0.000000 1.000000
vn 0.000000 -0.000000 1.000000
vn 0.000000 -0.000000 1.000000
vn 0.000000 -0.000000 1.000000
vn 0.000000 -0.000000 1.000000
vn 0.000000 -0.000000 1.000000
vn 0.000000 -0.000000 1.000000
vn 0.000000 -0.000000 1.000000
vn 0.000000 -0.000000 1.000000
vn 0.000000 -0.000000 1.000000
s off
g GRP_Fluorescent_Lights Backrooms_Level0_Master_GRP GRP_Lamp_BL Lamp_BL_Cap_2_2
f 2441/5489/6905 2442/5490/6906 2452/5501/6907 2451/5500/6908
f 2442/5490/6909 2443/5491/6910 2453/5502/6911 2452/5501/6912
f 2443/5491/6913 2444/5492/6914 2454/5503/6915 2453/5502/6916
f 2444/5492/6917 2445/5493/6918 2455/5504/6919 2454/5503/6920
f 2445/5493/6921 2446/5494/6922 2456/5505/6923 2455/5504/6924
f 2446/5494/6925 2447/5495/6926 2457/5506/6927 2456/5505/6928
f 2447/5495/6929 2448/5496/6930 2458/5507/6931 2457/5506/6932
f 2448/5496/6933 2449/5497/6934 2459/5508/6935 2458/5507/6936
f 2449/5497/6937 2450/5498/6938 2460/5509/6939 2459/5508/6940
f 2450/5498/6941 2441/5499/6942 2451/5510/6943 2460/5509/6944
f 2441/5479/6945 2450/5488/6946 2449/5487/6947 2448/5486/6948 2447/5485/6949 2446/5484/6950 2445/5483/6951 2444/5482/6952 2443/5481/6953 2442/5480/6954
f 2451/5519/6955 2452/5518/6956 2453/5517/6957 2454/5516/6958 2455/5515/6959 2456/5514/6960 2457/5513/6961 2458/5512/6962 2459/5511/6963 2460/5520/6964
g default
v -172.205573 297.140457 235.500000
v -173.005573 297.721691 235.500000
v -173.994427 297.721691 235.500000
v -174.794428 297.140456 235.500000
v -175.100000 296.200000 235.500000
v -174.794427 295.259543 235.500000
v -173.994427 294.678309 235.500000
v -173.005573 294.678310 235.500000
v -172.205573 295.259544 235.500000
v -171.900000 296.200000 235.500000
v -172.205573 297.140457 238.500000
v -173.005573 297.721691 238.500000
v -173.994427 297.721691 238.500000
v -174.794428 297.140456 238.500000
v -175.100000 296.200000 238.500000
v -174.794427 295.259543 238.500000
v -173.994427 294.678309 238.500000
v -173.005573 294.678310 238.500000
v -172.205573 295.259544 238.500000
v -171.900000 296.200000 238.500000
vt 0.906388 0.051527
vt 0.656388 0.006118
vt 0.347371 0.006118
vt 0.097371 0.051527
vt 0.001880 0.125000
vt 0.097371 0.198473
vt 0.347371 0.243882
vt 0.656388 0.243882
vt 0.906388 0.198473
vt 1.001880 0.125000
vt 0.000000 0.250000
vt 0.100000 0.250000
vt 0.200000 0.250000
vt 0.300000 0.250000
vt 0.400000 0.250000
vt 0.500000 0.250000
vt 0.600000 0.250000
vt 0.700000 0.250000
vt 0.800000 0.250000
vt 0.900000 0.250000
vt 1.000000 0.250000
vt 0.000000 0.750000
vt 0.100000 0.750000
vt 0.200000 0.750000
vt 0.300000 0.750000
vt 0.400000 0.750000
vt 0.500000 0.750000
vt 0.600000 0.750000
vt 0.700000 0.750000
vt 0.800000 0.750000
vt 0.900000 0.750000
vt 1.000000 0.750000
vt 0.906388 0.801527
vt 0.656388 0.756118
vt 0.347371 0.756118
vt 0.097371 0.801527
vt 0.001880 0.875000
vt 0.097371 0.948473
vt 0.347371 0.993882
vt 0.656388 0.993882
vt 0.906388 0.948473
vt 1.001880 0.875000
vn 0.587785 0.809017 0.000000
vn 0.587785 0.809017 0.000000
vn 0.587785 0.809017 0.000000
vn 0.587785 0.809017 0.000000
vn 0.000000 1.000000 0.000000
vn 0.000000 1.000000 0.000000
vn 0.000000 1.000000 0.000000
vn 0.000000 1.000000 0.000000
vn -0.587785 0.809017 0.000000
vn -0.587785 0.809017 0.000000
vn -0.587785 0.809017 0.000000
vn -0.587785 0.809017 0.000000
vn -0.951057 0.309017 0.000000
vn -0.951057 0.309017 0.000000
vn -0.951057 0.309017 0.000000
vn -0.951057 0.309017 0.000000
vn -0.951056 -0.309017 0.000000
vn -0.951056 -0.309017 0.000000
vn -0.951056 -0.309017 0.000000
vn -0.951056 -0.309017 0.000000
vn -0.587785 -0.809017 0.000000
vn -0.587785 -0.809017 0.000000
vn -0.587785 -0.809017 0.000000
vn -0.587785 -0.809017 0.000000
vn 0.000000 -1.000000 0.000000
vn 0.000000 -1.000000 0.000000
vn 0.000000 -1.000000 0.000000
vn 0.000000 -1.000000 0.000000
vn 0.587785 -0.809017 0.000000
vn 0.587785 -0.809017 0.000000
vn 0.587785 -0.809017 0.000000
vn 0.587785 -0.809017 0.000000
vn 0.951057 -0.309017 0.000000
vn 0.951057 -0.309017 0.000000
vn 0.951057 -0.309017 0.000000
vn 0.951057 -0.309017 0.000000
vn 0.951057 0.309017 0.000000
vn 0.951057 0.309017 0.000000
vn 0.951057 0.309017 0.000000
vn 0.951057 0.309017 0.000000
vn 0.000000 -0.000000 -1.000000
vn 0.000000 -0.000000 -1.000000
vn 0.000000 -0.000000 -1.000000
vn 0.000000 -0.000000 -1.000000
vn 0.000000 -0.000000 -1.000000
vn 0.000000 -0.000000 -1.000000
vn 0.000000 -0.000000 -1.000000
vn 0.000000 -0.000000 -1.000000
vn 0.000000 -0.000000 -1.000000
vn 0.000000 -0.000000 -1.000000
vn 0.000000 -0.000000 1.000000
vn 0.000000 -0.000000 1.000000
vn 0.000000 -0.000000 1.000000
vn 0.000000 -0.000000 1.000000
vn 0.000000 -0.000000 1.000000
vn 0.000000 -0.000000 1.000000
vn 0.000000 -0.000000 1.000000
vn 0.000000 -0.000000 1.000000
vn 0.000000 -0.000000 1.000000
vn 0.000000 -0.000000 1.000000
s off
g GRP_Fluorescent_Lights Backrooms_Level0_Master_GRP GRP_Lamp_BL Lamp_BL_Cap_2_2
f 2461/5531/6965 2462/5532/6966 2472/5543/6967 2471/5542/6968
f 2462/5532/6969 2463/5533/6970 2473/5544/6971 2472/5543/6972
f 2463/5533/6973 2464/5534/6974 2474/5545/6975 2473/5544/6976
f 2464/5534/6977 2465/5535/6978 2475/5546/6979 2474/5545/6980
f 2465/5535/6981 2466/5536/6982 2476/5547/6983 2475/5546/6984
f 2466/5536/6985 2467/5537/6986 2477/5548/6987 2476/5547/6988
f 2467/5537/6989 2468/5538/6990 2478/5549/6991 2477/5548/6992
f 2468/5538/6993 2469/5539/6994 2479/5550/6995 2478/5549/6996
f 2469/5539/6997 2470/5540/6998 2480/5551/6999 2479/5550/7000
f 2470/5540/7001 2461/5541/7002 2471/5552/7003 2480/5551/7004
f 2461/5521/7005 2470/5530/7006 2469/5529/7007 2468/5528/7008 2467/5527/7009 2466/5526/7010 2465/5525/7011 2464/5524/7012 2463/5523/7013 2462/5522/7014
f 2471/5561/7015 2472/5560/7016 2473/5559/7017 2474/5558/7018 2475/5557/7019 2476/5556/7020 2477/5555/7021 2478/5554/7022 2479/5553/7023 2480/5562/7024
g default
v -195.000000 294.200000 239.000000
v -165.000000 294.200000 239.000000
v -195.000000 294.800000 239.000000
v -165.000000 294.800000 239.000000
v -195.000000 294.800000 121.000000
v -165.000000 294.800000 121.000000
v -195.000000 294.200000 121.000000
v -165.000000 294.200000 121.000000
vt 0.330000 0.000000
vt 0.663333 0.000000
vt 0.330000 0.250000
vt 0.663333 0.250000
vt 0.330000 0.500000
vt 0.663333 0.500000
vt 0.330000 0.750000
vt 0.663333 0.750000
vt 0.330000 1.000000
vt 0.663333 1.000000
vt 1.000000 0.000000
vt 1.000000 0.250000
vt 0.000000 0.000000
vt 0.000000 0.250000
vn 0.000000 0.000000 1.000000
vn 0.000000 0.000000 1.000000
vn 0.000000 0.000000 1.000000
vn 0.000000 0.000000 1.000000
vn 0.000000 1.000000 0.000000
vn 0.000000 1.000000 0.000000
vn 0.000000 1.000000 0.000000
vn 0.000000 1.000000 0.000000
vn 0.000000 0.000000 -1.000000
vn 0.000000 0.000000 -1.000000
vn 0.000000 0.000000 -1.000000
vn 0.000000 0.000000 -1.000000
vn 0.000000 -1.000000 0.000000
vn 0.000000 -1.000000 0.000000
vn 0.000000 -1.000000 0.000000
vn 0.000000 -1.000000 0.000000
vn 1.000000 0.000000 0.000000
vn 1.000000 0.000000 0.000000
vn 1.000000 0.000000 0.000000
vn 1.000000 0.000000 0.000000
vn -1.000000 0.000000 0.000000
vn -1.000000 0.000000 0.000000
vn -1.000000 0.000000 0.000000
vn -1.000000 0.000000 0.000000
s off
g GRP_Fluorescent_Lights Backrooms_Level0_Master_GRP GRP_Lamp_BL Lamp_BL_Diffuser
f 2481/5563/7025 2482/5564/7026 2484/5566/7027 2483/5565/7028
f 2483/5565/7029 2484/5566/7030 2486/5568/7031 2485/5567/7032
f 2485/5567/7033 2486/5568/7034 2488/5570/7035 2487/5569/7036
f 2487/5569/7037 2488/5570/7038 2482/5572/7039 2481/5571/7040
f 2482/5564/7041 2488/5573/7042 2486/5574/7043 2484/5566/7044
f 2487/5575/7045 2481/5563/7046 2483/5565/7047 2485/5576/7048
g default
v -195.000000 294.200000 239.000000
v -165.000000 294.200000 239.000000
v -195.000000 294.800000 239.000000
v -165.000000 294.800000 239.000000
v -195.000000 294.800000 121.000000
v -165.000000 294.800000 121.000000
v -195.000000 294.200000 121.000000
v -165.000000 294.200000 121.000000
vt 0.330000 0.000000
vt 0.663333 0.000000
vt 0.330000 0.250000
vt 0.663333 0.250000
vt 0.330000 0.500000
vt 0.663333 0.500000
vt 0.330000 0.750000
vt 0.663333 0.750000
vt 0.330000 1.000000
vt 0.663333 1.000000
vt 1.000000 0.000000
vt 1.000000 0.250000
vt 0.000000 0.000000
vt 0.000000 0.250000
vn 0.000000 0.000000 1.000000
vn 0.000000 0.000000 1.000000
vn 0.000000 0.000000 1.000000
vn 0.000000 0.000000 1.000000
vn 0.000000 1.000000 0.000000
vn 0.000000 1.000000 0.000000
vn 0.000000 1.000000 0.000000
vn 0.000000 1.000000 0.000000
vn 0.000000 0.000000 -1.000000
vn 0.000000 0.000000 -1.000000
vn 0.000000 0.000000 -1.000000
vn 0.000000 0.000000 -1.000000
vn 0.000000 -1.000000 0.000000
vn 0.000000 -1.000000 0.000000
vn 0.000000 -1.000000 0.000000
vn 0.000000 -1.000000 0.000000
vn 1.000000 0.000000 0.000000
vn 1.000000 0.000000 0.000000
vn 1.000000 0.000000 0.000000
vn 1.000000 0.000000 0.000000
vn -1.000000 0.000000 0.000000
vn -1.000000 0.000000 0.000000
vn -1.000000 0.000000 0.000000
vn -1.000000 0.000000 0.000000
s off
g GRP_Fluorescent_Lights Backrooms_Level0_Master_GRP GRP_Lamp_BL Lamp_BL_Diffuser
f 2489/5577/7049 2490/5578/7050 2492/5580/7051 2491/5579/7052
f 2491/5579/7053 2492/5580/7054 2494/5582/7055 2493/5581/7056
f 2493/5581/7057 2494/5582/7058 2496/5584/7059 2495/5583/7060
f 2495/5583/7061 2496/5584/7062 2490/5586/7063 2489/5585/7064
f 2490/5578/7065 2496/5587/7066 2494/5588/7067 2492/5580/7068
f 2495/5589/7069 2489/5577/7070 2491/5579/7071 2493/5590/7072
g default
v 163.046858 294.046858 241.840015
v 163.159985 294.000000 241.840015
v 163.159985 294.046858 241.953140
v 163.159985 294.159984 242.000000
v 163.046858 294.159984 241.953140
v 163.000000 294.159984 241.840015
v 196.953142 294.046858 241.840015
v 197.000000 294.159984 241.840015
v 196.953142 294.159984 241.953140
v 196.840015 294.159984 242.000000
v 196.840015 294.046858 241.953140
v 196.840015 294.000000 241.840015
v 163.046858 301.953142 241.840015
v 163.000000 301.840016 241.840015
v 163.046858 301.840016 241.953140
v 163.159985 301.840016 242.000000
v 163.159985 301.953142 241.953140
v 163.159985 302.000000 241.840015
v 196.953142 301.953142 241.840015
v 196.840015 302.000000 241.840015
v 196.840015 301.953142 241.953140
v 196.840015 301.840016 242.000000
v 196.953142 301.840016 241.953140
v 197.000000 301.840016 241.840015
v 163.046858 301.840016 118.046860
v 163.000000 301.840016 118.159985
v 163.046858 301.953142 118.159985
v 163.159985 302.000000 118.159985
v 163.159985 301.953142 118.046860
v 163.159985 301.840016 118.000000
v 196.953142 301.840016 118.046860
v 196.840015 301.840016 118.000000
v 196.840015 301.953142 118.046860
v 196.840015 302.000000 118.159985
v 196.953142 301.953142 118.159985
v 197.000000 301.840016 118.159985
v 163.046858 294.046858 118.159985
v 163.000000 294.159984 118.159985
v 163.046858 294.159984 118.046860
v 163.159985 294.159984 118.000000
v 163.159985 294.046858 118.046860
v 163.159985 294.000000 118.159985
v 196.953142 294.046858 118.159985
v 196.840015 294.000000 118.159985
v 196.840015 294.046858 118.046860
v 196.840015 294.159984 118.000000
v 196.953142 294.159984 118.046860
v 197.000000 294.159984 118.159985
vt 0.331569 0.999677
vt 0.331568 0.750323
vt 0.329574 0.005000
vt 0.000426 0.005000
vt 0.331568 0.004999
vt 0.661765 0.005000
vt 0.331569 0.999677
vt 0.661765 0.999677
vt 0.329574 0.005000
vt 0.329574 0.245000
vt 0.331568 0.004999
vt 0.331569 0.245000
vt 0.663768 0.005000
vt 0.999566 0.005000
vt 0.661765 0.999677
vt 0.661765 0.750323
vt 0.661765 0.005000
vt 0.661765 0.245000
vt 0.663768 0.005000
vt 0.663768 0.245000
vt 0.329574 0.245000
vt 0.000426 0.245000
vt 0.331568 0.250323
vt 0.331569 0.499677
vt 0.331568 0.250323
vt 0.661765 0.250323
vt 0.331569 0.245000
vt 0.661765 0.245000
vt 0.661765 0.250323
vt 0.661765 0.499677
vt 0.663768 0.245000
vt 0.999566 0.245000
vt 0.000426 0.245000
vt 0.000426 0.005000
vt 0.331568 0.504999
vt 0.331569 0.745000
vt 0.331568 0.504999
vt 0.661765 0.505000
vt 0.331569 0.499677
vt 0.661765 0.499677
vt 0.661765 0.505000
vt 0.661765 0.745000
vt 0.999566 0.245000
vt 0.999566 0.005000
vt 0.331568 0.750323
vt 0.661765 0.750323
vt 0.331569 0.745000
vt 0.661765 0.745000
vt 0.331568 0.004999
vt 0.661765 0.005000
vt 0.661765 0.245000
vt 0.331569 0.245000
vt 0.331568 0.250323
vt 0.661765 0.250323
vt 0.661765 0.499677
vt 0.331569 0.499677
vt 0.331568 0.504999
vt 0.661765 0.505000
vt 0.661765 0.745000
vt 0.331569 0.745000
vt 0.331568 0.750323
vt 0.661765 0.750323
vt 0.661765 0.999677
vt 0.331569 0.999677
vt 0.663768 0.005000
vt 0.999566 0.005000
vt 0.999566 0.245000
vt 0.663768 0.245000
vt 0.000426 0.005000
vt 0.329574 0.005000
vt 0.329574 0.245000
vt 0.000426 0.245000
vt 0.331568 0.000000
vt 0.331568 0.004999
vt 0.329574 0.005000
vt 0.663768 0.005000
vt 0.661765 0.005000
vt 0.661765 0.000000
vt 0.329574 0.245000
vt 0.331569 0.245000
vt 0.331568 0.250323
vt 0.661765 0.250323
vt 0.661765 0.245000
vt 0.663768 0.245000
vt 0.330000 0.499677
vt 0.331569 0.499677
vt 0.331568 0.504999
vt 0.661765 0.505000
vt 0.661765 0.499677
vt 0.663333 0.499677
vt 0.330000 0.745000
vt 0.331569 0.745000
vt 0.331568 0.750323
vt 0.661765 0.750323
vt 0.661765 0.745000
vt 0.663333 0.745000
vt 0.331241 0.000005
vt 0.331567 0.999426
vt 0.332760 0.000000
vt 0.332760 0.999677
vt 0.330571 0.005058
vt 0.662099 0.000005
vt 0.661766 0.999426
vt 0.662754 0.005011
vt 0.660573 0.999677
vt 0.660573 0.000000
vt 0.330000 0.250000
vt 0.330572 0.244989
vt 0.331573 0.247662
vt 0.663333 0.250000
vt 0.661764 0.247663
vt 0.662766 0.244942
vt 0.330000 0.503468
vt 0.000426 0.241292
vt 0.330000 0.499431
vt 0.000752 0.245005
vt 0.331573 0.502338
vt 0.663333 0.503468
vt 0.999566 0.241292
vt 0.661764 0.502337
vt 0.999233 0.245005
vt 0.663333 0.499431
vt 0.000753 0.004995
vt 0.330002 0.745252
vt 0.330000 0.741210
vt 0.000426 0.008708
vt 0.331573 0.747662
vt 0.663332 0.745252
vt 0.999232 0.004995
vt 0.661764 0.747653
vt 0.999566 0.008708
vt 0.663333 0.741210
vn -0.382683 -0.923880 0.000000
vn -0.382683 -0.923880 0.000000
vn -0.382683 -0.923880 0.000000
vn -0.382683 -0.923880 0.000000
vn -0.923880 -0.382682 0.000000
vn -0.923880 -0.382682 0.000000
vn -0.923880 -0.382682 0.000000
vn -0.923880 -0.382682 0.000000
vn 0.000000 -0.382693 0.923876
vn 0.000000 -0.382693 0.923876
vn 0.000000 -0.382693 0.923876
vn 0.000000 -0.382693 0.923876
vn 0.000000 -0.923879 0.382686
vn 0.000000 -0.923879 0.382686
vn 0.000000 -0.923879 0.382686
vn 0.000000 -0.923879 0.382686
vn -0.923880 0.000000 0.382682
vn -0.923880 0.000000 0.382682
vn -0.923880 0.000000 0.382682
vn -0.923880 0.000000 0.382682
vn -0.382672 0.000000 0.923884
vn -0.382672 0.000000 0.923884
vn -0.382672 0.000000 0.923884
vn -0.382672 0.000000 0.923884
vn 0.923880 -0.382682 0.000000
vn 0.923880 -0.382682 0.000000
vn 0.923880 -0.382682 0.000000
vn 0.923880 -0.382682 0.000000
vn 0.382683 -0.923880 0.000000
vn 0.382683 -0.923880 0.000000
vn 0.382683 -0.923880 0.000000
vn 0.382683 -0.923880 0.000000
vn 0.382672 0.000000 0.923884
vn 0.382672 0.000000 0.923884
vn 0.382672 0.000000 0.923884
vn 0.382672 0.000000 0.923884
vn 0.923880 0.000000 0.382682
vn 0.923880 0.000000 0.382682
vn 0.923880 0.000000 0.382682
vn 0.923880 0.000000 0.382682
vn -0.923880 0.382682 0.000000
vn -0.923880 0.382682 0.000000
vn -0.923880 0.382682 0.000000
vn -0.923880 0.382682 0.000000
vn -0.382683 0.923880 0.000000
vn -0.382683 0.923880 0.000000
vn -0.382683 0.923880 0.000000
vn -0.382683 0.923880 0.000000
vn 0.000000 0.923879 0.382686
vn 0.000000 0.923879 0.382686
vn 0.000000 0.923879 0.382686
vn 0.000000 0.923879 0.382686
vn 0.000000 0.382693 0.923876
vn 0.000000 0.382693 0.923876
vn 0.000000 0.382693 0.923876
vn 0.000000 0.382693 0.923876
vn 0.382683 0.923880 0.000000
vn 0.382683 0.923880 0.000000
vn 0.382683 0.923880 0.000000
vn 0.382683 0.923880 0.000000
vn 0.923880 0.382682 0.000000
vn 0.923880 0.382682 0.000000
vn 0.923880 0.382682 0.000000
vn 0.923880 0.382682 0.000000
vn -0.923880 0.000000 -0.382682
vn -0.923880 0.000000 -0.382682
vn -0.923880 0.000000 -0.382682
vn -0.923880 0.000000 -0.382682
vn -0.382672 0.000000 -0.923884
vn -0.382672 0.000000 -0.923884
vn -0.382672 0.000000 -0.923884
vn -0.382672 0.000000 -0.923884
vn 0.000000 0.382693 -0.923876
vn 0.000000 0.382693 -0.923876
vn 0.000000 0.382693 -0.923876
vn 0.000000 0.382693 -0.923876
vn 0.000000 0.923879 -0.382686
vn 0.000000 0.923879 -0.382686
vn 0.000000 0.923879 -0.382686
vn 0.000000 0.923879 -0.382686
vn 0.382672 0.000000 -0.923884
vn 0.382672 0.000000 -0.923884
vn 0.382672 0.000000 -0.923884
vn 0.382672 0.000000 -0.923884
vn 0.923880 0.000000 -0.382682
vn 0.923880 0.000000 -0.382682
vn 0.923880 0.000000 -0.382682
vn 0.923880 0.000000 -0.382682
vn 0.000000 -0.923879 -0.382686
vn 0.000000 -0.923879 -0.382686
vn 0.000000 -0.923879 -0.382686
vn 0.000000 -0.923879 -0.382686
vn 0.000000 -0.382693 -0.923876
vn 0.000000 -0.382693 -0.923876
vn 0.000000 -0.382693 -0.923876
vn 0.000000 -0.382693 -0.923876
vn 0.000000 0.000000 1.000000
vn 0.000000 0.000000 1.000000
vn 0.000000 0.000000 1.000000
vn 0.000000 0.000000 1.000000
vn 0.000000 1.000000 0.000000
vn 0.000000 1.000000 0.000000
vn 0.000000 1.000000 0.000000
vn 0.000000 1.000000 0.000000
vn 0.000000 0.000000 -1.000000
vn 0.000000 0.000000 -1.000000
vn 0.000000 0.000000 -1.000000
vn 0.000000 0.000000 -1.000000
vn 0.000000 -1.000000 0.000000
vn 0.000000 -1.000000 0.000000
vn 0.000000 -1.000000 0.000000
vn 0.000000 -1.000000 0.000000
vn 1.000000 0.000000 0.000000
vn 1.000000 0.000000 0.000000
vn 1.000000 0.000000 0.000000
vn 1.000000 0.000000 0.000000
vn -1.000000 0.000000 0.000000
vn -1.000000 0.000000 0.000000
vn -1.000000 0.000000 0.000000
vn -1.000000 0.000000 0.000000
vn -0.577340 -0.577355 0.577357
vn -0.577340 -0.577355 0.577357
vn -0.577340 -0.577355 0.577357
vn -0.577340 -0.577355 0.577357
vn -0.577340 -0.577355 0.577357
vn -0.577340 -0.577355 0.577357
vn 0.577341 -0.577352 0.577358
vn 0.577341 -0.577352 0.577358
vn 0.577341 -0.577352 0.577358
vn 0.577341 -0.577352 0.577358
vn 0.577341 -0.577352 0.577358
vn 0.577341 -0.577352 0.577358
vn -0.577341 0.577352 0.577358
vn -0.577341 0.577352 0.577358
vn -0.577341 0.577352 0.577358
vn -0.577341 0.577352 0.577358
vn -0.577341 0.577352 0.577358
vn -0.577341 0.577352 0.577358
vn 0.577340 0.577355 0.577357
vn 0.577340 0.577355 0.577357
vn 0.577340 0.577355 0.577357
vn 0.577340 0.577355 0.577357
vn 0.577340 0.577355 0.577357
vn 0.577340 0.577355 0.577357
vn -0.577330 0.577358 -0.577362
vn -0.577330 0.577359 -0.577362
vn -0.577330 0.577359 -0.577362
vn -0.577330 0.577359 -0.577362
vn -0.577330 0.577359 -0.577362
vn -0.577330 0.577359 -0.577362
vn 0.577350 0.577350 -0.577352
vn 0.577350 0.577350 -0.577352
vn 0.577350 0.577350 -0.577352
vn 0.577350 0.577350 -0.577352
vn 0.577350 0.577350 -0.577352
vn 0.577350 0.577350 -0.577352
vn -0.577341 -0.577352 -0.577358
vn -0.577341 -0.577352 -0.577358
vn -0.577341 -0.577352 -0.577358
vn -0.577341 -0.577352 -0.577358
vn -0.577341 -0.577352 -0.577358
vn -0.577341 -0.577352 -0.577358
vn 0.577340 -0.577355 -0.577357
vn 0.577340 -0.577355 -0.577357
vn 0.577340 -0.577355 -0.577357
vn 0.577340 -0.577355 -0.577357
vn 0.577340 -0.577355 -0.577357
vn 0.577340 -0.577355 -0.577357
s off
g GRP_Fluorescent_Lights Backrooms_Level0_Master_GRP Lamp_BR_Housing GRP_Lamp_BR
f 2498/5597/7073 2497/5688/7074 2533/5714/7075 2538/5651/7076
f 2497/5687/7077 2502/5660/7078 2534/5624/7079 2533/5713/7080
f 2500/5601/7081 2499/5689/7082 2507/5696/7083 2506/5640/7084
f 2499/5690/7085 2498/5597/7086 2508/5605/7087 2507/5695/7088
f 2502/5660/7089 2501/5691/7090 2511/5698/7091 2510/5661/7092
f 2501/5691/7093 2500/5601/7094 2512/5617/7095 2511/5698/7096
f 2504/5609/7097 2503/5692/7098 2539/5719/7099 2544/5634/7100
f 2503/5693/7101 2508/5605/7102 2540/5636/7103 2539/5718/7104
f 2506/5640/7105 2505/5694/7106 2519/5702/7107 2518/5618/7108
f 2505/5694/7109 2504/5609/7110 2520/5621/7111 2519/5702/7112
f 2510/5661/7113 2509/5697/7114 2523/5706/7115 2522/5662/7116
f 2509/5697/7117 2514/5643/7118 2524/5629/7119 2523/5705/7120
f 2514/5643/7121 2513/5699/7122 2517/5701/7123 2516/5644/7124
f 2513/5699/7125 2512/5617/7126 2518/5618/7127 2517/5701/7128
f 2516/5644/7129 2515/5700/7130 2531/5712/7131 2530/5630/7132
f 2515/5700/7133 2520/5621/7134 2532/5633/7135 2531/5711/7136
f 2522/5662/7137 2521/5704/7138 2535/5716/7139 2534/5624/7140
f 2521/5703/7141 2526/5647/7142 2536/5637/7143 2535/5715/7144
f 2526/5647/7145 2525/5707/7146 2529/5710/7147 2528/5648/7148
f 2525/5707/7149 2524/5629/7150 2530/5630/7151 2529/5710/7152
f 2528/5648/7153 2527/5708/7154 2543/5722/7155 2542/5638/7156
f 2527/5709/7157 2532/5633/7158 2544/5634/7159 2543/5721/7160
f 2538/5651/7161 2537/5717/7162 2541/5720/7163 2540/5636/7164
f 2537/5717/7165 2536/5637/7166 2542/5638/7167 2541/5720/7168
f 2500/5601/7169 2506/5640/7170 2518/5618/7171 2512/5617/7172
f 2514/5643/7173 2516/5644/7174 2530/5630/7175 2524/5629/7176
f 2526/5647/7177 2528/5648/7178 2542/5638/7179 2536/5637/7180
f 2538/5651/7181 2540/5636/7182 2508/5605/7183 2498/5597/7184
f 2504/5609/7185 2544/5634/7186 2532/5633/7187 2520/5621/7188
f 2534/5624/7189 2502/5660/7190 2510/5661/7191 2522/5662/7192
f 2497/5687/7193 2498/5663/7194 2499/5689/7195 2500/5601/7196 2501/5691/7197 2502/5660/7198
f 2503/5692/7199 2504/5609/7200 2505/5694/7201 2506/5640/7202 2507/5696/7203 2508/5668/7204
f 2509/5697/7205 2510/5661/7206 2511/5698/7207 2512/5617/7208 2513/5699/7209 2514/5643/7210
f 2515/5700/7211 2516/5644/7212 2517/5701/7213 2518/5618/7214 2519/5702/7215 2520/5621/7216
f 2521/5703/7217 2522/5675/7218 2523/5705/7219 2524/5629/7220 2525/5707/7221 2526/5647/7222
f 2527/5708/7223 2528/5648/7224 2529/5710/7225 2530/5630/7226 2531/5712/7227 2532/5680/7228
f 2533/5714/7229 2534/5681/7230 2535/5715/7231 2536/5637/7232 2537/5717/7233 2538/5651/7234
f 2539/5718/7235 2540/5636/7236 2541/5720/7237 2542/5638/7238 2543/5722/7239 2544/5686/7240
g default
v 174.671260 296.764048 124.000000
v 174.310537 297.216381 124.000000
v 173.789277 297.467406 124.000000
v 173.210723 297.467406 124.000000
v 172.689464 297.216381 124.000000
v 172.328741 296.764049 124.000000
v 172.200000 296.200000 124.000000
v 172.328741 295.635951 124.000000
v 172.689463 295.183619 124.000000
v 173.210723 294.932594 124.000000
v 173.789277 294.932594 124.000000
v 174.310537 295.183619 124.000000
v 174.671259 295.635951 124.000000
v 174.800000 296.200000 124.000000
v 174.671260 296.764048 236.000000
v 174.310537 297.216381 236.000000
v 173.789277 297.467406 236.000000
v 173.210723 297.467406 236.000000
v 172.689464 297.216381 236.000000
v 172.328741 296.764049 236.000000
v 172.200000 296.200000 236.000000
v 172.328741 295.635951 236.000000
v 172.689463 295.183619 236.000000
v 173.210723 294.932594 236.000000
v 173.789277 294.932594 236.000000
v 174.310537 295.183619 236.000000
v 174.671259 295.635951 236.000000
v 174.800000 296.200000 236.000000
vt 0.952364 0.070765
vt 0.813625 0.027271
vt 0.613140 0.003134
vt 0.390619 0.003134
vt 0.190135 0.027271
vt 0.051395 0.070765
vt 0.001880 0.125000
vt 0.051395 0.179235
vt 0.190135 0.222729
vt 0.390619 0.246866
vt 0.613140 0.246866
vt 0.813625 0.222729
vt 0.952364 0.179235
vt 1.001880 0.125000
vt 0.000000 0.250000
vt 0.071429 0.250000
vt 0.142857 0.250000
vt 0.214286 0.250000
vt 0.285714 0.250000
vt 0.357143 0.250000
vt 0.428571 0.250000
vt 0.500000 0.250000
vt 0.571429 0.250000
vt 0.642857 0.250000
vt 0.714286 0.250000
vt 0.785714 0.250000
vt 0.857143 0.250000
vt 0.928572 0.250000
vt 1.000000 0.250000
vt 0.000000 0.750000
vt 0.071429 0.750000
vt 0.142857 0.750000
vt 0.214286 0.750000
vt 0.285714 0.750000
vt 0.357143 0.750000
vt 0.428571 0.750000
vt 0.500000 0.750000
vt 0.571429 0.750000
vt 0.642857 0.750000
vt 0.714286 0.750000
vt 0.785714 0.750000
vt 0.857143 0.750000
vt 0.928572 0.750000
vt 1.000000 0.750000
vt 0.952364 0.820765
vt 0.813625 0.777271
vt 0.613140 0.753134
vt 0.390619 0.753134
vt 0.190135 0.777271
vt 0.051395 0.820765
vt 0.001880 0.875000
vt 0.051395 0.929235
vt 0.190135 0.972729
vt 0.390619 0.996866
vt 0.613140 0.996866
vt 0.813625 0.972729
vt 0.952364 0.929235
vt 1.001880 0.875000
vn 0.900969 0.433884 0.000000
vn 0.623490 0.781831 0.000000
vn 0.623490 0.781831 0.000000
vn 0.900969 0.433884 0.000000
vn 0.222521 0.974928 0.000000
vn 0.222521 0.974928 0.000000
vn -0.222521 0.974928 0.000000
vn -0.222521 0.974928 0.000000
vn -0.623490 0.781832 0.000000
vn -0.623490 0.781832 0.000000
vn -0.900969 0.433884 0.000000
vn -0.900969 0.433884 0.000000
vn -1.000000 0.000000 0.000000
vn -1.000000 0.000000 0.000000
vn -0.900969 -0.433884 0.000000
vn -0.900969 -0.433884 0.000000
vn -0.623490 -0.781831 0.000000
vn -0.623490 -0.781831 0.000000
vn -0.222521 -0.974928 0.000000
vn -0.222521 -0.974928 0.000000
vn 0.222521 -0.974928 0.000000
vn 0.222521 -0.974928 0.000000
vn 0.623490 -0.781832 0.000000
vn 0.623490 -0.781832 0.000000
vn 0.900969 -0.433884 0.000000
vn 0.900969 -0.433884 0.000000
vn 1.000000 -0.000000 0.000000
vn 1.000000 -0.000000 0.000000
vn 0.000000 -0.000002 -1.000000
vn 0.000000 -0.000002 -1.000000
vn 0.000000 -0.000002 -1.000000
vn 0.000000 -0.000002 -1.000000
vn 0.000000 -0.000002 -1.000000
vn 0.000000 -0.000002 -1.000000
vn 0.000000 -0.000002 -1.000000
vn 0.000000 -0.000002 -1.000000
vn 0.000000 -0.000002 -1.000000
vn 0.000000 -0.000002 -1.000000
vn 0.000000 -0.000002 -1.000000
vn 0.000000 -0.000002 -1.000000
vn 0.000000 -0.000002 -1.000000
vn 0.000000 -0.000002 -1.000000
vn 0.000000 0.000001 1.000000
vn 0.000000 0.000001 1.000000
vn 0.000000 0.000001 1.000000
vn 0.000000 0.000001 1.000000
vn 0.000000 0.000001 1.000000
vn 0.000000 0.000001 1.000000
vn 0.000000 0.000001 1.000000
vn 0.000000 0.000001 1.000000
vn 0.000000 0.000001 1.000000
vn 0.000000 0.000001 1.000000
vn 0.000000 0.000001 1.000000
vn 0.000000 0.000001 1.000000
vn 0.000000 0.000001 1.000000
vn 0.000000 0.000001 1.000000
s 1
g GRP_Fluorescent_Lights Backrooms_Level0_Master_GRP GRP_Lamp_BR Lamp_BR_Tube_1
f 2545/5737/7241 2546/5738/7242 2560/5753/7243 2559/5752/7244
f 2546/5738/7242 2547/5739/7245 2561/5754/7246 2560/5753/7243
f 2547/5739/7245 2548/5740/7247 2562/5755/7248 2561/5754/7246
f 2548/5740/7247 2549/5741/7249 2563/5756/7250 2562/5755/7248
f 2549/5741/7249 2550/5742/7251 2564/5757/7252 2563/5756/7250
f 2550/5742/7251 2551/5743/7253 2565/5758/7254 2564/5757/7252
f 2551/5743/7253 2552/5744/7255 2566/5759/7256 2565/5758/7254
f 2552/5744/7255 2553/5745/7257 2567/5760/7258 2566/5759/7256
f 2553/5745/7257 2554/5746/7259 2568/5761/7260 2567/5760/7258
f 2554/5746/7259 2555/5747/7261 2569/5762/7262 2568/5761/7260
f 2555/5747/7261 2556/5748/7263 2570/5763/7264 2569/5762/7262
f 2556/5748/7263 2557/5749/7265 2571/5764/7266 2570/5763/7264
f 2557/5749/7265 2558/5750/7267 2572/5765/7268 2571/5764/7266
f 2558/5750/7267 2545/5751/7241 2559/5766/7244 2572/5765/7268
s off
f 2545/5723/7269 2558/5736/7270 2557/5735/7271 2556/5734/7272 2555/5733/7273 2554/5732/7274 2553/5731/7275 2552/5730/7276 2551/5729/7277 2550/5728/7278 2549/5727/7279 2548/5726/7280 2547/5725/7281 2546/5724/7282
f 2559/5779/7283 2560/5778/7284 2561/5777/7285 2562/5776/7286 2563/5775/7287 2564/5774/7288 2565/5773/7289 2566/5772/7290 2567/5771/7291 2568/5770/7292 2569/5769/7293 2570/5768/7294 2571/5767/7295 2572/5780/7296
g default
v 174.794427 297.140457 121.500000
v 173.994427 297.721691 121.500000
v 173.005573 297.721691 121.500000
v 172.205572 297.140456 121.500000
v 171.900000 296.200000 121.500000
v 172.205573 295.259543 121.500000
v 173.005573 294.678309 121.500000
v 173.994427 294.678310 121.500000
v 174.794427 295.259544 121.500000
v 175.100000 296.200000 121.500000
v 174.794427 297.140457 124.500000
v 173.994427 297.721691 124.500000
v 173.005573 297.721691 124.500000
v 172.205572 297.140456 124.500000
v 171.900000 296.200000 124.500000
v 172.205573 295.259543 124.500000
v 173.005573 294.678309 124.500000
v 173.994427 294.678310 124.500000
v 174.794427 295.259544 124.500000
v 175.100000 296.200000 124.500000
vt 0.906388 0.051527
vt 0.656388 0.006118
vt 0.347371 0.006118
vt 0.097371 0.051527
vt 0.001880 0.125000
vt 0.097371 0.198473
vt 0.347371 0.243882
vt 0.656388 0.243882
vt 0.906388 0.198473
vt 1.001880 0.125000
vt 0.000000 0.250000
vt 0.100000 0.250000
vt 0.200000 0.250000
vt 0.300000 0.250000
vt 0.400000 0.250000
vt 0.500000 0.250000
vt 0.600000 0.250000
vt 0.700000 0.250000
vt 0.800000 0.250000
vt 0.900000 0.250000
vt 1.000000 0.250000
vt 0.000000 0.750000
vt 0.100000 0.750000
vt 0.200000 0.750000
vt 0.300000 0.750000
vt 0.400000 0.750000
vt 0.500000 0.750000
vt 0.600000 0.750000
vt 0.700000 0.750000
vt 0.800000 0.750000
vt 0.900000 0.750000
vt 1.000000 0.750000
vt 0.906388 0.801527
vt 0.656388 0.756118
vt 0.347371 0.756118
vt 0.097371 0.801527
vt 0.001880 0.875000
vt 0.097371 0.948473
vt 0.347371 0.993882
vt 0.656388 0.993882
vt 0.906388 0.948473
vt 1.001880 0.875000
vn 0.587785 0.809017 0.000000
vn 0.587785 0.809017 0.000000
vn 0.587785 0.809017 0.000000
vn 0.587785 0.809017 0.000000
vn 0.000000 1.000000 0.000000
vn 0.000000 1.000000 0.000000
vn 0.000000 1.000000 0.000000
vn 0.000000 1.000000 0.000000
vn -0.587785 0.809017 0.000000
vn -0.587785 0.809017 0.000000
vn -0.587785 0.809017 0.000000
vn -0.587785 0.809017 0.000000
vn -0.951057 0.309017 0.000000
vn -0.951057 0.309017 0.000000
vn -0.951057 0.309017 0.000000
vn -0.951057 0.309017 0.000000
vn -0.951056 -0.309017 0.000000
vn -0.951056 -0.309017 0.000000
vn -0.951056 -0.309017 0.000000
vn -0.951056 -0.309017 0.000000
vn -0.587785 -0.809017 0.000000
vn -0.587785 -0.809017 0.000000
vn -0.587785 -0.809017 0.000000
vn -0.587785 -0.809017 0.000000
vn 0.000000 -1.000000 0.000000
vn 0.000000 -1.000000 0.000000
vn 0.000000 -1.000000 0.000000
vn 0.000000 -1.000000 0.000000
vn 0.587785 -0.809017 0.000000
vn 0.587785 -0.809017 0.000000
vn 0.587785 -0.809017 0.000000
vn 0.587785 -0.809017 0.000000
vn 0.951057 -0.309017 0.000000
vn 0.951057 -0.309017 0.000000
vn 0.951057 -0.309017 0.000000
vn 0.951057 -0.309017 0.000000
vn 0.951057 0.309017 0.000000
vn 0.951057 0.309017 0.000000
vn 0.951057 0.309017 0.000000
vn 0.951057 0.309017 0.000000
vn 0.000000 -0.000000 -1.000000
vn 0.000000 -0.000000 -1.000000
vn 0.000000 -0.000000 -1.000000
vn 0.000000 -0.000000 -1.000000
vn 0.000000 -0.000000 -1.000000
vn 0.000000 -0.000000 -1.000000
vn 0.000000 -0.000000 -1.000000
vn 0.000000 -0.000000 -1.000000
vn 0.000000 -0.000000 -1.000000
vn 0.000000 -0.000000 -1.000000
vn 0.000000 -0.000000 1.000000
vn 0.000000 -0.000000 1.000000
vn 0.000000 -0.000000 1.000000
vn 0.000000 -0.000000 1.000000
vn 0.000000 -0.000000 1.000000
vn 0.000000 -0.000000 1.000000
vn 0.000000 -0.000000 1.000000
vn 0.000000 -0.000000 1.000000
vn 0.000000 -0.000000 1.000000
vn 0.000000 -0.000000 1.000000
s off
g GRP_Fluorescent_Lights Backrooms_Level0_Master_GRP GRP_Lamp_BR Lamp_BR_Cap_1_1
f 2573/5791/7297 2574/5792/7298 2584/5803/7299 2583/5802/7300
f 2574/5792/7301 2575/5793/7302 2585/5804/7303 2584/5803/7304
f 2575/5793/7305 2576/5794/7306 2586/5805/7307 2585/5804/7308
f 2576/5794/7309 2577/5795/7310 2587/5806/7311 2586/5805/7312
f 2577/5795/7313 2578/5796/7314 2588/5807/7315 2587/5806/7316
f 2578/5796/7317 2579/5797/7318 2589/5808/7319 2588/5807/7320
f 2579/5797/7321 2580/5798/7322 2590/5809/7323 2589/5808/7324
f 2580/5798/7325 2581/5799/7326 2591/5810/7327 2590/5809/7328
f 2581/5799/7329 2582/5800/7330 2592/5811/7331 2591/5810/7332
f 2582/5800/7333 2573/5801/7334 2583/5812/7335 2592/5811/7336
f 2573/5781/7337 2582/5790/7338 2581/5789/7339 2580/5788/7340 2579/5787/7341 2578/5786/7342 2577/5785/7343 2576/5784/7344 2575/5783/7345 2574/5782/7346
f 2583/5821/7347 2584/5820/7348 2585/5819/7349 2586/5818/7350 2587/5817/7351 2588/5816/7352 2589/5815/7353 2590/5814/7354 2591/5813/7355 2592/5822/7356
g default
v 174.794427 297.140457 235.500000
v 173.994427 297.721691 235.500000
v 173.005573 297.721691 235.500000
v 172.205572 297.140456 235.500000
v 171.900000 296.200000 235.500000
v 172.205573 295.259543 235.500000
v 173.005573 294.678309 235.500000
v 173.994427 294.678310 235.500000
v 174.794427 295.259544 235.500000
v 175.100000 296.200000 235.500000
v 174.794427 297.140457 238.500000
v 173.994427 297.721691 238.500000
v 173.005573 297.721691 238.500000
v 172.205572 297.140456 238.500000
v 171.900000 296.200000 238.500000
v 172.205573 295.259543 238.500000
v 173.005573 294.678309 238.500000
v 173.994427 294.678310 238.500000
v 174.794427 295.259544 238.500000
v 175.100000 296.200000 238.500000
vt 0.906388 0.051527
vt 0.656388 0.006118
vt 0.347371 0.006118
vt 0.097371 0.051527
vt 0.001880 0.125000
vt 0.097371 0.198473
vt 0.347371 0.243882
vt 0.656388 0.243882
vt 0.906388 0.198473
vt 1.001880 0.125000
vt 0.000000 0.250000
vt 0.100000 0.250000
vt 0.200000 0.250000
vt 0.300000 0.250000
vt 0.400000 0.250000
vt 0.500000 0.250000
vt 0.600000 0.250000
vt 0.700000 0.250000
vt 0.800000 0.250000
vt 0.900000 0.250000
vt 1.000000 0.250000
vt 0.000000 0.750000
vt 0.100000 0.750000
vt 0.200000 0.750000
vt 0.300000 0.750000
vt 0.400000 0.750000
vt 0.500000 0.750000
vt 0.600000 0.750000
vt 0.700000 0.750000
vt 0.800000 0.750000
vt 0.900000 0.750000
vt 1.000000 0.750000
vt 0.906388 0.801527
vt 0.656388 0.756118
vt 0.347371 0.756118
vt 0.097371 0.801527
vt 0.001880 0.875000
vt 0.097371 0.948473
vt 0.347371 0.993882
vt 0.656388 0.993882
vt 0.906388 0.948473
vt 1.001880 0.875000
vn 0.587785 0.809017 0.000000
vn 0.587785 0.809017 0.000000
vn 0.587785 0.809017 0.000000
vn 0.587785 0.809017 0.000000
vn 0.000000 1.000000 0.000000
vn 0.000000 1.000000 0.000000
vn 0.000000 1.000000 0.000000
vn 0.000000 1.000000 0.000000
vn -0.587785 0.809017 0.000000
vn -0.587785 0.809017 0.000000
vn -0.587785 0.809017 0.000000
vn -0.587785 0.809017 0.000000
vn -0.951057 0.309017 0.000000
vn -0.951057 0.309017 0.000000
vn -0.951057 0.309017 0.000000
vn -0.951057 0.309017 0.000000
vn -0.951056 -0.309017 0.000000
vn -0.951056 -0.309017 0.000000
vn -0.951056 -0.309017 0.000000
vn -0.951056 -0.309017 0.000000
vn -0.587785 -0.809017 0.000000
vn -0.587785 -0.809017 0.000000
vn -0.587785 -0.809017 0.000000
vn -0.587785 -0.809017 0.000000
vn 0.000000 -1.000000 0.000000
vn 0.000000 -1.000000 0.000000
vn 0.000000 -1.000000 0.000000
vn 0.000000 -1.000000 0.000000
vn 0.587785 -0.809017 0.000000
vn 0.587785 -0.809017 0.000000
vn 0.587785 -0.809017 0.000000
vn 0.587785 -0.809017 0.000000
vn 0.951057 -0.309017 0.000000
vn 0.951057 -0.309017 0.000000
vn 0.951057 -0.309017 0.000000
vn 0.951057 -0.309017 0.000000
vn 0.951057 0.309017 0.000000
vn 0.951057 0.309017 0.000000
vn 0.951057 0.309017 0.000000
vn 0.951057 0.309017 0.000000
vn 0.000000 -0.000000 -1.000000
vn 0.000000 -0.000000 -1.000000
vn 0.000000 -0.000000 -1.000000
vn 0.000000 -0.000000 -1.000000
vn 0.000000 -0.000000 -1.000000
vn 0.000000 -0.000000 -1.000000
vn 0.000000 -0.000000 -1.000000
vn 0.000000 -0.000000 -1.000000
vn 0.000000 -0.000000 -1.000000
vn 0.000000 -0.000000 -1.000000
vn 0.000000 -0.000000 1.000000
vn 0.000000 -0.000000 1.000000
vn 0.000000 -0.000000 1.000000
vn 0.000000 -0.000000 1.000000
vn 0.000000 -0.000000 1.000000
vn 0.000000 -0.000000 1.000000
vn 0.000000 -0.000000 1.000000
vn 0.000000 -0.000000 1.000000
vn 0.000000 -0.000000 1.000000
vn 0.000000 -0.000000 1.000000
s off
g GRP_Fluorescent_Lights Backrooms_Level0_Master_GRP GRP_Lamp_BR Lamp_BR_Cap_1_2
f 2593/5833/7357 2594/5834/7358 2604/5845/7359 2603/5844/7360
f 2594/5834/7361 2595/5835/7362 2605/5846/7363 2604/5845/7364
f 2595/5835/7365 2596/5836/7366 2606/5847/7367 2605/5846/7368
f 2596/5836/7369 2597/5837/7370 2607/5848/7371 2606/5847/7372
f 2597/5837/7373 2598/5838/7374 2608/5849/7375 2607/5848/7376
f 2598/5838/7377 2599/5839/7378 2609/5850/7379 2608/5849/7380
f 2599/5839/7381 2600/5840/7382 2610/5851/7383 2609/5850/7384
f 2600/5840/7385 2601/5841/7386 2611/5852/7387 2610/5851/7388
f 2601/5841/7389 2602/5842/7390 2612/5853/7391 2611/5852/7392
f 2602/5842/7393 2593/5843/7394 2603/5854/7395 2612/5853/7396
f 2593/5823/7397 2602/5832/7398 2601/5831/7399 2600/5830/7400 2599/5829/7401 2598/5828/7402 2597/5827/7403 2596/5826/7404 2595/5825/7405 2594/5824/7406
f 2603/5863/7407 2604/5862/7408 2605/5861/7409 2606/5860/7410 2607/5859/7411 2608/5858/7412 2609/5857/7413 2610/5856/7414 2611/5855/7415 2612/5864/7416
g default
v 187.671260 296.764048 124.000000
v 187.310537 297.216381 124.000000
v 186.789277 297.467406 124.000000
v 186.210723 297.467406 124.000000
v 185.689464 297.216381 124.000000
v 185.328741 296.764049 124.000000
v 185.200000 296.200000 124.000000
v 185.328741 295.635951 124.000000
v 185.689463 295.183619 124.000000
v 186.210723 294.932594 124.000000
v 186.789277 294.932594 124.000000
v 187.310537 295.183619 124.000000
v 187.671259 295.635951 124.000000
v 187.800000 296.200000 124.000000
v 187.671260 296.764048 236.000000
v 187.310537 297.216381 236.000000
v 186.789277 297.467406 236.000000
v 186.210723 297.467406 236.000000
v 185.689464 297.216381 236.000000
v 185.328741 296.764049 236.000000
v 185.200000 296.200000 236.000000
v 185.328741 295.635951 236.000000
v 185.689463 295.183619 236.000000
v 186.210723 294.932594 236.000000
v 186.789277 294.932594 236.000000
v 187.310537 295.183619 236.000000
v 187.671259 295.635951 236.000000
v 187.800000 296.200000 236.000000
vt 0.952364 0.070765
vt 0.813625 0.027271
vt 0.613140 0.003134
vt 0.390619 0.003134
vt 0.190135 0.027271
vt 0.051395 0.070765
vt 0.001880 0.125000
vt 0.051395 0.179235
vt 0.190135 0.222729
vt 0.390619 0.246866
vt 0.613140 0.246866
vt 0.813625 0.222729
vt 0.952364 0.179235
vt 1.001880 0.125000
vt 0.000000 0.250000
vt 0.071429 0.250000
vt 0.142857 0.250000
vt 0.214286 0.250000
vt 0.285714 0.250000
vt 0.357143 0.250000
vt 0.428571 0.250000
vt 0.500000 0.250000
vt 0.571429 0.250000
vt 0.642857 0.250000
vt 0.714286 0.250000
vt 0.785714 0.250000
vt 0.857143 0.250000
vt 0.928572 0.250000
vt 1.000000 0.250000
vt 0.000000 0.750000
vt 0.071429 0.750000
vt 0.142857 0.750000
vt 0.214286 0.750000
vt 0.285714 0.750000
vt 0.357143 0.750000
vt 0.428571 0.750000
vt 0.500000 0.750000
vt 0.571429 0.750000
vt 0.642857 0.750000
vt 0.714286 0.750000
vt 0.785714 0.750000
vt 0.857143 0.750000
vt 0.928572 0.750000
vt 1.000000 0.750000
vt 0.952364 0.820765
vt 0.813625 0.777271
vt 0.613140 0.753134
vt 0.390619 0.753134
vt 0.190135 0.777271
vt 0.051395 0.820765
vt 0.001880 0.875000
vt 0.051395 0.929235
vt 0.190135 0.972729
vt 0.390619 0.996866
vt 0.613140 0.996866
vt 0.813625 0.972729
vt 0.952364 0.929235
vt 1.001880 0.875000
vn 0.900969 0.433884 0.000000
vn 0.623490 0.781831 0.000000
vn 0.623490 0.781831 0.000000
vn 0.900969 0.433884 0.000000
vn 0.222521 0.974928 0.000000
vn 0.222521 0.974928 0.000000
vn -0.222521 0.974928 0.000000
vn -0.222521 0.974928 0.000000
vn -0.623490 0.781832 0.000000
vn -0.623490 0.781832 0.000000
vn -0.900969 0.433884 0.000000
vn -0.900969 0.433884 0.000000
vn -1.000000 0.000000 0.000000
vn -1.000000 0.000000 0.000000
vn -0.900969 -0.433884 0.000000
vn -0.900969 -0.433884 0.000000
vn -0.623490 -0.781831 0.000000
vn -0.623490 -0.781831 0.000000
vn -0.222521 -0.974928 0.000000
vn -0.222521 -0.974928 0.000000
vn 0.222521 -0.974928 0.000000
vn 0.222521 -0.974928 0.000000
vn 0.623490 -0.781832 0.000000
vn 0.623490 -0.781832 0.000000
vn 0.900969 -0.433884 0.000000
vn 0.900969 -0.433884 0.000000
vn 1.000000 -0.000000 0.000000
vn 1.000000 -0.000000 0.000000
vn 0.000000 -0.000002 -1.000000
vn 0.000000 -0.000002 -1.000000
vn 0.000000 -0.000002 -1.000000
vn 0.000000 -0.000002 -1.000000
vn 0.000000 -0.000002 -1.000000
vn 0.000000 -0.000002 -1.000000
vn 0.000000 -0.000002 -1.000000
vn 0.000000 -0.000002 -1.000000
vn 0.000000 -0.000002 -1.000000
vn 0.000000 -0.000002 -1.000000
vn 0.000000 -0.000002 -1.000000
vn 0.000000 -0.000002 -1.000000
vn 0.000000 -0.000002 -1.000000
vn 0.000000 -0.000002 -1.000000
vn 0.000000 0.000001 1.000000
vn 0.000000 0.000001 1.000000
vn 0.000000 0.000001 1.000000
vn 0.000000 0.000001 1.000000
vn 0.000000 0.000001 1.000000
vn 0.000000 0.000001 1.000000
vn 0.000000 0.000001 1.000000
vn 0.000000 0.000001 1.000000
vn 0.000000 0.000001 1.000000
vn 0.000000 0.000001 1.000000
vn 0.000000 0.000001 1.000000
vn 0.000000 0.000001 1.000000
vn 0.000000 0.000001 1.000000
vn 0.000000 0.000001 1.000000
s 1
g GRP_Fluorescent_Lights Backrooms_Level0_Master_GRP GRP_Lamp_BR Lamp_BR_Tube_2
f 2613/5879/7417 2614/5880/7418 2628/5895/7419 2627/5894/7420
f 2614/5880/7418 2615/5881/7421 2629/5896/7422 2628/5895/7419
f 2615/5881/7421 2616/5882/7423 2630/5897/7424 2629/5896/7422
f 2616/5882/7423 2617/5883/7425 2631/5898/7426 2630/5897/7424
f 2617/5883/7425 2618/5884/7427 2632/5899/7428 2631/5898/7426
f 2618/5884/7427 2619/5885/7429 2633/5900/7430 2632/5899/7428
f 2619/5885/7429 2620/5886/7431 2634/5901/7432 2633/5900/7430
f 2620/5886/7431 2621/5887/7433 2635/5902/7434 2634/5901/7432
f 2621/5887/7433 2622/5888/7435 2636/5903/7436 2635/5902/7434
f 2622/5888/7435 2623/5889/7437 2637/5904/7438 2636/5903/7436
f 2623/5889/7437 2624/5890/7439 2638/5905/7440 2637/5904/7438
f 2624/5890/7439 2625/5891/7441 2639/5906/7442 2638/5905/7440
f 2625/5891/7441 2626/5892/7443 2640/5907/7444 2639/5906/7442
f 2626/5892/7443 2613/5893/7417 2627/5908/7420 2640/5907/7444
s off
f 2613/5865/7445 2626/5878/7446 2625/5877/7447 2624/5876/7448 2623/5875/7449 2622/5874/7450 2621/5873/7451 2620/5872/7452 2619/5871/7453 2618/5870/7454 2617/5869/7455 2616/5868/7456 2615/5867/7457 2614/5866/7458
f 2627/5921/7459 2628/5920/7460 2629/5919/7461 2630/5918/7462 2631/5917/7463 2632/5916/7464 2633/5915/7465 2634/5914/7466 2635/5913/7467 2636/5912/7468 2637/5911/7469 2638/5910/7470 2639/5909/7471 2640/5922/7472
g default
v 187.794427 297.140457 121.500000
v 186.994427 297.721691 121.500000
v 186.005573 297.721691 121.500000
v 185.205572 297.140456 121.500000
v 184.900000 296.200000 121.500000
v 185.205573 295.259543 121.500000
v 186.005573 294.678309 121.500000
v 186.994427 294.678310 121.500000
v 187.794427 295.259544 121.500000
v 188.100000 296.200000 121.500000
v 187.794427 297.140457 124.500000
v 186.994427 297.721691 124.500000
v 186.005573 297.721691 124.500000
v 185.205572 297.140456 124.500000
v 184.900000 296.200000 124.500000
v 185.205573 295.259543 124.500000
v 186.005573 294.678309 124.500000
v 186.994427 294.678310 124.500000
v 187.794427 295.259544 124.500000
v 188.100000 296.200000 124.500000
vt 0.906388 0.051527
vt 0.656388 0.006118
vt 0.347371 0.006118
vt 0.097371 0.051527
vt 0.001880 0.125000
vt 0.097371 0.198473
vt 0.347371 0.243882
vt 0.656388 0.243882
vt 0.906388 0.198473
vt 1.001880 0.125000
vt 0.000000 0.250000
vt 0.100000 0.250000
vt 0.200000 0.250000
vt 0.300000 0.250000
vt 0.400000 0.250000
vt 0.500000 0.250000
vt 0.600000 0.250000
vt 0.700000 0.250000
vt 0.800000 0.250000
vt 0.900000 0.250000
vt 1.000000 0.250000
vt 0.000000 0.750000
vt 0.100000 0.750000
vt 0.200000 0.750000
vt 0.300000 0.750000
vt 0.400000 0.750000
vt 0.500000 0.750000
vt 0.600000 0.750000
vt 0.700000 0.750000
vt 0.800000 0.750000
vt 0.900000 0.750000
vt 1.000000 0.750000
vt 0.906388 0.801527
vt 0.656388 0.756118
vt 0.347371 0.756118
vt 0.097371 0.801527
vt 0.001880 0.875000
vt 0.097371 0.948473
vt 0.347371 0.993882
vt 0.656388 0.993882
vt 0.906388 0.948473
vt 1.001880 0.875000
vn 0.587785 0.809017 0.000000
vn 0.587785 0.809017 0.000000
vn 0.587785 0.809017 0.000000
vn 0.587785 0.809017 0.000000
vn 0.000000 1.000000 0.000000
vn 0.000000 1.000000 0.000000
vn 0.000000 1.000000 0.000000
vn 0.000000 1.000000 0.000000
vn -0.587785 0.809017 0.000000
vn -0.587785 0.809017 0.000000
vn -0.587785 0.809017 0.000000
vn -0.587785 0.809017 0.000000
vn -0.951057 0.309017 0.000000
vn -0.951057 0.309017 0.000000
vn -0.951057 0.309017 0.000000
vn -0.951057 0.309017 0.000000
vn -0.951056 -0.309017 0.000000
vn -0.951056 -0.309017 0.000000
vn -0.951056 -0.309017 0.000000
vn -0.951056 -0.309017 0.000000
vn -0.587785 -0.809017 0.000000
vn -0.587785 -0.809017 0.000000
vn -0.587785 -0.809017 0.000000
vn -0.587785 -0.809017 0.000000
vn 0.000000 -1.000000 0.000000
vn 0.000000 -1.000000 0.000000
vn 0.000000 -1.000000 0.000000
vn 0.000000 -1.000000 0.000000
vn 0.587785 -0.809017 0.000000
vn 0.587785 -0.809017 0.000000
vn 0.587785 -0.809017 0.000000
vn 0.587785 -0.809017 0.000000
vn 0.951057 -0.309017 0.000000
vn 0.951057 -0.309017 0.000000
vn 0.951057 -0.309017 0.000000
vn 0.951057 -0.309017 0.000000
vn 0.951057 0.309017 0.000000
vn 0.951057 0.309017 0.000000
vn 0.951057 0.309017 0.000000
vn 0.951057 0.309017 0.000000
vn 0.000000 -0.000000 -1.000000
vn 0.000000 -0.000000 -1.000000
vn 0.000000 -0.000000 -1.000000
vn 0.000000 -0.000000 -1.000000
vn 0.000000 -0.000000 -1.000000
vn 0.000000 -0.000000 -1.000000
vn 0.000000 -0.000000 -1.000000
vn 0.000000 -0.000000 -1.000000
vn 0.000000 -0.000000 -1.000000
vn 0.000000 -0.000000 -1.000000
vn 0.000000 -0.000000 1.000000
vn 0.000000 -0.000000 1.000000
vn 0.000000 -0.000000 1.000000
vn 0.000000 -0.000000 1.000000
vn 0.000000 -0.000000 1.000000
vn 0.000000 -0.000000 1.000000
vn 0.000000 -0.000000 1.000000
vn 0.000000 -0.000000 1.000000
vn 0.000000 -0.000000 1.000000
vn 0.000000 -0.000000 1.000000
s off
g GRP_Fluorescent_Lights Backrooms_Level0_Master_GRP GRP_Lamp_BR Lamp_BR_Cap_2_1
f 2641/5933/7473 2642/5934/7474 2652/5945/7475 2651/5944/7476
f 2642/5934/7477 2643/5935/7478 2653/5946/7479 2652/5945/7480
f 2643/5935/7481 2644/5936/7482 2654/5947/7483 2653/5946/7484
f 2644/5936/7485 2645/5937/7486 2655/5948/7487 2654/5947/7488
f 2645/5937/7489 2646/5938/7490 2656/5949/7491 2655/5948/7492
f 2646/5938/7493 2647/5939/7494 2657/5950/7495 2656/5949/7496
f 2647/5939/7497 2648/5940/7498 2658/5951/7499 2657/5950/7500
f 2648/5940/7501 2649/5941/7502 2659/5952/7503 2658/5951/7504
f 2649/5941/7505 2650/5942/7506 2660/5953/7507 2659/5952/7508
f 2650/5942/7509 2641/5943/7510 2651/5954/7511 2660/5953/7512
f 2641/5923/7513 2650/5932/7514 2649/5931/7515 2648/5930/7516 2647/5929/7517 2646/5928/7518 2645/5927/7519 2644/5926/7520 2643/5925/7521 2642/5924/7522
f 2651/5963/7523 2652/5962/7524 2653/5961/7525 2654/5960/7526 2655/5959/7527 2656/5958/7528 2657/5957/7529 2658/5956/7530 2659/5955/7531 2660/5964/7532
g default
v 187.794427 297.140457 235.500000
v 186.994427 297.721691 235.500000
v 186.005573 297.721691 235.500000
v 185.205572 297.140456 235.500000
v 184.900000 296.200000 235.500000
v 185.205573 295.259543 235.500000
v 186.005573 294.678309 235.500000
v 186.994427 294.678310 235.500000
v 187.794427 295.259544 235.500000
v 188.100000 296.200000 235.500000
v 187.794427 297.140457 238.500000
v 186.994427 297.721691 238.500000
v 186.005573 297.721691 238.500000
v 185.205572 297.140456 238.500000
v 184.900000 296.200000 238.500000
v 185.205573 295.259543 238.500000
v 186.005573 294.678309 238.500000
v 186.994427 294.678310 238.500000
v 187.794427 295.259544 238.500000
v 188.100000 296.200000 238.500000
vt 0.906388 0.051527
vt 0.656388 0.006118
vt 0.347371 0.006118
vt 0.097371 0.051527
vt 0.001880 0.125000
vt 0.097371 0.198473
vt 0.347371 0.243882
vt 0.656388 0.243882
vt 0.906388 0.198473
vt 1.001880 0.125000
vt 0.000000 0.250000
vt 0.100000 0.250000
vt 0.200000 0.250000
vt 0.300000 0.250000
vt 0.400000 0.250000
vt 0.500000 0.250000
vt 0.600000 0.250000
vt 0.700000 0.250000
vt 0.800000 0.250000
vt 0.900000 0.250000
vt 1.000000 0.250000
vt 0.000000 0.750000
vt 0.100000 0.750000
vt 0.200000 0.750000
vt 0.300000 0.750000
vt 0.400000 0.750000
vt 0.500000 0.750000
vt 0.600000 0.750000
vt 0.700000 0.750000
vt 0.800000 0.750000
vt 0.900000 0.750000
vt 1.000000 0.750000
vt 0.906388 0.801527
vt 0.656388 0.756118
vt 0.347371 0.756118
vt 0.097371 0.801527
vt 0.001880 0.875000
vt 0.097371 0.948473
vt 0.347371 0.993882
vt 0.656388 0.993882
vt 0.906388 0.948473
vt 1.001880 0.875000
vn 0.587785 0.809017 0.000000
vn 0.587785 0.809017 0.000000
vn 0.587785 0.809017 0.000000
vn 0.587785 0.809017 0.000000
vn 0.000000 1.000000 0.000000
vn 0.000000 1.000000 0.000000
vn 0.000000 1.000000 0.000000
vn 0.000000 1.000000 0.000000
vn -0.587785 0.809017 0.000000
vn -0.587785 0.809017 0.000000
vn -0.587785 0.809017 0.000000
vn -0.587785 0.809017 0.000000
vn -0.951057 0.309017 0.000000
vn -0.951057 0.309017 0.000000
vn -0.951057 0.309017 0.000000
vn -0.951057 0.309017 0.000000
vn -0.951056 -0.309017 0.000000
vn -0.951056 -0.309017 0.000000
vn -0.951056 -0.309017 0.000000
vn -0.951056 -0.309017 0.000000
vn -0.587785 -0.809017 0.000000
vn -0.587785 -0.809017 0.000000
vn -0.587785 -0.809017 0.000000
vn -0.587785 -0.809017 0.000000
vn 0.000000 -1.000000 0.000000
vn 0.000000 -1.000000 0.000000
vn 0.000000 -1.000000 0.000000
vn 0.000000 -1.000000 0.000000
vn 0.587785 -0.809017 0.000000
vn 0.587785 -0.809017 0.000000
vn 0.587785 -0.809017 0.000000
vn 0.587785 -0.809017 0.000000
vn 0.951057 -0.309017 0.000000
vn 0.951057 -0.309017 0.000000
vn 0.951057 -0.309017 0.000000
vn 0.951057 -0.309017 0.000000
vn 0.951057 0.309017 0.000000
vn 0.951057 0.309017 0.000000
vn 0.951057 0.309017 0.000000
vn 0.951057 0.309017 0.000000
vn 0.000000 -0.000000 -1.000000
vn 0.000000 -0.000000 -1.000000
vn 0.000000 -0.000000 -1.000000
vn 0.000000 -0.000000 -1.000000
vn 0.000000 -0.000000 -1.000000
vn 0.000000 -0.000000 -1.000000
vn 0.000000 -0.000000 -1.000000
vn 0.000000 -0.000000 -1.000000
vn 0.000000 -0.000000 -1.000000
vn 0.000000 -0.000000 -1.000000
vn 0.000000 -0.000000 1.000000
vn 0.000000 -0.000000 1.000000
vn 0.000000 -0.000000 1.000000
vn 0.000000 -0.000000 1.000000
vn 0.000000 -0.000000 1.000000
vn 0.000000 -0.000000 1.000000
vn 0.000000 -0.000000 1.000000
vn 0.000000 -0.000000 1.000000
vn 0.000000 -0.000000 1.000000
vn 0.000000 -0.000000 1.000000
s off
g GRP_Fluorescent_Lights Backrooms_Level0_Master_GRP GRP_Lamp_BR Lamp_BR_Cap_2_2
f 2661/5975/7533 2662/5976/7534 2672/5987/7535 2671/5986/7536
f 2662/5976/7537 2663/5977/7538 2673/5988/7539 2672/5987/7540
f 2663/5977/7541 2664/5978/7542 2674/5989/7543 2673/5988/7544
f 2664/5978/7545 2665/5979/7546 2675/5990/7547 2674/5989/7548
f 2665/5979/7549 2666/5980/7550 2676/5991/7551 2675/5990/7552
f 2666/5980/7553 2667/5981/7554 2677/5992/7555 2676/5991/7556
f 2667/5981/7557 2668/5982/7558 2678/5993/7559 2677/5992/7560
f 2668/5982/7561 2669/5983/7562 2679/5994/7563 2678/5993/7564
f 2669/5983/7565 2670/5984/7566 2680/5995/7567 2679/5994/7568
f 2670/5984/7569 2661/5985/7570 2671/5996/7571 2680/5995/7572
f 2661/5965/7573 2670/5974/7574 2669/5973/7575 2668/5972/7576 2667/5971/7577 2666/5970/7578 2665/5969/7579 2664/5968/7580 2663/5967/7581 2662/5966/7582
f 2671/6005/7583 2672/6004/7584 2673/6003/7585 2674/6002/7586 2675/6001/7587 2676/6000/7588 2677/5999/7589 2678/5998/7590 2679/5997/7591 2680/6006/7592
g default
v 165.000000 294.200000 239.000000
v 195.000000 294.200000 239.000000
v 165.000000 294.800000 239.000000
v 195.000000 294.800000 239.000000
v 165.000000 294.800000 121.000000
v 195.000000 294.800000 121.000000
v 165.000000 294.200000 121.000000
v 195.000000 294.200000 121.000000
vt 0.330000 0.000000
vt 0.663333 0.000000
vt 0.330000 0.250000
vt 0.663333 0.250000
vt 0.330000 0.500000
vt 0.663333 0.500000
vt 0.330000 0.750000
vt 0.663333 0.750000
vt 0.330000 1.000000
vt 0.663333 1.000000
vt 1.000000 0.000000
vt 1.000000 0.250000
vt 0.000000 0.000000
vt 0.000000 0.250000
vn 0.000000 0.000000 1.000000
vn 0.000000 0.000000 1.000000
vn 0.000000 0.000000 1.000000
vn 0.000000 0.000000 1.000000
vn 0.000000 1.000000 0.000000
vn 0.000000 1.000000 0.000000
vn 0.000000 1.000000 0.000000
vn 0.000000 1.000000 0.000000
vn 0.000000 0.000000 -1.000000
vn 0.000000 0.000000 -1.000000
vn 0.000000 0.000000 -1.000000
vn 0.000000 0.000000 -1.000000
vn 0.000000 -1.000000 0.000000
vn 0.000000 -1.000000 0.000000
vn 0.000000 -1.000000 0.000000
vn 0.000000 -1.000000 0.000000
vn 1.000000 0.000000 0.000000
vn 1.000000 0.000000 0.000000
vn 1.000000 0.000000 0.000000
vn 1.000000 0.000000 0.000000
vn -1.000000 0.000000 0.000000
vn -1.000000 0.000000 0.000000
vn -1.000000 0.000000 0.000000
vn -1.000000 0.000000 0.000000
s off
g GRP_Fluorescent_Lights Backrooms_Level0_Master_GRP GRP_Lamp_BR Lamp_BR_Diffuser
f 2681/6007/7593 2682/6008/7594 2684/6010/7595 2683/6009/7596
f 2683/6009/7597 2684/6010/7598 2686/6012/7599 2685/6011/7600
f 2685/6011/7601 2686/6012/7602 2688/6014/7603 2687/6013/7604
f 2687/6013/7605 2688/6014/7606 2682/6016/7607 2681/6015/7608
f 2682/6008/7609 2688/6017/7610 2686/6018/7611 2684/6010/7612
f 2687/6019/7613 2681/6007/7614 2683/6009/7615 2685/6020/7616
g default
v 163.046858 294.046858 241.840015
v 163.159985 294.000000 241.840015
v 163.159985 294.046858 241.953140
v 163.159985 294.159984 242.000000
v 163.046858 294.159984 241.953140
v 163.000000 294.159984 241.840015
v 196.953142 294.046858 241.840015
v 197.000000 294.159984 241.840015
v 196.953142 294.159984 241.953140
v 196.840015 294.159984 242.000000
v 196.840015 294.046858 241.953140
v 196.840015 294.000000 241.840015
v 163.046858 301.953142 241.840015
v 163.000000 301.840016 241.840015
v 163.046858 301.840016 241.953140
v 163.159985 301.840016 242.000000
v 163.159985 301.953142 241.953140
v 163.159985 302.000000 241.840015
v 196.953142 301.953142 241.840015
v 196.840015 302.000000 241.840015
v 196.840015 301.953142 241.953140
v 196.840015 301.840016 242.000000
v 196.953142 301.840016 241.953140
v 197.000000 301.840016 241.840015
v 163.046858 301.840016 118.046860
v 163.000000 301.840016 118.159985
v 163.046858 301.953142 118.159985
v 163.159985 302.000000 118.159985
v 163.159985 301.953142 118.046860
v 163.159985 301.840016 118.000000
v 196.953142 301.840016 118.046860
v 196.840015 301.840016 118.000000
v 196.840015 301.953142 118.046860
v 196.840015 302.000000 118.159985
v 196.953142 301.953142 118.159985
v 197.000000 301.840016 118.159985
v 163.046858 294.046858 118.159985
v 163.000000 294.159984 118.159985
v 163.046858 294.159984 118.046860
v 163.159985 294.159984 118.000000
v 163.159985 294.046858 118.046860
v 163.159985 294.000000 118.159985
v 196.953142 294.046858 118.159985
v 196.840015 294.000000 118.159985
v 196.840015 294.046858 118.046860
v 196.840015 294.159984 118.000000
v 196.953142 294.159984 118.046860
v 197.000000 294.159984 118.159985
vt 0.331569 0.999677
vt 0.331568 0.750323
vt 0.329574 0.005000
vt 0.000426 0.005000
vt 0.331568 0.004999
vt 0.661765 0.005000
vt 0.331569 0.999677
vt 0.661765 0.999677
vt 0.329574 0.005000
vt 0.329574 0.245000
vt 0.331568 0.004999
vt 0.331569 0.245000
vt 0.663768 0.005000
vt 0.999566 0.005000
vt 0.661765 0.999677
vt 0.661765 0.750323
vt 0.661765 0.005000
vt 0.661765 0.245000
vt 0.663768 0.005000
vt 0.663768 0.245000
vt 0.329574 0.245000
vt 0.000426 0.245000
vt 0.331568 0.250323
vt 0.331569 0.499677
vt 0.331568 0.250323
vt 0.661765 0.250323
vt 0.331569 0.245000
vt 0.661765 0.245000
vt 0.661765 0.250323
vt 0.661765 0.499677
vt 0.663768 0.245000
vt 0.999566 0.245000
vt 0.000426 0.245000
vt 0.000426 0.005000
vt 0.331568 0.504999
vt 0.331569 0.745000
vt 0.331568 0.504999
vt 0.661765 0.505000
vt 0.331569 0.499677
vt 0.661765 0.499677
vt 0.661765 0.505000
vt 0.661765 0.745000
vt 0.999566 0.245000
vt 0.999566 0.005000
vt 0.331568 0.750323
vt 0.661765 0.750323
vt 0.331569 0.745000
vt 0.661765 0.745000
vt 0.331568 0.004999
vt 0.661765 0.005000
vt 0.661765 0.245000
vt 0.331569 0.245000
vt 0.331568 0.250323
vt 0.661765 0.250323
vt 0.661765 0.499677
vt 0.331569 0.499677
vt 0.331568 0.504999
vt 0.661765 0.505000
vt 0.661765 0.745000
vt 0.331569 0.745000
vt 0.331568 0.750323
vt 0.661765 0.750323
vt 0.661765 0.999677
vt 0.331569 0.999677
vt 0.663768 0.005000
vt 0.999566 0.005000
vt 0.999566 0.245000
vt 0.663768 0.245000
vt 0.000426 0.005000
vt 0.329574 0.005000
vt 0.329574 0.245000
vt 0.000426 0.245000
vt 0.331568 0.000000
vt 0.331568 0.004999
vt 0.329574 0.005000
vt 0.663768 0.005000
vt 0.661765 0.005000
vt 0.661765 0.000000
vt 0.329574 0.245000
vt 0.331569 0.245000
vt 0.331568 0.250323
vt 0.661765 0.250323
vt 0.661765 0.245000
vt 0.663768 0.245000
vt 0.330000 0.499677
vt 0.331569 0.499677
vt 0.331568 0.504999
vt 0.661765 0.505000
vt 0.661765 0.499677
vt 0.663333 0.499677
vt 0.330000 0.745000
vt 0.331569 0.745000
vt 0.331568 0.750323
vt 0.661765 0.750323
vt 0.661765 0.745000
vt 0.663333 0.745000
vt 0.331241 0.000005
vt 0.331567 0.999426
vt 0.332760 0.000000
vt 0.332760 0.999677
vt 0.330571 0.005058
vt 0.662099 0.000005
vt 0.661766 0.999426
vt 0.662754 0.005011
vt 0.660573 0.999677
vt 0.660573 0.000000
vt 0.330000 0.250000
vt 0.330572 0.244989
vt 0.331573 0.247662
vt 0.663333 0.250000
vt 0.661764 0.247663
vt 0.662766 0.244942
vt 0.330000 0.503468
vt 0.000426 0.241292
vt 0.330000 0.499431
vt 0.000752 0.245005
vt 0.331573 0.502338
vt 0.663333 0.503468
vt 0.999566 0.241292
vt 0.661764 0.502337
vt 0.999233 0.245005
vt 0.663333 0.499431
vt 0.000753 0.004995
vt 0.330002 0.745252
vt 0.330000 0.741210
vt 0.000426 0.008708
vt 0.331573 0.747662
vt 0.663332 0.745252
vt 0.999232 0.004995
vt 0.661764 0.747653
vt 0.999566 0.008708
vt 0.663333 0.741210
vn -0.382683 -0.923880 0.000000
vn -0.382683 -0.923880 0.000000
vn -0.382683 -0.923880 0.000000
vn -0.382683 -0.923880 0.000000
vn -0.923880 -0.382682 0.000000
vn -0.923880 -0.382682 0.000000
vn -0.923880 -0.382682 0.000000
vn -0.923880 -0.382682 0.000000
vn 0.000000 -0.382693 0.923876
vn 0.000000 -0.382693 0.923876
vn 0.000000 -0.382693 0.923876
vn 0.000000 -0.382693 0.923876
vn 0.000000 -0.923879 0.382686
vn 0.000000 -0.923879 0.382686
vn 0.000000 -0.923879 0.382686
vn 0.000000 -0.923879 0.382686
vn -0.923880 0.000000 0.382682
vn -0.923880 0.000000 0.382682
vn -0.923880 0.000000 0.382682
vn -0.923880 0.000000 0.382682
vn -0.382672 0.000000 0.923884
vn -0.382672 0.000000 0.923884
vn -0.382672 0.000000 0.923884
vn -0.382672 0.000000 0.923884
vn 0.923880 -0.382682 0.000000
vn 0.923880 -0.382682 0.000000
vn 0.923880 -0.382682 0.000000
vn 0.923880 -0.382682 0.000000
vn 0.382683 -0.923880 0.000000
vn 0.382683 -0.923880 0.000000
vn 0.382683 -0.923880 0.000000
vn 0.382683 -0.923880 0.000000
vn 0.382672 0.000000 0.923884
vn 0.382672 0.000000 0.923884
vn 0.382672 0.000000 0.923884
vn 0.382672 0.000000 0.923884
vn 0.923880 0.000000 0.382682
vn 0.923880 0.000000 0.382682
vn 0.923880 0.000000 0.382682
vn 0.923880 0.000000 0.382682
vn -0.923880 0.382682 0.000000
vn -0.923880 0.382682 0.000000
vn -0.923880 0.382682 0.000000
vn -0.923880 0.382682 0.000000
vn -0.382683 0.923880 0.000000
vn -0.382683 0.923880 0.000000
vn -0.382683 0.923880 0.000000
vn -0.382683 0.923880 0.000000
vn 0.000000 0.923879 0.382686
vn 0.000000 0.923879 0.382686
vn 0.000000 0.923879 0.382686
vn 0.000000 0.923879 0.382686
vn 0.000000 0.382693 0.923876
vn 0.000000 0.382693 0.923876
vn 0.000000 0.382693 0.923876
vn 0.000000 0.382693 0.923876
vn 0.382683 0.923880 0.000000
vn 0.382683 0.923880 0.000000
vn 0.382683 0.923880 0.000000
vn 0.382683 0.923880 0.000000
vn 0.923880 0.382682 0.000000
vn 0.923880 0.382682 0.000000
vn 0.923880 0.382682 0.000000
vn 0.923880 0.382682 0.000000
vn -0.923880 0.000000 -0.382682
vn -0.923880 0.000000 -0.382682
vn -0.923880 0.000000 -0.382682
vn -0.923880 0.000000 -0.382682
vn -0.382672 0.000000 -0.923884
vn -0.382672 0.000000 -0.923884
vn -0.382672 0.000000 -0.923884
vn -0.382672 0.000000 -0.923884
vn 0.000000 0.382693 -0.923876
vn 0.000000 0.382693 -0.923876
vn 0.000000 0.382693 -0.923876
vn 0.000000 0.382693 -0.923876
vn 0.000000 0.923879 -0.382686
vn 0.000000 0.923879 -0.382686
vn 0.000000 0.923879 -0.382686
vn 0.000000 0.923879 -0.382686
vn 0.382672 0.000000 -0.923884
vn 0.382672 0.000000 -0.923884
vn 0.382672 0.000000 -0.923884
vn 0.382672 0.000000 -0.923884
vn 0.923880 0.000000 -0.382682
vn 0.923880 0.000000 -0.382682
vn 0.923880 0.000000 -0.382682
vn 0.923880 0.000000 -0.382682
vn 0.000000 -0.923879 -0.382686
vn 0.000000 -0.923879 -0.382686
vn 0.000000 -0.923879 -0.382686
vn 0.000000 -0.923879 -0.382686
vn 0.000000 -0.382693 -0.923876
vn 0.000000 -0.382693 -0.923876
vn 0.000000 -0.382693 -0.923876
vn 0.000000 -0.382693 -0.923876
vn 0.000000 0.000000 1.000000
vn 0.000000 0.000000 1.000000
vn 0.000000 0.000000 1.000000
vn 0.000000 0.000000 1.000000
vn 0.000000 1.000000 0.000000
vn 0.000000 1.000000 0.000000
vn 0.000000 1.000000 0.000000
vn 0.000000 1.000000 0.000000
vn 0.000000 0.000000 -1.000000
vn 0.000000 0.000000 -1.000000
vn 0.000000 0.000000 -1.000000
vn 0.000000 0.000000 -1.000000
vn 0.000000 -1.000000 0.000000
vn 0.000000 -1.000000 0.000000
vn 0.000000 -1.000000 0.000000
vn 0.000000 -1.000000 0.000000
vn 1.000000 0.000000 0.000000
vn 1.000000 0.000000 0.000000
vn 1.000000 0.000000 0.000000
vn 1.000000 0.000000 0.000000
vn -1.000000 0.000000 0.000000
vn -1.000000 0.000000 0.000000
vn -1.000000 0.000000 0.000000
vn -1.000000 0.000000 0.000000
vn -0.577340 -0.577355 0.577357
vn -0.577340 -0.577355 0.577357
vn -0.577340 -0.577355 0.577357
vn -0.577340 -0.577355 0.577357
vn -0.577340 -0.577355 0.577357
vn -0.577340 -0.577355 0.577357
vn 0.577341 -0.577352 0.577358
vn 0.577341 -0.577352 0.577358
vn 0.577341 -0.577352 0.577358
vn 0.577341 -0.577352 0.577358
vn 0.577341 -0.577352 0.577358
vn 0.577341 -0.577352 0.577358
vn -0.577341 0.577352 0.577358
vn -0.577341 0.577352 0.577358
vn -0.577341 0.577352 0.577358
vn -0.577341 0.577352 0.577358
vn -0.577341 0.577352 0.577358
vn -0.577341 0.577352 0.577358
vn 0.577340 0.577355 0.577357
vn 0.577340 0.577355 0.577357
vn 0.577340 0.577355 0.577357
vn 0.577340 0.577355 0.577357
vn 0.577340 0.577355 0.577357
vn 0.577340 0.577355 0.577357
vn -0.577330 0.577358 -0.577362
vn -0.577330 0.577359 -0.577362
vn -0.577330 0.577359 -0.577362
vn -0.577330 0.577359 -0.577362
vn -0.577330 0.577359 -0.577362
vn -0.577330 0.577359 -0.577362
vn 0.577350 0.577350 -0.577352
vn 0.577350 0.577350 -0.577352
vn 0.577350 0.577350 -0.577352
vn 0.577350 0.577350 -0.577352
vn 0.577350 0.577350 -0.577352
vn 0.577350 0.577350 -0.577352
vn -0.577341 -0.577352 -0.577358
vn -0.577341 -0.577352 -0.577358
vn -0.577341 -0.577352 -0.577358
vn -0.577341 -0.577352 -0.577358
vn -0.577341 -0.577352 -0.577358
vn -0.577341 -0.577352 -0.577358
vn 0.577340 -0.577355 -0.577357
vn 0.577340 -0.577355 -0.577357
vn 0.577340 -0.577355 -0.577357
vn 0.577340 -0.577355 -0.577357
vn 0.577340 -0.577355 -0.577357
vn 0.577340 -0.577355 -0.577357
s off
g GRP_Fluorescent_Lights Backrooms_Level0_Master_GRP Lamp_BR_Housing GRP_Lamp_BR
f 2690/6027/7617 2689/6118/7618 2725/6144/7619 2730/6081/7620
f 2689/6117/7621 2694/6090/7622 2726/6054/7623 2725/6143/7624
f 2692/6031/7625 2691/6119/7626 2699/6126/7627 2698/6070/7628
f 2691/6120/7629 2690/6027/7630 2700/6035/7631 2699/6125/7632
f 2694/6090/7633 2693/6121/7634 2703/6128/7635 2702/6091/7636
f 2693/6121/7637 2692/6031/7638 2704/6047/7639 2703/6128/7640
f 2696/6039/7641 2695/6122/7642 2731/6149/7643 2736/6064/7644
f 2695/6123/7645 2700/6035/7646 2732/6066/7647 2731/6148/7648
f 2698/6070/7649 2697/6124/7650 2711/6132/7651 2710/6048/7652
f 2697/6124/7653 2696/6039/7654 2712/6051/7655 2711/6132/7656
f 2702/6091/7657 2701/6127/7658 2715/6136/7659 2714/6092/7660
f 2701/6127/7661 2706/6073/7662 2716/6059/7663 2715/6135/7664
f 2706/6073/7665 2705/6129/7666 2709/6131/7667 2708/6074/7668
f 2705/6129/7669 2704/6047/7670 2710/6048/7671 2709/6131/7672
f 2708/6074/7673 2707/6130/7674 2723/6142/7675 2722/6060/7676
f 2707/6130/7677 2712/6051/7678 2724/6063/7679 2723/6141/7680
f 2714/6092/7681 2713/6134/7682 2727/6146/7683 2726/6054/7684
f 2713/6133/7685 2718/6077/7686 2728/6067/7687 2727/6145/7688
f 2718/6077/7689 2717/6137/7690 2721/6140/7691 2720/6078/7692
f 2717/6137/7693 2716/6059/7694 2722/6060/7695 2721/6140/7696
f 2720/6078/7697 2719/6138/7698 2735/6152/7699 2734/6068/7700
f 2719/6139/7701 2724/6063/7702 2736/6064/7703 2735/6151/7704
f 2730/6081/7705 2729/6147/7706 2733/6150/7707 2732/6066/7708
f 2729/6147/7709 2728/6067/7710 2734/6068/7711 2733/6150/7712
f 2692/6031/7713 2698/6070/7714 2710/6048/7715 2704/6047/7716
f 2706/6073/7717 2708/6074/7718 2722/6060/7719 2716/6059/7720
f 2718/6077/7721 2720/6078/7722 2734/6068/7723 2728/6067/7724
f 2730/6081/7725 2732/6066/7726 2700/6035/7727 2690/6027/7728
f 2696/6039/7729 2736/6064/7730 2724/6063/7731 2712/6051/7732
f 2726/6054/7733 2694/6090/7734 2702/6091/7735 2714/6092/7736
f 2689/6117/7737 2690/6093/7738 2691/6119/7739 2692/6031/7740 2693/6121/7741 2694/6090/7742
f 2695/6122/7743 2696/6039/7744 2697/6124/7745 2698/6070/7746 2699/6126/7747 2700/6098/7748
f 2701/6127/7749 2702/6091/7750 2703/6128/7751 2704/6047/7752 2705/6129/7753 2706/6073/7754
f 2707/6130/7755 2708/6074/7756 2709/6131/7757 2710/6048/7758 2711/6132/7759 2712/6051/7760
f 2713/6133/7761 2714/6105/7762 2715/6135/7763 2716/6059/7764 2717/6137/7765 2718/6077/7766
f 2719/6138/7767 2720/6078/7768 2721/6140/7769 2722/6060/7770 2723/6142/7771 2724/6110/7772
f 2725/6144/7773 2726/6111/7774 2727/6145/7775 2728/6067/7776 2729/6147/7777 2730/6081/7778
f 2731/6148/7779 2732/6066/7780 2733/6150/7781 2734/6068/7782 2735/6152/7783 2736/6116/7784
g default
v 163.046858 294.046858 241.840015
v 163.159985 294.000000 241.840015
v 163.159985 294.046858 241.953140
v 163.159985 294.159984 242.000000
v 163.046858 294.159984 241.953140
v 163.000000 294.159984 241.840015
v 196.953142 294.046858 241.840015
v 197.000000 294.159984 241.840015
v 196.953142 294.159984 241.953140
v 196.840015 294.159984 242.000000
v 196.840015 294.046858 241.953140
v 196.840015 294.000000 241.840015
v 163.046858 301.953142 241.840015
v 163.000000 301.840016 241.840015
v 163.046858 301.840016 241.953140
v 163.159985 301.840016 242.000000
v 163.159985 301.953142 241.953140
v 163.159985 302.000000 241.840015
v 196.953142 301.953142 241.840015
v 196.840015 302.000000 241.840015
v 196.840015 301.953142 241.953140
v 196.840015 301.840016 242.000000
v 196.953142 301.840016 241.953140
v 197.000000 301.840016 241.840015
v 163.046858 301.840016 118.046860
v 163.000000 301.840016 118.159985
v 163.046858 301.953142 118.159985
v 163.159985 302.000000 118.159985
v 163.159985 301.953142 118.046860
v 163.159985 301.840016 118.000000
v 196.953142 301.840016 118.046860
v 196.840015 301.840016 118.000000
v 196.840015 301.953142 118.046860
v 196.840015 302.000000 118.159985
v 196.953142 301.953142 118.159985
v 197.000000 301.840016 118.159985
v 163.046858 294.046858 118.159985
v 163.000000 294.159984 118.159985
v 163.046858 294.159984 118.046860
v 163.159985 294.159984 118.000000
v 163.159985 294.046858 118.046860
v 163.159985 294.000000 118.159985
v 196.953142 294.046858 118.159985
v 196.840015 294.000000 118.159985
v 196.840015 294.046858 118.046860
v 196.840015 294.159984 118.000000
v 196.953142 294.159984 118.046860
v 197.000000 294.159984 118.159985
vt 0.331569 0.999677
vt 0.331568 0.750323
vt 0.329574 0.005000
vt 0.000426 0.005000
vt 0.331568 0.004999
vt 0.661765 0.005000
vt 0.331569 0.999677
vt 0.661765 0.999677
vt 0.329574 0.005000
vt 0.329574 0.245000
vt 0.331568 0.004999
vt 0.331569 0.245000
vt 0.663768 0.005000
vt 0.999566 0.005000
vt 0.661765 0.999677
vt 0.661765 0.750323
vt 0.661765 0.005000
vt 0.661765 0.245000
vt 0.663768 0.005000
vt 0.663768 0.245000
vt 0.329574 0.245000
vt 0.000426 0.245000
vt 0.331568 0.250323
vt 0.331569 0.499677
vt 0.331568 0.250323
vt 0.661765 0.250323
vt 0.331569 0.245000
vt 0.661765 0.245000
vt 0.661765 0.250323
vt 0.661765 0.499677
vt 0.663768 0.245000
vt 0.999566 0.245000
vt 0.000426 0.245000
vt 0.000426 0.005000
vt 0.331568 0.504999
vt 0.331569 0.745000
vt 0.331568 0.504999
vt 0.661765 0.505000
vt 0.331569 0.499677
vt 0.661765 0.499677
vt 0.661765 0.505000
vt 0.661765 0.745000
vt 0.999566 0.245000
vt 0.999566 0.005000
vt 0.331568 0.750323
vt 0.661765 0.750323
vt 0.331569 0.745000
vt 0.661765 0.745000
vt 0.331568 0.004999
vt 0.661765 0.005000
vt 0.661765 0.245000
vt 0.331569 0.245000
vt 0.331568 0.250323
vt 0.661765 0.250323
vt 0.661765 0.499677
vt 0.331569 0.499677
vt 0.331568 0.504999
vt 0.661765 0.505000
vt 0.661765 0.745000
vt 0.331569 0.745000
vt 0.331568 0.750323
vt 0.661765 0.750323
vt 0.661765 0.999677
vt 0.331569 0.999677
vt 0.663768 0.005000
vt 0.999566 0.005000
vt 0.999566 0.245000
vt 0.663768 0.245000
vt 0.000426 0.005000
vt 0.329574 0.005000
vt 0.329574 0.245000
vt 0.000426 0.245000
vt 0.331568 0.000000
vt 0.331568 0.004999
vt 0.329574 0.005000
vt 0.663768 0.005000
vt 0.661765 0.005000
vt 0.661765 0.000000
vt 0.329574 0.245000
vt 0.331569 0.245000
vt 0.331568 0.250323
vt 0.661765 0.250323
vt 0.661765 0.245000
vt 0.663768 0.245000
vt 0.330000 0.499677
vt 0.331569 0.499677
vt 0.331568 0.504999
vt 0.661765 0.505000
vt 0.661765 0.499677
vt 0.663333 0.499677
vt 0.330000 0.745000
vt 0.331569 0.745000
vt 0.331568 0.750323
vt 0.661765 0.750323
vt 0.661765 0.745000
vt 0.663333 0.745000
vt 0.331241 0.000005
vt 0.331567 0.999426
vt 0.332760 0.000000
vt 0.332760 0.999677
vt 0.330571 0.005058
vt 0.662099 0.000005
vt 0.661766 0.999426
vt 0.662754 0.005011
vt 0.660573 0.999677
vt 0.660573 0.000000
vt 0.330000 0.250000
vt 0.330572 0.244989
vt 0.331573 0.247662
vt 0.663333 0.250000
vt 0.661764 0.247663
vt 0.662766 0.244942
vt 0.330000 0.503468
vt 0.000426 0.241292
vt 0.330000 0.499431
vt 0.000752 0.245005
vt 0.331573 0.502338
vt 0.663333 0.503468
vt 0.999566 0.241292
vt 0.661764 0.502337
vt 0.999233 0.245005
vt 0.663333 0.499431
vt 0.000753 0.004995
vt 0.330002 0.745252
vt 0.330000 0.741210
vt 0.000426 0.008708
vt 0.331573 0.747662
vt 0.663332 0.745252
vt 0.999232 0.004995
vt 0.661764 0.747653
vt 0.999566 0.008708
vt 0.663333 0.741210
vn -0.382683 -0.923880 0.000000
vn -0.382683 -0.923880 0.000000
vn -0.382683 -0.923880 0.000000
vn -0.382683 -0.923880 0.000000
vn -0.923880 -0.382682 0.000000
vn -0.923880 -0.382682 0.000000
vn -0.923880 -0.382682 0.000000
vn -0.923880 -0.382682 0.000000
vn 0.000000 -0.382693 0.923876
vn 0.000000 -0.382693 0.923876
vn 0.000000 -0.382693 0.923876
vn 0.000000 -0.382693 0.923876
vn 0.000000 -0.923879 0.382686
vn 0.000000 -0.923879 0.382686
vn 0.000000 -0.923879 0.382686
vn 0.000000 -0.923879 0.382686
vn -0.923880 0.000000 0.382682
vn -0.923880 0.000000 0.382682
vn -0.923880 0.000000 0.382682
vn -0.923880 0.000000 0.382682
vn -0.382672 0.000000 0.923884
vn -0.382672 0.000000 0.923884
vn -0.382672 0.000000 0.923884
vn -0.382672 0.000000 0.923884
vn 0.923880 -0.382682 0.000000
vn 0.923880 -0.382682 0.000000
vn 0.923880 -0.382682 0.000000
vn 0.923880 -0.382682 0.000000
vn 0.382683 -0.923880 0.000000
vn 0.382683 -0.923880 0.000000
vn 0.382683 -0.923880 0.000000
vn 0.382683 -0.923880 0.000000
vn 0.382672 0.000000 0.923884
vn 0.382672 0.000000 0.923884
vn 0.382672 0.000000 0.923884
vn 0.382672 0.000000 0.923884
vn 0.923880 0.000000 0.382682
vn 0.923880 0.000000 0.382682
vn 0.923880 0.000000 0.382682
vn 0.923880 0.000000 0.382682
vn -0.923880 0.382682 0.000000
vn -0.923880 0.382682 0.000000
vn -0.923880 0.382682 0.000000
vn -0.923880 0.382682 0.000000
vn -0.382683 0.923880 0.000000
vn -0.382683 0.923880 0.000000
vn -0.382683 0.923880 0.000000
vn -0.382683 0.923880 0.000000
vn 0.000000 0.923879 0.382686
vn 0.000000 0.923879 0.382686
vn 0.000000 0.923879 0.382686
vn 0.000000 0.923879 0.382686
vn 0.000000 0.382693 0.923876
vn 0.000000 0.382693 0.923876
vn 0.000000 0.382693 0.923876
vn 0.000000 0.382693 0.923876
vn 0.382683 0.923880 0.000000
vn 0.382683 0.923880 0.000000
vn 0.382683 0.923880 0.000000
vn 0.382683 0.923880 0.000000
vn 0.923880 0.382682 0.000000
vn 0.923880 0.382682 0.000000
vn 0.923880 0.382682 0.000000
vn 0.923880 0.382682 0.000000
vn -0.923880 0.000000 -0.382682
vn -0.923880 0.000000 -0.382682
vn -0.923880 0.000000 -0.382682
vn -0.923880 0.000000 -0.382682
vn -0.382672 0.000000 -0.923884
vn -0.382672 0.000000 -0.923884
vn -0.382672 0.000000 -0.923884
vn -0.382672 0.000000 -0.923884
vn 0.000000 0.382693 -0.923876
vn 0.000000 0.382693 -0.923876
vn 0.000000 0.382693 -0.923876
vn 0.000000 0.382693 -0.923876
vn 0.000000 0.923879 -0.382686
vn 0.000000 0.923879 -0.382686
vn 0.000000 0.923879 -0.382686
vn 0.000000 0.923879 -0.382686
vn 0.382672 0.000000 -0.923884
vn 0.382672 0.000000 -0.923884
vn 0.382672 0.000000 -0.923884
vn 0.382672 0.000000 -0.923884
vn 0.923880 0.000000 -0.382682
vn 0.923880 0.000000 -0.382682
vn 0.923880 0.000000 -0.382682
vn 0.923880 0.000000 -0.382682
vn 0.000000 -0.923879 -0.382686
vn 0.000000 -0.923879 -0.382686
vn 0.000000 -0.923879 -0.382686
vn 0.000000 -0.923879 -0.382686
vn 0.000000 -0.382693 -0.923876
vn 0.000000 -0.382693 -0.923876
vn 0.000000 -0.382693 -0.923876
vn 0.000000 -0.382693 -0.923876
vn 0.000000 0.000000 1.000000
vn 0.000000 0.000000 1.000000
vn 0.000000 0.000000 1.000000
vn 0.000000 0.000000 1.000000
vn 0.000000 1.000000 0.000000
vn 0.000000 1.000000 0.000000
vn 0.000000 1.000000 0.000000
vn 0.000000 1.000000 0.000000
vn 0.000000 0.000000 -1.000000
vn 0.000000 0.000000 -1.000000
vn 0.000000 0.000000 -1.000000
vn 0.000000 0.000000 -1.000000
vn 0.000000 -1.000000 0.000000
vn 0.000000 -1.000000 0.000000
vn 0.000000 -1.000000 0.000000
vn 0.000000 -1.000000 0.000000
vn 1.000000 0.000000 0.000000
vn 1.000000 0.000000 0.000000
vn 1.000000 0.000000 0.000000
vn 1.000000 0.000000 0.000000
vn -1.000000 0.000000 0.000000
vn -1.000000 0.000000 0.000000
vn -1.000000 0.000000 0.000000
vn -1.000000 0.000000 0.000000
vn -0.577340 -0.577355 0.577357
vn -0.577340 -0.577355 0.577357
vn -0.577340 -0.577355 0.577357
vn -0.577340 -0.577355 0.577357
vn -0.577340 -0.577355 0.577357
vn -0.577340 -0.577355 0.577357
vn 0.577341 -0.577352 0.577358
vn 0.577341 -0.577352 0.577358
vn 0.577341 -0.577352 0.577358
vn 0.577341 -0.577352 0.577358
vn 0.577341 -0.577352 0.577358
vn 0.577341 -0.577352 0.577358
vn -0.577341 0.577352 0.577358
vn -0.577341 0.577352 0.577358
vn -0.577341 0.577352 0.577358
vn -0.577341 0.577352 0.577358
vn -0.577341 0.577352 0.577358
vn -0.577341 0.577352 0.577358
vn 0.577340 0.577355 0.577357
vn 0.577340 0.577355 0.577357
vn 0.577340 0.577355 0.577357
vn 0.577340 0.577355 0.577357
vn 0.577340 0.577355 0.577357
vn 0.577340 0.577355 0.577357
vn -0.577330 0.577358 -0.577362
vn -0.577330 0.577359 -0.577362
vn -0.577330 0.577359 -0.577362
vn -0.577330 0.577359 -0.577362
vn -0.577330 0.577359 -0.577362
vn -0.577330 0.577359 -0.577362
vn 0.577350 0.577350 -0.577352
vn 0.577350 0.577350 -0.577352
vn 0.577350 0.577350 -0.577352
vn 0.577350 0.577350 -0.577352
vn 0.577350 0.577350 -0.577352
vn 0.577350 0.577350 -0.577352
vn -0.577341 -0.577352 -0.577358
vn -0.577341 -0.577352 -0.577358
vn -0.577341 -0.577352 -0.577358
vn -0.577341 -0.577352 -0.577358
vn -0.577341 -0.577352 -0.577358
vn -0.577341 -0.577352 -0.577358
vn 0.577340 -0.577355 -0.577357
vn 0.577340 -0.577355 -0.577357
vn 0.577340 -0.577355 -0.577357
vn 0.577340 -0.577355 -0.577357
vn 0.577340 -0.577355 -0.577357
vn 0.577340 -0.577355 -0.577357
s off
g GRP_Fluorescent_Lights Backrooms_Level0_Master_GRP Lamp_BR_Housing GRP_Lamp_BR
f 2738/6159/7785 2737/6250/7786 2773/6276/7787 2778/6213/7788
f 2737/6249/7789 2742/6222/7790 2774/6186/7791 2773/6275/7792
f 2740/6163/7793 2739/6251/7794 2747/6258/7795 2746/6202/7796
f 2739/6252/7797 2738/6159/7798 2748/6167/7799 2747/6257/7800
f 2742/6222/7801 2741/6253/7802 2751/6260/7803 2750/6223/7804
f 2741/6253/7805 2740/6163/7806 2752/6179/7807 2751/6260/7808
f 2744/6171/7809 2743/6254/7810 2779/6281/7811 2784/6196/7812
f 2743/6255/7813 2748/6167/7814 2780/6198/7815 2779/6280/7816
f 2746/6202/7817 2745/6256/7818 2759/6264/7819 2758/6180/7820
f 2745/6256/7821 2744/6171/7822 2760/6183/7823 2759/6264/7824
f 2750/6223/7825 2749/6259/7826 2763/6268/7827 2762/6224/7828
f 2749/6259/7829 2754/6205/7830 2764/6191/7831 2763/6267/7832
f 2754/6205/7833 2753/6261/7834 2757/6263/7835 2756/6206/7836
f 2753/6261/7837 2752/6179/7838 2758/6180/7839 2757/6263/7840
f 2756/6206/7841 2755/6262/7842 2771/6274/7843 2770/6192/7844
f 2755/6262/7845 2760/6183/7846 2772/6195/7847 2771/6273/7848
f 2762/6224/7849 2761/6266/7850 2775/6278/7851 2774/6186/7852
f 2761/6265/7853 2766/6209/7854 2776/6199/7855 2775/6277/7856
f 2766/6209/7857 2765/6269/7858 2769/6272/7859 2768/6210/7860
f 2765/6269/7861 2764/6191/7862 2770/6192/7863 2769/6272/7864
f 2768/6210/7865 2767/6270/7866 2783/6284/7867 2782/6200/7868
f 2767/6271/7869 2772/6195/7870 2784/6196/7871 2783/6283/7872
f 2778/6213/7873 2777/6279/7874 2781/6282/7875 2780/6198/7876
f 2777/6279/7877 2776/6199/7878 2782/6200/7879 2781/6282/7880
f 2740/6163/7881 2746/6202/7882 2758/6180/7883 2752/6179/7884
f 2754/6205/7885 2756/6206/7886 2770/6192/7887 2764/6191/7888
f 2766/6209/7889 2768/6210/7890 2782/6200/7891 2776/6199/7892
f 2778/6213/7893 2780/6198/7894 2748/6167/7895 2738/6159/7896
f 2744/6171/7897 2784/6196/7898 2772/6195/7899 2760/6183/7900
f 2774/6186/7901 2742/6222/7902 2750/6223/7903 2762/6224/7904
f 2737/6249/7905 2738/6225/7906 2739/6251/7907 2740/6163/7908 2741/6253/7909 2742/6222/7910
f 2743/6254/7911 2744/6171/7912 2745/6256/7913 2746/6202/7914 2747/6258/7915 2748/6230/7916
f 2749/6259/7917 2750/6223/7918 2751/6260/7919 2752/6179/7920 2753/6261/7921 2754/6205/7922
f 2755/6262/7923 2756/6206/7924 2757/6263/7925 2758/6180/7926 2759/6264/7927 2760/6183/7928
f 2761/6265/7929 2762/6237/7930 2763/6267/7931 2764/6191/7932 2765/6269/7933 2766/6209/7934
f 2767/6270/7935 2768/6210/7936 2769/6272/7937 2770/6192/7938 2771/6274/7939 2772/6242/7940
f 2773/6276/7941 2774/6243/7942 2775/6277/7943 2776/6199/7944 2777/6279/7945 2778/6213/7946
f 2779/6280/7947 2780/6198/7948 2781/6282/7949 2782/6200/7950 2783/6284/7951 2784/6248/7952
g default
v 174.671260 296.764048 124.000000
v 174.310537 297.216381 124.000000
v 173.789277 297.467406 124.000000
v 173.210723 297.467406 124.000000
v 172.689464 297.216381 124.000000
v 172.328741 296.764049 124.000000
v 172.200000 296.200000 124.000000
v 172.328741 295.635951 124.000000
v 172.689463 295.183619 124.000000
v 173.210723 294.932594 124.000000
v 173.789277 294.932594 124.000000
v 174.310537 295.183619 124.000000
v 174.671259 295.635951 124.000000
v 174.800000 296.200000 124.000000
v 174.671260 296.764048 236.000000
v 174.310537 297.216381 236.000000
v 173.789277 297.467406 236.000000
v 173.210723 297.467406 236.000000
v 172.689464 297.216381 236.000000
v 172.328741 296.764049 236.000000
v 172.200000 296.200000 236.000000
v 172.328741 295.635951 236.000000
v 172.689463 295.183619 236.000000
v 173.210723 294.932594 236.000000
v 173.789277 294.932594 236.000000
v 174.310537 295.183619 236.000000
v 174.671259 295.635951 236.000000
v 174.800000 296.200000 236.000000
vt 0.952364 0.070765
vt 0.813625 0.027271
vt 0.613140 0.003134
vt 0.390619 0.003134
vt 0.190135 0.027271
vt 0.051395 0.070765
vt 0.001880 0.125000
vt 0.051395 0.179235
vt 0.190135 0.222729
vt 0.390619 0.246866
vt 0.613140 0.246866
vt 0.813625 0.222729
vt 0.952364 0.179235
vt 1.001880 0.125000
vt 0.000000 0.250000
vt 0.071429 0.250000
vt 0.142857 0.250000
vt 0.214286 0.250000
vt 0.285714 0.250000
vt 0.357143 0.250000
vt 0.428571 0.250000
vt 0.500000 0.250000
vt 0.571429 0.250000
vt 0.642857 0.250000
vt 0.714286 0.250000
vt 0.785714 0.250000
vt 0.857143 0.250000
vt 0.928572 0.250000
vt 1.000000 0.250000
vt 0.000000 0.750000
vt 0.071429 0.750000
vt 0.142857 0.750000
vt 0.214286 0.750000
vt 0.285714 0.750000
vt 0.357143 0.750000
vt 0.428571 0.750000
vt 0.500000 0.750000
vt 0.571429 0.750000
vt 0.642857 0.750000
vt 0.714286 0.750000
vt 0.785714 0.750000
vt 0.857143 0.750000
vt 0.928572 0.750000
vt 1.000000 0.750000
vt 0.952364 0.820765
vt 0.813625 0.777271
vt 0.613140 0.753134
vt 0.390619 0.753134
vt 0.190135 0.777271
vt 0.051395 0.820765
vt 0.001880 0.875000
vt 0.051395 0.929235
vt 0.190135 0.972729
vt 0.390619 0.996866
vt 0.613140 0.996866
vt 0.813625 0.972729
vt 0.952364 0.929235
vt 1.001880 0.875000
vn 0.900969 0.433884 0.000000
vn 0.623490 0.781831 0.000000
vn 0.623490 0.781831 0.000000
vn 0.900969 0.433884 0.000000
vn 0.222521 0.974928 0.000000
vn 0.222521 0.974928 0.000000
vn -0.222521 0.974928 0.000000
vn -0.222521 0.974928 0.000000
vn -0.623490 0.781832 0.000000
vn -0.623490 0.781832 0.000000
vn -0.900969 0.433884 0.000000
vn -0.900969 0.433884 0.000000
vn -1.000000 0.000000 0.000000
vn -1.000000 0.000000 0.000000
vn -0.900969 -0.433884 0.000000
vn -0.900969 -0.433884 0.000000
vn -0.623490 -0.781831 0.000000
vn -0.623490 -0.781831 0.000000
vn -0.222521 -0.974928 0.000000
vn -0.222521 -0.974928 0.000000
vn 0.222521 -0.974928 0.000000
vn 0.222521 -0.974928 0.000000
vn 0.623490 -0.781832 0.000000
vn 0.623490 -0.781832 0.000000
vn 0.900969 -0.433884 0.000000
vn 0.900969 -0.433884 0.000000
vn 1.000000 -0.000000 0.000000
vn 1.000000 -0.000000 0.000000
vn 0.000000 -0.000002 -1.000000
vn 0.000000 -0.000002 -1.000000
vn 0.000000 -0.000002 -1.000000
vn 0.000000 -0.000002 -1.000000
vn 0.000000 -0.000002 -1.000000
vn 0.000000 -0.000002 -1.000000
vn 0.000000 -0.000002 -1.000000
vn 0.000000 -0.000002 -1.000000
vn 0.000000 -0.000002 -1.000000
vn 0.000000 -0.000002 -1.000000
vn 0.000000 -0.000002 -1.000000
vn 0.000000 -0.000002 -1.000000
vn 0.000000 -0.000002 -1.000000
vn 0.000000 -0.000002 -1.000000
vn 0.000000 0.000001 1.000000
vn 0.000000 0.000001 1.000000
vn 0.000000 0.000001 1.000000
vn 0.000000 0.000001 1.000000
vn 0.000000 0.000001 1.000000
vn 0.000000 0.000001 1.000000
vn 0.000000 0.000001 1.000000
vn 0.000000 0.000001 1.000000
vn 0.000000 0.000001 1.000000
vn 0.000000 0.000001 1.000000
vn 0.000000 0.000001 1.000000
vn 0.000000 0.000001 1.000000
vn 0.000000 0.000001 1.000000
vn 0.000000 0.000001 1.000000
s 1
g GRP_Fluorescent_Lights Backrooms_Level0_Master_GRP GRP_Lamp_BR Lamp_BR_Tube_1
f 2785/6299/7953 2786/6300/7954 2800/6315/7955 2799/6314/7956
f 2786/6300/7954 2787/6301/7957 2801/6316/7958 2800/6315/7955
f 2787/6301/7957 2788/6302/7959 2802/6317/7960 2801/6316/7958
f 2788/6302/7959 2789/6303/7961 2803/6318/7962 2802/6317/7960
f 2789/6303/7961 2790/6304/7963 2804/6319/7964 2803/6318/7962
f 2790/6304/7963 2791/6305/7965 2805/6320/7966 2804/6319/7964
f 2791/6305/7965 2792/6306/7967 2806/6321/7968 2805/6320/7966
f 2792/6306/7967 2793/6307/7969 2807/6322/7970 2806/6321/7968
f 2793/6307/7969 2794/6308/7971 2808/6323/7972 2807/6322/7970
f 2794/6308/7971 2795/6309/7973 2809/6324/7974 2808/6323/7972
f 2795/6309/7973 2796/6310/7975 2810/6325/7976 2809/6324/7974
f 2796/6310/7975 2797/6311/7977 2811/6326/7978 2810/6325/7976
f 2797/6311/7977 2798/6312/7979 2812/6327/7980 2811/6326/7978
f 2798/6312/7979 2785/6313/7953 2799/6328/7956 2812/6327/7980
s off
f 2785/6285/7981 2798/6298/7982 2797/6297/7983 2796/6296/7984 2795/6295/7985 2794/6294/7986 2793/6293/7987 2792/6292/7988 2791/6291/7989 2790/6290/7990 2789/6289/7991 2788/6288/7992 2787/6287/7993 2786/6286/7994
f 2799/6341/7995 2800/6340/7996 2801/6339/7997 2802/6338/7998 2803/6337/7999 2804/6336/8000 2805/6335/8001 2806/6334/8002 2807/6333/8003 2808/6332/8004 2809/6331/8005 2810/6330/8006 2811/6329/8007 2812/6342/8008
g default
v 174.671260 296.764048 124.000000
v 174.310537 297.216381 124.000000
v 173.789277 297.467406 124.000000
v 173.210723 297.467406 124.000000
v 172.689464 297.216381 124.000000
v 172.328741 296.764049 124.000000
v 172.200000 296.200000 124.000000
v 172.328741 295.635951 124.000000
v 172.689463 295.183619 124.000000
v 173.210723 294.932594 124.000000
v 173.789277 294.932594 124.000000
v 174.310537 295.183619 124.000000
v 174.671259 295.635951 124.000000
v 174.800000 296.200000 124.000000
v 174.671260 296.764048 236.000000
v 174.310537 297.216381 236.000000
v 173.789277 297.467406 236.000000
v 173.210723 297.467406 236.000000
v 172.689464 297.216381 236.000000
v 172.328741 296.764049 236.000000
v 172.200000 296.200000 236.000000
v 172.328741 295.635951 236.000000
v 172.689463 295.183619 236.000000
v 173.210723 294.932594 236.000000
v 173.789277 294.932594 236.000000
v 174.310537 295.183619 236.000000
v 174.671259 295.635951 236.000000
v 174.800000 296.200000 236.000000
vt 0.952364 0.070765
vt 0.813625 0.027271
vt 0.613140 0.003134
vt 0.390619 0.003134
vt 0.190135 0.027271
vt 0.051395 0.070765
vt 0.001880 0.125000
vt 0.051395 0.179235
vt 0.190135 0.222729
vt 0.390619 0.246866
vt 0.613140 0.246866
vt 0.813625 0.222729
vt 0.952364 0.179235
vt 1.001880 0.125000
vt 0.000000 0.250000
vt 0.071429 0.250000
vt 0.142857 0.250000
vt 0.214286 0.250000
vt 0.285714 0.250000
vt 0.357143 0.250000
vt 0.428571 0.250000
vt 0.500000 0.250000
vt 0.571429 0.250000
vt 0.642857 0.250000
vt 0.714286 0.250000
vt 0.785714 0.250000
vt 0.857143 0.250000
vt 0.928572 0.250000
vt 1.000000 0.250000
vt 0.000000 0.750000
vt 0.071429 0.750000
vt 0.142857 0.750000
vt 0.214286 0.750000
vt 0.285714 0.750000
vt 0.357143 0.750000
vt 0.428571 0.750000
vt 0.500000 0.750000
vt 0.571429 0.750000
vt 0.642857 0.750000
vt 0.714286 0.750000
vt 0.785714 0.750000
vt 0.857143 0.750000
vt 0.928572 0.750000
vt 1.000000 0.750000
vt 0.952364 0.820765
vt 0.813625 0.777271
vt 0.613140 0.753134
vt 0.390619 0.753134
vt 0.190135 0.777271
vt 0.051395 0.820765
vt 0.001880 0.875000
vt 0.051395 0.929235
vt 0.190135 0.972729
vt 0.390619 0.996866
vt 0.613140 0.996866
vt 0.813625 0.972729
vt 0.952364 0.929235
vt 1.001880 0.875000
vn 0.900969 0.433884 0.000000
vn 0.623490 0.781831 0.000000
vn 0.623490 0.781831 0.000000
vn 0.900969 0.433884 0.000000
vn 0.222521 0.974928 0.000000
vn 0.222521 0.974928 0.000000
vn -0.222521 0.974928 0.000000
vn -0.222521 0.974928 0.000000
vn -0.623490 0.781832 0.000000
vn -0.623490 0.781832 0.000000
vn -0.900969 0.433884 0.000000
vn -0.900969 0.433884 0.000000
vn -1.000000 0.000000 0.000000
vn -1.000000 0.000000 0.000000
vn -0.900969 -0.433884 0.000000
vn -0.900969 -0.433884 0.000000
vn -0.623490 -0.781831 0.000000
vn -0.623490 -0.781831 0.000000
vn -0.222521 -0.974928 0.000000
vn -0.222521 -0.974928 0.000000
vn 0.222521 -0.974928 0.000000
vn 0.222521 -0.974928 0.000000
vn 0.623490 -0.781832 0.000000
vn 0.623490 -0.781832 0.000000
vn 0.900969 -0.433884 0.000000
vn 0.900969 -0.433884 0.000000
vn 1.000000 -0.000000 0.000000
vn 1.000000 -0.000000 0.000000
vn 0.000000 -0.000002 -1.000000
vn 0.000000 -0.000002 -1.000000
vn 0.000000 -0.000002 -1.000000
vn 0.000000 -0.000002 -1.000000
vn 0.000000 -0.000002 -1.000000
vn 0.000000 -0.000002 -1.000000
vn 0.000000 -0.000002 -1.000000
vn 0.000000 -0.000002 -1.000000
vn 0.000000 -0.000002 -1.000000
vn 0.000000 -0.000002 -1.000000
vn 0.000000 -0.000002 -1.000000
vn 0.000000 -0.000002 -1.000000
vn 0.000000 -0.000002 -1.000000
vn 0.000000 -0.000002 -1.000000
vn 0.000000 0.000001 1.000000
vn 0.000000 0.000001 1.000000
vn 0.000000 0.000001 1.000000
vn 0.000000 0.000001 1.000000
vn 0.000000 0.000001 1.000000
vn 0.000000 0.000001 1.000000
vn 0.000000 0.000001 1.000000
vn 0.000000 0.000001 1.000000
vn 0.000000 0.000001 1.000000
vn 0.000000 0.000001 1.000000
vn 0.000000 0.000001 1.000000
vn 0.000000 0.000001 1.000000
vn 0.000000 0.000001 1.000000
vn 0.000000 0.000001 1.000000
s 1
g GRP_Fluorescent_Lights Backrooms_Level0_Master_GRP GRP_Lamp_BR Lamp_BR_Tube_1
f 2813/6357/8009 2814/6358/8010 2828/6373/8011 2827/6372/8012
f 2814/6358/8010 2815/6359/8013 2829/6374/8014 2828/6373/8011
f 2815/6359/8013 2816/6360/8015 2830/6375/8016 2829/6374/8014
f 2816/6360/8015 2817/6361/8017 2831/6376/8018 2830/6375/8016
f 2817/6361/8017 2818/6362/8019 2832/6377/8020 2831/6376/8018
f 2818/6362/8019 2819/6363/8021 2833/6378/8022 2832/6377/8020
f 2819/6363/8021 2820/6364/8023 2834/6379/8024 2833/6378/8022
f 2820/6364/8023 2821/6365/8025 2835/6380/8026 2834/6379/8024
f 2821/6365/8025 2822/6366/8027 2836/6381/8028 2835/6380/8026
f 2822/6366/8027 2823/6367/8029 2837/6382/8030 2836/6381/8028
f 2823/6367/8029 2824/6368/8031 2838/6383/8032 2837/6382/8030
f 2824/6368/8031 2825/6369/8033 2839/6384/8034 2838/6383/8032
f 2825/6369/8033 2826/6370/8035 2840/6385/8036 2839/6384/8034
f 2826/6370/8035 2813/6371/8009 2827/6386/8012 2840/6385/8036
s off
f 2813/6343/8037 2826/6356/8038 2825/6355/8039 2824/6354/8040 2823/6353/8041 2822/6352/8042 2821/6351/8043 2820/6350/8044 2819/6349/8045 2818/6348/8046 2817/6347/8047 2816/6346/8048 2815/6345/8049 2814/6344/8050
f 2827/6399/8051 2828/6398/8052 2829/6397/8053 2830/6396/8054 2831/6395/8055 2832/6394/8056 2833/6393/8057 2834/6392/8058 2835/6391/8059 2836/6390/8060 2837/6389/8061 2838/6388/8062 2839/6387/8063 2840/6400/8064
g default
v 174.794427 297.140457 121.500000
v 173.994427 297.721691 121.500000
v 173.005573 297.721691 121.500000
v 172.205572 297.140456 121.500000
v 171.900000 296.200000 121.500000
v 172.205573 295.259543 121.500000
v 173.005573 294.678309 121.500000
v 173.994427 294.678310 121.500000
v 174.794427 295.259544 121.500000
v 175.100000 296.200000 121.500000
v 174.794427 297.140457 124.500000
v 173.994427 297.721691 124.500000
v 173.005573 297.721691 124.500000
v 172.205572 297.140456 124.500000
v 171.900000 296.200000 124.500000
v 172.205573 295.259543 124.500000
v 173.005573 294.678309 124.500000
v 173.994427 294.678310 124.500000
v 174.794427 295.259544 124.500000
v 175.100000 296.200000 124.500000
vt 0.906388 0.051527
vt 0.656388 0.006118
vt 0.347371 0.006118
vt 0.097371 0.051527
vt 0.001880 0.125000
vt 0.097371 0.198473
vt 0.347371 0.243882
vt 0.656388 0.243882
vt 0.906388 0.198473
vt 1.001880 0.125000
vt 0.000000 0.250000
vt 0.100000 0.250000
vt 0.200000 0.250000
vt 0.300000 0.250000
vt 0.400000 0.250000
vt 0.500000 0.250000
vt 0.600000 0.250000
vt 0.700000 0.250000
vt 0.800000 0.250000
vt 0.900000 0.250000
vt 1.000000 0.250000
vt 0.000000 0.750000
vt 0.100000 0.750000
vt 0.200000 0.750000
vt 0.300000 0.750000
vt 0.400000 0.750000
vt 0.500000 0.750000
vt 0.600000 0.750000
vt 0.700000 0.750000
vt 0.800000 0.750000
vt 0.900000 0.750000
vt 1.000000 0.750000
vt 0.906388 0.801527
vt 0.656388 0.756118
vt 0.347371 0.756118
vt 0.097371 0.801527
vt 0.001880 0.875000
vt 0.097371 0.948473
vt 0.347371 0.993882
vt 0.656388 0.993882
vt 0.906388 0.948473
vt 1.001880 0.875000
vn 0.587785 0.809017 0.000000
vn 0.587785 0.809017 0.000000
vn 0.587785 0.809017 0.000000
vn 0.587785 0.809017 0.000000
vn 0.000000 1.000000 0.000000
vn 0.000000 1.000000 0.000000
vn 0.000000 1.000000 0.000000
vn 0.000000 1.000000 0.000000
vn -0.587785 0.809017 0.000000
vn -0.587785 0.809017 0.000000
vn -0.587785 0.809017 0.000000
vn -0.587785 0.809017 0.000000
vn -0.951057 0.309017 0.000000
vn -0.951057 0.309017 0.000000
vn -0.951057 0.309017 0.000000
vn -0.951057 0.309017 0.000000
vn -0.951056 -0.309017 0.000000
vn -0.951056 -0.309017 0.000000
vn -0.951056 -0.309017 0.000000
vn -0.951056 -0.309017 0.000000
vn -0.587785 -0.809017 0.000000
vn -0.587785 -0.809017 0.000000
vn -0.587785 -0.809017 0.000000
vn -0.587785 -0.809017 0.000000
vn 0.000000 -1.000000 0.000000
vn 0.000000 -1.000000 0.000000
vn 0.000000 -1.000000 0.000000
vn 0.000000 -1.000000 0.000000
vn 0.587785 -0.809017 0.000000
vn 0.587785 -0.809017 0.000000
vn 0.587785 -0.809017 0.000000
vn 0.587785 -0.809017 0.000000
vn 0.951057 -0.309017 0.000000
vn 0.951057 -0.309017 0.000000
vn 0.951057 -0.309017 0.000000
vn 0.951057 -0.309017 0.000000
vn 0.951057 0.309017 0.000000
vn 0.951057 0.309017 0.000000
vn 0.951057 0.309017 0.000000
vn 0.951057 0.309017 0.000000
vn 0.000000 -0.000000 -1.000000
vn 0.000000 -0.000000 -1.000000
vn 0.000000 -0.000000 -1.000000
vn 0.000000 -0.000000 -1.000000
vn 0.000000 -0.000000 -1.000000
vn 0.000000 -0.000000 -1.000000
vn 0.000000 -0.000000 -1.000000
vn 0.000000 -0.000000 -1.000000
vn 0.000000 -0.000000 -1.000000
vn 0.000000 -0.000000 -1.000000
vn 0.000000 -0.000000 1.000000
vn 0.000000 -0.000000 1.000000
vn 0.000000 -0.000000 1.000000
vn 0.000000 -0.000000 1.000000
vn 0.000000 -0.000000 1.000000
vn 0.000000 -0.000000 1.000000
vn 0.000000 -0.000000 1.000000
vn 0.000000 -0.000000 1.000000
vn 0.000000 -0.000000 1.000000
vn 0.000000 -0.000000 1.000000
s off
g GRP_Fluorescent_Lights Backrooms_Level0_Master_GRP GRP_Lamp_BR Lamp_BR_Cap_1_1
f 2841/6411/8065 2842/6412/8066 2852/6423/8067 2851/6422/8068
f 2842/6412/8069 2843/6413/8070 2853/6424/8071 2852/6423/8072
f 2843/6413/8073 2844/6414/8074 2854/6425/8075 2853/6424/8076
f 2844/6414/8077 2845/6415/8078 2855/6426/8079 2854/6425/8080
f 2845/6415/8081 2846/6416/8082 2856/6427/8083 2855/6426/8084
f 2846/6416/8085 2847/6417/8086 2857/6428/8087 2856/6427/8088
f 2847/6417/8089 2848/6418/8090 2858/6429/8091 2857/6428/8092
f 2848/6418/8093 2849/6419/8094 2859/6430/8095 2858/6429/8096
f 2849/6419/8097 2850/6420/8098 2860/6431/8099 2859/6430/8100
f 2850/6420/8101 2841/6421/8102 2851/6432/8103 2860/6431/8104
f 2841/6401/8105 2850/6410/8106 2849/6409/8107 2848/6408/8108 2847/6407/8109 2846/6406/8110 2845/6405/8111 2844/6404/8112 2843/6403/8113 2842/6402/8114
f 2851/6441/8115 2852/6440/8116 2853/6439/8117 2854/6438/8118 2855/6437/8119 2856/6436/8120 2857/6435/8121 2858/6434/8122 2859/6433/8123 2860/6442/8124
g default
v 174.794427 297.140457 121.500000
v 173.994427 297.721691 121.500000
v 173.005573 297.721691 121.500000
v 172.205572 297.140456 121.500000
v 171.900000 296.200000 121.500000
v 172.205573 295.259543 121.500000
v 173.005573 294.678309 121.500000
v 173.994427 294.678310 121.500000
v 174.794427 295.259544 121.500000
v 175.100000 296.200000 121.500000
v 174.794427 297.140457 124.500000
v 173.994427 297.721691 124.500000
v 173.005573 297.721691 124.500000
v 172.205572 297.140456 124.500000
v 171.900000 296.200000 124.500000
v 172.205573 295.259543 124.500000
v 173.005573 294.678309 124.500000
v 173.994427 294.678310 124.500000
v 174.794427 295.259544 124.500000
v 175.100000 296.200000 124.500000
vt 0.906388 0.051527
vt 0.656388 0.006118
vt 0.347371 0.006118
vt 0.097371 0.051527
vt 0.001880 0.125000
vt 0.097371 0.198473
vt 0.347371 0.243882
vt 0.656388 0.243882
vt 0.906388 0.198473
vt 1.001880 0.125000
vt 0.000000 0.250000
vt 0.100000 0.250000
vt 0.200000 0.250000
vt 0.300000 0.250000
vt 0.400000 0.250000
vt 0.500000 0.250000
vt 0.600000 0.250000
vt 0.700000 0.250000
vt 0.800000 0.250000
vt 0.900000 0.250000
vt 1.000000 0.250000
vt 0.000000 0.750000
vt 0.100000 0.750000
vt 0.200000 0.750000
vt 0.300000 0.750000
vt 0.400000 0.750000
vt 0.500000 0.750000
vt 0.600000 0.750000
vt 0.700000 0.750000
vt 0.800000 0.750000
vt 0.900000 0.750000
vt 1.000000 0.750000
vt 0.906388 0.801527
vt 0.656388 0.756118
vt 0.347371 0.756118
vt 0.097371 0.801527
vt 0.001880 0.875000
vt 0.097371 0.948473
vt 0.347371 0.993882
vt 0.656388 0.993882
vt 0.906388 0.948473
vt 1.001880 0.875000
vn 0.587785 0.809017 0.000000
vn 0.587785 0.809017 0.000000
vn 0.587785 0.809017 0.000000
vn 0.587785 0.809017 0.000000
vn 0.000000 1.000000 0.000000
vn 0.000000 1.000000 0.000000
vn 0.000000 1.000000 0.000000
vn 0.000000 1.000000 0.000000
vn -0.587785 0.809017 0.000000
vn -0.587785 0.809017 0.000000
vn -0.587785 0.809017 0.000000
vn -0.587785 0.809017 0.000000
vn -0.951057 0.309017 0.000000
vn -0.951057 0.309017 0.000000
vn -0.951057 0.309017 0.000000
vn -0.951057 0.309017 0.000000
vn -0.951056 -0.309017 0.000000
vn -0.951056 -0.309017 0.000000
vn -0.951056 -0.309017 0.000000
vn -0.951056 -0.309017 0.000000
vn -0.587785 -0.809017 0.000000
vn -0.587785 -0.809017 0.000000
vn -0.587785 -0.809017 0.000000
vn -0.587785 -0.809017 0.000000
vn 0.000000 -1.000000 0.000000
vn 0.000000 -1.000000 0.000000
vn 0.000000 -1.000000 0.000000
vn 0.000000 -1.000000 0.000000
vn 0.587785 -0.809017 0.000000
vn 0.587785 -0.809017 0.000000
vn 0.587785 -0.809017 0.000000
vn 0.587785 -0.809017 0.000000
vn 0.951057 -0.309017 0.000000
vn 0.951057 -0.309017 0.000000
vn 0.951057 -0.309017 0.000000
vn 0.951057 -0.309017 0.000000
vn 0.951057 0.309017 0.000000
vn 0.951057 0.309017 0.000000
vn 0.951057 0.309017 0.000000
vn 0.951057 0.309017 0.000000
vn 0.000000 -0.000000 -1.000000
vn 0.000000 -0.000000 -1.000000
vn 0.000000 -0.000000 -1.000000
vn 0.000000 -0.000000 -1.000000
vn 0.000000 -0.000000 -1.000000
vn 0.000000 -0.000000 -1.000000
vn 0.000000 -0.000000 -1.000000
vn 0.000000 -0.000000 -1.000000
vn 0.000000 -0.000000 -1.000000
vn 0.000000 -0.000000 -1.000000
vn 0.000000 -0.000000 1.000000
vn 0.000000 -0.000000 1.000000
vn 0.000000 -0.000000 1.000000
vn 0.000000 -0.000000 1.000000
vn 0.000000 -0.000000 1.000000
vn 0.000000 -0.000000 1.000000
vn 0.000000 -0.000000 1.000000
vn 0.000000 -0.000000 1.000000
vn 0.000000 -0.000000 1.000000
vn 0.000000 -0.000000 1.000000
s off
g GRP_Fluorescent_Lights Backrooms_Level0_Master_GRP GRP_Lamp_BR Lamp_BR_Cap_1_1
f 2861/6453/8125 2862/6454/8126 2872/6465/8127 2871/6464/8128
f 2862/6454/8129 2863/6455/8130 2873/6466/8131 2872/6465/8132
f 2863/6455/8133 2864/6456/8134 2874/6467/8135 2873/6466/8136
f 2864/6456/8137 2865/6457/8138 2875/6468/8139 2874/6467/8140
f 2865/6457/8141 2866/6458/8142 2876/6469/8143 2875/6468/8144
f 2866/6458/8145 2867/6459/8146 2877/6470/8147 2876/6469/8148
f 2867/6459/8149 2868/6460/8150 2878/6471/8151 2877/6470/8152
f 2868/6460/8153 2869/6461/8154 2879/6472/8155 2878/6471/8156
f 2869/6461/8157 2870/6462/8158 2880/6473/8159 2879/6472/8160
f 2870/6462/8161 2861/6463/8162 2871/6474/8163 2880/6473/8164
f 2861/6443/8165 2870/6452/8166 2869/6451/8167 2868/6450/8168 2867/6449/8169 2866/6448/8170 2865/6447/8171 2864/6446/8172 2863/6445/8173 2862/6444/8174
f 2871/6483/8175 2872/6482/8176 2873/6481/8177 2874/6480/8178 2875/6479/8179 2876/6478/8180 2877/6477/8181 2878/6476/8182 2879/6475/8183 2880/6484/8184
g default
v 174.794427 297.140457 235.500000
v 173.994427 297.721691 235.500000
v 173.005573 297.721691 235.500000
v 172.205572 297.140456 235.500000
v 171.900000 296.200000 235.500000
v 172.205573 295.259543 235.500000
v 173.005573 294.678309 235.500000
v 173.994427 294.678310 235.500000
v 174.794427 295.259544 235.500000
v 175.100000 296.200000 235.500000
v 174.794427 297.140457 238.500000
v 173.994427 297.721691 238.500000
v 173.005573 297.721691 238.500000
v 172.205572 297.140456 238.500000
v 171.900000 296.200000 238.500000
v 172.205573 295.259543 238.500000
v 173.005573 294.678309 238.500000
v 173.994427 294.678310 238.500000
v 174.794427 295.259544 238.500000
v 175.100000 296.200000 238.500000
vt 0.906388 0.051527
vt 0.656388 0.006118
vt 0.347371 0.006118
vt 0.097371 0.051527
vt 0.001880 0.125000
vt 0.097371 0.198473
vt 0.347371 0.243882
vt 0.656388 0.243882
vt 0.906388 0.198473
vt 1.001880 0.125000
vt 0.000000 0.250000
vt 0.100000 0.250000
vt 0.200000 0.250000
vt 0.300000 0.250000
vt 0.400000 0.250000
vt 0.500000 0.250000
vt 0.600000 0.250000
vt 0.700000 0.250000
vt 0.800000 0.250000
vt 0.900000 0.250000
vt 1.000000 0.250000
vt 0.000000 0.750000
vt 0.100000 0.750000
vt 0.200000 0.750000
vt 0.300000 0.750000
vt 0.400000 0.750000
vt 0.500000 0.750000
vt 0.600000 0.750000
vt 0.700000 0.750000
vt 0.800000 0.750000
vt 0.900000 0.750000
vt 1.000000 0.750000
vt 0.906388 0.801527
vt 0.656388 0.756118
vt 0.347371 0.756118
vt 0.097371 0.801527
vt 0.001880 0.875000
vt 0.097371 0.948473
vt 0.347371 0.993882
vt 0.656388 0.993882
vt 0.906388 0.948473
vt 1.001880 0.875000
vn 0.587785 0.809017 0.000000
vn 0.587785 0.809017 0.000000
vn 0.587785 0.809017 0.000000
vn 0.587785 0.809017 0.000000
vn 0.000000 1.000000 0.000000
vn 0.000000 1.000000 0.000000
vn 0.000000 1.000000 0.000000
vn 0.000000 1.000000 0.000000
vn -0.587785 0.809017 0.000000
vn -0.587785 0.809017 0.000000
vn -0.587785 0.809017 0.000000
vn -0.587785 0.809017 0.000000
vn -0.951057 0.309017 0.000000
vn -0.951057 0.309017 0.000000
vn -0.951057 0.309017 0.000000
vn -0.951057 0.309017 0.000000
vn -0.951056 -0.309017 0.000000
vn -0.951056 -0.309017 0.000000
vn -0.951056 -0.309017 0.000000
vn -0.951056 -0.309017 0.000000
vn -0.587785 -0.809017 0.000000
vn -0.587785 -0.809017 0.000000
vn -0.587785 -0.809017 0.000000
vn -0.587785 -0.809017 0.000000
vn 0.000000 -1.000000 0.000000
vn 0.000000 -1.000000 0.000000
vn 0.000000 -1.000000 0.000000
vn 0.000000 -1.000000 0.000000
vn 0.587785 -0.809017 0.000000
vn 0.587785 -0.809017 0.000000
vn 0.587785 -0.809017 0.000000
vn 0.587785 -0.809017 0.000000
vn 0.951057 -0.309017 0.000000
vn 0.951057 -0.309017 0.000000
vn 0.951057 -0.309017 0.000000
vn 0.951057 -0.309017 0.000000
vn 0.951057 0.309017 0.000000
vn 0.951057 0.309017 0.000000
vn 0.951057 0.309017 0.000000
vn 0.951057 0.309017 0.000000
vn 0.000000 -0.000000 -1.000000
vn 0.000000 -0.000000 -1.000000
vn 0.000000 -0.000000 -1.000000
vn 0.000000 -0.000000 -1.000000
vn 0.000000 -0.000000 -1.000000
vn 0.000000 -0.000000 -1.000000
vn 0.000000 -0.000000 -1.000000
vn 0.000000 -0.000000 -1.000000
vn 0.000000 -0.000000 -1.000000
vn 0.000000 -0.000000 -1.000000
vn 0.000000 -0.000000 1.000000
vn 0.000000 -0.000000 1.000000
vn 0.000000 -0.000000 1.000000
vn 0.000000 -0.000000 1.000000
vn 0.000000 -0.000000 1.000000
vn 0.000000 -0.000000 1.000000
vn 0.000000 -0.000000 1.000000
vn 0.000000 -0.000000 1.000000
vn 0.000000 -0.000000 1.000000
vn 0.000000 -0.000000 1.000000
s off
g GRP_Fluorescent_Lights Backrooms_Level0_Master_GRP GRP_Lamp_BR Lamp_BR_Cap_1_2
f 2881/6495/8185 2882/6496/8186 2892/6507/8187 2891/6506/8188
f 2882/6496/8189 2883/6497/8190 2893/6508/8191 2892/6507/8192
f 2883/6497/8193 2884/6498/8194 2894/6509/8195 2893/6508/8196
f 2884/6498/8197 2885/6499/8198 2895/6510/8199 2894/6509/8200
f 2885/6499/8201 2886/6500/8202 2896/6511/8203 2895/6510/8204
f 2886/6500/8205 2887/6501/8206 2897/6512/8207 2896/6511/8208
f 2887/6501/8209 2888/6502/8210 2898/6513/8211 2897/6512/8212
f 2888/6502/8213 2889/6503/8214 2899/6514/8215 2898/6513/8216
f 2889/6503/8217 2890/6504/8218 2900/6515/8219 2899/6514/8220
f 2890/6504/8221 2881/6505/8222 2891/6516/8223 2900/6515/8224
f 2881/6485/8225 2890/6494/8226 2889/6493/8227 2888/6492/8228 2887/6491/8229 2886/6490/8230 2885/6489/8231 2884/6488/8232 2883/6487/8233 2882/6486/8234
f 2891/6525/8235 2892/6524/8236 2893/6523/8237 2894/6522/8238 2895/6521/8239 2896/6520/8240 2897/6519/8241 2898/6518/8242 2899/6517/8243 2900/6526/8244
g default
v 174.794427 297.140457 235.500000
v 173.994427 297.721691 235.500000
v 173.005573 297.721691 235.500000
v 172.205572 297.140456 235.500000
v 171.900000 296.200000 235.500000
v 172.205573 295.259543 235.500000
v 173.005573 294.678309 235.500000
v 173.994427 294.678310 235.500000
v 174.794427 295.259544 235.500000
v 175.100000 296.200000 235.500000
v 174.794427 297.140457 238.500000
v 173.994427 297.721691 238.500000
v 173.005573 297.721691 238.500000
v 172.205572 297.140456 238.500000
v 171.900000 296.200000 238.500000
v 172.205573 295.259543 238.500000
v 173.005573 294.678309 238.500000
v 173.994427 294.678310 238.500000
v 174.794427 295.259544 238.500000
v 175.100000 296.200000 238.500000
vt 0.906388 0.051527
vt 0.656388 0.006118
vt 0.347371 0.006118
vt 0.097371 0.051527
vt 0.001880 0.125000
vt 0.097371 0.198473
vt 0.347371 0.243882
vt 0.656388 0.243882
vt 0.906388 0.198473
vt 1.001880 0.125000
vt 0.000000 0.250000
vt 0.100000 0.250000
vt 0.200000 0.250000
vt 0.300000 0.250000
vt 0.400000 0.250000
vt 0.500000 0.250000
vt 0.600000 0.250000
vt 0.700000 0.250000
vt 0.800000 0.250000
vt 0.900000 0.250000
vt 1.000000 0.250000
vt 0.000000 0.750000
vt 0.100000 0.750000
vt 0.200000 0.750000
vt 0.300000 0.750000
vt 0.400000 0.750000
vt 0.500000 0.750000
vt 0.600000 0.750000
vt 0.700000 0.750000
vt 0.800000 0.750000
vt 0.900000 0.750000
vt 1.000000 0.750000
vt 0.906388 0.801527
vt 0.656388 0.756118
vt 0.347371 0.756118
vt 0.097371 0.801527
vt 0.001880 0.875000
vt 0.097371 0.948473
vt 0.347371 0.993882
vt 0.656388 0.993882
vt 0.906388 0.948473
vt 1.001880 0.875000
vn 0.587785 0.809017 0.000000
vn 0.587785 0.809017 0.000000
vn 0.587785 0.809017 0.000000
vn 0.587785 0.809017 0.000000
vn 0.000000 1.000000 0.000000
vn 0.000000 1.000000 0.000000
vn 0.000000 1.000000 0.000000
vn 0.000000 1.000000 0.000000
vn -0.587785 0.809017 0.000000
vn -0.587785 0.809017 0.000000
vn -0.587785 0.809017 0.000000
vn -0.587785 0.809017 0.000000
vn -0.951057 0.309017 0.000000
vn -0.951057 0.309017 0.000000
vn -0.951057 0.309017 0.000000
vn -0.951057 0.309017 0.000000
vn -0.951056 -0.309017 0.000000
vn -0.951056 -0.309017 0.000000
vn -0.951056 -0.309017 0.000000
vn -0.951056 -0.309017 0.000000
vn -0.587785 -0.809017 0.000000
vn -0.587785 -0.809017 0.000000
vn -0.587785 -0.809017 0.000000
vn -0.587785 -0.809017 0.000000
vn 0.000000 -1.000000 0.000000
vn 0.000000 -1.000000 0.000000
vn 0.000000 -1.000000 0.000000
vn 0.000000 -1.000000 0.000000
vn 0.587785 -0.809017 0.000000
vn 0.587785 -0.809017 0.000000
vn 0.587785 -0.809017 0.000000
vn 0.587785 -0.809017 0.000000
vn 0.951057 -0.309017 0.000000
vn 0.951057 -0.309017 0.000000
vn 0.951057 -0.309017 0.000000
vn 0.951057 -0.309017 0.000000
vn 0.951057 0.309017 0.000000
vn 0.951057 0.309017 0.000000
vn 0.951057 0.309017 0.000000
vn 0.951057 0.309017 0.000000
vn 0.000000 -0.000000 -1.000000
vn 0.000000 -0.000000 -1.000000
vn 0.000000 -0.000000 -1.000000
vn 0.000000 -0.000000 -1.000000
vn 0.000000 -0.000000 -1.000000
vn 0.000000 -0.000000 -1.000000
vn 0.000000 -0.000000 -1.000000
vn 0.000000 -0.000000 -1.000000
vn 0.000000 -0.000000 -1.000000
vn 0.000000 -0.000000 -1.000000
vn 0.000000 -0.000000 1.000000
vn 0.000000 -0.000000 1.000000
vn 0.000000 -0.000000 1.000000
vn 0.000000 -0.000000 1.000000
vn 0.000000 -0.000000 1.000000
vn 0.000000 -0.000000 1.000000
vn 0.000000 -0.000000 1.000000
vn 0.000000 -0.000000 1.000000
vn 0.000000 -0.000000 1.000000
vn 0.000000 -0.000000 1.000000
s off
g GRP_Fluorescent_Lights Backrooms_Level0_Master_GRP GRP_Lamp_BR Lamp_BR_Cap_1_2
f 2901/6537/8245 2902/6538/8246 2912/6549/8247 2911/6548/8248
f 2902/6538/8249 2903/6539/8250 2913/6550/8251 2912/6549/8252
f 2903/6539/8253 2904/6540/8254 2914/6551/8255 2913/6550/8256
f 2904/6540/8257 2905/6541/8258 2915/6552/8259 2914/6551/8260
f 2905/6541/8261 2906/6542/8262 2916/6553/8263 2915/6552/8264
f 2906/6542/8265 2907/6543/8266 2917/6554/8267 2916/6553/8268
f 2907/6543/8269 2908/6544/8270 2918/6555/8271 2917/6554/8272
f 2908/6544/8273 2909/6545/8274 2919/6556/8275 2918/6555/8276
f 2909/6545/8277 2910/6546/8278 2920/6557/8279 2919/6556/8280
f 2910/6546/8281 2901/6547/8282 2911/6558/8283 2920/6557/8284
f 2901/6527/8285 2910/6536/8286 2909/6535/8287 2908/6534/8288 2907/6533/8289 2906/6532/8290 2905/6531/8291 2904/6530/8292 2903/6529/8293 2902/6528/8294
f 2911/6567/8295 2912/6566/8296 2913/6565/8297 2914/6564/8298 2915/6563/8299 2916/6562/8300 2917/6561/8301 2918/6560/8302 2919/6559/8303 2920/6568/8304
g default
v 187.671260 296.764048 124.000000
v 187.310537 297.216381 124.000000
v 186.789277 297.467406 124.000000
v 186.210723 297.467406 124.000000
v 185.689464 297.216381 124.000000
v 185.328741 296.764049 124.000000
v 185.200000 296.200000 124.000000
v 185.328741 295.635951 124.000000
v 185.689463 295.183619 124.000000
v 186.210723 294.932594 124.000000
v 186.789277 294.932594 124.000000
v 187.310537 295.183619 124.000000
v 187.671259 295.635951 124.000000
v 187.800000 296.200000 124.000000
v 187.671260 296.764048 236.000000
v 187.310537 297.216381 236.000000
v 186.789277 297.467406 236.000000
v 186.210723 297.467406 236.000000
v 185.689464 297.216381 236.000000
v 185.328741 296.764049 236.000000
v 185.200000 296.200000 236.000000
v 185.328741 295.635951 236.000000
v 185.689463 295.183619 236.000000
v 186.210723 294.932594 236.000000
v 186.789277 294.932594 236.000000
v 187.310537 295.183619 236.000000
v 187.671259 295.635951 236.000000
v 187.800000 296.200000 236.000000
vt 0.952364 0.070765
vt 0.813625 0.027271
vt 0.613140 0.003134
vt 0.390619 0.003134
vt 0.190135 0.027271
vt 0.051395 0.070765
vt 0.001880 0.125000
vt 0.051395 0.179235
vt 0.190135 0.222729
vt 0.390619 0.246866
vt 0.613140 0.246866
vt 0.813625 0.222729
vt 0.952364 0.179235
vt 1.001880 0.125000
vt 0.000000 0.250000
vt 0.071429 0.250000
vt 0.142857 0.250000
vt 0.214286 0.250000
vt 0.285714 0.250000
vt 0.357143 0.250000
vt 0.428571 0.250000
vt 0.500000 0.250000
vt 0.571429 0.250000
vt 0.642857 0.250000
vt 0.714286 0.250000
vt 0.785714 0.250000
vt 0.857143 0.250000
vt 0.928572 0.250000
vt 1.000000 0.250000
vt 0.000000 0.750000
vt 0.071429 0.750000
vt 0.142857 0.750000
vt 0.214286 0.750000
vt 0.285714 0.750000
vt 0.357143 0.750000
vt 0.428571 0.750000
vt 0.500000 0.750000
vt 0.571429 0.750000
vt 0.642857 0.750000
vt 0.714286 0.750000
vt 0.785714 0.750000
vt 0.857143 0.750000
vt 0.928572 0.750000
vt 1.000000 0.750000
vt 0.952364 0.820765
vt 0.813625 0.777271
vt 0.613140 0.753134
vt 0.390619 0.753134
vt 0.190135 0.777271
vt 0.051395 0.820765
vt 0.001880 0.875000
vt 0.051395 0.929235
vt 0.190135 0.972729
vt 0.390619 0.996866
vt 0.613140 0.996866
vt 0.813625 0.972729
vt 0.952364 0.929235
vt 1.001880 0.875000
vn 0.900969 0.433884 0.000000
vn 0.623490 0.781831 0.000000
vn 0.623490 0.781831 0.000000
vn 0.900969 0.433884 0.000000
vn 0.222521 0.974928 0.000000
vn 0.222521 0.974928 0.000000
vn -0.222521 0.974928 0.000000
vn -0.222521 0.974928 0.000000
vn -0.623490 0.781832 0.000000
vn -0.623490 0.781832 0.000000
vn -0.900969 0.433884 0.000000
vn -0.900969 0.433884 0.000000
vn -1.000000 0.000000 0.000000
vn -1.000000 0.000000 0.000000
vn -0.900969 -0.433884 0.000000
vn -0.900969 -0.433884 0.000000
vn -0.623490 -0.781831 0.000000
vn -0.623490 -0.781831 0.000000
vn -0.222521 -0.974928 0.000000
vn -0.222521 -0.974928 0.000000
vn 0.222521 -0.974928 0.000000
vn 0.222521 -0.974928 0.000000
vn 0.623490 -0.781832 0.000000
vn 0.623490 -0.781832 0.000000
vn 0.900969 -0.433884 0.000000
vn 0.900969 -0.433884 0.000000
vn 1.000000 -0.000000 0.000000
vn 1.000000 -0.000000 0.000000
vn 0.000000 -0.000002 -1.000000
vn 0.000000 -0.000002 -1.000000
vn 0.000000 -0.000002 -1.000000
vn 0.000000 -0.000002 -1.000000
vn 0.000000 -0.000002 -1.000000
vn 0.000000 -0.000002 -1.000000
vn 0.000000 -0.000002 -1.000000
vn 0.000000 -0.000002 -1.000000
vn 0.000000 -0.000002 -1.000000
vn 0.000000 -0.000002 -1.000000
vn 0.000000 -0.000002 -1.000000
vn 0.000000 -0.000002 -1.000000
vn 0.000000 -0.000002 -1.000000
vn 0.000000 -0.000002 -1.000000
vn 0.000000 0.000001 1.000000
vn 0.000000 0.000001 1.000000
vn 0.000000 0.000001 1.000000
vn 0.000000 0.000001 1.000000
vn 0.000000 0.000001 1.000000
vn 0.000000 0.000001 1.000000
vn 0.000000 0.000001 1.000000
vn 0.000000 0.000001 1.000000
vn 0.000000 0.000001 1.000000
vn 0.000000 0.000001 1.000000
vn 0.000000 0.000001 1.000000
vn 0.000000 0.000001 1.000000
vn 0.000000 0.000001 1.000000
vn 0.000000 0.000001 1.000000
s 1
g GRP_Fluorescent_Lights Backrooms_Level0_Master_GRP GRP_Lamp_BR Lamp_BR_Tube_2
f 2921/6583/8305 2922/6584/8306 2936/6599/8307 2935/6598/8308
f 2922/6584/8306 2923/6585/8309 2937/6600/8310 2936/6599/8307
f 2923/6585/8309 2924/6586/8311 2938/6601/8312 2937/6600/8310
f 2924/6586/8311 2925/6587/8313 2939/6602/8314 2938/6601/8312
f 2925/6587/8313 2926/6588/8315 2940/6603/8316 2939/6602/8314
f 2926/6588/8315 2927/6589/8317 2941/6604/8318 2940/6603/8316
f 2927/6589/8317 2928/6590/8319 2942/6605/8320 2941/6604/8318
f 2928/6590/8319 2929/6591/8321 2943/6606/8322 2942/6605/8320
f 2929/6591/8321 2930/6592/8323 2944/6607/8324 2943/6606/8322
f 2930/6592/8323 2931/6593/8325 2945/6608/8326 2944/6607/8324
f 2931/6593/8325 2932/6594/8327 2946/6609/8328 2945/6608/8326
f 2932/6594/8327 2933/6595/8329 2947/6610/8330 2946/6609/8328
f 2933/6595/8329 2934/6596/8331 2948/6611/8332 2947/6610/8330
f 2934/6596/8331 2921/6597/8305 2935/6612/8308 2948/6611/8332
s off
f 2921/6569/8333 2934/6582/8334 2933/6581/8335 2932/6580/8336 2931/6579/8337 2930/6578/8338 2929/6577/8339 2928/6576/8340 2927/6575/8341 2926/6574/8342 2925/6573/8343 2924/6572/8344 2923/6571/8345 2922/6570/8346
f 2935/6625/8347 2936/6624/8348 2937/6623/8349 2938/6622/8350 2939/6621/8351 2940/6620/8352 2941/6619/8353 2942/6618/8354 2943/6617/8355 2944/6616/8356 2945/6615/8357 2946/6614/8358 2947/6613/8359 2948/6626/8360
g default
v 187.671260 296.764048 124.000000
v 187.310537 297.216381 124.000000
v 186.789277 297.467406 124.000000
v 186.210723 297.467406 124.000000
v 185.689464 297.216381 124.000000
v 185.328741 296.764049 124.000000
v 185.200000 296.200000 124.000000
v 185.328741 295.635951 124.000000
v 185.689463 295.183619 124.000000
v 186.210723 294.932594 124.000000
v 186.789277 294.932594 124.000000
v 187.310537 295.183619 124.000000
v 187.671259 295.635951 124.000000
v 187.800000 296.200000 124.000000
v 187.671260 296.764048 236.000000
v 187.310537 297.216381 236.000000
v 186.789277 297.467406 236.000000
v 186.210723 297.467406 236.000000
v 185.689464 297.216381 236.000000
v 185.328741 296.764049 236.000000
v 185.200000 296.200000 236.000000
v 185.328741 295.635951 236.000000
v 185.689463 295.183619 236.000000
v 186.210723 294.932594 236.000000
v 186.789277 294.932594 236.000000
v 187.310537 295.183619 236.000000
v 187.671259 295.635951 236.000000
v 187.800000 296.200000 236.000000
vt 0.952364 0.070765
vt 0.813625 0.027271
vt 0.613140 0.003134
vt 0.390619 0.003134
vt 0.190135 0.027271
vt 0.051395 0.070765
vt 0.001880 0.125000
vt 0.051395 0.179235
vt 0.190135 0.222729
vt 0.390619 0.246866
vt 0.613140 0.246866
vt 0.813625 0.222729
vt 0.952364 0.179235
vt 1.001880 0.125000
vt 0.000000 0.250000
vt 0.071429 0.250000
vt 0.142857 0.250000
vt 0.214286 0.250000
vt 0.285714 0.250000
vt 0.357143 0.250000
vt 0.428571 0.250000
vt 0.500000 0.250000
vt 0.571429 0.250000
vt 0.642857 0.250000
vt 0.714286 0.250000
vt 0.785714 0.250000
vt 0.857143 0.250000
vt 0.928572 0.250000
vt 1.000000 0.250000
vt 0.000000 0.750000
vt 0.071429 0.750000
vt 0.142857 0.750000
vt 0.214286 0.750000
vt 0.285714 0.750000
vt 0.357143 0.750000
vt 0.428571 0.750000
vt 0.500000 0.750000
vt 0.571429 0.750000
vt 0.642857 0.750000
vt 0.714286 0.750000
vt 0.785714 0.750000
vt 0.857143 0.750000
vt 0.928572 0.750000
vt 1.000000 0.750000
vt 0.952364 0.820765
vt 0.813625 0.777271
vt 0.613140 0.753134
vt 0.390619 0.753134
vt 0.190135 0.777271
vt 0.051395 0.820765
vt 0.001880 0.875000
vt 0.051395 0.929235
vt 0.190135 0.972729
vt 0.390619 0.996866
vt 0.613140 0.996866
vt 0.813625 0.972729
vt 0.952364 0.929235
vt 1.001880 0.875000
vn 0.900969 0.433884 0.000000
vn 0.623490 0.781831 0.000000
vn 0.623490 0.781831 0.000000
vn 0.900969 0.433884 0.000000
vn 0.222521 0.974928 0.000000
vn 0.222521 0.974928 0.000000
vn -0.222521 0.974928 0.000000
vn -0.222521 0.974928 0.000000
vn -0.623490 0.781832 0.000000
vn -0.623490 0.781832 0.000000
vn -0.900969 0.433884 0.000000
vn -0.900969 0.433884 0.000000
vn -1.000000 0.000000 0.000000
vn -1.000000 0.000000 0.000000
vn -0.900969 -0.433884 0.000000
vn -0.900969 -0.433884 0.000000
vn -0.623490 -0.781831 0.000000
vn -0.623490 -0.781831 0.000000
vn -0.222521 -0.974928 0.000000
vn -0.222521 -0.974928 0.000000
vn 0.222521 -0.974928 0.000000
vn 0.222521 -0.974928 0.000000
vn 0.623490 -0.781832 0.000000
vn 0.623490 -0.781832 0.000000
vn 0.900969 -0.433884 0.000000
vn 0.900969 -0.433884 0.000000
vn 1.000000 -0.000000 0.000000
vn 1.000000 -0.000000 0.000000
vn 0.000000 -0.000002 -1.000000
vn 0.000000 -0.000002 -1.000000
vn 0.000000 -0.000002 -1.000000
vn 0.000000 -0.000002 -1.000000
vn 0.000000 -0.000002 -1.000000
vn 0.000000 -0.000002 -1.000000
vn 0.000000 -0.000002 -1.000000
vn 0.000000 -0.000002 -1.000000
vn 0.000000 -0.000002 -1.000000
vn 0.000000 -0.000002 -1.000000
vn 0.000000 -0.000002 -1.000000
vn 0.000000 -0.000002 -1.000000
vn 0.000000 -0.000002 -1.000000
vn 0.000000 -0.000002 -1.000000
vn 0.000000 0.000001 1.000000
vn 0.000000 0.000001 1.000000
vn 0.000000 0.000001 1.000000
vn 0.000000 0.000001 1.000000
vn 0.000000 0.000001 1.000000
vn 0.000000 0.000001 1.000000
vn 0.000000 0.000001 1.000000
vn 0.000000 0.000001 1.000000
vn 0.000000 0.000001 1.000000
vn 0.000000 0.000001 1.000000
vn 0.000000 0.000001 1.000000
vn 0.000000 0.000001 1.000000
vn 0.000000 0.000001 1.000000
vn 0.000000 0.000001 1.000000
s 1
g GRP_Fluorescent_Lights Backrooms_Level0_Master_GRP GRP_Lamp_BR Lamp_BR_Tube_2
f 2949/6641/8361 2950/6642/8362 2964/6657/8363 2963/6656/8364
f 2950/6642/8362 2951/6643/8365 2965/6658/8366 2964/6657/8363
f 2951/6643/8365 2952/6644/8367 2966/6659/8368 2965/6658/8366
f 2952/6644/8367 2953/6645/8369 2967/6660/8370 2966/6659/8368
f 2953/6645/8369 2954/6646/8371 2968/6661/8372 2967/6660/8370
f 2954/6646/8371 2955/6647/8373 2969/6662/8374 2968/6661/8372
f 2955/6647/8373 2956/6648/8375 2970/6663/8376 2969/6662/8374
f 2956/6648/8375 2957/6649/8377 2971/6664/8378 2970/6663/8376
f 2957/6649/8377 2958/6650/8379 2972/6665/8380 2971/6664/8378
f 2958/6650/8379 2959/6651/8381 2973/6666/8382 2972/6665/8380
f 2959/6651/8381 2960/6652/8383 2974/6667/8384 2973/6666/8382
f 2960/6652/8383 2961/6653/8385 2975/6668/8386 2974/6667/8384
f 2961/6653/8385 2962/6654/8387 2976/6669/8388 2975/6668/8386
f 2962/6654/8387 2949/6655/8361 2963/6670/8364 2976/6669/8388
s off
f 2949/6627/8389 2962/6640/8390 2961/6639/8391 2960/6638/8392 2959/6637/8393 2958/6636/8394 2957/6635/8395 2956/6634/8396 2955/6633/8397 2954/6632/8398 2953/6631/8399 2952/6630/8400 2951/6629/8401 2950/6628/8402
f 2963/6683/8403 2964/6682/8404 2965/6681/8405 2966/6680/8406 2967/6679/8407 2968/6678/8408 2969/6677/8409 2970/6676/8410 2971/6675/8411 2972/6674/8412 2973/6673/8413 2974/6672/8414 2975/6671/8415 2976/6684/8416
g default
v 187.794427 297.140457 121.500000
v 186.994427 297.721691 121.500000
v 186.005573 297.721691 121.500000
v 185.205572 297.140456 121.500000
v 184.900000 296.200000 121.500000
v 185.205573 295.259543 121.500000
v 186.005573 294.678309 121.500000
v 186.994427 294.678310 121.500000
v 187.794427 295.259544 121.500000
v 188.100000 296.200000 121.500000
v 187.794427 297.140457 124.500000
v 186.994427 297.721691 124.500000
v 186.005573 297.721691 124.500000
v 185.205572 297.140456 124.500000
v 184.900000 296.200000 124.500000
v 185.205573 295.259543 124.500000
v 186.005573 294.678309 124.500000
v 186.994427 294.678310 124.500000
v 187.794427 295.259544 124.500000
v 188.100000 296.200000 124.500000
vt 0.906388 0.051527
vt 0.656388 0.006118
vt 0.347371 0.006118
vt 0.097371 0.051527
vt 0.001880 0.125000
vt 0.097371 0.198473
vt 0.347371 0.243882
vt 0.656388 0.243882
vt 0.906388 0.198473
vt 1.001880 0.125000
vt 0.000000 0.250000
vt 0.100000 0.250000
vt 0.200000 0.250000
vt 0.300000 0.250000
vt 0.400000 0.250000
vt 0.500000 0.250000
vt 0.600000 0.250000
vt 0.700000 0.250000
vt 0.800000 0.250000
vt 0.900000 0.250000
vt 1.000000 0.250000
vt 0.000000 0.750000
vt 0.100000 0.750000
vt 0.200000 0.750000
vt 0.300000 0.750000
vt 0.400000 0.750000
vt 0.500000 0.750000
vt 0.600000 0.750000
vt 0.700000 0.750000
vt 0.800000 0.750000
vt 0.900000 0.750000
vt 1.000000 0.750000
vt 0.906388 0.801527
vt 0.656388 0.756118
vt 0.347371 0.756118
vt 0.097371 0.801527
vt 0.001880 0.875000
vt 0.097371 0.948473
vt 0.347371 0.993882
vt 0.656388 0.993882
vt 0.906388 0.948473
vt 1.001880 0.875000
vn 0.587785 0.809017 0.000000
vn 0.587785 0.809017 0.000000
vn 0.587785 0.809017 0.000000
vn 0.587785 0.809017 0.000000
vn 0.000000 1.000000 0.000000
vn 0.000000 1.000000 0.000000
vn 0.000000 1.000000 0.000000
vn 0.000000 1.000000 0.000000
vn -0.587785 0.809017 0.000000
vn -0.587785 0.809017 0.000000
vn -0.587785 0.809017 0.000000
vn -0.587785 0.809017 0.000000
vn -0.951057 0.309017 0.000000
vn -0.951057 0.309017 0.000000
vn -0.951057 0.309017 0.000000
vn -0.951057 0.309017 0.000000
vn -0.951056 -0.309017 0.000000
vn -0.951056 -0.309017 0.000000
vn -0.951056 -0.309017 0.000000
vn -0.951056 -0.309017 0.000000
vn -0.587785 -0.809017 0.000000
vn -0.587785 -0.809017 0.000000
vn -0.587785 -0.809017 0.000000
vn -0.587785 -0.809017 0.000000
vn 0.000000 -1.000000 0.000000
vn 0.000000 -1.000000 0.000000
vn 0.000000 -1.000000 0.000000
vn 0.000000 -1.000000 0.000000
vn 0.587785 -0.809017 0.000000
vn 0.587785 -0.809017 0.000000
vn 0.587785 -0.809017 0.000000
vn 0.587785 -0.809017 0.000000
vn 0.951057 -0.309017 0.000000
vn 0.951057 -0.309017 0.000000
vn 0.951057 -0.309017 0.000000
vn 0.951057 -0.309017 0.000000
vn 0.951057 0.309017 0.000000
vn 0.951057 0.309017 0.000000
vn 0.951057 0.309017 0.000000
vn 0.951057 0.309017 0.000000
vn 0.000000 -0.000000 -1.000000
vn 0.000000 -0.000000 -1.000000
vn 0.000000 -0.000000 -1.000000
vn 0.000000 -0.000000 -1.000000
vn 0.000000 -0.000000 -1.000000
vn 0.000000 -0.000000 -1.000000
vn 0.000000 -0.000000 -1.000000
vn 0.000000 -0.000000 -1.000000
vn 0.000000 -0.000000 -1.000000
vn 0.000000 -0.000000 -1.000000
vn 0.000000 -0.000000 1.000000
vn 0.000000 -0.000000 1.000000
vn 0.000000 -0.000000 1.000000
vn 0.000000 -0.000000 1.000000
vn 0.000000 -0.000000 1.000000
vn 0.000000 -0.000000 1.000000
vn 0.000000 -0.000000 1.000000
vn 0.000000 -0.000000 1.000000
vn 0.000000 -0.000000 1.000000
vn 0.000000 -0.000000 1.000000
s off
g GRP_Fluorescent_Lights Backrooms_Level0_Master_GRP GRP_Lamp_BR Lamp_BR_Cap_2_1
f 2977/6695/8417 2978/6696/8418 2988/6707/8419 2987/6706/8420
f 2978/6696/8421 2979/6697/8422 2989/6708/8423 2988/6707/8424
f 2979/6697/8425 2980/6698/8426 2990/6709/8427 2989/6708/8428
f 2980/6698/8429 2981/6699/8430 2991/6710/8431 2990/6709/8432
f 2981/6699/8433 2982/6700/8434 2992/6711/8435 2991/6710/8436
f 2982/6700/8437 2983/6701/8438 2993/6712/8439 2992/6711/8440
f 2983/6701/8441 2984/6702/8442 2994/6713/8443 2993/6712/8444
f 2984/6702/8445 2985/6703/8446 2995/6714/8447 2994/6713/8448
f 2985/6703/8449 2986/6704/8450 2996/6715/8451 2995/6714/8452
f 2986/6704/8453 2977/6705/8454 2987/6716/8455 2996/6715/8456
f 2977/6685/8457 2986/6694/8458 2985/6693/8459 2984/6692/8460 2983/6691/8461 2982/6690/8462 2981/6689/8463 2980/6688/8464 2979/6687/8465 2978/6686/8466
f 2987/6725/8467 2988/6724/8468 2989/6723/8469 2990/6722/8470 2991/6721/8471 2992/6720/8472 2993/6719/8473 2994/6718/8474 2995/6717/8475 2996/6726/8476
g default
v 187.794427 297.140457 121.500000
v 186.994427 297.721691 121.500000
v 186.005573 297.721691 121.500000
v 185.205572 297.140456 121.500000
v 184.900000 296.200000 121.500000
v 185.205573 295.259543 121.500000
v 186.005573 294.678309 121.500000
v 186.994427 294.678310 121.500000
v 187.794427 295.259544 121.500000
v 188.100000 296.200000 121.500000
v 187.794427 297.140457 124.500000
v 186.994427 297.721691 124.500000
v 186.005573 297.721691 124.500000
v 185.205572 297.140456 124.500000
v 184.900000 296.200000 124.500000
v 185.205573 295.259543 124.500000
v 186.005573 294.678309 124.500000
v 186.994427 294.678310 124.500000
v 187.794427 295.259544 124.500000
v 188.100000 296.200000 124.500000
vt 0.906388 0.051527
vt 0.656388 0.006118
vt 0.347371 0.006118
vt 0.097371 0.051527
vt 0.001880 0.125000
vt 0.097371 0.198473
vt 0.347371 0.243882
vt 0.656388 0.243882
vt 0.906388 0.198473
vt 1.001880 0.125000
vt 0.000000 0.250000
vt 0.100000 0.250000
vt 0.200000 0.250000
vt 0.300000 0.250000
vt 0.400000 0.250000
vt 0.500000 0.250000
vt 0.600000 0.250000
vt 0.700000 0.250000
vt 0.800000 0.250000
vt 0.900000 0.250000
vt 1.000000 0.250000
vt 0.000000 0.750000
vt 0.100000 0.750000
vt 0.200000 0.750000
vt 0.300000 0.750000
vt 0.400000 0.750000
vt 0.500000 0.750000
vt 0.600000 0.750000
vt 0.700000 0.750000
vt 0.800000 0.750000
vt 0.900000 0.750000
vt 1.000000 0.750000
vt 0.906388 0.801527
vt 0.656388 0.756118
vt 0.347371 0.756118
vt 0.097371 0.801527
vt 0.001880 0.875000
vt 0.097371 0.948473
vt 0.347371 0.993882
vt 0.656388 0.993882
vt 0.906388 0.948473
vt 1.001880 0.875000
vn 0.587785 0.809017 0.000000
vn 0.587785 0.809017 0.000000
vn 0.587785 0.809017 0.000000
vn 0.587785 0.809017 0.000000
vn 0.000000 1.000000 0.000000
vn 0.000000 1.000000 0.000000
vn 0.000000 1.000000 0.000000
vn 0.000000 1.000000 0.000000
vn -0.587785 0.809017 0.000000
vn -0.587785 0.809017 0.000000
vn -0.587785 0.809017 0.000000
vn -0.587785 0.809017 0.000000
vn -0.951057 0.309017 0.000000
vn -0.951057 0.309017 0.000000
vn -0.951057 0.309017 0.000000
vn -0.951057 0.309017 0.000000
vn -0.951056 -0.309017 0.000000
vn -0.951056 -0.309017 0.000000
vn -0.951056 -0.309017 0.000000
vn -0.951056 -0.309017 0.000000
vn -0.587785 -0.809017 0.000000
vn -0.587785 -0.809017 0.000000
vn -0.587785 -0.809017 0.000000
vn -0.587785 -0.809017 0.000000
vn 0.000000 -1.000000 0.000000
vn 0.000000 -1.000000 0.000000
vn 0.000000 -1.000000 0.000000
vn 0.000000 -1.000000 0.000000
vn 0.587785 -0.809017 0.000000
vn 0.587785 -0.809017 0.000000
vn 0.587785 -0.809017 0.000000
vn 0.587785 -0.809017 0.000000
vn 0.951057 -0.309017 0.000000
vn 0.951057 -0.309017 0.000000
vn 0.951057 -0.309017 0.000000
vn 0.951057 -0.309017 0.000000
vn 0.951057 0.309017 0.000000
vn 0.951057 0.309017 0.000000
vn 0.951057 0.309017 0.000000
vn 0.951057 0.309017 0.000000
vn 0.000000 -0.000000 -1.000000
vn 0.000000 -0.000000 -1.000000
vn 0.000000 -0.000000 -1.000000
vn 0.000000 -0.000000 -1.000000
vn 0.000000 -0.000000 -1.000000
vn 0.000000 -0.000000 -1.000000
vn 0.000000 -0.000000 -1.000000
vn 0.000000 -0.000000 -1.000000
vn 0.000000 -0.000000 -1.000000
vn 0.000000 -0.000000 -1.000000
vn 0.000000 -0.000000 1.000000
vn 0.000000 -0.000000 1.000000
vn 0.000000 -0.000000 1.000000
vn 0.000000 -0.000000 1.000000
vn 0.000000 -0.000000 1.000000
vn 0.000000 -0.000000 1.000000
vn 0.000000 -0.000000 1.000000
vn 0.000000 -0.000000 1.000000
vn 0.000000 -0.000000 1.000000
vn 0.000000 -0.000000 1.000000
s off
g GRP_Fluorescent_Lights Backrooms_Level0_Master_GRP GRP_Lamp_BR Lamp_BR_Cap_2_1
f 2997/6737/8477 2998/6738/8478 3008/6749/8479 3007/6748/8480
f 2998/6738/8481 2999/6739/8482 3009/6750/8483 3008/6749/8484
f 2999/6739/8485 3000/6740/8486 3010/6751/8487 3009/6750/8488
f 3000/6740/8489 3001/6741/8490 3011/6752/8491 3010/6751/8492
f 3001/6741/8493 3002/6742/8494 3012/6753/8495 3011/6752/8496
f 3002/6742/8497 3003/6743/8498 3013/6754/8499 3012/6753/8500
f 3003/6743/8501 3004/6744/8502 3014/6755/8503 3013/6754/8504
f 3004/6744/8505 3005/6745/8506 3015/6756/8507 3014/6755/8508
f 3005/6745/8509 3006/6746/8510 3016/6757/8511 3015/6756/8512
f 3006/6746/8513 2997/6747/8514 3007/6758/8515 3016/6757/8516
f 2997/6727/8517 3006/6736/8518 3005/6735/8519 3004/6734/8520 3003/6733/8521 3002/6732/8522 3001/6731/8523 3000/6730/8524 2999/6729/8525 2998/6728/8526
f 3007/6767/8527 3008/6766/8528 3009/6765/8529 3010/6764/8530 3011/6763/8531 3012/6762/8532 3013/6761/8533 3014/6760/8534 3015/6759/8535 3016/6768/8536
g default
v 187.794427 297.140457 235.500000
v 186.994427 297.721691 235.500000
v 186.005573 297.721691 235.500000
v 185.205572 297.140456 235.500000
v 184.900000 296.200000 235.500000
v 185.205573 295.259543 235.500000
v 186.005573 294.678309 235.500000
v 186.994427 294.678310 235.500000
v 187.794427 295.259544 235.500000
v 188.100000 296.200000 235.500000
v 187.794427 297.140457 238.500000
v 186.994427 297.721691 238.500000
v 186.005573 297.721691 238.500000
v 185.205572 297.140456 238.500000
v 184.900000 296.200000 238.500000
v 185.205573 295.259543 238.500000
v 186.005573 294.678309 238.500000
v 186.994427 294.678310 238.500000
v 187.794427 295.259544 238.500000
v 188.100000 296.200000 238.500000
vt 0.906388 0.051527
vt 0.656388 0.006118
vt 0.347371 0.006118
vt 0.097371 0.051527
vt 0.001880 0.125000
vt 0.097371 0.198473
vt 0.347371 0.243882
vt 0.656388 0.243882
vt 0.906388 0.198473
vt 1.001880 0.125000
vt 0.000000 0.250000
vt 0.100000 0.250000
vt 0.200000 0.250000
vt 0.300000 0.250000
vt 0.400000 0.250000
vt 0.500000 0.250000
vt 0.600000 0.250000
vt 0.700000 0.250000
vt 0.800000 0.250000
vt 0.900000 0.250000
vt 1.000000 0.250000
vt 0.000000 0.750000
vt 0.100000 0.750000
vt 0.200000 0.750000
vt 0.300000 0.750000
vt 0.400000 0.750000
vt 0.500000 0.750000
vt 0.600000 0.750000
vt 0.700000 0.750000
vt 0.800000 0.750000
vt 0.900000 0.750000
vt 1.000000 0.750000
vt 0.906388 0.801527
vt 0.656388 0.756118
vt 0.347371 0.756118
vt 0.097371 0.801527
vt 0.001880 0.875000
vt 0.097371 0.948473
vt 0.347371 0.993882
vt 0.656388 0.993882
vt 0.906388 0.948473
vt 1.001880 0.875000
vn 0.587785 0.809017 0.000000
vn 0.587785 0.809017 0.000000
vn 0.587785 0.809017 0.000000
vn 0.587785 0.809017 0.000000
vn 0.000000 1.000000 0.000000
vn 0.000000 1.000000 0.000000
vn 0.000000 1.000000 0.000000
vn 0.000000 1.000000 0.000000
vn -0.587785 0.809017 0.000000
vn -0.587785 0.809017 0.000000
vn -0.587785 0.809017 0.000000
vn -0.587785 0.809017 0.000000
vn -0.951057 0.309017 0.000000
vn -0.951057 0.309017 0.000000
vn -0.951057 0.309017 0.000000
vn -0.951057 0.309017 0.000000
vn -0.951056 -0.309017 0.000000
vn -0.951056 -0.309017 0.000000
vn -0.951056 -0.309017 0.000000
vn -0.951056 -0.309017 0.000000
vn -0.587785 -0.809017 0.000000
vn -0.587785 -0.809017 0.000000
vn -0.587785 -0.809017 0.000000
vn -0.587785 -0.809017 0.000000
vn 0.000000 -1.000000 0.000000
vn 0.000000 -1.000000 0.000000
vn 0.000000 -1.000000 0.000000
vn 0.000000 -1.000000 0.000000
vn 0.587785 -0.809017 0.000000
vn 0.587785 -0.809017 0.000000
vn 0.587785 -0.809017 0.000000
vn 0.587785 -0.809017 0.000000
vn 0.951057 -0.309017 0.000000
vn 0.951057 -0.309017 0.000000
vn 0.951057 -0.309017 0.000000
vn 0.951057 -0.309017 0.000000
vn 0.951057 0.309017 0.000000
vn 0.951057 0.309017 0.000000
vn 0.951057 0.309017 0.000000
vn 0.951057 0.309017 0.000000
vn 0.000000 -0.000000 -1.000000
vn 0.000000 -0.000000 -1.000000
vn 0.000000 -0.000000 -1.000000
vn 0.000000 -0.000000 -1.000000
vn 0.000000 -0.000000 -1.000000
vn 0.000000 -0.000000 -1.000000
vn 0.000000 -0.000000 -1.000000
vn 0.000000 -0.000000 -1.000000
vn 0.000000 -0.000000 -1.000000
vn 0.000000 -0.000000 -1.000000
vn 0.000000 -0.000000 1.000000
vn 0.000000 -0.000000 1.000000
vn 0.000000 -0.000000 1.000000
vn 0.000000 -0.000000 1.000000
vn 0.000000 -0.000000 1.000000
vn 0.000000 -0.000000 1.000000
vn 0.000000 -0.000000 1.000000
vn 0.000000 -0.000000 1.000000
vn 0.000000 -0.000000 1.000000
vn 0.000000 -0.000000 1.000000
s off
g GRP_Fluorescent_Lights Backrooms_Level0_Master_GRP GRP_Lamp_BR Lamp_BR_Cap_2_2
f 3017/6779/8537 3018/6780/8538 3028/6791/8539 3027/6790/8540
f 3018/6780/8541 3019/6781/8542 3029/6792/8543 3028/6791/8544
f 3019/6781/8545 3020/6782/8546 3030/6793/8547 3029/6792/8548
f 3020/6782/8549 3021/6783/8550 3031/6794/8551 3030/6793/8552
f 3021/6783/8553 3022/6784/8554 3032/6795/8555 3031/6794/8556
f 3022/6784/8557 3023/6785/8558 3033/6796/8559 3032/6795/8560
f 3023/6785/8561 3024/6786/8562 3034/6797/8563 3033/6796/8564
f 3024/6786/8565 3025/6787/8566 3035/6798/8567 3034/6797/8568
f 3025/6787/8569 3026/6788/8570 3036/6799/8571 3035/6798/8572
f 3026/6788/8573 3017/6789/8574 3027/6800/8575 3036/6799/8576
f 3017/6769/8577 3026/6778/8578 3025/6777/8579 3024/6776/8580 3023/6775/8581 3022/6774/8582 3021/6773/8583 3020/6772/8584 3019/6771/8585 3018/6770/8586
f 3027/6809/8587 3028/6808/8588 3029/6807/8589 3030/6806/8590 3031/6805/8591 3032/6804/8592 3033/6803/8593 3034/6802/8594 3035/6801/8595 3036/6810/8596
g default
v 187.794427 297.140457 235.500000
v 186.994427 297.721691 235.500000
v 186.005573 297.721691 235.500000
v 185.205572 297.140456 235.500000
v 184.900000 296.200000 235.500000
v 185.205573 295.259543 235.500000
v 186.005573 294.678309 235.500000
v 186.994427 294.678310 235.500000
v 187.794427 295.259544 235.500000
v 188.100000 296.200000 235.500000
v 187.794427 297.140457 238.500000
v 186.994427 297.721691 238.500000
v 186.005573 297.721691 238.500000
v 185.205572 297.140456 238.500000
v 184.900000 296.200000 238.500000
v 185.205573 295.259543 238.500000
v 186.005573 294.678309 238.500000
v 186.994427 294.678310 238.500000
v 187.794427 295.259544 238.500000
v 188.100000 296.200000 238.500000
vt 0.906388 0.051527
vt 0.656388 0.006118
vt 0.347371 0.006118
vt 0.097371 0.051527
vt 0.001880 0.125000
vt 0.097371 0.198473
vt 0.347371 0.243882
vt 0.656388 0.243882
vt 0.906388 0.198473
vt 1.001880 0.125000
vt 0.000000 0.250000
vt 0.100000 0.250000
vt 0.200000 0.250000
vt 0.300000 0.250000
vt 0.400000 0.250000
vt 0.500000 0.250000
vt 0.600000 0.250000
vt 0.700000 0.250000
vt 0.800000 0.250000
vt 0.900000 0.250000
vt 1.000000 0.250000
vt 0.000000 0.750000
vt 0.100000 0.750000
vt 0.200000 0.750000
vt 0.300000 0.750000
vt 0.400000 0.750000
vt 0.500000 0.750000
vt 0.600000 0.750000
vt 0.700000 0.750000
vt 0.800000 0.750000
vt 0.900000 0.750000
vt 1.000000 0.750000
vt 0.906388 0.801527
vt 0.656388 0.756118
vt 0.347371 0.756118
vt 0.097371 0.801527
vt 0.001880 0.875000
vt 0.097371 0.948473
vt 0.347371 0.993882
vt 0.656388 0.993882
vt 0.906388 0.948473
vt 1.001880 0.875000
vn 0.587785 0.809017 0.000000
vn 0.587785 0.809017 0.000000
vn 0.587785 0.809017 0.000000
vn 0.587785 0.809017 0.000000
vn 0.000000 1.000000 0.000000
vn 0.000000 1.000000 0.000000
vn 0.000000 1.000000 0.000000
vn 0.000000 1.000000 0.000000
vn -0.587785 0.809017 0.000000
vn -0.587785 0.809017 0.000000
vn -0.587785 0.809017 0.000000
vn -0.587785 0.809017 0.000000
vn -0.951057 0.309017 0.000000
vn -0.951057 0.309017 0.000000
vn -0.951057 0.309017 0.000000
vn -0.951057 0.309017 0.000000
vn -0.951056 -0.309017 0.000000
vn -0.951056 -0.309017 0.000000
vn -0.951056 -0.309017 0.000000
vn -0.951056 -0.309017 0.000000
vn -0.587785 -0.809017 0.000000
vn -0.587785 -0.809017 0.000000
vn -0.587785 -0.809017 0.000000
vn -0.587785 -0.809017 0.000000
vn 0.000000 -1.000000 0.000000
vn 0.000000 -1.000000 0.000000
vn 0.000000 -1.000000 0.000000
vn 0.000000 -1.000000 0.000000
vn 0.587785 -0.809017 0.000000
vn 0.587785 -0.809017 0.000000
vn 0.587785 -0.809017 0.000000
vn 0.587785 -0.809017 0.000000
vn 0.951057 -0.309017 0.000000
vn 0.951057 -0.309017 0.000000
vn 0.951057 -0.309017 0.000000
vn 0.951057 -0.309017 0.000000
vn 0.951057 0.309017 0.000000
vn 0.951057 0.309017 0.000000
vn 0.951057 0.309017 0.000000
vn 0.951057 0.309017 0.000000
vn 0.000000 -0.000000 -1.000000
vn 0.000000 -0.000000 -1.000000
vn 0.000000 -0.000000 -1.000000
vn 0.000000 -0.000000 -1.000000
vn 0.000000 -0.000000 -1.000000
vn 0.000000 -0.000000 -1.000000
vn 0.000000 -0.000000 -1.000000
vn 0.000000 -0.000000 -1.000000
vn 0.000000 -0.000000 -1.000000
vn 0.000000 -0.000000 -1.000000
vn 0.000000 -0.000000 1.000000
vn 0.000000 -0.000000 1.000000
vn 0.000000 -0.000000 1.000000
vn 0.000000 -0.000000 1.000000
vn 0.000000 -0.000000 1.000000
vn 0.000000 -0.000000 1.000000
vn 0.000000 -0.000000 1.000000
vn 0.000000 -0.000000 1.000000
vn 0.000000 -0.000000 1.000000
vn 0.000000 -0.000000 1.000000
s off
g GRP_Fluorescent_Lights Backrooms_Level0_Master_GRP GRP_Lamp_BR Lamp_BR_Cap_2_2
f 3037/6821/8597 3038/6822/8598 3048/6833/8599 3047/6832/8600
f 3038/6822/8601 3039/6823/8602 3049/6834/8603 3048/6833/8604
f 3039/6823/8605 3040/6824/8606 3050/6835/8607 3049/6834/8608
f 3040/6824/8609 3041/6825/8610 3051/6836/8611 3050/6835/8612
f 3041/6825/8613 3042/6826/8614 3052/6837/8615 3051/6836/8616
f 3042/6826/8617 3043/6827/8618 3053/6838/8619 3052/6837/8620
f 3043/6827/8621 3044/6828/8622 3054/6839/8623 3053/6838/8624
f 3044/6828/8625 3045/6829/8626 3055/6840/8627 3054/6839/8628
f 3045/6829/8629 3046/6830/8630 3056/6841/8631 3055/6840/8632
f 3046/6830/8633 3037/6831/8634 3047/6842/8635 3056/6841/8636
f 3037/6811/8637 3046/6820/8638 3045/6819/8639 3044/6818/8640 3043/6817/8641 3042/6816/8642 3041/6815/8643 3040/6814/8644 3039/6813/8645 3038/6812/8646
f 3047/6851/8647 3048/6850/8648 3049/6849/8649 3050/6848/8650 3051/6847/8651 3052/6846/8652 3053/6845/8653 3054/6844/8654 3055/6843/8655 3056/6852/8656
g default
v 165.000000 294.200000 239.000000
v 195.000000 294.200000 239.000000
v 165.000000 294.800000 239.000000
v 195.000000 294.800000 239.000000
v 165.000000 294.800000 121.000000
v 195.000000 294.800000 121.000000
v 165.000000 294.200000 121.000000
v 195.000000 294.200000 121.000000
vt 0.330000 0.000000
vt 0.663333 0.000000
vt 0.330000 0.250000
vt 0.663333 0.250000
vt 0.330000 0.500000
vt 0.663333 0.500000
vt 0.330000 0.750000
vt 0.663333 0.750000
vt 0.330000 1.000000
vt 0.663333 1.000000
vt 1.000000 0.000000
vt 1.000000 0.250000
vt 0.000000 0.000000
vt 0.000000 0.250000
vn 0.000000 0.000000 1.000000
vn 0.000000 0.000000 1.000000
vn 0.000000 0.000000 1.000000
vn 0.000000 0.000000 1.000000
vn 0.000000 1.000000 0.000000
vn 0.000000 1.000000 0.000000
vn 0.000000 1.000000 0.000000
vn 0.000000 1.000000 0.000000
vn 0.000000 0.000000 -1.000000
vn 0.000000 0.000000 -1.000000
vn 0.000000 0.000000 -1.000000
vn 0.000000 0.000000 -1.000000
vn 0.000000 -1.000000 0.000000
vn 0.000000 -1.000000 0.000000
vn 0.000000 -1.000000 0.000000
vn 0.000000 -1.000000 0.000000
vn 1.000000 0.000000 0.000000
vn 1.000000 0.000000 0.000000
vn 1.000000 0.000000 0.000000
vn 1.000000 0.000000 0.000000
vn -1.000000 0.000000 0.000000
vn -1.000000 0.000000 0.000000
vn -1.000000 0.000000 0.000000
vn -1.000000 0.000000 0.000000
s off
g GRP_Fluorescent_Lights Backrooms_Level0_Master_GRP GRP_Lamp_BR Lamp_BR_Diffuser
f 3057/6853/8657 3058/6854/8658 3060/6856/8659 3059/6855/8660
f 3059/6855/8661 3060/6856/8662 3062/6858/8663 3061/6857/8664
f 3061/6857/8665 3062/6858/8666 3064/6860/8667 3063/6859/8668
f 3063/6859/8669 3064/6860/8670 3058/6862/8671 3057/6861/8672
f 3058/6854/8673 3064/6863/8674 3062/6864/8675 3060/6856/8676
f 3063/6865/8677 3057/6853/8678 3059/6855/8679 3061/6866/8680
g default
v 165.000000 294.200000 239.000000
v 195.000000 294.200000 239.000000
v 165.000000 294.800000 239.000000
v 195.000000 294.800000 239.000000
v 165.000000 294.800000 121.000000
v 195.000000 294.800000 121.000000
v 165.000000 294.200000 121.000000
v 195.000000 294.200000 121.000000
vt 0.330000 0.000000
vt 0.663333 0.000000
vt 0.330000 0.250000
vt 0.663333 0.250000
vt 0.330000 0.500000
vt 0.663333 0.500000
vt 0.330000 0.750000
vt 0.663333 0.750000
vt 0.330000 1.000000
vt 0.663333 1.000000
vt 1.000000 0.000000
vt 1.000000 0.250000
vt 0.000000 0.000000
vt 0.000000 0.250000
vn 0.000000 0.000000 1.000000
vn 0.000000 0.000000 1.000000
vn 0.000000 0.000000 1.000000
vn 0.000000 0.000000 1.000000
vn 0.000000 1.000000 0.000000
vn 0.000000 1.000000 0.000000
vn 0.000000 1.000000 0.000000
vn 0.000000 1.000000 0.000000
vn 0.000000 0.000000 -1.000000
vn 0.000000 0.000000 -1.000000
vn 0.000000 0.000000 -1.000000
vn 0.000000 0.000000 -1.000000
vn 0.000000 -1.000000 0.000000
vn 0.000000 -1.000000 0.000000
vn 0.000000 -1.000000 0.000000
vn 0.000000 -1.000000 0.000000
vn 1.000000 0.000000 0.000000
vn 1.000000 0.000000 0.000000
vn 1.000000 0.000000 0.000000
vn 1.000000 0.000000 0.000000
vn -1.000000 0.000000 0.000000
vn -1.000000 0.000000 0.000000
vn -1.000000 0.000000 0.000000
vn -1.000000 0.000000 0.000000
s off
g GRP_Fluorescent_Lights Backrooms_Level0_Master_GRP GRP_Lamp_BR Lamp_BR_Diffuser
f 3065/6867/8681 3066/6868/8682 3068/6870/8683 3067/6869/8684
f 3067/6869/8685 3068/6870/8686 3070/6872/8687 3069/6871/8688
f 3069/6871/8689 3070/6872/8690 3072/6874/8691 3071/6873/8692
f 3071/6873/8693 3072/6874/8694 3066/6876/8695 3065/6875/8696
f 3066/6868/8697 3072/6877/8698 3070/6878/8699 3068/6870/8700
f 3071/6879/8701 3065/6867/8702 3067/6869/8703 3069/6880/8704
