# This file uses centimeters as units for non-parametric coordinates.

mtllib Prop_Modular_Architecture_Room.mtl
g default
v -420.000000 0.000000 420.000000
v -315.000000 0.000000 420.000000
v -210.000000 0.000000 420.000000
v -105.000000 0.000000 420.000000
v 0.000000 0.000000 420.000000
v 105.000000 0.000000 420.000000
v 210.000000 0.000000 420.000000
v 315.000000 0.000000 420.000000
v 420.000000 0.000000 420.000000
v -420.000000 0.000000 315.000000
v -315.000000 0.000000 315.000000
v -210.000000 0.000000 315.000000
v -105.000000 0.000000 315.000000
v 0.000000 0.000000 315.000000
v 105.000000 0.000000 315.000000
v 210.000000 0.000000 315.000000
v 315.000000 0.000000 315.000000
v 420.000000 0.000000 315.000000
v -420.000000 0.000000 210.000000
v -315.000000 0.000000 210.000000
v -210.000000 0.000000 210.000000
v -105.000000 0.000000 210.000000
v 0.000000 0.000000 210.000000
v 105.000000 0.000000 210.000000
v 210.000000 0.000000 210.000000
v 315.000000 0.000000 210.000000
v 420.000000 0.000000 210.000000
v -420.000000 0.000000 105.000000
v -315.000000 0.000000 105.000000
v -210.000000 0.000000 105.000000
v -105.000000 0.000000 105.000000
v 0.000000 0.000000 105.000000
v 105.000000 0.000000 105.000000
v 210.000000 0.000000 105.000000
v 315.000000 0.000000 105.000000
v 420.000000 0.000000 105.000000
v -420.000000 0.000000 0.000000
v -315.000000 0.000000 0.000000
v -210.000000 0.000000 0.000000
v -105.000000 0.000000 0.000000
v 0.000000 0.000000 0.000000
v 105.000000 0.000000 0.000000
v 210.000000 0.000000 0.000000
v 315.000000 0.000000 0.000000
v 420.000000 0.000000 0.000000
v -420.000000 0.000000 -105.000000
v -315.000000 0.000000 -105.000000
v -210.000000 0.000000 -105.000000
v -105.000000 0.000000 -105.000000
v 0.000000 0.000000 -105.000000
v 105.000000 0.000000 -105.000000
v 210.000000 0.000000 -105.000000
v 315.000000 0.000000 -105.000000
v 420.000000 0.000000 -105.000000
v -420.000000 0.000000 -210.000000
v -315.000000 0.000000 -210.000000
v -210.000000 0.000000 -210.000000
v -105.000000 0.000000 -210.000000
v 0.000000 0.000000 -210.000000
v 105.000000 0.000000 -210.000000
v 210.000000 0.000000 -210.000000
v 315.000000 0.000000 -210.000000
v 420.000000 0.000000 -210.000000
v -420.000000 0.000000 -315.000000
v -315.000000 0.000000 -315.000000
v -210.000000 0.000000 -315.000000
v -105.000000 0.000000 -315.000000
v 0.000000 0.000000 -315.000000
v 105.000000 0.000000 -315.000000
v 210.000000 0.000000 -315.000000
v 315.000000 0.000000 -315.000000
v 420.000000 0.000000 -315.000000
v -420.000000 0.000000 -420.000000
v -315.000000 0.000000 -420.000000
v -210.000000 0.000000 -420.000000
v -105.000000 0.000000 -420.000000
v 0.000000 0.000000 -420.000000
v 105.000000 0.000000 -420.000000
v 210.000000 0.000000 -420.000000
v 315.000000 0.000000 -420.000000
v 420.000000 0.000000 -420.000000
vt 0.000000 0.000000
vt 0.125000 0.000000
vt 0.250000 0.000000
vt 0.375000 0.000000
vt 0.500000 0.000000
vt 0.625000 0.000000
vt 0.750000 0.000000
vt 0.875000 0.000000
vt 1.000000 0.000000
vt 0.000000 0.125000
vt 0.125000 0.125000
vt 0.250000 0.125000
vt 0.375000 0.125000
vt 0.500000 0.125000
vt 0.625000 0.125000
vt 0.750000 0.125000
vt 0.875000 0.125000
vt 1.000000 0.125000
vt 0.000000 0.250000
vt 0.125000 0.250000
vt 0.250000 0.250000
vt 0.375000 0.250000
vt 0.500000 0.250000
vt 0.625000 0.250000
vt 0.750000 0.250000
vt 0.875000 0.250000
vt 1.000000 0.250000
vt 0.000000 0.375000
vt 0.125000 0.375000
vt 0.250000 0.375000
vt 0.375000 0.375000
vt 0.500000 0.375000
vt 0.625000 0.375000
vt 0.750000 0.375000
vt 0.875000 0.375000
vt 1.000000 0.375000
vt 0.000000 0.500000
vt 0.125000 0.500000
vt 0.250000 0.500000
vt 0.375000 0.500000
vt 0.500000 0.500000
vt 0.625000 0.500000
vt 0.750000 0.500000
vt 0.875000 0.500000
vt 1.000000 0.500000
vt 0.000000 0.625000
vt 0.125000 0.625000
vt 0.250000 0.625000
vt 0.375000 0.625000
vt 0.500000 0.625000
vt 0.625000 0.625000
vt 0.750000 0.625000
vt 0.875000 0.625000
vt 1.000000 0.625000
vt 0.000000 0.750000
vt 0.125000 0.750000
vt 0.250000 0.750000
vt 0.375000 0.750000
vt 0.500000 0.750000
vt 0.625000 0.750000
vt 0.750000 0.750000
vt 0.875000 0.750000
vt 1.000000 0.750000
vt 0.000000 0.875000
vt 0.125000 0.875000
vt 0.250000 0.875000
vt 0.375000 0.875000
vt 0.500000 0.875000
vt 0.625000 0.875000
vt 0.750000 0.875000
vt 0.875000 0.875000
vt 1.000000 0.875000
vt 0.000000 1.000000
vt 0.125000 1.000000
vt 0.250000 1.000000
vt 0.375000 1.000000
vt 0.500000 1.000000
vt 0.625000 1.000000
vt 0.750000 1.000000
vt 0.875000 1.000000
vt 1.000000 1.000000
vn 0.000000 1.000000 0.000000
vn 0.000000 1.000000 0.000000
vn 0.000000 1.000000 0.000000
vn 0.000000 1.000000 0.000000
vn 0.000000 1.000000 0.000000
vn 0.000000 1.000000 0.000000
vn 0.000000 1.000000 0.000000
vn 0.000000 1.000000 0.000000
vn 0.000000 1.000000 0.000000
vn 0.000000 1.000000 0.000000
vn 0.000000 1.000000 0.000000
vn 0.000000 1.000000 0.000000
vn 0.000000 1.000000 0.000000
vn 0.000000 1.000000 0.000000
vn 0.000000 1.000000 0.000000
vn 0.000000 1.000000 0.000000
vn 0.000000 1.000000 0.000000
vn 0.000000 1.000000 0.000000
vn 0.000000 1.000000 0.000000
vn 0.000000 1.000000 0.000000
vn 0.000000 1.000000 0.000000
vn 0.000000 1.000000 0.000000
vn 0.000000 1.000000 0.000000
vn 0.000000 1.000000 0.000000
vn 0.000000 1.000000 0.000000
vn 0.000000 1.000000 0.000000
vn 0.000000 1.000000 0.000000
vn 0.000000 1.000000 0.000000
vn 0.000000 1.000000 0.000000
vn 0.000000 1.000000 0.000000
vn 0.000000 1.000000 0.000000
vn 0.000000 1.000000 0.000000
vn 0.000000 1.000000 0.000000
vn 0.000000 1.000000 0.000000
vn 0.000000 1.000000 0.000000
vn 0.000000 1.000000 0.000000
vn 0.000000 1.000000 0.000000
vn 0.000000 1.000000 0.000000
vn 0.000000 1.000000 0.000000
vn 0.000000 1.000000 0.000000
vn 0.000000 1.000000 0.000000
vn 0.000000 1.000000 0.000000
vn 0.000000 1.000000 0.000000
vn 0.000000 1.000000 0.000000
vn 0.000000 1.000000 0.000000
vn 0.000000 1.000000 0.000000
vn 0.000000 1.000000 0.000000
vn 0.000000 1.000000 0.000000
vn 0.000000 1.000000 0.000000
vn 0.000000 1.000000 0.000000
vn 0.000000 1.000000 0.000000
vn 0.000000 1.000000 0.000000
vn 0.000000 1.000000 0.000000
vn 0.000000 1.000000 0.000000
vn 0.000000 1.000000 0.000000
vn 0.000000 1.000000 0.000000
vn 0.000000 1.000000 0.000000
vn 0.000000 1.000000 0.000000
vn 0.000000 1.000000 0.000000
vn 0.000000 1.000000 0.000000
vn 0.000000 1.000000 0.000000
vn 0.000000 1.000000 0.000000
vn 0.000000 1.000000 0.000000
vn 0.000000 1.000000 0.000000
vn 0.000000 1.000000 0.000000
vn 0.000000 1.000000 0.000000
vn 0.000000 1.000000 0.000000
vn 0.000000 1.000000 0.000000
vn 0.000000 1.000000 0.000000
vn 0.000000 1.000000 0.000000
vn 0.000000 1.000000 0.000000
vn 0.000000 1.000000 0.000000
vn 0.000000 1.000000 0.000000
vn 0.000000 1.000000 0.000000
vn 0.000000 1.000000 0.000000
vn 0.000000 1.000000 0.000000
vn 0.000000 1.000000 0.000000
vn 0.000000 1.000000 0.000000
vn 0.000000 1.000000 0.000000
vn 0.000000 1.000000 0.000000
vn 0.000000 1.000000 0.000000
s 1
g ENV_Floor_Carpet GRP_Architecture Backrooms_Level0_Master_GRP
usemtl M_Backrooms_CarpetSG
f 1/1/1 2/2/2 11/11/3 10/10/4
f 2/2/2 3/3/5 12/12/6 11/11/3
f 3/3/5 4/4/7 13/13/8 12/12/6
f 4/4/7 5/5/9 14/14/10 13/13/8
f 5/5/9 6/6/11 15/15/12 14/14/10
f 6/6/11 7/7/13 16/16/14 15/15/12
f 7/7/13 8/8/15 17/17/16 16/16/14
f 8/8/15 9/9/17 18/18/18 17/17/16
f 10/10/4 11/11/3 20/20/19 19/19/20
f 11/11/3 12/12/6 21/21/21 20/20/19
f 12/12/6 13/13/8 22/22/22 21/21/21
f 13/13/8 14/14/10 23/23/23 22/22/22
f 14/14/10 15/15/12 24/24/24 23/23/23
f 15/15/12 16/16/14 25/25/25 24/24/24
f 16/16/14 17/17/16 26/26/26 25/25/25
f 17/17/16 18/18/18 27/27/27 26/26/26
f 19/19/20 20/20/19 29/29/28 28/28/29
f 20/20/19 21/21/21 30/30/30 29/29/28
f 21/21/21 22/22/22 31/31/31 30/30/30
f 22/22/22 23/23/23 32/32/32 31/31/31
f 23/23/23 24/24/24 33/33/33 32/32/32
f 24/24/24 25/25/25 34/34/34 33/33/33
f 25/25/25 26/26/26 35/35/35 34/34/34
f 26/26/26 27/27/27 36/36/36 35/35/35
f 28/28/29 29/29/28 38/38/37 37/37/38
f 29/29/28 30/30/30 39/39/39 38/38/37
f 30/30/30 31/31/31 40/40/40 39/39/39
f 31/31/31 32/32/32 41/41/41 40/40/40
f 32/32/32 33/33/33 42/42/42 41/41/41
f 33/33/33 34/34/34 43/43/43 42/42/42
f 34/34/34 35/35/35 44/44/44 43/43/43
f 35/35/35 36/36/36 45/45/45 44/44/44
f 37/37/38 38/38/37 47/47/46 46/46/47
f 38/38/37 39/39/39 48/48/48 47/47/46
f 39/39/39 40/40/40 49/49/49 48/48/48
f 40/40/40 41/41/41 50/50/50 49/49/49
f 41/41/41 42/42/42 51/51/51 50/50/50
f 42/42/42 43/43/43 52/52/52 51/51/51
f 43/43/43 44/44/44 53/53/53 52/52/52
f 44/44/44 45/45/45 54/54/54 53/53/53
f 46/46/47 47/47/46 56/56/55 55/55/56
f 47/47/46 48/48/48 57/57/57 56/56/55
f 48/48/48 49/49/49 58/58/58 57/57/57
f 49/49/49 50/50/50 59/59/59 58/58/58
f 50/50/50 51/51/51 60/60/60 59/59/59
f 51/51/51 52/52/52 61/61/61 60/60/60
f 52/52/52 53/53/53 62/62/62 61/61/61
f 53/53/53 54/54/54 63/63/63 62/62/62
f 55/55/56 56/56/55 65/65/64 64/64/65
f 56/56/55 57/57/57 66/66/66 65/65/64
f 57/57/57 58/58/58 67/67/67 66/66/66
f 58/58/58 59/59/59 68/68/68 67/67/67
f 59/59/59 60/60/60 69/69/69 68/68/68
f 60/60/60 61/61/61 70/70/70 69/69/69
f 61/61/61 62/62/62 71/71/71 70/70/70
f 62/62/62 63/63/63 72/72/72 71/71/71
f 64/64/65 65/65/64 74/74/73 73/73/74
f 65/65/64 66/66/66 75/75/75 74/74/73
f 66/66/66 67/67/67 76/76/76 75/75/75
f 67/67/67 68/68/68 77/77/77 76/76/76
f 68/68/68 69/69/69 78/78/78 77/77/77
f 69/69/69 70/70/70 79/79/79 78/78/78
f 70/70/70 71/71/71 80/80/80 79/79/79
f 71/71/71 72/72/72 81/81/81 80/80/80
g default
v -420.000000 300.000000 -420.000000
v -360.000000 300.000000 -420.000000
v -300.000000 300.000000 -420.000000
v -240.000000 300.000000 -420.000000
v -180.000000 300.000000 -420.000000
v -120.000000 300.000000 -420.000000
v -60.000000 300.000000 -420.000000
v 0.000000 300.000000 -420.000000
v 60.000000 300.000000 -420.000000
v 120.000000 300.000000 -420.000000
v 180.000000 300.000000 -420.000000
v 240.000000 300.000000 -420.000000
v 300.000000 300.000000 -420.000000
v 360.000000 300.000000 -420.000000
v 420.000000 300.000000 -420.000000
v -420.000000 300.000000 -360.000000
v -360.000000 300.000000 -360.000000
v -300.000000 300.000000 -360.000000
v -240.000000 300.000000 -360.000000
v -180.000000 300.000000 -360.000000
v -120.000000 300.000000 -360.000000
v -60.000000 300.000000 -360.000000
v 0.000000 300.000000 -360.000000
v 60.000000 300.000000 -360.000000
v 120.000000 300.000000 -360.000000
v 180.000000 300.000000 -360.000000
v 240.000000 300.000000 -360.000000
v 300.000000 300.000000 -360.000000
v 360.000000 300.000000 -360.000000
v 420.000000 300.000000 -360.000000
v -420.000000 300.000000 -300.000000
v -360.000000 300.000000 -300.000000
v -300.000000 300.000000 -300.000000
v -240.000000 300.000000 -300.000000
v -180.000000 300.000000 -300.000000
v -120.000000 300.000000 -300.000000
v -60.000000 300.000000 -300.000000
v 0.000000 300.000000 -300.000000
v 60.000000 300.000000 -300.000000
v 120.000000 300.000000 -300.000000
v 180.000000 300.000000 -300.000000
v 240.000000 300.000000 -300.000000
v 300.000000 300.000000 -300.000000
v 360.000000 300.000000 -300.000000
v 420.000000 300.000000 -300.000000
v -420.000000 300.000000 -240.000000
v -360.000000 300.000000 -240.000000
v -300.000000 300.000000 -240.000000
v -240.000000 300.000000 -240.000000
v -180.000000 300.000000 -240.000000
v -120.000000 300.000000 -240.000000
v -60.000000 300.000000 -240.000000
v 0.000000 300.000000 -240.000000
v 60.000000 300.000000 -240.000000
v 120.000000 300.000000 -240.000000
v 180.000000 300.000000 -240.000000
v 240.000000 300.000000 -240.000000
v 300.000000 300.000000 -240.000000
v 360.000000 300.000000 -240.000000
v 420.000000 300.000000 -240.000000
v -420.000000 300.000000 -180.000000
v -360.000000 300.000000 -180.000000
v -300.000000 300.000000 -180.000000
v -240.000000 300.000000 -180.000000
v -180.000000 300.000000 -180.000000
v -120.000000 300.000000 -180.000000
v -60.000000 300.000000 -180.000000
v 0.000000 300.000000 -180.000000
v 60.000000 300.000000 -180.000000
v 120.000000 300.000000 -180.000000
v 180.000000 300.000000 -180.000000
v 240.000000 300.000000 -180.000000
v 300.000000 300.000000 -180.000000
v 360.000000 300.000000 -180.000000
v 420.000000 300.000000 -180.000000
v -420.000000 300.000000 -120.000000
v -360.000000 300.000000 -120.000000
v -300.000000 300.000000 -120.000000
v -240.000000 300.000000 -120.000000
v -180.000000 300.000000 -120.000000
v -120.000000 300.000000 -120.000000
v -60.000000 300.000000 -120.000000
v 0.000000 300.000000 -120.000000
v 60.000000 300.000000 -120.000000
v 120.000000 300.000000 -120.000000
v 180.000000 300.000000 -120.000000
v 240.000000 300.000000 -120.000000
v 300.000000 300.000000 -120.000000
v 360.000000 300.000000 -120.000000
v 420.000000 300.000000 -120.000000
v -420.000000 300.000000 -60.000000
v -360.000000 300.000000 -60.000000
v -300.000000 300.000000 -60.000000
v -240.000000 300.000000 -60.000000
v -180.000000 300.000000 -60.000000
v -120.000000 300.000000 -60.000000
v -60.000000 300.000000 -60.000000
v 0.000000 300.000000 -60.000000
v 60.000000 300.000000 -60.000000
v 120.000000 300.000000 -60.000000
v 180.000000 300.000000 -60.000000
v 240.000000 300.000000 -60.000000
v 300.000000 300.000000 -60.000000
v 360.000000 300.000000 -60.000000
v 420.000000 300.000000 -60.000000
v -420.000000 300.000000 0.000000
v -360.000000 300.000000 0.000000
v -300.000000 300.000000 0.000000
v -240.000000 300.000000 0.000000
v -180.000000 300.000000 0.000000
v -120.000000 300.000000 0.000000
v -60.000000 300.000000 0.000000
v 0.000000 300.000000 0.000000
v 60.000000 300.000000 0.000000
v 120.000000 300.000000 0.000000
v 180.000000 300.000000 0.000000
v 240.000000 300.000000 0.000000
v 300.000000 300.000000 0.000000
v 360.000000 300.000000 0.000000
v 420.000000 300.000000 0.000000
v -420.000000 300.000000 60.000000
v -360.000000 300.000000 60.000000
v -300.000000 300.000000 60.000000
v -240.000000 300.000000 60.000000
v -180.000000 300.000000 60.000000
v -120.000000 300.000000 60.000000
v -60.000000 300.000000 60.000000
v 0.000000 300.000000 60.000000
v 60.000000 300.000000 60.000000
v 120.000000 300.000000 60.000000
v 180.000000 300.000000 60.000000
v 240.000000 300.000000 60.000000
v 300.000000 300.000000 60.000000
v 360.000000 300.000000 60.000000
v 420.000000 300.000000 60.000000
v -420.000000 300.000000 120.000000
v -360.000000 300.000000 120.000000
v -300.000000 300.000000 120.000000
v -240.000000 300.000000 120.000000
v -180.000000 300.000000 120.000000
v -120.000000 300.000000 120.000000
v -60.000000 300.000000 120.000000
v 0.000000 300.000000 120.000000
v 60.000000 300.000000 120.000000
v 120.000000 300.000000 120.000000
v 180.000000 300.000000 120.000000
v 240.000000 300.000000 120.000000
v 300.000000 300.000000 120.000000
v 360.000000 300.000000 120.000000
v 420.000000 300.000000 120.000000
v -420.000000 300.000000 180.000000
v -360.000000 300.000000 180.000000
v -300.000000 300.000000 180.000000
v -240.000000 300.000000 180.000000
v -180.000000 300.000000 180.000000
v -120.000000 300.000000 180.000000
v -60.000000 300.000000 180.000000
v 0.000000 300.000000 180.000000
v 60.000000 300.000000 180.000000
v 120.000000 300.000000 180.000000
v 180.000000 300.000000 180.000000
v 240.000000 300.000000 180.000000
v 300.000000 300.000000 180.000000
v 360.000000 300.000000 180.000000
v 420.000000 300.000000 180.000000
v -420.000000 300.000000 240.000000
v -360.000000 300.000000 240.000000
v -300.000000 300.000000 240.000000
v -240.000000 300.000000 240.000000
v -180.000000 300.000000 240.000000
v -120.000000 300.000000 240.000000
v -60.000000 300.000000 240.000000
v 0.000000 300.000000 240.000000
v 60.000000 300.000000 240.000000
v 120.000000 300.000000 240.000000
v 180.000000 300.000000 240.000000
v 240.000000 300.000000 240.000000
v 300.000000 300.000000 240.000000
v 360.000000 300.000000 240.000000
v 420.000000 300.000000 240.000000
v -420.000000 300.000000 300.000000
v -360.000000 300.000000 300.000000
v -300.000000 300.000000 300.000000
v -240.000000 300.000000 300.000000
v -180.000000 300.000000 300.000000
v -120.000000 300.000000 300.000000
v -60.000000 300.000000 300.000000
v 0.000000 300.000000 300.000000
v 60.000000 300.000000 300.000000
v 120.000000 300.000000 300.000000
v 180.000000 300.000000 300.000000
v 240.000000 300.000000 300.000000
v 300.000000 300.000000 300.000000
v 360.000000 300.000000 300.000000
v 420.000000 300.000000 300.000000
v -420.000000 300.000000 360.000000
v -360.000000 300.000000 360.000000
v -300.000000 300.000000 360.000000
v -240.000000 300.000000 360.000000
v -180.000000 300.000000 360.000000
v -120.000000 300.000000 360.000000
v -60.000000 300.000000 360.000000
v 0.000000 300.000000 360.000000
v 60.000000 300.000000 360.000000
v 120.000000 300.000000 360.000000
v 180.000000 300.000000 360.000000
v 240.000000 300.000000 360.000000
v 300.000000 300.000000 360.000000
v 360.000000 300.000000 360.000000
v 420.000000 300.000000 360.000000
v -420.000000 300.000000 420.000000
v -360.000000 300.000000 420.000000
v -300.000000 300.000000 420.000000
v -240.000000 300.000000 420.000000
v -180.000000 300.000000 420.000000
v -120.000000 300.000000 420.000000
v -60.000000 300.000000 420.000000
v 0.000000 300.000000 420.000000
v 60.000000 300.000000 420.000000
v 120.000000 300.000000 420.000000
v 180.000000 300.000000 420.000000
v 240.000000 300.000000 420.000000
v 300.000000 300.000000 420.000000
v 360.000000 300.000000 420.000000
v 420.000000 300.000000 420.000000
vt 0.000000 0.000000
vt 0.071429 0.000000
vt 0.142857 0.000000
vt 0.214286 0.000000
vt 0.285714 0.000000
vt 0.357143 0.000000
vt 0.428571 0.000000
vt 0.500000 0.000000
vt 0.571429 0.000000
vt 0.642857 0.000000
vt 0.714286 0.000000
vt 0.785714 0.000000
vt 0.857143 0.000000
vt 0.928571 0.000000
vt 1.000000 0.000000
vt 0.000000 0.071429
vt 0.071429 0.071429
vt 0.142857 0.071429
vt 0.214286 0.071429
vt 0.285714 0.071429
vt 0.357143 0.071429
vt 0.428571 0.071429
vt 0.500000 0.071429
vt 0.571429 0.071429
vt 0.642857 0.071429
vt 0.714286 0.071429
vt 0.785714 0.071429
vt 0.857143 0.071429
vt 0.928571 0.071429
vt 1.000000 0.071429
vt 0.000000 0.142857
vt 0.071429 0.142857
vt 0.142857 0.142857
vt 0.214286 0.142857
vt 0.285714 0.142857
vt 0.357143 0.142857
vt 0.428571 0.142857
vt 0.500000 0.142857
vt 0.571429 0.142857
vt 0.642857 0.142857
vt 0.714286 0.142857
vt 0.785714 0.142857
vt 0.857143 0.142857
vt 0.928571 0.142857
vt 1.000000 0.142857
vt 0.000000 0.214286
vt 0.071429 0.214286
vt 0.142857 0.214286
vt 0.214286 0.214286
vt 0.285714 0.214286
vt 0.357143 0.214286
vt 0.428571 0.214286
vt 0.500000 0.214286
vt 0.571429 0.214286
vt 0.642857 0.214286
vt 0.714286 0.214286
vt 0.785714 0.214286
vt 0.857143 0.214286
vt 0.928571 0.214286
vt 1.000000 0.214286
vt 0.000000 0.285714
vt 0.071429 0.285714
vt 0.142857 0.285714
vt 0.214286 0.285714
vt 0.285714 0.285714
vt 0.357143 0.285714
vt 0.428571 0.285714
vt 0.500000 0.285714
vt 0.571429 0.285714
vt 0.642857 0.285714
vt 0.714286 0.285714
vt 0.785714 0.285714
vt 0.857143 0.285714
vt 0.928571 0.285714
vt 1.000000 0.285714
vt 0.000000 0.357143
vt 0.071429 0.357143
vt 0.142857 0.357143
vt 0.214286 0.357143
vt 0.285714 0.357143
vt 0.357143 0.357143
vt 0.428571 0.357143
vt 0.500000 0.357143
vt 0.571429 0.357143
vt 0.642857 0.357143
vt 0.714286 0.357143
vt 0.785714 0.357143
vt 0.857143 0.357143
vt 0.928571 0.357143
vt 1.000000 0.357143
vt 0.000000 0.428571
vt 0.071429 0.428571
vt 0.142857 0.428571
vt 0.214286 0.428571
vt 0.285714 0.428571
vt 0.357143 0.428571
vt 0.428571 0.428571
vt 0.500000 0.428571
vt 0.571429 0.428571
vt 0.642857 0.428571
vt 0.714286 0.428571
vt 0.785714 0.428571
vt 0.857143 0.428571
vt 0.928571 0.428571
vt 1.000000 0.428571
vt 0.000000 0.500000
vt 0.071429 0.500000
vt 0.142857 0.500000
vt 0.214286 0.500000
vt 0.285714 0.500000
vt 0.357143 0.500000
vt 0.428571 0.500000
vt 0.500000 0.500000
vt 0.571429 0.500000
vt 0.642857 0.500000
vt 0.714286 0.500000
vt 0.785714 0.500000
vt 0.857143 0.500000
vt 0.928571 0.500000
vt 1.000000 0.500000
vt 0.000000 0.571429
vt 0.071429 0.571429
vt 0.142857 0.571429
vt 0.214286 0.571429
vt 0.285714 0.571429
vt 0.357143 0.571429
vt 0.428571 0.571429
vt 0.500000 0.571429
vt 0.571429 0.571429
vt 0.642857 0.571429
vt 0.714286 0.571429
vt 0.785714 0.571429
vt 0.857143 0.571429
vt 0.928571 0.571429
vt 1.000000 0.571429
vt 0.000000 0.642857
vt 0.071429 0.642857
vt 0.142857 0.642857
vt 0.214286 0.642857
vt 0.285714 0.642857
vt 0.357143 0.642857
vt 0.428571 0.642857
vt 0.500000 0.642857
vt 0.571429 0.642857
vt 0.642857 0.642857
vt 0.714286 0.642857
vt 0.785714 0.642857
vt 0.857143 0.642857
vt 0.928571 0.642857
vt 1.000000 0.642857
vt 0.000000 0.714286
vt 0.071429 0.714286
vt 0.142857 0.714286
vt 0.214286 0.714286
vt 0.285714 0.714286
vt 0.357143 0.714286
vt 0.428571 0.714286
vt 0.500000 0.714286
vt 0.571429 0.714286
vt 0.642857 0.714286
vt 0.714286 0.714286
vt 0.785714 0.714286
vt 0.857143 0.714286
vt 0.928571 0.714286
vt 1.000000 0.714286
vt 0.000000 0.785714
vt 0.071429 0.785714
vt 0.142857 0.785714
vt 0.214286 0.785714
vt 0.285714 0.785714
vt 0.357143 0.785714
vt 0.428571 0.785714
vt 0.500000 0.785714
vt 0.571429 0.785714
vt 0.642857 0.785714
vt 0.714286 0.785714
vt 0.785714 0.785714
vt 0.857143 0.785714
vt 0.928571 0.785714
vt 1.000000 0.785714
vt 0.000000 0.857143
vt 0.071429 0.857143
vt 0.142857 0.857143
vt 0.214286 0.857143
vt 0.285714 0.857143
vt 0.357143 0.857143
vt 0.428571 0.857143
vt 0.500000 0.857143
vt 0.571429 0.857143
vt 0.642857 0.857143
vt 0.714286 0.857143
vt 0.785714 0.857143
vt 0.857143 0.857143
vt 0.928571 0.857143
vt 1.000000 0.857143
vt 0.000000 0.928571
vt 0.071429 0.928571
vt 0.142857 0.928571
vt 0.214286 0.928571
vt 0.285714 0.928571
vt 0.357143 0.928571
vt 0.428571 0.928571
vt 0.500000 0.928571
vt 0.571429 0.928571
vt 0.642857 0.928571
vt 0.714286 0.928571
vt 0.785714 0.928571
vt 0.857143 0.928571
vt 0.928571 0.928571
vt 1.000000 0.928571
vt 0.000000 1.000000
vt 0.071429 1.000000
vt 0.142857 1.000000
vt 0.214286 1.000000
vt 0.285714 1.000000
vt 0.357143 1.000000
vt 0.428571 1.000000
vt 0.500000 1.000000
vt 0.571429 1.000000
vt 0.642857 1.000000
vt 0.714286 1.000000
vt 0.785714 1.000000
vt 0.857143 1.000000
vt 0.928571 1.000000
vt 1.000000 1.000000
vn 0.000000 -1.000000 0.000000
vn 0.000000 -1.000000 0.000000
vn 0.000000 -1.000000 0.000000
vn 0.000000 -1.000000 0.000000
vn 0.000000 -1.000000 0.000000
vn 0.000000 -1.000000 0.000000
vn 0.000000 -1.000000 0.000000
vn 0.000000 -1.000000 0.000000
vn 0.000000 -1.000000 0.000000
vn 0.000000 -1.000000 0.000000
vn 0.000000 -1.000000 0.000000
vn 0.000000 -1.000000 0.000000
vn 0.000000 -1.000000 0.000000
vn 0.000000 -1.000000 0.000000
vn 0.000000 -1.000000 0.000000
vn 0.000000 -1.000000 0.000000
vn 0.000000 -1.000000 0.000000
vn 0.000000 -1.000000 0.000000
vn 0.000000 -1.000000 0.000000
vn 0.000000 -1.000000 0.000000
vn 0.000000 -1.000000 0.000000
vn 0.000000 -1.000000 0.000000
vn 0.000000 -1.000000 0.000000
vn 0.000000 -1.000000 0.000000
vn 0.000000 -1.000000 0.000000
vn 0.000000 -1.000000 0.000000
vn 0.000000 -1.000000 0.000000
vn 0.000000 -1.000000 0.000000
vn 0.000000 -1.000000 0.000000
vn 0.000000 -1.000000 0.000000
vn 0.000000 -1.000000 0.000000
vn 0.000000 -1.000000 0.000000
vn 0.000000 -1.000000 0.000000
vn 0.000000 -1.000000 0.000000
vn 0.000000 -1.000000 0.000000
vn 0.000000 -1.000000 0.000000
vn 0.000000 -1.000000 0.000000
vn 0.000000 -1.000000 0.000000
vn 0.000000 -1.000000 0.000000
vn 0.000000 -1.000000 0.000000
vn 0.000000 -1.000000 0.000000
vn 0.000000 -1.000000 0.000000
vn 0.000000 -1.000000 0.000000
vn 0.000000 -1.000000 0.000000
vn 0.000000 -1.000000 0.000000
vn 0.000000 -1.000000 0.000000
vn 0.000000 -1.000000 0.000000
vn 0.000000 -1.000000 0.000000
vn 0.000000 -1.000000 0.000000
vn 0.000000 -1.000000 0.000000
vn 0.000000 -1.000000 0.000000
vn 0.000000 -1.000000 0.000000
vn 0.000000 -1.000000 0.000000
vn 0.000000 -1.000000 0.000000
vn 0.000000 -1.000000 0.000000
vn 0.000000 -1.000000 0.000000
vn 0.000000 -1.000000 0.000000
vn 0.000000 -1.000000 0.000000
vn 0.000000 -1.000000 0.000000
vn 0.000000 -1.000000 0.000000
vn 0.000000 -1.000000 0.000000
vn 0.000000 -1.000000 0.000000
vn 0.000000 -1.000000 0.000000
vn 0.000000 -1.000000 0.000000
vn 0.000000 -1.000000 0.000000
vn 0.000000 -1.000000 0.000000
vn 0.000000 -1.000000 0.000000
vn 0.000000 -1.000000 0.000000
vn 0.000000 -1.000000 0.000000
vn 0.000000 -1.000000 0.000000
vn 0.000000 -1.000000 0.000000
vn 0.000000 -1.000000 0.000000
vn 0.000000 -1.000000 0.000000
vn 0.000000 -1.000000 0.000000
vn 0.000000 -1.000000 0.000000
vn 0.000000 -1.000000 0.000000
vn 0.000000 -1.000000 0.000000
vn 0.000000 -1.000000 0.000000
vn 0.000000 -1.000000 0.000000
vn 0.000000 -1.000000 0.000000
vn 0.000000 -1.000000 0.000000
vn 0.000000 -1.000000 0.000000
vn 0.000000 -1.000000 0.000000
vn 0.000000 -1.000000 0.000000
vn 0.000000 -1.000000 0.000000
vn 0.000000 -1.000000 0.000000
vn 0.000000 -1.000000 0.000000
vn 0.000000 -1.000000 0.000000
vn 0.000000 -1.000000 0.000000
vn 0.000000 -1.000000 0.000000
vn 0.000000 -1.000000 0.000000
vn 0.000000 -1.000000 0.000000
vn 0.000000 -1.000000 0.000000
vn 0.000000 -1.000000 0.000000
vn 0.000000 -1.000000 0.000000
vn 0.000000 -1.000000 0.000000
vn 0.000000 -1.000000 0.000000
vn 0.000000 -1.000000 0.000000
vn 0.000000 -1.000000 0.000000
vn 0.000000 -1.000000 0.000000
vn 0.000000 -1.000000 0.000000
vn 0.000000 -1.000000 0.000000
vn 0.000000 -1.000000 0.000000
vn 0.000000 -1.000000 0.000000
vn 0.000000 -1.000000 0.000000
vn 0.000000 -1.000000 0.000000
vn 0.000000 -1.000000 0.000000
vn 0.000000 -1.000000 0.000000
vn 0.000000 -1.000000 0.000000
vn 0.000000 -1.000000 0.000000
vn 0.000000 -1.000000 0.000000
vn 0.000000 -1.000000 0.000000
vn 0.000000 -1.000000 0.000000
vn 0.000000 -1.000000 0.000000
vn 0.000000 -1.000000 0.000000
vn 0.000000 -1.000000 0.000000
vn 0.000000 -1.000000 0.000000
vn 0.000000 -1.000000 0.000000
vn 0.000000 -1.000000 0.000000
vn 0.000000 -1.000000 0.000000
vn 0.000000 -1.000000 0.000000
vn 0.000000 -1.000000 0.000000
vn 0.000000 -1.000000 0.000000
vn 0.000000 -1.000000 0.000000
vn 0.000000 -1.000000 0.000000
vn 0.000000 -1.000000 0.000000
vn 0.000000 -1.000000 0.000000
vn 0.000000 -1.000000 0.000000
vn 0.000000 -1.000000 0.000000
vn 0.000000 -1.000000 0.000000
vn 0.000000 -1.000000 0.000000
vn 0.000000 -1.000000 0.000000
vn 0.000000 -1.000000 0.000000
vn 0.000000 -1.000000 0.000000
vn 0.000000 -1.000000 0.000000
vn 0.000000 -1.000000 0.000000
vn 0.000000 -1.000000 0.000000
vn 0.000000 -1.000000 0.000000
vn 0.000000 -1.000000 0.000000
vn 0.000000 -1.000000 0.000000
vn 0.000000 -1.000000 0.000000
vn 0.000000 -1.000000 0.000000
vn 0.000000 -1.000000 0.000000
vn 0.000000 -1.000000 0.000000
vn 0.000000 -1.000000 0.000000
vn 0.000000 -1.000000 0.000000
vn 0.000000 -1.000000 0.000000
vn 0.000000 -1.000000 0.000000
vn 0.000000 -1.000000 0.000000
vn 0.000000 -1.000000 0.000000
vn 0.000000 -1.000000 0.000000
vn 0.000000 -1.000000 0.000000
vn 0.000000 -1.000000 0.000000
vn 0.000000 -1.000000 0.000000
vn 0.000000 -1.000000 0.000000
vn 0.000000 -1.000000 0.000000
vn 0.000000 -1.000000 0.000000
vn 0.000000 -1.000000 0.000000
vn 0.000000 -1.000000 0.000000
vn 0.000000 -1.000000 0.000000
vn 0.000000 -1.000000 0.000000
vn 0.000000 -1.000000 0.000000
vn 0.000000 -1.000000 0.000000
vn 0.000000 -1.000000 0.000000
vn 0.000000 -1.000000 0.000000
vn 0.000000 -1.000000 0.000000
vn 0.000000 -1.000000 0.000000
vn 0.000000 -1.000000 0.000000
vn 0.000000 -1.000000 0.000000
vn 0.000000 -1.000000 0.000000
vn 0.000000 -1.000000 0.000000
vn 0.000000 -1.000000 0.000000
vn 0.000000 -1.000000 0.000000
vn 0.000000 -1.000000 0.000000
vn 0.000000 -1.000000 0.000000
vn 0.000000 -1.000000 0.000000
vn 0.000000 -1.000000 0.000000
vn 0.000000 -1.000000 0.000000
vn 0.000000 -1.000000 0.000000
vn 0.000000 -1.000000 0.000000
vn 0.000000 -1.000000 0.000000
vn 0.000000 -1.000000 0.000000
vn 0.000000 -1.000000 0.000000
vn 0.000000 -1.000000 0.000000
vn 0.000000 -1.000000 0.000000
vn 0.000000 -1.000000 0.000000
vn 0.000000 -1.000000 0.000000
vn 0.000000 -1.000000 0.000000
vn 0.000000 -1.000000 0.000000
vn 0.000000 -1.000000 0.000000
vn 0.000000 -1.000000 0.000000
vn 0.000000 -1.000000 0.000000
vn 0.000000 -1.000000 0.000000
vn 0.000000 -1.000000 0.000000
vn 0.000000 -1.000000 0.000000
vn 0.000000 -1.000000 0.000000
vn 0.000000 -1.000000 0.000000
vn 0.000000 -1.000000 0.000000
vn 0.000000 -1.000000 0.000000
vn 0.000000 -1.000000 0.000000
vn 0.000000 -1.000000 0.000000
vn 0.000000 -1.000000 0.000000
vn 0.000000 -1.000000 0.000000
vn 0.000000 -1.000000 0.000000
vn 0.000000 -1.000000 0.000000
vn 0.000000 -1.000000 0.000000
vn 0.000000 -1.000000 0.000000
vn 0.000000 -1.000000 0.000000
vn 0.000000 -1.000000 0.000000
vn 0.000000 -1.000000 0.000000
vn 0.000000 -1.000000 0.000000
vn 0.000000 -1.000000 0.000000
vn 0.000000 -1.000000 0.000000
vn 0.000000 -1.000000 0.000000
vn 0.000000 -1.000000 0.000000
vn 0.000000 -1.000000 0.000000
vn 0.000000 -1.000000 0.000000
vn 0.000000 -1.000000 0.000000
vn 0.000000 -1.000000 0.000000
vn 0.000000 -1.000000 0.000000
vn 0.000000 -1.000000 0.000000
vn 0.000000 -1.000000 0.000000
vn 0.000000 -1.000000 0.000000
vn 0.000000 -1.000000 0.000000
vn 0.000000 -1.000000 0.000000
s 1
g GRP_Architecture Backrooms_Level0_Master_GRP ENV_Ceiling_Tiles
usemtl M_Backrooms_CeilingTileSG
f 82/82/82 83/83/83 98/98/84 97/97/85
f 83/83/83 84/84/86 99/99/87 98/98/84
f 84/84/86 85/85/88 100/100/89 99/99/87
f 85/85/88 86/86/90 101/101/91 100/100/89
f 86/86/90 87/87/92 102/102/93 101/101/91
f 87/87/92 88/88/94 103/103/95 102/102/93
f 88/88/94 89/89/96 104/104/97 103/103/95
f 89/89/96 90/90/98 105/105/99 104/104/97
f 90/90/98 91/91/100 106/106/101 105/105/99
f 91/91/100 92/92/102 107/107/103 106/106/101
f 92/92/102 93/93/104 108/108/105 107/107/103
f 93/93/104 94/94/106 109/109/107 108/108/105
f 94/94/106 95/95/108 110/110/109 109/109/107
f 95/95/108 96/96/110 111/111/111 110/110/109
f 97/97/85 98/98/84 113/113/112 112/112/113
f 98/98/84 99/99/87 114/114/114 113/113/112
f 99/99/87 100/100/89 115/115/115 114/114/114
f 100/100/89 101/101/91 116/116/116 115/115/115
f 101/101/91 102/102/93 117/117/117 116/116/116
f 102/102/93 103/103/95 118/118/118 117/117/117
f 103/103/95 104/104/97 119/119/119 118/118/118
f 104/104/97 105/105/99 120/120/120 119/119/119
f 105/105/99 106/106/101 121/121/121 120/120/120
f 106/106/101 107/107/103 122/122/122 121/121/121
f 107/107/103 108/108/105 123/123/123 122/122/122
f 108/108/105 109/109/107 124/124/124 123/123/123
f 109/109/107 110/110/109 125/125/125 124/124/124
f 110/110/109 111/111/111 126/126/126 125/125/125
f 112/112/113 113/113/112 128/128/127 127/127/128
f 113/113/112 114/114/114 129/129/129 128/128/127
f 114/114/114 115/115/115 130/130/130 129/129/129
f 115/115/115 116/116/116 131/131/131 130/130/130
f 116/116/116 117/117/117 132/132/132 131/131/131
f 117/117/117 118/118/118 133/133/133 132/132/132
f 118/118/118 119/119/119 134/134/134 133/133/133
f 119/119/119 120/120/120 135/135/135 134/134/134
f 120/120/120 121/121/121 136/136/136 135/135/135
f 121/121/121 122/122/122 137/137/137 136/136/136
f 122/122/122 123/123/123 138/138/138 137/137/137
f 123/123/123 124/124/124 139/139/139 138/138/138
f 124/124/124 125/125/125 140/140/140 139/139/139
f 125/125/125 126/126/126 141/141/141 140/140/140
f 127/127/128 128/128/127 143/143/142 142/142/143
f 128/128/127 129/129/129 144/144/144 143/143/142
f 129/129/129 130/130/130 145/145/145 144/144/144
f 130/130/130 131/131/131 146/146/146 145/145/145
f 131/131/131 132/132/132 147/147/147 146/146/146
f 132/132/132 133/133/133 148/148/148 147/147/147
f 133/133/133 134/134/134 149/149/149 148/148/148
f 134/134/134 135/135/135 150/150/150 149/149/149
f 135/135/135 136/136/136 151/151/151 150/150/150
f 136/136/136 137/137/137 152/152/152 151/151/151
f 137/137/137 138/138/138 153/153/153 152/152/152
f 138/138/138 139/139/139 154/154/154 153/153/153
f 139/139/139 140/140/140 155/155/155 154/154/154
f 140/140/140 141/141/141 156/156/156 155/155/155
f 142/142/143 143/143/142 158/158/157 157/157/158
f 143/143/142 144/144/144 159/159/159 158/158/157
f 144/144/144 145/145/145 160/160/160 159/159/159
f 145/145/145 146/146/146 161/161/161 160/160/160
f 146/146/146 147/147/147 162/162/162 161/161/161
f 147/147/147 148/148/148 163/163/163 162/162/162
f 148/148/148 149/149/149 164/164/164 163/163/163
f 149/149/149 150/150/150 165/165/165 164/164/164
f 150/150/150 151/151/151 166/166/166 165/165/165
f 151/151/151 152/152/152 167/167/167 166/166/166
f 152/152/152 153/153/153 168/168/168 167/167/167
f 153/153/153 154/154/154 169/169/169 168/168/168
f 154/154/154 155/155/155 170/170/170 169/169/169
f 155/155/155 156/156/156 171/171/171 170/170/170
f 157/157/158 158/158/157 173/173/172 172/172/173
f 158/158/157 159/159/159 174/174/174 173/173/172
f 159/159/159 160/160/160 175/175/175 174/174/174
f 160/160/160 161/161/161 176/176/176 175/175/175
f 161/161/161 162/162/162 177/177/177 176/176/176
f 162/162/162 163/163/163 178/178/178 177/177/177
f 163/163/163 164/164/164 179/179/179 178/178/178
f 164/164/164 165/165/165 180/180/180 179/179/179
f 165/165/165 166/166/166 181/181/181 180/180/180
f 166/166/166 167/167/167 182/182/182 181/181/181
f 167/167/167 168/168/168 183/183/183 182/182/182
f 168/168/168 169/169/169 184/184/184 183/183/183
f 169/169/169 170/170/170 185/185/185 184/184/184
f 170/170/170 171/171/171 186/186/186 185/185/185
f 172/172/173 173/173/172 188/188/187 187/187/188
f 173/173/172 174/174/174 189/189/189 188/188/187
f 174/174/174 175/175/175 190/190/190 189/189/189
f 175/175/175 176/176/176 191/191/191 190/190/190
f 176/176/176 177/177/177 192/192/192 191/191/191
f 177/177/177 178/178/178 193/193/193 192/192/192
f 178/178/178 179/179/179 194/194/194 193/193/193
f 179/179/179 180/180/180 195/195/195 194/194/194
f 180/180/180 181/181/181 196/196/196 195/195/195
f 181/181/181 182/182/182 197/197/197 196/196/196
f 182/182/182 183/183/183 198/198/198 197/197/197
f 183/183/183 184/184/184 199/199/199 198/198/198
f 184/184/184 185/185/185 200/200/200 199/199/199
f 185/185/185 186/186/186 201/201/201 200/200/200
f 187/187/188 188/188/187 203/203/202 202/202/203
f 188/188/187 189/189/189 204/204/204 203/203/202
f 189/189/189 190/190/190 205/205/205 204/204/204
f 190/190/190 191/191/191 206/206/206 205/205/205
f 191/191/191 192/192/192 207/207/207 206/206/206
f 192/192/192 193/193/193 208/208/208 207/207/207
f 193/193/193 194/194/194 209/209/209 208/208/208
f 194/194/194 195/195/195 210/210/210 209/209/209
f 195/195/195 196/196/196 211/211/211 210/210/210
f 196/196/196 197/197/197 212/212/212 211/211/211
f 197/197/197 198/198/198 213/213/213 212/212/212
f 198/198/198 199/199/199 214/214/214 213/213/213
f 199/199/199 200/200/200 215/215/215 214/214/214
f 200/200/200 201/201/201 216/216/216 215/215/215
f 202/202/203 203/203/202 218/218/217 217/217/218
f 203/203/202 204/204/204 219/219/219 218/218/217
f 204/204/204 205/205/205 220/220/220 219/219/219
f 205/205/205 206/206/206 221/221/221 220/220/220
f 206/206/206 207/207/207 222/222/222 221/221/221
f 207/207/207 208/208/208 223/223/223 222/222/222
f 208/208/208 209/209/209 224/224/224 223/223/223
f 209/209/209 210/210/210 225/225/225 224/224/224
f 210/210/210 211/211/211 226/226/226 225/225/225
f 211/211/211 212/212/212 227/227/227 226/226/226
f 212/212/212 213/213/213 228/228/228 227/227/227
f 213/213/213 214/214/214 229/229/229 228/228/228
f 214/214/214 215/215/215 230/230/230 229/229/229
f 215/215/215 216/216/216 231/231/231 230/230/230
f 217/217/218 218/218/217 233/233/232 232/232/233
f 218/218/217 219/219/219 234/234/234 233/233/232
f 219/219/219 220/220/220 235/235/235 234/234/234
f 220/220/220 221/221/221 236/236/236 235/235/235
f 221/221/221 222/222/222 237/237/237 236/236/236
f 222/222/222 223/223/223 238/238/238 237/237/237
f 223/223/223 224/224/224 239/239/239 238/238/238
f 224/224/224 225/225/225 240/240/240 239/239/239
f 225/225/225 226/226/226 241/241/241 240/240/240
f 226/226/226 227/227/227 242/242/242 241/241/241
f 227/227/227 228/228/228 243/243/243 242/242/242
f 228/228/228 229/229/229 244/244/244 243/243/243
f 229/229/229 230/230/230 245/245/245 244/244/244
f 230/230/230 231/231/231 246/246/246 245/245/245
f 232/232/233 233/233/232 248/248/247 247/247/248
f 233/233/232 234/234/234 249/249/249 248/248/247
f 234/234/234 235/235/235 250/250/250 249/249/249
f 235/235/235 236/236/236 251/251/251 250/250/250
f 236/236/236 237/237/237 252/252/252 251/251/251
f 237/237/237 238/238/238 253/253/253 252/252/252
f 238/238/238 239/239/239 254/254/254 253/253/253
f 239/239/239 240/240/240 255/255/255 254/254/254
f 240/240/240 241/241/241 256/256/256 255/255/255
f 241/241/241 242/242/242 257/257/257 256/256/256
f 242/242/242 243/243/243 258/258/258 257/257/257
f 243/243/243 244/244/244 259/259/259 258/258/258
f 244/244/244 245/245/245 260/260/260 259/259/259
f 245/245/245 246/246/246 261/261/261 260/260/260
f 247/247/248 248/248/247 263/263/262 262/262/263
f 248/248/247 249/249/249 264/264/264 263/263/262
f 249/249/249 250/250/250 265/265/265 264/264/264
f 250/250/250 251/251/251 266/266/266 265/265/265
f 251/251/251 252/252/252 267/267/267 266/266/266
f 252/252/252 253/253/253 268/268/268 267/267/267
f 253/253/253 254/254/254 269/269/269 268/268/268
f 254/254/254 255/255/255 270/270/270 269/269/269
f 255/255/255 256/256/256 271/271/271 270/270/270
f 256/256/256 257/257/257 272/272/272 271/271/271
f 257/257/257 258/258/258 273/273/273 272/272/272
f 258/258/258 259/259/259 274/274/274 273/273/273
f 259/259/259 260/260/260 275/275/275 274/274/274
f 260/260/260 261/261/261 276/276/276 275/275/275
f 262/262/263 263/263/262 278/278/277 277/277/278
f 263/263/262 264/264/264 279/279/279 278/278/277
f 264/264/264 265/265/265 280/280/280 279/279/279
f 265/265/265 266/266/266 281/281/281 280/280/280
f 266/266/266 267/267/267 282/282/282 281/281/281
f 267/267/267 268/268/268 283/283/283 282/282/282
f 268/268/268 269/269/269 284/284/284 283/283/283
f 269/269/269 270/270/270 285/285/285 284/284/284
f 270/270/270 271/271/271 286/286/286 285/285/285
f 271/271/271 272/272/272 287/287/287 286/286/286
f 272/272/272 273/273/273 288/288/288 287/287/287
f 273/273/273 274/274/274 289/289/289 288/288/288
f 274/274/274 275/275/275 290/290/290 289/289/289
f 275/275/275 276/276/276 291/291/291 290/290/290
f 277/277/278 278/278/277 293/293/292 292/292/293
f 278/278/277 279/279/279 294/294/294 293/293/292
f 279/279/279 280/280/280 295/295/295 294/294/294
f 280/280/280 281/281/281 296/296/296 295/295/295
f 281/281/281 282/282/282 297/297/297 296/296/296
f 282/282/282 283/283/283 298/298/298 297/297/297
f 283/283/283 284/284/284 299/299/299 298/298/298
f 284/284/284 285/285/285 300/300/300 299/299/299
f 285/285/285 286/286/286 301/301/301 300/300/300
f 286/286/286 287/287/287 302/302/302 301/301/301
f 287/287/287 288/288/288 303/303/303 302/302/302
f 288/288/288 289/289/289 304/304/304 303/303/303
f 289/289/289 290/290/290 305/305/305 304/304/304
f 290/290/290 291/291/291 306/306/306 305/305/305
g default
v -420.000000 0.000000 -391.000000
v 420.000000 0.000000 -391.000000
v -420.000000 300.000000 -391.000000
v 420.000000 300.000000 -391.000000
v -420.000000 300.000000 -409.000000
v 420.000000 300.000000 -409.000000
v -420.000000 0.000000 -409.000000
v 420.000000 0.000000 -409.000000
vt 0.330000 0.000000
vt 0.663333 0.000000
vt 0.330000 0.250000
vt 0.663333 0.250000
vt 0.330000 0.500000
vt 0.663333 0.500000
vt 0.330000 0.750000
vt 0.663333 0.750000
vt 0.330000 1.000000
vt 0.663333 1.000000
vt 1.000000 0.000000
vt 1.000000 0.250000
vt 0.000000 0.000000
vt 0.000000 0.250000
vn 0.000000 0.000000 1.000000
vn 0.000000 0.000000 1.000000
vn 0.000000 0.000000 1.000000
vn 0.000000 0.000000 1.000000
vn 0.000000 1.000000 0.000000
vn 0.000000 1.000000 0.000000
vn 0.000000 1.000000 0.000000
vn 0.000000 1.000000 0.000000
vn 0.000000 0.000000 -1.000000
vn 0.000000 0.000000 -1.000000
vn 0.000000 0.000000 -1.000000
vn 0.000000 0.000000 -1.000000
vn 0.000000 -1.000000 0.000000
vn 0.000000 -1.000000 0.000000
vn 0.000000 -1.000000 0.000000
vn 0.000000 -1.000000 0.000000
vn 1.000000 0.000000 0.000000
vn 1.000000 0.000000 0.000000
vn 1.000000 0.000000 0.000000
vn 1.000000 0.000000 0.000000
vn -1.000000 0.000000 0.000000
vn -1.000000 0.000000 0.000000
vn -1.000000 0.000000 0.000000
vn -1.000000 0.000000 0.000000
s off
g GRP_Architecture Backrooms_Level0_Master_GRP ENV_Wall_Back
usemtl M_Backrooms_WallpaperSG
f 307/307/307 308/308/308 310/310/309 309/309/310
f 309/309/311 310/310/312 312/312/313 311/311/314
f 311/311/315 312/312/316 314/314/317 313/313/318
f 313/313/319 314/314/320 308/316/321 307/315/322
f 308/308/323 314/317/324 312/318/325 310/310/326
f 313/319/327 307/307/328 309/309/329 311/320/330
g default
v -420.000000 0.000000 -391.000000
v 420.000000 0.000000 -391.000000
v -420.000000 12.000000 -391.000000
v 420.000000 12.000000 -391.000000
v -420.000000 12.000000 -395.000000
v 420.000000 12.000000 -395.000000
v -420.000000 0.000000 -395.000000
v 420.000000 0.000000 -395.000000
vt 0.330000 0.000000
vt 0.663333 0.000000
vt 0.330000 0.250000
vt 0.663333 0.250000
vt 0.330000 0.500000
vt 0.663333 0.500000
vt 0.330000 0.750000
vt 0.663333 0.750000
vt 0.330000 1.000000
vt 0.663333 1.000000
vt 1.000000 0.000000
vt 1.000000 0.250000
vt 0.000000 0.000000
vt 0.000000 0.250000
vn 0.000000 0.000000 1.000000
vn 0.000000 0.000000 1.000000
vn 0.000000 0.000000 1.000000
vn 0.000000 0.000000 1.000000
vn 0.000000 1.000000 0.000000
vn 0.000000 1.000000 0.000000
vn 0.000000 1.000000 0.000000
vn 0.000000 1.000000 0.000000
vn 0.000000 0.000000 -1.000000
vn 0.000000 0.000000 -1.000000
vn 0.000000 0.000000 -1.000000
vn 0.000000 0.000000 -1.000000
vn 0.000000 -1.000000 0.000000
vn 0.000000 -1.000000 0.000000
vn 0.000000 -1.000000 0.000000
vn 0.000000 -1.000000 0.000000
vn 1.000000 0.000000 0.000000
vn 1.000000 0.000000 0.000000
vn 1.000000 0.000000 0.000000
vn 1.000000 0.000000 0.000000
vn -1.000000 0.000000 0.000000
vn -1.000000 0.000000 0.000000
vn -1.000000 0.000000 0.000000
vn -1.000000 0.000000 0.000000
s off
g GRP_Architecture Backrooms_Level0_Master_GRP ENV_Wall_Back_Baseboard
usemtl M_Retro_Walnut_WoodSG
f 315/321/331 316/322/332 318/324/333 317/323/334
f 317/323/335 318/324/336 320/326/337 319/325/338
f 319/325/339 320/326/340 322/328/341 321/327/342
f 321/327/343 322/328/344 316/330/345 315/329/346
f 316/322/347 322/331/348 320/332/349 318/324/350
f 321/333/351 315/321/352 317/323/353 319/334/354
g default
v -409.000000 0.000000 420.000000
v -391.000000 0.000000 420.000000
v -409.000000 300.000000 420.000000
v -391.000000 300.000000 420.000000
v -409.000000 300.000000 -420.000000
v -391.000000 300.000000 -420.000000
v -409.000000 0.000000 -420.000000
v -391.000000 0.000000 -420.000000
vt 0.330000 0.000000
vt 0.663333 0.000000
vt 0.330000 0.250000
vt 0.663333 0.250000
vt 0.330000 0.500000
vt 0.663333 0.500000
vt 0.330000 0.750000
vt 0.663333 0.750000
vt 0.330000 1.000000
vt 0.663333 1.000000
vt 1.000000 0.000000
vt 1.000000 0.250000
vt 0.000000 0.000000
vt 0.000000 0.250000
vn 0.000000 0.000000 1.000000
vn 0.000000 0.000000 1.000000
vn 0.000000 0.000000 1.000000
vn 0.000000 0.000000 1.000000
vn 0.000000 1.000000 0.000000
vn 0.000000 1.000000 0.000000
vn 0.000000 1.000000 0.000000
vn 0.000000 1.000000 0.000000
vn 0.000000 0.000000 -1.000000
vn 0.000000 0.000000 -1.000000
vn 0.000000 0.000000 -1.000000
vn 0.000000 0.000000 -1.000000
vn 0.000000 -1.000000 0.000000
vn 0.000000 -1.000000 0.000000
vn 0.000000 -1.000000 0.000000
vn 0.000000 -1.000000 0.000000
vn 1.000000 0.000000 0.000000
vn 1.000000 0.000000 0.000000
vn 1.000000 0.000000 0.000000
vn 1.000000 0.000000 0.000000
vn -1.000000 0.000000 0.000000
vn -1.000000 0.000000 0.000000
vn -1.000000 0.000000 0.000000
vn -1.000000 0.000000 0.000000
s off
g GRP_Architecture Backrooms_Level0_Master_GRP ENV_Wall_Left
usemtl M_Backrooms_WallpaperSG
f 323/335/355 324/336/356 326/338/357 325/337/358
f 325/337/359 326/338/360 328/340/361 327/339/362
f 327/339/363 328/340/364 330/342/365 329/341/366
f 329/341/367 330/342/368 324/344/369 323/343/370
f 324/336/371 330/345/372 328/346/373 326/338/374
f 329/347/375 323/335/376 325/337/377 327/348/378
g default
v -391.000000 0.000000 420.000000
v -391.000000 0.000000 -420.000000
v -391.000000 12.000000 420.000000
v -391.000000 12.000000 -420.000000
v -395.000000 12.000000 420.000000
v -395.000000 12.000000 -420.000000
v -395.000000 0.000000 420.000000
v -395.000000 0.000000 -420.000000
vt 0.330000 0.000000
vt 0.663333 0.000000
vt 0.330000 0.250000
vt 0.663333 0.250000
vt 0.330000 0.500000
vt 0.663333 0.500000
vt 0.330000 0.750000
vt 0.663333 0.750000
vt 0.330000 1.000000
vt 0.663333 1.000000
vt 1.000000 0.000000
vt 1.000000 0.250000
vt 0.000000 0.000000
vt 0.000000 0.250000
vn 1.000000 0.000000 0.000000
vn 1.000000 0.000000 0.000000
vn 1.000000 0.000000 0.000000
vn 1.000000 0.000000 0.000000
vn 0.000000 1.000000 0.000000
vn 0.000000 1.000000 0.000000
vn 0.000000 1.000000 0.000000
vn 0.000000 1.000000 0.000000
vn -1.000000 0.000000 -0.000000
vn -1.000000 0.000000 -0.000000
vn -1.000000 0.000000 -0.000000
vn -1.000000 0.000000 -0.000000
vn 0.000000 -1.000000 0.000000
vn 0.000000 -1.000000 0.000000
vn 0.000000 -1.000000 0.000000
vn 0.000000 -1.000000 0.000000
vn 0.000000 0.000000 -1.000000
vn 0.000000 0.000000 -1.000000
vn 0.000000 0.000000 -1.000000
vn 0.000000 0.000000 -1.000000
vn 0.000000 0.000000 1.000000
vn 0.000000 0.000000 1.000000
vn 0.000000 0.000000 1.000000
vn 0.000000 0.000000 1.000000
s off
g GRP_Architecture Backrooms_Level0_Master_GRP ENV_Wall_Left_Baseboard
usemtl M_Retro_Walnut_WoodSG
f 331/349/379 332/350/380 334/352/381 333/351/382
f 333/351/383 334/352/384 336/354/385 335/353/386
f 335/353/387 336/354/388 338/356/389 337/355/390
f 337/355/391 338/356/392 332/358/393 331/357/394
f 332/350/395 338/359/396 336/360/397 334/352/398
f 337/361/399 331/349/400 333/351/401 335/362/402
g default
v 391.000000 0.000000 420.000000
v 409.000000 0.000000 420.000000
v 391.000000 300.000000 420.000000
v 409.000000 300.000000 420.000000
v 391.000000 300.000000 -420.000000
v 409.000000 300.000000 -420.000000
v 391.000000 0.000000 -420.000000
v 409.000000 0.000000 -420.000000
vt 0.330000 0.000000
vt 0.663333 0.000000
vt 0.330000 0.250000
vt 0.663333 0.250000
vt 0.330000 0.500000
vt 0.663333 0.500000
vt 0.330000 0.750000
vt 0.663333 0.750000
vt 0.330000 1.000000
vt 0.663333 1.000000
vt 1.000000 0.000000
vt 1.000000 0.250000
vt 0.000000 0.000000
vt 0.000000 0.250000
vn 0.000000 0.000000 1.000000
vn 0.000000 0.000000 1.000000
vn 0.000000 0.000000 1.000000
vn 0.000000 0.000000 1.000000
vn 0.000000 1.000000 0.000000
vn 0.000000 1.000000 0.000000
vn 0.000000 1.000000 0.000000
vn 0.000000 1.000000 0.000000
vn 0.000000 0.000000 -1.000000
vn 0.000000 0.000000 -1.000000
vn 0.000000 0.000000 -1.000000
vn 0.000000 0.000000 -1.000000
vn 0.000000 -1.000000 0.000000
vn 0.000000 -1.000000 0.000000
vn 0.000000 -1.000000 0.000000
vn 0.000000 -1.000000 0.000000
vn 1.000000 0.000000 0.000000
vn 1.000000 0.000000 0.000000
vn 1.000000 0.000000 0.000000
vn 1.000000 0.000000 0.000000
vn -1.000000 0.000000 0.000000
vn -1.000000 0.000000 0.000000
vn -1.000000 0.000000 0.000000
vn -1.000000 0.000000 0.000000
s off
g GRP_Architecture Backrooms_Level0_Master_GRP ENV_Wall_Right
usemtl M_Backrooms_WallpaperSG
f 339/363/403 340/364/404 342/366/405 341/365/406
f 341/365/407 342/366/408 344/368/409 343/367/410
f 343/367/411 344/368/412 346/370/413 345/369/414
f 345/369/415 346/370/416 340/372/417 339/371/418
f 340/364/419 346/373/420 344/374/421 342/366/422
f 345/375/423 339/363/424 341/365/425 343/376/426
g default
v 395.000000 0.000000 420.000000
v 395.000000 0.000000 -420.000000
v 395.000000 12.000000 420.000000
v 395.000000 12.000000 -420.000000
v 391.000000 12.000000 420.000000
v 391.000000 12.000000 -420.000000
v 391.000000 0.000000 420.000000
v 391.000000 0.000000 -420.000000
vt 0.330000 0.000000
vt 0.663333 0.000000
vt 0.330000 0.250000
vt 0.663333 0.250000
vt 0.330000 0.500000
vt 0.663333 0.500000
vt 0.330000 0.750000
vt 0.663333 0.750000
vt 0.330000 1.000000
vt 0.663333 1.000000
vt 1.000000 0.000000
vt 1.000000 0.250000
vt 0.000000 0.000000
vt 0.000000 0.250000
vn 1.000000 0.000000 0.000000
vn 1.000000 0.000000 0.000000
vn 1.000000 0.000000 0.000000
vn 1.000000 0.000000 0.000000
vn 0.000000 1.000000 0.000000
vn 0.000000 1.000000 0.000000
vn 0.000000 1.000000 0.000000
vn 0.000000 1.000000 0.000000
vn -1.000000 0.000000 -0.000000
vn -1.000000 0.000000 -0.000000
vn -1.000000 0.000000 -0.000000
vn -1.000000 0.000000 -0.000000
vn 0.000000 -1.000000 0.000000
vn 0.000000 -1.000000 0.000000
vn 0.000000 -1.000000 0.000000
vn 0.000000 -1.000000 0.000000
vn 0.000000 0.000000 -1.000000
vn 0.000000 0.000000 -1.000000
vn 0.000000 0.000000 -1.000000
vn 0.000000 0.000000 -1.000000
vn 0.000000 0.000000 1.000000
vn 0.000000 0.000000 1.000000
vn 0.000000 0.000000 1.000000
vn 0.000000 0.000000 1.000000
s off
g GRP_Architecture Backrooms_Level0_Master_GRP ENV_Wall_Right_Baseboard
usemtl M_Retro_Walnut_WoodSG
f 347/377/427 348/378/428 350/380/429 349/379/430
f 349/379/431 350/380/432 352/382/433 351/381/434
f 351/381/435 352/382/436 354/384/437 353/383/438
f 353/383/439 354/384/440 348/386/441 347/385/442
f 348/378/443 354/387/444 352/388/445 350/380/446
f 353/389/447 347/377/448 349/379/449 351/390/450
g default
v 100.000000 0.000000 120.000000
v 180.000000 0.000000 120.000000
v 100.000000 300.000000 120.000000
v 180.000000 300.000000 120.000000
v 100.000000 300.000000 40.000000
v 180.000000 300.000000 40.000000
v 100.000000 0.000000 40.000000
v 180.000000 0.000000 40.000000
vt 0.330000 0.000000
vt 0.663333 0.000000
vt 0.330000 0.250000
vt 0.663333 0.250000
vt 0.330000 0.500000
vt 0.663333 0.500000
vt 0.330000 0.750000
vt 0.663333 0.750000
vt 0.330000 1.000000
vt 0.663333 1.000000
vt 1.000000 0.000000
vt 1.000000 0.250000
vt 0.000000 0.000000
vt 0.000000 0.250000
vn 0.000000 0.000000 1.000000
vn 0.000000 0.000000 1.000000
vn 0.000000 0.000000 1.000000
vn 0.000000 0.000000 1.000000
vn 0.000000 1.000000 0.000000
vn 0.000000 1.000000 0.000000
vn 0.000000 1.000000 0.000000
vn 0.000000 1.000000 0.000000
vn 0.000000 0.000000 -1.000000
vn 0.000000 0.000000 -1.000000
vn 0.000000 0.000000 -1.000000
vn 0.000000 0.000000 -1.000000
vn 0.000000 -1.000000 0.000000
vn 0.000000 -1.000000 0.000000
vn 0.000000 -1.000000 0.000000
vn 0.000000 -1.000000 0.000000
vn 1.000000 0.000000 0.000000
vn 1.000000 0.000000 0.000000
vn 1.000000 0.000000 0.000000
vn 1.000000 0.000000 0.000000
vn -1.000000 0.000000 0.000000
vn -1.000000 0.000000 0.000000
vn -1.000000 0.000000 0.000000
vn -1.000000 0.000000 0.000000
s off
g GRP_Architecture Backrooms_Level0_Master_GRP ENV_Center_Pillar
usemtl M_Backrooms_WallpaperSG
f 355/391/451 356/392/452 358/394/453 357/393/454
f 357/393/455 358/394/456 360/396/457 359/395/458
f 359/395/459 360/396/460 362/398/461 361/397/462
f 361/397/463 362/398/464 356/400/465 355/399/466
f 356/392/467 362/401/468 360/402/469 358/394/470
f 361/403/471 355/391/472 357/393/473 359/404/474
g default
v 97.000000 0.000000 123.000000
v 183.000000 0.000000 123.000000
v 97.000000 12.000000 123.000000
v 183.000000 12.000000 123.000000
v 97.000000 12.000000 37.000000
v 183.000000 12.000000 37.000000
v 97.000000 0.000000 37.000000
v 183.000000 0.000000 37.000000
vt 0.330000 0.000000
vt 0.663333 0.000000
vt 0.330000 0.250000
vt 0.663333 0.250000
vt 0.330000 0.500000
vt 0.663333 0.500000
vt 0.330000 0.750000
vt 0.663333 0.750000
vt 0.330000 1.000000
vt 0.663333 1.000000
vt 1.000000 0.000000
vt 1.000000 0.250000
vt 0.000000 0.000000
vt 0.000000 0.250000
vn 0.000000 0.000000 1.000000
vn 0.000000 0.000000 1.000000
vn 0.000000 0.000000 1.000000
vn 0.000000 0.000000 1.000000
vn 0.000000 1.000000 0.000000
vn 0.000000 1.000000 0.000000
vn 0.000000 1.000000 0.000000
vn 0.000000 1.000000 0.000000
vn 0.000000 0.000000 -1.000000
vn 0.000000 0.000000 -1.000000
vn 0.000000 0.000000 -1.000000
vn 0.000000 0.000000 -1.000000
vn 0.000000 -1.000000 0.000000
vn 0.000000 -1.000000 0.000000
vn 0.000000 -1.000000 0.000000
vn 0.000000 -1.000000 0.000000
vn 1.000000 0.000000 0.000000
vn 1.000000 0.000000 0.000000
vn 1.000000 0.000000 0.000000
vn 1.000000 0.000000 0.000000
vn -1.000000 0.000000 0.000000
vn -1.000000 0.000000 0.000000
vn -1.000000 0.000000 0.000000
vn -1.000000 0.000000 0.000000
s off
g GRP_Architecture Backrooms_Level0_Master_GRP ENV_Center_Pillar_Baseboard
usemtl M_Retro_Walnut_WoodSG
f 363/405/475 364/406/476 366/408/477 365/407/478
f 365/407/479 366/408/480 368/410/481 367/409/482
f 367/409/483 368/410/484 370/412/485 369/411/486
f 369/411/487 370/412/488 364/414/489 363/413/490
f 364/406/491 370/415/492 368/416/493 366/408/494
f 369/417/495 363/405/496 365/407/497 367/418/498
g default
v -420.000000 0.000000 420.000000
v -315.000000 0.000000 420.000000
v -210.000000 0.000000 420.000000
v -105.000000 0.000000 420.000000
v 0.000000 0.000000 420.000000
v 105.000000 0.000000 420.000000
v 210.000000 0.000000 420.000000
v 315.000000 0.000000 420.000000
v 420.000000 0.000000 420.000000
v -420.000000 0.000000 315.000000
v -315.000000 0.000000 315.000000
v -210.000000 0.000000 315.000000
v -105.000000 0.000000 315.000000
v 0.000000 0.000000 315.000000
v 105.000000 0.000000 315.000000
v 210.000000 0.000000 315.000000
v 315.000000 0.000000 315.000000
v 420.000000 0.000000 315.000000
v -420.000000 0.000000 210.000000
v -315.000000 0.000000 210.000000
v -210.000000 0.000000 210.000000
v -105.000000 0.000000 210.000000
v 0.000000 0.000000 210.000000
v 105.000000 0.000000 210.000000
v 210.000000 0.000000 210.000000
v 315.000000 0.000000 210.000000
v 420.000000 0.000000 210.000000
v -420.000000 0.000000 105.000000
v -315.000000 0.000000 105.000000
v -210.000000 0.000000 105.000000
v -105.000000 0.000000 105.000000
v 0.000000 0.000000 105.000000
v 105.000000 0.000000 105.000000
v 210.000000 0.000000 105.000000
v 315.000000 0.000000 105.000000
v 420.000000 0.000000 105.000000
v -420.000000 0.000000 0.000000
v -315.000000 0.000000 0.000000
v -210.000000 0.000000 0.000000
v -105.000000 0.000000 0.000000
v 0.000000 0.000000 0.000000
v 105.000000 0.000000 0.000000
v 210.000000 0.000000 0.000000
v 315.000000 0.000000 0.000000
v 420.000000 0.000000 0.000000
v -420.000000 0.000000 -105.000000
v -315.000000 0.000000 -105.000000
v -210.000000 0.000000 -105.000000
v -105.000000 0.000000 -105.000000
v 0.000000 0.000000 -105.000000
v 105.000000 0.000000 -105.000000
v 210.000000 0.000000 -105.000000
v 315.000000 0.000000 -105.000000
v 420.000000 0.000000 -105.000000
v -420.000000 0.000000 -210.000000
v -315.000000 0.000000 -210.000000
v -210.000000 0.000000 -210.000000
v -105.000000 0.000000 -210.000000
v 0.000000 0.000000 -210.000000
v 105.000000 0.000000 -210.000000
v 210.000000 0.000000 -210.000000
v 315.000000 0.000000 -210.000000
v 420.000000 0.000000 -210.000000
v -420.000000 0.000000 -315.000000
v -315.000000 0.000000 -315.000000
v -210.000000 0.000000 -315.000000
v -105.000000 0.000000 -315.000000
v 0.000000 0.000000 -315.000000
v 105.000000 0.000000 -315.000000
v 210.000000 0.000000 -315.000000
v 315.000000 0.000000 -315.000000
v 420.000000 0.000000 -315.000000
v -420.000000 0.000000 -420.000000
v -315.000000 0.000000 -420.000000
v -210.000000 0.000000 -420.000000
v -105.000000 0.000000 -420.000000
v 0.000000 0.000000 -420.000000
v 105.000000 0.000000 -420.000000
v 210.000000 0.000000 -420.000000
v 315.000000 0.000000 -420.000000
v 420.000000 0.000000 -420.000000
vt 0.000000 0.000000
vt 0.125000 0.000000
vt 0.250000 0.000000
vt 0.375000 0.000000
vt 0.500000 0.000000
vt 0.625000 0.000000
vt 0.750000 0.000000
vt 0.875000 0.000000
vt 1.000000 0.000000
vt 0.000000 0.125000
vt 0.125000 0.125000
vt 0.250000 0.125000
vt 0.375000 0.125000
vt 0.500000 0.125000
vt 0.625000 0.125000
vt 0.750000 0.125000
vt 0.875000 0.125000
vt 1.000000 0.125000
vt 0.000000 0.250000
vt 0.125000 0.250000
vt 0.250000 0.250000
vt 0.375000 0.250000
vt 0.500000 0.250000
vt 0.625000 0.250000
vt 0.750000 0.250000
vt 0.875000 0.250000
vt 1.000000 0.250000
vt 0.000000 0.375000
vt 0.125000 0.375000
vt 0.250000 0.375000
vt 0.375000 0.375000
vt 0.500000 0.375000
vt 0.625000 0.375000
vt 0.750000 0.375000
vt 0.875000 0.375000
vt 1.000000 0.375000
vt 0.000000 0.500000
vt 0.125000 0.500000
vt 0.250000 0.500000
vt 0.375000 0.500000
vt 0.500000 0.500000
vt 0.625000 0.500000
vt 0.750000 0.500000
vt 0.875000 0.500000
vt 1.000000 0.500000
vt 0.000000 0.625000
vt 0.125000 0.625000
vt 0.250000 0.625000
vt 0.375000 0.625000
vt 0.500000 0.625000
vt 0.625000 0.625000
vt 0.750000 0.625000
vt 0.875000 0.625000
vt 1.000000 0.625000
vt 0.000000 0.750000
vt 0.125000 0.750000
vt 0.250000 0.750000
vt 0.375000 0.750000
vt 0.500000 0.750000
vt 0.625000 0.750000
vt 0.750000 0.750000
vt 0.875000 0.750000
vt 1.000000 0.750000
vt 0.000000 0.875000
vt 0.125000 0.875000
vt 0.250000 0.875000
vt 0.375000 0.875000
vt 0.500000 0.875000
vt 0.625000 0.875000
vt 0.750000 0.875000
vt 0.875000 0.875000
vt 1.000000 0.875000
vt 0.000000 1.000000
vt 0.125000 1.000000
vt 0.250000 1.000000
vt 0.375000 1.000000
vt 0.500000 1.000000
vt 0.625000 1.000000
vt 0.750000 1.000000
vt 0.875000 1.000000
vt 1.000000 1.000000
vn 0.000000 1.000000 0.000000
vn 0.000000 1.000000 0.000000
vn 0.000000 1.000000 0.000000
vn 0.000000 1.000000 0.000000
vn 0.000000 1.000000 0.000000
vn 0.000000 1.000000 0.000000
vn 0.000000 1.000000 0.000000
vn 0.000000 1.000000 0.000000
vn 0.000000 1.000000 0.000000
vn 0.000000 1.000000 0.000000
vn 0.000000 1.000000 0.000000
vn 0.000000 1.000000 0.000000
vn 0.000000 1.000000 0.000000
vn 0.000000 1.000000 0.000000
vn 0.000000 1.000000 0.000000
vn 0.000000 1.000000 0.000000
vn 0.000000 1.000000 0.000000
vn 0.000000 1.000000 0.000000
vn 0.000000 1.000000 0.000000
vn 0.000000 1.000000 0.000000
vn 0.000000 1.000000 0.000000
vn 0.000000 1.000000 0.000000
vn 0.000000 1.000000 0.000000
vn 0.000000 1.000000 0.000000
vn 0.000000 1.000000 0.000000
vn 0.000000 1.000000 0.000000
vn 0.000000 1.000000 0.000000
vn 0.000000 1.000000 0.000000
vn 0.000000 1.000000 0.000000
vn 0.000000 1.000000 0.000000
vn 0.000000 1.000000 0.000000
vn 0.000000 1.000000 0.000000
vn 0.000000 1.000000 0.000000
vn 0.000000 1.000000 0.000000
vn 0.000000 1.000000 0.000000
vn 0.000000 1.000000 0.000000
vn 0.000000 1.000000 0.000000
vn 0.000000 1.000000 0.000000
vn 0.000000 1.000000 0.000000
vn 0.000000 1.000000 0.000000
vn 0.000000 1.000000 0.000000
vn 0.000000 1.000000 0.000000
vn 0.000000 1.000000 0.000000
vn 0.000000 1.000000 0.000000
vn 0.000000 1.000000 0.000000
vn 0.000000 1.000000 0.000000
vn 0.000000 1.000000 0.000000
vn 0.000000 1.000000 0.000000
vn 0.000000 1.000000 0.000000
vn 0.000000 1.000000 0.000000
vn 0.000000 1.000000 0.000000
vn 0.000000 1.000000 0.000000
vn 0.000000 1.000000 0.000000
vn 0.000000 1.000000 0.000000
vn 0.000000 1.000000 0.000000
vn 0.000000 1.000000 0.000000
vn 0.000000 1.000000 0.000000
vn 0.000000 1.000000 0.000000
vn 0.000000 1.000000 0.000000
vn 0.000000 1.000000 0.000000
vn 0.000000 1.000000 0.000000
vn 0.000000 1.000000 0.000000
vn 0.000000 1.000000 0.000000
vn 0.000000 1.000000 0.000000
vn 0.000000 1.000000 0.000000
vn 0.000000 1.000000 0.000000
vn 0.000000 1.000000 0.000000
vn 0.000000 1.000000 0.000000
vn 0.000000 1.000000 0.000000
vn 0.000000 1.000000 0.000000
vn 0.000000 1.000000 0.000000
vn 0.000000 1.000000 0.000000
vn 0.000000 1.000000 0.000000
vn 0.000000 1.000000 0.000000
vn 0.000000 1.000000 0.000000
vn 0.000000 1.000000 0.000000
vn 0.000000 1.000000 0.000000
vn 0.000000 1.000000 0.000000
vn 0.000000 1.000000 0.000000
vn 0.000000 1.000000 0.000000
vn 0.000000 1.000000 0.000000
s 1
g ENV_Floor_Carpet GRP_Architecture Backrooms_Level0_Master_GRP
f 371/419/499 372/420/500 381/429/501 380/428/502
f 372/420/500 373/421/503 382/430/504 381/429/501
f 373/421/503 374/422/505 383/431/506 382/430/504
f 374/422/505 375/423/507 384/432/508 383/431/506
f 375/423/507 376/424/509 385/433/510 384/432/508
f 376/424/509 377/425/511 386/434/512 385/433/510
f 377/425/511 378/426/513 387/435/514 386/434/512
f 378/426/513 379/427/515 388/436/516 387/435/514
f 380/428/502 381/429/501 390/438/517 389/437/518
f 381/429/501 382/430/504 391/439/519 390/438/517
f 382/430/504 383/431/506 392/440/520 391/439/519
f 383/431/506 384/432/508 393/441/521 392/440/520
f 384/432/508 385/433/510 394/442/522 393/441/521
f 385/433/510 386/434/512 395/443/523 394/442/522
f 386/434/512 387/435/514 396/444/524 395/443/523
f 387/435/514 388/436/516 397/445/525 396/444/524
f 389/437/518 390/438/517 399/447/526 398/446/527
f 390/438/517 391/439/519 400/448/528 399/447/526
f 391/439/519 392/440/520 401/449/529 400/448/528
f 392/440/520 393/441/521 402/450/530 401/449/529
f 393/441/521 394/442/522 403/451/531 402/450/530
f 394/442/522 395/443/523 404/452/532 403/451/531
f 395/443/523 396/444/524 405/453/533 404/452/532
f 396/444/524 397/445/525 406/454/534 405/453/533
f 398/446/527 399/447/526 408/456/535 407/455/536
f 399/447/526 400/448/528 409/457/537 408/456/535
f 400/448/528 401/449/529 410/458/538 409/457/537
f 401/449/529 402/450/530 411/459/539 410/458/538
f 402/450/530 403/451/531 412/460/540 411/459/539
f 403/451/531 404/452/532 413/461/541 412/460/540
f 404/452/532 405/453/533 414/462/542 413/461/541
f 405/453/533 406/454/534 415/463/543 414/462/542
f 407/455/536 408/456/535 417/465/544 416/464/545
f 408/456/535 409/457/537 418/466/546 417/465/544
f 409/457/537 410/458/538 419/467/547 418/466/546
f 410/458/538 411/459/539 420/468/548 419/467/547
f 411/459/539 412/460/540 421/469/549 420/468/548
f 412/460/540 413/461/541 422/470/550 421/469/549
f 413/461/541 414/462/542 423/471/551 422/470/550
f 414/462/542 415/463/543 424/472/552 423/471/551
f 416/464/545 417/465/544 426/474/553 425/473/554
f 417/465/544 418/466/546 427/475/555 426/474/553
f 418/466/546 419/467/547 428/476/556 427/475/555
f 419/467/547 420/468/548 429/477/557 428/476/556
f 420/468/548 421/469/549 430/478/558 429/477/557
f 421/469/549 422/470/550 431/479/559 430/478/558
f 422/470/550 423/471/551 432/480/560 431/479/559
f 423/471/551 424/472/552 433/481/561 432/480/560
f 425/473/554 426/474/553 435/483/562 434/482/563
f 426/474/553 427/475/555 436/484/564 435/483/562
f 427/475/555 428/476/556 437/485/565 436/484/564
f 428/476/556 429/477/557 438/486/566 437/485/565
f 429/477/557 430/478/558 439/487/567 438/486/566
f 430/478/558 431/479/559 440/488/568 439/487/567
f 431/479/559 432/480/560 441/489/569 440/488/568
f 432/480/560 433/481/561 442/490/570 441/489/569
f 434/482/563 435/483/562 444/492/571 443/491/572
f 435/483/562 436/484/564 445/493/573 444/492/571
f 436/484/564 437/485/565 446/494/574 445/493/573
f 437/485/565 438/486/566 447/495/575 446/494/574
f 438/486/566 439/487/567 448/496/576 447/495/575
f 439/487/567 440/488/568 449/497/577 448/496/576
f 440/488/568 441/489/569 450/498/578 449/497/577
f 441/489/569 442/490/570 451/499/579 450/498/578
g default
v -420.000000 0.000000 420.000000
v -315.000000 0.000000 420.000000
v -210.000000 0.000000 420.000000
v -105.000000 0.000000 420.000000
v 0.000000 0.000000 420.000000
v 105.000000 0.000000 420.000000
v 210.000000 0.000000 420.000000
v 315.000000 0.000000 420.000000
v 420.000000 0.000000 420.000000
v -420.000000 0.000000 315.000000
v -315.000000 0.000000 315.000000
v -210.000000 0.000000 315.000000
v -105.000000 0.000000 315.000000
v 0.000000 0.000000 315.000000
v 105.000000 0.000000 315.000000
v 210.000000 0.000000 315.000000
v 315.000000 0.000000 315.000000
v 420.000000 0.000000 315.000000
v -420.000000 0.000000 210.000000
v -315.000000 0.000000 210.000000
v -210.000000 0.000000 210.000000
v -105.000000 0.000000 210.000000
v 0.000000 0.000000 210.000000
v 105.000000 0.000000 210.000000
v 210.000000 0.000000 210.000000
v 315.000000 0.000000 210.000000
v 420.000000 0.000000 210.000000
v -420.000000 0.000000 105.000000
v -315.000000 0.000000 105.000000
v -210.000000 0.000000 105.000000
v -105.000000 0.000000 105.000000
v 0.000000 0.000000 105.000000
v 105.000000 0.000000 105.000000
v 210.000000 0.000000 105.000000
v 315.000000 0.000000 105.000000
v 420.000000 0.000000 105.000000
v -420.000000 0.000000 0.000000
v -315.000000 0.000000 0.000000
v -210.000000 0.000000 0.000000
v -105.000000 0.000000 0.000000
v 0.000000 0.000000 0.000000
v 105.000000 0.000000 0.000000
v 210.000000 0.000000 0.000000
v 315.000000 0.000000 0.000000
v 420.000000 0.000000 0.000000
v -420.000000 0.000000 -105.000000
v -315.000000 0.000000 -105.000000
v -210.000000 0.000000 -105.000000
v -105.000000 0.000000 -105.000000
v 0.000000 0.000000 -105.000000
v 105.000000 0.000000 -105.000000
v 210.000000 0.000000 -105.000000
v 315.000000 0.000000 -105.000000
v 420.000000 0.000000 -105.000000
v -420.000000 0.000000 -210.000000
v -315.000000 0.000000 -210.000000
v -210.000000 0.000000 -210.000000
v -105.000000 0.000000 -210.000000
v 0.000000 0.000000 -210.000000
v 105.000000 0.000000 -210.000000
v 210.000000 0.000000 -210.000000
v 315.000000 0.000000 -210.000000
v 420.000000 0.000000 -210.000000
v -420.000000 0.000000 -315.000000
v -315.000000 0.000000 -315.000000
v -210.000000 0.000000 -315.000000
v -105.000000 0.000000 -315.000000
v 0.000000 0.000000 -315.000000
v 105.000000 0.000000 -315.000000
v 210.000000 0.000000 -315.000000
v 315.000000 0.000000 -315.000000
v 420.000000 0.000000 -315.000000
v -420.000000 0.000000 -420.000000
v -315.000000 0.000000 -420.000000
v -210.000000 0.000000 -420.000000
v -105.000000 0.000000 -420.000000
v 0.000000 0.000000 -420.000000
v 105.000000 0.000000 -420.000000
v 210.000000 0.000000 -420.000000
v 315.000000 0.000000 -420.000000
v 420.000000 0.000000 -420.000000
vt 0.000000 0.000000
vt 0.125000 0.000000
vt 0.250000 0.000000
vt 0.375000 0.000000
vt 0.500000 0.000000
vt 0.625000 0.000000
vt 0.750000 0.000000
vt 0.875000 0.000000
vt 1.000000 0.000000
vt 0.000000 0.125000
vt 0.125000 0.125000
vt 0.250000 0.125000
vt 0.375000 0.125000
vt 0.500000 0.125000
vt 0.625000 0.125000
vt 0.750000 0.125000
vt 0.875000 0.125000
vt 1.000000 0.125000
vt 0.000000 0.250000
vt 0.125000 0.250000
vt 0.250000 0.250000
vt 0.375000 0.250000
vt 0.500000 0.250000
vt 0.625000 0.250000
vt 0.750000 0.250000
vt 0.875000 0.250000
vt 1.000000 0.250000
vt 0.000000 0.375000
vt 0.125000 0.375000
vt 0.250000 0.375000
vt 0.375000 0.375000
vt 0.500000 0.375000
vt 0.625000 0.375000
vt 0.750000 0.375000
vt 0.875000 0.375000
vt 1.000000 0.375000
vt 0.000000 0.500000
vt 0.125000 0.500000
vt 0.250000 0.500000
vt 0.375000 0.500000
vt 0.500000 0.500000
vt 0.625000 0.500000
vt 0.750000 0.500000
vt 0.875000 0.500000
vt 1.000000 0.500000
vt 0.000000 0.625000
vt 0.125000 0.625000
vt 0.250000 0.625000
vt 0.375000 0.625000
vt 0.500000 0.625000
vt 0.625000 0.625000
vt 0.750000 0.625000
vt 0.875000 0.625000
vt 1.000000 0.625000
vt 0.000000 0.750000
vt 0.125000 0.750000
vt 0.250000 0.750000
vt 0.375000 0.750000
vt 0.500000 0.750000
vt 0.625000 0.750000
vt 0.750000 0.750000
vt 0.875000 0.750000
vt 1.000000 0.750000
vt 0.000000 0.875000
vt 0.125000 0.875000
vt 0.250000 0.875000
vt 0.375000 0.875000
vt 0.500000 0.875000
vt 0.625000 0.875000
vt 0.750000 0.875000
vt 0.875000 0.875000
vt 1.000000 0.875000
vt 0.000000 1.000000
vt 0.125000 1.000000
vt 0.250000 1.000000
vt 0.375000 1.000000
vt 0.500000 1.000000
vt 0.625000 1.000000
vt 0.750000 1.000000
vt 0.875000 1.000000
vt 1.000000 1.000000
vn 0.000000 1.000000 0.000000
vn 0.000000 1.000000 0.000000
vn 0.000000 1.000000 0.000000
vn 0.000000 1.000000 0.000000
vn 0.000000 1.000000 0.000000
vn 0.000000 1.000000 0.000000
vn 0.000000 1.000000 0.000000
vn 0.000000 1.000000 0.000000
vn 0.000000 1.000000 0.000000
vn 0.000000 1.000000 0.000000
vn 0.000000 1.000000 0.000000
vn 0.000000 1.000000 0.000000
vn 0.000000 1.000000 0.000000
vn 0.000000 1.000000 0.000000
vn 0.000000 1.000000 0.000000
vn 0.000000 1.000000 0.000000
vn 0.000000 1.000000 0.000000
vn 0.000000 1.000000 0.000000
vn 0.000000 1.000000 0.000000
vn 0.000000 1.000000 0.000000
vn 0.000000 1.000000 0.000000
vn 0.000000 1.000000 0.000000
vn 0.000000 1.000000 0.000000
vn 0.000000 1.000000 0.000000
vn 0.000000 1.000000 0.000000
vn 0.000000 1.000000 0.000000
vn 0.000000 1.000000 0.000000
vn 0.000000 1.000000 0.000000
vn 0.000000 1.000000 0.000000
vn 0.000000 1.000000 0.000000
vn 0.000000 1.000000 0.000000
vn 0.000000 1.000000 0.000000
vn 0.000000 1.000000 0.000000
vn 0.000000 1.000000 0.000000
vn 0.000000 1.000000 0.000000
vn 0.000000 1.000000 0.000000
vn 0.000000 1.000000 0.000000
vn 0.000000 1.000000 0.000000
vn 0.000000 1.000000 0.000000
vn 0.000000 1.000000 0.000000
vn 0.000000 1.000000 0.000000
vn 0.000000 1.000000 0.000000
vn 0.000000 1.000000 0.000000
vn 0.000000 1.000000 0.000000
vn 0.000000 1.000000 0.000000
vn 0.000000 1.000000 0.000000
vn 0.000000 1.000000 0.000000
vn 0.000000 1.000000 0.000000
vn 0.000000 1.000000 0.000000
vn 0.000000 1.000000 0.000000
vn 0.000000 1.000000 0.000000
vn 0.000000 1.000000 0.000000
vn 0.000000 1.000000 0.000000
vn 0.000000 1.000000 0.000000
vn 0.000000 1.000000 0.000000
vn 0.000000 1.000000 0.000000
vn 0.000000 1.000000 0.000000
vn 0.000000 1.000000 0.000000
vn 0.000000 1.000000 0.000000
vn 0.000000 1.000000 0.000000
vn 0.000000 1.000000 0.000000
vn 0.000000 1.000000 0.000000
vn 0.000000 1.000000 0.000000
vn 0.000000 1.000000 0.000000
vn 0.000000 1.000000 0.000000
vn 0.000000 1.000000 0.000000
vn 0.000000 1.000000 0.000000
vn 0.000000 1.000000 0.000000
vn 0.000000 1.000000 0.000000
vn 0.000000 1.000000 0.000000
vn 0.000000 1.000000 0.000000
vn 0.000000 1.000000 0.000000
vn 0.000000 1.000000 0.000000
vn 0.000000 1.000000 0.000000
vn 0.000000 1.000000 0.000000
vn 0.000000 1.000000 0.000000
vn 0.000000 1.000000 0.000000
vn 0.000000 1.000000 0.000000
vn 0.000000 1.000000 0.000000
vn 0.000000 1.000000 0.000000
vn 0.000000 1.000000 0.000000
s 1
g ENV_Floor_Carpet GRP_Architecture Backrooms_Level0_Master_GRP
f 452/500/580 453/501/581 462/510/582 461/509/583
f 453/501/581 454/502/584 463/511/585 462/510/582
f 454/502/584 455/503/586 464/512/587 463/511/585
f 455/503/586 456/504/588 465/513/589 464/512/587
f 456/504/588 457/505/590 466/514/591 465/513/589
f 457/505/590 458/506/592 467/515/593 466/514/591
f 458/506/592 459/507/594 468/516/595 467/515/593
f 459/507/594 460/508/596 469/517/597 468/516/595
f 461/509/583 462/510/582 471/519/598 470/518/599
f 462/510/582 463/511/585 472/520/600 471/519/598
f 463/511/585 464/512/587 473/521/601 472/520/600
f 464/512/587 465/513/589 474/522/602 473/521/601
f 465/513/589 466/514/591 475/523/603 474/522/602
f 466/514/591 467/515/593 476/524/604 475/523/603
f 467/515/593 468/516/595 477/525/605 476/524/604
f 468/516/595 469/517/597 478/526/606 477/525/605
f 470/518/599 471/519/598 480/528/607 479/527/608
f 471/519/598 472/520/600 481/529/609 480/528/607
f 472/520/600 473/521/601 482/530/610 481/529/609
f 473/521/601 474/522/602 483/531/611 482/530/610
f 474/522/602 475/523/603 484/532/612 483/531/611
f 475/523/603 476/524/604 485/533/613 484/532/612
f 476/524/604 477/525/605 486/534/614 485/533/613
f 477/525/605 478/526/606 487/535/615 486/534/614
f 479/527/608 480/528/607 489/537/616 488/536/617
f 480/528/607 481/529/609 490/538/618 489/537/616
f 481/529/609 482/530/610 491/539/619 490/538/618
f 482/530/610 483/531/611 492/540/620 491/539/619
f 483/531/611 484/532/612 493/541/621 492/540/620
f 484/532/612 485/533/613 494/542/622 493/541/621
f 485/533/613 486/534/614 495/543/623 494/542/622
f 486/534/614 487/535/615 496/544/624 495/543/623
f 488/536/617 489/537/616 498/546/625 497/545/626
f 489/537/616 490/538/618 499/547/627 498/546/625
f 490/538/618 491/539/619 500/548/628 499/547/627
f 491/539/619 492/540/620 501/549/629 500/548/628
f 492/540/620 493/541/621 502/550/630 501/549/629
f 493/541/621 494/542/622 503/551/631 502/550/630
f 494/542/622 495/543/623 504/552/632 503/551/631
f 495/543/623 496/544/624 505/553/633 504/552/632
f 497/545/626 498/546/625 507/555/634 506/554/635
f 498/546/625 499/547/627 508/556/636 507/555/634
f 499/547/627 500/548/628 509/557/637 508/556/636
f 500/548/628 501/549/629 510/558/638 509/557/637
f 501/549/629 502/550/630 511/559/639 510/558/638
f 502/550/630 503/551/631 512/560/640 511/559/639
f 503/551/631 504/552/632 513/561/641 512/560/640
f 504/552/632 505/553/633 514/562/642 513/561/641
f 506/554/635 507/555/634 516/564/643 515/563/644
f 507/555/634 508/556/636 517/565/645 516/564/643
f 508/556/636 509/557/637 518/566/646 517/565/645
f 509/557/637 510/558/638 519/567/647 518/566/646
f 510/558/638 511/559/639 520/568/648 519/567/647
f 511/559/639 512/560/640 521/569/649 520/568/648
f 512/560/640 513/561/641 522/570/650 521/569/649
f 513/561/641 514/562/642 523/571/651 522/570/650
f 515/563/644 516/564/643 525/573/652 524/572/653
f 516/564/643 517/565/645 526/574/654 525/573/652
f 517/565/645 518/566/646 527/575/655 526/574/654
f 518/566/646 519/567/647 528/576/656 527/575/655
f 519/567/647 520/568/648 529/577/657 528/576/656
f 520/568/648 521/569/649 530/578/658 529/577/657
f 521/569/649 522/570/650 531/579/659 530/578/658
f 522/570/650 523/571/651 532/580/660 531/579/659
g default
v -420.000000 300.000000 -420.000000
v -360.000000 300.000000 -420.000000
v -300.000000 300.000000 -420.000000
v -240.000000 300.000000 -420.000000
v -180.000000 300.000000 -420.000000
v -120.000000 300.000000 -420.000000
v -60.000000 300.000000 -420.000000
v 0.000000 300.000000 -420.000000
v 60.000000 300.000000 -420.000000
v 120.000000 300.000000 -420.000000
v 180.000000 300.000000 -420.000000
v 240.000000 300.000000 -420.000000
v 300.000000 300.000000 -420.000000
v 360.000000 300.000000 -420.000000
v 420.000000 300.000000 -420.000000
v -420.000000 300.000000 -360.000000
v -360.000000 300.000000 -360.000000
v -300.000000 300.000000 -360.000000
v -240.000000 300.000000 -360.000000
v -180.000000 300.000000 -360.000000
v -120.000000 300.000000 -360.000000
v -60.000000 300.000000 -360.000000
v 0.000000 300.000000 -360.000000
v 60.000000 300.000000 -360.000000
v 120.000000 300.000000 -360.000000
v 180.000000 300.000000 -360.000000
v 240.000000 300.000000 -360.000000
v 300.000000 300.000000 -360.000000
v 360.000000 300.000000 -360.000000
v 420.000000 300.000000 -360.000000
v -420.000000 300.000000 -300.000000
v -360.000000 300.000000 -300.000000
v -300.000000 300.000000 -300.000000
v -240.000000 300.000000 -300.000000
v -180.000000 300.000000 -300.000000
v -120.000000 300.000000 -300.000000
v -60.000000 300.000000 -300.000000
v 0.000000 300.000000 -300.000000
v 60.000000 300.000000 -300.000000
v 120.000000 300.000000 -300.000000
v 180.000000 300.000000 -300.000000
v 240.000000 300.000000 -300.000000
v 300.000000 300.000000 -300.000000
v 360.000000 300.000000 -300.000000
v 420.000000 300.000000 -300.000000
v -420.000000 300.000000 -240.000000
v -360.000000 300.000000 -240.000000
v -300.000000 300.000000 -240.000000
v -240.000000 300.000000 -240.000000
v -180.000000 300.000000 -240.000000
v -120.000000 300.000000 -240.000000
v -60.000000 300.000000 -240.000000
v 0.000000 300.000000 -240.000000
v 60.000000 300.000000 -240.000000
v 120.000000 300.000000 -240.000000
v 180.000000 300.000000 -240.000000
v 240.000000 300.000000 -240.000000
v 300.000000 300.000000 -240.000000
v 360.000000 300.000000 -240.000000
v 420.000000 300.000000 -240.000000
v -420.000000 300.000000 -180.000000
v -360.000000 300.000000 -180.000000
v -300.000000 300.000000 -180.000000
v -240.000000 300.000000 -180.000000
v -180.000000 300.000000 -180.000000
v -120.000000 300.000000 -180.000000
v -60.000000 300.000000 -180.000000
v 0.000000 300.000000 -180.000000
v 60.000000 300.000000 -180.000000
v 120.000000 300.000000 -180.000000
v 180.000000 300.000000 -180.000000
v 240.000000 300.000000 -180.000000
v 300.000000 300.000000 -180.000000
v 360.000000 300.000000 -180.000000
v 420.000000 300.000000 -180.000000
v -420.000000 300.000000 -120.000000
v -360.000000 300.000000 -120.000000
v -300.000000 300.000000 -120.000000
v -240.000000 300.000000 -120.000000
v -180.000000 300.000000 -120.000000
v -120.000000 300.000000 -120.000000
v -60.000000 300.000000 -120.000000
v 0.000000 300.000000 -120.000000
v 60.000000 300.000000 -120.000000
v 120.000000 300.000000 -120.000000
v 180.000000 300.000000 -120.000000
v 240.000000 300.000000 -120.000000
v 300.000000 300.000000 -120.000000
v 360.000000 300.000000 -120.000000
v 420.000000 300.000000 -120.000000
v -420.000000 300.000000 -60.000000
v -360.000000 300.000000 -60.000000
v -300.000000 300.000000 -60.000000
v -240.000000 300.000000 -60.000000
v -180.000000 300.000000 -60.000000
v -120.000000 300.000000 -60.000000
v -60.000000 300.000000 -60.000000
v 0.000000 300.000000 -60.000000
v 60.000000 300.000000 -60.000000
v 120.000000 300.000000 -60.000000
v 180.000000 300.000000 -60.000000
v 240.000000 300.000000 -60.000000
v 300.000000 300.000000 -60.000000
v 360.000000 300.000000 -60.000000
v 420.000000 300.000000 -60.000000
v -420.000000 300.000000 0.000000
v -360.000000 300.000000 0.000000
v -300.000000 300.000000 0.000000
v -240.000000 300.000000 0.000000
v -180.000000 300.000000 0.000000
v -120.000000 300.000000 0.000000
v -60.000000 300.000000 0.000000
v 0.000000 300.000000 0.000000
v 60.000000 300.000000 0.000000
v 120.000000 300.000000 0.000000
v 180.000000 300.000000 0.000000
v 240.000000 300.000000 0.000000
v 300.000000 300.000000 0.000000
v 360.000000 300.000000 0.000000
v 420.000000 300.000000 0.000000
v -420.000000 300.000000 60.000000
v -360.000000 300.000000 60.000000
v -300.000000 300.000000 60.000000
v -240.000000 300.000000 60.000000
v -180.000000 300.000000 60.000000
v -120.000000 300.000000 60.000000
v -60.000000 300.000000 60.000000
v 0.000000 300.000000 60.000000
v 60.000000 300.000000 60.000000
v 120.000000 300.000000 60.000000
v 180.000000 300.000000 60.000000
v 240.000000 300.000000 60.000000
v 300.000000 300.000000 60.000000
v 360.000000 300.000000 60.000000
v 420.000000 300.000000 60.000000
v -420.000000 300.000000 120.000000
v -360.000000 300.000000 120.000000
v -300.000000 300.000000 120.000000
v -240.000000 300.000000 120.000000
v -180.000000 300.000000 120.000000
v -120.000000 300.000000 120.000000
v -60.000000 300.000000 120.000000
v 0.000000 300.000000 120.000000
v 60.000000 300.000000 120.000000
v 120.000000 300.000000 120.000000
v 180.000000 300.000000 120.000000
v 240.000000 300.000000 120.000000
v 300.000000 300.000000 120.000000
v 360.000000 300.000000 120.000000
v 420.000000 300.000000 120.000000
v -420.000000 300.000000 180.000000
v -360.000000 300.000000 180.000000
v -300.000000 300.000000 180.000000
v -240.000000 300.000000 180.000000
v -180.000000 300.000000 180.000000
v -120.000000 300.000000 180.000000
v -60.000000 300.000000 180.000000
v 0.000000 300.000000 180.000000
v 60.000000 300.000000 180.000000
v 120.000000 300.000000 180.000000
v 180.000000 300.000000 180.000000
v 240.000000 300.000000 180.000000
v 300.000000 300.000000 180.000000
v 360.000000 300.000000 180.000000
v 420.000000 300.000000 180.000000
v -420.000000 300.000000 240.000000
v -360.000000 300.000000 240.000000
v -300.000000 300.000000 240.000000
v -240.000000 300.000000 240.000000
v -180.000000 300.000000 240.000000
v -120.000000 300.000000 240.000000
v -60.000000 300.000000 240.000000
v 0.000000 300.000000 240.000000
v 60.000000 300.000000 240.000000
v 120.000000 300.000000 240.000000
v 180.000000 300.000000 240.000000
v 240.000000 300.000000 240.000000
v 300.000000 300.000000 240.000000
v 360.000000 300.000000 240.000000
v 420.000000 300.000000 240.000000
v -420.000000 300.000000 300.000000
v -360.000000 300.000000 300.000000
v -300.000000 300.000000 300.000000
v -240.000000 300.000000 300.000000
v -180.000000 300.000000 300.000000
v -120.000000 300.000000 300.000000
v -60.000000 300.000000 300.000000
v 0.000000 300.000000 300.000000
v 60.000000 300.000000 300.000000
v 120.000000 300.000000 300.000000
v 180.000000 300.000000 300.000000
v 240.000000 300.000000 300.000000
v 300.000000 300.000000 300.000000
v 360.000000 300.000000 300.000000
v 420.000000 300.000000 300.000000
v -420.000000 300.000000 360.000000
v -360.000000 300.000000 360.000000
v -300.000000 300.000000 360.000000
v -240.000000 300.000000 360.000000
v -180.000000 300.000000 360.000000
v -120.000000 300.000000 360.000000
v -60.000000 300.000000 360.000000
v 0.000000 300.000000 360.000000
v 60.000000 300.000000 360.000000
v 120.000000 300.000000 360.000000
v 180.000000 300.000000 360.000000
v 240.000000 300.000000 360.000000
v 300.000000 300.000000 360.000000
v 360.000000 300.000000 360.000000
v 420.000000 300.000000 360.000000
v -420.000000 300.000000 420.000000
v -360.000000 300.000000 420.000000
v -300.000000 300.000000 420.000000
v -240.000000 300.000000 420.000000
v -180.000000 300.000000 420.000000
v -120.000000 300.000000 420.000000
v -60.000000 300.000000 420.000000
v 0.000000 300.000000 420.000000
v 60.000000 300.000000 420.000000
v 120.000000 300.000000 420.000000
v 180.000000 300.000000 420.000000
v 240.000000 300.000000 420.000000
v 300.000000 300.000000 420.000000
v 360.000000 300.000000 420.000000
v 420.000000 300.000000 420.000000
vt 0.000000 0.000000
vt 0.071429 0.000000
vt 0.142857 0.000000
vt 0.214286 0.000000
vt 0.285714 0.000000
vt 0.357143 0.000000
vt 0.428571 0.000000
vt 0.500000 0.000000
vt 0.571429 0.000000
vt 0.642857 0.000000
vt 0.714286 0.000000
vt 0.785714 0.000000
vt 0.857143 0.000000
vt 0.928571 0.000000
vt 1.000000 0.000000
vt 0.000000 0.071429
vt 0.071429 0.071429
vt 0.142857 0.071429
vt 0.214286 0.071429
vt 0.285714 0.071429
vt 0.357143 0.071429
vt 0.428571 0.071429
vt 0.500000 0.071429
vt 0.571429 0.071429
vt 0.642857 0.071429
vt 0.714286 0.071429
vt 0.785714 0.071429
vt 0.857143 0.071429
vt 0.928571 0.071429
vt 1.000000 0.071429
vt 0.000000 0.142857
vt 0.071429 0.142857
vt 0.142857 0.142857
vt 0.214286 0.142857
vt 0.285714 0.142857
vt 0.357143 0.142857
vt 0.428571 0.142857
vt 0.500000 0.142857
vt 0.571429 0.142857
vt 0.642857 0.142857
vt 0.714286 0.142857
vt 0.785714 0.142857
vt 0.857143 0.142857
vt 0.928571 0.142857
vt 1.000000 0.142857
vt 0.000000 0.214286
vt 0.071429 0.214286
vt 0.142857 0.214286
vt 0.214286 0.214286
vt 0.285714 0.214286
vt 0.357143 0.214286
vt 0.428571 0.214286
vt 0.500000 0.214286
vt 0.571429 0.214286
vt 0.642857 0.214286
vt 0.714286 0.214286
vt 0.785714 0.214286
vt 0.857143 0.214286
vt 0.928571 0.214286
vt 1.000000 0.214286
vt 0.000000 0.285714
vt 0.071429 0.285714
vt 0.142857 0.285714
vt 0.214286 0.285714
vt 0.285714 0.285714
vt 0.357143 0.285714
vt 0.428571 0.285714
vt 0.500000 0.285714
vt 0.571429 0.285714
vt 0.642857 0.285714
vt 0.714286 0.285714
vt 0.785714 0.285714
vt 0.857143 0.285714
vt 0.928571 0.285714
vt 1.000000 0.285714
vt 0.000000 0.357143
vt 0.071429 0.357143
vt 0.142857 0.357143
vt 0.214286 0.357143
vt 0.285714 0.357143
vt 0.357143 0.357143
vt 0.428571 0.357143
vt 0.500000 0.357143
vt 0.571429 0.357143
vt 0.642857 0.357143
vt 0.714286 0.357143
vt 0.785714 0.357143
vt 0.857143 0.357143
vt 0.928571 0.357143
vt 1.000000 0.357143
vt 0.000000 0.428571
vt 0.071429 0.428571
vt 0.142857 0.428571
vt 0.214286 0.428571
vt 0.285714 0.428571
vt 0.357143 0.428571
vt 0.428571 0.428571
vt 0.500000 0.428571
vt 0.571429 0.428571
vt 0.642857 0.428571
vt 0.714286 0.428571
vt 0.785714 0.428571
vt 0.857143 0.428571
vt 0.928571 0.428571
vt 1.000000 0.428571
vt 0.000000 0.500000
vt 0.071429 0.500000
vt 0.142857 0.500000
vt 0.214286 0.500000
vt 0.285714 0.500000
vt 0.357143 0.500000
vt 0.428571 0.500000
vt 0.500000 0.500000
vt 0.571429 0.500000
vt 0.642857 0.500000
vt 0.714286 0.500000
vt 0.785714 0.500000
vt 0.857143 0.500000
vt 0.928571 0.500000
vt 1.000000 0.500000
vt 0.000000 0.571429
vt 0.071429 0.571429
vt 0.142857 0.571429
vt 0.214286 0.571429
vt 0.285714 0.571429
vt 0.357143 0.571429
vt 0.428571 0.571429
vt 0.500000 0.571429
vt 0.571429 0.571429
vt 0.642857 0.571429
vt 0.714286 0.571429
vt 0.785714 0.571429
vt 0.857143 0.571429
vt 0.928571 0.571429
vt 1.000000 0.571429
vt 0.000000 0.642857
vt 0.071429 0.642857
vt 0.142857 0.642857
vt 0.214286 0.642857
vt 0.285714 0.642857
vt 0.357143 0.642857
vt 0.428571 0.642857
vt 0.500000 0.642857
vt 0.571429 0.642857
vt 0.642857 0.642857
vt 0.714286 0.642857
vt 0.785714 0.642857
vt 0.857143 0.642857
vt 0.928571 0.642857
vt 1.000000 0.642857
vt 0.000000 0.714286
vt 0.071429 0.714286
vt 0.142857 0.714286
vt 0.214286 0.714286
vt 0.285714 0.714286
vt 0.357143 0.714286
vt 0.428571 0.714286
vt 0.500000 0.714286
vt 0.571429 0.714286
vt 0.642857 0.714286
vt 0.714286 0.714286
vt 0.785714 0.714286
vt 0.857143 0.714286
vt 0.928571 0.714286
vt 1.000000 0.714286
vt 0.000000 0.785714
vt 0.071429 0.785714
vt 0.142857 0.785714
vt 0.214286 0.785714
vt 0.285714 0.785714
vt 0.357143 0.785714
vt 0.428571 0.785714
vt 0.500000 0.785714
vt 0.571429 0.785714
vt 0.642857 0.785714
vt 0.714286 0.785714
vt 0.785714 0.785714
vt 0.857143 0.785714
vt 0.928571 0.785714
vt 1.000000 0.785714
vt 0.000000 0.857143
vt 0.071429 0.857143
vt 0.142857 0.857143
vt 0.214286 0.857143
vt 0.285714 0.857143
vt 0.357143 0.857143
vt 0.428571 0.857143
vt 0.500000 0.857143
vt 0.571429 0.857143
vt 0.642857 0.857143
vt 0.714286 0.857143
vt 0.785714 0.857143
vt 0.857143 0.857143
vt 0.928571 0.857143
vt 1.000000 0.857143
vt 0.000000 0.928571
vt 0.071429 0.928571
vt 0.142857 0.928571
vt 0.214286 0.928571
vt 0.285714 0.928571
vt 0.357143 0.928571
vt 0.428571 0.928571
vt 0.500000 0.928571
vt 0.571429 0.928571
vt 0.642857 0.928571
vt 0.714286 0.928571
vt 0.785714 0.928571
vt 0.857143 0.928571
vt 0.928571 0.928571
vt 1.000000 0.928571
vt 0.000000 1.000000
vt 0.071429 1.000000
vt 0.142857 1.000000
vt 0.214286 1.000000
vt 0.285714 1.000000
vt 0.357143 1.000000
vt 0.428571 1.000000
vt 0.500000 1.000000
vt 0.571429 1.000000
vt 0.642857 1.000000
vt 0.714286 1.000000
vt 0.785714 1.000000
vt 0.857143 1.000000
vt 0.928571 1.000000
vt 1.000000 1.000000
vn 0.000000 -1.000000 0.000000
vn 0.000000 -1.000000 0.000000
vn 0.000000 -1.000000 0.000000
vn 0.000000 -1.000000 0.000000
vn 0.000000 -1.000000 0.000000
vn 0.000000 -1.000000 0.000000
vn 0.000000 -1.000000 0.000000
vn 0.000000 -1.000000 0.000000
vn 0.000000 -1.000000 0.000000
vn 0.000000 -1.000000 0.000000
vn 0.000000 -1.000000 0.000000
vn 0.000000 -1.000000 0.000000
vn 0.000000 -1.000000 0.000000
vn 0.000000 -1.000000 0.000000
vn 0.000000 -1.000000 0.000000
vn 0.000000 -1.000000 0.000000
vn 0.000000 -1.000000 0.000000
vn 0.000000 -1.000000 0.000000
vn 0.000000 -1.000000 0.000000
vn 0.000000 -1.000000 0.000000
vn 0.000000 -1.000000 0.000000
vn 0.000000 -1.000000 0.000000
vn 0.000000 -1.000000 0.000000
vn 0.000000 -1.000000 0.000000
vn 0.000000 -1.000000 0.000000
vn 0.000000 -1.000000 0.000000
vn 0.000000 -1.000000 0.000000
vn 0.000000 -1.000000 0.000000
vn 0.000000 -1.000000 0.000000
vn 0.000000 -1.000000 0.000000
vn 0.000000 -1.000000 0.000000
vn 0.000000 -1.000000 0.000000
vn 0.000000 -1.000000 0.000000
vn 0.000000 -1.000000 0.000000
vn 0.000000 -1.000000 0.000000
vn 0.000000 -1.000000 0.000000
vn 0.000000 -1.000000 0.000000
vn 0.000000 -1.000000 0.000000
vn 0.000000 -1.000000 0.000000
vn 0.000000 -1.000000 0.000000
vn 0.000000 -1.000000 0.000000
vn 0.000000 -1.000000 0.000000
vn 0.000000 -1.000000 0.000000
vn 0.000000 -1.000000 0.000000
vn 0.000000 -1.000000 0.000000
vn 0.000000 -1.000000 0.000000
vn 0.000000 -1.000000 0.000000
vn 0.000000 -1.000000 0.000000
vn 0.000000 -1.000000 0.000000
vn 0.000000 -1.000000 0.000000
vn 0.000000 -1.000000 0.000000
vn 0.000000 -1.000000 0.000000
vn 0.000000 -1.000000 0.000000
vn 0.000000 -1.000000 0.000000
vn 0.000000 -1.000000 0.000000
vn 0.000000 -1.000000 0.000000
vn 0.000000 -1.000000 0.000000
vn 0.000000 -1.000000 0.000000
vn 0.000000 -1.000000 0.000000
vn 0.000000 -1.000000 0.000000
vn 0.000000 -1.000000 0.000000
vn 0.000000 -1.000000 0.000000
vn 0.000000 -1.000000 0.000000
vn 0.000000 -1.000000 0.000000
vn 0.000000 -1.000000 0.000000
vn 0.000000 -1.000000 0.000000
vn 0.000000 -1.000000 0.000000
vn 0.000000 -1.000000 0.000000
vn 0.000000 -1.000000 0.000000
vn 0.000000 -1.000000 0.000000
vn 0.000000 -1.000000 0.000000
vn 0.000000 -1.000000 0.000000
vn 0.000000 -1.000000 0.000000
vn 0.000000 -1.000000 0.000000
vn 0.000000 -1.000000 0.000000
vn 0.000000 -1.000000 0.000000
vn 0.000000 -1.000000 0.000000
vn 0.000000 -1.000000 0.000000
vn 0.000000 -1.000000 0.000000
vn 0.000000 -1.000000 0.000000
vn 0.000000 -1.000000 0.000000
vn 0.000000 -1.000000 0.000000
vn 0.000000 -1.000000 0.000000
vn 0.000000 -1.000000 0.000000
vn 0.000000 -1.000000 0.000000
vn 0.000000 -1.000000 0.000000
vn 0.000000 -1.000000 0.000000
vn 0.000000 -1.000000 0.000000
vn 0.000000 -1.000000 0.000000
vn 0.000000 -1.000000 0.000000
vn 0.000000 -1.000000 0.000000
vn 0.000000 -1.000000 0.000000
vn 0.000000 -1.000000 0.000000
vn 0.000000 -1.000000 0.000000
vn 0.000000 -1.000000 0.000000
vn 0.000000 -1.000000 0.000000
vn 0.000000 -1.000000 0.000000
vn 0.000000 -1.000000 0.000000
vn 0.000000 -1.000000 0.000000
vn 0.000000 -1.000000 0.000000
vn 0.000000 -1.000000 0.000000
vn 0.000000 -1.000000 0.000000
vn 0.000000 -1.000000 0.000000
vn 0.000000 -1.000000 0.000000
vn 0.000000 -1.000000 0.000000
vn 0.000000 -1.000000 0.000000
vn 0.000000 -1.000000 0.000000
vn 0.000000 -1.000000 0.000000
vn 0.000000 -1.000000 0.000000
vn 0.000000 -1.000000 0.000000
vn 0.000000 -1.000000 0.000000
vn 0.000000 -1.000000 0.000000
vn 0.000000 -1.000000 0.000000
vn 0.000000 -1.000000 0.000000
vn 0.000000 -1.000000 0.000000
vn 0.000000 -1.000000 0.000000
vn 0.000000 -1.000000 0.000000
vn 0.000000 -1.000000 0.000000
vn 0.000000 -1.000000 0.000000
vn 0.000000 -1.000000 0.000000
vn 0.000000 -1.000000 0.000000
vn 0.000000 -1.000000 0.000000
vn 0.000000 -1.000000 0.000000
vn 0.000000 -1.000000 0.000000
vn 0.000000 -1.000000 0.000000
vn 0.000000 -1.000000 0.000000
vn 0.000000 -1.000000 0.000000
vn 0.000000 -1.000000 0.000000
vn 0.000000 -1.000000 0.000000
vn 0.000000 -1.000000 0.000000
vn 0.000000 -1.000000 0.000000
vn 0.000000 -1.000000 0.000000
vn 0.000000 -1.000000 0.000000
vn 0.000000 -1.000000 0.000000
vn 0.000000 -1.000000 0.000000
vn 0.000000 -1.000000 0.000000
vn 0.000000 -1.000000 0.000000
vn 0.000000 -1.000000 0.000000
vn 0.000000 -1.000000 0.000000
vn 0.000000 -1.000000 0.000000
vn 0.000000 -1.000000 0.000000
vn 0.000000 -1.000000 0.000000
vn 0.000000 -1.000000 0.000000
vn 0.000000 -1.000000 0.000000
vn 0.000000 -1.000000 0.000000
vn 0.000000 -1.000000 0.000000
vn 0.000000 -1.000000 0.000000
vn 0.000000 -1.000000 0.000000
vn 0.000000 -1.000000 0.000000
vn 0.000000 -1.000000 0.000000
vn 0.000000 -1.000000 0.000000
vn 0.000000 -1.000000 0.000000
vn 0.000000 -1.000000 0.000000
vn 0.000000 -1.000000 0.000000
vn 0.000000 -1.000000 0.000000
vn 0.000000 -1.000000 0.000000
vn 0.000000 -1.000000 0.000000
vn 0.000000 -1.000000 0.000000
vn 0.000000 -1.000000 0.000000
vn 0.000000 -1.000000 0.000000
vn 0.000000 -1.000000 0.000000
vn 0.000000 -1.000000 0.000000
vn 0.000000 -1.000000 0.000000
vn 0.000000 -1.000000 0.000000
vn 0.000000 -1.000000 0.000000
vn 0.000000 -1.000000 0.000000
vn 0.000000 -1.000000 0.000000
vn 0.000000 -1.000000 0.000000
vn 0.000000 -1.000000 0.000000
vn 0.000000 -1.000000 0.000000
vn 0.000000 -1.000000 0.000000
vn 0.000000 -1.000000 0.000000
vn 0.000000 -1.000000 0.000000
vn 0.000000 -1.000000 0.000000
vn 0.000000 -1.000000 0.000000
vn 0.000000 -1.000000 0.000000
vn 0.000000 -1.000000 0.000000
vn 0.000000 -1.000000 0.000000
vn 0.000000 -1.000000 0.000000
vn 0.000000 -1.000000 0.000000
vn 0.000000 -1.000000 0.000000
vn 0.000000 -1.000000 0.000000
vn 0.000000 -1.000000 0.000000
vn 0.000000 -1.000000 0.000000
vn 0.000000 -1.000000 0.000000
vn 0.000000 -1.000000 0.000000
vn 0.000000 -1.000000 0.000000
vn 0.000000 -1.000000 0.000000
vn 0.000000 -1.000000 0.000000
vn 0.000000 -1.000000 0.000000
vn 0.000000 -1.000000 0.000000
vn 0.000000 -1.000000 0.000000
vn 0.000000 -1.000000 0.000000
vn 0.000000 -1.000000 0.000000
vn 0.000000 -1.000000 0.000000
vn 0.000000 -1.000000 0.000000
vn 0.000000 -1.000000 0.000000
vn 0.000000 -1.000000 0.000000
vn 0.000000 -1.000000 0.000000
vn 0.000000 -1.000000 0.000000
vn 0.000000 -1.000000 0.000000
vn 0.000000 -1.000000 0.000000
vn 0.000000 -1.000000 0.000000
vn 0.000000 -1.000000 0.000000
vn 0.000000 -1.000000 0.000000
vn 0.000000 -1.000000 0.000000
vn 0.000000 -1.000000 0.000000
vn 0.000000 -1.000000 0.000000
vn 0.000000 -1.000000 0.000000
vn 0.000000 -1.000000 0.000000
vn 0.000000 -1.000000 0.000000
vn 0.000000 -1.000000 0.000000
vn 0.000000 -1.000000 0.000000
vn 0.000000 -1.000000 0.000000
vn 0.000000 -1.000000 0.000000
vn 0.000000 -1.000000 0.000000
vn 0.000000 -1.000000 0.000000
vn 0.000000 -1.000000 0.000000
vn 0.000000 -1.000000 0.000000
vn 0.000000 -1.000000 0.000000
vn 0.000000 -1.000000 0.000000
vn 0.000000 -1.000000 0.000000
vn 0.000000 -1.000000 0.000000
vn 0.000000 -1.000000 0.000000
vn 0.000000 -1.000000 0.000000
s 1
g GRP_Architecture Backrooms_Level0_Master_GRP ENV_Ceiling_Tiles
f 533/581/661 534/582/662 549/597/663 548/596/664
f 534/582/662 535/583/665 550/598/666 549/597/663
f 535/583/665 536/584/667 551/599/668 550/598/666
f 536/584/667 537/585/669 552/600/670 551/599/668
f 537/585/669 538/586/671 553/601/672 552/600/670
f 538/586/671 539/587/673 554/602/674 553/601/672
f 539/587/673 540/588/675 555/603/676 554/602/674
f 540/588/675 541/589/677 556/604/678 555/603/676
f 541/589/677 542/590/679 557/605/680 556/604/678
f 542/590/679 543/591/681 558/606/682 557/605/680
f 543/591/681 544/592/683 559/607/684 558/606/682
f 544/592/683 545/593/685 560/608/686 559/607/684
f 545/593/685 546/594/687 561/609/688 560/608/686
f 546/594/687 547/595/689 562/610/690 561/609/688
f 548/596/664 549/597/663 564/612/691 563/611/692
f 549/597/663 550/598/666 565/613/693 564/612/691
f 550/598/666 551/599/668 566/614/694 565/613/693
f 551/599/668 552/600/670 567/615/695 566/614/694
f 552/600/670 553/601/672 568/616/696 567/615/695
f 553/601/672 554/602/674 569/617/697 568/616/696
f 554/602/674 555/603/676 570/618/698 569/617/697
f 555/603/676 556/604/678 571/619/699 570/618/698
f 556/604/678 557/605/680 572/620/700 571/619/699
f 557/605/680 558/606/682 573/621/701 572/620/700
f 558/606/682 559/607/684 574/622/702 573/621/701
f 559/607/684 560/608/686 575/623/703 574/622/702
f 560/608/686 561/609/688 576/624/704 575/623/703
f 561/609/688 562/610/690 577/625/705 576/624/704
f 563/611/692 564/612/691 579/627/706 578/626/707
f 564/612/691 565/613/693 580/628/708 579/627/706
f 565/613/693 566/614/694 581/629/709 580/628/708
f 566/614/694 567/615/695 582/630/710 581/629/709
f 567/615/695 568/616/696 583/631/711 582/630/710
f 568/616/696 569/617/697 584/632/712 583/631/711
f 569/617/697 570/618/698 585/633/713 584/632/712
f 570/618/698 571/619/699 586/634/714 585/633/713
f 571/619/699 572/620/700 587/635/715 586/634/714
f 572/620/700 573/621/701 588/636/716 587/635/715
f 573/621/701 574/622/702 589/637/717 588/636/716
f 574/622/702 575/623/703 590/638/718 589/637/717
f 575/623/703 576/624/704 591/639/719 590/638/718
f 576/624/704 577/625/705 592/640/720 591/639/719
f 578/626/707 579/627/706 594/642/721 593/641/722
f 579/627/706 580/628/708 595/643/723 594/642/721
f 580/628/708 581/629/709 596/644/724 595/643/723
f 581/629/709 582/630/710 597/645/725 596/644/724
f 582/630/710 583/631/711 598/646/726 597/645/725
f 583/631/711 584/632/712 599/647/727 598/646/726
f 584/632/712 585/633/713 600/648/728 599/647/727
f 585/633/713 586/634/714 601/649/729 600/648/728
f 586/634/714 587/635/715 602/650/730 601/649/729
f 587/635/715 588/636/716 603/651/731 602/650/730
f 588/636/716 589/637/717 604/652/732 603/651/731
f 589/637/717 590/638/718 605/653/733 604/652/732
f 590/638/718 591/639/719 606/654/734 605/653/733
f 591/639/719 592/640/720 607/655/735 606/654/734
f 593/641/722 594/642/721 609/657/736 608/656/737
f 594/642/721 595/643/723 610/658/738 609/657/736
f 595/643/723 596/644/724 611/659/739 610/658/738
f 596/644/724 597/645/725 612/660/740 611/659/739
f 597/645/725 598/646/726 613/661/741 612/660/740
f 598/646/726 599/647/727 614/662/742 613/661/741
f 599/647/727 600/648/728 615/663/743 614/662/742
f 600/648/728 601/649/729 616/664/744 615/663/743
f 601/649/729 602/650/730 617/665/745 616/664/744
f 602/650/730 603/651/731 618/666/746 617/665/745
f 603/651/731 604/652/732 619/667/747 618/666/746
f 604/652/732 605/653/733 620/668/748 619/667/747
f 605/653/733 606/654/734 621/669/749 620/668/748
f 606/654/734 607/655/735 622/670/750 621/669/749
f 608/656/737 609/657/736 624/672/751 623/671/752
f 609/657/736 610/658/738 625/673/753 624/672/751
f 610/658/738 611/659/739 626/674/754 625/673/753
f 611/659/739 612/660/740 627/675/755 626/674/754
f 612/660/740 613/661/741 628/676/756 627/675/755
f 613/661/741 614/662/742 629/677/757 628/676/756
f 614/662/742 615/663/743 630/678/758 629/677/757
f 615/663/743 616/664/744 631/679/759 630/678/758
f 616/664/744 617/665/745 632/680/760 631/679/759
f 617/665/745 618/666/746 633/681/761 632/680/760
f 618/666/746 619/667/747 634/682/762 633/681/761
f 619/667/747 620/668/748 635/683/763 634/682/762
f 620/668/748 621/669/749 636/684/764 635/683/763
f 621/669/749 622/670/750 637/685/765 636/684/764
f 623/671/752 624/672/751 639/687/766 638/686/767
f 624/672/751 625/673/753 640/688/768 639/687/766
f 625/673/753 626/674/754 641/689/769 640/688/768
f 626/674/754 627/675/755 642/690/770 641/689/769
f 627/675/755 628/676/756 643/691/771 642/690/770
f 628/676/756 629/677/757 644/692/772 643/691/771
f 629/677/757 630/678/758 645/693/773 644/692/772
f 630/678/758 631/679/759 646/694/774 645/693/773
f 631/679/759 632/680/760 647/695/775 646/694/774
f 632/680/760 633/681/761 648/696/776 647/695/775
f 633/681/761 634/682/762 649/697/777 648/696/776
f 634/682/762 635/683/763 650/698/778 649/697/777
f 635/683/763 636/684/764 651/699/779 650/698/778
f 636/684/764 637/685/765 652/700/780 651/699/779
f 638/686/767 639/687/766 654/702/781 653/701/782
f 639/687/766 640/688/768 655/703/783 654/702/781
f 640/688/768 641/689/769 656/704/784 655/703/783
f 641/689/769 642/690/770 657/705/785 656/704/784
f 642/690/770 643/691/771 658/706/786 657/705/785
f 643/691/771 644/692/772 659/707/787 658/706/786
f 644/692/772 645/693/773 660/708/788 659/707/787
f 645/693/773 646/694/774 661/709/789 660/708/788
f 646/694/774 647/695/775 662/710/790 661/709/789
f 647/695/775 648/696/776 663/711/791 662/710/790
f 648/696/776 649/697/777 664/712/792 663/711/791
f 649/697/777 650/698/778 665/713/793 664/712/792
f 650/698/778 651/699/779 666/714/794 665/713/793
f 651/699/779 652/700/780 667/715/795 666/714/794
f 653/701/782 654/702/781 669/717/796 668/716/797
f 654/702/781 655/703/783 670/718/798 669/717/796
f 655/703/783 656/704/784 671/719/799 670/718/798
f 656/704/784 657/705/785 672/720/800 671/719/799
f 657/705/785 658/706/786 673/721/801 672/720/800
f 658/706/786 659/707/787 674/722/802 673/721/801
f 659/707/787 660/708/788 675/723/803 674/722/802
f 660/708/788 661/709/789 676/724/804 675/723/803
f 661/709/789 662/710/790 677/725/805 676/724/804
f 662/710/790 663/711/791 678/726/806 677/725/805
f 663/711/791 664/712/792 679/727/807 678/726/806
f 664/712/792 665/713/793 680/728/808 679/727/807
f 665/713/793 666/714/794 681/729/809 680/728/808
f 666/714/794 667/715/795 682/730/810 681/729/809
f 668/716/797 669/717/796 684/732/811 683/731/812
f 669/717/796 670/718/798 685/733/813 684/732/811
f 670/718/798 671/719/799 686/734/814 685/733/813
f 671/719/799 672/720/800 687/735/815 686/734/814
f 672/720/800 673/721/801 688/736/816 687/735/815
f 673/721/801 674/722/802 689/737/817 688/736/816
f 674/722/802 675/723/803 690/738/818 689/737/817
f 675/723/803 676/724/804 691/739/819 690/738/818
f 676/724/804 677/725/805 692/740/820 691/739/819
f 677/725/805 678/726/806 693/741/821 692/740/820
f 678/726/806 679/727/807 694/742/822 693/741/821
f 679/727/807 680/728/808 695/743/823 694/742/822
f 680/728/808 681/729/809 696/744/824 695/743/823
f 681/729/809 682/730/810 697/745/825 696/744/824
f 683/731/812 684/732/811 699/747/826 698/746/827
f 684/732/811 685/733/813 700/748/828 699/747/826
f 685/733/813 686/734/814 701/749/829 700/748/828
f 686/734/814 687/735/815 702/750/830 701/749/829
f 687/735/815 688/736/816 703/751/831 702/750/830
f 688/736/816 689/737/817 704/752/832 703/751/831
f 689/737/817 690/738/818 705/753/833 704/752/832
f 690/738/818 691/739/819 706/754/834 705/753/833
f 691/739/819 692/740/820 707/755/835 706/754/834
f 692/740/820 693/741/821 708/756/836 707/755/835
f 693/741/821 694/742/822 709/757/837 708/756/836
f 694/742/822 695/743/823 710/758/838 709/757/837
f 695/743/823 696/744/824 711/759/839 710/758/838
f 696/744/824 697/745/825 712/760/840 711/759/839
f 698/746/827 699/747/826 714/762/841 713/761/842
f 699/747/826 700/748/828 715/763/843 714/762/841
f 700/748/828 701/749/829 716/764/844 715/763/843
f 701/749/829 702/750/830 717/765/845 716/764/844
f 702/750/830 703/751/831 718/766/846 717/765/845
f 703/751/831 704/752/832 719/767/847 718/766/846
f 704/752/832 705/753/833 720/768/848 719/767/847
f 705/753/833 706/754/834 721/769/849 720/768/848
f 706/754/834 707/755/835 722/770/850 721/769/849
f 707/755/835 708/756/836 723/771/851 722/770/850
f 708/756/836 709/757/837 724/772/852 723/771/851
f 709/757/837 710/758/838 725/773/853 724/772/852
f 710/758/838 711/759/839 726/774/854 725/773/853
f 711/759/839 712/760/840 727/775/855 726/774/854
f 713/761/842 714/762/841 729/777/856 728/776/857
f 714/762/841 715/763/843 730/778/858 729/777/856
f 715/763/843 716/764/844 731/779/859 730/778/858
f 716/764/844 717/765/845 732/780/860 731/779/859
f 717/765/845 718/766/846 733/781/861 732/780/860
f 718/766/846 719/767/847 734/782/862 733/781/861
f 719/767/847 720/768/848 735/783/863 734/782/862
f 720/768/848 721/769/849 736/784/864 735/783/863
f 721/769/849 722/770/850 737/785/865 736/784/864
f 722/770/850 723/771/851 738/786/866 737/785/865
f 723/771/851 724/772/852 739/787/867 738/786/866
f 724/772/852 725/773/853 740/788/868 739/787/867
f 725/773/853 726/774/854 741/789/869 740/788/868
f 726/774/854 727/775/855 742/790/870 741/789/869
f 728/776/857 729/777/856 744/792/871 743/791/872
f 729/777/856 730/778/858 745/793/873 744/792/871
f 730/778/858 731/779/859 746/794/874 745/793/873
f 731/779/859 732/780/860 747/795/875 746/794/874
f 732/780/860 733/781/861 748/796/876 747/795/875
f 733/781/861 734/782/862 749/797/877 748/796/876
f 734/782/862 735/783/863 750/798/878 749/797/877
f 735/783/863 736/784/864 751/799/879 750/798/878
f 736/784/864 737/785/865 752/800/880 751/799/879
f 737/785/865 738/786/866 753/801/881 752/800/880
f 738/786/866 739/787/867 754/802/882 753/801/881
f 739/787/867 740/788/868 755/803/883 754/802/882
f 740/788/868 741/789/869 756/804/884 755/803/883
f 741/789/869 742/790/870 757/805/885 756/804/884
g default
v -420.000000 300.000000 -420.000000
v -360.000000 300.000000 -420.000000
v -300.000000 300.000000 -420.000000
v -240.000000 300.000000 -420.000000
v -180.000000 300.000000 -420.000000
v -120.000000 300.000000 -420.000000
v -60.000000 300.000000 -420.000000
v 0.000000 300.000000 -420.000000
v 60.000000 300.000000 -420.000000
v 120.000000 300.000000 -420.000000
v 180.000000 300.000000 -420.000000
v 240.000000 300.000000 -420.000000
v 300.000000 300.000000 -420.000000
v 360.000000 300.000000 -420.000000
v 420.000000 300.000000 -420.000000
v -420.000000 300.000000 -360.000000
v -360.000000 300.000000 -360.000000
v -300.000000 300.000000 -360.000000
v -240.000000 300.000000 -360.000000
v -180.000000 300.000000 -360.000000
v -120.000000 300.000000 -360.000000
v -60.000000 300.000000 -360.000000
v 0.000000 300.000000 -360.000000
v 60.000000 300.000000 -360.000000
v 120.000000 300.000000 -360.000000
v 180.000000 300.000000 -360.000000
v 240.000000 300.000000 -360.000000
v 300.000000 300.000000 -360.000000
v 360.000000 300.000000 -360.000000
v 420.000000 300.000000 -360.000000
v -420.000000 300.000000 -300.000000
v -360.000000 300.000000 -300.000000
v -300.000000 300.000000 -300.000000
v -240.000000 300.000000 -300.000000
v -180.000000 300.000000 -300.000000
v -120.000000 300.000000 -300.000000
v -60.000000 300.000000 -300.000000
v 0.000000 300.000000 -300.000000
v 60.000000 300.000000 -300.000000
v 120.000000 300.000000 -300.000000
v 180.000000 300.000000 -300.000000
v 240.000000 300.000000 -300.000000
v 300.000000 300.000000 -300.000000
v 360.000000 300.000000 -300.000000
v 420.000000 300.000000 -300.000000
v -420.000000 300.000000 -240.000000
v -360.000000 300.000000 -240.000000
v -300.000000 300.000000 -240.000000
v -240.000000 300.000000 -240.000000
v -180.000000 300.000000 -240.000000
v -120.000000 300.000000 -240.000000
v -60.000000 300.000000 -240.000000
v 0.000000 300.000000 -240.000000
v 60.000000 300.000000 -240.000000
v 120.000000 300.000000 -240.000000
v 180.000000 300.000000 -240.000000
v 240.000000 300.000000 -240.000000
v 300.000000 300.000000 -240.000000
v 360.000000 300.000000 -240.000000
v 420.000000 300.000000 -240.000000
v -420.000000 300.000000 -180.000000
v -360.000000 300.000000 -180.000000
v -300.000000 300.000000 -180.000000
v -240.000000 300.000000 -180.000000
v -180.000000 300.000000 -180.000000
v -120.000000 300.000000 -180.000000
v -60.000000 300.000000 -180.000000
v 0.000000 300.000000 -180.000000
v 60.000000 300.000000 -180.000000
v 120.000000 300.000000 -180.000000
v 180.000000 300.000000 -180.000000
v 240.000000 300.000000 -180.000000
v 300.000000 300.000000 -180.000000
v 360.000000 300.000000 -180.000000
v 420.000000 300.000000 -180.000000
v -420.000000 300.000000 -120.000000
v -360.000000 300.000000 -120.000000
v -300.000000 300.000000 -120.000000
v -240.000000 300.000000 -120.000000
v -180.000000 300.000000 -120.000000
v -120.000000 300.000000 -120.000000
v -60.000000 300.000000 -120.000000
v 0.000000 300.000000 -120.000000
v 60.000000 300.000000 -120.000000
v 120.000000 300.000000 -120.000000
v 180.000000 300.000000 -120.000000
v 240.000000 300.000000 -120.000000
v 300.000000 300.000000 -120.000000
v 360.000000 300.000000 -120.000000
v 420.000000 300.000000 -120.000000
v -420.000000 300.000000 -60.000000
v -360.000000 300.000000 -60.000000
v -300.000000 300.000000 -60.000000
v -240.000000 300.000000 -60.000000
v -180.000000 300.000000 -60.000000
v -120.000000 300.000000 -60.000000
v -60.000000 300.000000 -60.000000
v 0.000000 300.000000 -60.000000
v 60.000000 300.000000 -60.000000
v 120.000000 300.000000 -60.000000
v 180.000000 300.000000 -60.000000
v 240.000000 300.000000 -60.000000
v 300.000000 300.000000 -60.000000
v 360.000000 300.000000 -60.000000
v 420.000000 300.000000 -60.000000
v -420.000000 300.000000 0.000000
v -360.000000 300.000000 0.000000
v -300.000000 300.000000 0.000000
v -240.000000 300.000000 0.000000
v -180.000000 300.000000 0.000000
v -120.000000 300.000000 0.000000
v -60.000000 300.000000 0.000000
v 0.000000 300.000000 0.000000
v 60.000000 300.000000 0.000000
v 120.000000 300.000000 0.000000
v 180.000000 300.000000 0.000000
v 240.000000 300.000000 0.000000
v 300.000000 300.000000 0.000000
v 360.000000 300.000000 0.000000
v 420.000000 300.000000 0.000000
v -420.000000 300.000000 60.000000
v -360.000000 300.000000 60.000000
v -300.000000 300.000000 60.000000
v -240.000000 300.000000 60.000000
v -180.000000 300.000000 60.000000
v -120.000000 300.000000 60.000000
v -60.000000 300.000000 60.000000
v 0.000000 300.000000 60.000000
v 60.000000 300.000000 60.000000
v 120.000000 300.000000 60.000000
v 180.000000 300.000000 60.000000
v 240.000000 300.000000 60.000000
v 300.000000 300.000000 60.000000
v 360.000000 300.000000 60.000000
v 420.000000 300.000000 60.000000
v -420.000000 300.000000 120.000000
v -360.000000 300.000000 120.000000
v -300.000000 300.000000 120.000000
v -240.000000 300.000000 120.000000
v -180.000000 300.000000 120.000000
v -120.000000 300.000000 120.000000
v -60.000000 300.000000 120.000000
v 0.000000 300.000000 120.000000
v 60.000000 300.000000 120.000000
v 120.000000 300.000000 120.000000
v 180.000000 300.000000 120.000000
v 240.000000 300.000000 120.000000
v 300.000000 300.000000 120.000000
v 360.000000 300.000000 120.000000
v 420.000000 300.000000 120.000000
v -420.000000 300.000000 180.000000
v -360.000000 300.000000 180.000000
v -300.000000 300.000000 180.000000
v -240.000000 300.000000 180.000000
v -180.000000 300.000000 180.000000
v -120.000000 300.000000 180.000000
v -60.000000 300.000000 180.000000
v 0.000000 300.000000 180.000000
v 60.000000 300.000000 180.000000
v 120.000000 300.000000 180.000000
v 180.000000 300.000000 180.000000
v 240.000000 300.000000 180.000000
v 300.000000 300.000000 180.000000
v 360.000000 300.000000 180.000000
v 420.000000 300.000000 180.000000
v -420.000000 300.000000 240.000000
v -360.000000 300.000000 240.000000
v -300.000000 300.000000 240.000000
v -240.000000 300.000000 240.000000
v -180.000000 300.000000 240.000000
v -120.000000 300.000000 240.000000
v -60.000000 300.000000 240.000000
v 0.000000 300.000000 240.000000
v 60.000000 300.000000 240.000000
v 120.000000 300.000000 240.000000
v 180.000000 300.000000 240.000000
v 240.000000 300.000000 240.000000
v 300.000000 300.000000 240.000000
v 360.000000 300.000000 240.000000
v 420.000000 300.000000 240.000000
v -420.000000 300.000000 300.000000
v -360.000000 300.000000 300.000000
v -300.000000 300.000000 300.000000
v -240.000000 300.000000 300.000000
v -180.000000 300.000000 300.000000
v -120.000000 300.000000 300.000000
v -60.000000 300.000000 300.000000
v 0.000000 300.000000 300.000000
v 60.000000 300.000000 300.000000
v 120.000000 300.000000 300.000000
v 180.000000 300.000000 300.000000
v 240.000000 300.000000 300.000000
v 300.000000 300.000000 300.000000
v 360.000000 300.000000 300.000000
v 420.000000 300.000000 300.000000
v -420.000000 300.000000 360.000000
v -360.000000 300.000000 360.000000
v -300.000000 300.000000 360.000000
v -240.000000 300.000000 360.000000
v -180.000000 300.000000 360.000000
v -120.000000 300.000000 360.000000
v -60.000000 300.000000 360.000000
v 0.000000 300.000000 360.000000
v 60.000000 300.000000 360.000000
v 120.000000 300.000000 360.000000
v 180.000000 300.000000 360.000000
v 240.000000 300.000000 360.000000
v 300.000000 300.000000 360.000000
v 360.000000 300.000000 360.000000
v 420.000000 300.000000 360.000000
v -420.000000 300.000000 420.000000
v -360.000000 300.000000 420.000000
v -300.000000 300.000000 420.000000
v -240.000000 300.000000 420.000000
v -180.000000 300.000000 420.000000
v -120.000000 300.000000 420.000000
v -60.000000 300.000000 420.000000
v 0.000000 300.000000 420.000000
v 60.000000 300.000000 420.000000
v 120.000000 300.000000 420.000000
v 180.000000 300.000000 420.000000
v 240.000000 300.000000 420.000000
v 300.000000 300.000000 420.000000
v 360.000000 300.000000 420.000000
v 420.000000 300.000000 420.000000
vt 0.000000 0.000000
vt 0.071429 0.000000
vt 0.142857 0.000000
vt 0.214286 0.000000
vt 0.285714 0.000000
vt 0.357143 0.000000
vt 0.428571 0.000000
vt 0.500000 0.000000
vt 0.571429 0.000000
vt 0.642857 0.000000
vt 0.714286 0.000000
vt 0.785714 0.000000
vt 0.857143 0.000000
vt 0.928571 0.000000
vt 1.000000 0.000000
vt 0.000000 0.071429
vt 0.071429 0.071429
vt 0.142857 0.071429
vt 0.214286 0.071429
vt 0.285714 0.071429
vt 0.357143 0.071429
vt 0.428571 0.071429
vt 0.500000 0.071429
vt 0.571429 0.071429
vt 0.642857 0.071429
vt 0.714286 0.071429
vt 0.785714 0.071429
vt 0.857143 0.071429
vt 0.928571 0.071429
vt 1.000000 0.071429
vt 0.000000 0.142857
vt 0.071429 0.142857
vt 0.142857 0.142857
vt 0.214286 0.142857
vt 0.285714 0.142857
vt 0.357143 0.142857
vt 0.428571 0.142857
vt 0.500000 0.142857
vt 0.571429 0.142857
vt 0.642857 0.142857
vt 0.714286 0.142857
vt 0.785714 0.142857
vt 0.857143 0.142857
vt 0.928571 0.142857
vt 1.000000 0.142857
vt 0.000000 0.214286
vt 0.071429 0.214286
vt 0.142857 0.214286
vt 0.214286 0.214286
vt 0.285714 0.214286
vt 0.357143 0.214286
vt 0.428571 0.214286
vt 0.500000 0.214286
vt 0.571429 0.214286
vt 0.642857 0.214286
vt 0.714286 0.214286
vt 0.785714 0.214286
vt 0.857143 0.214286
vt 0.928571 0.214286
vt 1.000000 0.214286
vt 0.000000 0.285714
vt 0.071429 0.285714
vt 0.142857 0.285714
vt 0.214286 0.285714
vt 0.285714 0.285714
vt 0.357143 0.285714
vt 0.428571 0.285714
vt 0.500000 0.285714
vt 0.571429 0.285714
vt 0.642857 0.285714
vt 0.714286 0.285714
vt 0.785714 0.285714
vt 0.857143 0.285714
vt 0.928571 0.285714
vt 1.000000 0.285714
vt 0.000000 0.357143
vt 0.071429 0.357143
vt 0.142857 0.357143
vt 0.214286 0.357143
vt 0.285714 0.357143
vt 0.357143 0.357143
vt 0.428571 0.357143
vt 0.500000 0.357143
vt 0.571429 0.357143
vt 0.642857 0.357143
vt 0.714286 0.357143
vt 0.785714 0.357143
vt 0.857143 0.357143
vt 0.928571 0.357143
vt 1.000000 0.357143
vt 0.000000 0.428571
vt 0.071429 0.428571
vt 0.142857 0.428571
vt 0.214286 0.428571
vt 0.285714 0.428571
vt 0.357143 0.428571
vt 0.428571 0.428571
vt 0.500000 0.428571
vt 0.571429 0.428571
vt 0.642857 0.428571
vt 0.714286 0.428571
vt 0.785714 0.428571
vt 0.857143 0.428571
vt 0.928571 0.428571
vt 1.000000 0.428571
vt 0.000000 0.500000
vt 0.071429 0.500000
vt 0.142857 0.500000
vt 0.214286 0.500000
vt 0.285714 0.500000
vt 0.357143 0.500000
vt 0.428571 0.500000
vt 0.500000 0.500000
vt 0.571429 0.500000
vt 0.642857 0.500000
vt 0.714286 0.500000
vt 0.785714 0.500000
vt 0.857143 0.500000
vt 0.928571 0.500000
vt 1.000000 0.500000
vt 0.000000 0.571429
vt 0.071429 0.571429
vt 0.142857 0.571429
vt 0.214286 0.571429
vt 0.285714 0.571429
vt 0.357143 0.571429
vt 0.428571 0.571429
vt 0.500000 0.571429
vt 0.571429 0.571429
vt 0.642857 0.571429
vt 0.714286 0.571429
vt 0.785714 0.571429
vt 0.857143 0.571429
vt 0.928571 0.571429
vt 1.000000 0.571429
vt 0.000000 0.642857
vt 0.071429 0.642857
vt 0.142857 0.642857
vt 0.214286 0.642857
vt 0.285714 0.642857
vt 0.357143 0.642857
vt 0.428571 0.642857
vt 0.500000 0.642857
vt 0.571429 0.642857
vt 0.642857 0.642857
vt 0.714286 0.642857
vt 0.785714 0.642857
vt 0.857143 0.642857
vt 0.928571 0.642857
vt 1.000000 0.642857
vt 0.000000 0.714286
vt 0.071429 0.714286
vt 0.142857 0.714286
vt 0.214286 0.714286
vt 0.285714 0.714286
vt 0.357143 0.714286
vt 0.428571 0.714286
vt 0.500000 0.714286
vt 0.571429 0.714286
vt 0.642857 0.714286
vt 0.714286 0.714286
vt 0.785714 0.714286
vt 0.857143 0.714286
vt 0.928571 0.714286
vt 1.000000 0.714286
vt 0.000000 0.785714
vt 0.071429 0.785714
vt 0.142857 0.785714
vt 0.214286 0.785714
vt 0.285714 0.785714
vt 0.357143 0.785714
vt 0.428571 0.785714
vt 0.500000 0.785714
vt 0.571429 0.785714
vt 0.642857 0.785714
vt 0.714286 0.785714
vt 0.785714 0.785714
vt 0.857143 0.785714
vt 0.928571 0.785714
vt 1.000000 0.785714
vt 0.000000 0.857143
vt 0.071429 0.857143
vt 0.142857 0.857143
vt 0.214286 0.857143
vt 0.285714 0.857143
vt 0.357143 0.857143
vt 0.428571 0.857143
vt 0.500000 0.857143
vt 0.571429 0.857143
vt 0.642857 0.857143
vt 0.714286 0.857143
vt 0.785714 0.857143
vt 0.857143 0.857143
vt 0.928571 0.857143
vt 1.000000 0.857143
vt 0.000000 0.928571
vt 0.071429 0.928571
vt 0.142857 0.928571
vt 0.214286 0.928571
vt 0.285714 0.928571
vt 0.357143 0.928571
vt 0.428571 0.928571
vt 0.500000 0.928571
vt 0.571429 0.928571
vt 0.642857 0.928571
vt 0.714286 0.928571
vt 0.785714 0.928571
vt 0.857143 0.928571
vt 0.928571 0.928571
vt 1.000000 0.928571
vt 0.000000 1.000000
vt 0.071429 1.000000
vt 0.142857 1.000000
vt 0.214286 1.000000
vt 0.285714 1.000000
vt 0.357143 1.000000
vt 0.428571 1.000000
vt 0.500000 1.000000
vt 0.571429 1.000000
vt 0.642857 1.000000
vt 0.714286 1.000000
vt 0.785714 1.000000
vt 0.857143 1.000000
vt 0.928571 1.000000
vt 1.000000 1.000000
vn 0.000000 -1.000000 0.000000
vn 0.000000 -1.000000 0.000000
vn 0.000000 -1.000000 0.000000
vn 0.000000 -1.000000 0.000000
vn 0.000000 -1.000000 0.000000
vn 0.000000 -1.000000 0.000000
vn 0.000000 -1.000000 0.000000
vn 0.000000 -1.000000 0.000000
vn 0.000000 -1.000000 0.000000
vn 0.000000 -1.000000 0.000000
vn 0.000000 -1.000000 0.000000
vn 0.000000 -1.000000 0.000000
vn 0.000000 -1.000000 0.000000
vn 0.000000 -1.000000 0.000000
vn 0.000000 -1.000000 0.000000
vn 0.000000 -1.000000 0.000000
vn 0.000000 -1.000000 0.000000
vn 0.000000 -1.000000 0.000000
vn 0.000000 -1.000000 0.000000
vn 0.000000 -1.000000 0.000000
vn 0.000000 -1.000000 0.000000
vn 0.000000 -1.000000 0.000000
vn 0.000000 -1.000000 0.000000
vn 0.000000 -1.000000 0.000000
vn 0.000000 -1.000000 0.000000
vn 0.000000 -1.000000 0.000000
vn 0.000000 -1.000000 0.000000
vn 0.000000 -1.000000 0.000000
vn 0.000000 -1.000000 0.000000
vn 0.000000 -1.000000 0.000000
vn 0.000000 -1.000000 0.000000
vn 0.000000 -1.000000 0.000000
vn 0.000000 -1.000000 0.000000
vn 0.000000 -1.000000 0.000000
vn 0.000000 -1.000000 0.000000
vn 0.000000 -1.000000 0.000000
vn 0.000000 -1.000000 0.000000
vn 0.000000 -1.000000 0.000000
vn 0.000000 -1.000000 0.000000
vn 0.000000 -1.000000 0.000000
vn 0.000000 -1.000000 0.000000
vn 0.000000 -1.000000 0.000000
vn 0.000000 -1.000000 0.000000
vn 0.000000 -1.000000 0.000000
vn 0.000000 -1.000000 0.000000
vn 0.000000 -1.000000 0.000000
vn 0.000000 -1.000000 0.000000
vn 0.000000 -1.000000 0.000000
vn 0.000000 -1.000000 0.000000
vn 0.000000 -1.000000 0.000000
vn 0.000000 -1.000000 0.000000
vn 0.000000 -1.000000 0.000000
vn 0.000000 -1.000000 0.000000
vn 0.000000 -1.000000 0.000000
vn 0.000000 -1.000000 0.000000
vn 0.000000 -1.000000 0.000000
vn 0.000000 -1.000000 0.000000
vn 0.000000 -1.000000 0.000000
vn 0.000000 -1.000000 0.000000
vn 0.000000 -1.000000 0.000000
vn 0.000000 -1.000000 0.000000
vn 0.000000 -1.000000 0.000000
vn 0.000000 -1.000000 0.000000
vn 0.000000 -1.000000 0.000000
vn 0.000000 -1.000000 0.000000
vn 0.000000 -1.000000 0.000000
vn 0.000000 -1.000000 0.000000
vn 0.000000 -1.000000 0.000000
vn 0.000000 -1.000000 0.000000
vn 0.000000 -1.000000 0.000000
vn 0.000000 -1.000000 0.000000
vn 0.000000 -1.000000 0.000000
vn 0.000000 -1.000000 0.000000
vn 0.000000 -1.000000 0.000000
vn 0.000000 -1.000000 0.000000
vn 0.000000 -1.000000 0.000000
vn 0.000000 -1.000000 0.000000
vn 0.000000 -1.000000 0.000000
vn 0.000000 -1.000000 0.000000
vn 0.000000 -1.000000 0.000000
vn 0.000000 -1.000000 0.000000
vn 0.000000 -1.000000 0.000000
vn 0.000000 -1.000000 0.000000
vn 0.000000 -1.000000 0.000000
vn 0.000000 -1.000000 0.000000
vn 0.000000 -1.000000 0.000000
vn 0.000000 -1.000000 0.000000
vn 0.000000 -1.000000 0.000000
vn 0.000000 -1.000000 0.000000
vn 0.000000 -1.000000 0.000000
vn 0.000000 -1.000000 0.000000
vn 0.000000 -1.000000 0.000000
vn 0.000000 -1.000000 0.000000
vn 0.000000 -1.000000 0.000000
vn 0.000000 -1.000000 0.000000
vn 0.000000 -1.000000 0.000000
vn 0.000000 -1.000000 0.000000
vn 0.000000 -1.000000 0.000000
vn 0.000000 -1.000000 0.000000
vn 0.000000 -1.000000 0.000000
vn 0.000000 -1.000000 0.000000
vn 0.000000 -1.000000 0.000000
vn 0.000000 -1.000000 0.000000
vn 0.000000 -1.000000 0.000000
vn 0.000000 -1.000000 0.000000
vn 0.000000 -1.000000 0.000000
vn 0.000000 -1.000000 0.000000
vn 0.000000 -1.000000 0.000000
vn 0.000000 -1.000000 0.000000
vn 0.000000 -1.000000 0.000000
vn 0.000000 -1.000000 0.000000
vn 0.000000 -1.000000 0.000000
vn 0.000000 -1.000000 0.000000
vn 0.000000 -1.000000 0.000000
vn 0.000000 -1.000000 0.000000
vn 0.000000 -1.000000 0.000000
vn 0.000000 -1.000000 0.000000
vn 0.000000 -1.000000 0.000000
vn 0.000000 -1.000000 0.000000
vn 0.000000 -1.000000 0.000000
vn 0.000000 -1.000000 0.000000
vn 0.000000 -1.000000 0.000000
vn 0.000000 -1.000000 0.000000
vn 0.000000 -1.000000 0.000000
vn 0.000000 -1.000000 0.000000
vn 0.000000 -1.000000 0.000000
vn 0.000000 -1.000000 0.000000
vn 0.000000 -1.000000 0.000000
vn 0.000000 -1.000000 0.000000
vn 0.000000 -1.000000 0.000000
vn 0.000000 -1.000000 0.000000
vn 0.000000 -1.000000 0.000000
vn 0.000000 -1.000000 0.000000
vn 0.000000 -1.000000 0.000000
vn 0.000000 -1.000000 0.000000
vn 0.000000 -1.000000 0.000000
vn 0.000000 -1.000000 0.000000
vn 0.000000 -1.000000 0.000000
vn 0.000000 -1.000000 0.000000
vn 0.000000 -1.000000 0.000000
vn 0.000000 -1.000000 0.000000
vn 0.000000 -1.000000 0.000000
vn 0.000000 -1.000000 0.000000
vn 0.000000 -1.000000 0.000000
vn 0.000000 -1.000000 0.000000
vn 0.000000 -1.000000 0.000000
vn 0.000000 -1.000000 0.000000
vn 0.000000 -1.000000 0.000000
vn 0.000000 -1.000000 0.000000
vn 0.000000 -1.000000 0.000000
vn 0.000000 -1.000000 0.000000
vn 0.000000 -1.000000 0.000000
vn 0.000000 -1.000000 0.000000
vn 0.000000 -1.000000 0.000000
vn 0.000000 -1.000000 0.000000
vn 0.000000 -1.000000 0.000000
vn 0.000000 -1.000000 0.000000
vn 0.000000 -1.000000 0.000000
vn 0.000000 -1.000000 0.000000
vn 0.000000 -1.000000 0.000000
vn 0.000000 -1.000000 0.000000
vn 0.000000 -1.000000 0.000000
vn 0.000000 -1.000000 0.000000
vn 0.000000 -1.000000 0.000000
vn 0.000000 -1.000000 0.000000
vn 0.000000 -1.000000 0.000000
vn 0.000000 -1.000000 0.000000
vn 0.000000 -1.000000 0.000000
vn 0.000000 -1.000000 0.000000
vn 0.000000 -1.000000 0.000000
vn 0.000000 -1.000000 0.000000
vn 0.000000 -1.000000 0.000000
vn 0.000000 -1.000000 0.000000
vn 0.000000 -1.000000 0.000000
vn 0.000000 -1.000000 0.000000
vn 0.000000 -1.000000 0.000000
vn 0.000000 -1.000000 0.000000
vn 0.000000 -1.000000 0.000000
vn 0.000000 -1.000000 0.000000
vn 0.000000 -1.000000 0.000000
vn 0.000000 -1.000000 0.000000
vn 0.000000 -1.000000 0.000000
vn 0.000000 -1.000000 0.000000
vn 0.000000 -1.000000 0.000000
vn 0.000000 -1.000000 0.000000
vn 0.000000 -1.000000 0.000000
vn 0.000000 -1.000000 0.000000
vn 0.000000 -1.000000 0.000000
vn 0.000000 -1.000000 0.000000
vn 0.000000 -1.000000 0.000000
vn 0.000000 -1.000000 0.000000
vn 0.000000 -1.000000 0.000000
vn 0.000000 -1.000000 0.000000
vn 0.000000 -1.000000 0.000000
vn 0.000000 -1.000000 0.000000
vn 0.000000 -1.000000 0.000000
vn 0.000000 -1.000000 0.000000
vn 0.000000 -1.000000 0.000000
vn 0.000000 -1.000000 0.000000
vn 0.000000 -1.000000 0.000000
vn 0.000000 -1.000000 0.000000
vn 0.000000 -1.000000 0.000000
vn 0.000000 -1.000000 0.000000
vn 0.000000 -1.000000 0.000000
vn 0.000000 -1.000000 0.000000
vn 0.000000 -1.000000 0.000000
vn 0.000000 -1.000000 0.000000
vn 0.000000 -1.000000 0.000000
vn 0.000000 -1.000000 0.000000
vn 0.000000 -1.000000 0.000000
vn 0.000000 -1.000000 0.000000
vn 0.000000 -1.000000 0.000000
vn 0.000000 -1.000000 0.000000
vn 0.000000 -1.000000 0.000000
vn 0.000000 -1.000000 0.000000
vn 0.000000 -1.000000 0.000000
vn 0.000000 -1.000000 0.000000
vn 0.000000 -1.000000 0.000000
vn 0.000000 -1.000000 0.000000
vn 0.000000 -1.000000 0.000000
vn 0.000000 -1.000000 0.000000
vn 0.000000 -1.000000 0.000000
vn 0.000000 -1.000000 0.000000
vn 0.000000 -1.000000 0.000000
vn 0.000000 -1.000000 0.000000
s 1
g GRP_Architecture Backrooms_Level0_Master_GRP ENV_Ceiling_Tiles
f 758/806/886 759/807/887 774/822/888 773/821/889
f 759/807/887 760/808/890 775/823/891 774/822/888
f 760/808/890 761/809/892 776/824/893 775/823/891
f 761/809/892 762/810/894 777/825/895 776/824/893
f 762/810/894 763/811/896 778/826/897 777/825/895
f 763/811/896 764/812/898 779/827/899 778/826/897
f 764/812/898 765/813/900 780/828/901 779/827/899
f 765/813/900 766/814/902 781/829/903 780/828/901
f 766/814/902 767/815/904 782/830/905 781/829/903
f 767/815/904 768/816/906 783/831/907 782/830/905
f 768/816/906 769/817/908 784/832/909 783/831/907
f 769/817/908 770/818/910 785/833/911 784/832/909
f 770/818/910 771/819/912 786/834/913 785/833/911
f 771/819/912 772/820/914 787/835/915 786/834/913
f 773/821/889 774/822/888 789/837/916 788/836/917
f 774/822/888 775/823/891 790/838/918 789/837/916
f 775/823/891 776/824/893 791/839/919 790/838/918
f 776/824/893 777/825/895 792/840/920 791/839/919
f 777/825/895 778/826/897 793/841/921 792/840/920
f 778/826/897 779/827/899 794/842/922 793/841/921
f 779/827/899 780/828/901 795/843/923 794/842/922
f 780/828/901 781/829/903 796/844/924 795/843/923
f 781/829/903 782/830/905 797/845/925 796/844/924
f 782/830/905 783/831/907 798/846/926 797/845/925
f 783/831/907 784/832/909 799/847/927 798/846/926
f 784/832/909 785/833/911 800/848/928 799/847/927
f 785/833/911 786/834/913 801/849/929 800/848/928
f 786/834/913 787/835/915 802/850/930 801/849/929
f 788/836/917 789/837/916 804/852/931 803/851/932
f 789/837/916 790/838/918 805/853/933 804/852/931
f 790/838/918 791/839/919 806/854/934 805/853/933
f 791/839/919 792/840/920 807/855/935 806/854/934
f 792/840/920 793/841/921 808/856/936 807/855/935
f 793/841/921 794/842/922 809/857/937 808/856/936
f 794/842/922 795/843/923 810/858/938 809/857/937
f 795/843/923 796/844/924 811/859/939 810/858/938
f 796/844/924 797/845/925 812/860/940 811/859/939
f 797/845/925 798/846/926 813/861/941 812/860/940
f 798/846/926 799/847/927 814/862/942 813/861/941
f 799/847/927 800/848/928 815/863/943 814/862/942
f 800/848/928 801/849/929 816/864/944 815/863/943
f 801/849/929 802/850/930 817/865/945 816/864/944
f 803/851/932 804/852/931 819/867/946 818/866/947
f 804/852/931 805/853/933 820/868/948 819/867/946
f 805/853/933 806/854/934 821/869/949 820/868/948
f 806/854/934 807/855/935 822/870/950 821/869/949
f 807/855/935 808/856/936 823/871/951 822/870/950
f 808/856/936 809/857/937 824/872/952 823/871/951
f 809/857/937 810/858/938 825/873/953 824/872/952
f 810/858/938 811/859/939 826/874/954 825/873/953
f 811/859/939 812/860/940 827/875/955 826/874/954
f 812/860/940 813/861/941 828/876/956 827/875/955
f 813/861/941 814/862/942 829/877/957 828/876/956
f 814/862/942 815/863/943 830/878/958 829/877/957
f 815/863/943 816/864/944 831/879/959 830/878/958
f 816/864/944 817/865/945 832/880/960 831/879/959
f 818/866/947 819/867/946 834/882/961 833/881/962
f 819/867/946 820/868/948 835/883/963 834/882/961
f 820/868/948 821/869/949 836/884/964 835/883/963
f 821/869/949 822/870/950 837/885/965 836/884/964
f 822/870/950 823/871/951 838/886/966 837/885/965
f 823/871/951 824/872/952 839/887/967 838/886/966
f 824/872/952 825/873/953 840/888/968 839/887/967
f 825/873/953 826/874/954 841/889/969 840/888/968
f 826/874/954 827/875/955 842/890/970 841/889/969
f 827/875/955 828/876/956 843/891/971 842/890/970
f 828/876/956 829/877/957 844/892/972 843/891/971
f 829/877/957 830/878/958 845/893/973 844/892/972
f 830/878/958 831/879/959 846/894/974 845/893/973
f 831/879/959 832/880/960 847/895/975 846/894/974
f 833/881/962 834/882/961 849/897/976 848/896/977
f 834/882/961 835/883/963 850/898/978 849/897/976
f 835/883/963 836/884/964 851/899/979 850/898/978
f 836/884/964 837/885/965 852/900/980 851/899/979
f 837/885/965 838/886/966 853/901/981 852/900/980
f 838/886/966 839/887/967 854/902/982 853/901/981
f 839/887/967 840/888/968 855/903/983 854/902/982
f 840/888/968 841/889/969 856/904/984 855/903/983
f 841/889/969 842/890/970 857/905/985 856/904/984
f 842/890/970 843/891/971 858/906/986 857/905/985
f 843/891/971 844/892/972 859/907/987 858/906/986
f 844/892/972 845/893/973 860/908/988 859/907/987
f 845/893/973 846/894/974 861/909/989 860/908/988
f 846/894/974 847/895/975 862/910/990 861/909/989
f 848/896/977 849/897/976 864/912/991 863/911/992
f 849/897/976 850/898/978 865/913/993 864/912/991
f 850/898/978 851/899/979 866/914/994 865/913/993
f 851/899/979 852/900/980 867/915/995 866/914/994
f 852/900/980 853/901/981 868/916/996 867/915/995
f 853/901/981 854/902/982 869/917/997 868/916/996
f 854/902/982 855/903/983 870/918/998 869/917/997
f 855/903/983 856/904/984 871/919/999 870/918/998
f 856/904/984 857/905/985 872/920/1000 871/919/999
f 857/905/985 858/906/986 873/921/1001 872/920/1000
f 858/906/986 859/907/987 874/922/1002 873/921/1001
f 859/907/987 860/908/988 875/923/1003 874/922/1002
f 860/908/988 861/909/989 876/924/1004 875/923/1003
f 861/909/989 862/910/990 877/925/1005 876/924/1004
f 863/911/992 864/912/991 879/927/1006 878/926/1007
f 864/912/991 865/913/993 880/928/1008 879/927/1006
f 865/913/993 866/914/994 881/929/1009 880/928/1008
f 866/914/994 867/915/995 882/930/1010 881/929/1009
f 867/915/995 868/916/996 883/931/1011 882/930/1010
f 868/916/996 869/917/997 884/932/1012 883/931/1011
f 869/917/997 870/918/998 885/933/1013 884/932/1012
f 870/918/998 871/919/999 886/934/1014 885/933/1013
f 871/919/999 872/920/1000 887/935/1015 886/934/1014
f 872/920/1000 873/921/1001 888/936/1016 887/935/1015
f 873/921/1001 874/922/1002 889/937/1017 888/936/1016
f 874/922/1002 875/923/1003 890/938/1018 889/937/1017
f 875/923/1003 876/924/1004 891/939/1019 890/938/1018
f 876/924/1004 877/925/1005 892/940/1020 891/939/1019
f 878/926/1007 879/927/1006 894/942/1021 893/941/1022
f 879/927/1006 880/928/1008 895/943/1023 894/942/1021
f 880/928/1008 881/929/1009 896/944/1024 895/943/1023
f 881/929/1009 882/930/1010 897/945/1025 896/944/1024
f 882/930/1010 883/931/1011 898/946/1026 897/945/1025
f 883/931/1011 884/932/1012 899/947/1027 898/946/1026
f 884/932/1012 885/933/1013 900/948/1028 899/947/1027
f 885/933/1013 886/934/1014 901/949/1029 900/948/1028
f 886/934/1014 887/935/1015 902/950/1030 901/949/1029
f 887/935/1015 888/936/1016 903/951/1031 902/950/1030
f 888/936/1016 889/937/1017 904/952/1032 903/951/1031
f 889/937/1017 890/938/1018 905/953/1033 904/952/1032
f 890/938/1018 891/939/1019 906/954/1034 905/953/1033
f 891/939/1019 892/940/1020 907/955/1035 906/954/1034
f 893/941/1022 894/942/1021 909/957/1036 908/956/1037
f 894/942/1021 895/943/1023 910/958/1038 909/957/1036
f 895/943/1023 896/944/1024 911/959/1039 910/958/1038
f 896/944/1024 897/945/1025 912/960/1040 911/959/1039
f 897/945/1025 898/946/1026 913/961/1041 912/960/1040
f 898/946/1026 899/947/1027 914/962/1042 913/961/1041
f 899/947/1027 900/948/1028 915/963/1043 914/962/1042
f 900/948/1028 901/949/1029 916/964/1044 915/963/1043
f 901/949/1029 902/950/1030 917/965/1045 916/964/1044
f 902/950/1030 903/951/1031 918/966/1046 917/965/1045
f 903/951/1031 904/952/1032 919/967/1047 918/966/1046
f 904/952/1032 905/953/1033 920/968/1048 919/967/1047
f 905/953/1033 906/954/1034 921/969/1049 920/968/1048
f 906/954/1034 907/955/1035 922/970/1050 921/969/1049
f 908/956/1037 909/957/1036 924/972/1051 923/971/1052
f 909/957/1036 910/958/1038 925/973/1053 924/972/1051
f 910/958/1038 911/959/1039 926/974/1054 925/973/1053
f 911/959/1039 912/960/1040 927/975/1055 926/974/1054
f 912/960/1040 913/961/1041 928/976/1056 927/975/1055
f 913/961/1041 914/962/1042 929/977/1057 928/976/1056
f 914/962/1042 915/963/1043 930/978/1058 929/977/1057
f 915/963/1043 916/964/1044 931/979/1059 930/978/1058
f 916/964/1044 917/965/1045 932/980/1060 931/979/1059
f 917/965/1045 918/966/1046 933/981/1061 932/980/1060
f 918/966/1046 919/967/1047 934/982/1062 933/981/1061
f 919/967/1047 920/968/1048 935/983/1063 934/982/1062
f 920/968/1048 921/969/1049 936/984/1064 935/983/1063
f 921/969/1049 922/970/1050 937/985/1065 936/984/1064
f 923/971/1052 924/972/1051 939/987/1066 938/986/1067
f 924/972/1051 925/973/1053 940/988/1068 939/987/1066
f 925/973/1053 926/974/1054 941/989/1069 940/988/1068
f 926/974/1054 927/975/1055 942/990/1070 941/989/1069
f 927/975/1055 928/976/1056 943/991/1071 942/990/1070
f 928/976/1056 929/977/1057 944/992/1072 943/991/1071
f 929/977/1057 930/978/1058 945/993/1073 944/992/1072
f 930/978/1058 931/979/1059 946/994/1074 945/993/1073
f 931/979/1059 932/980/1060 947/995/1075 946/994/1074
f 932/980/1060 933/981/1061 948/996/1076 947/995/1075
f 933/981/1061 934/982/1062 949/997/1077 948/996/1076
f 934/982/1062 935/983/1063 950/998/1078 949/997/1077
f 935/983/1063 936/984/1064 951/999/1079 950/998/1078
f 936/984/1064 937/985/1065 952/1000/1080 951/999/1079
f 938/986/1067 939/987/1066 954/1002/1081 953/1001/1082
f 939/987/1066 940/988/1068 955/1003/1083 954/1002/1081
f 940/988/1068 941/989/1069 956/1004/1084 955/1003/1083
f 941/989/1069 942/990/1070 957/1005/1085 956/1004/1084
f 942/990/1070 943/991/1071 958/1006/1086 957/1005/1085
f 943/991/1071 944/992/1072 959/1007/1087 958/1006/1086
f 944/992/1072 945/993/1073 960/1008/1088 959/1007/1087
f 945/993/1073 946/994/1074 961/1009/1089 960/1008/1088
f 946/994/1074 947/995/1075 962/1010/1090 961/1009/1089
f 947/995/1075 948/996/1076 963/1011/1091 962/1010/1090
f 948/996/1076 949/997/1077 964/1012/1092 963/1011/1091
f 949/997/1077 950/998/1078 965/1013/1093 964/1012/1092
f 950/998/1078 951/999/1079 966/1014/1094 965/1013/1093
f 951/999/1079 952/1000/1080 967/1015/1095 966/1014/1094
f 953/1001/1082 954/1002/1081 969/1017/1096 968/1016/1097
f 954/1002/1081 955/1003/1083 970/1018/1098 969/1017/1096
f 955/1003/1083 956/1004/1084 971/1019/1099 970/1018/1098
f 956/1004/1084 957/1005/1085 972/1020/1100 971/1019/1099
f 957/1005/1085 958/1006/1086 973/1021/1101 972/1020/1100
f 958/1006/1086 959/1007/1087 974/1022/1102 973/1021/1101
f 959/1007/1087 960/1008/1088 975/1023/1103 974/1022/1102
f 960/1008/1088 961/1009/1089 976/1024/1104 975/1023/1103
f 961/1009/1089 962/1010/1090 977/1025/1105 976/1024/1104
f 962/1010/1090 963/1011/1091 978/1026/1106 977/1025/1105
f 963/1011/1091 964/1012/1092 979/1027/1107 978/1026/1106
f 964/1012/1092 965/1013/1093 980/1028/1108 979/1027/1107
f 965/1013/1093 966/1014/1094 981/1029/1109 980/1028/1108
f 966/1014/1094 967/1015/1095 982/1030/1110 981/1029/1109
g default
v -420.000000 0.000000 -391.000000
v 420.000000 0.000000 -391.000000
v -420.000000 300.000000 -391.000000
v 420.000000 300.000000 -391.000000
v -420.000000 300.000000 -409.000000
v 420.000000 300.000000 -409.000000
v -420.000000 0.000000 -409.000000
v 420.000000 0.000000 -409.000000
vt 0.330000 0.000000
vt 0.663333 0.000000
vt 0.330000 0.250000
vt 0.663333 0.250000
vt 0.330000 0.500000
vt 0.663333 0.500000
vt 0.330000 0.750000
vt 0.663333 0.750000
vt 0.330000 1.000000
vt 0.663333 1.000000
vt 1.000000 0.000000
vt 1.000000 0.250000
vt 0.000000 0.000000
vt 0.000000 0.250000
vn 0.000000 0.000000 1.000000
vn 0.000000 0.000000 1.000000
vn 0.000000 0.000000 1.000000
vn 0.000000 0.000000 1.000000
vn 0.000000 1.000000 0.000000
vn 0.000000 1.000000 0.000000
vn 0.000000 1.000000 0.000000
vn 0.000000 1.000000 0.000000
vn 0.000000 0.000000 -1.000000
vn 0.000000 0.000000 -1.000000
vn 0.000000 0.000000 -1.000000
vn 0.000000 0.000000 -1.000000
vn 0.000000 -1.000000 0.000000
vn 0.000000 -1.000000 0.000000
vn 0.000000 -1.000000 0.000000
vn 0.000000 -1.000000 0.000000
vn 1.000000 0.000000 0.000000
vn 1.000000 0.000000 0.000000
vn 1.000000 0.000000 0.000000
vn 1.000000 0.000000 0.000000
vn -1.000000 0.000000 0.000000
vn -1.000000 0.000000 0.000000
vn -1.000000 0.000000 0.000000
vn -1.000000 0.000000 0.000000
s off
g GRP_Architecture Backrooms_Level0_Master_GRP ENV_Wall_Back
f 983/1031/1111 984/1032/1112 986/1034/1113 985/1033/1114
f 985/1033/1115 986/1034/1116 988/1036/1117 987/1035/1118
f 987/1035/1119 988/1036/1120 990/1038/1121 989/1037/1122
f 989/1037/1123 990/1038/1124 984/1040/1125 983/1039/1126
f 984/1032/1127 990/1041/1128 988/1042/1129 986/1034/1130
f 989/1043/1131 983/1031/1132 985/1033/1133 987/1044/1134
g default
v -420.000000 0.000000 -391.000000
v 420.000000 0.000000 -391.000000
v -420.000000 300.000000 -391.000000
v 420.000000 300.000000 -391.000000
v -420.000000 300.000000 -409.000000
v 420.000000 300.000000 -409.000000
v -420.000000 0.000000 -409.000000
v 420.000000 0.000000 -409.000000
vt 0.330000 0.000000
vt 0.663333 0.000000
vt 0.330000 0.250000
vt 0.663333 0.250000
vt 0.330000 0.500000
vt 0.663333 0.500000
vt 0.330000 0.750000
vt 0.663333 0.750000
vt 0.330000 1.000000
vt 0.663333 1.000000
vt 1.000000 0.000000
vt 1.000000 0.250000
vt 0.000000 0.000000
vt 0.000000 0.250000
vn 0.000000 0.000000 1.000000
vn 0.000000 0.000000 1.000000
vn 0.000000 0.000000 1.000000
vn 0.000000 0.000000 1.000000
vn 0.000000 1.000000 0.000000
vn 0.000000 1.000000 0.000000
vn 0.000000 1.000000 0.000000
vn 0.000000 1.000000 0.000000
vn 0.000000 0.000000 -1.000000
vn 0.000000 0.000000 -1.000000
vn 0.000000 0.000000 -1.000000
vn 0.000000 0.000000 -1.000000
vn 0.000000 -1.000000 0.000000
vn 0.000000 -1.000000 0.000000
vn 0.000000 -1.000000 0.000000
vn 0.000000 -1.000000 0.000000
vn 1.000000 0.000000 0.000000
vn 1.000000 0.000000 0.000000
vn 1.000000 0.000000 0.000000
vn 1.000000 0.000000 0.000000
vn -1.000000 0.000000 0.000000
vn -1.000000 0.000000 0.000000
vn -1.000000 0.000000 0.000000
vn -1.000000 0.000000 0.000000
s off
g GRP_Architecture Backrooms_Level0_Master_GRP ENV_Wall_Back
f 991/1045/1135 992/1046/1136 994/1048/1137 993/1047/1138
f 993/1047/1139 994/1048/1140 996/1050/1141 995/1049/1142
f 995/1049/1143 996/1050/1144 998/1052/1145 997/1051/1146
f 997/1051/1147 998/1052/1148 992/1054/1149 991/1053/1150
f 992/1046/1151 998/1055/1152 996/1056/1153 994/1048/1154
f 997/1057/1155 991/1045/1156 993/1047/1157 995/1058/1158
g default
v -420.000000 0.000000 -391.000000
v 420.000000 0.000000 -391.000000
v -420.000000 12.000000 -391.000000
v 420.000000 12.000000 -391.000000
v -420.000000 12.000000 -395.000000
v 420.000000 12.000000 -395.000000
v -420.000000 0.000000 -395.000000
v 420.000000 0.000000 -395.000000
vt 0.330000 0.000000
vt 0.663333 0.000000
vt 0.330000 0.250000
vt 0.663333 0.250000
vt 0.330000 0.500000
vt 0.663333 0.500000
vt 0.330000 0.750000
vt 0.663333 0.750000
vt 0.330000 1.000000
vt 0.663333 1.000000
vt 1.000000 0.000000
vt 1.000000 0.250000
vt 0.000000 0.000000
vt 0.000000 0.250000
vn 0.000000 0.000000 1.000000
vn 0.000000 0.000000 1.000000
vn 0.000000 0.000000 1.000000
vn 0.000000 0.000000 1.000000
vn 0.000000 1.000000 0.000000
vn 0.000000 1.000000 0.000000
vn 0.000000 1.000000 0.000000
vn 0.000000 1.000000 0.000000
vn 0.000000 0.000000 -1.000000
vn 0.000000 0.000000 -1.000000
vn 0.000000 0.000000 -1.000000
vn 0.000000 0.000000 -1.000000
vn 0.000000 -1.000000 0.000000
vn 0.000000 -1.000000 0.000000
vn 0.000000 -1.000000 0.000000
vn 0.000000 -1.000000 0.000000
vn 1.000000 0.000000 0.000000
vn 1.000000 0.000000 0.000000
vn 1.000000 0.000000 0.000000
vn 1.000000 0.000000 0.000000
vn -1.000000 0.000000 0.000000
vn -1.000000 0.000000 0.000000
vn -1.000000 0.000000 0.000000
vn -1.000000 0.000000 0.000000
s off
g GRP_Architecture Backrooms_Level0_Master_GRP ENV_Wall_Back_Baseboard
f 999/1059/1159 1000/1060/1160 1002/1062/1161 1001/1061/1162
f 1001/1061/1163 1002/1062/1164 1004/1064/1165 1003/1063/1166
f 1003/1063/1167 1004/1064/1168 1006/1066/1169 1005/1065/1170
f 1005/1065/1171 1006/1066/1172 1000/1068/1173 999/1067/1174
f 1000/1060/1175 1006/1069/1176 1004/1070/1177 1002/1062/1178
f 1005/1071/1179 999/1059/1180 1001/1061/1181 1003/1072/1182
g default
v -420.000000 0.000000 -391.000000
v 420.000000 0.000000 -391.000000
v -420.000000 12.000000 -391.000000
v 420.000000 12.000000 -391.000000
v -420.000000 12.000000 -395.000000
v 420.000000 12.000000 -395.000000
v -420.000000 0.000000 -395.000000
v 420.000000 0.000000 -395.000000
vt 0.330000 0.000000
vt 0.663333 0.000000
vt 0.330000 0.250000
vt 0.663333 0.250000
vt 0.330000 0.500000
vt 0.663333 0.500000
vt 0.330000 0.750000
vt 0.663333 0.750000
vt 0.330000 1.000000
vt 0.663333 1.000000
vt 1.000000 0.000000
vt 1.000000 0.250000
vt 0.000000 0.000000
vt 0.000000 0.250000
vn 0.000000 0.000000 1.000000
vn 0.000000 0.000000 1.000000
vn 0.000000 0.000000 1.000000
vn 0.000000 0.000000 1.000000
vn 0.000000 1.000000 0.000000
vn 0.000000 1.000000 0.000000
vn 0.000000 1.000000 0.000000
vn 0.000000 1.000000 0.000000
vn 0.000000 0.000000 -1.000000
vn 0.000000 0.000000 -1.000000
vn 0.000000 0.000000 -1.000000
vn 0.000000 0.000000 -1.000000
vn 0.000000 -1.000000 0.000000
vn 0.000000 -1.000000 0.000000
vn 0.000000 -1.000000 0.000000
vn 0.000000 -1.000000 0.000000
vn 1.000000 0.000000 0.000000
vn 1.000000 0.000000 0.000000
vn 1.000000 0.000000 0.000000
vn 1.000000 0.000000 0.000000
vn -1.000000 0.000000 0.000000
vn -1.000000 0.000000 0.000000
vn -1.000000 0.000000 0.000000
vn -1.000000 0.000000 0.000000
s off
g GRP_Architecture Backrooms_Level0_Master_GRP ENV_Wall_Back_Baseboard
f 1007/1073/1183 1008/1074/1184 1010/1076/1185 1009/1075/1186
f 1009/1075/1187 1010/1076/1188 1012/1078/1189 1011/1077/1190
f 1011/1077/1191 1012/1078/1192 1014/1080/1193 1013/1079/1194
f 1013/1079/1195 1014/1080/1196 1008/1082/1197 1007/1081/1198
f 1008/1074/1199 1014/1083/1200 1012/1084/1201 1010/1076/1202
f 1013/1085/1203 1007/1073/1204 1009/1075/1205 1011/1086/1206
g default
v -409.000000 0.000000 420.000000
v -391.000000 0.000000 420.000000
v -409.000000 300.000000 420.000000
v -391.000000 300.000000 420.000000
v -409.000000 300.000000 -420.000000
v -391.000000 300.000000 -420.000000
v -409.000000 0.000000 -420.000000
v -391.000000 0.000000 -420.000000
vt 0.330000 0.000000
vt 0.663333 0.000000
vt 0.330000 0.250000
vt 0.663333 0.250000
vt 0.330000 0.500000
vt 0.663333 0.500000
vt 0.330000 0.750000
vt 0.663333 0.750000
vt 0.330000 1.000000
vt 0.663333 1.000000
vt 1.000000 0.000000
vt 1.000000 0.250000
vt 0.000000 0.000000
vt 0.000000 0.250000
vn 0.000000 0.000000 1.000000
vn 0.000000 0.000000 1.000000
vn 0.000000 0.000000 1.000000
vn 0.000000 0.000000 1.000000
vn 0.000000 1.000000 0.000000
vn 0.000000 1.000000 0.000000
vn 0.000000 1.000000 0.000000
vn 0.000000 1.000000 0.000000
vn 0.000000 0.000000 -1.000000
vn 0.000000 0.000000 -1.000000
vn 0.000000 0.000000 -1.000000
vn 0.000000 0.000000 -1.000000
vn 0.000000 -1.000000 0.000000
vn 0.000000 -1.000000 0.000000
vn 0.000000 -1.000000 0.000000
vn 0.000000 -1.000000 0.000000
vn 1.000000 0.000000 0.000000
vn 1.000000 0.000000 0.000000
vn 1.000000 0.000000 0.000000
vn 1.000000 0.000000 0.000000
vn -1.000000 0.000000 0.000000
vn -1.000000 0.000000 0.000000
vn -1.000000 0.000000 0.000000
vn -1.000000 0.000000 0.000000
s off
g GRP_Architecture Backrooms_Level0_Master_GRP ENV_Wall_Left
f 1015/1087/1207 1016/1088/1208 1018/1090/1209 1017/1089/1210
f 1017/1089/1211 1018/1090/1212 1020/1092/1213 1019/1091/1214
f 1019/1091/1215 1020/1092/1216 1022/1094/1217 1021/1093/1218
f 1021/1093/1219 1022/1094/1220 1016/1096/1221 1015/1095/1222
f 1016/1088/1223 1022/1097/1224 1020/1098/1225 1018/1090/1226
f 1021/1099/1227 1015/1087/1228 1017/1089/1229 1019/1100/1230
g default
v -409.000000 0.000000 420.000000
v -391.000000 0.000000 420.000000
v -409.000000 300.000000 420.000000
v -391.000000 300.000000 420.000000
v -409.000000 300.000000 -420.000000
v -391.000000 300.000000 -420.000000
v -409.000000 0.000000 -420.000000
v -391.000000 0.000000 -420.000000
vt 0.330000 0.000000
vt 0.663333 0.000000
vt 0.330000 0.250000
vt 0.663333 0.250000
vt 0.330000 0.500000
vt 0.663333 0.500000
vt 0.330000 0.750000
vt 0.663333 0.750000
vt 0.330000 1.000000
vt 0.663333 1.000000
vt 1.000000 0.000000
vt 1.000000 0.250000
vt 0.000000 0.000000
vt 0.000000 0.250000
vn 0.000000 0.000000 1.000000
vn 0.000000 0.000000 1.000000
vn 0.000000 0.000000 1.000000
vn 0.000000 0.000000 1.000000
vn 0.000000 1.000000 0.000000
vn 0.000000 1.000000 0.000000
vn 0.000000 1.000000 0.000000
vn 0.000000 1.000000 0.000000
vn 0.000000 0.000000 -1.000000
vn 0.000000 0.000000 -1.000000
vn 0.000000 0.000000 -1.000000
vn 0.000000 0.000000 -1.000000
vn 0.000000 -1.000000 0.000000
vn 0.000000 -1.000000 0.000000
vn 0.000000 -1.000000 0.000000
vn 0.000000 -1.000000 0.000000
vn 1.000000 0.000000 0.000000
vn 1.000000 0.000000 0.000000
vn 1.000000 0.000000 0.000000
vn 1.000000 0.000000 0.000000
vn -1.000000 0.000000 0.000000
vn -1.000000 0.000000 0.000000
vn -1.000000 0.000000 0.000000
vn -1.000000 0.000000 0.000000
s off
g GRP_Architecture Backrooms_Level0_Master_GRP ENV_Wall_Left
f 1023/1101/1231 1024/1102/1232 1026/1104/1233 1025/1103/1234
f 1025/1103/1235 1026/1104/1236 1028/1106/1237 1027/1105/1238
f 1027/1105/1239 1028/1106/1240 1030/1108/1241 1029/1107/1242
f 1029/1107/1243 1030/1108/1244 1024/1110/1245 1023/1109/1246
f 1024/1102/1247 1030/1111/1248 1028/1112/1249 1026/1104/1250
f 1029/1113/1251 1023/1101/1252 1025/1103/1253 1027/1114/1254
g default
v -391.000000 0.000000 420.000000
v -391.000000 0.000000 -420.000000
v -391.000000 12.000000 420.000000
v -391.000000 12.000000 -420.000000
v -395.000000 12.000000 420.000000
v -395.000000 12.000000 -420.000000
v -395.000000 0.000000 420.000000
v -395.000000 0.000000 -420.000000
vt 0.330000 0.000000
vt 0.663333 0.000000
vt 0.330000 0.250000
vt 0.663333 0.250000
vt 0.330000 0.500000
vt 0.663333 0.500000
vt 0.330000 0.750000
vt 0.663333 0.750000
vt 0.330000 1.000000
vt 0.663333 1.000000
vt 1.000000 0.000000
vt 1.000000 0.250000
vt 0.000000 0.000000
vt 0.000000 0.250000
vn 1.000000 0.000000 0.000000
vn 1.000000 0.000000 0.000000
vn 1.000000 0.000000 0.000000
vn 1.000000 0.000000 0.000000
vn 0.000000 1.000000 0.000000
vn 0.000000 1.000000 0.000000
vn 0.000000 1.000000 0.000000
vn 0.000000 1.000000 0.000000
vn -1.000000 0.000000 -0.000000
vn -1.000000 0.000000 -0.000000
vn -1.000000 0.000000 -0.000000
vn -1.000000 0.000000 -0.000000
vn 0.000000 -1.000000 0.000000
vn 0.000000 -1.000000 0.000000
vn 0.000000 -1.000000 0.000000
vn 0.000000 -1.000000 0.000000
vn 0.000000 0.000000 -1.000000
vn 0.000000 0.000000 -1.000000
vn 0.000000 0.000000 -1.000000
vn 0.000000 0.000000 -1.000000
vn 0.000000 0.000000 1.000000
vn 0.000000 0.000000 1.000000
vn 0.000000 0.000000 1.000000
vn 0.000000 0.000000 1.000000
s off
g GRP_Architecture Backrooms_Level0_Master_GRP ENV_Wall_Left_Baseboard
f 1031/1115/1255 1032/1116/1256 1034/1118/1257 1033/1117/1258
f 1033/1117/1259 1034/1118/1260 1036/1120/1261 1035/1119/1262
f 1035/1119/1263 1036/1120/1264 1038/1122/1265 1037/1121/1266
f 1037/1121/1267 1038/1122/1268 1032/1124/1269 1031/1123/1270
f 1032/1116/1271 1038/1125/1272 1036/1126/1273 1034/1118/1274
f 1037/1127/1275 1031/1115/1276 1033/1117/1277 1035/1128/1278
g default
v -391.000000 0.000000 420.000000
v -391.000000 0.000000 -420.000000
v -391.000000 12.000000 420.000000
v -391.000000 12.000000 -420.000000
v -395.000000 12.000000 420.000000
v -395.000000 12.000000 -420.000000
v -395.000000 0.000000 420.000000
v -395.000000 0.000000 -420.000000
vt 0.330000 0.000000
vt 0.663333 0.000000
vt 0.330000 0.250000
vt 0.663333 0.250000
vt 0.330000 0.500000
vt 0.663333 0.500000
vt 0.330000 0.750000
vt 0.663333 0.750000
vt 0.330000 1.000000
vt 0.663333 1.000000
vt 1.000000 0.000000
vt 1.000000 0.250000
vt 0.000000 0.000000
vt 0.000000 0.250000
vn 1.000000 0.000000 0.000000
vn 1.000000 0.000000 0.000000
vn 1.000000 0.000000 0.000000
vn 1.000000 0.000000 0.000000
vn 0.000000 1.000000 0.000000
vn 0.000000 1.000000 0.000000
vn 0.000000 1.000000 0.000000
vn 0.000000 1.000000 0.000000
vn -1.000000 0.000000 -0.000000
vn -1.000000 0.000000 -0.000000
vn -1.000000 0.000000 -0.000000
vn -1.000000 0.000000 -0.000000
vn 0.000000 -1.000000 0.000000
vn 0.000000 -1.000000 0.000000
vn 0.000000 -1.000000 0.000000
vn 0.000000 -1.000000 0.000000
vn 0.000000 0.000000 -1.000000
vn 0.000000 0.000000 -1.000000
vn 0.000000 0.000000 -1.000000
vn 0.000000 0.000000 -1.000000
vn 0.000000 0.000000 1.000000
vn 0.000000 0.000000 1.000000
vn 0.000000 0.000000 1.000000
vn 0.000000 0.000000 1.000000
s off
g GRP_Architecture Backrooms_Level0_Master_GRP ENV_Wall_Left_Baseboard
f 1039/1129/1279 1040/1130/1280 1042/1132/1281 1041/1131/1282
f 1041/1131/1283 1042/1132/1284 1044/1134/1285 1043/1133/1286
f 1043/1133/1287 1044/1134/1288 1046/1136/1289 1045/1135/1290
f 1045/1135/1291 1046/1136/1292 1040/1138/1293 1039/1137/1294
f 1040/1130/1295 1046/1139/1296 1044/1140/1297 1042/1132/1298
f 1045/1141/1299 1039/1129/1300 1041/1131/1301 1043/1142/1302
g default
v 391.000000 0.000000 420.000000
v 409.000000 0.000000 420.000000
v 391.000000 300.000000 420.000000
v 409.000000 300.000000 420.000000
v 391.000000 300.000000 -420.000000
v 409.000000 300.000000 -420.000000
v 391.000000 0.000000 -420.000000
v 409.000000 0.000000 -420.000000
vt 0.330000 0.000000
vt 0.663333 0.000000
vt 0.330000 0.250000
vt 0.663333 0.250000
vt 0.330000 0.500000
vt 0.663333 0.500000
vt 0.330000 0.750000
vt 0.663333 0.750000
vt 0.330000 1.000000
vt 0.663333 1.000000
vt 1.000000 0.000000
vt 1.000000 0.250000
vt 0.000000 0.000000
vt 0.000000 0.250000
vn 0.000000 0.000000 1.000000
vn 0.000000 0.000000 1.000000
vn 0.000000 0.000000 1.000000
vn 0.000000 0.000000 1.000000
vn 0.000000 1.000000 0.000000
vn 0.000000 1.000000 0.000000
vn 0.000000 1.000000 0.000000
vn 0.000000 1.000000 0.000000
vn 0.000000 0.000000 -1.000000
vn 0.000000 0.000000 -1.000000
vn 0.000000 0.000000 -1.000000
vn 0.000000 0.000000 -1.000000
vn 0.000000 -1.000000 0.000000
vn 0.000000 -1.000000 0.000000
vn 0.000000 -1.000000 0.000000
vn 0.000000 -1.000000 0.000000
vn 1.000000 0.000000 0.000000
vn 1.000000 0.000000 0.000000
vn 1.000000 0.000000 0.000000
vn 1.000000 0.000000 0.000000
vn -1.000000 0.000000 0.000000
vn -1.000000 0.000000 0.000000
vn -1.000000 0.000000 0.000000
vn -1.000000 0.000000 0.000000
s off
g GRP_Architecture Backrooms_Level0_Master_GRP ENV_Wall_Right
f 1047/1143/1303 1048/1144/1304 1050/1146/1305 1049/1145/1306
f 1049/1145/1307 1050/1146/1308 1052/1148/1309 1051/1147/1310
f 1051/1147/1311 1052/1148/1312 1054/1150/1313 1053/1149/1314
f 1053/1149/1315 1054/1150/1316 1048/1152/1317 1047/1151/1318
f 1048/1144/1319 1054/1153/1320 1052/1154/1321 1050/1146/1322
f 1053/1155/1323 1047/1143/1324 1049/1145/1325 1051/1156/1326
g default
v 391.000000 0.000000 420.000000
v 409.000000 0.000000 420.000000
v 391.000000 300.000000 420.000000
v 409.000000 300.000000 420.000000
v 391.000000 300.000000 -420.000000
v 409.000000 300.000000 -420.000000
v 391.000000 0.000000 -420.000000
v 409.000000 0.000000 -420.000000
vt 0.330000 0.000000
vt 0.663333 0.000000
vt 0.330000 0.250000
vt 0.663333 0.250000
vt 0.330000 0.500000
vt 0.663333 0.500000
vt 0.330000 0.750000
vt 0.663333 0.750000
vt 0.330000 1.000000
vt 0.663333 1.000000
vt 1.000000 0.000000
vt 1.000000 0.250000
vt 0.000000 0.000000
vt 0.000000 0.250000
vn 0.000000 0.000000 1.000000
vn 0.000000 0.000000 1.000000
vn 0.000000 0.000000 1.000000
vn 0.000000 0.000000 1.000000
vn 0.000000 1.000000 0.000000
vn 0.000000 1.000000 0.000000
vn 0.000000 1.000000 0.000000
vn 0.000000 1.000000 0.000000
vn 0.000000 0.000000 -1.000000
vn 0.000000 0.000000 -1.000000
vn 0.000000 0.000000 -1.000000
vn 0.000000 0.000000 -1.000000
vn 0.000000 -1.000000 0.000000
vn 0.000000 -1.000000 0.000000
vn 0.000000 -1.000000 0.000000
vn 0.000000 -1.000000 0.000000
vn 1.000000 0.000000 0.000000
vn 1.000000 0.000000 0.000000
vn 1.000000 0.000000 0.000000
vn 1.000000 0.000000 0.000000
vn -1.000000 0.000000 0.000000
vn -1.000000 0.000000 0.000000
vn -1.000000 0.000000 0.000000
vn -1.000000 0.000000 0.000000
s off
g GRP_Architecture Backrooms_Level0_Master_GRP ENV_Wall_Right
f 1055/1157/1327 1056/1158/1328 1058/1160/1329 1057/1159/1330
f 1057/1159/1331 1058/1160/1332 1060/1162/1333 1059/1161/1334
f 1059/1161/1335 1060/1162/1336 1062/1164/1337 1061/1163/1338
f 1061/1163/1339 1062/1164/1340 1056/1166/1341 1055/1165/1342
f 1056/1158/1343 1062/1167/1344 1060/1168/1345 1058/1160/1346
f 1061/1169/1347 1055/1157/1348 1057/1159/1349 1059/1170/1350
g default
v 395.000000 0.000000 420.000000
v 395.000000 0.000000 -420.000000
v 395.000000 12.000000 420.000000
v 395.000000 12.000000 -420.000000
v 391.000000 12.000000 420.000000
v 391.000000 12.000000 -420.000000
v 391.000000 0.000000 420.000000
v 391.000000 0.000000 -420.000000
vt 0.330000 0.000000
vt 0.663333 0.000000
vt 0.330000 0.250000
vt 0.663333 0.250000
vt 0.330000 0.500000
vt 0.663333 0.500000
vt 0.330000 0.750000
vt 0.663333 0.750000
vt 0.330000 1.000000
vt 0.663333 1.000000
vt 1.000000 0.000000
vt 1.000000 0.250000
vt 0.000000 0.000000
vt 0.000000 0.250000
vn 1.000000 0.000000 0.000000
vn 1.000000 0.000000 0.000000
vn 1.000000 0.000000 0.000000
vn 1.000000 0.000000 0.000000
vn 0.000000 1.000000 0.000000
vn 0.000000 1.000000 0.000000
vn 0.000000 1.000000 0.000000
vn 0.000000 1.000000 0.000000
vn -1.000000 0.000000 -0.000000
vn -1.000000 0.000000 -0.000000
vn -1.000000 0.000000 -0.000000
vn -1.000000 0.000000 -0.000000
vn 0.000000 -1.000000 0.000000
vn 0.000000 -1.000000 0.000000
vn 0.000000 -1.000000 0.000000
vn 0.000000 -1.000000 0.000000
vn 0.000000 0.000000 -1.000000
vn 0.000000 0.000000 -1.000000
vn 0.000000 0.000000 -1.000000
vn 0.000000 0.000000 -1.000000
vn 0.000000 0.000000 1.000000
vn 0.000000 0.000000 1.000000
vn 0.000000 0.000000 1.000000
vn 0.000000 0.000000 1.000000
s off
g GRP_Architecture Backrooms_Level0_Master_GRP ENV_Wall_Right_Baseboard
f 1063/1171/1351 1064/1172/1352 1066/1174/1353 1065/1173/1354
f 1065/1173/1355 1066/1174/1356 1068/1176/1357 1067/1175/1358
f 1067/1175/1359 1068/1176/1360 1070/1178/1361 1069/1177/1362
f 1069/1177/1363 1070/1178/1364 1064/1180/1365 1063/1179/1366
f 1064/1172/1367 1070/1181/1368 1068/1182/1369 1066/1174/1370
f 1069/1183/1371 1063/1171/1372 1065/1173/1373 1067/1184/1374
g default
v 395.000000 0.000000 420.000000
v 395.000000 0.000000 -420.000000
v 395.000000 12.000000 420.000000
v 395.000000 12.000000 -420.000000
v 391.000000 12.000000 420.000000
v 391.000000 12.000000 -420.000000
v 391.000000 0.000000 420.000000
v 391.000000 0.000000 -420.000000
vt 0.330000 0.000000
vt 0.663333 0.000000
vt 0.330000 0.250000
vt 0.663333 0.250000
vt 0.330000 0.500000
vt 0.663333 0.500000
vt 0.330000 0.750000
vt 0.663333 0.750000
vt 0.330000 1.000000
vt 0.663333 1.000000
vt 1.000000 0.000000
vt 1.000000 0.250000
vt 0.000000 0.000000
vt 0.000000 0.250000
vn 1.000000 0.000000 0.000000
vn 1.000000 0.000000 0.000000
vn 1.000000 0.000000 0.000000
vn 1.000000 0.000000 0.000000
vn 0.000000 1.000000 0.000000
vn 0.000000 1.000000 0.000000
vn 0.000000 1.000000 0.000000
vn 0.000000 1.000000 0.000000
vn -1.000000 0.000000 -0.000000
vn -1.000000 0.000000 -0.000000
vn -1.000000 0.000000 -0.000000
vn -1.000000 0.000000 -0.000000
vn 0.000000 -1.000000 0.000000
vn 0.000000 -1.000000 0.000000
vn 0.000000 -1.000000 0.000000
vn 0.000000 -1.000000 0.000000
vn 0.000000 0.000000 -1.000000
vn 0.000000 0.000000 -1.000000
vn 0.000000 0.000000 -1.000000
vn 0.000000 0.000000 -1.000000
vn 0.000000 0.000000 1.000000
vn 0.000000 0.000000 1.000000
vn 0.000000 0.000000 1.000000
vn 0.000000 0.000000 1.000000
s off
g GRP_Architecture Backrooms_Level0_Master_GRP ENV_Wall_Right_Baseboard
f 1071/1185/1375 1072/1186/1376 1074/1188/1377 1073/1187/1378
f 1073/1187/1379 1074/1188/1380 1076/1190/1381 1075/1189/1382
f 1075/1189/1383 1076/1190/1384 1078/1192/1385 1077/1191/1386
f 1077/1191/1387 1078/1192/1388 1072/1194/1389 1071/1193/1390
f 1072/1186/1391 1078/1195/1392 1076/1196/1393 1074/1188/1394
f 1077/1197/1395 1071/1185/1396 1073/1187/1397 1075/1198/1398
g default
v 100.000000 0.000000 120.000000
v 180.000000 0.000000 120.000000
v 100.000000 300.000000 120.000000
v 180.000000 300.000000 120.000000
v 100.000000 300.000000 40.000000
v 180.000000 300.000000 40.000000
v 100.000000 0.000000 40.000000
v 180.000000 0.000000 40.000000
vt 0.330000 0.000000
vt 0.663333 0.000000
vt 0.330000 0.250000
vt 0.663333 0.250000
vt 0.330000 0.500000
vt 0.663333 0.500000
vt 0.330000 0.750000
vt 0.663333 0.750000
vt 0.330000 1.000000
vt 0.663333 1.000000
vt 1.000000 0.000000
vt 1.000000 0.250000
vt 0.000000 0.000000
vt 0.000000 0.250000
vn 0.000000 0.000000 1.000000
vn 0.000000 0.000000 1.000000
vn 0.000000 0.000000 1.000000
vn 0.000000 0.000000 1.000000
vn 0.000000 1.000000 0.000000
vn 0.000000 1.000000 0.000000
vn 0.000000 1.000000 0.000000
vn 0.000000 1.000000 0.000000
vn 0.000000 0.000000 -1.000000
vn 0.000000 0.000000 -1.000000
vn 0.000000 0.000000 -1.000000
vn 0.000000 0.000000 -1.000000
vn 0.000000 -1.000000 0.000000
vn 0.000000 -1.000000 0.000000
vn 0.000000 -1.000000 0.000000
vn 0.000000 -1.000000 0.000000
vn 1.000000 0.000000 0.000000
vn 1.000000 0.000000 0.000000
vn 1.000000 0.000000 0.000000
vn 1.000000 0.000000 0.000000
vn -1.000000 0.000000 0.000000
vn -1.000000 0.000000 0.000000
vn -1.000000 0.000000 0.000000
vn -1.000000 0.000000 0.000000
s off
g GRP_Architecture Backrooms_Level0_Master_GRP ENV_Center_Pillar
f 1079/1199/1399 1080/1200/1400 1082/1202/1401 1081/1201/1402
f 1081/1201/1403 1082/1202/1404 1084/1204/1405 1083/1203/1406
f 1083/1203/1407 1084/1204/1408 1086/1206/1409 1085/1205/1410
f 1085/1205/1411 1086/1206/1412 1080/1208/1413 1079/1207/1414
f 1080/1200/1415 1086/1209/1416 1084/1210/1417 1082/1202/1418
f 1085/1211/1419 1079/1199/1420 1081/1201/1421 1083/1212/1422
g default
v 100.000000 0.000000 120.000000
v 180.000000 0.000000 120.000000
v 100.000000 300.000000 120.000000
v 180.000000 300.000000 120.000000
v 100.000000 300.000000 40.000000
v 180.000000 300.000000 40.000000
v 100.000000 0.000000 40.000000
v 180.000000 0.000000 40.000000
vt 0.330000 0.000000
vt 0.663333 0.000000
vt 0.330000 0.250000
vt 0.663333 0.250000
vt 0.330000 0.500000
vt 0.663333 0.500000
vt 0.330000 0.750000
vt 0.663333 0.750000
vt 0.330000 1.000000
vt 0.663333 1.000000
vt 1.000000 0.000000
vt 1.000000 0.250000
vt 0.000000 0.000000
vt 0.000000 0.250000
vn 0.000000 0.000000 1.000000
vn 0.000000 0.000000 1.000000
vn 0.000000 0.000000 1.000000
vn 0.000000 0.000000 1.000000
vn 0.000000 1.000000 0.000000
vn 0.000000 1.000000 0.000000
vn 0.000000 1.000000 0.000000
vn 0.000000 1.000000 0.000000
vn 0.000000 0.000000 -1.000000
vn 0.000000 0.000000 -1.000000
vn 0.000000 0.000000 -1.000000
vn 0.000000 0.000000 -1.000000
vn 0.000000 -1.000000 0.000000
vn 0.000000 -1.000000 0.000000
vn 0.000000 -1.000000 0.000000
vn 0.000000 -1.000000 0.000000
vn 1.000000 0.000000 0.000000
vn 1.000000 0.000000 0.000000
vn 1.000000 0.000000 0.000000
vn 1.000000 0.000000 0.000000
vn -1.000000 0.000000 0.000000
vn -1.000000 0.000000 0.000000
vn -1.000000 0.000000 0.000000
vn -1.000000 0.000000 0.000000
s off
g GRP_Architecture Backrooms_Level0_Master_GRP ENV_Center_Pillar
f 1087/1213/1423 1088/1214/1424 1090/1216/1425 1089/1215/1426
f 1089/1215/1427 1090/1216/1428 1092/1218/1429 1091/1217/1430
f 1091/1217/1431 1092/1218/1432 1094/1220/1433 1093/1219/1434
f 1093/1219/1435 1094/1220/1436 1088/1222/1437 1087/1221/1438
f 1088/1214/1439 1094/1223/1440 1092/1224/1441 1090/1216/1442
f 1093/1225/1443 1087/1213/1444 1089/1215/1445 1091/1226/1446
g default
v 97.000000 0.000000 123.000000
v 183.000000 0.000000 123.000000
v 97.000000 12.000000 123.000000
v 183.000000 12.000000 123.000000
v 97.000000 12.000000 37.000000
v 183.000000 12.000000 37.000000
v 97.000000 0.000000 37.000000
v 183.000000 0.000000 37.000000
vt 0.330000 0.000000
vt 0.663333 0.000000
vt 0.330000 0.250000
vt 0.663333 0.250000
vt 0.330000 0.500000
vt 0.663333 0.500000
vt 0.330000 0.750000
vt 0.663333 0.750000
vt 0.330000 1.000000
vt 0.663333 1.000000
vt 1.000000 0.000000
vt 1.000000 0.250000
vt 0.000000 0.000000
vt 0.000000 0.250000
vn 0.000000 0.000000 1.000000
vn 0.000000 0.000000 1.000000
vn 0.000000 0.000000 1.000000
vn 0.000000 0.000000 1.000000
vn 0.000000 1.000000 0.000000
vn 0.000000 1.000000 0.000000
vn 0.000000 1.000000 0.000000
vn 0.000000 1.000000 0.000000
vn 0.000000 0.000000 -1.000000
vn 0.000000 0.000000 -1.000000
vn 0.000000 0.000000 -1.000000
vn 0.000000 0.000000 -1.000000
vn 0.000000 -1.000000 0.000000
vn 0.000000 -1.000000 0.000000
vn 0.000000 -1.000000 0.000000
vn 0.000000 -1.000000 0.000000
vn 1.000000 0.000000 0.000000
vn 1.000000 0.000000 0.000000
vn 1.000000 0.000000 0.000000
vn 1.000000 0.000000 0.000000
vn -1.000000 0.000000 0.000000
vn -1.000000 0.000000 0.000000
vn -1.000000 0.000000 0.000000
vn -1.000000 0.000000 0.000000
s off
g GRP_Architecture Backrooms_Level0_Master_GRP ENV_Center_Pillar_Baseboard
f 1095/1227/1447 1096/1228/1448 1098/1230/1449 1097/1229/1450
f 1097/1229/1451 1098/1230/1452 1100/1232/1453 1099/1231/1454
f 1099/1231/1455 1100/1232/1456 1102/1234/1457 1101/1233/1458
f 1101/1233/1459 1102/1234/1460 1096/1236/1461 1095/1235/1462
f 1096/1228/1463 1102/1237/1464 1100/1238/1465 1098/1230/1466
f 1101/1239/1467 1095/1227/1468 1097/1229/1469 1099/1240/1470
g default
v 97.000000 0.000000 123.000000
v 183.000000 0.000000 123.000000
v 97.000000 12.000000 123.000000
v 183.000000 12.000000 123.000000
v 97.000000 12.000000 37.000000
v 183.000000 12.000000 37.000000
v 97.000000 0.000000 37.000000
v 183.000000 0.000000 37.000000
vt 0.330000 0.000000
vt 0.663333 0.000000
vt 0.330000 0.250000
vt 0.663333 0.250000
vt 0.330000 0.500000
vt 0.663333 0.500000
vt 0.330000 0.750000
vt 0.663333 0.750000
vt 0.330000 1.000000
vt 0.663333 1.000000
vt 1.000000 0.000000
vt 1.000000 0.250000
vt 0.000000 0.000000
vt 0.000000 0.250000
vn 0.000000 0.000000 1.000000
vn 0.000000 0.000000 1.000000
vn 0.000000 0.000000 1.000000
vn 0.000000 0.000000 1.000000
vn 0.000000 1.000000 0.000000
vn 0.000000 1.000000 0.000000
vn 0.000000 1.000000 0.000000
vn 0.000000 1.000000 0.000000
vn 0.000000 0.000000 -1.000000
vn 0.000000 0.000000 -1.000000
vn 0.000000 0.000000 -1.000000
vn 0.000000 0.000000 -1.000000
vn 0.000000 -1.000000 0.000000
vn 0.000000 -1.000000 0.000000
vn 0.000000 -1.000000 0.000000
vn 0.000000 -1.000000 0.000000
vn 1.000000 0.000000 0.000000
vn 1.000000 0.000000 0.000000
vn 1.000000 0.000000 0.000000
vn 1.000000 0.000000 0.000000
vn -1.000000 0.000000 0.000000
vn -1.000000 0.000000 0.000000
vn -1.000000 0.000000 0.000000
vn -1.000000 0.000000 0.000000
s off
g GRP_Architecture Backrooms_Level0_Master_GRP ENV_Center_Pillar_Baseboard
f 1103/1241/1471 1104/1242/1472 1106/1244/1473 1105/1243/1474
f 1105/1243/1475 1106/1244/1476 1108/1246/1477 1107/1245/1478
f 1107/1245/1479 1108/1246/1480 1110/1248/1481 1109/1247/1482
f 1109/1247/1483 1110/1248/1484 1104/1250/1485 1103/1249/1486
f 1104/1242/1487 1110/1251/1488 1108/1252/1489 1106/1244/1490
f 1109/1253/1491 1103/1241/1492 1105/1243/1493 1107/1254/1494
