mtllib Prop_WallVent_Ref.mtl
o Object_20
g Object_20
usemtl Vent_1
v 262.1330 275.7373 525.5198
v 269.5206 274.2700 518.1324
v 269.5206 274.2700 532.9072
v 262.1330 275.7373 525.5198
v 269.5206 274.2700 532.9072
v 254.7455 274.2700 532.9072
v 262.1330 275.7373 525.5198
v 254.7455 274.2700 532.9072
v 254.7455 274.2700 518.1324
v 262.1330 275.7373 525.5198
v 254.7455 274.2700 518.1324
v 269.5206 274.2700 518.1324
v -267.0818 275.7373 525.5198
v -259.6943 274.2700 518.1323
v -259.6943 274.2700 532.9072
v -267.0818 275.7373 525.5198
v -259.6943 274.2700 532.9072
v -274.4692 274.2700 532.9072
v -267.0818 275.7373 525.5198
v -274.4692 274.2700 532.9072
v -274.4692 274.2700 518.1323
v -267.0818 275.7373 525.5198
v -274.4692 274.2700 518.1323
v -259.6943 274.2700 518.1323
v -796.6690 275.7373 525.5198
v -789.2815 274.2700 518.1323
v -789.2815 274.2700 532.9072
v -796.6690 275.7373 525.5198
v -789.2815 274.2700 532.9072
v -804.0564 274.2700 532.9072
v -796.6690 275.7373 525.5198
v -804.0564 274.2700 532.9072
v -804.0564 274.2700 518.1323
v -796.6690 275.7373 525.5198
v -804.0564 274.2700 518.1323
v -789.2815 274.2700 518.1323
v -1250.6046 275.7373 525.5198
v -1243.2171 274.2700 518.1323
v -1243.2171 274.2700 532.9072
v -1250.6046 275.7373 525.5198
v -1243.2171 274.2700 532.9072
v -1257.9920 274.2700 532.9072
v -1250.6046 275.7373 525.5198
v -1257.9920 274.2700 532.9072
v -1257.9920 274.2700 518.1323
v -1250.6046 275.7373 525.5198
v -1257.9920 274.2700 518.1323
v -1243.2171 274.2700 518.1323
v -2861.3873 255.2713 229.9007
v -2853.9997 253.8040 222.5133
v -2853.9997 253.8040 237.2882
v -2861.3873 255.2713 229.9007
v -2853.9997 253.8040 237.2882
v -2868.7746 253.8040 237.2882
v -2861.3873 255.2713 229.9007
v -2868.7746 253.8040 237.2882
v -2868.7746 253.8040 222.5133
v -2861.3873 255.2713 229.9007
v -2868.7746 253.8040 222.5133
v -2853.9997 253.8040 222.5133
v -2418.8072 255.2422 229.9007
v -2411.4197 253.7749 222.5133
v -2411.4197 253.7749 237.2882
v -2418.8072 255.2422 229.9007
v -2411.4197 253.7749 237.2882
v -2426.1948 253.7749 237.2882
v -2418.8072 255.2422 229.9007
v -2426.1948 253.7749 237.2882
v -2426.1948 253.7749 222.5133
v -2418.8072 255.2422 229.9007
v -2426.1948 253.7749 222.5133
v -2411.4197 253.7749 222.5133
v -2418.4273 255.2027 978.8691
v -2411.0397 253.7354 971.4816
v -2411.0397 253.7354 986.2566
v -2418.4273 255.2027 978.8691
v -2411.0397 253.7354 986.2566
v -2425.8148 253.7354 986.2566
v -2418.4273 255.2027 978.8691
v -2425.8148 253.7354 986.2566
v -2425.8148 253.7354 971.4816
v -2418.4273 255.2027 978.8691
v -2425.8148 253.7354 971.4816
v -2411.0397 253.7354 971.4816
v -3303.5488 255.2713 229.9008
v -3296.1613 253.8040 222.5134
v -3296.1613 253.8040 237.2883
v -3303.5488 255.2713 229.9008
v -3296.1613 253.8040 237.2883
v -3310.9364 253.8040 237.2883
v -3303.5488 255.2713 229.9008
v -3310.9364 253.8040 237.2883
v -3310.9364 253.8040 222.5134
v -3303.5488 255.2713 229.9008
v -3310.9364 253.8040 222.5134
v -3296.1613 253.8040 222.5134
v -4656.8802 255.2027 84.0201
v -4649.4926 253.7354 76.6327
v -4649.4926 253.7354 91.4076
v -4656.8802 255.2027 84.0201
v -4649.4926 253.7354 91.4076
v -4664.2677 253.7354 91.4076
v -4656.8802 255.2027 84.0201
v -4664.2677 253.7354 91.4076
v -4664.2677 253.7354 76.6327
v -4656.8802 255.2027 84.0201
v -4664.2677 253.7354 76.6327
v -4649.4926 253.7354 76.6327
v -4581.1188 255.2027 1066.1474
v -4573.7312 253.7354 1058.7599
v -4573.7312 253.7354 1073.5349
v -4581.1188 255.2027 1066.1474
v -4573.7312 253.7354 1073.5349
v -4588.5063 253.7354 1073.5349
v -4581.1188 255.2027 1066.1474
v -4588.5063 253.7354 1073.5349
v -4588.5063 253.7354 1058.7599
v -4581.1188 255.2027 1066.1474
v -4588.5063 253.7354 1058.7599
v -4573.7312 253.7354 1058.7599
v -5035.3249 255.2027 1066.1474
v -5027.9373 253.7354 1058.7599
v -5027.9373 253.7354 1073.5349
v -5035.3249 255.2027 1066.1474
v -5027.9373 253.7354 1073.5349
v -5042.7124 253.7354 1073.5349
v -5035.3249 255.2027 1066.1474
v -5042.7124 253.7354 1073.5349
v -5042.7124 253.7354 1058.7599
v -5035.3249 255.2027 1066.1474
v -5042.7124 253.7354 1058.7599
v -5027.9373 253.7354 1058.7599
v -5723.8983 255.2027 763.9237
v -5716.5108 253.7354 756.5363
v -5716.5108 253.7354 771.3112
v -5723.8983 255.2027 763.9237
v -5716.5108 253.7354 771.3112
v -5731.2859 253.7354 771.3112
v -5723.8983 255.2027 763.9237
v -5731.2859 253.7354 771.3112
v -5731.2859 253.7354 756.5363
v -5723.8983 255.2027 763.9237
v -5731.2859 253.7354 756.5363
v -5716.5108 253.7354 756.5363
v -6403.9719 255.2027 1066.4631
v -6396.5855 253.7354 1059.0757
v -6396.5855 253.7354 1073.8506
v -6403.9719 255.2027 1066.4631
v -6396.5855 253.7354 1073.8506
v -6411.3602 253.7354 1073.8506
v -6403.9719 255.2027 1066.4631
v -6411.3602 253.7354 1073.8506
v -6411.3602 253.7354 1059.0757
v -6403.9719 255.2027 1066.4631
v -6411.3602 253.7354 1059.0757
v -6396.5855 253.7354 1059.0757
v -6403.9719 255.2027 159.3555
v -6396.5855 253.7354 151.9681
v -6396.5855 253.7354 166.7429
v -6403.9719 255.2027 159.3555
v -6396.5855 253.7354 166.7429
v -6411.3602 253.7354 166.7429
v -6403.9719 255.2027 159.3555
v -6411.3602 253.7354 166.7429
v -6411.3602 253.7354 151.9681
v -6403.9719 255.2027 159.3555
v -6411.3602 253.7354 151.9681
v -6396.5855 253.7354 151.9681
v 298.4734 274.4102 489.1798
v 225.7931 274.4102 489.1798
v 225.7931 274.5656 489.1798
v 298.4734 274.5656 489.1798
v 225.7931 274.4102 489.1798
v 225.7931 274.4102 561.8600
v 225.7931 274.5656 561.8600
v 225.7931 274.5656 489.1798
v 289.8216 274.4102 553.2083
v 289.8216 274.4102 497.8315
v 289.8216 274.5656 497.8315
v 289.8216 274.5656 553.2083
v 225.7931 274.4102 561.8600
v 298.4734 274.4102 561.8600
v 298.4734 274.5656 561.8600
v 225.7931 274.5656 561.8600
v 229.7985 274.2325 557.8546
v 294.4679 274.2325 557.8546
v 298.2956 274.2325 561.6823
v 225.9708 274.2325 561.6823
v 289.8216 275.7373 553.2083
v 289.8216 275.7373 497.8315
v 294.0929 274.2941 493.5599
v 294.0929 274.2941 557.4799
v 283.5846 275.7373 546.9714
v 283.5846 275.7373 504.0684
v 288.2362 274.2897 499.4169
v 288.2362 274.2897 551.6229
v 229.7985 274.2325 493.1852
v 229.7985 274.2325 557.8546
v 225.9708 274.2325 489.3575
v 234.4448 274.4102 553.2083
v 289.8216 274.4102 553.2083
v 289.8216 274.5656 553.2083
v 234.4448 274.5656 553.2083
v 240.6815 275.7373 546.9714
v 283.5846 275.7373 546.9714
v 288.2362 274.2897 551.6229
v 236.0302 274.2897 551.6229
v 283.5846 274.4102 546.9714
v 283.5846 274.4102 504.0683
v 283.5846 274.5656 504.0683
v 283.5846 274.5656 546.9714
v 234.4448 274.4102 497.8315
v 234.4448 274.4102 553.2083
v 234.4448 274.5656 553.2083
v 234.4448 274.5656 497.8315
v 235.6541 274.2325 551.9990
v 288.6124 274.2325 551.9990
v 289.6439 274.2325 553.0305
v 234.6226 274.2325 553.0305
v 288.6124 274.2325 499.0407
v 235.6541 274.2325 499.0407
v 234.6226 274.2325 498.0093
v 289.6439 274.2325 498.0093
v 277.3476 275.7373 540.7345
v 277.3476 275.7373 510.3052
v 281.9992 274.2897 505.6537
v 281.9992 274.2897 545.3860
v 235.6541 274.2325 499.0407
v 235.6541 274.2325 551.9990
v 234.6226 274.2325 553.0305
v 234.6226 274.2325 498.0093
v 240.6815 274.4102 546.9714
v 283.5846 274.4102 546.9714
v 283.5846 274.5656 546.9714
v 240.6815 274.5656 546.9714
v 246.9185 275.7373 540.7345
v 277.3476 275.7373 540.7345
v 281.9992 274.2897 545.3860
v 242.2668 274.2897 545.3860
v 277.3479 274.4102 540.7345
v 277.3479 274.4102 510.3051
v 277.3479 274.5656 510.3051
v 277.3479 274.5656 540.7345
v 240.6815 274.4102 504.0683
v 240.6815 274.4102 546.9714
v 240.6815 274.5656 546.9714
v 240.6815 274.5656 504.0683
v 241.8907 274.2325 545.7622
v 282.3753 274.2325 545.7622
v 283.4068 274.2325 546.7937
v 240.8592 274.2325 546.7937
v 282.3753 274.2325 505.2775
v 241.8907 274.2325 505.2775
v 240.8592 274.2325 504.2460
v 283.4068 274.2325 504.2460
v 271.1109 275.7373 534.4976
v 271.1109 275.7373 516.5420
v 275.7626 274.2897 511.8905
v 275.7626 274.2897 539.1491
v 241.8907 274.2325 505.2775
v 241.8907 274.2325 545.7622
v 240.8592 274.2325 546.7937
v 240.8592 274.2325 504.2460
v 246.9185 274.4102 540.7345
v 277.3479 274.4102 540.7345
v 277.3479 274.5656 540.7345
v 246.9185 274.5656 540.7345
v 253.1551 275.7373 534.4976
v 271.1109 275.7373 534.4976
v 275.7626 274.2897 539.1491
v 248.5039 274.2897 539.1491
v 271.1109 274.4102 534.4976
v 271.1109 274.4102 516.5420
v 271.1109 274.5656 516.5420
v 271.1109 274.5656 534.4976
v 246.9185 274.4102 510.3051
v 246.9185 274.4102 540.7345
v 246.9185 274.5656 540.7345
v 246.9185 274.5656 510.3051
v 248.1277 274.2325 539.5253
v 276.1387 274.2325 539.5253
v 277.1702 274.2325 540.5568
v 247.0963 274.2325 540.5568
v 276.1387 274.2325 511.5144
v 248.1277 274.2325 511.5144
v 247.0963 274.2325 510.4829
v 277.1702 274.2325 510.4829
v 248.1277 274.2325 511.5144
v 248.1277 274.2325 539.5253
v 247.0963 274.2325 540.5568
v 247.0963 274.2325 510.4829
v 253.1551 274.4102 534.4976
v 271.1109 274.4102 534.4976
v 271.1109 274.5656 534.4976
v 253.1551 274.5656 534.4976
v 253.1551 274.4102 516.5420
v 253.1551 274.4102 534.4976
v 253.1551 274.5656 534.4976
v 253.1551 274.5656 516.5420
v 254.3644 274.2325 533.2884
v 269.9017 274.2325 533.2884
v 270.9332 274.2325 534.3199
v 253.3329 274.2325 534.3199
v 269.9017 274.2325 517.7512
v 254.3644 274.2325 517.7512
v 253.3329 274.2325 516.7197
v 270.9332 274.2325 516.7197
v 254.3644 274.2325 517.7512
v 254.3644 274.2325 533.2884
v 253.3329 274.2325 534.3199
v 253.3329 274.2325 516.7197
v 246.9185 275.7373 510.3052
v 246.9185 275.7373 540.7345
v 242.2668 274.2897 545.3860
v 242.2668 274.2897 505.6537
v 288.6124 274.2325 551.9990
v 288.6124 274.2325 499.0407
v 289.6439 274.2325 498.0093
v 289.6439 274.2325 553.0305
v 269.9017 274.2325 533.2884
v 269.9017 274.2325 517.7512
v 270.9332 274.2325 516.7197
v 270.9332 274.2325 534.3199
v 277.3476 275.7373 510.3052
v 246.9185 275.7373 510.3052
v 242.2668 274.2897 505.6537
v 281.9992 274.2897 505.6537
v 289.8216 274.4102 497.8315
v 234.4448 274.4102 497.8315
v 234.4448 274.5656 497.8315
v 289.8216 274.5656 497.8315
v 271.1109 274.4102 516.5420
v 253.1551 274.4102 516.5420
v 253.1551 274.5656 516.5420
v 271.1109 274.5656 516.5420
v 240.6815 275.7373 504.0684
v 240.6815 275.7373 546.9714
v 236.0302 274.2897 551.6229
v 236.0302 274.2897 499.4169
v 234.4448 275.7373 553.2083
v 289.8216 275.7373 553.2083
v 294.0929 274.2941 557.4799
v 230.1731 274.2941 557.4799
v 276.1387 274.2325 539.5253
v 276.1387 274.2325 511.5144
v 277.1702 274.2325 510.4829
v 277.1702 274.2325 540.5568
v 283.5846 275.7373 504.0684
v 240.6815 275.7373 504.0684
v 236.0302 274.2897 499.4169
v 288.2362 274.2897 499.4169
v 294.4679 274.2325 493.1852
v 229.7985 274.2325 493.1852
v 298.2956 274.2325 489.3575
v 277.3479 274.4102 510.3051
v 246.9185 274.4102 510.3051
v 246.9185 274.5656 510.3051
v 277.3479 274.5656 510.3051
v 234.4448 275.7373 497.8315
v 234.4448 275.7373 553.2083
v 230.1731 274.2941 557.4799
v 230.1731 274.2941 493.5599
v 253.1551 275.7373 516.5420
v 253.1551 275.7373 534.4976
v 248.5039 274.2897 539.1491
v 248.5039 274.2897 511.8905
v 289.8216 275.7373 497.8315
v 234.4448 275.7373 497.8315
v 230.1731 274.2941 493.5599
v 294.0929 274.2941 493.5599
v 282.3753 274.2325 545.7622
v 282.3753 274.2325 505.2775
v 283.4068 274.2325 504.2460
v 283.4068 274.2325 546.7937
v 271.1109 275.7373 516.5420
v 253.1551 275.7373 516.5420
v 248.5039 274.2897 511.8905
v 275.7626 274.2897 511.8905
v 283.5846 274.4102 504.0683
v 240.6815 274.4102 504.0683
v 240.6815 274.5656 504.0683
v 283.5846 274.5656 504.0683
v 229.9240 275.7288 492.6296
v 229.9240 276.6923 492.6296
v 295.0165 276.6923 557.7219
v 295.0165 275.7288 557.7219
v 294.3352 275.7288 558.4032
v 294.3352 276.6923 558.4032
v 229.2431 276.6923 493.3109
v 229.2431 275.7288 493.3109
v 295.0165 275.7288 557.7219
v 294.3352 275.7288 558.4032
v 229.2431 275.7288 493.3109
v 229.9240 275.7288 492.6296
v 229.2427 275.7288 557.7219
v 229.2427 276.6923 557.7219
v 294.3352 276.6923 492.6297
v 294.3352 275.7288 492.6297
v 295.0161 275.7288 493.3110
v 295.0161 276.6923 493.3110
v 229.9240 276.6923 558.4032
v 229.9240 275.7288 558.4032
v 294.3352 275.7288 492.6297
v 295.0161 275.7288 493.3110
v 229.9240 275.7288 558.4032
v 229.2427 275.7288 557.7219
v 298.2956 274.2325 561.6823
v 298.2956 274.2325 489.3575
v 298.4734 274.4102 489.1798
v 298.4734 274.4102 561.8600
v 225.9708 274.2325 561.6823
v 298.2956 274.2325 561.6823
v 225.9708 274.2325 489.3575
v 225.9708 274.2325 561.6823
v 298.2956 274.2325 489.3575
v 225.9708 274.2325 489.3575
v 298.4734 274.5656 489.1798
v 298.4734 274.5656 561.8600
v 294.0929 274.2941 557.4799
v 294.0929 274.2941 493.5599
v 294.4679 274.2325 493.1852
v 294.4679 274.2325 557.8546
v 230.1731 274.2941 557.4799
v 294.0929 274.2941 557.4799
v 230.1731 274.2941 493.5599
v 230.1731 274.2941 557.4799
v 294.0929 274.2941 493.5599
v 230.1731 274.2941 493.5599
v 288.2362 274.2897 551.6229
v 288.2362 274.2897 499.4169
v 236.0302 274.2897 551.6229
v 288.2362 274.2897 551.6229
v 236.0302 274.2897 499.4169
v 236.0302 274.2897 551.6229
v 288.2362 274.2897 499.4169
v 236.0302 274.2897 499.4169
v 281.9992 274.2897 545.3860
v 281.9992 274.2897 505.6537
v 242.2668 274.2897 545.3860
v 281.9992 274.2897 545.3860
v 242.2668 274.2897 505.6537
v 242.2668 274.2897 545.3860
v 281.9992 274.2897 505.6537
v 242.2668 274.2897 505.6537
v 275.7626 274.2897 539.1491
v 275.7626 274.2897 511.8905
v 248.5039 274.2897 539.1491
v 275.7626 274.2897 539.1491
v 248.5039 274.2897 511.8905
v 248.5039 274.2897 539.1491
v 275.7626 274.2897 511.8905
v 248.5039 274.2897 511.8905
v 269.5206 274.2700 532.9072
v 269.5206 274.2700 518.1324
v 254.7455 274.2700 532.9072
v 269.5206 274.2700 532.9072
v 254.7455 274.2700 518.1324
v 254.7455 274.2700 532.9072
v 269.5206 274.2700 518.1324
v 254.7455 274.2700 518.1324
v 298.2513 274.2844 489.3859
v 298.2513 281.8225 489.3859
v 298.2513 281.8225 561.6823
v 298.2513 274.2844 561.6823
v 298.2513 274.2844 561.6823
v 298.2513 281.8225 561.6823
v 226.0128 281.8225 561.6823
v 226.0128 274.2844 561.6823
v 226.0128 274.2844 561.6823
v 226.0128 281.8225 561.6823
v 226.0128 281.8225 489.3860
v 226.0128 274.2844 489.3860
v 226.0128 274.2844 489.3860
v 226.0128 281.8225 489.3860
v 298.2513 281.8225 489.3859
v 298.2513 274.2844 489.3859
v 226.0128 281.8225 561.6823
v 298.2513 281.8225 561.6823
v 298.2513 281.8225 489.3859
v 226.0128 281.8225 489.3860
v -230.7417 274.4102 489.1798
v -303.4218 274.4102 489.1798
v -303.4218 274.5656 489.1798
v -230.7417 274.5656 489.1798
v -303.4218 274.4102 489.1798
v -303.4218 274.4102 561.8600
v -303.4218 274.5656 561.8600
v -303.4218 274.5656 489.1798
v -239.3934 274.4102 553.2083
v -239.3934 274.4102 497.8315
v -239.3934 274.5656 497.8315
v -239.3934 274.5656 553.2083
v -303.4218 274.4102 561.8600
v -230.7417 274.4102 561.8600
v -230.7417 274.5656 561.8600
v -303.4218 274.5656 561.8600
v -299.4164 274.2325 557.8546
v -234.7469 274.2325 557.8546
v -230.9193 274.2325 561.6822
v -303.2440 274.2325 561.6823
v -239.3934 275.7373 553.2083
v -239.3934 275.7373 497.8315
v -235.1217 274.2941 493.5599
v -235.1217 274.2941 557.4798
v -245.6303 275.7373 546.9714
v -245.6303 275.7373 504.0684
v -240.9788 274.2897 499.4169
v -240.9788 274.2897 551.6229
v -299.4164 274.2325 493.1852
v -299.4164 274.2325 557.8546
v -303.2440 274.2325 489.3575
v -294.7701 274.4102 553.2083
v -239.3934 274.4102 553.2083
v -239.3934 274.5656 553.2083
v -294.7701 274.5656 553.2083
v -288.5332 275.7373 546.9714
v -245.6303 275.7373 546.9714
v -240.9788 274.2897 551.6229
v -293.1847 274.2897 551.6229
v -245.6303 274.4102 546.9714
v -245.6303 274.4102 504.0683
v -245.6303 274.5656 504.0683
v -245.6303 274.5656 546.9714
v -294.7701 274.4102 497.8315
v -294.7701 274.4102 553.2083
v -294.7701 274.5656 553.2083
v -294.7701 274.5656 497.8315
v -293.5608 274.2325 551.9990
v -240.6025 274.2325 551.9990
v -239.5710 274.2325 553.0305
v -294.5923 274.2325 553.0305
v -240.6025 274.2325 499.0407
v -293.5608 274.2325 499.0407
v -294.5923 274.2325 498.0093
v -239.5710 274.2325 498.0093
v -251.8671 275.7373 540.7345
v -251.8671 275.7373 510.3052
v -247.2157 274.2897 505.6537
v -247.2157 274.2897 545.3860
v -293.5608 274.2325 499.0407
v -293.5608 274.2325 551.9990
v -294.5923 274.2325 553.0305
v -294.5923 274.2325 498.0093
v -288.5332 274.4102 546.9714
v -245.6303 274.4102 546.9714
v -245.6303 274.5656 546.9714
v -288.5332 274.5656 546.9714
v -282.2964 275.7373 540.7345
v -251.8671 275.7373 540.7345
v -247.2157 274.2897 545.3860
v -286.9478 274.2897 545.3860
v -251.8671 274.4102 540.7345
v -251.8671 274.4102 510.3051
v -251.8671 274.5656 510.3051
v -251.8671 274.5656 540.7345
v -288.5332 274.4102 504.0683
v -288.5332 274.4102 546.9714
v -288.5332 274.5656 546.9714
v -288.5332 274.5656 504.0683
v -287.3241 274.2325 545.7622
v -246.8395 274.2325 545.7622
v -245.8080 274.2325 546.7937
v -288.3556 274.2325 546.7937
v -246.8395 274.2325 505.2775
v -287.3241 274.2325 505.2775
v -288.3556 274.2325 504.2460
v -245.8080 274.2325 504.2460
v -258.1039 275.7373 534.4976
v -258.1039 275.7373 516.5420
v -253.4525 274.2897 511.8905
v -253.4525 274.2897 539.1491
v -287.3241 274.2325 505.2775
v -287.3241 274.2325 545.7622
v -288.3556 274.2325 546.7937
v -288.3556 274.2325 504.2460
v -282.2964 274.4102 540.7345
v -251.8671 274.4102 540.7345
v -251.8671 274.5656 540.7345
v -282.2964 274.5656 540.7345
v -276.0595 275.7373 534.4976
v -258.1039 275.7373 534.4976
v -253.4525 274.2897 539.1491
v -280.7110 274.2897 539.1491
v -258.1039 274.4102 534.4976
v -258.1039 274.4102 516.5419
v -258.1039 274.5656 516.5419
v -258.1039 274.5656 534.4976
v -282.2964 274.4102 510.3051
v -282.2964 274.4102 540.7345
v -282.2964 274.5656 540.7345
v -282.2964 274.5656 510.3051
v -281.0871 274.2325 539.5253
v -253.0762 274.2325 539.5253
v -252.0447 274.2325 540.5568
v -282.1186 274.2325 540.5568
v -253.0762 274.2325 511.5143
v -281.0871 274.2325 511.5143
v -282.1186 274.2325 510.4829
v -252.0447 274.2325 510.4828
v -281.0871 274.2325 511.5143
v -281.0871 274.2325 539.5253
v -282.1186 274.2325 540.5568
v -282.1186 274.2325 510.4829
v -276.0595 274.4102 534.4976
v -258.1039 274.4102 534.4976
v -258.1039 274.5656 534.4976
v -276.0595 274.5656 534.4976
v -276.0595 274.4102 516.5419
v -276.0595 274.4102 534.4976
v -276.0595 274.5656 534.4976
v -276.0595 274.5656 516.5419
v -274.8505 274.2325 533.2884
v -259.3132 274.2325 533.2884
v -258.2817 274.2325 534.3199
v -275.8820 274.2325 534.3199
v -259.3132 274.2325 517.7511
v -274.8505 274.2325 517.7511
v -275.8820 274.2325 516.7197
v -258.2817 274.2325 516.7197
v -274.8505 274.2325 517.7511
v -274.8505 274.2325 533.2884
v -275.8820 274.2325 534.3199
v -275.8820 274.2325 516.7197
v -282.2964 275.7373 510.3052
v -282.2964 275.7373 540.7345
v -286.9478 274.2897 545.3860
v -286.9478 274.2897 505.6537
v -240.6025 274.2325 551.9990
v -240.6025 274.2325 499.0407
v -239.5710 274.2325 498.0093
v -239.5710 274.2325 553.0305
v -259.3132 274.2325 533.2884
v -259.3132 274.2325 517.7511
v -258.2817 274.2325 516.7197
v -258.2817 274.2325 534.3199
v -251.8671 275.7373 510.3052
v -282.2964 275.7373 510.3052
v -286.9478 274.2897 505.6537
v -247.2157 274.2897 505.6537
v -239.3934 274.4102 497.8315
v -294.7701 274.4102 497.8315
v -294.7701 274.5656 497.8315
v -239.3934 274.5656 497.8315
v -258.1039 274.4102 516.5419
v -276.0595 274.4102 516.5419
v -276.0595 274.5656 516.5419
v -258.1039 274.5656 516.5419
v -288.5332 275.7373 504.0684
v -288.5332 275.7373 546.9714
v -293.1847 274.2897 551.6229
v -293.1847 274.2897 499.4169
v -294.7701 275.7373 553.2083
v -239.3934 275.7373 553.2083
v -235.1217 274.2941 557.4798
v -299.0417 274.2941 557.4798
v -253.0762 274.2325 539.5253
v -253.0762 274.2325 511.5143
v -252.0447 274.2325 510.4828
v -252.0447 274.2325 540.5568
v -245.6303 275.7373 504.0684
v -288.5332 275.7373 504.0684
v -293.1847 274.2897 499.4169
v -240.9788 274.2897 499.4169
v -234.7469 274.2325 493.1852
v -299.4164 274.2325 493.1852
v -230.9193 274.2325 489.3575
v -251.8671 274.4102 510.3051
v -282.2964 274.4102 510.3051
v -282.2964 274.5656 510.3051
v -251.8671 274.5656 510.3051
v -294.7701 275.7373 497.8315
v -294.7701 275.7373 553.2083
v -299.0417 274.2941 557.4798
v -299.0417 274.2941 493.5599
v -276.0595 275.7373 516.5420
v -276.0595 275.7373 534.4976
v -280.7110 274.2897 539.1491
v -280.7110 274.2897 511.8905
v -239.3934 275.7373 497.8315
v -294.7701 275.7373 497.8315
v -299.0417 274.2941 493.5599
v -235.1217 274.2941 493.5599
v -246.8395 274.2325 545.7622
v -246.8395 274.2325 505.2775
v -245.8080 274.2325 504.2460
v -245.8080 274.2325 546.7937
v -258.1039 275.7373 516.5420
v -276.0595 275.7373 516.5420
v -280.7110 274.2897 511.8905
v -253.4525 274.2897 511.8905
v -245.6303 274.4102 504.0683
v -288.5332 274.4102 504.0683
v -288.5332 274.5656 504.0683
v -245.6303 274.5656 504.0683
v -299.2907 275.7288 492.6296
v -299.2907 276.6923 492.6296
v -234.1984 276.6923 557.7219
v -234.1984 275.7288 557.7219
v -234.8797 275.7288 558.4031
v -234.8797 276.6923 558.4031
v -299.9720 276.6923 493.3109
v -299.9720 275.7288 493.3109
v -234.1984 275.7288 557.7219
v -234.8797 275.7288 558.4031
v -299.9720 275.7288 493.3109
v -299.2907 275.7288 492.6296
v -299.9722 275.7288 557.7219
v -299.9722 276.6923 557.7219
v -234.8799 276.6923 492.6297
v -234.8799 275.7288 492.6297
v -234.1986 275.7288 493.3110
v -234.1986 276.6923 493.3110
v -299.2908 276.6923 558.4032
v -299.2908 275.7288 558.4032
v -234.8799 275.7288 492.6297
v -234.1986 275.7288 493.3110
v -299.2908 275.7288 558.4032
v -299.9722 275.7288 557.7219
v -230.9193 274.2325 561.6822
v -230.9193 274.2325 489.3575
v -230.7417 274.4102 489.1798
v -230.7417 274.4102 561.8600
v -303.2440 274.2325 561.6823
v -230.9193 274.2325 561.6822
v -303.2440 274.2325 489.3575
v -303.2440 274.2325 561.6823
v -230.9193 274.2325 489.3575
v -303.2440 274.2325 489.3575
v -230.7417 274.5656 489.1798
v -230.7417 274.5656 561.8600
v -235.1217 274.2941 557.4798
v -235.1217 274.2941 493.5599
v -234.7469 274.2325 493.1852
v -234.7469 274.2325 557.8546
v -299.0417 274.2941 557.4798
v -235.1217 274.2941 557.4798
v -299.0417 274.2941 493.5599
v -299.0417 274.2941 557.4798
v -235.1217 274.2941 493.5599
v -299.0417 274.2941 493.5599
v -240.9788 274.2897 551.6229
v -240.9788 274.2897 499.4169
v -293.1847 274.2897 551.6229
v -240.9788 274.2897 551.6229
v -293.1847 274.2897 499.4169
v -293.1847 274.2897 551.6229
v -240.9788 274.2897 499.4169
v -293.1847 274.2897 499.4169
v -247.2157 274.2897 545.3860
v -247.2157 274.2897 505.6537
v -286.9478 274.2897 545.3860
v -247.2157 274.2897 545.3860
v -286.9478 274.2897 505.6537
v -286.9478 274.2897 545.3860
v -247.2157 274.2897 505.6537
v -286.9478 274.2897 505.6537
v -253.4525 274.2897 539.1491
v -253.4525 274.2897 511.8905
v -280.7110 274.2897 539.1491
v -253.4525 274.2897 539.1491
v -280.7110 274.2897 511.8905
v -280.7110 274.2897 539.1491
v -253.4525 274.2897 511.8905
v -280.7110 274.2897 511.8905
v -259.6943 274.2700 532.9072
v -259.6943 274.2700 518.1323
v -274.4692 274.2700 532.9072
v -259.6943 274.2700 532.9072
v -274.4692 274.2700 518.1323
v -274.4692 274.2700 532.9072
v -259.6943 274.2700 518.1323
v -274.4692 274.2700 518.1323
v -230.9635 274.2844 489.3859
v -230.9635 281.8225 489.3859
v -230.9635 281.8225 561.6822
v -230.9635 274.2844 561.6822
v -230.9635 274.2844 561.6822
v -230.9635 281.8225 561.6822
v -303.2019 281.8225 561.6823
v -303.2019 274.2844 561.6823
v -303.2019 274.2844 561.6823
v -303.2019 281.8225 561.6823
v -303.2019 281.8225 489.3859
v -303.2019 274.2844 489.3859
v -303.2019 274.2844 489.3859
v -303.2019 281.8225 489.3859
v -230.9635 281.8225 489.3859
v -230.9635 274.2844 489.3859
v -303.2019 281.8225 561.6823
v -230.9635 281.8225 561.6822
v -230.9635 281.8225 489.3859
v -303.2019 281.8225 489.3859
v -760.3289 274.4102 489.1798
v -833.0090 274.4102 489.1798
v -833.0090 274.5656 489.1798
v -760.3289 274.5656 489.1798
v -833.0090 274.4102 489.1798
v -833.0090 274.4102 561.8600
v -833.0090 274.5656 561.8600
v -833.0090 274.5656 489.1798
v -768.9806 274.4102 553.2083
v -768.9806 274.4102 497.8315
v -768.9806 274.5656 497.8315
v -768.9806 274.5656 553.2083
v -833.0090 274.4102 561.8600
v -760.3289 274.4102 561.8600
v -760.3289 274.5656 561.8600
v -833.0090 274.5656 561.8600
v -829.0035 274.2325 557.8546
v -764.3343 274.2325 557.8546
v -760.5064 274.2325 561.6822
v -832.8312 274.2325 561.6822
v -768.9806 275.7373 553.2083
v -768.9806 275.7373 497.8315
v -764.7091 274.2941 493.5599
v -764.7091 274.2941 557.4798
v -775.2174 275.7373 546.9714
v -775.2174 275.7373 504.0683
v -770.5660 274.2897 499.4169
v -770.5660 274.2897 551.6229
v -829.0035 274.2325 493.1852
v -829.0035 274.2325 557.8546
v -832.8312 274.2325 489.3575
v -824.3572 274.4102 553.2083
v -768.9806 274.4102 553.2083
v -768.9806 274.5656 553.2083
v -824.3572 274.5656 553.2083
v -818.1206 275.7373 546.9714
v -775.2174 275.7373 546.9714
v -770.5660 274.2897 551.6229
v -822.7718 274.2897 551.6229
v -775.2174 274.4102 546.9714
v -775.2174 274.4102 504.0683
v -775.2174 274.5656 504.0683
v -775.2174 274.5656 546.9714
v -824.3572 274.4102 497.8315
v -824.3572 274.4102 553.2083
v -824.3572 274.5656 553.2083
v -824.3572 274.5656 497.8315
v -823.1480 274.2325 551.9990
v -770.1897 274.2325 551.9990
v -769.1582 274.2325 553.0305
v -824.1795 274.2325 553.0305
v -770.1897 274.2325 499.0407
v -823.1480 274.2325 499.0407
v -824.1795 274.2325 498.0092
v -769.1582 274.2325 498.0092
v -781.4543 275.7373 540.7345
v -781.4543 275.7373 510.3052
v -776.8028 274.2897 505.6537
v -776.8028 274.2897 545.3860
v -823.1480 274.2325 499.0407
v -823.1480 274.2325 551.9990
v -824.1795 274.2325 553.0305
v -824.1795 274.2325 498.0092
v -818.1206 274.4102 546.9714
v -775.2174 274.4102 546.9714
v -775.2174 274.5656 546.9714
v -818.1206 274.5656 546.9714
v -811.8835 275.7373 540.7345
v -781.4543 275.7373 540.7345
v -776.8028 274.2897 545.3860
v -816.5352 274.2897 545.3860
v -781.4543 274.4102 540.7345
v -781.4543 274.4102 510.3051
v -781.4543 274.5656 510.3051
v -781.4543 274.5656 540.7345
v -818.1206 274.4102 504.0683
v -818.1206 274.4102 546.9714
v -818.1206 274.5656 546.9714
v -818.1206 274.5656 504.0683
v -816.9113 274.2325 545.7622
v -776.4267 274.2325 545.7622
v -775.3952 274.2325 546.7936
v -817.9428 274.2325 546.7937
v -776.4267 274.2325 505.2775
v -816.9113 274.2325 505.2775
v -817.9428 274.2325 504.2460
v -775.3952 274.2325 504.2460
v -787.6911 275.7373 534.4976
v -787.6911 275.7373 516.5420
v -783.0397 274.2897 511.8905
v -783.0397 274.2897 539.1491
v -816.9113 274.2325 505.2775
v -816.9113 274.2325 545.7622
v -817.9428 274.2325 546.7937
v -817.9428 274.2325 504.2460
v -811.8835 274.4102 540.7345
v -781.4543 274.4102 540.7345
v -781.4543 274.5656 540.7345
v -811.8835 274.5656 540.7345
v -805.6469 275.7373 534.4976
v -787.6911 275.7373 534.4976
v -783.0397 274.2897 539.1491
v -810.2982 274.2897 539.1491
v -787.6911 274.4102 534.4976
v -787.6911 274.4102 516.5419
v -787.6911 274.5656 516.5419
v -787.6911 274.5656 534.4976
v -811.8835 274.4102 510.3051
v -811.8835 274.4102 540.7345
v -811.8835 274.5656 540.7345
v -811.8835 274.5656 510.3051
v -810.6743 274.2325 539.5253
v -782.6633 274.2325 539.5253
v -781.6320 274.2325 540.5568
v -811.7058 274.2325 540.5568
v -782.6633 274.2325 511.5143
v -810.6743 274.2325 511.5143
v -811.7058 274.2325 510.4828
v -781.6320 274.2325 510.4828
v -810.6743 274.2325 511.5143
v -810.6743 274.2325 539.5253
v -811.7058 274.2325 540.5568
v -811.7058 274.2325 510.4828
v -805.6469 274.4102 534.4976
v -787.6911 274.4102 534.4976
v -787.6911 274.5656 534.4976
v -805.6469 274.5656 534.4976
v -805.6469 274.4102 516.5419
v -805.6469 274.4102 534.4976
v -805.6469 274.5656 534.4976
v -805.6469 274.5656 516.5419
v -804.4376 274.2325 533.2884
v -788.9004 274.2325 533.2884
v -787.8689 274.2325 534.3199
v -805.4691 274.2325 534.3199
v -788.9004 274.2325 517.7511
v -804.4376 274.2325 517.7511
v -805.4691 274.2325 516.7196
v -787.8689 274.2325 516.7196
v -804.4376 274.2325 517.7511
v -804.4376 274.2325 533.2884
v -805.4691 274.2325 534.3199
v -805.4691 274.2325 516.7196
v -811.8835 275.7373 510.3052
v -811.8835 275.7373 540.7345
v -816.5352 274.2897 545.3860
v -816.5352 274.2897 505.6537
v -770.1897 274.2325 551.9990
v -770.1897 274.2325 499.0407
v -769.1582 274.2325 498.0092
v -769.1582 274.2325 553.0305
v -788.9004 274.2325 533.2884
v -788.9004 274.2325 517.7511
v -787.8689 274.2325 516.7196
v -787.8689 274.2325 534.3199
v -781.4543 275.7373 510.3052
v -811.8835 275.7373 510.3052
v -816.5352 274.2897 505.6537
v -776.8028 274.2897 505.6537
v -768.9806 274.4102 497.8315
v -824.3572 274.4102 497.8315
v -824.3572 274.5656 497.8315
v -768.9806 274.5656 497.8315
v -787.6911 274.4102 516.5419
v -805.6469 274.4102 516.5419
v -805.6469 274.5656 516.5419
v -787.6911 274.5656 516.5419
v -818.1206 275.7373 504.0684
v -818.1206 275.7373 546.9714
v -822.7718 274.2897 551.6229
v -822.7718 274.2897 499.4169
v -824.3572 275.7373 553.2083
v -768.9806 275.7373 553.2083
v -764.7091 274.2941 557.4798
v -828.6289 274.2941 557.4798
v -782.6633 274.2325 539.5253
v -782.6633 274.2325 511.5143
v -781.6320 274.2325 510.4828
v -781.6320 274.2325 540.5568
v -775.2174 275.7373 504.0683
v -818.1206 275.7373 504.0684
v -822.7718 274.2897 499.4169
v -770.5660 274.2897 499.4169
v -764.3343 274.2325 493.1852
v -829.0035 274.2325 493.1852
v -760.5064 274.2325 489.3575
v -781.4543 274.4102 510.3051
v -811.8835 274.4102 510.3051
v -811.8835 274.5656 510.3051
v -781.4543 274.5656 510.3051
v -824.3572 275.7373 497.8315
v -824.3572 275.7373 553.2083
v -828.6289 274.2941 557.4798
v -828.6289 274.2941 493.5599
v -805.6469 275.7373 516.5420
v -805.6469 275.7373 534.4976
v -810.2982 274.2897 539.1491
v -810.2982 274.2897 511.8905
v -768.9806 275.7373 497.8315
v -824.3572 275.7373 497.8315
v -828.6289 274.2941 493.5599
v -764.7091 274.2941 493.5599
v -776.4267 274.2325 545.7622
v -776.4267 274.2325 505.2775
v -775.3952 274.2325 504.2460
v -775.3952 274.2325 546.7936
v -787.6911 275.7373 516.5420
v -805.6469 275.7373 516.5420
v -810.2982 274.2897 511.8905
v -783.0397 274.2897 511.8905
v -775.2174 274.4102 504.0683
v -818.1206 274.4102 504.0683
v -818.1206 274.5656 504.0683
v -775.2174 274.5656 504.0683
v -828.8778 275.7288 492.6296
v -828.8778 276.6923 492.6296
v -763.7856 276.6923 557.7218
v -763.7856 275.7288 557.7218
v -764.4669 275.7288 558.4031
v -764.4669 276.6923 558.4031
v -829.5591 276.6923 493.3109
v -829.5591 275.7288 493.3109
v -763.7856 275.7288 557.7218
v -764.4669 275.7288 558.4031
v -829.5591 275.7288 493.3109
v -828.8778 275.7288 492.6296
v -829.5593 275.7288 557.7219
v -829.5593 276.6923 557.7219
v -764.4670 276.6923 492.6297
v -764.4670 275.7288 492.6297
v -763.7857 275.7288 493.3109
v -763.7857 276.6923 493.3109
v -828.8780 276.6923 558.4032
v -828.8780 275.7288 558.4032
v -764.4670 275.7288 492.6297
v -763.7857 275.7288 493.3109
v -828.8780 275.7288 558.4032
v -829.5593 275.7288 557.7219
v -760.5064 274.2325 561.6822
v -760.5064 274.2325 489.3575
v -760.3289 274.4102 489.1798
v -760.3289 274.4102 561.8600
v -832.8312 274.2325 561.6822
v -760.5064 274.2325 561.6822
v -832.8312 274.2325 489.3575
v -832.8312 274.2325 561.6822
v -760.5064 274.2325 489.3575
v -832.8312 274.2325 489.3575
v -760.3289 274.5656 489.1798
v -760.3289 274.5656 561.8600
v -764.7091 274.2941 557.4798
v -764.7091 274.2941 493.5599
v -764.3343 274.2325 493.1852
v -764.3343 274.2325 557.8546
v -828.6289 274.2941 557.4798
v -764.7091 274.2941 557.4798
v -828.6289 274.2941 493.5599
v -828.6289 274.2941 557.4798
v -764.7091 274.2941 493.5599
v -828.6289 274.2941 493.5599
v -770.5660 274.2897 551.6229
v -770.5660 274.2897 499.4169
v -822.7718 274.2897 551.6229
v -770.5660 274.2897 551.6229
v -822.7718 274.2897 499.4169
v -822.7718 274.2897 551.6229
v -770.5660 274.2897 499.4169
v -822.7718 274.2897 499.4169
v -776.8028 274.2897 545.3860
v -776.8028 274.2897 505.6537
v -816.5352 274.2897 545.3860
v -776.8028 274.2897 545.3860
v -816.5352 274.2897 505.6537
v -816.5352 274.2897 545.3860
v -776.8028 274.2897 505.6537
v -816.5352 274.2897 505.6537
v -783.0397 274.2897 539.1491
v -783.0397 274.2897 511.8905
v -810.2982 274.2897 539.1491
v -783.0397 274.2897 539.1491
v -810.2982 274.2897 511.8905
v -810.2982 274.2897 539.1491
v -783.0397 274.2897 511.8905
v -810.2982 274.2897 511.8905
v -789.2815 274.2700 532.9072
v -789.2815 274.2700 518.1323
v -804.0564 274.2700 532.9072
v -789.2815 274.2700 532.9072
v -804.0564 274.2700 518.1323
v -804.0564 274.2700 532.9072
v -789.2815 274.2700 518.1323
v -804.0564 274.2700 518.1323
v -760.5507 274.2844 489.3859
v -760.5507 281.8225 489.3859
v -760.5507 281.8225 561.6822
v -760.5507 274.2844 561.6822
v -760.5507 274.2844 561.6822
v -760.5507 281.8225 561.6822
v -832.7892 281.8225 561.6822
v -832.7892 274.2844 561.6822
v -832.7892 274.2844 561.6822
v -832.7892 281.8225 561.6822
v -832.7892 281.8225 489.3859
v -832.7892 274.2844 489.3859
v -832.7892 274.2844 489.3859
v -832.7892 281.8225 489.3859
v -760.5507 281.8225 489.3859
v -760.5507 274.2844 489.3859
v -832.7892 281.8225 561.6822
v -760.5507 281.8225 561.6822
v -760.5507 281.8225 489.3859
v -832.7892 281.8225 489.3859
v -1214.2645 274.4102 489.1798
v -1286.9446 274.4102 489.1798
v -1286.9446 274.5656 489.1798
v -1214.2645 274.5656 489.1798
v -1286.9446 274.4102 489.1798
v -1286.9446 274.4102 561.8600
v -1286.9446 274.5656 561.8600
v -1286.9446 274.5656 489.1798
v -1222.9162 274.4102 553.2083
v -1222.9162 274.4102 497.8315
v -1222.9162 274.5656 497.8315
v -1222.9162 274.5656 553.2083
v -1286.9446 274.4102 561.8600
v -1214.2645 274.4102 561.8600
v -1214.2645 274.5656 561.8600
v -1286.9446 274.5656 561.8600
v -1282.9391 274.2325 557.8546
v -1218.2699 274.2325 557.8546
v -1214.4421 274.2325 561.6823
v -1286.7668 274.2325 561.6823
v -1222.9162 275.7373 553.2083
v -1222.9162 275.7373 497.8315
v -1218.6447 274.2941 493.5599
v -1218.6447 274.2941 557.4798
v -1229.1531 275.7373 546.9714
v -1229.1531 275.7373 504.0684
v -1224.5016 274.2897 499.4169
v -1224.5016 274.2897 551.6229
v -1282.9391 274.2325 493.1852
v -1282.9391 274.2325 557.8546
v -1286.7668 274.2325 489.3575
v -1278.2928 274.4102 553.2083
v -1222.9162 274.4102 553.2083
v -1222.9162 274.5656 553.2083
v -1278.2928 274.5656 553.2083
v -1272.0562 275.7373 546.9714
v -1229.1531 275.7373 546.9714
v -1224.5016 274.2897 551.6229
v -1276.7075 274.2897 551.6229
v -1229.1531 274.4102 546.9714
v -1229.1531 274.4102 504.0683
v -1229.1531 274.5656 504.0683
v -1229.1531 274.5656 546.9714
v -1278.2928 274.4102 497.8315
v -1278.2928 274.4102 553.2083
v -1278.2928 274.5656 553.2083
v -1278.2928 274.5656 497.8315
v -1277.0836 274.2325 551.9990
v -1224.1253 274.2325 551.9990
v -1223.0938 274.2325 553.0305
v -1278.1151 274.2325 553.0305
v -1224.1253 274.2325 499.0407
v -1277.0836 274.2325 499.0407
v -1278.1151 274.2325 498.0093
v -1223.0938 274.2325 498.0093
v -1235.3899 275.7373 540.7345
v -1235.3899 275.7373 510.3052
v -1230.7384 274.2897 505.6537
v -1230.7384 274.2897 545.3860
v -1277.0836 274.2325 499.0407
v -1277.0836 274.2325 551.9990
v -1278.1151 274.2325 553.0305
v -1278.1151 274.2325 498.0093
v -1272.0562 274.4102 546.9714
v -1229.1531 274.4102 546.9714
v -1229.1531 274.5656 546.9714
v -1272.0562 274.5656 546.9714
v -1265.8192 275.7373 540.7345
v -1235.3899 275.7373 540.7345
v -1230.7384 274.2897 545.3860
v -1270.4708 274.2897 545.3860
v -1235.3899 274.4102 540.7345
v -1235.3899 274.4102 510.3051
v -1235.3899 274.5656 510.3051
v -1235.3899 274.5656 540.7345
v -1272.0562 274.4102 504.0683
v -1272.0562 274.4102 546.9714
v -1272.0562 274.5656 546.9714
v -1272.0562 274.5656 504.0683
v -1270.8469 274.2325 545.7622
v -1230.3623 274.2325 545.7622
v -1229.3308 274.2325 546.7937
v -1271.8784 274.2325 546.7937
v -1230.3623 274.2325 505.2775
v -1270.8469 274.2325 505.2775
v -1271.8784 274.2325 504.2460
v -1229.3308 274.2325 504.2460
v -1241.6267 275.7373 534.4976
v -1241.6267 275.7373 516.5420
v -1236.9753 274.2897 511.8905
v -1236.9753 274.2897 539.1491
v -1270.8469 274.2325 505.2775
v -1270.8469 274.2325 545.7622
v -1271.8784 274.2325 546.7937
v -1271.8784 274.2325 504.2460
v -1265.8192 274.4102 540.7345
v -1235.3899 274.4102 540.7345
v -1235.3899 274.5656 540.7345
v -1265.8192 274.5656 540.7345
v -1259.5825 275.7373 534.4976
v -1241.6267 275.7373 534.4976
v -1236.9753 274.2897 539.1491
v -1264.2338 274.2897 539.1491
v -1241.6267 274.4102 534.4976
v -1241.6267 274.4102 516.5419
v -1241.6267 274.5656 516.5419
v -1241.6267 274.5656 534.4976
v -1265.8192 274.4102 510.3051
v -1265.8192 274.4102 540.7345
v -1265.8192 274.5656 540.7345
v -1265.8192 274.5656 510.3051
v -1264.6099 274.2325 539.5253
v -1236.5990 274.2325 539.5253
v -1235.5677 274.2325 540.5568
v -1265.6414 274.2325 540.5568
v -1236.5990 274.2325 511.5143
v -1264.6099 274.2325 511.5143
v -1265.6414 274.2325 510.4829
v -1235.5677 274.2325 510.4829
v -1264.6099 274.2325 511.5143
v -1264.6099 274.2325 539.5253
v -1265.6414 274.2325 540.5568
v -1265.6414 274.2325 510.4829
v -1259.5825 274.4102 534.4976
v -1241.6267 274.4102 534.4976
v -1241.6267 274.5656 534.4976
v -1259.5825 274.5656 534.4976
v -1259.5825 274.4102 516.5420
v -1259.5825 274.4102 534.4976
v -1259.5825 274.5656 534.4976
v -1259.5825 274.5656 516.5420
v -1258.3733 274.2325 533.2884
v -1242.8360 274.2325 533.2884
v -1241.8045 274.2325 534.3199
v -1259.4048 274.2325 534.3199
v -1242.8360 274.2325 517.7512
v -1258.3733 274.2325 517.7512
v -1259.4048 274.2325 516.7197
v -1241.8045 274.2325 516.7197
v -1258.3733 274.2325 517.7512
v -1258.3733 274.2325 533.2884
v -1259.4048 274.2325 534.3199
v -1259.4048 274.2325 516.7197
v -1265.8192 275.7373 510.3052
v -1265.8192 275.7373 540.7345
v -1270.4708 274.2897 545.3860
v -1270.4708 274.2897 505.6537
v -1224.1253 274.2325 551.9990
v -1224.1253 274.2325 499.0407
v -1223.0938 274.2325 498.0093
v -1223.0938 274.2325 553.0305
v -1242.8360 274.2325 533.2884
v -1242.8360 274.2325 517.7512
v -1241.8045 274.2325 516.7197
v -1241.8045 274.2325 534.3199
v -1235.3899 275.7373 510.3052
v -1265.8192 275.7373 510.3052
v -1270.4708 274.2897 505.6537
v -1230.7384 274.2897 505.6537
v -1222.9162 274.4102 497.8315
v -1278.2928 274.4102 497.8315
v -1278.2928 274.5656 497.8315
v -1222.9162 274.5656 497.8315
v -1241.6267 274.4102 516.5419
v -1259.5825 274.4102 516.5420
v -1259.5825 274.5656 516.5420
v -1241.6267 274.5656 516.5419
v -1272.0562 275.7373 504.0684
v -1272.0562 275.7373 546.9714
v -1276.7075 274.2897 551.6229
v -1276.7075 274.2897 499.4169
v -1278.2928 275.7373 553.2083
v -1222.9162 275.7373 553.2083
v -1218.6447 274.2941 557.4798
v -1282.5645 274.2941 557.4799
v -1236.5990 274.2325 539.5253
v -1236.5990 274.2325 511.5143
v -1235.5677 274.2325 510.4829
v -1235.5677 274.2325 540.5568
v -1229.1531 275.7373 504.0684
v -1272.0562 275.7373 504.0684
v -1276.7075 274.2897 499.4169
v -1224.5016 274.2897 499.4169
v -1218.2699 274.2325 493.1852
v -1282.9391 274.2325 493.1852
v -1214.4421 274.2325 489.3575
v -1235.3899 274.4102 510.3051
v -1265.8192 274.4102 510.3051
v -1265.8192 274.5656 510.3051
v -1235.3899 274.5656 510.3051
v -1278.2928 275.7373 497.8315
v -1278.2928 275.7373 553.2083
v -1282.5645 274.2941 557.4799
v -1282.5645 274.2941 493.5599
v -1259.5825 275.7373 516.5420
v -1259.5825 275.7373 534.4976
v -1264.2338 274.2897 539.1491
v -1264.2338 274.2897 511.8905
v -1222.9162 275.7373 497.8315
v -1278.2928 275.7373 497.8315
v -1282.5645 274.2941 493.5599
v -1218.6447 274.2941 493.5599
v -1230.3623 274.2325 545.7622
v -1230.3623 274.2325 505.2775
v -1229.3308 274.2325 504.2460
v -1229.3308 274.2325 546.7937
v -1241.6267 275.7373 516.5420
v -1259.5825 275.7373 516.5420
v -1264.2338 274.2897 511.8905
v -1236.9753 274.2897 511.8905
v -1229.1531 274.4102 504.0683
v -1272.0562 274.4102 504.0683
v -1272.0562 274.5656 504.0683
v -1229.1531 274.5656 504.0683
v -1282.8135 275.7288 492.6296
v -1282.8135 276.6923 492.6296
v -1217.7212 276.6923 557.7219
v -1217.7212 275.7288 557.7219
v -1218.4025 275.7288 558.4031
v -1218.4025 276.6923 558.4031
v -1283.4948 276.6923 493.3109
v -1283.4948 275.7288 493.3109
v -1217.7212 275.7288 557.7219
v -1218.4025 275.7288 558.4031
v -1283.4948 275.7288 493.3109
v -1282.8135 275.7288 492.6296
v -1283.4949 275.7288 557.7219
v -1283.4949 276.6923 557.7219
v -1218.4027 276.6923 492.6297
v -1218.4027 275.7288 492.6297
v -1217.7214 275.7288 493.3110
v -1217.7214 276.6923 493.3110
v -1282.8136 276.6923 558.4032
v -1282.8136 275.7288 558.4032
v -1218.4027 275.7288 492.6297
v -1217.7214 275.7288 493.3110
v -1282.8136 275.7288 558.4032
v -1283.4949 275.7288 557.7219
v -1214.4421 274.2325 561.6823
v -1214.4421 274.2325 489.3575
v -1214.2645 274.4102 489.1798
v -1214.2645 274.4102 561.8600
v -1286.7668 274.2325 561.6823
v -1214.4421 274.2325 561.6823
v -1286.7668 274.2325 489.3575
v -1286.7668 274.2325 561.6823
v -1214.4421 274.2325 489.3575
v -1286.7668 274.2325 489.3575
v -1214.2645 274.5656 489.1798
v -1214.2645 274.5656 561.8600
v -1218.6447 274.2941 557.4798
v -1218.6447 274.2941 493.5599
v -1218.2699 274.2325 493.1852
v -1218.2699 274.2325 557.8546
v -1282.5645 274.2941 557.4799
v -1218.6447 274.2941 557.4798
v -1282.5645 274.2941 493.5599
v -1282.5645 274.2941 557.4799
v -1218.6447 274.2941 493.5599
v -1282.5645 274.2941 493.5599
v -1224.5016 274.2897 551.6229
v -1224.5016 274.2897 499.4169
v -1276.7075 274.2897 551.6229
v -1224.5016 274.2897 551.6229
v -1276.7075 274.2897 499.4169
v -1276.7075 274.2897 551.6229
v -1224.5016 274.2897 499.4169
v -1276.7075 274.2897 499.4169
v -1230.7384 274.2897 545.3860
v -1230.7384 274.2897 505.6537
v -1270.4708 274.2897 545.3860
v -1230.7384 274.2897 545.3860
v -1270.4708 274.2897 505.6537
v -1270.4708 274.2897 545.3860
v -1230.7384 274.2897 505.6537
v -1270.4708 274.2897 505.6537
v -1236.9753 274.2897 539.1491
v -1236.9753 274.2897 511.8905
v -1264.2338 274.2897 539.1491
v -1236.9753 274.2897 539.1491
v -1264.2338 274.2897 511.8905
v -1264.2338 274.2897 539.1491
v -1236.9753 274.2897 511.8905
v -1264.2338 274.2897 511.8905
v -1243.2171 274.2700 532.9072
v -1243.2171 274.2700 518.1323
v -1257.9920 274.2700 532.9072
v -1243.2171 274.2700 532.9072
v -1257.9920 274.2700 518.1323
v -1257.9920 274.2700 532.9072
v -1243.2171 274.2700 518.1323
v -1257.9920 274.2700 518.1323
v -1214.4863 274.2844 489.3859
v -1214.4863 281.8225 489.3859
v -1214.4863 281.8225 561.6823
v -1214.4863 274.2844 561.6823
v -1214.4863 274.2844 561.6823
v -1214.4863 281.8225 561.6823
v -1286.7249 281.8225 561.6823
v -1286.7249 274.2844 561.6823
v -1286.7249 274.2844 561.6823
v -1286.7249 281.8225 561.6823
v -1286.7249 281.8225 489.3860
v -1286.7249 274.2844 489.3860
v -1286.7249 274.2844 489.3860
v -1286.7249 281.8225 489.3860
v -1214.4863 281.8225 489.3859
v -1214.4863 274.2844 489.3859
v -1286.7249 281.8225 561.6823
v -1214.4863 281.8225 561.6823
v -1214.4863 281.8225 489.3859
v -1286.7249 281.8225 489.3860
v -2825.0471 253.9442 193.5607
v -2897.7274 253.9442 193.5608
v -2897.7274 254.0996 193.5608
v -2825.0471 254.0996 193.5607
v -2897.7274 253.9442 193.5608
v -2897.7274 253.9442 266.2410
v -2897.7274 254.0996 266.2410
v -2897.7274 254.0996 193.5608
v -2833.6988 253.9442 257.5892
v -2833.6988 253.9442 202.2125
v -2833.6988 254.0996 202.2125
v -2833.6988 254.0996 257.5892
v -2897.7274 253.9442 266.2410
v -2825.0471 253.9442 266.2410
v -2825.0471 254.0996 266.2410
v -2897.7274 254.0996 266.2410
v -2893.7220 253.7665 262.2355
v -2829.0525 253.7665 262.2355
v -2825.2249 253.7665 266.0632
v -2897.5496 253.7665 266.0632
v -2833.6988 255.2713 257.5892
v -2833.6988 255.2713 202.2125
v -2829.4273 253.8281 197.9409
v -2829.4273 253.8281 261.8608
v -2839.9357 255.2713 251.3523
v -2839.9357 255.2713 208.4493
v -2835.2842 253.8237 203.7979
v -2835.2842 253.8237 256.0038
v -2893.7220 253.7665 197.5662
v -2893.7220 253.7665 262.2355
v -2897.5496 253.7665 193.7385
v -2889.0757 253.9442 257.5892
v -2833.6988 253.9442 257.5892
v -2833.6988 254.0996 257.5892
v -2889.0757 254.0996 257.5892
v -2882.8386 255.2713 251.3524
v -2839.9357 255.2713 251.3523
v -2835.2842 253.8237 256.0038
v -2887.4903 253.8237 256.0039
v -2839.9357 253.9442 251.3523
v -2839.9357 253.9442 208.4493
v -2839.9357 254.0996 208.4493
v -2839.9357 254.0996 251.3523
v -2889.0757 253.9442 202.2125
v -2889.0757 253.9442 257.5892
v -2889.0757 254.0996 257.5892
v -2889.0757 254.0996 202.2125
v -2887.8664 253.7665 256.3800
v -2834.9081 253.7665 256.3800
v -2833.8766 253.7665 257.4115
v -2888.8979 253.7665 257.4115
v -2834.9081 253.7665 203.4217
v -2887.8664 253.7665 203.4217
v -2888.8979 253.7665 202.3902
v -2833.8766 253.7665 202.3902
v -2846.1725 255.2713 245.1155
v -2846.1725 255.2713 214.6861
v -2841.5211 253.8237 210.0347
v -2841.5211 253.8237 249.7669
v -2887.8664 253.7665 203.4217
v -2887.8664 253.7665 256.3800
v -2888.8979 253.7665 257.4115
v -2888.8979 253.7665 202.3902
v -2882.8388 253.9442 251.3524
v -2839.9357 253.9442 251.3523
v -2839.9357 254.0996 251.3523
v -2882.8388 254.0996 251.3524
v -2876.6018 255.2713 245.1155
v -2846.1725 255.2713 245.1155
v -2841.5211 253.8237 249.7669
v -2881.2534 253.8237 249.7670
v -2846.1725 253.9442 245.1155
v -2846.1725 253.9442 214.6861
v -2846.1725 254.0996 214.6861
v -2846.1725 254.0996 245.1155
v -2882.8388 253.9442 208.4493
v -2882.8388 253.9442 251.3524
v -2882.8388 254.0996 251.3524
v -2882.8388 254.0996 208.4493
v -2881.6296 253.7665 250.1431
v -2841.1449 253.7665 250.1431
v -2840.1134 253.7665 251.1746
v -2882.6611 253.7665 251.1746
v -2841.1449 253.7665 209.6585
v -2881.6296 253.7665 209.6585
v -2882.6611 253.7665 208.6270
v -2840.1134 253.7665 208.6270
v -2852.4094 255.2713 238.8786
v -2852.4094 255.2713 220.9229
v -2847.7579 253.8237 216.2715
v -2847.7579 253.8237 243.5301
v -2881.6296 253.7665 209.6585
v -2881.6296 253.7665 250.1431
v -2882.6611 253.7665 251.1746
v -2882.6611 253.7665 208.6270
v -2876.6018 253.9442 245.1155
v -2846.1725 253.9442 245.1155
v -2846.1725 254.0996 245.1155
v -2876.6018 254.0996 245.1155
v -2870.3650 255.2713 238.8786
v -2852.4094 255.2713 238.8786
v -2847.7579 253.8237 243.5301
v -2875.0164 253.8237 243.5301
v -2852.4094 253.9442 238.8786
v -2852.4094 253.9442 220.9229
v -2852.4094 254.0996 220.9229
v -2852.4094 254.0996 238.8786
v -2876.6018 253.9442 214.6861
v -2876.6018 253.9442 245.1155
v -2876.6018 254.0996 245.1155
v -2876.6018 254.0996 214.6861
v -2875.3927 253.7665 243.9062
v -2847.3818 253.7665 243.9062
v -2846.3503 253.7665 244.9377
v -2876.4242 253.7665 244.9377
v -2847.3818 253.7665 215.8953
v -2875.3927 253.7665 215.8953
v -2876.4242 253.7665 214.8638
v -2846.3503 253.7665 214.8638
v -2875.3927 253.7665 215.8953
v -2875.3927 253.7665 243.9062
v -2876.4242 253.7665 244.9377
v -2876.4242 253.7665 214.8638
v -2870.3650 253.9442 238.8786
v -2852.4094 253.9442 238.8786
v -2852.4094 254.0996 238.8786
v -2870.3650 254.0996 238.8786
v -2870.3650 253.9442 220.9229
v -2870.3650 253.9442 238.8786
v -2870.3650 254.0996 238.8786
v -2870.3650 254.0996 220.9229
v -2869.1559 253.7665 237.6694
v -2853.6186 253.7665 237.6694
v -2852.5871 253.7665 238.7008
v -2870.1874 253.7665 238.7008
v -2853.6186 253.7665 222.1321
v -2869.1559 253.7665 222.1321
v -2870.1874 253.7665 221.1006
v -2852.5871 253.7665 221.1006
v -2869.1559 253.7665 222.1321
v -2869.1559 253.7665 237.6694
v -2870.1874 253.7665 238.7008
v -2870.1874 253.7665 221.1006
v -2876.6018 255.2713 214.6861
v -2876.6018 255.2713 245.1155
v -2881.2534 253.8237 249.7670
v -2881.2534 253.8237 210.0347
v -2834.9081 253.7665 256.3800
v -2834.9081 253.7665 203.4217
v -2833.8766 253.7665 202.3902
v -2833.8766 253.7665 257.4115
v -2853.6186 253.7665 237.6694
v -2853.6186 253.7665 222.1321
v -2852.5871 253.7665 221.1006
v -2852.5871 253.7665 238.7008
v -2846.1725 255.2713 214.6861
v -2876.6018 255.2713 214.6861
v -2881.2534 253.8237 210.0347
v -2841.5211 253.8237 210.0347
v -2833.6988 253.9442 202.2125
v -2889.0757 253.9442 202.2125
v -2889.0757 254.0996 202.2125
v -2833.6988 254.0996 202.2125
v -2852.4094 253.9442 220.9229
v -2870.3650 253.9442 220.9229
v -2870.3650 254.0996 220.9229
v -2852.4094 254.0996 220.9229
v -2882.8386 255.2713 208.4493
v -2882.8386 255.2713 251.3524
v -2887.4903 253.8237 256.0039
v -2887.4903 253.8237 203.7979
v -2889.0757 255.2713 257.5892
v -2833.6988 255.2713 257.5892
v -2829.4273 253.8281 261.8608
v -2893.3472 253.8281 261.8608
v -2847.3818 253.7665 243.9062
v -2847.3818 253.7665 215.8953
v -2846.3503 253.7665 214.8638
v -2846.3503 253.7665 244.9377
v -2839.9357 255.2713 208.4493
v -2882.8386 255.2713 208.4493
v -2887.4903 253.8237 203.7979
v -2835.2842 253.8237 203.7979
v -2829.0525 253.7665 197.5662
v -2893.7220 253.7665 197.5662
v -2825.2249 253.7665 193.7385
v -2846.1725 253.9442 214.6861
v -2876.6018 253.9442 214.6861
v -2876.6018 254.0996 214.6861
v -2846.1725 254.0996 214.6861
v -2889.0757 255.2713 202.2125
v -2889.0757 255.2713 257.5892
v -2893.3472 253.8281 261.8608
v -2893.3472 253.8281 197.9409
v -2870.3650 255.2713 220.9229
v -2870.3650 255.2713 238.8786
v -2875.0164 253.8237 243.5301
v -2875.0164 253.8237 216.2715
v -2833.6988 255.2713 202.2125
v -2889.0757 255.2713 202.2125
v -2893.3472 253.8281 197.9409
v -2829.4273 253.8281 197.9409
v -2841.1449 253.7665 250.1431
v -2841.1449 253.7665 209.6585
v -2840.1134 253.7665 208.6270
v -2840.1134 253.7665 251.1746
v -2852.4094 255.2713 220.9229
v -2870.3650 255.2713 220.9229
v -2875.0164 253.8237 216.2715
v -2847.7579 253.8237 216.2715
v -2839.9357 253.9442 208.4493
v -2882.8388 253.9442 208.4493
v -2882.8388 254.0996 208.4493
v -2839.9357 254.0996 208.4493
v -2893.5961 255.2629 197.0106
v -2893.5961 256.2263 197.0106
v -2828.5038 256.2263 262.1028
v -2828.5038 255.2629 262.1028
v -2829.1851 255.2629 262.7841
v -2829.1851 256.2263 262.7841
v -2894.2774 256.2263 197.6919
v -2894.2774 255.2629 197.6919
v -2828.5038 255.2629 262.1028
v -2829.1851 255.2629 262.7841
v -2894.2774 255.2629 197.6919
v -2893.5961 255.2629 197.0106
v -2894.2776 255.2629 262.1029
v -2894.2776 256.2263 262.1029
v -2829.1853 256.2263 197.0106
v -2829.1853 255.2629 197.0106
v -2828.5040 255.2629 197.6919
v -2828.5040 256.2263 197.6919
v -2893.5963 256.2263 262.7841
v -2893.5963 255.2629 262.7841
v -2829.1853 255.2629 197.0106
v -2828.5040 255.2629 197.6919
v -2893.5963 255.2629 262.7841
v -2894.2776 255.2629 262.1029
v -2825.2249 253.7665 266.0632
v -2825.2249 253.7665 193.7385
v -2825.0471 253.9442 193.5607
v -2825.0471 253.9442 266.2410
v -2897.5496 253.7665 266.0632
v -2825.2249 253.7665 266.0632
v -2897.5496 253.7665 193.7385
v -2897.5496 253.7665 266.0632
v -2825.2249 253.7665 193.7385
v -2897.5496 253.7665 193.7385
v -2825.0471 254.0996 193.5607
v -2825.0471 254.0996 266.2410
v -2829.4273 253.8281 261.8608
v -2829.4273 253.8281 197.9409
v -2829.0525 253.7665 197.5662
v -2829.0525 253.7665 262.2355
v -2893.3472 253.8281 261.8608
v -2829.4273 253.8281 261.8608
v -2893.3472 253.8281 197.9409
v -2893.3472 253.8281 261.8608
v -2829.4273 253.8281 197.9409
v -2893.3472 253.8281 197.9409
v -2835.2842 253.8237 256.0038
v -2835.2842 253.8237 203.7979
v -2887.4903 253.8237 256.0039
v -2835.2842 253.8237 256.0038
v -2887.4903 253.8237 203.7979
v -2887.4903 253.8237 256.0039
v -2835.2842 253.8237 203.7979
v -2887.4903 253.8237 203.7979
v -2841.5211 253.8237 249.7669
v -2841.5211 253.8237 210.0347
v -2881.2534 253.8237 249.7670
v -2841.5211 253.8237 249.7669
v -2881.2534 253.8237 210.0347
v -2881.2534 253.8237 249.7670
v -2841.5211 253.8237 210.0347
v -2881.2534 253.8237 210.0347
v -2847.7579 253.8237 243.5301
v -2847.7579 253.8237 216.2715
v -2875.0164 253.8237 243.5301
v -2847.7579 253.8237 243.5301
v -2875.0164 253.8237 216.2715
v -2875.0164 253.8237 243.5301
v -2847.7579 253.8237 216.2715
v -2875.0164 253.8237 216.2715
v -2853.9997 253.8040 237.2882
v -2853.9997 253.8040 222.5133
v -2868.7746 253.8040 237.2882
v -2853.9997 253.8040 237.2882
v -2868.7746 253.8040 222.5133
v -2868.7746 253.8040 237.2882
v -2853.9997 253.8040 222.5133
v -2868.7746 253.8040 222.5133
v -2825.2689 253.8184 193.7669
v -2825.2689 261.3565 193.7669
v -2825.2689 261.3565 266.0632
v -2825.2689 253.8184 266.0632
v -2825.2689 253.8184 266.0632
v -2825.2689 261.3565 266.0632
v -2897.5073 261.3565 266.0632
v -2897.5073 253.8184 266.0632
v -2897.5073 253.8184 266.0632
v -2897.5073 261.3565 266.0632
v -2897.5073 261.3565 193.7669
v -2897.5073 253.8184 193.7669
v -2897.5073 253.8184 193.7669
v -2897.5073 261.3565 193.7669
v -2825.2689 261.3565 193.7669
v -2825.2689 253.8184 193.7669
v -2897.5073 261.3565 266.0632
v -2825.2689 261.3565 266.0632
v -2825.2689 261.3565 193.7669
v -2897.5073 261.3565 193.7669
v -2382.4673 253.9151 193.5607
v -2455.1476 253.9151 193.5607
v -2455.1476 254.0705 193.5607
v -2382.4673 254.0705 193.5607
v -2455.1476 253.9151 193.5607
v -2455.1474 253.9151 266.2410
v -2455.1474 254.0705 266.2410
v -2455.1476 254.0705 193.5607
v -2391.1188 253.9151 257.5892
v -2391.1190 253.9151 202.2125
v -2391.1190 254.0704 202.2125
v -2391.1188 254.0704 257.5892
v -2455.1474 253.9151 266.2410
v -2382.4671 253.9151 266.2410
v -2382.4671 254.0705 266.2410
v -2455.1474 254.0705 266.2410
v -2451.1419 253.7374 262.2355
v -2386.4725 253.7374 262.2355
v -2382.6448 253.7374 266.0632
v -2454.9696 253.7374 266.0632
v -2391.1188 255.2422 257.5892
v -2391.1190 255.2422 202.2125
v -2386.8473 253.7990 197.9409
v -2386.8473 253.7990 261.8608
v -2397.3557 255.2422 251.3523
v -2397.3557 255.2422 208.4493
v -2392.7044 253.7946 203.7978
v -2392.7042 253.7946 256.0038
v -2451.1421 253.7374 197.5662
v -2451.1419 253.7374 262.2355
v -2454.9698 253.7374 193.7385
v -2446.4956 253.9151 257.5892
v -2391.1188 253.9151 257.5892
v -2391.1188 254.0704 257.5892
v -2446.4956 254.0704 257.5892
v -2440.2588 255.2422 251.3524
v -2397.3557 255.2422 251.3523
v -2392.7042 253.7946 256.0038
v -2444.9102 253.7946 256.0039
v -2397.3557 253.9151 251.3523
v -2397.3557 253.9151 208.4493
v -2397.3557 254.0704 208.4493
v -2397.3557 254.0704 251.3523
v -2446.4958 253.9151 202.2125
v -2446.4956 253.9151 257.5892
v -2446.4956 254.0704 257.5892
v -2446.4958 254.0704 202.2125
v -2445.2864 253.7374 256.3800
v -2392.3281 253.7374 256.3800
v -2391.2966 253.7374 257.4115
v -2446.3179 253.7374 257.4115
v -2392.3283 253.7374 203.4217
v -2445.2866 253.7374 203.4217
v -2446.3181 253.7374 202.3902
v -2391.2968 253.7374 202.3902
v -2403.5927 255.2422 245.1155
v -2403.5927 255.2422 214.6861
v -2398.9410 253.7946 210.0347
v -2398.9410 253.7946 249.7669
v -2445.2866 253.7374 203.4217
v -2445.2864 253.7374 256.3800
v -2446.3179 253.7374 257.4115
v -2446.3181 253.7374 202.3902
v -2440.2588 253.9151 251.3524
v -2397.3557 253.9151 251.3523
v -2397.3557 254.0704 251.3523
v -2440.2588 254.0704 251.3524
v -2434.0218 255.2422 245.1155
v -2403.5927 255.2422 245.1155
v -2398.9410 253.7946 249.7669
v -2438.6734 253.7946 249.7670
v -2403.5927 253.9151 245.1154
v -2403.5927 253.9151 214.6861
v -2403.5927 254.0704 214.6861
v -2403.5927 254.0704 245.1154
v -2440.2588 253.9151 208.4493
v -2440.2588 253.9151 251.3524
v -2440.2588 254.0704 251.3524
v -2440.2588 254.0704 208.4493
v -2439.0495 253.7374 250.1431
v -2398.5649 253.7374 250.1431
v -2397.5334 253.7374 251.1746
v -2440.0810 253.7374 251.1746
v -2398.5649 253.7374 209.6585
v -2439.0495 253.7374 209.6585
v -2440.0810 253.7374 208.6270
v -2397.5334 253.7374 208.6270
v -2409.8293 255.2422 238.8786
v -2409.8293 255.2422 220.9229
v -2405.1781 253.7946 216.2715
v -2405.1781 253.7946 243.5301
v -2439.0495 253.7374 209.6585
v -2439.0495 253.7374 250.1431
v -2440.0810 253.7374 251.1746
v -2440.0810 253.7374 208.6270
v -2434.0218 253.9151 245.1155
v -2403.5927 253.9151 245.1154
v -2403.5927 254.0704 245.1154
v -2434.0218 254.0704 245.1155
v -2427.7851 255.2422 238.8786
v -2409.8293 255.2422 238.8786
v -2405.1781 253.7946 243.5301
v -2432.4364 253.7946 243.5301
v -2409.8293 253.9151 238.8786
v -2409.8293 253.9151 220.9229
v -2409.8293 254.0704 220.9229
v -2409.8293 254.0704 238.8786
v -2434.0218 253.9151 214.6861
v -2434.0218 253.9151 245.1155
v -2434.0218 254.0704 245.1155
v -2434.0218 254.0704 214.6861
v -2432.8129 253.7374 243.9063
v -2404.8019 253.7374 243.9062
v -2403.7704 253.7374 244.9377
v -2433.8444 253.7374 244.9378
v -2404.8019 253.7374 215.8953
v -2432.8129 253.7374 215.8953
v -2433.8444 253.7374 214.8638
v -2403.7704 253.7374 214.8638
v -2432.8129 253.7374 215.8953
v -2432.8129 253.7374 243.9063
v -2433.8444 253.7374 244.9378
v -2433.8444 253.7374 214.8638
v -2427.7851 253.9151 238.8786
v -2409.8293 253.9151 238.8786
v -2409.8293 254.0704 238.8786
v -2427.7851 254.0704 238.8786
v -2427.7851 253.9151 220.9229
v -2427.7851 253.9151 238.8786
v -2427.7851 254.0704 238.8786
v -2427.7851 254.0704 220.9229
v -2426.5759 253.7374 237.6694
v -2411.0386 253.7374 237.6694
v -2410.0071 253.7374 238.7009
v -2427.6073 253.7374 238.7009
v -2411.0386 253.7374 222.1321
v -2426.5759 253.7374 222.1321
v -2427.6073 253.7374 221.1006
v -2410.0071 253.7374 221.1006
v -2426.5759 253.7374 222.1321
v -2426.5759 253.7374 237.6694
v -2427.6073 253.7374 238.7009
v -2427.6073 253.7374 221.1006
v -2434.0218 255.2422 214.6862
v -2434.0218 255.2422 245.1155
v -2438.6734 253.7946 249.7670
v -2438.6734 253.7946 210.0347
v -2392.3281 253.7374 256.3800
v -2392.3283 253.7374 203.4217
v -2391.2968 253.7374 202.3902
v -2391.2966 253.7374 257.4115
v -2411.0386 253.7374 237.6694
v -2411.0386 253.7374 222.1321
v -2410.0071 253.7374 221.1006
v -2410.0071 253.7374 238.7009
v -2403.5927 255.2422 214.6861
v -2434.0218 255.2422 214.6862
v -2438.6734 253.7946 210.0347
v -2398.9410 253.7946 210.0347
v -2391.1190 253.9151 202.2125
v -2446.4958 253.9151 202.2125
v -2446.4958 254.0704 202.2125
v -2391.1190 254.0704 202.2125
v -2409.8293 253.9151 220.9229
v -2427.7851 253.9151 220.9229
v -2427.7851 254.0704 220.9229
v -2409.8293 254.0704 220.9229
v -2440.2588 255.2422 208.4493
v -2440.2588 255.2422 251.3524
v -2444.9102 253.7946 256.0039
v -2444.9104 253.7946 203.7979
v -2446.4956 255.2422 257.5892
v -2391.1188 255.2422 257.5892
v -2386.8473 253.7990 261.8608
v -2450.7671 253.7990 261.8608
v -2404.8019 253.7374 243.9062
v -2404.8019 253.7374 215.8953
v -2403.7704 253.7374 214.8638
v -2403.7704 253.7374 244.9377
v -2397.3557 255.2422 208.4493
v -2440.2588 255.2422 208.4493
v -2444.9104 253.7946 203.7979
v -2392.7044 253.7946 203.7978
v -2386.4727 253.7374 197.5662
v -2451.1421 253.7374 197.5662
v -2382.6450 253.7374 193.7385
v -2403.5927 253.9151 214.6861
v -2434.0218 253.9151 214.6861
v -2434.0218 254.0704 214.6861
v -2403.5927 254.0704 214.6861
v -2446.4958 255.2422 202.2125
v -2446.4956 255.2422 257.5892
v -2450.7671 253.7990 261.8608
v -2450.7671 253.7990 197.9409
v -2427.7851 255.2422 220.9229
v -2427.7851 255.2422 238.8786
v -2432.4364 253.7946 243.5301
v -2432.4364 253.7946 216.2715
v -2391.1190 255.2422 202.2125
v -2446.4958 255.2422 202.2125
v -2450.7671 253.7990 197.9409
v -2386.8473 253.7990 197.9409
v -2398.5649 253.7374 250.1431
v -2398.5649 253.7374 209.6585
v -2397.5334 253.7374 208.6270
v -2397.5334 253.7374 251.1746
v -2409.8293 255.2422 220.9229
v -2427.7851 255.2422 220.9229
v -2432.4364 253.7946 216.2715
v -2405.1781 253.7946 216.2715
v -2397.3557 253.9151 208.4493
v -2440.2588 253.9151 208.4493
v -2440.2588 254.0704 208.4493
v -2397.3557 254.0704 208.4493
v -2451.0162 255.2337 197.0106
v -2451.0162 256.1972 197.0106
v -2385.9238 256.1972 262.1028
v -2385.9238 255.2337 262.1028
v -2386.6051 255.2337 262.7841
v -2386.6051 256.1972 262.7841
v -2451.6975 256.1972 197.6919
v -2451.6975 255.2337 197.6919
v -2385.9238 255.2337 262.1028
v -2386.6051 255.2337 262.7841
v -2451.6975 255.2337 197.6919
v -2451.0162 255.2337 197.0106
v -2451.6975 255.2337 262.1028
v -2451.6975 256.1972 262.1028
v -2386.6055 256.1972 197.0106
v -2386.6055 255.2337 197.0106
v -2385.9241 255.2337 197.6919
v -2385.9241 256.1972 197.6919
v -2451.0162 256.1972 262.7841
v -2451.0162 255.2337 262.7841
v -2386.6055 255.2337 197.0106
v -2385.9241 255.2337 197.6919
v -2451.0162 255.2337 262.7841
v -2451.6975 255.2337 262.1028
v -2382.6448 253.7374 266.0632
v -2382.6450 253.7374 193.7385
v -2382.4673 253.9151 193.5607
v -2382.4671 253.9151 266.2410
v -2454.9696 253.7374 266.0632
v -2382.6448 253.7374 266.0632
v -2454.9698 253.7374 193.7385
v -2454.9696 253.7374 266.0632
v -2382.6450 253.7374 193.7385
v -2454.9698 253.7374 193.7385
v -2382.4673 254.0705 193.5607
v -2382.4671 254.0705 266.2410
v -2386.8473 253.7990 261.8608
v -2386.8473 253.7990 197.9409
v -2386.4727 253.7374 197.5662
v -2386.4725 253.7374 262.2355
v -2450.7671 253.7990 261.8608
v -2386.8473 253.7990 261.8608
v -2450.7671 253.7990 197.9409
v -2450.7671 253.7990 261.8608
v -2386.8473 253.7990 197.9409
v -2450.7671 253.7990 197.9409
v -2392.7042 253.7946 256.0038
v -2392.7044 253.7946 203.7978
v -2444.9102 253.7946 256.0039
v -2392.7042 253.7946 256.0038
v -2444.9104 253.7946 203.7979
v -2444.9102 253.7946 256.0039
v -2392.7044 253.7946 203.7978
v -2444.9104 253.7946 203.7979
v -2398.9410 253.7946 249.7669
v -2398.9410 253.7946 210.0347
v -2438.6734 253.7946 249.7670
v -2398.9410 253.7946 249.7669
v -2438.6734 253.7946 210.0347
v -2438.6734 253.7946 249.7670
v -2398.9410 253.7946 210.0347
v -2438.6734 253.7946 210.0347
v -2405.1781 253.7946 243.5301
v -2405.1781 253.7946 216.2715
v -2432.4364 253.7946 243.5301
v -2405.1781 253.7946 243.5301
v -2432.4364 253.7946 216.2715
v -2432.4364 253.7946 243.5301
v -2405.1781 253.7946 216.2715
v -2432.4364 253.7946 216.2715
v -2411.4197 253.7749 237.2882
v -2411.4197 253.7749 222.5133
v -2426.1948 253.7749 237.2882
v -2411.4197 253.7749 237.2882
v -2426.1948 253.7749 222.5133
v -2426.1948 253.7749 237.2882
v -2411.4197 253.7749 222.5133
v -2426.1948 253.7749 222.5133
v -2382.6889 253.7893 193.7669
v -2382.6889 261.3274 193.7669
v -2382.6889 261.3274 266.0632
v -2382.6889 253.7893 266.0632
v -2382.6889 253.7893 266.0632
v -2382.6889 261.3274 266.0632
v -2454.9273 261.3274 266.0632
v -2454.9273 253.7893 266.0632
v -2454.9273 253.7893 266.0632
v -2454.9273 261.3274 266.0632
v -2454.9274 261.3274 193.7669
v -2454.9274 253.7893 193.7669
v -2454.9274 253.7893 193.7669
v -2454.9274 261.3274 193.7669
v -2382.6889 261.3274 193.7669
v -2382.6889 253.7893 193.7669
v -2454.9273 261.3274 266.0632
v -2382.6889 261.3274 266.0632
v -2382.6889 261.3274 193.7669
v -2454.9274 261.3274 193.7669
v -2382.0873 253.8756 942.5290
v -2454.7676 253.8756 942.5291
v -2454.7676 254.0309 942.5291
v -2382.0873 254.0309 942.5290
v -2454.7676 253.8756 942.5291
v -2454.7676 253.8756 1015.2093
v -2454.7676 254.0309 1015.2093
v -2454.7676 254.0309 942.5291
v -2390.7391 253.8756 1006.5576
v -2390.7391 253.8756 951.1807
v -2390.7391 254.0309 951.1807
v -2390.7391 254.0309 1006.5576
v -2454.7676 253.8756 1015.2093
v -2382.0873 253.8756 1015.2093
v -2382.0873 254.0309 1015.2093
v -2454.7676 254.0309 1015.2093
v -2450.7622 253.6979 1011.2039
v -2386.0928 253.6979 1011.2039
v -2382.2651 253.6979 1015.0315
v -2454.5898 253.6979 1015.0315
v -2390.7391 255.2027 1006.5576
v -2390.7391 255.2027 951.1807
v -2386.4674 253.7595 946.9092
v -2386.4674 253.7595 1010.8292
v -2396.9757 255.2027 1000.3206
v -2396.9757 255.2027 957.4177
v -2392.3244 253.7550 952.7661
v -2392.3244 253.7550 1004.9722
v -2450.7622 253.6979 946.5345
v -2450.7622 253.6979 1011.2039
v -2454.5898 253.6979 942.7069
v -2446.1159 253.8756 1006.5576
v -2390.7391 253.8756 1006.5576
v -2390.7391 254.0309 1006.5576
v -2446.1159 254.0309 1006.5576
v -2439.8788 255.2027 1000.3206
v -2396.9757 255.2027 1000.3206
v -2392.3244 253.7550 1004.9722
v -2444.5305 253.7550 1004.9722
v -2396.9757 253.8756 1000.3206
v -2396.9757 253.8756 957.4176
v -2396.9757 254.0309 957.4176
v -2396.9757 254.0309 1000.3206
v -2446.1159 253.8756 951.1808
v -2446.1159 253.8756 1006.5576
v -2446.1159 254.0309 1006.5576
v -2446.1159 254.0309 951.1808
v -2444.9066 253.6978 1005.3484
v -2391.9483 253.6978 1005.3484
v -2390.9168 253.6978 1006.3798
v -2445.9381 253.6978 1006.3798
v -2391.9483 253.6978 952.3900
v -2444.9066 253.6978 952.3900
v -2445.9381 253.6978 951.3586
v -2390.9168 253.6978 951.3585
v -2403.2127 255.2027 994.0838
v -2403.2127 255.2027 963.6544
v -2398.5611 253.7550 959.0030
v -2398.5611 253.7550 998.7352
v -2444.9066 253.6978 952.3900
v -2444.9066 253.6978 1005.3484
v -2445.9381 253.6978 1006.3798
v -2445.9381 253.6978 951.3586
v -2439.8788 253.8756 1000.3206
v -2396.9757 253.8756 1000.3206
v -2396.9757 254.0309 1000.3206
v -2439.8788 254.0309 1000.3206
v -2433.6418 255.2027 994.0838
v -2403.2127 255.2027 994.0838
v -2398.5611 253.7550 998.7352
v -2438.2935 253.7550 998.7352
v -2403.2127 253.8756 994.0838
v -2403.2127 253.8756 963.6544
v -2403.2127 254.0309 963.6544
v -2403.2127 254.0309 994.0838
v -2439.8788 253.8756 957.4177
v -2439.8788 253.8756 1000.3206
v -2439.8788 254.0309 1000.3206
v -2439.8788 254.0309 957.4177
v -2438.6696 253.6978 999.1115
v -2398.1850 253.6978 999.1115
v -2397.1535 253.6978 1000.1430
v -2439.7011 253.6978 1000.1430
v -2398.1850 253.6978 958.6268
v -2438.6696 253.6978 958.6268
v -2439.7011 253.6978 957.5953
v -2397.1535 253.6978 957.5953
v -2409.4494 255.2027 987.8469
v -2409.4494 255.2027 969.8913
v -2404.7981 253.7550 965.2398
v -2404.7981 253.7550 992.4984
v -2438.6696 253.6978 958.6268
v -2438.6696 253.6978 999.1115
v -2439.7011 253.6978 1000.1430
v -2439.7011 253.6978 957.5953
v -2433.6418 253.8756 994.0838
v -2403.2127 253.8756 994.0838
v -2403.2127 254.0309 994.0838
v -2433.6418 254.0309 994.0838
v -2427.4052 255.2027 987.8469
v -2409.4494 255.2027 987.8469
v -2404.7981 253.7550 992.4984
v -2432.0564 253.7550 992.4984
v -2409.4494 253.8756 987.8469
v -2409.4494 253.8756 969.8912
v -2409.4494 254.0309 969.8912
v -2409.4494 254.0309 987.8469
v -2433.6418 253.8756 963.6544
v -2433.6418 253.8756 994.0838
v -2433.6418 254.0309 994.0838
v -2433.6418 254.0309 963.6544
v -2432.4329 253.6978 992.8745
v -2404.4220 253.6978 992.8745
v -2403.3905 253.6978 993.9060
v -2433.4644 253.6978 993.9060
v -2404.4220 253.6978 964.8636
v -2432.4329 253.6978 964.8636
v -2433.4644 253.6978 963.8321
v -2403.3905 253.6978 963.8321
v -2432.4329 253.6978 964.8636
v -2432.4329 253.6978 992.8745
v -2433.4644 253.6978 993.9060
v -2433.4644 253.6978 963.8321
v -2427.4052 253.8756 987.8469
v -2409.4494 253.8756 987.8469
v -2409.4494 254.0309 987.8469
v -2427.4052 254.0309 987.8469
v -2427.4052 253.8756 969.8912
v -2427.4052 253.8756 987.8469
v -2427.4052 254.0309 987.8469
v -2427.4052 254.0309 969.8912
v -2426.1959 253.6978 986.6377
v -2410.6586 253.6978 986.6377
v -2409.6272 253.6978 987.6692
v -2427.2274 253.6978 987.6692
v -2410.6586 253.6978 971.1004
v -2426.1959 253.6978 971.1004
v -2427.2274 253.6978 970.0689
v -2409.6272 253.6978 970.0689
v -2426.1959 253.6978 971.1004
v -2426.1959 253.6978 986.6377
v -2427.2274 253.6978 987.6692
v -2427.2274 253.6978 970.0689
v -2433.6418 255.2027 963.6545
v -2433.6418 255.2027 994.0838
v -2438.2935 253.7550 998.7352
v -2438.2935 253.7550 959.0031
v -2391.9483 253.6978 1005.3484
v -2391.9483 253.6978 952.3900
v -2390.9168 253.6978 951.3585
v -2390.9168 253.6978 1006.3798
v -2410.6586 253.6978 986.6377
v -2410.6586 253.6978 971.1004
v -2409.6272 253.6978 970.0689
v -2409.6272 253.6978 987.6692
v -2403.2127 255.2027 963.6544
v -2433.6418 255.2027 963.6545
v -2438.2935 253.7550 959.0031
v -2398.5611 253.7550 959.0030
v -2390.7391 253.8756 951.1807
v -2446.1159 253.8756 951.1808
v -2446.1159 254.0309 951.1808
v -2390.7391 254.0309 951.1807
v -2409.4494 253.8756 969.8912
v -2427.4052 253.8756 969.8912
v -2427.4052 254.0309 969.8912
v -2409.4494 254.0309 969.8912
v -2439.8788 255.2027 957.4177
v -2439.8788 255.2027 1000.3206
v -2444.5305 253.7550 1004.9722
v -2444.5305 253.7550 952.7662
v -2446.1159 255.2027 1006.5576
v -2390.7391 255.2027 1006.5576
v -2386.4674 253.7595 1010.8292
v -2450.3872 253.7595 1010.8292
v -2404.4220 253.6978 992.8745
v -2404.4220 253.6978 964.8636
v -2403.3905 253.6978 963.8321
v -2403.3905 253.6978 993.9060
v -2396.9757 255.2027 957.4177
v -2439.8788 255.2027 957.4177
v -2444.5305 253.7550 952.7662
v -2392.3244 253.7550 952.7661
v -2386.0928 253.6979 946.5344
v -2450.7622 253.6979 946.5345
v -2382.2651 253.6979 942.7068
v -2403.2127 253.8756 963.6544
v -2433.6418 253.8756 963.6544
v -2433.6418 254.0309 963.6544
v -2403.2127 254.0309 963.6544
v -2446.1159 255.2027 951.1808
v -2446.1159 255.2027 1006.5576
v -2450.3872 253.7595 1010.8292
v -2450.3872 253.7595 946.9092
v -2427.4052 255.2027 969.8913
v -2427.4052 255.2027 987.8469
v -2432.0564 253.7550 992.4984
v -2432.0564 253.7550 965.2398
v -2390.7391 255.2027 951.1807
v -2446.1159 255.2027 951.1808
v -2450.3872 253.7595 946.9092
v -2386.4674 253.7595 946.9092
v -2398.1850 253.6978 999.1115
v -2398.1850 253.6978 958.6268
v -2397.1535 253.6978 957.5953
v -2397.1535 253.6978 1000.1430
v -2409.4494 255.2027 969.8913
v -2427.4052 255.2027 969.8913
v -2432.0564 253.7550 965.2398
v -2404.7981 253.7550 965.2398
v -2396.9757 253.8756 957.4176
v -2439.8788 253.8756 957.4177
v -2439.8788 254.0309 957.4177
v -2396.9757 254.0309 957.4176
v -2450.6363 255.1942 945.9789
v -2450.6363 256.1577 945.9789
v -2385.5438 256.1577 1011.0712
v -2385.5438 255.1942 1011.0712
v -2386.2251 255.1942 1011.7524
v -2386.2251 256.1577 1011.7524
v -2451.3176 256.1577 946.6602
v -2451.3176 255.1942 946.6602
v -2385.5438 255.1942 1011.0712
v -2386.2251 255.1942 1011.7524
v -2451.3176 255.1942 946.6602
v -2450.6363 255.1942 945.9789
v -2451.3176 255.1942 1011.0712
v -2451.3176 256.1577 1011.0712
v -2386.2255 256.1577 945.9789
v -2386.2255 255.1942 945.9789
v -2385.5442 255.1942 946.6602
v -2385.5442 256.1577 946.6602
v -2450.6363 256.1577 1011.7525
v -2450.6363 255.1942 1011.7525
v -2386.2255 255.1942 945.9789
v -2385.5442 255.1942 946.6602
v -2450.6363 255.1942 1011.7525
v -2451.3176 255.1942 1011.0712
v -2382.2651 253.6979 1015.0315
v -2382.2651 253.6979 942.7068
v -2382.0873 253.8756 942.5290
v -2382.0873 253.8756 1015.2093
v -2454.5898 253.6979 1015.0315
v -2382.2651 253.6979 1015.0315
v -2454.5898 253.6979 942.7069
v -2454.5898 253.6979 1015.0315
v -2382.2651 253.6979 942.7068
v -2454.5898 253.6979 942.7069
v -2382.0873 254.0309 942.5290
v -2382.0873 254.0309 1015.2093
v -2386.4674 253.7595 1010.8292
v -2386.4674 253.7595 946.9092
v -2386.0928 253.6979 946.5344
v -2386.0928 253.6979 1011.2039
v -2450.3872 253.7595 1010.8292
v -2386.4674 253.7595 1010.8292
v -2450.3872 253.7595 946.9092
v -2450.3872 253.7595 1010.8292
v -2386.4674 253.7595 946.9092
v -2450.3872 253.7595 946.9092
v -2392.3244 253.7550 1004.9722
v -2392.3244 253.7550 952.7661
v -2444.5305 253.7550 1004.9722
v -2392.3244 253.7550 1004.9722
v -2444.5305 253.7550 952.7662
v -2444.5305 253.7550 1004.9722
v -2392.3244 253.7550 952.7661
v -2444.5305 253.7550 952.7662
v -2398.5611 253.7550 998.7352
v -2398.5611 253.7550 959.0030
v -2438.2935 253.7550 998.7352
v -2398.5611 253.7550 998.7352
v -2438.2935 253.7550 959.0031
v -2438.2935 253.7550 998.7352
v -2398.5611 253.7550 959.0030
v -2438.2935 253.7550 959.0031
v -2404.7981 253.7550 992.4984
v -2404.7981 253.7550 965.2398
v -2432.0564 253.7550 992.4984
v -2404.7981 253.7550 992.4984
v -2432.0564 253.7550 965.2398
v -2432.0564 253.7550 992.4984
v -2404.7981 253.7550 965.2398
v -2432.0564 253.7550 965.2398
v -2411.0397 253.7354 986.2566
v -2411.0397 253.7354 971.4816
v -2425.8148 253.7354 986.2566
v -2411.0397 253.7354 986.2566
v -2425.8148 253.7354 971.4816
v -2425.8148 253.7354 986.2566
v -2411.0397 253.7354 971.4816
v -2425.8148 253.7354 971.4816
v -2382.3090 253.7498 942.7352
v -2382.3090 261.2879 942.7352
v -2382.3090 261.2879 1015.0315
v -2382.3090 253.7498 1015.0315
v -2382.3090 253.7498 1015.0315
v -2382.3090 261.2879 1015.0315
v -2454.5475 261.2879 1015.0315
v -2454.5475 253.7498 1015.0315
v -2454.5475 253.7498 1015.0315
v -2454.5475 261.2879 1015.0315
v -2454.5475 261.2879 942.7353
v -2454.5475 253.7498 942.7353
v -2454.5475 253.7498 942.7353
v -2454.5475 261.2879 942.7353
v -2382.3090 261.2879 942.7352
v -2382.3090 253.7498 942.7352
v -2454.5475 261.2879 1015.0315
v -2382.3090 261.2879 1015.0315
v -2382.3090 261.2879 942.7352
v -2454.5475 261.2879 942.7353
v -3267.2085 253.9442 193.5608
v -3339.8888 253.9442 193.5608
v -3339.8888 254.0996 193.5608
v -3267.2085 254.0996 193.5608
v -3339.8888 253.9442 193.5608
v -3339.8888 253.9442 266.2410
v -3339.8888 254.0996 266.2410
v -3339.8888 254.0996 193.5608
v -3275.8602 253.9442 257.5893
v -3275.8602 253.9442 202.2125
v -3275.8602 254.0996 202.2125
v -3275.8602 254.0996 257.5893
v -3339.8888 253.9442 266.2410
v -3267.2085 253.9442 266.2410
v -3267.2085 254.0996 266.2410
v -3339.8888 254.0996 266.2410
v -3335.8833 253.7665 262.2356
v -3271.2139 253.7665 262.2356
v -3267.3862 253.7665 266.0633
v -3339.7110 253.7665 266.0633
v -3275.8602 255.2713 257.5893
v -3275.8602 255.2713 202.2125
v -3271.5889 253.8281 197.9410
v -3271.5889 253.8281 261.8609
v -3282.0972 255.2713 251.3524
v -3282.0972 255.2713 208.4494
v -3277.4456 253.8237 203.7979
v -3277.4456 253.8237 256.0039
v -3335.8833 253.7665 197.5662
v -3335.8833 253.7665 262.2356
v -3339.7110 253.7665 193.7386
v -3331.2370 253.9442 257.5893
v -3275.8602 253.9442 257.5893
v -3275.8602 254.0996 257.5893
v -3331.2370 254.0996 257.5893
v -3325.0004 255.2713 251.3524
v -3282.0972 255.2713 251.3524
v -3277.4456 253.8237 256.0039
v -3329.6516 253.8237 256.0039
v -3282.0972 253.9442 251.3524
v -3282.0972 253.9442 208.4494
v -3282.0972 254.0996 208.4494
v -3282.0972 254.0996 251.3524
v -3331.2370 253.9442 202.2125
v -3331.2370 253.9442 257.5893
v -3331.2370 254.0996 257.5893
v -3331.2370 254.0996 202.2125
v -3330.0278 253.7665 256.3801
v -3277.0695 253.7665 256.3801
v -3276.0380 253.7665 257.4116
v -3331.0593 253.7665 257.4116
v -3277.0695 253.7665 203.4218
v -3330.0278 253.7665 203.4218
v -3331.0593 253.7665 202.3903
v -3276.0380 253.7665 202.3903
v -3288.3343 255.2713 245.1156
v -3288.3343 255.2713 214.6862
v -3283.6826 253.8237 210.0348
v -3283.6826 253.8237 249.7670
v -3330.0278 253.7665 203.4218
v -3330.0278 253.7665 256.3801
v -3331.0593 253.7665 257.4116
v -3331.0593 253.7665 202.3903
v -3325.0004 253.9442 251.3524
v -3282.0972 253.9442 251.3524
v -3282.0972 254.0996 251.3524
v -3325.0004 254.0996 251.3524
v -3318.7634 255.2713 245.1156
v -3288.3343 255.2713 245.1156
v -3283.6826 253.8237 249.7670
v -3323.4150 253.8237 249.7670
v -3288.3339 253.9442 245.1155
v -3288.3339 253.9442 214.6862
v -3288.3339 254.0996 214.6862
v -3288.3339 254.0996 245.1155
v -3325.0004 253.9442 208.4494
v -3325.0004 253.9442 251.3524
v -3325.0004 254.0996 251.3524
v -3325.0004 254.0996 208.4494
v -3323.7911 253.7665 250.1432
v -3283.3065 253.7665 250.1432
v -3282.2750 253.7665 251.1747
v -3324.8226 253.7665 251.1747
v -3283.3065 253.7665 209.6586
v -3323.7911 253.7665 209.6586
v -3324.8226 253.7665 208.6271
v -3282.2750 253.7665 208.6271
v -3294.5709 255.2713 238.8787
v -3294.5709 255.2713 220.9230
v -3289.9193 253.8237 216.2716
v -3289.9193 253.8237 243.5302
v -3323.7911 253.7665 209.6586
v -3323.7911 253.7665 250.1432
v -3324.8226 253.7665 251.1747
v -3324.8226 253.7665 208.6271
v -3318.7634 253.9442 245.1155
v -3288.3339 253.9442 245.1155
v -3288.3339 254.0996 245.1155
v -3318.7634 254.0996 245.1155
v -3312.5267 255.2713 238.8787
v -3294.5709 255.2713 238.8787
v -3289.9193 253.8237 243.5302
v -3317.1780 253.8237 243.5302
v -3294.5709 253.9442 238.8787
v -3294.5709 253.9442 220.9230
v -3294.5709 254.0996 220.9230
v -3294.5709 254.0996 238.8787
v -3318.7634 253.9442 214.6862
v -3318.7634 253.9442 245.1155
v -3318.7634 254.0996 245.1155
v -3318.7634 254.0996 214.6862
v -3317.5541 253.7665 243.9063
v -3289.5432 253.7665 243.9063
v -3288.5117 253.7665 244.9378
v -3318.5856 253.7665 244.9378
v -3289.5432 253.7665 215.8954
v -3317.5541 253.7665 215.8954
v -3318.5856 253.7665 214.8639
v -3288.5117 253.7665 214.8639
v -3317.5541 253.7665 215.8954
v -3317.5541 253.7665 243.9063
v -3318.5856 253.7665 244.9378
v -3318.5856 253.7665 214.8639
v -3312.5267 253.9442 238.8787
v -3294.5709 253.9442 238.8787
v -3294.5709 254.0996 238.8787
v -3312.5267 254.0996 238.8787
v -3312.5267 253.9442 220.9230
v -3312.5267 253.9442 238.8787
v -3312.5267 254.0996 238.8787
v -3312.5267 254.0996 220.9230
v -3311.3174 253.7665 237.6695
v -3295.7802 253.7665 237.6695
v -3294.7487 253.7665 238.7009
v -3312.3489 253.7665 238.7009
v -3295.7802 253.7665 222.1322
v -3311.3174 253.7665 222.1322
v -3312.3489 253.7665 221.1007
v -3294.7487 253.7665 221.1007
v -3311.3174 253.7665 222.1322
v -3311.3174 253.7665 237.6695
v -3312.3489 253.7665 238.7009
v -3312.3489 253.7665 221.1007
v -3318.7634 255.2713 214.6862
v -3318.7634 255.2713 245.1156
v -3323.4150 253.8237 249.7670
v -3323.4150 253.8237 210.0348
v -3277.0695 253.7665 256.3801
v -3277.0695 253.7665 203.4218
v -3276.0380 253.7665 202.3903
v -3276.0380 253.7665 257.4116
v -3295.7802 253.7665 237.6695
v -3295.7802 253.7665 222.1322
v -3294.7487 253.7665 221.1007
v -3294.7487 253.7665 238.7009
v -3288.3343 255.2713 214.6862
v -3318.7634 255.2713 214.6862
v -3323.4150 253.8237 210.0348
v -3283.6826 253.8237 210.0348
v -3275.8602 253.9442 202.2125
v -3331.2370 253.9442 202.2125
v -3331.2370 254.0996 202.2125
v -3275.8602 254.0996 202.2125
v -3294.5709 253.9442 220.9230
v -3312.5267 253.9442 220.9230
v -3312.5267 254.0996 220.9230
v -3294.5709 254.0996 220.9230
v -3325.0004 255.2713 208.4494
v -3325.0004 255.2713 251.3524
v -3329.6516 253.8237 256.0039
v -3329.6516 253.8237 203.7979
v -3331.2370 255.2713 257.5893
v -3275.8602 255.2713 257.5893
v -3271.5889 253.8281 261.8609
v -3335.5087 253.8281 261.8609
v -3289.5432 253.7665 243.9063
v -3289.5432 253.7665 215.8954
v -3288.5117 253.7665 214.8639
v -3288.5117 253.7665 244.9378
v -3282.0972 255.2713 208.4494
v -3325.0004 255.2713 208.4494
v -3329.6516 253.8237 203.7979
v -3277.4456 253.8237 203.7979
v -3271.2139 253.7665 197.5662
v -3335.8833 253.7665 197.5662
v -3267.3862 253.7665 193.7386
v -3288.3339 253.9442 214.6862
v -3318.7634 253.9442 214.6862
v -3318.7634 254.0996 214.6862
v -3288.3339 254.0996 214.6862
v -3331.2370 255.2713 202.2125
v -3331.2370 255.2713 257.5893
v -3335.5087 253.8281 261.8609
v -3335.5087 253.8281 197.9410
v -3312.5267 255.2713 220.9230
v -3312.5267 255.2713 238.8787
v -3317.1780 253.8237 243.5302
v -3317.1780 253.8237 216.2716
v -3275.8602 255.2713 202.2125
v -3331.2370 255.2713 202.2125
v -3335.5087 253.8281 197.9410
v -3271.5889 253.8281 197.9410
v -3283.3065 253.7665 250.1432
v -3283.3065 253.7665 209.6586
v -3282.2750 253.7665 208.6271
v -3282.2750 253.7665 251.1747
v -3294.5709 255.2713 220.9230
v -3312.5267 255.2713 220.9230
v -3317.1780 253.8237 216.2716
v -3289.9193 253.8237 216.2716
v -3282.0972 253.9442 208.4494
v -3325.0004 253.9442 208.4494
v -3325.0004 254.0996 208.4494
v -3282.0972 254.0996 208.4494
v -3335.7578 255.2629 197.0107
v -3335.7578 256.2263 197.0107
v -3270.6654 256.2263 262.1029
v -3270.6654 255.2629 262.1029
v -3271.3467 255.2629 262.7842
v -3271.3467 256.2263 262.7842
v -3336.4388 256.2263 197.6920
v -3336.4388 255.2629 197.6920
v -3270.6654 255.2629 262.1029
v -3271.3467 255.2629 262.7842
v -3336.4388 255.2629 197.6920
v -3335.7578 255.2629 197.0107
v -3336.4391 255.2629 262.1029
v -3336.4391 256.2263 262.1029
v -3271.3467 256.2263 197.0107
v -3271.3467 255.2629 197.0107
v -3270.6657 255.2629 197.6920
v -3270.6657 256.2263 197.6920
v -3335.7578 256.2263 262.7842
v -3335.7578 255.2629 262.7842
v -3271.3467 255.2629 197.0107
v -3270.6657 255.2629 197.6920
v -3335.7578 255.2629 262.7842
v -3336.4391 255.2629 262.1029
v -3267.3862 253.7665 266.0633
v -3267.3862 253.7665 193.7386
v -3267.2085 253.9442 193.5608
v -3267.2085 253.9442 266.2410
v -3339.7110 253.7665 266.0633
v -3267.3862 253.7665 266.0633
v -3339.7110 253.7665 193.7386
v -3339.7110 253.7665 266.0633
v -3267.3862 253.7665 193.7386
v -3339.7110 253.7665 193.7386
v -3267.2085 254.0996 193.5608
v -3267.2085 254.0996 266.2410
v -3271.5889 253.8281 261.8609
v -3271.5889 253.8281 197.9410
v -3271.2139 253.7665 197.5662
v -3271.2139 253.7665 262.2356
v -3335.5087 253.8281 261.8609
v -3271.5889 253.8281 261.8609
v -3335.5087 253.8281 197.9410
v -3335.5087 253.8281 261.8609
v -3271.5889 253.8281 197.9410
v -3335.5087 253.8281 197.9410
v -3277.4456 253.8237 256.0039
v -3277.4456 253.8237 203.7979
v -3329.6516 253.8237 256.0039
v -3277.4456 253.8237 256.0039
v -3329.6516 253.8237 203.7979
v -3329.6516 253.8237 256.0039
v -3277.4456 253.8237 203.7979
v -3329.6516 253.8237 203.7979
v -3283.6826 253.8237 249.7670
v -3283.6826 253.8237 210.0348
v -3323.4150 253.8237 249.7670
v -3283.6826 253.8237 249.7670
v -3323.4150 253.8237 210.0348
v -3323.4150 253.8237 249.7670
v -3283.6826 253.8237 210.0348
v -3323.4150 253.8237 210.0348
v -3289.9193 253.8237 243.5302
v -3289.9193 253.8237 216.2716
v -3317.1780 253.8237 243.5302
v -3289.9193 253.8237 243.5302
v -3317.1780 253.8237 216.2716
v -3317.1780 253.8237 243.5302
v -3289.9193 253.8237 216.2716
v -3317.1780 253.8237 216.2716
v -3296.1613 253.8040 237.2883
v -3296.1613 253.8040 222.5134
v -3310.9364 253.8040 237.2883
v -3296.1613 253.8040 237.2883
v -3310.9364 253.8040 222.5134
v -3310.9364 253.8040 237.2883
v -3296.1613 253.8040 222.5134
v -3310.9364 253.8040 222.5134
v -3267.4305 253.8184 193.7670
v -3267.4305 261.3565 193.7670
v -3267.4305 261.3565 266.0633
v -3267.4305 253.8184 266.0633
v -3267.4305 253.8184 266.0633
v -3267.4305 261.3565 266.0633
v -3339.6690 261.3565 266.0633
v -3339.6690 253.8184 266.0633
v -3339.6690 253.8184 266.0633
v -3339.6690 261.3565 266.0633
v -3339.6690 261.3565 193.7670
v -3339.6690 253.8184 193.7670
v -3339.6690 253.8184 193.7670
v -3339.6690 261.3565 193.7670
v -3267.4305 261.3565 193.7670
v -3267.4305 253.8184 193.7670
v -3339.6690 261.3565 266.0633
v -3267.4305 261.3565 266.0633
v -3267.4305 261.3565 193.7670
v -3339.6690 261.3565 193.7670
v -4620.5399 253.8756 47.6801
v -4693.2201 253.8756 47.6801
v -4693.2201 254.0309 47.6801
v -4620.5399 254.0309 47.6801
v -4693.2201 253.8756 47.6801
v -4693.2201 253.8756 120.3604
v -4693.2201 254.0309 120.3604
v -4693.2201 254.0309 47.6801
v -4629.1916 253.8756 111.7086
v -4629.1916 253.8756 56.3319
v -4629.1916 254.0309 56.3319
v -4629.1916 254.0309 111.7086
v -4693.2201 253.8756 120.3604
v -4620.5399 253.8756 120.3604
v -4620.5399 254.0309 120.3604
v -4693.2201 254.0309 120.3604
v -4689.2147 253.6979 116.3549
v -4624.5453 253.6979 116.3549
v -4620.7176 253.6979 120.1826
v -4693.0424 253.6979 120.1826
v -4629.1916 255.2027 111.7086
v -4629.1916 255.2027 56.3319
v -4624.9203 253.7595 52.0603
v -4624.9203 253.7595 115.9802
v -4635.4286 255.2027 105.4718
v -4635.4286 255.2027 62.5688
v -4630.7770 253.7550 57.9173
v -4630.7770 253.7550 110.1233
v -4689.2147 253.6979 51.6856
v -4689.2147 253.6979 116.3549
v -4693.0424 253.6979 47.8579
v -4684.5684 253.8756 111.7086
v -4629.1916 253.8756 111.7086
v -4629.1916 254.0309 111.7086
v -4684.5684 254.0309 111.7086
v -4678.3318 255.2027 105.4718
v -4635.4286 255.2027 105.4718
v -4630.7770 253.7550 110.1233
v -4682.9830 253.7550 110.1233
v -4635.4286 253.8756 105.4718
v -4635.4286 253.8756 62.5687
v -4635.4286 254.0309 62.5687
v -4635.4286 254.0309 105.4718
v -4684.5684 253.8756 56.3319
v -4684.5684 253.8756 111.7086
v -4684.5684 254.0309 111.7086
v -4684.5684 254.0309 56.3319
v -4683.3591 253.6978 110.4994
v -4630.4008 253.6978 110.4994
v -4629.3694 253.6978 111.5309
v -4684.3906 253.6978 111.5309
v -4630.4008 253.6978 57.5411
v -4683.3591 253.6978 57.5411
v -4684.3906 253.6978 56.5096
v -4629.3694 253.6978 56.5096
v -4641.6656 255.2027 99.2349
v -4641.6656 255.2027 68.8056
v -4637.0140 253.7550 64.1541
v -4637.0140 253.7550 103.8864
v -4683.3591 253.6978 57.5411
v -4683.3591 253.6978 110.4994
v -4684.3906 253.6978 111.5309
v -4684.3906 253.6978 56.5096
v -4678.3318 253.8756 105.4718
v -4635.4286 253.8756 105.4718
v -4635.4286 254.0309 105.4718
v -4678.3318 254.0309 105.4718
v -4672.0947 255.2027 99.2349
v -4641.6656 255.2027 99.2349
v -4637.0140 253.7550 103.8864
v -4676.7464 253.7550 103.8864
v -4641.6653 253.8756 99.2349
v -4641.6653 253.8756 68.8055
v -4641.6653 254.0309 68.8055
v -4641.6653 254.0309 99.2349
v -4678.3318 253.8756 62.5687
v -4678.3318 253.8756 105.4718
v -4678.3318 254.0309 105.4718
v -4678.3318 254.0309 62.5687
v -4677.1225 253.6978 104.2625
v -4636.6379 253.6978 104.2625
v -4635.6064 253.6978 105.2940
v -4678.1540 253.6978 105.2940
v -4636.6379 253.6978 63.7779
v -4677.1225 253.6978 63.7779
v -4678.1540 253.6978 62.7464
v -4635.6064 253.6978 62.7464
v -4647.9023 255.2027 92.9980
v -4647.9023 255.2027 75.0423
v -4643.2507 253.7550 70.3909
v -4643.2507 253.7550 97.6495
v -4677.1225 253.6978 63.7779
v -4677.1225 253.6978 104.2625
v -4678.1540 253.6978 105.2940
v -4678.1540 253.6978 62.7464
v -4672.0947 253.8756 99.2349
v -4641.6653 253.8756 99.2349
v -4641.6653 254.0309 99.2349
v -4672.0947 254.0309 99.2349
v -4665.8581 255.2027 92.9980
v -4647.9023 255.2027 92.9980
v -4643.2507 253.7550 97.6495
v -4670.5093 253.7550 97.6495
v -4647.9023 253.8756 92.9980
v -4647.9023 253.8756 75.0423
v -4647.9023 254.0309 75.0423
v -4647.9023 254.0309 92.9980
v -4672.0947 253.8756 68.8055
v -4672.0947 253.8756 99.2349
v -4672.0947 254.0309 99.2349
v -4672.0947 254.0309 68.8055
v -4670.8855 253.6978 98.0257
v -4642.8745 253.6978 98.0257
v -4641.8430 253.6978 99.0571
v -4671.9170 253.6978 99.0571
v -4642.8745 253.6978 70.0147
v -4670.8855 253.6978 70.0147
v -4671.9170 253.6978 68.9832
v -4641.8430 253.6978 68.9832
v -4670.8855 253.6978 70.0147
v -4670.8855 253.6978 98.0257
v -4671.9170 253.6978 99.0571
v -4671.9170 253.6978 68.9832
v -4665.8581 253.8756 92.9980
v -4647.9023 253.8756 92.9980
v -4647.9023 254.0309 92.9980
v -4665.8581 254.0309 92.9980
v -4665.8581 253.8756 75.0423
v -4665.8581 253.8756 92.9980
v -4665.8581 254.0309 92.9980
v -4665.8581 254.0309 75.0423
v -4664.6488 253.6978 91.7888
v -4649.1116 253.6978 91.7888
v -4648.0801 253.6978 92.8203
v -4665.6803 253.6978 92.8203
v -4649.1116 253.6978 76.2515
v -4664.6488 253.6978 76.2515
v -4665.6803 253.6978 75.2201
v -4648.0801 253.6978 75.2201
v -4664.6488 253.6978 76.2515
v -4664.6488 253.6978 91.7888
v -4665.6803 253.6978 92.8203
v -4665.6803 253.6978 75.2201
v -4672.0947 255.2027 68.8056
v -4672.0947 255.2027 99.2349
v -4676.7464 253.7550 103.8864
v -4676.7464 253.7550 64.1541
v -4630.4008 253.6978 110.4994
v -4630.4008 253.6978 57.5411
v -4629.3694 253.6978 56.5096
v -4629.3694 253.6978 111.5309
v -4649.1116 253.6978 91.7888
v -4649.1116 253.6978 76.2515
v -4648.0801 253.6978 75.2201
v -4648.0801 253.6978 92.8203
v -4641.6656 255.2027 68.8056
v -4672.0947 255.2027 68.8056
v -4676.7464 253.7550 64.1541
v -4637.0140 253.7550 64.1541
v -4629.1916 253.8756 56.3319
v -4684.5684 253.8756 56.3319
v -4684.5684 254.0309 56.3319
v -4629.1916 254.0309 56.3319
v -4647.9023 253.8756 75.0423
v -4665.8581 253.8756 75.0423
v -4665.8581 254.0309 75.0423
v -4647.9023 254.0309 75.0423
v -4678.3318 255.2027 62.5688
v -4678.3318 255.2027 105.4718
v -4682.9830 253.7550 110.1233
v -4682.9830 253.7550 57.9173
v -4684.5684 255.2027 111.7086
v -4629.1916 255.2027 111.7086
v -4624.9203 253.7595 115.9802
v -4688.8401 253.7595 115.9802
v -4642.8745 253.6978 98.0257
v -4642.8745 253.6978 70.0147
v -4641.8430 253.6978 68.9832
v -4641.8430 253.6978 99.0571
v -4635.4286 255.2027 62.5688
v -4678.3318 255.2027 62.5688
v -4682.9830 253.7550 57.9173
v -4630.7770 253.7550 57.9173
v -4624.5453 253.6979 51.6856
v -4689.2147 253.6979 51.6856
v -4620.7176 253.6979 47.8579
v -4641.6653 253.8756 68.8055
v -4672.0947 253.8756 68.8055
v -4672.0947 254.0309 68.8055
v -4641.6653 254.0309 68.8055
v -4684.5684 255.2027 56.3319
v -4684.5684 255.2027 111.7086
v -4688.8401 253.7595 115.9802
v -4688.8401 253.7595 52.0603
v -4665.8581 255.2027 75.0423
v -4665.8581 255.2027 92.9980
v -4670.5093 253.7550 97.6495
v -4670.5093 253.7550 70.3909
v -4629.1916 255.2027 56.3319
v -4684.5684 255.2027 56.3319
v -4688.8401 253.7595 52.0603
v -4624.9203 253.7595 52.0603
v -4636.6379 253.6978 104.2625
v -4636.6379 253.6978 63.7779
v -4635.6064 253.6978 62.7464
v -4635.6064 253.6978 105.2940
v -4647.9023 255.2027 75.0423
v -4665.8581 255.2027 75.0423
v -4670.5093 253.7550 70.3909
v -4643.2507 253.7550 70.3909
v -4635.4286 253.8756 62.5687
v -4678.3318 253.8756 62.5687
v -4678.3318 254.0309 62.5687
v -4635.4286 254.0309 62.5687
v -4689.0892 255.1942 51.1300
v -4689.0892 256.1577 51.1300
v -4623.9967 256.1577 116.2222
v -4623.9967 255.1942 116.2222
v -4624.6780 255.1942 116.9035
v -4624.6780 256.1577 116.9035
v -4689.7701 256.1577 51.8113
v -4689.7701 255.1942 51.8113
v -4623.9967 255.1942 116.2222
v -4624.6780 255.1942 116.9035
v -4689.7701 255.1942 51.8113
v -4689.0892 255.1942 51.1300
v -4689.7705 255.1942 116.2222
v -4689.7705 256.1577 116.2222
v -4624.6780 256.1577 51.1301
v -4624.6780 255.1942 51.1301
v -4623.9971 255.1942 51.8114
v -4623.9971 256.1577 51.8114
v -4689.0892 256.1577 116.9035
v -4689.0892 255.1942 116.9035
v -4624.6780 255.1942 51.1301
v -4623.9971 255.1942 51.8114
v -4689.0892 255.1942 116.9035
v -4689.7705 255.1942 116.2222
v -4620.7176 253.6979 120.1826
v -4620.7176 253.6979 47.8579
v -4620.5399 253.8756 47.6801
v -4620.5399 253.8756 120.3604
v -4693.0424 253.6979 120.1826
v -4620.7176 253.6979 120.1826
v -4693.0424 253.6979 47.8579
v -4693.0424 253.6979 120.1826
v -4620.7176 253.6979 47.8579
v -4693.0424 253.6979 47.8579
v -4620.5399 254.0309 47.6801
v -4620.5399 254.0309 120.3604
v -4624.9203 253.7595 115.9802
v -4624.9203 253.7595 52.0603
v -4624.5453 253.6979 51.6856
v -4624.5453 253.6979 116.3549
v -4688.8401 253.7595 115.9802
v -4624.9203 253.7595 115.9802
v -4688.8401 253.7595 52.0603
v -4688.8401 253.7595 115.9802
v -4624.9203 253.7595 52.0603
v -4688.8401 253.7595 52.0603
v -4630.7770 253.7550 110.1233
v -4630.7770 253.7550 57.9173
v -4682.9830 253.7550 110.1233
v -4630.7770 253.7550 110.1233
v -4682.9830 253.7550 57.9173
v -4682.9830 253.7550 110.1233
v -4630.7770 253.7550 57.9173
v -4682.9830 253.7550 57.9173
v -4637.0140 253.7550 103.8864
v -4637.0140 253.7550 64.1541
v -4676.7464 253.7550 103.8864
v -4637.0140 253.7550 103.8864
v -4676.7464 253.7550 64.1541
v -4676.7464 253.7550 103.8864
v -4637.0140 253.7550 64.1541
v -4676.7464 253.7550 64.1541
v -4643.2507 253.7550 97.6495
v -4643.2507 253.7550 70.3909
v -4670.5093 253.7550 97.6495
v -4643.2507 253.7550 97.6495
v -4670.5093 253.7550 70.3909
v -4670.5093 253.7550 97.6495
v -4643.2507 253.7550 70.3909
v -4670.5093 253.7550 70.3909
v -4649.4926 253.7354 91.4076
v -4649.4926 253.7354 76.6327
v -4664.2677 253.7354 91.4076
v -4649.4926 253.7354 91.4076
v -4664.2677 253.7354 76.6327
v -4664.2677 253.7354 91.4076
v -4649.4926 253.7354 76.6327
v -4664.2677 253.7354 76.6327
v -4620.7619 253.7498 47.8863
v -4620.7619 261.2879 47.8863
v -4620.7619 261.2879 120.1826
v -4620.7619 253.7498 120.1826
v -4620.7619 253.7498 120.1826
v -4620.7619 261.2879 120.1826
v -4693.0004 261.2879 120.1826
v -4693.0004 253.7498 120.1826
v -4693.0004 253.7498 120.1826
v -4693.0004 261.2879 120.1826
v -4693.0004 261.2879 47.8863
v -4693.0004 253.7498 47.8863
v -4693.0004 253.7498 47.8863
v -4693.0004 261.2879 47.8863
v -4620.7619 261.2879 47.8863
v -4620.7619 253.7498 47.8863
v -4693.0004 261.2879 120.1826
v -4620.7619 261.2879 120.1826
v -4620.7619 261.2879 47.8863
v -4693.0004 261.2879 47.8863
v -4544.7784 253.8756 1029.8074
v -4617.4587 253.8756 1029.8074
v -4617.4587 254.0309 1029.8074
v -4544.7784 254.0309 1029.8074
v -4617.4587 253.8756 1029.8074
v -4617.4587 253.8756 1102.4876
v -4617.4587 254.0309 1102.4876
v -4617.4587 254.0309 1029.8074
v -4553.4302 253.8756 1093.8358
v -4553.4302 253.8756 1038.4591
v -4553.4302 254.0309 1038.4591
v -4553.4302 254.0309 1093.8358
v -4617.4587 253.8756 1102.4876
v -4544.7784 253.8756 1102.4876
v -4544.7784 254.0309 1102.4876
v -4617.4587 254.0309 1102.4876
v -4613.4533 253.6979 1098.4821
v -4548.7839 253.6979 1098.4821
v -4544.9562 253.6979 1102.3098
v -4617.2810 253.6979 1102.3098
v -4553.4302 255.2027 1093.8358
v -4553.4302 255.2027 1038.4591
v -4549.1589 253.7595 1034.1875
v -4549.1589 253.7595 1098.1074
v -4559.6672 255.2027 1087.5990
v -4559.6672 255.2027 1044.6960
v -4555.0156 253.7550 1040.0445
v -4555.0156 253.7550 1092.2504
v -4613.4533 253.6979 1033.8128
v -4613.4533 253.6979 1098.4821
v -4617.2810 253.6979 1029.9851
v -4608.8070 253.8756 1093.8358
v -4553.4302 253.8756 1093.8358
v -4553.4302 254.0309 1093.8358
v -4608.8070 254.0309 1093.8358
v -4602.5703 255.2027 1087.5990
v -4559.6672 255.2027 1087.5990
v -4555.0156 253.7550 1092.2504
v -4607.2216 253.7550 1092.2504
v -4559.6672 253.8756 1087.5990
v -4559.6672 253.8756 1044.6959
v -4559.6672 254.0309 1044.6959
v -4559.6672 254.0309 1087.5990
v -4608.8070 253.8756 1038.4591
v -4608.8070 253.8756 1093.8358
v -4608.8070 254.0309 1093.8358
v -4608.8070 254.0309 1038.4591
v -4607.5977 253.6978 1092.6267
v -4554.6394 253.6978 1092.6267
v -4553.6079 253.6978 1093.6581
v -4608.6292 253.6978 1093.6581
v -4554.6394 253.6978 1039.6683
v -4607.5977 253.6978 1039.6683
v -4608.6292 253.6978 1038.6369
v -4553.6079 253.6978 1038.6369
v -4565.9042 255.2027 1081.3622
v -4565.9042 255.2027 1050.9328
v -4561.2526 253.7550 1046.2813
v -4561.2526 253.7550 1086.0136
v -4607.5977 253.6978 1039.6683
v -4607.5977 253.6978 1092.6267
v -4608.6292 253.6978 1093.6581
v -4608.6292 253.6978 1038.6369
v -4602.5703 253.8756 1087.5990
v -4559.6672 253.8756 1087.5990
v -4559.6672 254.0309 1087.5990
v -4602.5703 254.0309 1087.5990
v -4596.3333 255.2027 1081.3622
v -4565.9042 255.2027 1081.3622
v -4561.2526 253.7550 1086.0136
v -4600.9850 253.7550 1086.0136
v -4565.9039 253.8756 1081.3622
v -4565.9039 253.8756 1050.9327
v -4565.9039 254.0309 1050.9327
v -4565.9039 254.0309 1081.3622
v -4602.5703 253.8756 1044.6959
v -4602.5703 253.8756 1087.5990
v -4602.5703 254.0309 1087.5990
v -4602.5703 254.0309 1044.6959
v -4601.3611 253.6978 1086.3897
v -4560.8765 253.6978 1086.3897
v -4559.8450 253.6978 1087.4212
v -4602.3926 253.6978 1087.4212
v -4560.8765 253.6978 1045.9051
v -4601.3611 253.6978 1045.9051
v -4602.3926 253.6978 1044.8736
v -4559.8450 253.6978 1044.8736
v -4572.1409 255.2027 1075.1253
v -4572.1409 255.2027 1057.1695
v -4567.4892 253.7550 1052.5181
v -4567.4892 253.7550 1079.7768
v -4601.3611 253.6978 1045.9051
v -4601.3611 253.6978 1086.3897
v -4602.3926 253.6978 1087.4212
v -4602.3926 253.6978 1044.8736
v -4596.3333 253.8756 1081.3622
v -4565.9039 253.8756 1081.3622
v -4565.9039 254.0309 1081.3622
v -4596.3333 254.0309 1081.3622
v -4590.0967 255.2027 1075.1253
v -4572.1409 255.2027 1075.1253
v -4567.4892 253.7550 1079.7768
v -4594.7479 253.7550 1079.7768
v -4572.1409 253.8756 1075.1252
v -4572.1409 253.8756 1057.1695
v -4572.1409 254.0309 1057.1695
v -4572.1409 254.0309 1075.1252
v -4596.3333 253.8756 1050.9327
v -4596.3333 253.8756 1081.3622
v -4596.3333 254.0309 1081.3622
v -4596.3333 254.0309 1050.9327
v -4595.1241 253.6978 1080.1529
v -4567.1131 253.6978 1080.1529
v -4566.0816 253.6978 1081.1844
v -4596.1555 253.6978 1081.1844
v -4567.1131 253.6978 1052.1420
v -4595.1241 253.6978 1052.1420
v -4596.1555 253.6978 1051.1105
v -4566.0816 253.6978 1051.1105
v -4595.1241 253.6978 1052.1420
v -4595.1241 253.6978 1080.1529
v -4596.1555 253.6978 1081.1844
v -4596.1555 253.6978 1051.1105
v -4590.0967 253.8756 1075.1252
v -4572.1409 253.8756 1075.1252
v -4572.1409 254.0309 1075.1252
v -4590.0967 254.0309 1075.1252
v -4590.0967 253.8756 1057.1695
v -4590.0967 253.8756 1075.1252
v -4590.0967 254.0309 1075.1252
v -4590.0967 254.0309 1057.1695
v -4588.8874 253.6978 1073.9161
v -4573.3501 253.6978 1073.9161
v -4572.3186 253.6978 1074.9475
v -4589.9189 253.6978 1074.9475
v -4573.3501 253.6978 1058.3788
v -4588.8874 253.6978 1058.3788
v -4589.9189 253.6978 1057.3473
v -4572.3186 253.6978 1057.3473
v -4588.8874 253.6978 1058.3788
v -4588.8874 253.6978 1073.9161
v -4589.9189 253.6978 1074.9475
v -4589.9189 253.6978 1057.3473
v -4596.3333 255.2027 1050.9328
v -4596.3333 255.2027 1081.3622
v -4600.9850 253.7550 1086.0136
v -4600.9850 253.7550 1046.2813
v -4554.6394 253.6978 1092.6267
v -4554.6394 253.6978 1039.6683
v -4553.6079 253.6978 1038.6369
v -4553.6079 253.6978 1093.6581
v -4573.3501 253.6978 1073.9161
v -4573.3501 253.6978 1058.3788
v -4572.3186 253.6978 1057.3473
v -4572.3186 253.6978 1074.9475
v -4565.9042 255.2027 1050.9328
v -4596.3333 255.2027 1050.9328
v -4600.9850 253.7550 1046.2813
v -4561.2526 253.7550 1046.2813
v -4553.4302 253.8756 1038.4591
v -4608.8070 253.8756 1038.4591
v -4608.8070 254.0309 1038.4591
v -4553.4302 254.0309 1038.4591
v -4572.1409 253.8756 1057.1695
v -4590.0967 253.8756 1057.1695
v -4590.0967 254.0309 1057.1695
v -4572.1409 254.0309 1057.1695
v -4602.5703 255.2027 1044.6960
v -4602.5703 255.2027 1087.5990
v -4607.2216 253.7550 1092.2504
v -4607.2216 253.7550 1040.0445
v -4608.8070 255.2027 1093.8358
v -4553.4302 255.2027 1093.8358
v -4549.1589 253.7595 1098.1074
v -4613.0787 253.7595 1098.1074
v -4567.1131 253.6978 1080.1529
v -4567.1131 253.6978 1052.1420
v -4566.0816 253.6978 1051.1105
v -4566.0816 253.6978 1081.1844
v -4559.6672 255.2027 1044.6960
v -4602.5703 255.2027 1044.6960
v -4607.2216 253.7550 1040.0445
v -4555.0156 253.7550 1040.0445
v -4548.7839 253.6979 1033.8128
v -4613.4533 253.6979 1033.8128
v -4544.9562 253.6979 1029.9851
v -4565.9039 253.8756 1050.9327
v -4596.3333 253.8756 1050.9327
v -4596.3333 254.0309 1050.9327
v -4565.9039 254.0309 1050.9327
v -4608.8070 255.2027 1038.4591
v -4608.8070 255.2027 1093.8358
v -4613.0787 253.7595 1098.1074
v -4613.0787 253.7595 1034.1875
v -4590.0967 255.2027 1057.1695
v -4590.0967 255.2027 1075.1253
v -4594.7479 253.7550 1079.7768
v -4594.7479 253.7550 1052.5181
v -4553.4302 255.2027 1038.4591
v -4608.8070 255.2027 1038.4591
v -4613.0787 253.7595 1034.1875
v -4549.1589 253.7595 1034.1875
v -4560.8765 253.6978 1086.3897
v -4560.8765 253.6978 1045.9051
v -4559.8450 253.6978 1044.8736
v -4559.8450 253.6978 1087.4212
v -4572.1409 255.2027 1057.1695
v -4590.0967 255.2027 1057.1695
v -4594.7479 253.7550 1052.5181
v -4567.4892 253.7550 1052.5181
v -4559.6672 253.8756 1044.6959
v -4602.5703 253.8756 1044.6959
v -4602.5703 254.0309 1044.6959
v -4559.6672 254.0309 1044.6959
v -4613.3278 255.1942 1033.2573
v -4613.3278 256.1577 1033.2573
v -4548.2353 256.1577 1098.3495
v -4548.2353 255.1942 1098.3495
v -4548.9166 255.1942 1099.0307
v -4548.9166 256.1577 1099.0307
v -4614.0087 256.1577 1033.9386
v -4614.0087 255.1942 1033.9386
v -4548.2353 255.1942 1098.3495
v -4548.9166 255.1942 1099.0307
v -4614.0087 255.1942 1033.9386
v -4613.3278 255.1942 1033.2573
v -4614.0091 255.1942 1098.3495
v -4614.0091 256.1577 1098.3495
v -4548.9166 256.1577 1033.2573
v -4548.9166 255.1942 1033.2573
v -4548.2357 255.1942 1033.9386
v -4548.2357 256.1577 1033.9386
v -4613.3278 256.1577 1099.0308
v -4613.3278 255.1942 1099.0308
v -4548.9166 255.1942 1033.2573
v -4548.2357 255.1942 1033.9386
v -4613.3278 255.1942 1099.0308
v -4614.0091 255.1942 1098.3495
v -4544.9562 253.6979 1102.3098
v -4544.9562 253.6979 1029.9851
v -4544.7784 253.8756 1029.8074
v -4544.7784 253.8756 1102.4876
v -4617.2810 253.6979 1102.3098
v -4544.9562 253.6979 1102.3098
v -4617.2810 253.6979 1029.9851
v -4617.2810 253.6979 1102.3098
v -4544.9562 253.6979 1029.9851
v -4617.2810 253.6979 1029.9851
v -4544.7784 254.0309 1029.8074
v -4544.7784 254.0309 1102.4876
v -4549.1589 253.7595 1098.1074
v -4549.1589 253.7595 1034.1875
v -4548.7839 253.6979 1033.8128
v -4548.7839 253.6979 1098.4821
v -4613.0787 253.7595 1098.1074
v -4549.1589 253.7595 1098.1074
v -4613.0787 253.7595 1034.1875
v -4613.0787 253.7595 1098.1074
v -4549.1589 253.7595 1034.1875
v -4613.0787 253.7595 1034.1875
v -4555.0156 253.7550 1092.2504
v -4555.0156 253.7550 1040.0445
v -4607.2216 253.7550 1092.2504
v -4555.0156 253.7550 1092.2504
v -4607.2216 253.7550 1040.0445
v -4607.2216 253.7550 1092.2504
v -4555.0156 253.7550 1040.0445
v -4607.2216 253.7550 1040.0445
v -4561.2526 253.7550 1086.0136
v -4561.2526 253.7550 1046.2813
v -4600.9850 253.7550 1086.0136
v -4561.2526 253.7550 1086.0136
v -4600.9850 253.7550 1046.2813
v -4600.9850 253.7550 1086.0136
v -4561.2526 253.7550 1046.2813
v -4600.9850 253.7550 1046.2813
v -4567.4892 253.7550 1079.7768
v -4567.4892 253.7550 1052.5181
v -4594.7479 253.7550 1079.7768
v -4567.4892 253.7550 1079.7768
v -4594.7479 253.7550 1052.5181
v -4594.7479 253.7550 1079.7768
v -4567.4892 253.7550 1052.5181
v -4594.7479 253.7550 1052.5181
v -4573.7312 253.7354 1073.5349
v -4573.7312 253.7354 1058.7599
v -4588.5063 253.7354 1073.5349
v -4573.7312 253.7354 1073.5349
v -4588.5063 253.7354 1058.7599
v -4588.5063 253.7354 1073.5349
v -4573.7312 253.7354 1058.7599
v -4588.5063 253.7354 1058.7599
v -4545.0005 253.7498 1030.0136
v -4545.0005 261.2879 1030.0136
v -4545.0005 261.2879 1102.3098
v -4545.0005 253.7498 1102.3098
v -4545.0005 253.7498 1102.3098
v -4545.0005 261.2879 1102.3098
v -4617.2390 261.2879 1102.3098
v -4617.2390 253.7498 1102.3098
v -4617.2390 253.7498 1102.3098
v -4617.2390 261.2879 1102.3098
v -4617.2390 261.2879 1030.0136
v -4617.2390 253.7498 1030.0136
v -4617.2390 253.7498 1030.0136
v -4617.2390 261.2879 1030.0136
v -4545.0005 261.2879 1030.0136
v -4545.0005 253.7498 1030.0136
v -4617.2390 261.2879 1102.3098
v -4545.0005 261.2879 1102.3098
v -4545.0005 261.2879 1030.0136
v -4617.2390 261.2879 1030.0136
v -4998.9845 253.8756 1029.8073
v -5071.6648 253.8756 1029.8074
v -5071.6648 254.0309 1029.8074
v -4998.9845 254.0309 1029.8073
v -5071.6648 253.8756 1029.8074
v -5071.6648 253.8756 1102.4876
v -5071.6648 254.0309 1102.4876
v -5071.6648 254.0309 1029.8074
v -5007.6363 253.8756 1093.8358
v -5007.6363 253.8756 1038.4590
v -5007.6363 254.0309 1038.4590
v -5007.6363 254.0309 1093.8358
v -5071.6648 253.8756 1102.4876
v -4998.9845 253.8756 1102.4876
v -4998.9845 254.0309 1102.4876
v -5071.6648 254.0309 1102.4876
v -5067.6594 253.6979 1098.4821
v -5002.9900 253.6979 1098.4821
v -4999.1623 253.6979 1102.3098
v -5071.4870 253.6979 1102.3098
v -5007.6363 255.2027 1093.8358
v -5007.6363 255.2027 1038.4590
v -5003.3649 253.7595 1034.1875
v -5003.3649 253.7595 1098.1073
v -5013.8733 255.2027 1087.5990
v -5013.8733 255.2027 1044.6960
v -5009.2216 253.7550 1040.0444
v -5009.2216 253.7550 1092.2504
v -5067.6594 253.6979 1033.8128
v -5067.6594 253.6979 1098.4821
v -5071.4870 253.6979 1029.9851
v -5063.0131 253.8756 1093.8358
v -5007.6363 253.8756 1093.8358
v -5007.6363 254.0309 1093.8358
v -5063.0131 254.0309 1093.8358
v -5056.7764 255.2027 1087.5990
v -5013.8733 255.2027 1087.5990
v -5009.2216 253.7550 1092.2504
v -5061.4277 253.7550 1092.2504
v -5013.8733 253.8756 1087.5990
v -5013.8733 253.8756 1044.6959
v -5013.8733 254.0309 1044.6959
v -5013.8733 254.0309 1087.5990
v -5063.0131 253.8756 1038.4591
v -5063.0131 253.8756 1093.8358
v -5063.0131 254.0309 1093.8358
v -5063.0131 254.0309 1038.4591
v -5061.8038 253.6978 1092.6267
v -5008.8455 253.6978 1092.6266
v -5007.8140 253.6978 1093.6581
v -5062.8353 253.6978 1093.6581
v -5008.8455 253.6978 1039.6683
v -5061.8038 253.6978 1039.6683
v -5062.8353 253.6978 1038.6369
v -5007.8140 253.6978 1038.6368
v -5020.1103 255.2027 1081.3622
v -5020.1103 255.2027 1050.9328
v -5015.4587 253.7550 1046.2813
v -5015.4587 253.7550 1086.0136
v -5061.8038 253.6978 1039.6683
v -5061.8038 253.6978 1092.6267
v -5062.8353 253.6978 1093.6581
v -5062.8353 253.6978 1038.6369
v -5056.7764 253.8756 1087.5990
v -5013.8733 253.8756 1087.5990
v -5013.8733 254.0309 1087.5990
v -5056.7764 254.0309 1087.5990
v -5050.5394 255.2027 1081.3622
v -5020.1103 255.2027 1081.3622
v -5015.4587 253.7550 1086.0136
v -5055.1910 253.7550 1086.0136
v -5020.1099 253.8756 1081.3622
v -5020.1099 253.8756 1050.9327
v -5020.1099 254.0309 1050.9327
v -5020.1099 254.0309 1081.3622
v -5056.7764 253.8756 1044.6959
v -5056.7764 253.8756 1087.5990
v -5056.7764 254.0309 1087.5990
v -5056.7764 254.0309 1044.6959
v -5055.5672 253.6978 1086.3897
v -5015.0826 253.6978 1086.3897
v -5014.0511 253.6978 1087.4212
v -5056.5987 253.6978 1087.4212
v -5015.0826 253.6978 1045.9051
v -5055.5672 253.6978 1045.9051
v -5056.5987 253.6978 1044.8736
v -5014.0511 253.6978 1044.8736
v -5026.3470 255.2027 1075.1253
v -5026.3470 255.2027 1057.1695
v -5021.6953 253.7550 1052.5181
v -5021.6953 253.7550 1079.7768
v -5055.5672 253.6978 1045.9051
v -5055.5672 253.6978 1086.3897
v -5056.5987 253.6978 1087.4212
v -5056.5987 253.6978 1044.8736
v -5050.5394 253.8756 1081.3622
v -5020.1099 253.8756 1081.3622
v -5020.1099 254.0309 1081.3622
v -5050.5394 254.0309 1081.3622
v -5044.3027 255.2027 1075.1253
v -5026.3470 255.2027 1075.1253
v -5021.6953 253.7550 1079.7768
v -5048.9540 253.7550 1079.7768
v -5026.3470 253.8756 1075.1252
v -5026.3470 253.8756 1057.1695
v -5026.3470 254.0309 1057.1695
v -5026.3470 254.0309 1075.1252
v -5050.5394 253.8756 1050.9327
v -5050.5394 253.8756 1081.3622
v -5050.5394 254.0309 1081.3622
v -5050.5394 254.0309 1050.9327
v -5049.3301 253.6978 1080.1529
v -5021.3192 253.6978 1080.1529
v -5020.2877 253.6978 1081.1844
v -5050.3616 253.6978 1081.1844
v -5021.3192 253.6978 1052.1420
v -5049.3301 253.6978 1052.1420
v -5050.3616 253.6978 1051.1105
v -5020.2877 253.6978 1051.1105
v -5049.3301 253.6978 1052.1420
v -5049.3301 253.6978 1080.1529
v -5050.3616 253.6978 1081.1844
v -5050.3616 253.6978 1051.1105
v -5044.3027 253.8756 1075.1252
v -5026.3470 253.8756 1075.1252
v -5026.3470 254.0309 1075.1252
v -5044.3027 254.0309 1075.1252
v -5044.3027 253.8756 1057.1695
v -5044.3027 253.8756 1075.1252
v -5044.3027 254.0309 1075.1252
v -5044.3027 254.0309 1057.1695
v -5043.0935 253.6978 1073.9161
v -5027.5562 253.6978 1073.9161
v -5026.5247 253.6978 1074.9475
v -5044.1250 253.6978 1074.9475
v -5027.5562 253.6978 1058.3788
v -5043.0935 253.6978 1058.3788
v -5044.1250 253.6978 1057.3473
v -5026.5247 253.6978 1057.3473
v -5043.0935 253.6978 1058.3788
v -5043.0935 253.6978 1073.9161
v -5044.1250 253.6978 1074.9475
v -5044.1250 253.6978 1057.3473
v -5050.5394 255.2027 1050.9328
v -5050.5394 255.2027 1081.3622
v -5055.1910 253.7550 1086.0136
v -5055.1910 253.7550 1046.2813
v -5008.8455 253.6978 1092.6266
v -5008.8455 253.6978 1039.6683
v -5007.8140 253.6978 1038.6368
v -5007.8140 253.6978 1093.6581
v -5027.5562 253.6978 1073.9161
v -5027.5562 253.6978 1058.3788
v -5026.5247 253.6978 1057.3473
v -5026.5247 253.6978 1074.9475
v -5020.1103 255.2027 1050.9328
v -5050.5394 255.2027 1050.9328
v -5055.1910 253.7550 1046.2813
v -5015.4587 253.7550 1046.2813
v -5007.6363 253.8756 1038.4590
v -5063.0131 253.8756 1038.4591
v -5063.0131 254.0309 1038.4591
v -5007.6363 254.0309 1038.4590
v -5026.3470 253.8756 1057.1695
v -5044.3027 253.8756 1057.1695
v -5044.3027 254.0309 1057.1695
v -5026.3470 254.0309 1057.1695
v -5056.7764 255.2027 1044.6960
v -5056.7764 255.2027 1087.5990
v -5061.4277 253.7550 1092.2504
v -5061.4277 253.7550 1040.0445
v -5063.0131 255.2027 1093.8358
v -5007.6363 255.2027 1093.8358
v -5003.3649 253.7595 1098.1073
v -5067.2848 253.7595 1098.1074
v -5021.3192 253.6978 1080.1529
v -5021.3192 253.6978 1052.1420
v -5020.2877 253.6978 1051.1105
v -5020.2877 253.6978 1081.1844
v -5013.8733 255.2027 1044.6960
v -5056.7764 255.2027 1044.6960
v -5061.4277 253.7550 1040.0445
v -5009.2216 253.7550 1040.0444
v -5002.9900 253.6979 1033.8127
v -5067.6594 253.6979 1033.8128
v -4999.1623 253.6979 1029.9850
v -5020.1099 253.8756 1050.9327
v -5050.5394 253.8756 1050.9327
v -5050.5394 254.0309 1050.9327
v -5020.1099 254.0309 1050.9327
v -5063.0131 255.2027 1038.4591
v -5063.0131 255.2027 1093.8358
v -5067.2848 253.7595 1098.1074
v -5067.2848 253.7595 1034.1875
v -5044.3027 255.2027 1057.1695
v -5044.3027 255.2027 1075.1253
v -5048.9540 253.7550 1079.7768
v -5048.9540 253.7550 1052.5181
v -5007.6363 255.2027 1038.4590
v -5063.0131 255.2027 1038.4591
v -5067.2848 253.7595 1034.1875
v -5003.3649 253.7595 1034.1875
v -5015.0826 253.6978 1086.3897
v -5015.0826 253.6978 1045.9051
v -5014.0511 253.6978 1044.8736
v -5014.0511 253.6978 1087.4212
v -5026.3470 255.2027 1057.1695
v -5044.3027 255.2027 1057.1695
v -5048.9540 253.7550 1052.5181
v -5021.6953 253.7550 1052.5181
v -5013.8733 253.8756 1044.6959
v -5056.7764 253.8756 1044.6959
v -5056.7764 254.0309 1044.6959
v -5013.8733 254.0309 1044.6959
v -5067.5339 255.1942 1033.2573
v -5067.5339 256.1577 1033.2573
v -5002.4414 256.1577 1098.3494
v -5002.4414 255.1942 1098.3494
v -5003.1227 255.1942 1099.0307
v -5003.1227 256.1577 1099.0307
v -5068.2148 256.1577 1033.9386
v -5068.2148 255.1942 1033.9386
v -5002.4414 255.1942 1098.3494
v -5003.1227 255.1942 1099.0307
v -5068.2148 255.1942 1033.9386
v -5067.5339 255.1942 1033.2573
v -5068.2152 255.1942 1098.3495
v -5068.2152 256.1577 1098.3495
v -5003.1227 256.1577 1033.2573
v -5003.1227 255.1942 1033.2573
v -5002.4418 255.1942 1033.9386
v -5002.4418 256.1577 1033.9386
v -5067.5339 256.1577 1099.0308
v -5067.5339 255.1942 1099.0308
v -5003.1227 255.1942 1033.2573
v -5002.4418 255.1942 1033.9386
v -5067.5339 255.1942 1099.0308
v -5068.2152 255.1942 1098.3495
v -4999.1623 253.6979 1102.3098
v -4999.1623 253.6979 1029.9850
v -4998.9845 253.8756 1029.8073
v -4998.9845 253.8756 1102.4876
v -5071.4870 253.6979 1102.3098
v -4999.1623 253.6979 1102.3098
v -5071.4870 253.6979 1029.9851
v -5071.4870 253.6979 1102.3098
v -4999.1623 253.6979 1029.9850
v -5071.4870 253.6979 1029.9851
v -4998.9845 254.0309 1029.8073
v -4998.9845 254.0309 1102.4876
v -5003.3649 253.7595 1098.1073
v -5003.3649 253.7595 1034.1875
v -5002.9900 253.6979 1033.8127
v -5002.9900 253.6979 1098.4821
v -5067.2848 253.7595 1098.1074
v -5003.3649 253.7595 1098.1073
v -5067.2848 253.7595 1034.1875
v -5067.2848 253.7595 1098.1074
v -5003.3649 253.7595 1034.1875
v -5067.2848 253.7595 1034.1875
v -5009.2216 253.7550 1092.2504
v -5009.2216 253.7550 1040.0444
v -5061.4277 253.7550 1092.2504
v -5009.2216 253.7550 1092.2504
v -5061.4277 253.7550 1040.0445
v -5061.4277 253.7550 1092.2504
v -5009.2216 253.7550 1040.0444
v -5061.4277 253.7550 1040.0445
v -5015.4587 253.7550 1086.0136
v -5015.4587 253.7550 1046.2813
v -5055.1910 253.7550 1086.0136
v -5015.4587 253.7550 1086.0136
v -5055.1910 253.7550 1046.2813
v -5055.1910 253.7550 1086.0136
v -5015.4587 253.7550 1046.2813
v -5055.1910 253.7550 1046.2813
v -5021.6953 253.7550 1079.7768
v -5021.6953 253.7550 1052.5181
v -5048.9540 253.7550 1079.7768
v -5021.6953 253.7550 1079.7768
v -5048.9540 253.7550 1052.5181
v -5048.9540 253.7550 1079.7768
v -5021.6953 253.7550 1052.5181
v -5048.9540 253.7550 1052.5181
v -5027.9373 253.7354 1073.5349
v -5027.9373 253.7354 1058.7599
v -5042.7124 253.7354 1073.5349
v -5027.9373 253.7354 1073.5349
v -5042.7124 253.7354 1058.7599
v -5042.7124 253.7354 1073.5349
v -5027.9373 253.7354 1058.7599
v -5042.7124 253.7354 1058.7599
v -4999.2065 253.7498 1030.0135
v -4999.2065 261.2879 1030.0135
v -4999.2065 261.2879 1102.3098
v -4999.2065 253.7498 1102.3098
v -4999.2065 253.7498 1102.3098
v -4999.2065 261.2879 1102.3098
v -5071.4451 261.2879 1102.3098
v -5071.4451 253.7498 1102.3098
v -5071.4451 253.7498 1102.3098
v -5071.4451 261.2879 1102.3098
v -5071.4451 261.2879 1030.0136
v -5071.4451 253.7498 1030.0136
v -5071.4451 253.7498 1030.0136
v -5071.4451 261.2879 1030.0136
v -4999.2065 261.2879 1030.0135
v -4999.2065 253.7498 1030.0135
v -5071.4451 261.2879 1102.3098
v -4999.2065 261.2879 1102.3098
v -4999.2065 261.2879 1030.0135
v -5071.4451 261.2879 1030.0136
v -5687.5580 253.8756 727.5838
v -5760.2383 253.8756 727.5838
v -5760.2383 254.0310 727.5838
v -5687.5580 254.0310 727.5838
v -5760.2383 253.8756 727.5838
v -5760.2383 253.8756 800.2640
v -5760.2383 254.0310 800.2640
v -5760.2383 254.0310 727.5838
v -5696.2097 253.8756 791.6122
v -5696.2097 253.8756 736.2355
v -5696.2097 254.0309 736.2355
v -5696.2097 254.0309 791.6122
v -5760.2383 253.8756 800.2640
v -5687.5580 253.8756 800.2640
v -5687.5580 254.0310 800.2640
v -5760.2383 254.0310 800.2640
v -5756.2328 253.6979 796.2585
v -5691.5634 253.6979 796.2585
v -5687.7357 253.6979 800.0862
v -5760.0605 253.6979 800.0862
v -5696.2097 255.2027 791.6122
v -5696.2097 255.2027 736.2355
v -5691.9384 253.7595 731.9639
v -5691.9384 253.7595 795.8838
v -5702.4467 255.2027 785.3754
v -5702.4467 255.2027 742.4724
v -5697.7951 253.7550 737.8209
v -5697.7951 253.7550 790.0269
v -5756.2328 253.6979 731.5892
v -5756.2328 253.6979 796.2585
v -5760.0605 253.6979 727.7615
v -5751.5865 253.8756 791.6122
v -5696.2097 253.8756 791.6122
v -5696.2097 254.0309 791.6122
v -5751.5865 254.0309 791.6122
v -5745.3499 255.2027 785.3754
v -5702.4467 255.2027 785.3754
v -5697.7951 253.7550 790.0269
v -5750.0011 253.7550 790.0269
v -5702.4467 253.8756 785.3754
v -5702.4467 253.8756 742.4723
v -5702.4467 254.0309 742.4723
v -5702.4467 254.0309 785.3754
v -5751.5865 253.8756 736.2355
v -5751.5865 253.8756 791.6122
v -5751.5865 254.0309 791.6122
v -5751.5865 254.0309 736.2355
v -5750.3773 253.6979 790.4030
v -5697.4190 253.6979 790.4030
v -5696.3875 253.6979 791.4345
v -5751.4088 253.6979 791.4345
v -5697.4190 253.6979 737.4447
v -5750.3773 253.6979 737.4447
v -5751.4088 253.6979 736.4132
v -5696.3875 253.6979 736.4132
v -5708.6838 255.2027 779.1385
v -5708.6838 255.2027 748.7092
v -5704.0321 253.7550 744.0577
v -5704.0321 253.7550 783.7900
v -5750.3773 253.6979 737.4447
v -5750.3773 253.6979 790.4030
v -5751.4088 253.6979 791.4345
v -5751.4088 253.6979 736.4132
v -5745.3499 253.8756 785.3754
v -5702.4467 253.8756 785.3754
v -5702.4467 254.0309 785.3754
v -5745.3499 254.0309 785.3754
v -5739.1129 255.2027 779.1385
v -5708.6838 255.2027 779.1385
v -5704.0321 253.7550 783.7900
v -5743.7645 253.7550 783.7900
v -5708.6834 253.8756 779.1385
v -5708.6834 253.8756 748.7091
v -5708.6834 254.0309 748.7091
v -5708.6834 254.0309 779.1385
v -5745.3499 253.8756 742.4723
v -5745.3499 253.8756 785.3754
v -5745.3499 254.0309 785.3754
v -5745.3499 254.0309 742.4723
v -5744.1406 253.6979 784.1661
v -5703.6560 253.6979 784.1661
v -5702.6245 253.6979 785.1976
v -5745.1721 253.6979 785.1976
v -5703.6560 253.6979 743.6815
v -5744.1406 253.6979 743.6815
v -5745.1721 253.6979 742.6500
v -5702.6245 253.6979 742.6500
v -5714.9204 255.2027 772.9016
v -5714.9204 255.2027 754.9459
v -5710.2688 253.7550 750.2945
v -5710.2688 253.7550 777.5531
v -5744.1406 253.6979 743.6815
v -5744.1406 253.6979 784.1661
v -5745.1721 253.6979 785.1976
v -5745.1721 253.6979 742.6500
v -5739.1129 253.8756 779.1385
v -5708.6834 253.8756 779.1385
v -5708.6834 254.0309 779.1385
v -5739.1129 254.0309 779.1385
v -5732.8762 255.2027 772.9016
v -5714.9204 255.2027 772.9016
v -5710.2688 253.7550 777.5531
v -5737.5275 253.7550 777.5531
v -5714.9204 253.8756 772.9016
v -5714.9204 253.8756 754.9459
v -5714.9204 254.0309 754.9459
v -5714.9204 254.0309 772.9016
v -5739.1129 253.8756 748.7091
v -5739.1129 253.8756 779.1385
v -5739.1129 254.0309 779.1385
v -5739.1129 254.0309 748.7091
v -5737.9036 253.6979 777.9293
v -5709.8927 253.6979 777.9293
v -5708.8612 253.6979 778.9608
v -5738.9351 253.6979 778.9608
v -5709.8927 253.6979 749.9184
v -5737.9036 253.6979 749.9184
v -5738.9351 253.6979 748.8869
v -5708.8612 253.6979 748.8869
v -5737.9036 253.6979 749.9184
v -5737.9036 253.6979 777.9293
v -5738.9351 253.6979 778.9608
v -5738.9351 253.6979 748.8869
v -5732.8762 253.8756 772.9016
v -5714.9204 253.8756 772.9016
v -5714.9204 254.0309 772.9016
v -5732.8762 254.0309 772.9016
v -5732.8762 253.8756 754.9459
v -5732.8762 253.8756 772.9016
v -5732.8762 254.0309 772.9016
v -5732.8762 254.0309 754.9459
v -5731.6669 253.6979 771.6924
v -5716.1297 253.6979 771.6924
v -5715.0982 253.6979 772.7239
v -5732.6984 253.6979 772.7239
v -5716.1297 253.6979 756.1552
v -5731.6669 253.6979 756.1552
v -5732.6984 253.6979 755.1237
v -5715.0982 253.6979 755.1237
v -5731.6669 253.6979 756.1552
v -5731.6669 253.6979 771.6924
v -5732.6984 253.6979 772.7239
v -5732.6984 253.6979 755.1237
v -5739.1129 255.2027 748.7092
v -5739.1129 255.2027 779.1385
v -5743.7645 253.7550 783.7900
v -5743.7645 253.7550 744.0577
v -5697.4190 253.6979 790.4030
v -5697.4190 253.6979 737.4447
v -5696.3875 253.6979 736.4132
v -5696.3875 253.6979 791.4345
v -5716.1297 253.6979 771.6924
v -5716.1297 253.6979 756.1552
v -5715.0982 253.6979 755.1237
v -5715.0982 253.6979 772.7239
v -5708.6838 255.2027 748.7092
v -5739.1129 255.2027 748.7092
v -5743.7645 253.7550 744.0577
v -5704.0321 253.7550 744.0577
v -5696.2097 253.8756 736.2355
v -5751.5865 253.8756 736.2355
v -5751.5865 254.0309 736.2355
v -5696.2097 254.0309 736.2355
v -5714.9204 253.8756 754.9459
v -5732.8762 253.8756 754.9459
v -5732.8762 254.0309 754.9459
v -5714.9204 254.0309 754.9459
v -5745.3499 255.2027 742.4724
v -5745.3499 255.2027 785.3754
v -5750.0011 253.7550 790.0269
v -5750.0011 253.7550 737.8209
v -5751.5865 255.2027 791.6122
v -5696.2097 255.2027 791.6122
v -5691.9384 253.7595 795.8838
v -5755.8582 253.7595 795.8838
v -5709.8927 253.6979 777.9293
v -5709.8927 253.6979 749.9184
v -5708.8612 253.6979 748.8869
v -5708.8612 253.6979 778.9608
v -5702.4467 255.2027 742.4724
v -5745.3499 255.2027 742.4724
v -5750.0011 253.7550 737.8209
v -5697.7951 253.7550 737.8209
v -5691.5634 253.6979 731.5892
v -5756.2328 253.6979 731.5892
v -5687.7357 253.6979 727.7615
v -5708.6834 253.8756 748.7091
v -5739.1129 253.8756 748.7091
v -5739.1129 254.0309 748.7091
v -5708.6834 254.0309 748.7091
v -5751.5865 255.2027 736.2355
v -5751.5865 255.2027 791.6122
v -5755.8582 253.7595 795.8838
v -5755.8582 253.7595 731.9639
v -5732.8762 255.2027 754.9459
v -5732.8762 255.2027 772.9016
v -5737.5275 253.7550 777.5531
v -5737.5275 253.7550 750.2945
v -5696.2097 255.2027 736.2355
v -5751.5865 255.2027 736.2355
v -5755.8582 253.7595 731.9639
v -5691.9384 253.7595 731.9639
v -5703.6560 253.6979 784.1661
v -5703.6560 253.6979 743.6815
v -5702.6245 253.6979 742.6500
v -5702.6245 253.6979 785.1976
v -5714.9204 255.2027 754.9459
v -5732.8762 255.2027 754.9459
v -5737.5275 253.7550 750.2945
v -5710.2688 253.7550 750.2945
v -5702.4467 253.8756 742.4723
v -5745.3499 253.8756 742.4723
v -5745.3499 254.0309 742.4723
v -5702.4467 254.0309 742.4723
v -5756.1073 255.1942 731.0336
v -5756.1073 256.1577 731.0336
v -5691.0149 256.1577 796.1258
v -5691.0149 255.1942 796.1258
v -5691.6962 255.1942 796.8071
v -5691.6962 256.1577 796.8071
v -5756.7883 256.1577 731.7149
v -5756.7883 255.1942 731.7149
v -5691.0149 255.1942 796.1258
v -5691.6962 255.1942 796.8071
v -5756.7883 255.1942 731.7149
v -5756.1073 255.1942 731.0336
v -5756.7886 255.1942 796.1259
v -5756.7886 256.1577 796.1259
v -5691.6962 256.1577 731.0337
v -5691.6962 255.1942 731.0337
v -5691.0152 255.1942 731.7150
v -5691.0152 256.1577 731.7150
v -5756.1073 256.1577 796.8072
v -5756.1073 255.1942 796.8072
v -5691.6962 255.1942 731.0337
v -5691.0152 255.1942 731.7150
v -5756.1073 255.1942 796.8072
v -5756.7886 255.1942 796.1259
v -5687.7357 253.6979 800.0862
v -5687.7357 253.6979 727.7615
v -5687.5580 253.8756 727.5838
v -5687.5580 253.8756 800.2640
v -5760.0605 253.6979 800.0862
v -5687.7357 253.6979 800.0862
v -5760.0605 253.6979 727.7615
v -5760.0605 253.6979 800.0862
v -5687.7357 253.6979 727.7615
v -5760.0605 253.6979 727.7615
v -5687.5580 254.0310 727.5838
v -5687.5580 254.0310 800.2640
v -5691.9384 253.7595 795.8838
v -5691.9384 253.7595 731.9639
v -5691.5634 253.6979 731.5892
v -5691.5634 253.6979 796.2585
v -5755.8582 253.7595 795.8838
v -5691.9384 253.7595 795.8838
v -5755.8582 253.7595 731.9639
v -5755.8582 253.7595 795.8838
v -5691.9384 253.7595 731.9639
v -5755.8582 253.7595 731.9639
v -5697.7951 253.7550 790.0269
v -5697.7951 253.7550 737.8209
v -5750.0011 253.7550 790.0269
v -5697.7951 253.7550 790.0269
v -5750.0011 253.7550 737.8209
v -5750.0011 253.7550 790.0269
v -5697.7951 253.7550 737.8209
v -5750.0011 253.7550 737.8209
v -5704.0321 253.7550 783.7900
v -5704.0321 253.7550 744.0577
v -5743.7645 253.7550 783.7900
v -5704.0321 253.7550 783.7900
v -5743.7645 253.7550 744.0577
v -5743.7645 253.7550 783.7900
v -5704.0321 253.7550 744.0577
v -5743.7645 253.7550 744.0577
v -5710.2688 253.7550 777.5531
v -5710.2688 253.7550 750.2945
v -5737.5275 253.7550 777.5531
v -5710.2688 253.7550 777.5531
v -5737.5275 253.7550 750.2945
v -5737.5275 253.7550 777.5531
v -5710.2688 253.7550 750.2945
v -5737.5275 253.7550 750.2945
v -5716.5108 253.7354 771.3112
v -5716.5108 253.7354 756.5363
v -5731.2859 253.7354 771.3112
v -5716.5108 253.7354 771.3112
v -5731.2859 253.7354 756.5363
v -5731.2859 253.7354 771.3112
v -5716.5108 253.7354 756.5363
v -5731.2859 253.7354 756.5363
v -5687.7800 253.7498 727.7900
v -5687.7800 261.2879 727.7900
v -5687.7800 261.2879 800.0862
v -5687.7800 253.7498 800.0862
v -5687.7800 253.7498 800.0862
v -5687.7800 261.2879 800.0862
v -5760.0185 261.2879 800.0862
v -5760.0185 253.7498 800.0862
v -5760.0185 253.7498 800.0862
v -5760.0185 261.2879 800.0862
v -5760.0185 261.2879 727.7900
v -5760.0185 253.7498 727.7900
v -5760.0185 253.7498 727.7900
v -5760.0185 261.2879 727.7900
v -5687.7800 261.2879 727.7900
v -5687.7800 253.7498 727.7900
v -5760.0185 261.2879 800.0862
v -5687.7800 261.2879 800.0862
v -5687.7800 261.2879 727.7900
v -5760.0185 261.2879 727.7900
v -6367.6327 253.8756 1030.1231
v -6440.3122 253.8756 1030.1231
v -6440.3122 254.0310 1030.1231
v -6367.6327 254.0310 1030.1231
v -6440.3122 253.8756 1030.1231
v -6440.3122 253.8756 1102.8034
v -6440.3122 254.0310 1102.8034
v -6440.3122 254.0310 1030.1231
v -6376.2844 253.8756 1094.1517
v -6376.2844 253.8756 1038.7749
v -6376.2844 254.0309 1038.7749
v -6376.2844 254.0309 1094.1517
v -6440.3122 253.8756 1102.8034
v -6367.6327 253.8756 1102.8034
v -6367.6327 254.0310 1102.8034
v -6440.3122 254.0310 1102.8034
v -6436.3068 253.6979 1098.7980
v -6371.6381 253.6979 1098.7980
v -6367.8104 253.6979 1102.6257
v -6440.1352 253.6979 1102.6257
v -6376.2844 255.2027 1094.1517
v -6376.2844 255.2027 1038.7749
v -6372.0127 253.7595 1034.5034
v -6372.0127 253.7595 1098.4232
v -6382.5207 255.2027 1087.9148
v -6382.5207 255.2027 1045.0117
v -6377.8698 253.7550 1040.3603
v -6377.8698 253.7550 1092.5663
v -6436.3068 253.6979 1034.1286
v -6436.3068 253.6979 1098.7980
v -6440.1352 253.6979 1030.3009
v -6431.6605 253.8756 1094.1517
v -6376.2844 253.8756 1094.1517
v -6376.2844 254.0309 1094.1517
v -6431.6605 254.0309 1094.1517
v -6425.4242 255.2027 1087.9148
v -6382.5207 255.2027 1087.9148
v -6377.8698 253.7550 1092.5663
v -6430.0751 253.7550 1092.5663
v -6382.5207 253.8756 1087.9148
v -6382.5207 253.8756 1045.0117
v -6382.5207 254.0309 1045.0117
v -6382.5207 254.0309 1087.9148
v -6431.6605 253.8756 1038.7749
v -6431.6605 253.8756 1094.1517
v -6431.6605 254.0309 1094.1517
v -6431.6605 254.0309 1038.7749
v -6430.4520 253.6979 1092.9424
v -6377.4937 253.6979 1092.9424
v -6376.4622 253.6979 1093.9739
v -6431.4835 253.6979 1093.9739
v -6377.4937 253.6979 1039.9841
v -6430.4520 253.6979 1039.9841
v -6431.4835 253.6979 1038.9526
v -6376.4622 253.6979 1038.9526
v -6388.7577 255.2027 1081.6778
v -6388.7577 255.2027 1051.2486
v -6384.1061 253.7550 1046.5971
v -6384.1061 253.7550 1086.3294
v -6430.4520 253.6979 1039.9841
v -6430.4520 253.6979 1092.9424
v -6431.4835 253.6979 1093.9739
v -6431.4835 253.6979 1038.9526
v -6425.4242 253.8756 1087.9148
v -6382.5207 253.8756 1087.9148
v -6382.5207 254.0309 1087.9148
v -6425.4242 254.0309 1087.9148
v -6419.1879 255.2027 1081.6778
v -6388.7577 255.2027 1081.6778
v -6384.1061 253.7550 1086.3294
v -6423.8388 253.7550 1086.3294
v -6388.7577 253.8756 1081.6778
v -6388.7577 253.8756 1051.2486
v -6388.7577 254.0309 1051.2486
v -6388.7577 254.0309 1081.6778
v -6425.4242 253.8756 1045.0117
v -6425.4242 253.8756 1087.9148
v -6425.4242 254.0309 1087.9148
v -6425.4242 254.0309 1045.0117
v -6424.2142 253.6979 1086.7056
v -6383.7299 253.6979 1086.7056
v -6382.6984 253.6979 1087.7371
v -6425.2457 253.6979 1087.7371
v -6383.7299 253.6979 1046.2210
v -6424.2142 253.6979 1046.2210
v -6425.2457 253.6979 1045.1895
v -6382.6984 253.6979 1045.1895
v -6394.9947 255.2027 1075.4410
v -6394.9947 255.2027 1057.4854
v -6390.3431 253.7550 1052.8339
v -6390.3431 253.7550 1080.0924
v -6424.2142 253.6979 1046.2210
v -6424.2142 253.6979 1086.7056
v -6425.2457 253.6979 1087.7371
v -6425.2457 253.6979 1045.1895
v -6419.1879 253.8756 1081.6778
v -6388.7577 253.8756 1081.6778
v -6388.7577 254.0309 1081.6778
v -6419.1879 254.0309 1081.6778
v -6412.9501 255.2027 1075.4410
v -6394.9947 255.2027 1075.4410
v -6390.3431 253.7550 1080.0924
v -6417.6025 253.7550 1080.0924
v -6394.9947 253.8756 1075.4410
v -6394.9947 253.8756 1057.4853
v -6394.9947 254.0309 1057.4853
v -6394.9947 254.0309 1075.4410
v -6419.1879 253.8756 1051.2486
v -6419.1879 253.8756 1081.6778
v -6419.1879 254.0309 1081.6778
v -6419.1879 254.0309 1051.2486
v -6417.9779 253.6979 1080.4687
v -6389.9670 253.6979 1080.4687
v -6388.9355 253.6979 1081.5001
v -6419.0094 253.6979 1081.5001
v -6389.9670 253.6979 1052.4577
v -6417.9779 253.6979 1052.4577
v -6419.0094 253.6979 1051.4262
v -6388.9355 253.6979 1051.4262
v -6417.9779 253.6979 1052.4577
v -6417.9779 253.6979 1080.4687
v -6419.0094 253.6979 1081.5001
v -6419.0094 253.6979 1051.4262
v -6412.9501 253.8756 1075.4410
v -6394.9947 253.8756 1075.4410
v -6394.9947 254.0309 1075.4410
v -6412.9501 254.0309 1075.4410
v -6412.9501 253.8756 1057.4853
v -6412.9501 253.8756 1075.4410
v -6412.9501 254.0309 1075.4410
v -6412.9501 254.0309 1057.4853
v -6411.7416 253.6979 1074.2317
v -6396.2040 253.6979 1074.2317
v -6395.1725 253.6979 1075.2632
v -6412.7731 253.6979 1075.2632
v -6396.2040 253.6979 1058.6945
v -6411.7416 253.6979 1058.6945
v -6412.7731 253.6979 1057.6631
v -6395.1725 253.6979 1057.6631
v -6411.7416 253.6979 1058.6945
v -6411.7416 253.6979 1074.2317
v -6412.7731 253.6979 1075.2632
v -6412.7731 253.6979 1057.6631
v -6419.1879 255.2027 1051.2486
v -6419.1879 255.2027 1081.6778
v -6423.8388 253.7550 1086.3294
v -6423.8388 253.7550 1046.5971
v -6377.4937 253.6979 1092.9424
v -6377.4937 253.6979 1039.9841
v -6376.4622 253.6979 1038.9526
v -6376.4622 253.6979 1093.9739
v -6396.2040 253.6979 1074.2317
v -6396.2040 253.6979 1058.6945
v -6395.1725 253.6979 1057.6631
v -6395.1725 253.6979 1075.2632
v -6388.7577 255.2027 1051.2486
v -6419.1879 255.2027 1051.2486
v -6423.8388 253.7550 1046.5971
v -6384.1061 253.7550 1046.5971
v -6376.2844 253.8756 1038.7749
v -6431.6605 253.8756 1038.7749
v -6431.6605 254.0309 1038.7749
v -6376.2844 254.0309 1038.7749
v -6394.9947 253.8756 1057.4853
v -6412.9501 253.8756 1057.4853
v -6412.9501 254.0309 1057.4853
v -6394.9947 254.0309 1057.4853
v -6425.4242 255.2027 1045.0117
v -6425.4242 255.2027 1087.9148
v -6430.0751 253.7550 1092.5663
v -6430.0751 253.7550 1040.3603
v -6431.6605 255.2027 1094.1517
v -6376.2844 255.2027 1094.1517
v -6372.0127 253.7595 1098.4232
v -6435.9329 253.7595 1098.4232
v -6389.9670 253.6979 1080.4687
v -6389.9670 253.6979 1052.4577
v -6388.9355 253.6979 1051.4262
v -6388.9355 253.6979 1081.5001
v -6382.5207 255.2027 1045.0117
v -6425.4242 255.2027 1045.0117
v -6430.0751 253.7550 1040.3603
v -6377.8698 253.7550 1040.3603
v -6371.6381 253.6979 1034.1286
v -6436.3068 253.6979 1034.1286
v -6367.8104 253.6979 1030.3009
v -6388.7577 253.8756 1051.2486
v -6419.1879 253.8756 1051.2486
v -6419.1879 254.0309 1051.2486
v -6388.7577 254.0309 1051.2486
v -6431.6605 255.2027 1038.7749
v -6431.6605 255.2027 1094.1517
v -6435.9329 253.7595 1098.4232
v -6435.9329 253.7595 1034.5034
v -6412.9501 255.2027 1057.4854
v -6412.9501 255.2027 1075.4410
v -6417.6025 253.7550 1080.0924
v -6417.6025 253.7550 1052.8339
v -6376.2844 255.2027 1038.7749
v -6431.6605 255.2027 1038.7749
v -6435.9329 253.7595 1034.5034
v -6372.0127 253.7595 1034.5034
v -6383.7299 253.6979 1086.7056
v -6383.7299 253.6979 1046.2210
v -6382.6984 253.6979 1045.1895
v -6382.6984 253.6979 1087.7371
v -6394.9947 255.2027 1057.4854
v -6412.9501 255.2027 1057.4854
v -6417.6025 253.7550 1052.8339
v -6390.3431 253.7550 1052.8339
v -6382.5207 253.8756 1045.0117
v -6425.4242 253.8756 1045.0117
v -6425.4242 254.0309 1045.0117
v -6382.5207 254.0309 1045.0117
v -6436.1816 255.1942 1033.5730
v -6436.1816 256.1577 1033.5730
v -6371.0896 256.1577 1098.6652
v -6371.0896 255.1942 1098.6652
v -6371.7709 255.1942 1099.3465
v -6371.7709 256.1577 1099.3465
v -6436.8622 256.1577 1034.2543
v -6436.8622 255.1942 1034.2543
v -6371.0896 255.1942 1098.6652
v -6371.7709 255.1942 1099.3465
v -6436.8622 255.1942 1034.2543
v -6436.1816 255.1942 1033.5730
v -6436.8622 255.1942 1098.6652
v -6436.8622 256.1577 1098.6652
v -6371.7709 256.1577 1033.5731
v -6371.7709 255.1942 1033.5731
v -6371.0896 255.1942 1034.2544
v -6371.0896 256.1577 1034.2544
v -6436.1816 256.1577 1099.3465
v -6436.1816 255.1942 1099.3465
v -6371.7709 255.1942 1033.5731
v -6371.0896 255.1942 1034.2544
v -6436.1816 255.1942 1099.3465
v -6436.8622 255.1942 1098.6652
v -6367.8104 253.6979 1102.6257
v -6367.8104 253.6979 1030.3009
v -6367.6327 253.8756 1030.1231
v -6367.6327 253.8756 1102.8034
v -6440.1352 253.6979 1102.6257
v -6367.8104 253.6979 1102.6257
v -6440.1352 253.6979 1030.3009
v -6440.1352 253.6979 1102.6257
v -6367.8104 253.6979 1030.3009
v -6440.1352 253.6979 1030.3009
v -6367.6327 254.0310 1030.1231
v -6367.6327 254.0310 1102.8034
v -6372.0127 253.7595 1098.4232
v -6372.0127 253.7595 1034.5034
v -6371.6381 253.6979 1034.1286
v -6371.6381 253.6979 1098.7980
v -6435.9329 253.7595 1098.4232
v -6372.0127 253.7595 1098.4232
v -6435.9329 253.7595 1034.5034
v -6435.9329 253.7595 1098.4232
v -6372.0127 253.7595 1034.5034
v -6435.9329 253.7595 1034.5034
v -6377.8698 253.7550 1092.5663
v -6377.8698 253.7550 1040.3603
v -6430.0751 253.7550 1092.5663
v -6377.8698 253.7550 1092.5663
v -6430.0751 253.7550 1040.3603
v -6430.0751 253.7550 1092.5663
v -6377.8698 253.7550 1040.3603
v -6430.0751 253.7550 1040.3603
v -6384.1061 253.7550 1086.3294
v -6384.1061 253.7550 1046.5971
v -6423.8388 253.7550 1086.3294
v -6384.1061 253.7550 1086.3294
v -6423.8388 253.7550 1046.5971
v -6423.8388 253.7550 1086.3294
v -6384.1061 253.7550 1046.5971
v -6423.8388 253.7550 1046.5971
v -6390.3431 253.7550 1080.0924
v -6390.3431 253.7550 1052.8339
v -6417.6025 253.7550 1080.0924
v -6390.3431 253.7550 1080.0924
v -6417.6025 253.7550 1052.8339
v -6417.6025 253.7550 1080.0924
v -6390.3431 253.7550 1052.8339
v -6417.6025 253.7550 1052.8339
v -6396.5855 253.7354 1073.8506
v -6396.5855 253.7354 1059.0757
v -6411.3602 253.7354 1073.8506
v -6396.5855 253.7354 1073.8506
v -6411.3602 253.7354 1059.0757
v -6411.3602 253.7354 1073.8506
v -6396.5855 253.7354 1059.0757
v -6411.3602 253.7354 1059.0757
v -6367.8539 253.7498 1030.3293
v -6367.8539 261.2879 1030.3293
v -6367.8539 261.2879 1102.6257
v -6367.8539 253.7498 1102.6257
v -6367.8539 253.7498 1102.6257
v -6367.8539 261.2879 1102.6257
v -6440.0925 261.2879 1102.6257
v -6440.0925 253.7498 1102.6257
v -6440.0925 253.7498 1102.6257
v -6440.0925 261.2879 1102.6257
v -6440.0925 261.2879 1030.3293
v -6440.0925 253.7498 1030.3293
v -6440.0925 253.7498 1030.3293
v -6440.0925 261.2879 1030.3293
v -6367.8539 261.2879 1030.3293
v -6367.8539 253.7498 1030.3293
v -6440.0925 261.2879 1102.6257
v -6367.8539 261.2879 1102.6257
v -6367.8539 261.2879 1030.3293
v -6440.0925 261.2879 1030.3293
v -6367.6327 253.8756 123.0155
v -6440.3122 253.8756 123.0155
v -6440.3122 254.0310 123.0155
v -6367.6327 254.0310 123.0155
v -6440.3122 253.8756 123.0155
v -6440.3122 253.8756 195.6957
v -6440.3122 254.0310 195.6957
v -6440.3122 254.0310 123.0155
v -6376.2844 253.8756 187.0440
v -6376.2844 253.8756 131.6672
v -6376.2844 254.0309 131.6672
v -6376.2844 254.0309 187.0440
v -6440.3122 253.8756 195.6957
v -6367.6327 253.8756 195.6957
v -6367.6327 254.0310 195.6957
v -6440.3122 254.0310 195.6957
v -6436.3068 253.6979 191.6903
v -6371.6381 253.6979 191.6903
v -6367.8104 253.6979 195.5180
v -6440.1352 253.6979 195.5180
v -6376.2844 255.2027 187.0440
v -6376.2844 255.2027 131.6672
v -6372.0127 253.7595 127.3957
v -6372.0127 253.7595 191.3155
v -6382.5207 255.2027 180.8071
v -6382.5207 255.2027 137.9041
v -6377.8698 253.7550 133.2526
v -6377.8698 253.7550 185.4586
v -6436.3068 253.6979 127.0209
v -6436.3068 253.6979 191.6903
v -6440.1352 253.6979 123.1933
v -6431.6605 253.8756 187.0440
v -6376.2844 253.8756 187.0440
v -6376.2844 254.0309 187.0440
v -6431.6605 254.0309 187.0440
v -6425.4242 255.2027 180.8071
v -6382.5207 255.2027 180.8071
v -6377.8698 253.7550 185.4586
v -6430.0751 253.7550 185.4586
v -6382.5207 253.8756 180.8071
v -6382.5207 253.8756 137.9040
v -6382.5207 254.0309 137.9040
v -6382.5207 254.0309 180.8071
v -6431.6605 253.8756 131.6672
v -6431.6605 253.8756 187.0440
v -6431.6605 254.0309 187.0440
v -6431.6605 254.0309 131.6672
v -6430.4520 253.6979 185.8347
v -6377.4937 253.6979 185.8347
v -6376.4622 253.6979 186.8662
v -6431.4835 253.6979 186.8662
v -6377.4937 253.6979 132.8764
v -6430.4520 253.6979 132.8764
v -6431.4835 253.6979 131.8449
v -6376.4622 253.6979 131.8449
v -6388.7577 255.2027 174.5702
v -6388.7577 255.2027 144.1409
v -6384.1061 253.7550 139.4894
v -6384.1061 253.7550 179.2217
v -6430.4520 253.6979 132.8764
v -6430.4520 253.6979 185.8347
v -6431.4835 253.6979 186.8662
v -6431.4835 253.6979 131.8449
v -6425.4242 253.8756 180.8071
v -6382.5207 253.8756 180.8071
v -6382.5207 254.0309 180.8071
v -6425.4242 254.0309 180.8071
v -6419.1879 255.2027 174.5702
v -6388.7577 255.2027 174.5702
v -6384.1061 253.7550 179.2217
v -6423.8388 253.7550 179.2217
v -6388.7577 253.8756 174.5702
v -6388.7577 253.8756 144.1409
v -6388.7577 254.0309 144.1409
v -6388.7577 254.0309 174.5702
v -6425.4242 253.8756 137.9040
v -6425.4242 253.8756 180.8071
v -6425.4242 254.0309 180.8071
v -6425.4242 254.0309 137.9040
v -6424.2142 253.6979 179.5979
v -6383.7299 253.6979 179.5979
v -6382.6984 253.6979 180.6293
v -6425.2457 253.6979 180.6293
v -6383.7299 253.6979 139.1132
v -6424.2142 253.6979 139.1132
v -6425.2457 253.6979 138.0818
v -6382.6984 253.6979 138.0818
v -6394.9947 255.2027 168.3333
v -6394.9947 255.2027 150.3777
v -6390.3431 253.7550 145.7263
v -6390.3431 253.7550 172.9848
v -6424.2142 253.6979 139.1132
v -6424.2142 253.6979 179.5979
v -6425.2457 253.6979 180.6293
v -6425.2457 253.6979 138.0818
v -6419.1879 253.8756 174.5702
v -6388.7577 253.8756 174.5702
v -6388.7577 254.0309 174.5702
v -6419.1879 254.0309 174.5702
v -6412.9501 255.2027 168.3333
v -6394.9947 255.2027 168.3333
v -6390.3431 253.7550 172.9848
v -6417.6025 253.7550 172.9848
v -6394.9947 253.8756 168.3333
v -6394.9947 253.8756 150.3777
v -6394.9947 254.0309 150.3777
v -6394.9947 254.0309 168.3333
v -6419.1879 253.8756 144.1409
v -6419.1879 253.8756 174.5702
v -6419.1879 254.0309 174.5702
v -6419.1879 254.0309 144.1409
v -6417.9779 253.6979 173.3610
v -6389.9670 253.6979 173.3610
v -6388.9355 253.6979 174.3925
v -6419.0094 253.6979 174.3925
v -6389.9670 253.6979 145.3501
v -6417.9779 253.6979 145.3501
v -6419.0094 253.6979 144.3186
v -6388.9355 253.6979 144.3186
v -6417.9779 253.6979 145.3501
v -6417.9779 253.6979 173.3610
v -6419.0094 253.6979 174.3925
v -6419.0094 253.6979 144.3186
v -6412.9501 253.8756 168.3333
v -6394.9947 253.8756 168.3333
v -6394.9947 254.0309 168.3333
v -6412.9501 254.0309 168.3333
v -6412.9501 253.8756 150.3777
v -6412.9501 253.8756 168.3333
v -6412.9501 254.0309 168.3333
v -6412.9501 254.0309 150.3777
v -6411.7416 253.6979 167.1241
v -6396.2040 253.6979 167.1241
v -6395.1725 253.6979 168.1556
v -6412.7731 253.6979 168.1556
v -6396.2040 253.6979 151.5869
v -6411.7416 253.6979 151.5869
v -6412.7731 253.6979 150.5554
v -6395.1725 253.6979 150.5554
v -6411.7416 253.6979 151.5869
v -6411.7416 253.6979 167.1241
v -6412.7731 253.6979 168.1556
v -6412.7731 253.6979 150.5554
v -6419.1879 255.2027 144.1409
v -6419.1879 255.2027 174.5702
v -6423.8388 253.7550 179.2217
v -6423.8388 253.7550 139.4894
v -6377.4937 253.6979 185.8347
v -6377.4937 253.6979 132.8764
v -6376.4622 253.6979 131.8449
v -6376.4622 253.6979 186.8662
v -6396.2040 253.6979 167.1241
v -6396.2040 253.6979 151.5869
v -6395.1725 253.6979 150.5554
v -6395.1725 253.6979 168.1556
v -6388.7577 255.2027 144.1409
v -6419.1879 255.2027 144.1409
v -6423.8388 253.7550 139.4894
v -6384.1061 253.7550 139.4894
v -6376.2844 253.8756 131.6672
v -6431.6605 253.8756 131.6672
v -6431.6605 254.0309 131.6672
v -6376.2844 254.0309 131.6672
v -6394.9947 253.8756 150.3777
v -6412.9501 253.8756 150.3777
v -6412.9501 254.0309 150.3777
v -6394.9947 254.0309 150.3777
v -6425.4242 255.2027 137.9041
v -6425.4242 255.2027 180.8071
v -6430.0751 253.7550 185.4586
v -6430.0751 253.7550 133.2526
v -6431.6605 255.2027 187.0440
v -6376.2844 255.2027 187.0440
v -6372.0127 253.7595 191.3155
v -6435.9329 253.7595 191.3155
v -6389.9670 253.6979 173.3610
v -6389.9670 253.6979 145.3501
v -6388.9355 253.6979 144.3186
v -6388.9355 253.6979 174.3925
v -6382.5207 255.2027 137.9041
v -6425.4242 255.2027 137.9041
v -6430.0751 253.7550 133.2526
v -6377.8698 253.7550 133.2526
v -6371.6381 253.6979 127.0209
v -6436.3068 253.6979 127.0209
v -6367.8104 253.6979 123.1933
v -6388.7577 253.8756 144.1409
v -6419.1879 253.8756 144.1409
v -6419.1879 254.0309 144.1409
v -6388.7577 254.0309 144.1409
v -6431.6605 255.2027 131.6672
v -6431.6605 255.2027 187.0440
v -6435.9329 253.7595 191.3155
v -6435.9329 253.7595 127.3957
v -6412.9501 255.2027 150.3777
v -6412.9501 255.2027 168.3333
v -6417.6025 253.7550 172.9848
v -6417.6025 253.7550 145.7263
v -6376.2844 255.2027 131.6672
v -6431.6605 255.2027 131.6672
v -6435.9329 253.7595 127.3957
v -6372.0127 253.7595 127.3957
v -6383.7299 253.6979 179.5979
v -6383.7299 253.6979 139.1132
v -6382.6984 253.6979 138.0818
v -6382.6984 253.6979 180.6293
v -6394.9947 255.2027 150.3777
v -6412.9501 255.2027 150.3777
v -6417.6025 253.7550 145.7263
v -6390.3431 253.7550 145.7263
v -6382.5207 253.8756 137.9040
v -6425.4242 253.8756 137.9040
v -6425.4242 254.0309 137.9040
v -6382.5207 254.0309 137.9040
v -6436.1816 255.1942 126.4654
v -6436.1816 256.1577 126.4654
v -6371.0896 256.1577 191.5576
v -6371.0896 255.1942 191.5576
v -6371.7709 255.1942 192.2388
v -6371.7709 256.1577 192.2388
v -6436.8622 256.1577 127.1467
v -6436.8622 255.1942 127.1467
v -6371.0896 255.1942 191.5576
v -6371.7709 255.1942 192.2388
v -6436.8622 255.1942 127.1467
v -6436.1816 255.1942 126.4654
v -6436.8622 255.1942 191.5576
v -6436.8622 256.1577 191.5576
v -6371.7709 256.1577 126.4654
v -6371.7709 255.1942 126.4654
v -6371.0896 255.1942 127.1467
v -6371.0896 256.1577 127.1467
v -6436.1816 256.1577 192.2389
v -6436.1816 255.1942 192.2389
v -6371.7709 255.1942 126.4654
v -6371.0896 255.1942 127.1467
v -6436.1816 255.1942 192.2389
v -6436.8622 255.1942 191.5576
v -6367.8104 253.6979 195.5180
v -6367.8104 253.6979 123.1933
v -6367.6327 253.8756 123.0155
v -6367.6327 253.8756 195.6957
v -6440.1352 253.6979 195.5180
v -6367.8104 253.6979 195.5180
v -6440.1352 253.6979 123.1933
v -6440.1352 253.6979 195.5180
v -6367.8104 253.6979 123.1933
v -6440.1352 253.6979 123.1933
v -6367.6327 254.0310 123.0155
v -6367.6327 254.0310 195.6957
v -6372.0127 253.7595 191.3155
v -6372.0127 253.7595 127.3957
v -6371.6381 253.6979 127.0209
v -6371.6381 253.6979 191.6903
v -6435.9329 253.7595 191.3155
v -6372.0127 253.7595 191.3155
v -6435.9329 253.7595 127.3957
v -6435.9329 253.7595 191.3155
v -6372.0127 253.7595 127.3957
v -6435.9329 253.7595 127.3957
v -6377.8698 253.7550 185.4586
v -6377.8698 253.7550 133.2526
v -6430.0751 253.7550 185.4586
v -6377.8698 253.7550 185.4586
v -6430.0751 253.7550 133.2526
v -6430.0751 253.7550 185.4586
v -6377.8698 253.7550 133.2526
v -6430.0751 253.7550 133.2526
v -6384.1061 253.7550 179.2217
v -6384.1061 253.7550 139.4894
v -6423.8388 253.7550 179.2217
v -6384.1061 253.7550 179.2217
v -6423.8388 253.7550 139.4894
v -6423.8388 253.7550 179.2217
v -6384.1061 253.7550 139.4894
v -6423.8388 253.7550 139.4894
v -6390.3431 253.7550 172.9848
v -6390.3431 253.7550 145.7263
v -6417.6025 253.7550 172.9848
v -6390.3431 253.7550 172.9848
v -6417.6025 253.7550 145.7263
v -6417.6025 253.7550 172.9848
v -6390.3431 253.7550 145.7263
v -6417.6025 253.7550 145.7263
v -6396.5855 253.7354 166.7429
v -6396.5855 253.7354 151.9681
v -6411.3602 253.7354 166.7429
v -6396.5855 253.7354 166.7429
v -6411.3602 253.7354 151.9681
v -6411.3602 253.7354 166.7429
v -6396.5855 253.7354 151.9681
v -6411.3602 253.7354 151.9681
v -6367.8539 253.7498 123.2217
v -6367.8539 261.2879 123.2217
v -6367.8539 261.2879 195.5180
v -6367.8539 253.7498 195.5180
v -6367.8539 253.7498 195.5180
v -6367.8539 261.2879 195.5180
v -6440.0925 261.2879 195.5180
v -6440.0925 253.7498 195.5180
v -6440.0925 253.7498 195.5180
v -6440.0925 261.2879 195.5180
v -6440.0925 261.2879 123.2217
v -6440.0925 253.7498 123.2217
v -6440.0925 253.7498 123.2217
v -6440.0925 261.2879 123.2217
v -6367.8539 261.2879 123.2217
v -6367.8539 253.7498 123.2217
v -6440.0925 261.2879 195.5180
v -6367.8539 261.2879 195.5180
v -6367.8539 261.2879 123.2217
v -6440.0925 261.2879 123.2217
vt 0.19371 0.05511
vt 0.20754 0.06896
vt 0.20756 0.04128
vt 0.19371 0.05511
vt 0.20756 0.04128
vt 0.17988 0.04125
vt 0.19371 0.05511
vt 0.17988 0.04125
vt 0.17986 0.06893
vt 0.19371 0.05511
vt 0.17986 0.06893
vt 0.20754 0.06896
vt 0.34570 0.39291
vt 0.35954 0.40676
vt 0.35955 0.37908
vt 0.34570 0.39291
vt 0.35955 0.37908
vt 0.33187 0.37905
vt 0.34570 0.39291
vt 0.33187 0.37905
vt 0.33185 0.40674
vt 0.34570 0.39291
vt 0.33185 0.40674
vt 0.35954 0.40676
vt 0.35683 0.32004
vt 0.37066 0.33390
vt 0.37068 0.30622
vt 0.35683 0.32004
vt 0.37068 0.30622
vt 0.34299 0.30619
vt 0.35683 0.32004
vt 0.34299 0.30619
vt 0.34298 0.33387
vt 0.35683 0.32004
vt 0.34298 0.33387
vt 0.37066 0.33390
vt 0.27547 0.05511
vt 0.28931 0.06896
vt 0.28932 0.04128
vt 0.27547 0.05511
vt 0.28932 0.04128
vt 0.26164 0.04125
vt 0.27547 0.05511
vt 0.26164 0.04125
vt 0.26162 0.06893
vt 0.27547 0.05511
vt 0.26162 0.06893
vt 0.28931 0.06896
vt 0.35682 0.18314
vt 0.37065 0.19700
vt 0.37066 0.16931
vt 0.35682 0.18314
vt 0.37066 0.16931
vt 0.34298 0.16929
vt 0.35682 0.18314
vt 0.34298 0.16929
vt 0.34297 0.19697
vt 0.35682 0.18314
vt 0.34297 0.19697
vt 0.37065 0.19700
vt 0.35724 0.06361
vt 0.37107 0.07747
vt 0.37109 0.04978
vt 0.35724 0.06361
vt 0.37109 0.04978
vt 0.34341 0.04976
vt 0.35724 0.06361
vt 0.34341 0.04976
vt 0.34339 0.07744
vt 0.35724 0.06361
vt 0.34339 0.07744
vt 0.37107 0.07747
vt 0.50740 0.33745
vt 0.52124 0.35130
vt 0.52125 0.32362
vt 0.50740 0.33745
vt 0.52125 0.32362
vt 0.49357 0.32359
vt 0.50740 0.33745
vt 0.49357 0.32359
vt 0.49356 0.35127
vt 0.50740 0.33745
vt 0.49356 0.35127
vt 0.52124 0.35130
vt 0.03018 0.06898
vt 0.04402 0.08284
vt 0.04403 0.05515
vt 0.03018 0.06898
vt 0.04403 0.05515
vt 0.01635 0.05513
vt 0.03018 0.06898
vt 0.01635 0.05513
vt 0.01633 0.08281
vt 0.03018 0.06898
vt 0.01633 0.08281
vt 0.04402 0.08284
vt 0.26236 0.87756
vt 0.27619 0.89141
vt 0.27621 0.86373
vt 0.26236 0.87756
vt 0.27621 0.86373
vt 0.24853 0.86370
vt 0.26236 0.87756
vt 0.24853 0.86370
vt 0.24851 0.89139
vt 0.26236 0.87756
vt 0.24851 0.89139
vt 0.27619 0.89141
vt 0.11195 0.05514
vt 0.12578 0.06899
vt 0.12580 0.04131
vt 0.11195 0.05514
vt 0.12580 0.04131
vt 0.09811 0.04128
vt 0.11195 0.05514
vt 0.09811 0.04128
vt 0.09810 0.06897
vt 0.11195 0.05514
vt 0.09810 0.06897
vt 0.12578 0.06899
vt 0.18915 0.87753
vt 0.20299 0.89139
vt 0.20301 0.86370
vt 0.18915 0.87753
vt 0.20301 0.86370
vt 0.17532 0.86368
vt 0.18915 0.87753
vt 0.17532 0.86368
vt 0.17531 0.89136
vt 0.18915 0.87753
vt 0.17531 0.89136
vt 0.20299 0.89139
vt 0.04862 0.18851
vt 0.06246 0.20236
vt 0.06247 0.17468
vt 0.04862 0.18851
vt 0.06247 0.17468
vt 0.03479 0.17466
vt 0.04862 0.18851
vt 0.03479 0.17466
vt 0.03477 0.20234
vt 0.04862 0.18851
vt 0.03477 0.20234
vt 0.06246 0.20236
vt 0.19343 0.17464
vt 0.20726 0.18849
vt 0.20728 0.16081
vt 0.19343 0.17464
vt 0.20728 0.16081
vt 0.17959 0.16078
vt 0.19343 0.17464
vt 0.17959 0.16078
vt 0.17958 0.18847
vt 0.19343 0.17464
vt 0.17958 0.18847
vt 0.20726 0.18849
vt 0.07257 0.32541
vt 0.08641 0.33927
vt 0.08642 0.31159
vt 0.07257 0.32541
vt 0.08642 0.31159
vt 0.05874 0.31156
vt 0.07257 0.32541
vt 0.05874 0.31156
vt 0.05872 0.33924
vt 0.07257 0.32541
vt 0.05872 0.33924
vt 0.08641 0.33927
vt 0.62329 0.69031
vt 0.62329 0.55449
vt 0.62314 0.55434
vt 0.62314 0.69045
vt 0.62329 0.55449
vt 0.75911 0.55451
vt 0.75925 0.55437
vt 0.62314 0.55434
vt 0.68546 0.21957
vt 0.58141 0.21954
vt 0.58126 0.21969
vt 0.68561 0.21972
vt 0.75911 0.55451
vt 0.75911 0.69033
vt 0.75925 0.69047
vt 0.75925 0.55437
vt 0.75156 0.56205
vt 0.75156 0.68278
vt 0.75870 0.68993
vt 0.75871 0.55491
vt 0.74267 0.67389
vt 0.63971 0.67388
vt 0.63154 0.68206
vt 0.75085 0.68207
vt 0.67349 0.20760
vt 0.59337 0.20758
vt 0.58446 0.21649
vt 0.68241 0.21652
vt 0.63083 0.56204
vt 0.75156 0.56205
vt 0.62369 0.55489
vt 0.68546 0.11552
vt 0.68546 0.21957
vt 0.68561 0.21972
vt 0.68561 0.11537
vt 0.67350 0.12748
vt 0.67349 0.20760
vt 0.68241 0.21652
vt 0.68242 0.11856
vt 0.25962 0.34135
vt 0.17894 0.34139
vt 0.17879 0.34154
vt 0.25977 0.34149
vt 0.58141 0.11549
vt 0.68546 0.11552
vt 0.68561 0.11537
vt 0.58126 0.11534
vt 0.68313 0.11785
vt 0.68312 0.21723
vt 0.68506 0.21917
vt 0.68506 0.11592
vt 0.58375 0.21720
vt 0.58375 0.11783
vt 0.58182 0.11590
vt 0.58181 0.21914
vt 0.24767 0.32939
vt 0.19090 0.32940
vt 0.18198 0.33832
vt 0.25657 0.33830
vt 0.58375 0.11783
vt 0.68313 0.11785
vt 0.68506 0.11592
vt 0.58182 0.11590
vt 0.25962 0.26067
vt 0.25962 0.34135
vt 0.25977 0.34149
vt 0.25977 0.26052
vt 0.24767 0.27263
vt 0.24767 0.32939
vt 0.25657 0.33830
vt 0.25657 0.26371
vt 0.39470 0.44471
vt 0.39469 0.50207
vt 0.39484 0.50222
vt 0.39485 0.44457
vt 0.17894 0.26063
vt 0.25962 0.26067
vt 0.25977 0.26052
vt 0.17879 0.26048
vt 0.25728 0.26300
vt 0.25728 0.33901
vt 0.25922 0.34095
vt 0.25922 0.26107
vt 0.18127 0.33904
vt 0.18127 0.26298
vt 0.17934 0.26104
vt 0.17934 0.34098
vt 0.38273 0.45666
vt 0.38272 0.49009
vt 0.39162 0.49900
vt 0.39164 0.44776
vt 0.18127 0.26298
vt 0.25728 0.26300
vt 0.25922 0.26107
vt 0.17934 0.26104
vt 0.33733 0.44466
vt 0.39470 0.44471
vt 0.39485 0.44457
vt 0.33718 0.44451
vt 0.34931 0.45664
vt 0.38273 0.45666
vt 0.39164 0.44776
vt 0.34040 0.44773
vt 0.21061 0.03823
vt 0.21060 0.07203
vt 0.21076 0.07218
vt 0.21076 0.03809
vt 0.33733 0.50203
vt 0.33733 0.44466
vt 0.33718 0.44451
vt 0.33718 0.50217
vt 0.33968 0.44701
vt 0.39235 0.44705
vt 0.39430 0.44511
vt 0.33774 0.44507
vt 0.39234 0.49972
vt 0.33967 0.49968
vt 0.33773 0.50162
vt 0.39428 0.50166
vt 0.33967 0.49968
vt 0.33968 0.44701
vt 0.33774 0.44507
vt 0.33773 0.50162
vt 0.17682 0.03819
vt 0.21061 0.03823
vt 0.21076 0.03809
vt 0.17666 0.03803
vt 0.17681 0.07198
vt 0.17682 0.03819
vt 0.17666 0.03803
vt 0.17666 0.07213
vt 0.17916 0.04053
vt 0.20828 0.04056
vt 0.21021 0.03863
vt 0.17722 0.03859
vt 0.20826 0.06968
vt 0.17915 0.06965
vt 0.17721 0.07158
vt 0.21020 0.07162
vt 0.17915 0.06965
vt 0.17916 0.04053
vt 0.17722 0.03859
vt 0.17721 0.07158
vt 0.19090 0.27262
vt 0.24767 0.27263
vt 0.25657 0.26371
vt 0.18199 0.26370
vt 0.68312 0.21723
vt 0.58375 0.21720
vt 0.58181 0.21914
vt 0.68506 0.21917
vt 0.20828 0.04056
vt 0.20826 0.06968
vt 0.21020 0.07162
vt 0.21021 0.03863
vt 0.19090 0.32940
vt 0.19090 0.27262
vt 0.18199 0.26370
vt 0.18198 0.33832
vt 0.58141 0.21954
vt 0.58141 0.11549
vt 0.58126 0.11534
vt 0.58126 0.21969
vt 0.21060 0.07203
vt 0.17681 0.07198
vt 0.17666 0.07213
vt 0.21076 0.07218
vt 0.59338 0.12746
vt 0.67350 0.12748
vt 0.68242 0.11856
vt 0.58446 0.11855
vt 0.74268 0.57094
vt 0.74267 0.67389
vt 0.75085 0.68207
vt 0.75086 0.56276
vt 0.39235 0.44705
vt 0.39234 0.49972
vt 0.39428 0.50166
vt 0.39430 0.44511
vt 0.59337 0.20758
vt 0.59338 0.12746
vt 0.58446 0.11855
vt 0.58446 0.21649
vt 0.63083 0.68276
vt 0.63083 0.56204
vt 0.62369 0.68991
vt 0.39469 0.50207
vt 0.33733 0.50203
vt 0.33718 0.50217
vt 0.39484 0.50222
vt 0.63972 0.57093
vt 0.74268 0.57094
vt 0.75086 0.56276
vt 0.63154 0.56275
vt 0.34929 0.49006
vt 0.34931 0.45664
vt 0.34040 0.44773
vt 0.34038 0.49897
vt 0.63971 0.67388
vt 0.63972 0.57093
vt 0.63154 0.56275
vt 0.63154 0.68206
vt 0.25728 0.33901
vt 0.18127 0.33904
vt 0.17934 0.34098
vt 0.25922 0.34095
vt 0.38272 0.49009
vt 0.34929 0.49006
vt 0.34038 0.49897
vt 0.39162 0.49900
vt 0.17894 0.34139
vt 0.17894 0.26063
vt 0.17879 0.26048
vt 0.17879 0.34154
vt 0.06915 0.83035
vt 0.06738 0.83035
vt 0.06738 0.99976
vt 0.06915 0.99976
vt 0.07092 0.99976
vt 0.07270 0.99976
vt 0.07270 0.83035
vt 0.07092 0.83035
vt 0.06915 0.99976
vt 0.07092 0.99976
vt 0.07092 0.83035
vt 0.06915 0.83035
vt 0.09356 0.83035
vt 0.09179 0.83035
vt 0.09179 0.99976
vt 0.09356 0.99976
vt 0.09533 0.99976
vt 0.09711 0.99976
vt 0.09711 0.83035
vt 0.09533 0.83035
vt 0.09356 0.99976
vt 0.09533 0.99976
vt 0.09533 0.83035
vt 0.09356 0.83035
vt 0.75870 0.68993
vt 0.62369 0.68991
vt 0.62329 0.69031
vt 0.75911 0.69033
vt 0.75871 0.55491
vt 0.75870 0.68993
vt 0.62369 0.55489
vt 0.75871 0.55491
vt 0.62369 0.68991
vt 0.62369 0.55489
vt 0.62314 0.69045
vt 0.75925 0.69047
vt 0.75085 0.68207
vt 0.63154 0.68206
vt 0.63083 0.68276
vt 0.75156 0.68278
vt 0.75086 0.56276
vt 0.75085 0.68207
vt 0.63154 0.56275
vt 0.75086 0.56276
vt 0.63154 0.68206
vt 0.63154 0.56275
vt 0.68241 0.21652
vt 0.58446 0.21649
vt 0.68242 0.11856
vt 0.68241 0.21652
vt 0.58446 0.11855
vt 0.68242 0.11856
vt 0.58446 0.21649
vt 0.58446 0.11855
vt 0.25657 0.33830
vt 0.18198 0.33832
vt 0.25657 0.26371
vt 0.25657 0.33830
vt 0.18199 0.26370
vt 0.25657 0.26371
vt 0.18198 0.33832
vt 0.18199 0.26370
vt 0.39164 0.44776
vt 0.39162 0.49900
vt 0.34040 0.44773
vt 0.39164 0.44776
vt 0.34038 0.49897
vt 0.34040 0.44773
vt 0.39162 0.49900
vt 0.34038 0.49897
vt 0.20756 0.04128
vt 0.20754 0.06896
vt 0.17988 0.04125
vt 0.20756 0.04128
vt 0.17986 0.06893
vt 0.17988 0.04125
vt 0.20754 0.06896
vt 0.17986 0.06893
vt 0.30874 0.52039
vt 0.30874 0.50652
vt 0.17570 0.50652
vt 0.17570 0.52039
vt 0.16182 0.50652
vt 0.17570 0.50652
vt 0.17570 0.37357
vt 0.16182 0.37357
vt 0.17570 0.35970
vt 0.17570 0.37357
vt 0.30874 0.37357
vt 0.30874 0.35970
vt 0.32262 0.37357
vt 0.30874 0.37357
vt 0.30874 0.50652
vt 0.32262 0.50652
vt 0.17570 0.37357
vt 0.17570 0.50652
vt 0.30874 0.50652
vt 0.30874 0.37357
vt 0.16101 0.35875
vt 0.16101 0.22293
vt 0.16086 0.22279
vt 0.16086 0.35890
vt 0.16101 0.22293
vt 0.29683 0.22295
vt 0.29697 0.22281
vt 0.16086 0.22279
vt 0.99791 0.31146
vt 0.89385 0.31143
vt 0.89371 0.31158
vt 0.99805 0.31161
vt 0.29683 0.22295
vt 0.29683 0.35877
vt 0.29697 0.35892
vt 0.29697 0.22281
vt 0.28928 0.23050
vt 0.28928 0.35122
vt 0.29643 0.35837
vt 0.29643 0.22335
vt 0.28039 0.34233
vt 0.17744 0.34232
vt 0.16926 0.35050
vt 0.28857 0.35052
vt 0.98594 0.29949
vt 0.90582 0.29948
vt 0.89690 0.30839
vt 0.99485 0.30840
vt 0.16856 0.23048
vt 0.28928 0.23050
vt 0.16141 0.22333
vt 0.99791 0.20741
vt 0.99791 0.31146
vt 0.99805 0.31161
vt 0.99805 0.20726
vt 0.98595 0.21937
vt 0.98594 0.29949
vt 0.99485 0.30840
vt 0.99486 0.21045
vt 0.48990 0.09342
vt 0.40921 0.09346
vt 0.40907 0.09361
vt 0.49005 0.09357
vt 0.89386 0.20738
vt 0.99791 0.20741
vt 0.99805 0.20726
vt 0.89371 0.20723
vt 0.99557 0.20974
vt 0.99556 0.30912
vt 0.99750 0.31106
vt 0.99751 0.20781
vt 0.89619 0.30910
vt 0.89620 0.20973
vt 0.89426 0.20779
vt 0.89426 0.31103
vt 0.47794 0.08147
vt 0.42117 0.08147
vt 0.41226 0.09039
vt 0.48685 0.09037
vt 0.89620 0.20973
vt 0.99557 0.20974
vt 0.99751 0.20781
vt 0.89426 0.20779
vt 0.48990 0.01274
vt 0.48990 0.09342
vt 0.49005 0.09357
vt 0.49005 0.01259
vt 0.47794 0.02470
vt 0.47794 0.08147
vt 0.48685 0.09037
vt 0.48685 0.01579
vt 0.63129 0.03617
vt 0.63129 0.09353
vt 0.63143 0.09368
vt 0.63144 0.03602
vt 0.40921 0.01270
vt 0.48990 0.01274
vt 0.49005 0.01259
vt 0.40907 0.01255
vt 0.48756 0.01508
vt 0.48756 0.09108
vt 0.48950 0.09302
vt 0.48950 0.01314
vt 0.41155 0.09111
vt 0.41155 0.01506
vt 0.40961 0.01311
vt 0.40961 0.09305
vt 0.61932 0.04812
vt 0.61931 0.08154
vt 0.62822 0.09046
vt 0.62824 0.03922
vt 0.41155 0.01506
vt 0.48756 0.01508
vt 0.48950 0.01314
vt 0.40961 0.01311
vt 0.57393 0.03612
vt 0.63129 0.03617
vt 0.63144 0.03602
vt 0.57378 0.03597
vt 0.58590 0.04810
vt 0.61932 0.04812
vt 0.62824 0.03922
vt 0.57700 0.03919
vt 0.36260 0.37603
vt 0.36260 0.40983
vt 0.36275 0.40998
vt 0.36275 0.37589
vt 0.57393 0.09348
vt 0.57393 0.03612
vt 0.57378 0.03597
vt 0.57378 0.09363
vt 0.57628 0.03847
vt 0.62895 0.03851
vt 0.63089 0.03657
vt 0.57434 0.03653
vt 0.62894 0.09118
vt 0.57627 0.09114
vt 0.57433 0.09308
vt 0.63088 0.09312
vt 0.57627 0.09114
vt 0.57628 0.03847
vt 0.57434 0.03653
vt 0.57433 0.09308
vt 0.32881 0.37599
vt 0.36260 0.37603
vt 0.36275 0.37589
vt 0.32866 0.37584
vt 0.32880 0.40978
vt 0.32881 0.37599
vt 0.32866 0.37584
vt 0.32866 0.40993
vt 0.33115 0.37833
vt 0.36027 0.37836
vt 0.36220 0.37643
vt 0.32921 0.37639
vt 0.36026 0.40748
vt 0.33114 0.40745
vt 0.32921 0.40938
vt 0.36219 0.40942
vt 0.33114 0.40745
vt 0.33115 0.37833
vt 0.32921 0.37639
vt 0.32921 0.40938
vt 0.42117 0.02469
vt 0.47794 0.02470
vt 0.48685 0.01579
vt 0.41226 0.01577
vt 0.99556 0.30912
vt 0.89619 0.30910
vt 0.89426 0.31103
vt 0.99750 0.31106
vt 0.36027 0.37836
vt 0.36026 0.40748
vt 0.36219 0.40942
vt 0.36220 0.37643
vt 0.42117 0.08147
vt 0.42117 0.02469
vt 0.41226 0.01577
vt 0.41226 0.09039
vt 0.89385 0.31143
vt 0.89386 0.20738
vt 0.89371 0.20723
vt 0.89371 0.31158
vt 0.36260 0.40983
vt 0.32880 0.40978
vt 0.32866 0.40993
vt 0.36275 0.40998
vt 0.90583 0.21935
vt 0.98595 0.21937
vt 0.99486 0.21045
vt 0.89691 0.21044
vt 0.28040 0.23938
vt 0.28039 0.34233
vt 0.28857 0.35052
vt 0.28858 0.23120
vt 0.62895 0.03851
vt 0.62894 0.09118
vt 0.63088 0.09312
vt 0.63089 0.03657
vt 0.90582 0.29948
vt 0.90583 0.21935
vt 0.89691 0.21044
vt 0.89690 0.30839
vt 0.16856 0.35120
vt 0.16856 0.23048
vt 0.16141 0.35835
vt 0.63129 0.09353
vt 0.57393 0.09348
vt 0.57378 0.09363
vt 0.63143 0.09368
vt 0.17744 0.23937
vt 0.28040 0.23938
vt 0.28858 0.23120
vt 0.16926 0.23119
vt 0.58588 0.08152
vt 0.58590 0.04810
vt 0.57700 0.03919
vt 0.57698 0.09043
vt 0.17744 0.34232
vt 0.17744 0.23937
vt 0.16926 0.23119
vt 0.16926 0.35050
vt 0.48756 0.09108
vt 0.41155 0.09111
vt 0.40961 0.09305
vt 0.48950 0.09302
vt 0.61931 0.08154
vt 0.58588 0.08152
vt 0.57698 0.09043
vt 0.62822 0.09046
vt 0.40921 0.09346
vt 0.40921 0.01270
vt 0.40907 0.01255
vt 0.40907 0.09361
vt 0.09966 0.83035
vt 0.09789 0.83035
vt 0.09789 0.99976
vt 0.09966 0.99976
vt 0.10144 0.99976
vt 0.10321 0.99976
vt 0.10321 0.83035
vt 0.10144 0.83035
vt 0.09966 0.99976
vt 0.10144 0.99976
vt 0.10144 0.83035
vt 0.09966 0.83035
vt 0.03864 0.83035
vt 0.03686 0.83035
vt 0.03686 0.99976
vt 0.03864 0.99976
vt 0.04041 0.99976
vt 0.04218 0.99976
vt 0.04218 0.83035
vt 0.04041 0.83035
vt 0.03864 0.99976
vt 0.04041 0.99976
vt 0.04041 0.83035
vt 0.03864 0.83035
vt 0.29643 0.35837
vt 0.16141 0.35835
vt 0.16101 0.35875
vt 0.29683 0.35877
vt 0.29643 0.22335
vt 0.29643 0.35837
vt 0.16141 0.22333
vt 0.29643 0.22335
vt 0.16141 0.35835
vt 0.16141 0.22333
vt 0.16086 0.35890
vt 0.29697 0.35892
vt 0.28857 0.35052
vt 0.16926 0.35050
vt 0.16856 0.35120
vt 0.28928 0.35122
vt 0.28858 0.23120
vt 0.28857 0.35052
vt 0.16926 0.23119
vt 0.28858 0.23120
vt 0.16926 0.35050
vt 0.16926 0.23119
vt 0.99485 0.30840
vt 0.89690 0.30839
vt 0.99486 0.21045
vt 0.99485 0.30840
vt 0.89691 0.21044
vt 0.99486 0.21045
vt 0.89690 0.30839
vt 0.89691 0.21044
vt 0.48685 0.09037
vt 0.41226 0.09039
vt 0.48685 0.01579
vt 0.48685 0.09037
vt 0.41226 0.01577
vt 0.48685 0.01579
vt 0.41226 0.09039
vt 0.41226 0.01577
vt 0.62824 0.03922
vt 0.62822 0.09046
vt 0.57700 0.03919
vt 0.62824 0.03922
vt 0.57698 0.09043
vt 0.57700 0.03919
vt 0.62822 0.09046
vt 0.57698 0.09043
vt 0.35955 0.37908
vt 0.35954 0.40676
vt 0.33187 0.37905
vt 0.35955 0.37908
vt 0.33185 0.40674
vt 0.33187 0.37905
vt 0.35954 0.40676
vt 0.33185 0.40674
vt 0.14717 0.53426
vt 0.14717 0.52039
vt 0.01412 0.52039
vt 0.01412 0.53426
vt 0.00024 0.52039
vt 0.01412 0.52039
vt 0.01412 0.38745
vt 0.00024 0.38745
vt 0.01412 0.37357
vt 0.01412 0.38745
vt 0.14717 0.38745
vt 0.14717 0.37357
vt 0.16104 0.38745
vt 0.14717 0.38745
vt 0.14717 0.52039
vt 0.16104 0.52039
vt 0.01412 0.38745
vt 0.01412 0.52039
vt 0.14717 0.52039
vt 0.14717 0.38745
vt 0.30967 0.36726
vt 0.30967 0.23144
vt 0.30953 0.23129
vt 0.30953 0.36740
vt 0.30967 0.23144
vt 0.44549 0.23146
vt 0.44564 0.23131
vt 0.30953 0.23129
vt 0.99623 0.10729
vt 0.89218 0.10726
vt 0.89203 0.10740
vt 0.99638 0.10743
vt 0.44549 0.23146
vt 0.44549 0.36728
vt 0.44564 0.36742
vt 0.44564 0.23131
vt 0.43795 0.23900
vt 0.43794 0.35973
vt 0.44509 0.36687
vt 0.44509 0.23186
vt 0.42906 0.35084
vt 0.32610 0.35083
vt 0.31792 0.35901
vt 0.43724 0.35902
vt 0.98427 0.09531
vt 0.90414 0.09530
vt 0.89523 0.10421
vt 0.99318 0.10423
vt 0.31722 0.23899
vt 0.43795 0.23900
vt 0.31008 0.23184
vt 0.99624 0.00323
vt 0.99623 0.10729
vt 0.99638 0.10743
vt 0.99638 0.00309
vt 0.98428 0.01519
vt 0.98427 0.09531
vt 0.99318 0.10423
vt 0.99319 0.00628
vt 0.40814 0.09342
vt 0.32745 0.09346
vt 0.32730 0.09361
vt 0.40828 0.09357
vt 0.89218 0.00321
vt 0.99624 0.00323
vt 0.99638 0.00309
vt 0.89203 0.00306
vt 0.99390 0.00557
vt 0.99389 0.10494
vt 0.99583 0.10688
vt 0.99583 0.00363
vt 0.89452 0.10492
vt 0.89452 0.00555
vt 0.89259 0.00361
vt 0.89258 0.10686
vt 0.39618 0.08147
vt 0.33941 0.08147
vt 0.33050 0.09039
vt 0.40509 0.09037
vt 0.89452 0.00555
vt 0.99390 0.00557
vt 0.99583 0.00363
vt 0.89259 0.00361
vt 0.40814 0.01274
vt 0.40814 0.09342
vt 0.40828 0.09357
vt 0.40828 0.01259
vt 0.39618 0.02470
vt 0.39618 0.08147
vt 0.40509 0.09037
vt 0.40509 0.01579
vt 0.96143 0.73198
vt 0.96142 0.78934
vt 0.96157 0.78949
vt 0.96157 0.73184
vt 0.32745 0.01270
vt 0.40814 0.01274
vt 0.40828 0.01259
vt 0.32730 0.01255
vt 0.40580 0.01508
vt 0.40580 0.09108
vt 0.40773 0.09302
vt 0.40773 0.01314
vt 0.32979 0.09111
vt 0.32979 0.01506
vt 0.32785 0.01311
vt 0.32785 0.09305
vt 0.94946 0.74393
vt 0.94945 0.77736
vt 0.95836 0.78627
vt 0.95837 0.73503
vt 0.32979 0.01506
vt 0.40580 0.01508
vt 0.40773 0.01314
vt 0.32785 0.01311
vt 0.90406 0.73193
vt 0.96143 0.73198
vt 0.96157 0.73184
vt 0.90391 0.73178
vt 0.91603 0.74391
vt 0.94946 0.74393
vt 0.95837 0.73503
vt 0.90713 0.73500
vt 0.37373 0.30317
vt 0.37372 0.33697
vt 0.37387 0.33712
vt 0.37387 0.30302
vt 0.90406 0.78930
vt 0.90406 0.73193
vt 0.90391 0.73178
vt 0.90391 0.78944
vt 0.90641 0.73428
vt 0.95908 0.73432
vt 0.96102 0.73239
vt 0.90447 0.73234
vt 0.95907 0.78699
vt 0.90640 0.78696
vt 0.90446 0.78889
vt 0.96101 0.78893
vt 0.90640 0.78696
vt 0.90641 0.73428
vt 0.90447 0.73234
vt 0.90446 0.78889
vt 0.33993 0.30312
vt 0.37373 0.30317
vt 0.37387 0.30302
vt 0.33978 0.30297
vt 0.33993 0.33692
vt 0.33993 0.30312
vt 0.33978 0.30297
vt 0.33978 0.33706
vt 0.34227 0.30547
vt 0.37139 0.30550
vt 0.37332 0.30357
vt 0.34034 0.30353
vt 0.37138 0.33462
vt 0.34226 0.33459
vt 0.34033 0.33652
vt 0.37332 0.33656
vt 0.34226 0.33459
vt 0.34227 0.30547
vt 0.34034 0.30353
vt 0.34033 0.33652
vt 0.33941 0.02469
vt 0.39618 0.02470
vt 0.40509 0.01579
vt 0.33050 0.01577
vt 0.99389 0.10494
vt 0.89452 0.10492
vt 0.89258 0.10686
vt 0.99583 0.10688
vt 0.37139 0.30550
vt 0.37138 0.33462
vt 0.37332 0.33656
vt 0.37332 0.30357
vt 0.33941 0.08147
vt 0.33941 0.02469
vt 0.33050 0.01577
vt 0.33050 0.09039
vt 0.89218 0.10726
vt 0.89218 0.00321
vt 0.89203 0.00306
vt 0.89203 0.10740
vt 0.37372 0.33697
vt 0.33993 0.33692
vt 0.33978 0.33706
vt 0.37387 0.33712
vt 0.90415 0.01518
vt 0.98428 0.01519
vt 0.99319 0.00628
vt 0.89524 0.00626
vt 0.42906 0.24788
vt 0.42906 0.35084
vt 0.43724 0.35902
vt 0.43724 0.23971
vt 0.95908 0.73432
vt 0.95907 0.78699
vt 0.96101 0.78893
vt 0.96102 0.73239
vt 0.90414 0.09530
vt 0.90415 0.01518
vt 0.89524 0.00626
vt 0.89523 0.10421
vt 0.31722 0.35971
vt 0.31722 0.23899
vt 0.31007 0.36686
vt 0.96142 0.78934
vt 0.90406 0.78930
vt 0.90391 0.78944
vt 0.96157 0.78949
vt 0.32611 0.24787
vt 0.42906 0.24788
vt 0.43724 0.23971
vt 0.31793 0.23969
vt 0.91602 0.77734
vt 0.91603 0.74391
vt 0.90713 0.73500
vt 0.90711 0.78625
vt 0.32610 0.35083
vt 0.32611 0.24787
vt 0.31793 0.23969
vt 0.31792 0.35901
vt 0.40580 0.09108
vt 0.32979 0.09111
vt 0.32785 0.09305
vt 0.40773 0.09302
vt 0.94945 0.77736
vt 0.91602 0.77734
vt 0.90711 0.78625
vt 0.95836 0.78627
vt 0.32745 0.09346
vt 0.32745 0.01270
vt 0.32730 0.01255
vt 0.32730 0.09361
vt 0.02033 0.83035
vt 0.01855 0.83035
vt 0.01855 0.99976
vt 0.02033 0.99976
vt 0.02210 0.99976
vt 0.02387 0.99976
vt 0.02387 0.83035
vt 0.02210 0.83035
vt 0.02033 0.99976
vt 0.02210 0.99976
vt 0.02210 0.83035
vt 0.02033 0.83035
vt 0.05084 0.83035
vt 0.04907 0.83035
vt 0.04907 0.99976
vt 0.05084 0.99976
vt 0.05261 0.99976
vt 0.05439 0.99976
vt 0.05439 0.83035
vt 0.05261 0.83035
vt 0.05084 0.99976
vt 0.05261 0.99976
vt 0.05261 0.83035
vt 0.05084 0.83035
vt 0.44509 0.36687
vt 0.31007 0.36686
vt 0.30967 0.36726
vt 0.44549 0.36728
vt 0.44509 0.23186
vt 0.44509 0.36687
vt 0.31008 0.23184
vt 0.44509 0.23186
vt 0.31007 0.36686
vt 0.31008 0.23184
vt 0.30953 0.36740
vt 0.44564 0.36742
vt 0.43724 0.35902
vt 0.31792 0.35901
vt 0.31722 0.35971
vt 0.43794 0.35973
vt 0.43724 0.23971
vt 0.43724 0.35902
vt 0.31793 0.23969
vt 0.43724 0.23971
vt 0.31792 0.35901
vt 0.31793 0.23969
vt 0.99318 0.10423
vt 0.89523 0.10421
vt 0.99319 0.00628
vt 0.99318 0.10423
vt 0.89524 0.00626
vt 0.99319 0.00628
vt 0.89523 0.10421
vt 0.89524 0.00626
vt 0.40509 0.09037
vt 0.33050 0.09039
vt 0.40509 0.01579
vt 0.40509 0.09037
vt 0.33050 0.01577
vt 0.40509 0.01579
vt 0.33050 0.09039
vt 0.33050 0.01577
vt 0.95837 0.73503
vt 0.95836 0.78627
vt 0.90713 0.73500
vt 0.95837 0.73503
vt 0.90711 0.78625
vt 0.90713 0.73500
vt 0.95836 0.78627
vt 0.90711 0.78625
vt 0.37068 0.30622
vt 0.37066 0.33390
vt 0.34299 0.30619
vt 0.37068 0.30622
vt 0.34298 0.33387
vt 0.34299 0.30619
vt 0.37066 0.33390
vt 0.34298 0.33387
vt 0.46167 0.67660
vt 0.47554 0.67660
vt 0.47554 0.54355
vt 0.46167 0.54355
vt 0.47554 0.52968
vt 0.47554 0.54355
vt 0.60848 0.54355
vt 0.60848 0.52968
vt 0.62236 0.54355
vt 0.60848 0.54355
vt 0.60848 0.67660
vt 0.62236 0.67660
vt 0.60848 0.69047
vt 0.60848 0.67660
vt 0.47554 0.67660
vt 0.47554 0.69047
vt 0.60848 0.54355
vt 0.47554 0.54355
vt 0.47554 0.67660
vt 0.60848 0.67660
vt 0.62307 0.99959
vt 0.62307 0.86377
vt 0.62293 0.86362
vt 0.62293 0.99973
vt 0.62307 0.86377
vt 0.75889 0.86379
vt 0.75904 0.86365
vt 0.62293 0.86362
vt 0.85971 0.00321
vt 0.85969 0.10726
vt 0.85983 0.10740
vt 0.85986 0.00306
vt 0.75889 0.86379
vt 0.75889 0.99961
vt 0.75904 0.99976
vt 0.75904 0.86365
vt 0.75135 0.87134
vt 0.75134 0.99206
vt 0.75849 0.99921
vt 0.75849 0.86419
vt 0.74246 0.98317
vt 0.63950 0.98316
vt 0.63132 0.99134
vt 0.75064 0.99135
vt 0.84774 0.01517
vt 0.84773 0.09530
vt 0.85664 0.10421
vt 0.85666 0.00626
vt 0.63062 0.87132
vt 0.75135 0.87134
vt 0.62348 0.86417
vt 0.75566 0.00320
vt 0.85971 0.00321
vt 0.85986 0.00306
vt 0.75551 0.00306
vt 0.76762 0.01516
vt 0.84774 0.01517
vt 0.85666 0.00626
vt 0.75871 0.00625
vt 0.40771 0.21295
vt 0.32702 0.21299
vt 0.32688 0.21315
vt 0.40786 0.21310
vt 0.75564 0.10726
vt 0.75566 0.00320
vt 0.75551 0.00306
vt 0.75549 0.10740
vt 0.75800 0.00554
vt 0.85737 0.00555
vt 0.85931 0.00361
vt 0.75606 0.00361
vt 0.85735 0.10492
vt 0.75798 0.10491
vt 0.75604 0.10685
vt 0.85928 0.10686
vt 0.39575 0.20100
vt 0.33898 0.20100
vt 0.33007 0.20992
vt 0.40466 0.20990
vt 0.75798 0.10491
vt 0.75800 0.00554
vt 0.75606 0.00361
vt 0.75604 0.10685
vt 0.40771 0.13227
vt 0.40771 0.21295
vt 0.40786 0.21310
vt 0.40786 0.13213
vt 0.39575 0.14423
vt 0.39575 0.20100
vt 0.40466 0.20990
vt 0.40466 0.13532
vt 0.87794 0.65112
vt 0.87793 0.70847
vt 0.87808 0.70862
vt 0.87808 0.65097
vt 0.32702 0.13223
vt 0.40771 0.13227
vt 0.40786 0.13213
vt 0.32688 0.13208
vt 0.40537 0.13461
vt 0.40537 0.21061
vt 0.40731 0.21255
vt 0.40731 0.13267
vt 0.32936 0.21064
vt 0.32936 0.13459
vt 0.32743 0.13264
vt 0.32743 0.21258
vt 0.86596 0.66306
vt 0.86595 0.69649
vt 0.87486 0.70541
vt 0.87488 0.65417
vt 0.32936 0.13459
vt 0.40537 0.13461
vt 0.40731 0.13267
vt 0.32743 0.13264
vt 0.82057 0.65106
vt 0.87794 0.65112
vt 0.87808 0.65097
vt 0.82042 0.65091
vt 0.83254 0.66305
vt 0.86596 0.66306
vt 0.87488 0.65417
vt 0.82364 0.65413
vt 0.29237 0.03823
vt 0.29237 0.07203
vt 0.29252 0.07218
vt 0.29252 0.03809
vt 0.82057 0.70843
vt 0.82057 0.65106
vt 0.82042 0.65091
vt 0.82042 0.70858
vt 0.82292 0.65342
vt 0.87559 0.65346
vt 0.87753 0.65152
vt 0.82098 0.65147
vt 0.87558 0.70612
vt 0.82291 0.70609
vt 0.82097 0.70803
vt 0.87752 0.70807
vt 0.82291 0.70609
vt 0.82292 0.65342
vt 0.82098 0.65147
vt 0.82097 0.70803
vt 0.25858 0.03819
vt 0.29237 0.03823
vt 0.29252 0.03809
vt 0.25843 0.03803
vt 0.25857 0.07198
vt 0.25858 0.03819
vt 0.25843 0.03803
vt 0.25843 0.07213
vt 0.26092 0.04053
vt 0.29004 0.04056
vt 0.29197 0.03863
vt 0.25899 0.03859
vt 0.29003 0.06968
vt 0.26091 0.06965
vt 0.25898 0.07158
vt 0.29196 0.07162
vt 0.26091 0.06965
vt 0.26092 0.04053
vt 0.25899 0.03859
vt 0.25898 0.07158
vt 0.33899 0.14422
vt 0.39575 0.14423
vt 0.40466 0.13532
vt 0.33007 0.13530
vt 0.85737 0.00555
vt 0.85735 0.10492
vt 0.85928 0.10686
vt 0.85931 0.00361
vt 0.29004 0.04056
vt 0.29003 0.06968
vt 0.29196 0.07162
vt 0.29197 0.03863
vt 0.33898 0.20100
vt 0.33899 0.14422
vt 0.33007 0.13530
vt 0.33007 0.20992
vt 0.85969 0.10726
vt 0.75564 0.10726
vt 0.75549 0.10740
vt 0.85983 0.10740
vt 0.29237 0.07203
vt 0.25857 0.07198
vt 0.25843 0.07213
vt 0.29252 0.07218
vt 0.76761 0.09529
vt 0.76762 0.01516
vt 0.75871 0.00625
vt 0.75869 0.10420
vt 0.74246 0.88022
vt 0.74246 0.98317
vt 0.75064 0.99135
vt 0.75064 0.87204
vt 0.87559 0.65346
vt 0.87558 0.70612
vt 0.87752 0.70807
vt 0.87753 0.65152
vt 0.84773 0.09530
vt 0.76761 0.09529
vt 0.75869 0.10420
vt 0.85664 0.10421
vt 0.63062 0.99204
vt 0.63062 0.87132
vt 0.62347 0.99919
vt 0.87793 0.70847
vt 0.82057 0.70843
vt 0.82042 0.70858
vt 0.87808 0.70862
vt 0.63951 0.88021
vt 0.74246 0.88022
vt 0.75064 0.87204
vt 0.63133 0.87203
vt 0.83253 0.69647
vt 0.83254 0.66305
vt 0.82364 0.65413
vt 0.82362 0.70538
vt 0.63950 0.98316
vt 0.63951 0.88021
vt 0.63133 0.87203
vt 0.63132 0.99134
vt 0.40537 0.21061
vt 0.32936 0.21064
vt 0.32743 0.21258
vt 0.40731 0.21255
vt 0.86595 0.69649
vt 0.83253 0.69647
vt 0.82362 0.70538
vt 0.87486 0.70541
vt 0.32702 0.21299
vt 0.32702 0.13223
vt 0.32688 0.13208
vt 0.32688 0.21315
vt 0.02643 0.83035
vt 0.02466 0.83035
vt 0.02466 0.99976
vt 0.02643 0.99976
vt 0.02820 0.99976
vt 0.02998 0.99976
vt 0.02998 0.83035
vt 0.02820 0.83035
vt 0.02643 0.99976
vt 0.02820 0.99976
vt 0.02820 0.83035
vt 0.02643 0.83035
vt 0.05694 0.83035
vt 0.05517 0.83035
vt 0.05517 0.99976
vt 0.05694 0.99976
vt 0.05872 0.99976
vt 0.06049 0.99976
vt 0.06049 0.83035
vt 0.05872 0.83035
vt 0.05694 0.99976
vt 0.05872 0.99976
vt 0.05872 0.83035
vt 0.05694 0.83035
vt 0.75849 0.99921
vt 0.62347 0.99919
vt 0.62307 0.99959
vt 0.75889 0.99961
vt 0.75849 0.86419
vt 0.75849 0.99921
vt 0.62348 0.86417
vt 0.75849 0.86419
vt 0.62347 0.99919
vt 0.62348 0.86417
vt 0.62293 0.99973
vt 0.75904 0.99976
vt 0.75064 0.99135
vt 0.63132 0.99134
vt 0.63062 0.99204
vt 0.75134 0.99206
vt 0.75064 0.87204
vt 0.75064 0.99135
vt 0.63133 0.87203
vt 0.75064 0.87204
vt 0.63132 0.99134
vt 0.63133 0.87203
vt 0.85666 0.00626
vt 0.85664 0.10421
vt 0.75871 0.00625
vt 0.85666 0.00626
vt 0.75869 0.10420
vt 0.75871 0.00625
vt 0.85664 0.10421
vt 0.75869 0.10420
vt 0.40466 0.20990
vt 0.33007 0.20992
vt 0.40466 0.13532
vt 0.40466 0.20990
vt 0.33007 0.13530
vt 0.40466 0.13532
vt 0.33007 0.20992
vt 0.33007 0.13530
vt 0.87488 0.65417
vt 0.87486 0.70541
vt 0.82364 0.65413
vt 0.87488 0.65417
vt 0.82362 0.70538
vt 0.82364 0.65413
vt 0.87486 0.70541
vt 0.82362 0.70538
vt 0.28932 0.04128
vt 0.28931 0.06896
vt 0.26164 0.04125
vt 0.28932 0.04128
vt 0.26162 0.06893
vt 0.26164 0.04125
vt 0.28931 0.06896
vt 0.26162 0.06893
vt 0.58084 0.52889
vt 0.58084 0.51502
vt 0.44780 0.51502
vt 0.44780 0.52889
vt 0.43392 0.51502
vt 0.44780 0.51502
vt 0.44780 0.38208
vt 0.43392 0.38208
vt 0.44780 0.36821
vt 0.44780 0.38208
vt 0.58084 0.38208
vt 0.58084 0.36821
vt 0.59472 0.38208
vt 0.58084 0.38208
vt 0.58084 0.51502
vt 0.59472 0.51502
vt 0.44780 0.38208
vt 0.44780 0.51502
vt 0.58084 0.51502
vt 0.58084 0.38208
vt 0.02411 0.37262
vt 0.02411 0.23681
vt 0.02397 0.23666
vt 0.02397 0.37277
vt 0.02411 0.23681
vt 0.15993 0.23683
vt 0.16008 0.23668
vt 0.02397 0.23666
vt 0.42760 0.51498
vt 0.32355 0.51495
vt 0.32340 0.51510
vt 0.42775 0.51513
vt 0.15993 0.23683
vt 0.15993 0.37265
vt 0.16008 0.37279
vt 0.16008 0.23668
vt 0.15239 0.24437
vt 0.15239 0.36510
vt 0.15953 0.37224
vt 0.15954 0.23723
vt 0.14350 0.35621
vt 0.04054 0.35620
vt 0.03237 0.36438
vt 0.15168 0.36439
vt 0.41563 0.50301
vt 0.33551 0.50300
vt 0.32659 0.51191
vt 0.42454 0.51193
vt 0.03167 0.24436
vt 0.15239 0.24437
vt 0.02452 0.23721
vt 0.42760 0.41093
vt 0.42760 0.51498
vt 0.42775 0.51513
vt 0.42775 0.41078
vt 0.41564 0.42289
vt 0.41563 0.50301
vt 0.42454 0.51193
vt 0.42455 0.41397
vt 0.24461 0.08491
vt 0.16392 0.08496
vt 0.16377 0.08511
vt 0.24475 0.08506
vt 0.32355 0.41090
vt 0.42760 0.41093
vt 0.42775 0.41078
vt 0.32340 0.41075
vt 0.42526 0.41326
vt 0.42526 0.51264
vt 0.42719 0.51458
vt 0.42720 0.41133
vt 0.32588 0.51261
vt 0.32589 0.41324
vt 0.32395 0.41131
vt 0.32395 0.51455
vt 0.23265 0.07296
vt 0.17588 0.07297
vt 0.16697 0.08189
vt 0.24156 0.08187
vt 0.32589 0.41324
vt 0.42526 0.41326
vt 0.42720 0.41133
vt 0.32395 0.41131
vt 0.24461 0.00423
vt 0.24461 0.08491
vt 0.24475 0.08506
vt 0.24475 0.00409
vt 0.23265 0.01619
vt 0.23265 0.07296
vt 0.24156 0.08187
vt 0.24156 0.00728
vt 0.72143 0.04419
vt 0.72142 0.10155
vt 0.72157 0.10170
vt 0.72157 0.04404
vt 0.16392 0.00420
vt 0.24461 0.00423
vt 0.24475 0.00409
vt 0.16377 0.00405
vt 0.24227 0.00657
vt 0.24227 0.08258
vt 0.24420 0.08451
vt 0.24420 0.00464
vt 0.16626 0.08260
vt 0.16626 0.00655
vt 0.16432 0.00461
vt 0.16432 0.08455
vt 0.70945 0.05614
vt 0.70944 0.08956
vt 0.71835 0.09848
vt 0.71837 0.04724
vt 0.16626 0.00655
vt 0.24227 0.00657
vt 0.24420 0.00464
vt 0.16432 0.00461
vt 0.66406 0.04414
vt 0.72143 0.04419
vt 0.72157 0.04404
vt 0.66391 0.04399
vt 0.67603 0.05612
vt 0.70945 0.05614
vt 0.71837 0.04724
vt 0.66713 0.04721
vt 0.37371 0.16627
vt 0.37371 0.20006
vt 0.37386 0.20021
vt 0.37386 0.16612
vt 0.66406 0.10150
vt 0.66406 0.04414
vt 0.66391 0.04399
vt 0.66391 0.10165
vt 0.66641 0.04649
vt 0.71908 0.04653
vt 0.72102 0.04459
vt 0.66447 0.04455
vt 0.71907 0.09920
vt 0.66640 0.09916
vt 0.66446 0.10110
vt 0.72101 0.10114
vt 0.66640 0.09916
vt 0.66641 0.04649
vt 0.66447 0.04455
vt 0.66446 0.10110
vt 0.33992 0.16622
vt 0.37371 0.16627
vt 0.37386 0.16612
vt 0.33977 0.16607
vt 0.33992 0.20002
vt 0.33992 0.16622
vt 0.33977 0.16607
vt 0.33977 0.20016
vt 0.34226 0.16857
vt 0.37138 0.16860
vt 0.37331 0.16667
vt 0.34033 0.16663
vt 0.37137 0.19772
vt 0.34225 0.19769
vt 0.34032 0.19962
vt 0.37330 0.19966
vt 0.34225 0.19769
vt 0.34226 0.16857
vt 0.34033 0.16663
vt 0.34032 0.19962
vt 0.17588 0.01618
vt 0.23265 0.01619
vt 0.24156 0.00728
vt 0.16697 0.00727
vt 0.42526 0.51264
vt 0.32588 0.51261
vt 0.32395 0.51455
vt 0.42719 0.51458
vt 0.37138 0.16860
vt 0.37137 0.19772
vt 0.37330 0.19966
vt 0.37331 0.16667
vt 0.17588 0.07297
vt 0.17588 0.01618
vt 0.16697 0.00727
vt 0.16697 0.08189
vt 0.32355 0.51495
vt 0.32355 0.41090
vt 0.32340 0.41075
vt 0.32340 0.51510
vt 0.37371 0.20006
vt 0.33992 0.20002
vt 0.33977 0.20016
vt 0.37386 0.20021
vt 0.33552 0.42287
vt 0.41564 0.42289
vt 0.42455 0.41397
vt 0.32660 0.41396
vt 0.14351 0.25325
vt 0.14350 0.35621
vt 0.15168 0.36439
vt 0.15168 0.24508
vt 0.71908 0.04653
vt 0.71907 0.09920
vt 0.72101 0.10114
vt 0.72102 0.04459
vt 0.33551 0.50300
vt 0.33552 0.42287
vt 0.32660 0.41396
vt 0.32659 0.51191
vt 0.03166 0.36508
vt 0.03167 0.24436
vt 0.02452 0.37222
vt 0.72142 0.10155
vt 0.66406 0.10150
vt 0.66391 0.10165
vt 0.72157 0.10170
vt 0.04055 0.25324
vt 0.14351 0.25325
vt 0.15168 0.24508
vt 0.03237 0.24506
vt 0.67602 0.08954
vt 0.67603 0.05612
vt 0.66713 0.04721
vt 0.66711 0.09845
vt 0.04054 0.35620
vt 0.04055 0.25324
vt 0.03237 0.24506
vt 0.03237 0.36438
vt 0.24227 0.08258
vt 0.16626 0.08260
vt 0.16432 0.08455
vt 0.24420 0.08451
vt 0.70944 0.08956
vt 0.67602 0.08954
vt 0.66711 0.09845
vt 0.71835 0.09848
vt 0.16392 0.08496
vt 0.16392 0.00420
vt 0.16377 0.00405
vt 0.16377 0.08511
vt 0.01422 0.83035
vt 0.01245 0.83035
vt 0.01245 0.99976
vt 0.01422 0.99976
vt 0.01600 0.99976
vt 0.01777 0.99976
vt 0.01777 0.83035
vt 0.01600 0.83035
vt 0.01422 0.99976
vt 0.01600 0.99976
vt 0.01600 0.83035
vt 0.01422 0.83035
vt 0.04474 0.83035
vt 0.04296 0.83035
vt 0.04296 0.99976
vt 0.04474 0.99976
vt 0.04651 0.99976
vt 0.04828 0.99976
vt 0.04828 0.83035
vt 0.04651 0.83035
vt 0.04474 0.99976
vt 0.04651 0.99976
vt 0.04651 0.83035
vt 0.04474 0.83035
vt 0.15953 0.37224
vt 0.02452 0.37222
vt 0.02411 0.37262
vt 0.15993 0.37265
vt 0.15954 0.23723
vt 0.15953 0.37224
vt 0.02452 0.23721
vt 0.15954 0.23723
vt 0.02452 0.37222
vt 0.02452 0.23721
vt 0.02397 0.37277
vt 0.16008 0.37279
vt 0.15168 0.36439
vt 0.03237 0.36438
vt 0.03166 0.36508
vt 0.15239 0.36510
vt 0.15168 0.24508
vt 0.15168 0.36439
vt 0.03237 0.24506
vt 0.15168 0.24508
vt 0.03237 0.36438
vt 0.03237 0.24506
vt 0.42454 0.51193
vt 0.32659 0.51191
vt 0.42455 0.41397
vt 0.42454 0.51193
vt 0.32660 0.41396
vt 0.42455 0.41397
vt 0.32659 0.51191
vt 0.32660 0.41396
vt 0.24156 0.08187
vt 0.16697 0.08189
vt 0.24156 0.00728
vt 0.24156 0.08187
vt 0.16697 0.00727
vt 0.24156 0.00728
vt 0.16697 0.08189
vt 0.16697 0.00727
vt 0.71837 0.04724
vt 0.71835 0.09848
vt 0.66713 0.04721
vt 0.71837 0.04724
vt 0.66711 0.09845
vt 0.66713 0.04721
vt 0.71835 0.09848
vt 0.66711 0.09845
vt 0.37066 0.16931
vt 0.37065 0.19700
vt 0.34298 0.16929
vt 0.37066 0.16931
vt 0.34297 0.19697
vt 0.34298 0.16929
vt 0.37065 0.19700
vt 0.34297 0.19697
vt 0.59550 0.52889
vt 0.60937 0.52889
vt 0.60937 0.39584
vt 0.59550 0.39585
vt 0.60937 0.38197
vt 0.60937 0.39584
vt 0.74232 0.39584
vt 0.74232 0.38197
vt 0.75619 0.39584
vt 0.74232 0.39584
vt 0.74232 0.52889
vt 0.75619 0.52889
vt 0.74232 0.54277
vt 0.74232 0.52889
vt 0.60937 0.52889
vt 0.60937 0.54277
vt 0.74232 0.39584
vt 0.60937 0.39584
vt 0.60937 0.52889
vt 0.74232 0.52889
vt 0.89182 0.24415
vt 0.75600 0.24415
vt 0.75586 0.24430
vt 0.89197 0.24430
vt 0.75600 0.24415
vt 0.75602 0.10833
vt 0.75588 0.10819
vt 0.75586 0.24430
vt 0.27532 0.99961
vt 0.17127 0.99958
vt 0.17112 0.99973
vt 0.27547 0.99976
vt 0.75602 0.10833
vt 0.89184 0.10833
vt 0.89199 0.10819
vt 0.75588 0.10819
vt 0.76357 0.11588
vt 0.88429 0.11588
vt 0.89144 0.10874
vt 0.75642 0.10873
vt 0.87541 0.12477
vt 0.87539 0.22772
vt 0.88357 0.23590
vt 0.88359 0.11659
vt 0.26335 0.98764
vt 0.18323 0.98762
vt 0.17432 0.99653
vt 0.27227 0.99655
vt 0.76355 0.23660
vt 0.76357 0.11588
vt 0.75640 0.24375
vt 0.27533 0.89555
vt 0.27532 0.99961
vt 0.27547 0.99976
vt 0.27547 0.89541
vt 0.26337 0.90751
vt 0.26335 0.98764
vt 0.27227 0.99655
vt 0.27228 0.89860
vt 0.32637 0.08491
vt 0.24568 0.08496
vt 0.24554 0.08511
vt 0.32652 0.08506
vt 0.17127 0.89553
vt 0.27533 0.89555
vt 0.27547 0.89541
vt 0.17112 0.89538
vt 0.27299 0.89789
vt 0.27298 0.99726
vt 0.27492 0.99920
vt 0.27492 0.89596
vt 0.17361 0.99724
vt 0.17361 0.89787
vt 0.17168 0.89593
vt 0.17167 0.99918
vt 0.31441 0.07296
vt 0.25764 0.07297
vt 0.24873 0.08189
vt 0.32332 0.08187
vt 0.17361 0.89787
vt 0.27299 0.89789
vt 0.27492 0.89596
vt 0.17168 0.89593
vt 0.32637 0.00423
vt 0.32637 0.08491
vt 0.32652 0.08506
vt 0.32652 0.00409
vt 0.31442 0.01619
vt 0.31441 0.07296
vt 0.32332 0.08187
vt 0.32332 0.00728
vt 0.81156 0.30633
vt 0.81155 0.36369
vt 0.81170 0.36384
vt 0.81171 0.30618
vt 0.24568 0.00420
vt 0.32637 0.00423
vt 0.32652 0.00409
vt 0.24554 0.00405
vt 0.32403 0.00657
vt 0.32403 0.08258
vt 0.32597 0.08451
vt 0.32597 0.00464
vt 0.24802 0.08260
vt 0.24802 0.00655
vt 0.24609 0.00461
vt 0.24609 0.08455
vt 0.79959 0.31828
vt 0.79958 0.35170
vt 0.80849 0.36062
vt 0.80851 0.30938
vt 0.24802 0.00655
vt 0.32403 0.00657
vt 0.32597 0.00464
vt 0.24609 0.00461
vt 0.75420 0.30628
vt 0.81156 0.30633
vt 0.81171 0.30618
vt 0.75405 0.30613
vt 0.76617 0.31826
vt 0.79959 0.31828
vt 0.80851 0.30938
vt 0.75726 0.30935
vt 0.37414 0.04674
vt 0.37413 0.08053
vt 0.37429 0.08068
vt 0.37429 0.04659
vt 0.75419 0.36364
vt 0.75420 0.30628
vt 0.75405 0.30613
vt 0.75405 0.36379
vt 0.75655 0.30863
vt 0.80922 0.30867
vt 0.81116 0.30673
vt 0.75460 0.30669
vt 0.80920 0.36134
vt 0.75654 0.36130
vt 0.75460 0.36324
vt 0.81114 0.36328
vt 0.75654 0.36130
vt 0.75655 0.30863
vt 0.75460 0.30669
vt 0.75460 0.36324
vt 0.34034 0.04669
vt 0.37414 0.04674
vt 0.37429 0.04659
vt 0.34019 0.04654
vt 0.34034 0.08049
vt 0.34034 0.04669
vt 0.34019 0.04654
vt 0.34019 0.08063
vt 0.34269 0.04904
vt 0.37180 0.04907
vt 0.37374 0.04714
vt 0.34075 0.04710
vt 0.37179 0.07819
vt 0.34267 0.07815
vt 0.34074 0.08008
vt 0.37373 0.08012
vt 0.34267 0.07815
vt 0.34269 0.04904
vt 0.34075 0.04710
vt 0.34074 0.08008
vt 0.25765 0.01618
vt 0.31442 0.01619
vt 0.32332 0.00728
vt 0.24873 0.00727
vt 0.27298 0.99726
vt 0.17361 0.99724
vt 0.17167 0.99918
vt 0.27492 0.99920
vt 0.37180 0.04907
vt 0.37179 0.07819
vt 0.37373 0.08012
vt 0.37374 0.04714
vt 0.25764 0.07297
vt 0.25765 0.01618
vt 0.24873 0.00727
vt 0.24873 0.08189
vt 0.17127 0.99958
vt 0.17127 0.89553
vt 0.17112 0.89538
vt 0.17112 0.99973
vt 0.37413 0.08053
vt 0.34034 0.08049
vt 0.34019 0.08063
vt 0.37429 0.08068
vt 0.18324 0.90750
vt 0.26337 0.90751
vt 0.27228 0.89860
vt 0.17433 0.89858
vt 0.77245 0.12476
vt 0.87541 0.12477
vt 0.88359 0.11659
vt 0.76427 0.11658
vt 0.80922 0.30867
vt 0.80920 0.36134
vt 0.81114 0.36328
vt 0.81116 0.30673
vt 0.18323 0.98762
vt 0.18324 0.90750
vt 0.17433 0.89858
vt 0.17432 0.99653
vt 0.88428 0.23661
vt 0.76355 0.23660
vt 0.89142 0.24375
vt 0.81155 0.36369
vt 0.75419 0.36364
vt 0.75405 0.36379
vt 0.81170 0.36384
vt 0.77244 0.22772
vt 0.77245 0.12476
vt 0.76427 0.11658
vt 0.76426 0.23590
vt 0.76615 0.35168
vt 0.76617 0.31826
vt 0.75726 0.30935
vt 0.75725 0.36059
vt 0.87539 0.22772
vt 0.77244 0.22772
vt 0.76426 0.23590
vt 0.88357 0.23590
vt 0.32403 0.08258
vt 0.24802 0.08260
vt 0.24609 0.08455
vt 0.32597 0.08451
vt 0.79958 0.35170
vt 0.76615 0.35168
vt 0.75725 0.36059
vt 0.80849 0.36062
vt 0.24568 0.08496
vt 0.24568 0.00420
vt 0.24554 0.00405
vt 0.24554 0.08511
vt 0.03253 0.83035
vt 0.03076 0.83035
vt 0.03076 0.99976
vt 0.03253 0.99976
vt 0.03430 0.99976
vt 0.03608 0.99976
vt 0.03608 0.83035
vt 0.03430 0.83035
vt 0.03253 0.99976
vt 0.03430 0.99976
vt 0.03430 0.83035
vt 0.03253 0.83035
vt 0.00812 0.83035
vt 0.00635 0.83035
vt 0.00635 0.99976
vt 0.00812 0.99976
vt 0.00989 0.99976
vt 0.01167 0.99976
vt 0.01167 0.83035
vt 0.00989 0.83035
vt 0.00812 0.99976
vt 0.00989 0.99976
vt 0.00989 0.83035
vt 0.00812 0.83035
vt 0.89144 0.10874
vt 0.89142 0.24375
vt 0.89182 0.24415
vt 0.89184 0.10833
vt 0.75642 0.10873
vt 0.89144 0.10874
vt 0.75640 0.24375
vt 0.75642 0.10873
vt 0.89142 0.24375
vt 0.75640 0.24375
vt 0.89197 0.24430
vt 0.89199 0.10819
vt 0.88359 0.11659
vt 0.88357 0.23590
vt 0.88428 0.23661
vt 0.88429 0.11588
vt 0.76427 0.11658
vt 0.88359 0.11659
vt 0.76426 0.23590
vt 0.76427 0.11658
vt 0.88357 0.23590
vt 0.76426 0.23590
vt 0.27227 0.99655
vt 0.17432 0.99653
vt 0.27228 0.89860
vt 0.27227 0.99655
vt 0.17433 0.89858
vt 0.27228 0.89860
vt 0.17432 0.99653
vt 0.17433 0.89858
vt 0.32332 0.08187
vt 0.24873 0.08189
vt 0.32332 0.00728
vt 0.32332 0.08187
vt 0.24873 0.00727
vt 0.32332 0.00728
vt 0.24873 0.08189
vt 0.24873 0.00727
vt 0.80851 0.30938
vt 0.80849 0.36062
vt 0.75726 0.30935
vt 0.80851 0.30938
vt 0.75725 0.36059
vt 0.75726 0.30935
vt 0.80849 0.36062
vt 0.75725 0.36059
vt 0.37109 0.04978
vt 0.37107 0.07747
vt 0.34341 0.04976
vt 0.37109 0.04978
vt 0.34339 0.07744
vt 0.34341 0.04976
vt 0.37107 0.07747
vt 0.34339 0.07744
vt 0.59518 0.83818
vt 0.60905 0.83818
vt 0.60905 0.70513
vt 0.59518 0.70513
vt 0.60905 0.69126
vt 0.60905 0.70513
vt 0.74200 0.70513
vt 0.74200 0.69126
vt 0.75587 0.70513
vt 0.74200 0.70513
vt 0.74200 0.83818
vt 0.75587 0.83818
vt 0.74200 0.85205
vt 0.74200 0.83818
vt 0.60905 0.83818
vt 0.60905 0.85205
vt 0.74200 0.70513
vt 0.60905 0.70513
vt 0.60905 0.83818
vt 0.74200 0.83818
vt 0.58031 0.23038
vt 0.44449 0.23038
vt 0.44435 0.23053
vt 0.58046 0.23053
vt 0.44449 0.23038
vt 0.44452 0.09456
vt 0.44437 0.09442
vt 0.44435 0.23053
vt 0.10444 0.66794
vt 0.00039 0.66791
vt 0.00024 0.66806
vt 0.10459 0.66809
vt 0.44452 0.09456
vt 0.58034 0.09456
vt 0.58048 0.09442
vt 0.44437 0.09442
vt 0.45206 0.10211
vt 0.57279 0.10211
vt 0.57993 0.09497
vt 0.44492 0.09496
vt 0.56390 0.11100
vt 0.56389 0.21395
vt 0.57207 0.22213
vt 0.57208 0.10282
vt 0.09247 0.65597
vt 0.01235 0.65596
vt 0.00344 0.66487
vt 0.10139 0.66489
vt 0.45205 0.22284
vt 0.45206 0.10211
vt 0.44490 0.22998
vt 0.10445 0.56389
vt 0.10444 0.66794
vt 0.10459 0.66809
vt 0.10459 0.56374
vt 0.09249 0.57585
vt 0.09247 0.65597
vt 0.10139 0.66489
vt 0.10140 0.56693
vt 0.40772 0.34985
vt 0.32704 0.34989
vt 0.32689 0.35005
vt 0.40787 0.35000
vt 0.00039 0.56386
vt 0.10445 0.56389
vt 0.10459 0.56374
vt 0.00024 0.56371
vt 0.10211 0.56622
vt 0.10210 0.66560
vt 0.10404 0.66754
vt 0.10404 0.56429
vt 0.00273 0.66558
vt 0.00274 0.56621
vt 0.00080 0.56427
vt 0.00079 0.66751
vt 0.39576 0.33790
vt 0.33900 0.33790
vt 0.33008 0.34683
vt 0.40468 0.34681
vt 0.00274 0.56621
vt 0.10211 0.56622
vt 0.10404 0.56429
vt 0.00080 0.56427
vt 0.40772 0.26917
vt 0.40772 0.34985
vt 0.40787 0.35000
vt 0.40787 0.26903
vt 0.39577 0.28113
vt 0.39576 0.33790
vt 0.40468 0.34681
vt 0.40468 0.27222
vt 0.96488 0.67354
vt 0.96488 0.73090
vt 0.96503 0.73105
vt 0.96503 0.67340
vt 0.32704 0.26914
vt 0.40772 0.26917
vt 0.40787 0.26903
vt 0.32689 0.26898
vt 0.40538 0.27151
vt 0.40538 0.34751
vt 0.40732 0.34945
vt 0.40732 0.26957
vt 0.32937 0.34754
vt 0.32937 0.27149
vt 0.32744 0.26955
vt 0.32744 0.34948
vt 0.95291 0.68549
vt 0.95290 0.71892
vt 0.96181 0.72783
vt 0.96183 0.67659
vt 0.32937 0.27149
vt 0.40538 0.27151
vt 0.40732 0.26957
vt 0.32744 0.26955
vt 0.90752 0.67349
vt 0.96488 0.67354
vt 0.96503 0.67340
vt 0.90737 0.67334
vt 0.91949 0.68547
vt 0.95291 0.68549
vt 0.96183 0.67659
vt 0.91058 0.67656
vt 0.52430 0.32057
vt 0.52430 0.35437
vt 0.52445 0.35452
vt 0.52445 0.32042
vt 0.90752 0.73086
vt 0.90752 0.67349
vt 0.90737 0.67334
vt 0.90737 0.73100
vt 0.90987 0.67584
vt 0.96254 0.67588
vt 0.96448 0.67395
vt 0.90793 0.67390
vt 0.96253 0.72855
vt 0.90986 0.72851
vt 0.90792 0.73045
vt 0.96447 0.73049
vt 0.90986 0.72851
vt 0.90987 0.67584
vt 0.90793 0.67390
vt 0.90792 0.73045
vt 0.49051 0.32053
vt 0.52430 0.32057
vt 0.52445 0.32042
vt 0.49036 0.32037
vt 0.49051 0.35432
vt 0.49051 0.32053
vt 0.49036 0.32037
vt 0.49036 0.35447
vt 0.49285 0.32287
vt 0.52197 0.32290
vt 0.52390 0.32097
vt 0.49092 0.32093
vt 0.52196 0.35202
vt 0.49284 0.35199
vt 0.49091 0.35392
vt 0.52389 0.35396
vt 0.49284 0.35199
vt 0.49285 0.32287
vt 0.49092 0.32093
vt 0.49091 0.35392
vt 0.33900 0.28112
vt 0.39577 0.28113
vt 0.40468 0.27222
vt 0.33008 0.27220
vt 0.10210 0.66560
vt 0.00273 0.66558
vt 0.00079 0.66751
vt 0.10404 0.66754
vt 0.52197 0.32290
vt 0.52196 0.35202
vt 0.52389 0.35396
vt 0.52390 0.32097
vt 0.33900 0.33790
vt 0.33900 0.28112
vt 0.33008 0.27220
vt 0.33008 0.34683
vt 0.00039 0.66791
vt 0.00039 0.56386
vt 0.00024 0.56371
vt 0.00024 0.66806
vt 0.52430 0.35437
vt 0.49051 0.35432
vt 0.49036 0.35447
vt 0.52445 0.35452
vt 0.01236 0.57583
vt 0.09249 0.57585
vt 0.10140 0.56693
vt 0.00345 0.56692
vt 0.46094 0.11099
vt 0.56390 0.11100
vt 0.57208 0.10282
vt 0.45277 0.10281
vt 0.96254 0.67588
vt 0.96253 0.72855
vt 0.96447 0.73049
vt 0.96448 0.67395
vt 0.01235 0.65596
vt 0.01236 0.57583
vt 0.00345 0.56692
vt 0.00344 0.66487
vt 0.57277 0.22284
vt 0.45205 0.22284
vt 0.57991 0.22998
vt 0.96488 0.73090
vt 0.90752 0.73086
vt 0.90737 0.73100
vt 0.96503 0.73105
vt 0.46093 0.21395
vt 0.46094 0.11099
vt 0.45277 0.10281
vt 0.45275 0.22213
vt 0.91948 0.71889
vt 0.91949 0.68547
vt 0.91058 0.67656
vt 0.91057 0.72780
vt 0.56389 0.21395
vt 0.46093 0.21395
vt 0.45275 0.22213
vt 0.57207 0.22213
vt 0.40538 0.34751
vt 0.32937 0.34754
vt 0.32744 0.34948
vt 0.40732 0.34945
vt 0.95290 0.71892
vt 0.91948 0.71889
vt 0.91057 0.72780
vt 0.96181 0.72783
vt 0.32704 0.34989
vt 0.32704 0.26914
vt 0.32689 0.26898
vt 0.32689 0.35005
vt 0.06305 0.83035
vt 0.06127 0.83035
vt 0.06127 0.99976
vt 0.06305 0.99976
vt 0.06482 0.99976
vt 0.06659 0.99976
vt 0.06659 0.83035
vt 0.06482 0.83035
vt 0.06305 0.99976
vt 0.06482 0.99976
vt 0.06482 0.83035
vt 0.06305 0.83035
vt 0.00202 0.83035
vt 0.00024 0.83035
vt 0.00024 0.99976
vt 0.00202 0.99976
vt 0.00379 0.99976
vt 0.00556 0.99976
vt 0.00556 0.83035
vt 0.00379 0.83035
vt 0.00202 0.99976
vt 0.00379 0.99976
vt 0.00379 0.83035
vt 0.00202 0.83035
vt 0.57993 0.09497
vt 0.57991 0.22998
vt 0.58031 0.23038
vt 0.58034 0.09456
vt 0.44492 0.09496
vt 0.57993 0.09497
vt 0.44490 0.22998
vt 0.44492 0.09496
vt 0.57991 0.22998
vt 0.44490 0.22998
vt 0.58046 0.23053
vt 0.58048 0.09442
vt 0.57208 0.10282
vt 0.57207 0.22213
vt 0.57277 0.22284
vt 0.57279 0.10211
vt 0.45277 0.10281
vt 0.57208 0.10282
vt 0.45275 0.22213
vt 0.45277 0.10281
vt 0.57207 0.22213
vt 0.45275 0.22213
vt 0.10139 0.66489
vt 0.00344 0.66487
vt 0.10140 0.56693
vt 0.10139 0.66489
vt 0.00345 0.56692
vt 0.10140 0.56693
vt 0.00344 0.66487
vt 0.00345 0.56692
vt 0.40468 0.34681
vt 0.33008 0.34683
vt 0.40468 0.27222
vt 0.40468 0.34681
vt 0.33008 0.27220
vt 0.40468 0.27222
vt 0.33008 0.34683
vt 0.33008 0.27220
vt 0.96183 0.67659
vt 0.96181 0.72783
vt 0.91058 0.67656
vt 0.96183 0.67659
vt 0.91057 0.72780
vt 0.91058 0.67656
vt 0.96181 0.72783
vt 0.91057 0.72780
vt 0.52125 0.32362
vt 0.52124 0.35130
vt 0.49357 0.32359
vt 0.52125 0.32362
vt 0.49356 0.35127
vt 0.49357 0.32359
vt 0.52124 0.35130
vt 0.49356 0.35127
vt 0.71468 0.38119
vt 0.71468 0.36732
vt 0.58163 0.36732
vt 0.58163 0.38119
vt 0.56776 0.36732
vt 0.58163 0.36732
vt 0.58163 0.23437
vt 0.56776 0.23437
vt 0.58163 0.22050
vt 0.58163 0.23437
vt 0.71468 0.23437
vt 0.71468 0.22050
vt 0.72855 0.23437
vt 0.71468 0.23437
vt 0.71468 0.36732
vt 0.72855 0.36732
vt 0.58163 0.23437
vt 0.58163 0.36732
vt 0.71468 0.36732
vt 0.71468 0.23437
vt 0.75765 0.86272
vt 0.75765 0.72690
vt 0.75751 0.72675
vt 0.75751 0.86286
vt 0.75765 0.72690
vt 0.89347 0.72692
vt 0.89362 0.72677
vt 0.75751 0.72675
vt 0.75456 0.11446
vt 0.65050 0.11443
vt 0.65036 0.11458
vt 0.75471 0.11461
vt 0.89347 0.72692
vt 0.89347 0.86274
vt 0.89362 0.86288
vt 0.89362 0.72677
vt 0.88593 0.73446
vt 0.88592 0.85519
vt 0.89307 0.86234
vt 0.89307 0.72732
vt 0.87704 0.84630
vt 0.77408 0.84629
vt 0.76590 0.85447
vt 0.88522 0.85448
vt 0.74259 0.10249
vt 0.66246 0.10247
vt 0.65355 0.11138
vt 0.75150 0.11140
vt 0.76520 0.73445
vt 0.88593 0.73446
vt 0.75805 0.72730
vt 0.75456 0.01041
vt 0.75456 0.11446
vt 0.75471 0.11461
vt 0.75471 0.01026
vt 0.74260 0.02236
vt 0.74259 0.10249
vt 0.75150 0.11140
vt 0.75151 0.01345
vt 0.16284 0.08495
vt 0.08215 0.08499
vt 0.08201 0.08514
vt 0.16299 0.08509
vt 0.65051 0.01038
vt 0.75456 0.01041
vt 0.75471 0.01026
vt 0.65036 0.01023
vt 0.75222 0.01274
vt 0.75221 0.11212
vt 0.75415 0.11405
vt 0.75416 0.01081
vt 0.65284 0.11209
vt 0.65285 0.01272
vt 0.65091 0.01078
vt 0.65091 0.11403
vt 0.15088 0.07299
vt 0.09411 0.07300
vt 0.08520 0.08192
vt 0.15980 0.08190
vt 0.65285 0.01272
vt 0.75222 0.01274
vt 0.75416 0.01081
vt 0.65091 0.01078
vt 0.16284 0.00427
vt 0.16284 0.08495
vt 0.16299 0.08509
vt 0.16299 0.00412
vt 0.15089 0.01622
vt 0.15088 0.07299
vt 0.15980 0.08190
vt 0.15980 0.00731
vt 0.54959 0.69885
vt 0.54958 0.75621
vt 0.54973 0.75636
vt 0.54974 0.69871
vt 0.08215 0.00423
vt 0.16284 0.00427
vt 0.16299 0.00412
vt 0.08201 0.00408
vt 0.16050 0.00660
vt 0.16050 0.08261
vt 0.16244 0.08454
vt 0.16244 0.00467
vt 0.08449 0.08263
vt 0.08449 0.00658
vt 0.08256 0.00464
vt 0.08256 0.08458
vt 0.53762 0.71080
vt 0.53761 0.74423
vt 0.54652 0.75315
vt 0.54654 0.70191
vt 0.08449 0.00658
vt 0.16050 0.00660
vt 0.16244 0.00467
vt 0.08256 0.00464
vt 0.49223 0.69880
vt 0.54959 0.69885
vt 0.54974 0.69871
vt 0.49207 0.69865
vt 0.50420 0.71079
vt 0.53762 0.71080
vt 0.54654 0.70191
vt 0.49529 0.70187
vt 0.04708 0.05211
vt 0.04708 0.08590
vt 0.04723 0.08605
vt 0.04723 0.05196
vt 0.49222 0.75617
vt 0.49223 0.69880
vt 0.49207 0.69865
vt 0.49207 0.75631
vt 0.49457 0.70116
vt 0.54725 0.70120
vt 0.54919 0.69926
vt 0.49263 0.69921
vt 0.54723 0.75386
vt 0.49457 0.75383
vt 0.49262 0.75576
vt 0.54917 0.75581
vt 0.49457 0.75383
vt 0.49457 0.70116
vt 0.49263 0.69921
vt 0.49262 0.75576
vt 0.01329 0.05206
vt 0.04708 0.05211
vt 0.04723 0.05196
vt 0.01314 0.05191
vt 0.01328 0.08586
vt 0.01329 0.05206
vt 0.01314 0.05191
vt 0.01314 0.08600
vt 0.01563 0.05441
vt 0.04475 0.05444
vt 0.04668 0.05251
vt 0.01369 0.05247
vt 0.04473 0.08355
vt 0.01562 0.08352
vt 0.01368 0.08545
vt 0.04667 0.08549
vt 0.01562 0.08352
vt 0.01563 0.05441
vt 0.01369 0.05247
vt 0.01368 0.08545
vt 0.09412 0.01621
vt 0.15089 0.01622
vt 0.15980 0.00731
vt 0.08520 0.00730
vt 0.75221 0.11212
vt 0.65284 0.11209
vt 0.65091 0.11403
vt 0.75415 0.11405
vt 0.04475 0.05444
vt 0.04473 0.08355
vt 0.04667 0.08549
vt 0.04668 0.05251
vt 0.09411 0.07300
vt 0.09412 0.01621
vt 0.08520 0.00730
vt 0.08520 0.08192
vt 0.65050 0.11443
vt 0.65051 0.01038
vt 0.65036 0.01023
vt 0.65036 0.11458
vt 0.04708 0.08590
vt 0.01328 0.08586
vt 0.01314 0.08600
vt 0.04723 0.08605
vt 0.66248 0.02235
vt 0.74260 0.02236
vt 0.75151 0.01345
vt 0.65356 0.01344
vt 0.87704 0.74334
vt 0.87704 0.84630
vt 0.88522 0.85448
vt 0.88522 0.73517
vt 0.54725 0.70120
vt 0.54723 0.75386
vt 0.54917 0.75581
vt 0.54919 0.69926
vt 0.66246 0.10247
vt 0.66248 0.02235
vt 0.65356 0.01344
vt 0.65355 0.11138
vt 0.76520 0.85517
vt 0.76520 0.73445
vt 0.75805 0.86232
vt 0.54958 0.75621
vt 0.49222 0.75617
vt 0.49207 0.75631
vt 0.54973 0.75636
vt 0.77409 0.74333
vt 0.87704 0.74334
vt 0.88522 0.73517
vt 0.76591 0.73515
vt 0.50418 0.74421
vt 0.50420 0.71079
vt 0.49529 0.70187
vt 0.49527 0.75312
vt 0.77408 0.84629
vt 0.77409 0.74333
vt 0.76591 0.73515
vt 0.76590 0.85447
vt 0.16050 0.08261
vt 0.08449 0.08263
vt 0.08256 0.08458
vt 0.16244 0.08454
vt 0.53761 0.74423
vt 0.50418 0.74421
vt 0.49527 0.75312
vt 0.54652 0.75315
vt 0.08215 0.08499
vt 0.08215 0.00423
vt 0.08201 0.00408
vt 0.08201 0.08514
vt 0.15459 0.83035
vt 0.15282 0.83035
vt 0.15282 0.99976
vt 0.15459 0.99976
vt 0.15636 0.99976
vt 0.15813 0.99976
vt 0.15813 0.83035
vt 0.15636 0.83035
vt 0.15459 0.99976
vt 0.15636 0.99976
vt 0.15636 0.83035
vt 0.15459 0.83035
vt 0.13628 0.83035
vt 0.13451 0.83035
vt 0.13451 0.99976
vt 0.13628 0.99976
vt 0.13805 0.99976
vt 0.13983 0.99976
vt 0.13983 0.83035
vt 0.13805 0.83035
vt 0.13628 0.99976
vt 0.13805 0.99976
vt 0.13805 0.83035
vt 0.13628 0.83035
vt 0.89307 0.86234
vt 0.75805 0.86232
vt 0.75765 0.86272
vt 0.89347 0.86274
vt 0.89307 0.72732
vt 0.89307 0.86234
vt 0.75805 0.72730
vt 0.89307 0.72732
vt 0.75805 0.86232
vt 0.75805 0.72730
vt 0.75751 0.86286
vt 0.89362 0.86288
vt 0.88522 0.85448
vt 0.76590 0.85447
vt 0.76520 0.85517
vt 0.88592 0.85519
vt 0.88522 0.73517
vt 0.88522 0.85448
vt 0.76591 0.73515
vt 0.88522 0.73517
vt 0.76590 0.85447
vt 0.76591 0.73515
vt 0.75150 0.11140
vt 0.65355 0.11138
vt 0.75151 0.01345
vt 0.75150 0.11140
vt 0.65356 0.01344
vt 0.75151 0.01345
vt 0.65355 0.11138
vt 0.65356 0.01344
vt 0.15980 0.08190
vt 0.08520 0.08192
vt 0.15980 0.00731
vt 0.15980 0.08190
vt 0.08520 0.00730
vt 0.15980 0.00731
vt 0.08520 0.08192
vt 0.08520 0.00730
vt 0.54654 0.70191
vt 0.54652 0.75315
vt 0.49529 0.70187
vt 0.54654 0.70191
vt 0.49527 0.75312
vt 0.49529 0.70187
vt 0.54652 0.75315
vt 0.49527 0.75312
vt 0.04403 0.05515
vt 0.04402 0.08284
vt 0.01635 0.05513
vt 0.04403 0.05515
vt 0.01633 0.08281
vt 0.01635 0.05513
vt 0.04402 0.08284
vt 0.01633 0.08281
vt 0.29998 0.98588
vt 0.31386 0.98588
vt 0.31386 0.85283
vt 0.29998 0.85283
vt 0.31386 0.83896
vt 0.31386 0.85283
vt 0.44680 0.85283
vt 0.44680 0.83896
vt 0.46067 0.85283
vt 0.44680 0.85283
vt 0.44680 0.98588
vt 0.46067 0.98588
vt 0.44680 0.99976
vt 0.44680 0.98588
vt 0.31386 0.98588
vt 0.31386 0.99976
vt 0.44680 0.85283
vt 0.31386 0.85283
vt 0.31386 0.98588
vt 0.44680 0.98588
vt 0.13621 0.23573
vt 0.00039 0.23573
vt 0.00024 0.23588
vt 0.13635 0.23588
vt 0.00039 0.23573
vt 0.00041 0.09991
vt 0.00027 0.09977
vt 0.00024 0.23588
vt 0.96915 0.99961
vt 0.86510 0.99958
vt 0.86495 0.99973
vt 0.96930 0.99976
vt 0.00041 0.09991
vt 0.13623 0.09991
vt 0.13638 0.09977
vt 0.00027 0.09977
vt 0.00796 0.10746
vt 0.12868 0.10746
vt 0.13583 0.10031
vt 0.00081 0.10031
vt 0.11979 0.11635
vt 0.11978 0.21930
vt 0.12796 0.22748
vt 0.12797 0.10817
vt 0.95718 0.98764
vt 0.87706 0.98762
vt 0.86814 0.99653
vt 0.96609 0.99655
vt 0.00794 0.22818
vt 0.00796 0.10746
vt 0.00079 0.23533
vt 0.96915 0.89555
vt 0.96915 0.99961
vt 0.96930 0.99976
vt 0.96930 0.89541
vt 0.95719 0.90751
vt 0.95718 0.98764
vt 0.96609 0.99655
vt 0.96610 0.89860
vt 0.09952 0.21832
vt 0.01883 0.21836
vt 0.01869 0.21851
vt 0.09967 0.21847
vt 0.86510 0.89553
vt 0.96915 0.89555
vt 0.96930 0.89541
vt 0.86495 0.89538
vt 0.96681 0.89789
vt 0.96681 0.99726
vt 0.96874 0.99920
vt 0.96875 0.89596
vt 0.86743 0.99724
vt 0.86744 0.89787
vt 0.86550 0.89593
vt 0.86550 0.99918
vt 0.08756 0.20636
vt 0.03079 0.20637
vt 0.02188 0.21529
vt 0.09647 0.21527
vt 0.86744 0.89787
vt 0.96681 0.89789
vt 0.96875 0.89596
vt 0.86550 0.89593
vt 0.09952 0.13764
vt 0.09952 0.21832
vt 0.09967 0.21847
vt 0.09967 0.13749
vt 0.08756 0.14960
vt 0.08756 0.20636
vt 0.09647 0.21527
vt 0.09647 0.14069
vt 0.71115 0.61560
vt 0.71114 0.67296
vt 0.71129 0.67311
vt 0.71129 0.61545
vt 0.01883 0.13760
vt 0.09952 0.13764
vt 0.09967 0.13749
vt 0.01869 0.13745
vt 0.09718 0.13998
vt 0.09718 0.21598
vt 0.09912 0.21792
vt 0.09912 0.13804
vt 0.02117 0.21601
vt 0.02117 0.13995
vt 0.01924 0.13801
vt 0.01924 0.21795
vt 0.69917 0.62754
vt 0.69916 0.66097
vt 0.70807 0.66989
vt 0.70809 0.61865
vt 0.02117 0.13995
vt 0.09718 0.13998
vt 0.09912 0.13804
vt 0.01924 0.13801
vt 0.65378 0.61555
vt 0.71115 0.61560
vt 0.71129 0.61545
vt 0.65363 0.61540
vt 0.66575 0.62753
vt 0.69917 0.62754
vt 0.70809 0.61865
vt 0.65685 0.61861
vt 0.27926 0.86068
vt 0.27925 0.89448
vt 0.27940 0.89463
vt 0.27940 0.86054
vt 0.65378 0.67291
vt 0.65378 0.61555
vt 0.65363 0.61540
vt 0.65363 0.67306
vt 0.65613 0.61790
vt 0.70880 0.61794
vt 0.71074 0.61600
vt 0.65419 0.61595
vt 0.70879 0.67060
vt 0.65612 0.67057
vt 0.65418 0.67251
vt 0.71073 0.67255
vt 0.65612 0.67057
vt 0.65613 0.61790
vt 0.65419 0.61595
vt 0.65418 0.67251
vt 0.24546 0.86064
vt 0.27926 0.86068
vt 0.27940 0.86054
vt 0.24531 0.86049
vt 0.24546 0.89443
vt 0.24546 0.86064
vt 0.24531 0.86049
vt 0.24531 0.89458
vt 0.24781 0.86298
vt 0.27692 0.86301
vt 0.27886 0.86108
vt 0.24587 0.86105
vt 0.27691 0.89213
vt 0.24780 0.89210
vt 0.24586 0.89403
vt 0.27885 0.89407
vt 0.24780 0.89210
vt 0.24781 0.86298
vt 0.24587 0.86105
vt 0.24586 0.89403
vt 0.03080 0.14959
vt 0.08756 0.14960
vt 0.09647 0.14069
vt 0.02188 0.14067
vt 0.96681 0.99726
vt 0.86743 0.99724
vt 0.86550 0.99918
vt 0.96874 0.99920
vt 0.27692 0.86301
vt 0.27691 0.89213
vt 0.27885 0.89407
vt 0.27886 0.86108
vt 0.03079 0.20637
vt 0.03080 0.14959
vt 0.02188 0.14067
vt 0.02188 0.21529
vt 0.86510 0.99958
vt 0.86510 0.89553
vt 0.86495 0.89538
vt 0.86495 0.99973
vt 0.27925 0.89448
vt 0.24546 0.89443
vt 0.24531 0.89458
vt 0.27940 0.89463
vt 0.87707 0.90750
vt 0.95719 0.90751
vt 0.96610 0.89860
vt 0.86815 0.89858
vt 0.01684 0.11634
vt 0.11979 0.11635
vt 0.12797 0.10817
vt 0.00866 0.10816
vt 0.70880 0.61794
vt 0.70879 0.67060
vt 0.71073 0.67255
vt 0.71074 0.61600
vt 0.87706 0.98762
vt 0.87707 0.90750
vt 0.86815 0.89858
vt 0.86814 0.99653
vt 0.12866 0.22818
vt 0.00794 0.22818
vt 0.13581 0.23533
vt 0.71114 0.67296
vt 0.65378 0.67291
vt 0.65363 0.67306
vt 0.71129 0.67311
vt 0.01683 0.21930
vt 0.01684 0.11634
vt 0.00866 0.10816
vt 0.00865 0.22748
vt 0.66574 0.66095
vt 0.66575 0.62753
vt 0.65685 0.61861
vt 0.65683 0.66986
vt 0.11978 0.21930
vt 0.01683 0.21930
vt 0.00865 0.22748
vt 0.12796 0.22748
vt 0.09718 0.21598
vt 0.02117 0.21601
vt 0.01924 0.21795
vt 0.09912 0.21792
vt 0.69916 0.66097
vt 0.66574 0.66095
vt 0.65683 0.66986
vt 0.70807 0.66989
vt 0.01883 0.21836
vt 0.01883 0.13760
vt 0.01869 0.13745
vt 0.01869 0.21851
vt 0.11187 0.83035
vt 0.11010 0.83035
vt 0.11010 0.99976
vt 0.11187 0.99976
vt 0.11364 0.99976
vt 0.11542 0.99976
vt 0.11542 0.83035
vt 0.11364 0.83035
vt 0.11187 0.99976
vt 0.11364 0.99976
vt 0.11364 0.83035
vt 0.11187 0.83035
vt 0.12408 0.83035
vt 0.12230 0.83035
vt 0.12230 0.99976
vt 0.12408 0.99976
vt 0.12585 0.99976
vt 0.12762 0.99976
vt 0.12762 0.83035
vt 0.12585 0.83035
vt 0.12408 0.99976
vt 0.12585 0.99976
vt 0.12585 0.83035
vt 0.12408 0.83035
vt 0.13583 0.10031
vt 0.13581 0.23533
vt 0.13621 0.23573
vt 0.13623 0.09991
vt 0.00081 0.10031
vt 0.13583 0.10031
vt 0.00079 0.23533
vt 0.00081 0.10031
vt 0.13581 0.23533
vt 0.00079 0.23533
vt 0.13635 0.23588
vt 0.13638 0.09977
vt 0.12797 0.10817
vt 0.12796 0.22748
vt 0.12866 0.22818
vt 0.12868 0.10746
vt 0.00866 0.10816
vt 0.12797 0.10817
vt 0.00865 0.22748
vt 0.00866 0.10816
vt 0.12796 0.22748
vt 0.00865 0.22748
vt 0.96609 0.99655
vt 0.86814 0.99653
vt 0.96610 0.89860
vt 0.96609 0.99655
vt 0.86815 0.89858
vt 0.96610 0.89860
vt 0.86814 0.99653
vt 0.86815 0.89858
vt 0.09647 0.21527
vt 0.02188 0.21529
vt 0.09647 0.14069
vt 0.09647 0.21527
vt 0.02188 0.14067
vt 0.09647 0.14069
vt 0.02188 0.21529
vt 0.02188 0.14067
vt 0.70809 0.61865
vt 0.70807 0.66989
vt 0.65685 0.61861
vt 0.70809 0.61865
vt 0.65683 0.66986
vt 0.65685 0.61861
vt 0.70807 0.66989
vt 0.65683 0.66986
vt 0.27621 0.86373
vt 0.27619 0.89141
vt 0.24853 0.86370
vt 0.27621 0.86373
vt 0.24851 0.89139
vt 0.24853 0.86370
vt 0.27619 0.89141
vt 0.24851 0.89139
vt 0.28543 0.68186
vt 0.28543 0.66799
vt 0.15239 0.66799
vt 0.15239 0.68186
vt 0.13851 0.66799
vt 0.15239 0.66799
vt 0.15239 0.53504
vt 0.13851 0.53504
vt 0.15239 0.52117
vt 0.15239 0.53504
vt 0.28543 0.53504
vt 0.28543 0.52117
vt 0.29931 0.53504
vt 0.28543 0.53504
vt 0.28543 0.66799
vt 0.29931 0.66799
vt 0.15239 0.53504
vt 0.15239 0.66799
vt 0.28543 0.66799
vt 0.28543 0.53504
vt 0.75765 0.55344
vt 0.75765 0.41762
vt 0.75751 0.41747
vt 0.75751 0.55358
vt 0.75765 0.41762
vt 0.89347 0.41764
vt 0.89362 0.41749
vt 0.75751 0.41747
vt 0.86402 0.99961
vt 0.75997 0.99958
vt 0.75982 0.99973
vt 0.86417 0.99976
vt 0.89347 0.41764
vt 0.89347 0.55346
vt 0.89362 0.55360
vt 0.89362 0.41749
vt 0.88593 0.42518
vt 0.88592 0.54591
vt 0.89307 0.55306
vt 0.89307 0.41804
vt 0.87704 0.53702
vt 0.77408 0.53701
vt 0.76590 0.54519
vt 0.88522 0.54520
vt 0.85205 0.98764
vt 0.77193 0.98762
vt 0.76301 0.99653
vt 0.86097 0.99655
vt 0.76520 0.42517
vt 0.88593 0.42518
vt 0.75805 0.41802
vt 0.86402 0.89555
vt 0.86402 0.99961
vt 0.86417 0.99976
vt 0.86417 0.89541
vt 0.85206 0.90751
vt 0.85205 0.98764
vt 0.86097 0.99655
vt 0.86098 0.89860
vt 0.08108 0.09879
vt 0.00039 0.09883
vt 0.00024 0.09898
vt 0.08123 0.09894
vt 0.75997 0.89553
vt 0.86402 0.89555
vt 0.86417 0.89541
vt 0.75982 0.89538
vt 0.86168 0.89789
vt 0.86168 0.99726
vt 0.86361 0.99920
vt 0.86362 0.89596
vt 0.76231 0.99724
vt 0.76231 0.89787
vt 0.76038 0.89593
vt 0.76037 0.99918
vt 0.06912 0.08683
vt 0.01235 0.08684
vt 0.00344 0.09576
vt 0.07803 0.09574
vt 0.76231 0.89787
vt 0.86168 0.89789
vt 0.86362 0.89596
vt 0.76038 0.89593
vt 0.08108 0.01811
vt 0.08108 0.09879
vt 0.08123 0.09894
vt 0.08123 0.01796
vt 0.06912 0.03007
vt 0.06912 0.08683
vt 0.07803 0.09574
vt 0.07803 0.02116
vt 0.71463 0.92488
vt 0.71462 0.98224
vt 0.71477 0.98239
vt 0.71478 0.92473
vt 0.00039 0.01807
vt 0.08108 0.01811
vt 0.08123 0.01796
vt 0.00024 0.01792
vt 0.07874 0.02045
vt 0.07874 0.09645
vt 0.08068 0.09839
vt 0.08068 0.01851
vt 0.00273 0.09648
vt 0.00273 0.02042
vt 0.00079 0.01848
vt 0.00079 0.09842
vt 0.70266 0.93682
vt 0.70265 0.97025
vt 0.71156 0.97917
vt 0.71157 0.92793
vt 0.00273 0.02042
vt 0.07874 0.02045
vt 0.08068 0.01851
vt 0.00079 0.01848
vt 0.65727 0.92483
vt 0.71463 0.92488
vt 0.71478 0.92473
vt 0.65711 0.92468
vt 0.66924 0.93681
vt 0.70266 0.93682
vt 0.71157 0.92793
vt 0.66033 0.92789
vt 0.12885 0.03826
vt 0.12884 0.07206
vt 0.12899 0.07221
vt 0.12899 0.03812
vt 0.65726 0.98219
vt 0.65727 0.92483
vt 0.65711 0.92468
vt 0.65711 0.98234
vt 0.65961 0.92718
vt 0.71229 0.92722
vt 0.71422 0.92528
vt 0.65767 0.92524
vt 0.71227 0.97989
vt 0.65960 0.97985
vt 0.65767 0.98179
vt 0.71421 0.98183
vt 0.65960 0.97985
vt 0.65961 0.92718
vt 0.65767 0.92524
vt 0.65767 0.98179
vt 0.09505 0.03822
vt 0.12885 0.03826
vt 0.12899 0.03812
vt 0.09490 0.03807
vt 0.09505 0.07201
vt 0.09505 0.03822
vt 0.09490 0.03807
vt 0.09490 0.07216
vt 0.09739 0.04056
vt 0.12651 0.04059
vt 0.12844 0.03866
vt 0.09546 0.03863
vt 0.12650 0.06971
vt 0.09738 0.06968
vt 0.09545 0.07161
vt 0.12844 0.07165
vt 0.09738 0.06968
vt 0.09739 0.04056
vt 0.09546 0.03863
vt 0.09545 0.07161
vt 0.01235 0.03006
vt 0.06912 0.03007
vt 0.07803 0.02116
vt 0.00344 0.02114
vt 0.86168 0.99726
vt 0.76231 0.99724
vt 0.76037 0.99918
vt 0.86361 0.99920
vt 0.12651 0.04059
vt 0.12650 0.06971
vt 0.12844 0.07165
vt 0.12844 0.03866
vt 0.01235 0.08684
vt 0.01235 0.03006
vt 0.00344 0.02114
vt 0.00344 0.09576
vt 0.75997 0.99958
vt 0.75997 0.89553
vt 0.75982 0.89538
vt 0.75982 0.99973
vt 0.12884 0.07206
vt 0.09505 0.07201
vt 0.09490 0.07216
vt 0.12899 0.07221
vt 0.77194 0.90750
vt 0.85206 0.90751
vt 0.86098 0.89860
vt 0.76302 0.89858
vt 0.87704 0.43406
vt 0.87704 0.53702
vt 0.88522 0.54520
vt 0.88522 0.42589
vt 0.71229 0.92722
vt 0.71227 0.97989
vt 0.71421 0.98183
vt 0.71422 0.92528
vt 0.77193 0.98762
vt 0.77194 0.90750
vt 0.76302 0.89858
vt 0.76301 0.99653
vt 0.76520 0.54589
vt 0.76520 0.42517
vt 0.75805 0.55304
vt 0.71462 0.98224
vt 0.65726 0.98219
vt 0.65711 0.98234
vt 0.71477 0.98239
vt 0.77409 0.43405
vt 0.87704 0.43406
vt 0.88522 0.42589
vt 0.76591 0.42587
vt 0.66922 0.97023
vt 0.66924 0.93681
vt 0.66033 0.92789
vt 0.66031 0.97914
vt 0.77408 0.53701
vt 0.77409 0.43405
vt 0.76591 0.42587
vt 0.76590 0.54519
vt 0.07874 0.09645
vt 0.00273 0.09648
vt 0.00079 0.09842
vt 0.08068 0.09839
vt 0.70265 0.97025
vt 0.66922 0.97023
vt 0.66031 0.97914
vt 0.71156 0.97917
vt 0.00039 0.09883
vt 0.00039 0.01807
vt 0.00024 0.01792
vt 0.00024 0.09898
vt 0.16680 0.83035
vt 0.16502 0.83035
vt 0.16502 0.99976
vt 0.16680 0.99976
vt 0.16857 0.99976
vt 0.17034 0.99976
vt 0.17034 0.83035
vt 0.16857 0.83035
vt 0.16680 0.99976
vt 0.16857 0.99976
vt 0.16857 0.83035
vt 0.16680 0.83035
vt 0.13018 0.83035
vt 0.12841 0.83035
vt 0.12841 0.99976
vt 0.13018 0.99976
vt 0.13195 0.99976
vt 0.13372 0.99976
vt 0.13372 0.83035
vt 0.13195 0.83035
vt 0.13018 0.99976
vt 0.13195 0.99976
vt 0.13195 0.83035
vt 0.13018 0.83035
vt 0.89307 0.55306
vt 0.75805 0.55304
vt 0.75765 0.55344
vt 0.89347 0.55346
vt 0.89307 0.41804
vt 0.89307 0.55306
vt 0.75805 0.41802
vt 0.89307 0.41804
vt 0.75805 0.55304
vt 0.75805 0.41802
vt 0.75751 0.55358
vt 0.89362 0.55360
vt 0.88522 0.54520
vt 0.76590 0.54519
vt 0.76520 0.54589
vt 0.88592 0.54591
vt 0.88522 0.42589
vt 0.88522 0.54520
vt 0.76591 0.42587
vt 0.88522 0.42589
vt 0.76590 0.54519
vt 0.76591 0.42587
vt 0.86097 0.99655
vt 0.76301 0.99653
vt 0.86098 0.89860
vt 0.86097 0.99655
vt 0.76302 0.89858
vt 0.86098 0.89860
vt 0.76301 0.99653
vt 0.76302 0.89858
vt 0.07803 0.09574
vt 0.00344 0.09576
vt 0.07803 0.02116
vt 0.07803 0.09574
vt 0.00344 0.02114
vt 0.07803 0.02116
vt 0.00344 0.09576
vt 0.00344 0.02114
vt 0.71157 0.92793
vt 0.71156 0.97917
vt 0.66033 0.92789
vt 0.71157 0.92793
vt 0.66031 0.97914
vt 0.66033 0.92789
vt 0.71156 0.97917
vt 0.66031 0.97914
vt 0.12580 0.04131
vt 0.12578 0.06899
vt 0.09811 0.04128
vt 0.12580 0.04131
vt 0.09810 0.06897
vt 0.09811 0.04128
vt 0.12578 0.06899
vt 0.09810 0.06897
vt 0.46146 0.98588
vt 0.47533 0.98588
vt 0.47533 0.85283
vt 0.46146 0.85283
vt 0.47533 0.83896
vt 0.47533 0.85283
vt 0.60827 0.85283
vt 0.60827 0.83896
vt 0.62214 0.85283
vt 0.60827 0.85283
vt 0.60827 0.98588
vt 0.62214 0.98588
vt 0.60827 0.99976
vt 0.60827 0.98588
vt 0.47533 0.98588
vt 0.47533 0.99976
vt 0.60827 0.85283
vt 0.47533 0.85283
vt 0.47533 0.98588
vt 0.60827 0.98588
vt 0.76111 0.72582
vt 0.76111 0.59000
vt 0.76096 0.58986
vt 0.76096 0.72597
vt 0.76111 0.59000
vt 0.89693 0.59003
vt 0.89707 0.58988
vt 0.76096 0.58986
vt 0.55062 0.36727
vt 0.44657 0.36725
vt 0.44642 0.36739
vt 0.55077 0.36742
vt 0.89693 0.59003
vt 0.89693 0.72585
vt 0.89707 0.72599
vt 0.89707 0.58988
vt 0.88938 0.59757
vt 0.88938 0.71830
vt 0.89652 0.72544
vt 0.89653 0.59043
vt 0.88049 0.70941
vt 0.77754 0.70940
vt 0.76936 0.71758
vt 0.88867 0.71759
vt 0.53865 0.35530
vt 0.45853 0.35529
vt 0.44961 0.36420
vt 0.54756 0.36422
vt 0.76866 0.59756
vt 0.88938 0.59757
vt 0.76151 0.59041
vt 0.55062 0.26322
vt 0.55062 0.36727
vt 0.55077 0.36742
vt 0.55077 0.26307
vt 0.53866 0.27518
vt 0.53865 0.35530
vt 0.54756 0.36422
vt 0.54757 0.26627
vt 0.12347 0.35522
vt 0.04278 0.35526
vt 0.04263 0.35542
vt 0.12361 0.35537
vt 0.44657 0.26320
vt 0.55062 0.26322
vt 0.55077 0.26307
vt 0.44642 0.26305
vt 0.54828 0.26556
vt 0.54828 0.36493
vt 0.55021 0.36687
vt 0.55022 0.26362
vt 0.44890 0.36491
vt 0.44891 0.26554
vt 0.44697 0.26360
vt 0.44697 0.36685
vt 0.11151 0.34327
vt 0.05474 0.34327
vt 0.04583 0.35219
vt 0.12042 0.35217
vt 0.44891 0.26554
vt 0.54828 0.26556
vt 0.55022 0.26362
vt 0.44697 0.26360
vt 0.12347 0.27454
vt 0.12347 0.35522
vt 0.12361 0.35537
vt 0.12361 0.27439
vt 0.11151 0.28650
vt 0.11151 0.34327
vt 0.12042 0.35217
vt 0.12042 0.27759
vt 0.65167 0.14930
vt 0.65166 0.20666
vt 0.65182 0.20681
vt 0.65182 0.14916
vt 0.04278 0.27450
vt 0.12347 0.27454
vt 0.12361 0.27439
vt 0.04263 0.27435
vt 0.12113 0.27688
vt 0.12113 0.35288
vt 0.12307 0.35482
vt 0.12307 0.27494
vt 0.04512 0.35291
vt 0.04512 0.27686
vt 0.04318 0.27491
vt 0.04318 0.35485
vt 0.63970 0.16125
vt 0.63969 0.19468
vt 0.64860 0.20359
vt 0.64862 0.15235
vt 0.04512 0.27686
vt 0.12113 0.27688
vt 0.12307 0.27494
vt 0.04318 0.27491
vt 0.59431 0.14925
vt 0.65167 0.14930
vt 0.65182 0.14916
vt 0.59416 0.14910
vt 0.60628 0.16123
vt 0.63970 0.16125
vt 0.64862 0.15235
vt 0.59737 0.15232
vt 0.20606 0.86066
vt 0.20605 0.89445
vt 0.20620 0.89461
vt 0.20620 0.86051
vt 0.59431 0.20661
vt 0.59431 0.14925
vt 0.59416 0.14910
vt 0.59416 0.20676
vt 0.59666 0.15160
vt 0.64933 0.15164
vt 0.65127 0.14970
vt 0.59472 0.14966
vt 0.64932 0.20431
vt 0.59665 0.20427
vt 0.59471 0.20621
vt 0.65126 0.20625
vt 0.59665 0.20427
vt 0.59666 0.15160
vt 0.59472 0.14966
vt 0.59471 0.20621
vt 0.17226 0.86061
vt 0.20606 0.86066
vt 0.20620 0.86051
vt 0.17211 0.86046
vt 0.17226 0.89441
vt 0.17226 0.86061
vt 0.17211 0.86046
vt 0.17211 0.89456
vt 0.17460 0.86296
vt 0.20372 0.86299
vt 0.20565 0.86106
vt 0.17267 0.86102
vt 0.20371 0.89211
vt 0.17459 0.89208
vt 0.17266 0.89401
vt 0.20564 0.89405
vt 0.17459 0.89208
vt 0.17460 0.86296
vt 0.17267 0.86102
vt 0.17266 0.89401
vt 0.05474 0.28649
vt 0.11151 0.28650
vt 0.12042 0.27759
vt 0.04583 0.27757
vt 0.54828 0.36493
vt 0.44890 0.36491
vt 0.44697 0.36685
vt 0.55021 0.36687
vt 0.20372 0.86299
vt 0.20371 0.89211
vt 0.20564 0.89405
vt 0.20565 0.86106
vt 0.05474 0.34327
vt 0.05474 0.28649
vt 0.04583 0.27757
vt 0.04583 0.35219
vt 0.44657 0.36725
vt 0.44657 0.26320
vt 0.44642 0.26305
vt 0.44642 0.36739
vt 0.20605 0.89445
vt 0.17226 0.89441
vt 0.17211 0.89456
vt 0.20620 0.89461
vt 0.45854 0.27517
vt 0.53866 0.27518
vt 0.54757 0.26627
vt 0.44962 0.26625
vt 0.88050 0.60645
vt 0.88049 0.70941
vt 0.88867 0.71759
vt 0.88868 0.59828
vt 0.64933 0.15164
vt 0.64932 0.20431
vt 0.65126 0.20625
vt 0.65127 0.14970
vt 0.45853 0.35529
vt 0.45854 0.27517
vt 0.44962 0.26625
vt 0.44961 0.36420
vt 0.76865 0.71828
vt 0.76866 0.59756
vt 0.76151 0.72542
vt 0.65166 0.20666
vt 0.59431 0.20661
vt 0.59416 0.20676
vt 0.65182 0.20681
vt 0.77754 0.60644
vt 0.88050 0.60645
vt 0.88868 0.59828
vt 0.76936 0.59826
vt 0.60627 0.19465
vt 0.60628 0.16123
vt 0.59737 0.15232
vt 0.59736 0.20356
vt 0.77754 0.70940
vt 0.77754 0.60644
vt 0.76936 0.59826
vt 0.76936 0.71758
vt 0.12113 0.35288
vt 0.04512 0.35291
vt 0.04318 0.35485
vt 0.12307 0.35482
vt 0.63969 0.19468
vt 0.60627 0.19465
vt 0.59736 0.20356
vt 0.64860 0.20359
vt 0.04278 0.35526
vt 0.04278 0.27450
vt 0.04263 0.27435
vt 0.04263 0.35542
vt 0.16069 0.83035
vt 0.15892 0.83035
vt 0.15892 0.99976
vt 0.16069 0.99976
vt 0.16247 0.99976
vt 0.16424 0.99976
vt 0.16424 0.83035
vt 0.16247 0.83035
vt 0.16069 0.99976
vt 0.16247 0.99976
vt 0.16247 0.83035
vt 0.16069 0.83035
vt 0.11797 0.83035
vt 0.11620 0.83035
vt 0.11620 0.99976
vt 0.11797 0.99976
vt 0.11975 0.99976
vt 0.12152 0.99976
vt 0.12152 0.83035
vt 0.11975 0.83035
vt 0.11797 0.99976
vt 0.11975 0.99976
vt 0.11975 0.83035
vt 0.11797 0.83035
vt 0.89652 0.72544
vt 0.76151 0.72542
vt 0.76111 0.72582
vt 0.89693 0.72585
vt 0.89653 0.59043
vt 0.89652 0.72544
vt 0.76151 0.59041
vt 0.89653 0.59043
vt 0.76151 0.72542
vt 0.76151 0.59041
vt 0.76096 0.72597
vt 0.89707 0.72599
vt 0.88867 0.71759
vt 0.76936 0.71758
vt 0.76865 0.71828
vt 0.88938 0.71830
vt 0.88868 0.59828
vt 0.88867 0.71759
vt 0.76936 0.59826
vt 0.88868 0.59828
vt 0.76936 0.71758
vt 0.76936 0.59826
vt 0.54756 0.36422
vt 0.44961 0.36420
vt 0.54757 0.26627
vt 0.54756 0.36422
vt 0.44962 0.26625
vt 0.54757 0.26627
vt 0.44961 0.36420
vt 0.44962 0.26625
vt 0.12042 0.35217
vt 0.04583 0.35219
vt 0.12042 0.27759
vt 0.12042 0.35217
vt 0.04583 0.27757
vt 0.12042 0.27759
vt 0.04583 0.35219
vt 0.04583 0.27757
vt 0.64862 0.15235
vt 0.64860 0.20359
vt 0.59737 0.15232
vt 0.64862 0.15235
vt 0.59736 0.20356
vt 0.59737 0.15232
vt 0.64860 0.20359
vt 0.59736 0.20356
vt 0.20301 0.86370
vt 0.20299 0.89139
vt 0.17532 0.86368
vt 0.20301 0.86370
vt 0.17531 0.89136
vt 0.17532 0.86368
vt 0.20299 0.89139
vt 0.17531 0.89136
vt 0.44701 0.67660
vt 0.44701 0.66273
vt 0.31396 0.66273
vt 0.31396 0.67660
vt 0.30009 0.66273
vt 0.31396 0.66273
vt 0.31396 0.52978
vt 0.30009 0.52978
vt 0.31396 0.51591
vt 0.31396 0.52978
vt 0.44701 0.52978
vt 0.44701 0.51591
vt 0.46089 0.52978
vt 0.44701 0.52978
vt 0.44701 0.66273
vt 0.46089 0.66273
vt 0.31396 0.52978
vt 0.31396 0.66273
vt 0.44701 0.66273
vt 0.44701 0.52978
vt 0.73042 0.38104
vt 0.73042 0.24522
vt 0.73028 0.24508
vt 0.73028 0.38119
vt 0.73042 0.24522
vt 0.86624 0.24524
vt 0.86639 0.24510
vt 0.73028 0.24508
vt 0.97238 0.41658
vt 0.86832 0.41656
vt 0.86818 0.41670
vt 0.97253 0.41673
vt 0.86624 0.24524
vt 0.86624 0.38106
vt 0.86639 0.38121
vt 0.86639 0.24510
vt 0.85869 0.25279
vt 0.85869 0.37351
vt 0.86584 0.38066
vt 0.86584 0.24564
vt 0.84981 0.36463
vt 0.74685 0.36462
vt 0.73867 0.37279
vt 0.85799 0.37281
vt 0.96041 0.40461
vt 0.88029 0.40460
vt 0.87137 0.41351
vt 0.96932 0.41353
vt 0.73797 0.25277
vt 0.85869 0.25279
vt 0.73082 0.24563
vt 0.97238 0.31253
vt 0.97238 0.41658
vt 0.97253 0.41673
vt 0.97253 0.31239
vt 0.96042 0.32449
vt 0.96041 0.40461
vt 0.96932 0.41353
vt 0.96933 0.31558
vt 0.24432 0.20445
vt 0.16364 0.20449
vt 0.16349 0.20464
vt 0.24447 0.20459
vt 0.86833 0.31251
vt 0.97238 0.31253
vt 0.97253 0.31239
vt 0.86818 0.31236
vt 0.97004 0.31487
vt 0.97004 0.41424
vt 0.97197 0.41618
vt 0.97198 0.31293
vt 0.87066 0.41422
vt 0.87067 0.31485
vt 0.86873 0.31291
vt 0.86873 0.41615
vt 0.23237 0.19249
vt 0.17560 0.19250
vt 0.16669 0.20142
vt 0.24128 0.20140
vt 0.87067 0.31485
vt 0.97004 0.31487
vt 0.97198 0.31293
vt 0.86873 0.31291
vt 0.24433 0.12376
vt 0.24432 0.20445
vt 0.24447 0.20459
vt 0.24447 0.12362
vt 0.23237 0.13572
vt 0.23237 0.19249
vt 0.24128 0.20140
vt 0.24128 0.12681
vt 0.54764 0.15566
vt 0.54763 0.21302
vt 0.54778 0.21317
vt 0.54778 0.15552
vt 0.16364 0.12373
vt 0.24433 0.12376
vt 0.24447 0.12362
vt 0.16349 0.12358
vt 0.24199 0.12610
vt 0.24199 0.20211
vt 0.24392 0.20404
vt 0.24392 0.12417
vt 0.16598 0.20213
vt 0.16598 0.12608
vt 0.16404 0.12414
vt 0.16404 0.20408
vt 0.53566 0.16761
vt 0.53566 0.20104
vt 0.54457 0.20995
vt 0.54458 0.15871
vt 0.16598 0.12608
vt 0.24199 0.12610
vt 0.24392 0.12417
vt 0.16404 0.12414
vt 0.49027 0.15561
vt 0.54764 0.15566
vt 0.54778 0.15552
vt 0.49012 0.15546
vt 0.50225 0.16759
vt 0.53566 0.16761
vt 0.54458 0.15871
vt 0.49334 0.15868
vt 0.06552 0.17164
vt 0.06552 0.20543
vt 0.06567 0.20558
vt 0.06567 0.17149
vt 0.49027 0.21298
vt 0.49027 0.15561
vt 0.49012 0.15546
vt 0.49012 0.21312
vt 0.49262 0.15796
vt 0.54530 0.15800
vt 0.54723 0.15606
vt 0.49068 0.15602
vt 0.54528 0.21067
vt 0.49261 0.21063
vt 0.49067 0.21257
vt 0.54722 0.21261
vt 0.49261 0.21063
vt 0.49262 0.15796
vt 0.49068 0.15602
vt 0.49067 0.21257
vt 0.03173 0.17159
vt 0.06552 0.17164
vt 0.06567 0.17149
vt 0.03158 0.17144
vt 0.03172 0.20539
vt 0.03173 0.17159
vt 0.03158 0.17144
vt 0.03158 0.20553
vt 0.03407 0.17394
vt 0.06319 0.17397
vt 0.06512 0.17204
vt 0.03213 0.17200
vt 0.06318 0.20309
vt 0.03406 0.20305
vt 0.03213 0.20498
vt 0.06511 0.20502
vt 0.03406 0.20305
vt 0.03407 0.17394
vt 0.03213 0.17200
vt 0.03213 0.20498
vt 0.17560 0.13571
vt 0.23237 0.13572
vt 0.24128 0.12681
vt 0.16669 0.12680
vt 0.97004 0.41424
vt 0.87066 0.41422
vt 0.86873 0.41615
vt 0.97197 0.41618
vt 0.06319 0.17397
vt 0.06318 0.20309
vt 0.06511 0.20502
vt 0.06512 0.17204
vt 0.17560 0.19250
vt 0.17560 0.13571
vt 0.16669 0.12680
vt 0.16669 0.20142
vt 0.86832 0.41656
vt 0.86833 0.31251
vt 0.86818 0.31236
vt 0.86818 0.41670
vt 0.06552 0.20543
vt 0.03172 0.20539
vt 0.03158 0.20553
vt 0.06567 0.20558
vt 0.88030 0.32447
vt 0.96042 0.32449
vt 0.96933 0.31558
vt 0.87138 0.31556
vt 0.84981 0.26167
vt 0.84981 0.36463
vt 0.85799 0.37281
vt 0.85799 0.25349
vt 0.54530 0.15800
vt 0.54528 0.21067
vt 0.54722 0.21261
vt 0.54723 0.15606
vt 0.88029 0.40460
vt 0.88030 0.32447
vt 0.87138 0.31556
vt 0.87137 0.41351
vt 0.73797 0.37350
vt 0.73797 0.25277
vt 0.73082 0.38064
vt 0.54763 0.21302
vt 0.49027 0.21298
vt 0.49012 0.21312
vt 0.54778 0.21317
vt 0.74686 0.26166
vt 0.84981 0.26167
vt 0.85799 0.25349
vt 0.73868 0.25348
vt 0.50223 0.20101
vt 0.50225 0.16759
vt 0.49334 0.15868
vt 0.49332 0.20992
vt 0.74685 0.36462
vt 0.74686 0.26166
vt 0.73868 0.25348
vt 0.73867 0.37279
vt 0.24199 0.20211
vt 0.16598 0.20213
vt 0.16404 0.20408
vt 0.24392 0.20404
vt 0.53566 0.20104
vt 0.50223 0.20101
vt 0.49332 0.20992
vt 0.54457 0.20995
vt 0.16364 0.20449
vt 0.16364 0.12373
vt 0.16349 0.12358
vt 0.16349 0.20464
vt 0.14849 0.83035
vt 0.14671 0.83035
vt 0.14671 0.99976
vt 0.14849 0.99976
vt 0.15026 0.99976
vt 0.15203 0.99976
vt 0.15203 0.83035
vt 0.15026 0.83035
vt 0.14849 0.99976
vt 0.15026 0.99976
vt 0.15026 0.83035
vt 0.14849 0.83035
vt 0.14238 0.83035
vt 0.14061 0.83035
vt 0.14061 0.99976
vt 0.14238 0.99976
vt 0.14416 0.99976
vt 0.14593 0.99976
vt 0.14593 0.83035
vt 0.14416 0.83035
vt 0.14238 0.99976
vt 0.14416 0.99976
vt 0.14416 0.83035
vt 0.14238 0.83035
vt 0.86584 0.38066
vt 0.73082 0.38064
vt 0.73042 0.38104
vt 0.86624 0.38106
vt 0.86584 0.24564
vt 0.86584 0.38066
vt 0.73082 0.24563
vt 0.86584 0.24564
vt 0.73082 0.38064
vt 0.73082 0.24563
vt 0.73028 0.38119
vt 0.86639 0.38121
vt 0.85799 0.37281
vt 0.73867 0.37279
vt 0.73797 0.37350
vt 0.85869 0.37351
vt 0.85799 0.25349
vt 0.85799 0.37281
vt 0.73868 0.25348
vt 0.85799 0.25349
vt 0.73867 0.37279
vt 0.73868 0.25348
vt 0.96932 0.41353
vt 0.87137 0.41351
vt 0.96933 0.31558
vt 0.96932 0.41353
vt 0.87138 0.31556
vt 0.96933 0.31558
vt 0.87137 0.41351
vt 0.87138 0.31556
vt 0.24128 0.20140
vt 0.16669 0.20142
vt 0.24128 0.12681
vt 0.24128 0.20140
vt 0.16669 0.12680
vt 0.24128 0.12681
vt 0.16669 0.20142
vt 0.16669 0.12680
vt 0.54458 0.15871
vt 0.54457 0.20995
vt 0.49334 0.15868
vt 0.54458 0.15871
vt 0.49332 0.20992
vt 0.49334 0.15868
vt 0.54457 0.20995
vt 0.49332 0.20992
vt 0.06247 0.17468
vt 0.06246 0.20236
vt 0.03479 0.17466
vt 0.06247 0.17468
vt 0.03477 0.20234
vt 0.03479 0.17466
vt 0.06246 0.20236
vt 0.03477 0.20234
vt 0.32773 0.82430
vt 0.34160 0.82430
vt 0.34160 0.69126
vt 0.32773 0.69126
vt 0.34160 0.67738
vt 0.34160 0.69126
vt 0.47455 0.69126
vt 0.47455 0.67738
vt 0.48842 0.69126
vt 0.47455 0.69126
vt 0.47455 0.82430
vt 0.48842 0.82430
vt 0.47455 0.83818
vt 0.47455 0.82430
vt 0.34160 0.82430
vt 0.34160 0.83818
vt 0.47455 0.69126
vt 0.34160 0.69126
vt 0.34160 0.82430
vt 0.47455 0.82430
vt 0.27310 0.22186
vt 0.13728 0.22186
vt 0.13714 0.22200
vt 0.27325 0.22200
vt 0.13728 0.22186
vt 0.13731 0.08604
vt 0.13716 0.08589
vt 0.13714 0.22200
vt 0.99961 0.89448
vt 0.89556 0.89446
vt 0.89541 0.89460
vt 0.99976 0.89463
vt 0.13731 0.08604
vt 0.27313 0.08604
vt 0.27327 0.08589
vt 0.13716 0.08589
vt 0.14485 0.09358
vt 0.26558 0.09359
vt 0.27272 0.08644
vt 0.13771 0.08644
vt 0.25669 0.10247
vt 0.25668 0.20543
vt 0.26486 0.21361
vt 0.26487 0.09429
vt 0.98764 0.88251
vt 0.90752 0.88250
vt 0.89860 0.89141
vt 0.99655 0.89143
vt 0.14483 0.21431
vt 0.14485 0.09358
vt 0.13769 0.22145
vt 0.99961 0.79043
vt 0.99961 0.89448
vt 0.99976 0.89463
vt 0.99976 0.79029
vt 0.98765 0.80239
vt 0.98764 0.88251
vt 0.99655 0.89143
vt 0.99656 0.79348
vt 0.57004 0.83798
vt 0.48935 0.83803
vt 0.48920 0.83818
vt 0.57018 0.83813
vt 0.89556 0.79041
vt 0.99961 0.79043
vt 0.99976 0.79029
vt 0.89541 0.79026
vt 0.99727 0.79277
vt 0.99726 0.89214
vt 0.99920 0.89408
vt 0.99921 0.79083
vt 0.89789 0.89212
vt 0.89790 0.79275
vt 0.89596 0.79081
vt 0.89596 0.89406
vt 0.55808 0.82603
vt 0.50131 0.82604
vt 0.49240 0.83496
vt 0.56699 0.83494
vt 0.89790 0.79275
vt 0.99727 0.79277
vt 0.99921 0.79083
vt 0.89596 0.79081
vt 0.57004 0.75730
vt 0.57004 0.83798
vt 0.57018 0.83813
vt 0.57018 0.75716
vt 0.55808 0.76926
vt 0.55808 0.82603
vt 0.56699 0.83494
vt 0.56699 0.76035
vt 0.24154 0.92934
vt 0.24153 0.98670
vt 0.24168 0.98685
vt 0.24168 0.92919
vt 0.48935 0.75727
vt 0.57004 0.75730
vt 0.57018 0.75716
vt 0.48920 0.75712
vt 0.56770 0.75964
vt 0.56770 0.83565
vt 0.56963 0.83758
vt 0.56963 0.75771
vt 0.49169 0.83567
vt 0.49169 0.75962
vt 0.48975 0.75768
vt 0.48975 0.83762
vt 0.22956 0.94129
vt 0.22955 0.97471
vt 0.23846 0.98363
vt 0.23848 0.93239
vt 0.49169 0.75962
vt 0.56770 0.75964
vt 0.56963 0.75771
vt 0.48975 0.75768
vt 0.18417 0.92929
vt 0.24154 0.92934
vt 0.24168 0.92919
vt 0.18402 0.92914
vt 0.19614 0.94127
vt 0.22956 0.94129
vt 0.23848 0.93239
vt 0.18724 0.93236
vt 0.21033 0.15776
vt 0.21032 0.19156
vt 0.21047 0.19171
vt 0.21047 0.15762
vt 0.18417 0.98665
vt 0.18417 0.92929
vt 0.18402 0.92914
vt 0.18402 0.98680
vt 0.18652 0.93164
vt 0.23919 0.93168
vt 0.24113 0.92974
vt 0.18458 0.92970
vt 0.23918 0.98435
vt 0.18651 0.98431
vt 0.18457 0.98625
vt 0.24112 0.98629
vt 0.18651 0.98431
vt 0.18652 0.93164
vt 0.18458 0.92970
vt 0.18457 0.98625
vt 0.17653 0.15772
vt 0.21033 0.15776
vt 0.21047 0.15762
vt 0.17638 0.15756
vt 0.17653 0.19151
vt 0.17653 0.15772
vt 0.17638 0.15756
vt 0.17638 0.19166
vt 0.17888 0.16006
vt 0.20799 0.16009
vt 0.20993 0.15816
vt 0.17694 0.15812
vt 0.20798 0.18921
vt 0.17886 0.18918
vt 0.17693 0.19111
vt 0.20992 0.19115
vt 0.17886 0.18918
vt 0.17888 0.16006
vt 0.17694 0.15812
vt 0.17693 0.19111
vt 0.50131 0.76925
vt 0.55808 0.76926
vt 0.56699 0.76035
vt 0.49240 0.76034
vt 0.99726 0.89214
vt 0.89789 0.89212
vt 0.89596 0.89406
vt 0.99920 0.89408
vt 0.20799 0.16009
vt 0.20798 0.18921
vt 0.20992 0.19115
vt 0.20993 0.15816
vt 0.50131 0.82604
vt 0.50131 0.76925
vt 0.49240 0.76034
vt 0.49240 0.83496
vt 0.89556 0.89446
vt 0.89556 0.79041
vt 0.89541 0.79026
vt 0.89541 0.89460
vt 0.21032 0.19156
vt 0.17653 0.19151
vt 0.17638 0.19166
vt 0.21047 0.19171
vt 0.90753 0.80238
vt 0.98765 0.80239
vt 0.99656 0.79348
vt 0.89861 0.79346
vt 0.15373 0.10247
vt 0.25669 0.10247
vt 0.26487 0.09429
vt 0.14556 0.09429
vt 0.23919 0.93168
vt 0.23918 0.98435
vt 0.24112 0.98629
vt 0.24113 0.92974
vt 0.90752 0.88250
vt 0.90753 0.80238
vt 0.89861 0.79346
vt 0.89860 0.89141
vt 0.26556 0.21431
vt 0.14483 0.21431
vt 0.27270 0.22146
vt 0.24153 0.98670
vt 0.18417 0.98665
vt 0.18402 0.98680
vt 0.24168 0.98685
vt 0.15372 0.20542
vt 0.15373 0.10247
vt 0.14556 0.09429
vt 0.14554 0.21360
vt 0.19613 0.97469
vt 0.19614 0.94127
vt 0.18724 0.93236
vt 0.18722 0.98360
vt 0.25668 0.20543
vt 0.15372 0.20542
vt 0.14554 0.21360
vt 0.26486 0.21361
vt 0.56770 0.83565
vt 0.49169 0.83567
vt 0.48975 0.83762
vt 0.56963 0.83758
vt 0.22955 0.97471
vt 0.19613 0.97469
vt 0.18722 0.98360
vt 0.23846 0.98363
vt 0.48935 0.83803
vt 0.48935 0.75727
vt 0.48920 0.75712
vt 0.48920 0.83818
vt 0.10577 0.83035
vt 0.10399 0.83035
vt 0.10399 0.99976
vt 0.10577 0.99976
vt 0.10754 0.99976
vt 0.10931 0.99976
vt 0.10931 0.83035
vt 0.10754 0.83035
vt 0.10577 0.99976
vt 0.10754 0.99976
vt 0.10754 0.83035
vt 0.10577 0.83035
vt 0.07525 0.83035
vt 0.07348 0.83035
vt 0.07348 0.99976
vt 0.07525 0.99976
vt 0.07702 0.99976
vt 0.07880 0.99976
vt 0.07880 0.83035
vt 0.07702 0.83035
vt 0.07525 0.99976
vt 0.07702 0.99976
vt 0.07702 0.83035
vt 0.07525 0.83035
vt 0.27272 0.08644
vt 0.27270 0.22146
vt 0.27310 0.22186
vt 0.27313 0.08604
vt 0.13771 0.08644
vt 0.27272 0.08644
vt 0.13769 0.22145
vt 0.13771 0.08644
vt 0.27270 0.22146
vt 0.13769 0.22145
vt 0.27325 0.22200
vt 0.27327 0.08589
vt 0.26487 0.09429
vt 0.26486 0.21361
vt 0.26556 0.21431
vt 0.26558 0.09359
vt 0.14556 0.09429
vt 0.26487 0.09429
vt 0.14554 0.21360
vt 0.14556 0.09429
vt 0.26486 0.21361
vt 0.14554 0.21360
vt 0.99655 0.89143
vt 0.89860 0.89141
vt 0.99656 0.79348
vt 0.99655 0.89143
vt 0.89861 0.79346
vt 0.99656 0.79348
vt 0.89860 0.89141
vt 0.89861 0.79346
vt 0.56699 0.83494
vt 0.49240 0.83496
vt 0.56699 0.76035
vt 0.56699 0.83494
vt 0.49240 0.76034
vt 0.56699 0.76035
vt 0.49240 0.83496
vt 0.49240 0.76034
vt 0.23848 0.93239
vt 0.23846 0.98363
vt 0.18724 0.93236
vt 0.23848 0.93239
vt 0.18722 0.98360
vt 0.18724 0.93236
vt 0.23846 0.98363
vt 0.18722 0.98360
vt 0.20728 0.16081
vt 0.20726 0.18849
vt 0.17959 0.16078
vt 0.20728 0.16081
vt 0.17958 0.18847
vt 0.17959 0.16078
vt 0.20726 0.18849
vt 0.17958 0.18847
vt 0.16626 0.82957
vt 0.18013 0.82957
vt 0.18013 0.69652
vt 0.16626 0.69652
vt 0.18013 0.68264
vt 0.18013 0.69652
vt 0.31307 0.69652
vt 0.31307 0.68264
vt 0.32695 0.69652
vt 0.31307 0.69652
vt 0.31307 0.82957
vt 0.32695 0.82957
vt 0.31307 0.84344
vt 0.31307 0.82957
vt 0.18013 0.82957
vt 0.18013 0.84344
vt 0.31307 0.69652
vt 0.18013 0.69652
vt 0.18013 0.82957
vt 0.31307 0.82957
vt 0.43372 0.23036
vt 0.29790 0.23036
vt 0.29776 0.23051
vt 0.43387 0.23051
vt 0.29790 0.23036
vt 0.29792 0.09454
vt 0.29778 0.09440
vt 0.29776 0.23051
vt 0.99961 0.58898
vt 0.89556 0.58895
vt 0.89541 0.58910
vt 0.99976 0.58913
vt 0.29792 0.09454
vt 0.43374 0.09454
vt 0.43389 0.09440
vt 0.29778 0.09440
vt 0.30547 0.10209
vt 0.42619 0.10209
vt 0.43334 0.09495
vt 0.29832 0.09494
vt 0.41731 0.11098
vt 0.41730 0.21393
vt 0.42547 0.22211
vt 0.42549 0.10280
vt 0.98764 0.57701
vt 0.90752 0.57699
vt 0.89860 0.58590
vt 0.99655 0.58592
vt 0.30545 0.22281
vt 0.30547 0.10209
vt 0.29831 0.22996
vt 0.99961 0.48493
vt 0.99961 0.58898
vt 0.99976 0.58913
vt 0.99976 0.48478
vt 0.98765 0.49689
vt 0.98764 0.57701
vt 0.99655 0.58592
vt 0.99656 0.48797
vt 0.57166 0.09344
vt 0.49097 0.09348
vt 0.49083 0.09364
vt 0.57181 0.09359
vt 0.89556 0.48490
vt 0.99961 0.48493
vt 0.99976 0.48478
vt 0.89541 0.48475
vt 0.99727 0.48726
vt 0.99726 0.58664
vt 0.99920 0.58857
vt 0.99921 0.48533
vt 0.89789 0.58661
vt 0.89790 0.48724
vt 0.89596 0.48531
vt 0.89596 0.58855
vt 0.55970 0.08149
vt 0.50293 0.08149
vt 0.49402 0.09041
vt 0.56861 0.09039
vt 0.89790 0.48724
vt 0.99727 0.48726
vt 0.99921 0.48533
vt 0.89596 0.48531
vt 0.57166 0.01276
vt 0.57166 0.09344
vt 0.57181 0.09359
vt 0.57181 0.01262
vt 0.55971 0.02472
vt 0.55970 0.08149
vt 0.56861 0.09039
vt 0.56861 0.01581
vt 0.07133 0.59767
vt 0.07132 0.65503
vt 0.07147 0.65518
vt 0.07148 0.59753
vt 0.49097 0.01272
vt 0.57166 0.01276
vt 0.57181 0.01262
vt 0.49083 0.01257
vt 0.56932 0.01510
vt 0.56932 0.09110
vt 0.57126 0.09304
vt 0.57126 0.01316
vt 0.49331 0.09113
vt 0.49331 0.01508
vt 0.49138 0.01313
vt 0.49138 0.09307
vt 0.05936 0.60962
vt 0.05935 0.64305
vt 0.06826 0.65197
vt 0.06827 0.60072
vt 0.49331 0.01508
vt 0.56932 0.01510
vt 0.57126 0.01316
vt 0.49138 0.01313
vt 0.01397 0.59762
vt 0.07133 0.59767
vt 0.07148 0.59753
vt 0.01381 0.59747
vt 0.02594 0.60961
vt 0.05936 0.60962
vt 0.06827 0.60072
vt 0.01703 0.60069
vt 0.08947 0.30854
vt 0.08947 0.34233
vt 0.08962 0.34249
vt 0.08962 0.30839
vt 0.01396 0.65499
vt 0.01397 0.59762
vt 0.01381 0.59747
vt 0.01381 0.65513
vt 0.01632 0.59997
vt 0.06899 0.60001
vt 0.07093 0.59808
vt 0.01437 0.59803
vt 0.06897 0.65268
vt 0.01630 0.65265
vt 0.01436 0.65458
vt 0.07091 0.65462
vt 0.01630 0.65265
vt 0.01632 0.59997
vt 0.01437 0.59803
vt 0.01436 0.65458
vt 0.05568 0.30849
vt 0.08947 0.30854
vt 0.08962 0.30839
vt 0.05553 0.30834
vt 0.05567 0.34229
vt 0.05568 0.30849
vt 0.05553 0.30834
vt 0.05553 0.34243
vt 0.05802 0.31084
vt 0.08714 0.31087
vt 0.08907 0.30894
vt 0.05608 0.30890
vt 0.08713 0.33999
vt 0.05801 0.33996
vt 0.05607 0.34189
vt 0.08906 0.34193
vt 0.05801 0.33996
vt 0.05802 0.31084
vt 0.05608 0.30890
vt 0.05607 0.34189
vt 0.50294 0.02471
vt 0.55971 0.02472
vt 0.56861 0.01581
vt 0.49402 0.01579
vt 0.99726 0.58664
vt 0.89789 0.58661
vt 0.89596 0.58855
vt 0.99920 0.58857
vt 0.08714 0.31087
vt 0.08713 0.33999
vt 0.08906 0.34193
vt 0.08907 0.30894
vt 0.50293 0.08149
vt 0.50294 0.02471
vt 0.49402 0.01579
vt 0.49402 0.09041
vt 0.89556 0.58895
vt 0.89556 0.48490
vt 0.89541 0.48475
vt 0.89541 0.58910
vt 0.08947 0.34233
vt 0.05567 0.34229
vt 0.05553 0.34243
vt 0.08962 0.34249
vt 0.90753 0.49687
vt 0.98765 0.49689
vt 0.99656 0.48797
vt 0.89861 0.48796
vt 0.31435 0.11097
vt 0.41731 0.11098
vt 0.42549 0.10280
vt 0.30617 0.10279
vt 0.06899 0.60001
vt 0.06897 0.65268
vt 0.07091 0.65462
vt 0.07093 0.59808
vt 0.90752 0.57699
vt 0.90753 0.49687
vt 0.89861 0.48796
vt 0.89860 0.58590
vt 0.42618 0.22282
vt 0.30545 0.22281
vt 0.43332 0.22996
vt 0.07132 0.65503
vt 0.01396 0.65499
vt 0.01381 0.65513
vt 0.07147 0.65518
vt 0.31434 0.21393
vt 0.31435 0.11097
vt 0.30617 0.10279
vt 0.30616 0.22211
vt 0.02592 0.64303
vt 0.02594 0.60961
vt 0.01703 0.60069
vt 0.01702 0.65194
vt 0.41730 0.21393
vt 0.31434 0.21393
vt 0.30616 0.22211
vt 0.42547 0.22211
vt 0.56932 0.09110
vt 0.49331 0.09113
vt 0.49138 0.09307
vt 0.57126 0.09304
vt 0.05935 0.64305
vt 0.02592 0.64303
vt 0.01702 0.65194
vt 0.06826 0.65197
vt 0.49097 0.09348
vt 0.49097 0.01272
vt 0.49083 0.01257
vt 0.49083 0.09364
vt 0.08746 0.83035
vt 0.08568 0.83035
vt 0.08568 0.99976
vt 0.08746 0.99976
vt 0.08923 0.99976
vt 0.09100 0.99976
vt 0.09100 0.83035
vt 0.08923 0.83035
vt 0.08746 0.99976
vt 0.08923 0.99976
vt 0.08923 0.83035
vt 0.08746 0.83035
vt 0.08135 0.83035
vt 0.07958 0.83035
vt 0.07958 0.99976
vt 0.08135 0.99976
vt 0.08313 0.99976
vt 0.08490 0.99976
vt 0.08490 0.83035
vt 0.08313 0.83035
vt 0.08135 0.99976
vt 0.08313 0.99976
vt 0.08313 0.83035
vt 0.08135 0.83035
vt 0.43334 0.09495
vt 0.43332 0.22996
vt 0.43372 0.23036
vt 0.43374 0.09454
vt 0.29832 0.09494
vt 0.43334 0.09495
vt 0.29831 0.22996
vt 0.29832 0.09494
vt 0.43332 0.22996
vt 0.29831 0.22996
vt 0.43387 0.23051
vt 0.43389 0.09440
vt 0.42549 0.10280
vt 0.42547 0.22211
vt 0.42618 0.22282
vt 0.42619 0.10209
vt 0.30617 0.10279
vt 0.42549 0.10280
vt 0.30616 0.22211
vt 0.30617 0.10279
vt 0.42547 0.22211
vt 0.30616 0.22211
vt 0.99655 0.58592
vt 0.89860 0.58590
vt 0.99656 0.48797
vt 0.99655 0.58592
vt 0.89861 0.48796
vt 0.99656 0.48797
vt 0.89860 0.58590
vt 0.89861 0.48796
vt 0.56861 0.09039
vt 0.49402 0.09041
vt 0.56861 0.01581
vt 0.56861 0.09039
vt 0.49402 0.01579
vt 0.56861 0.01581
vt 0.49402 0.09041
vt 0.49402 0.01579
vt 0.06827 0.60072
vt 0.06826 0.65197
vt 0.01703 0.60069
vt 0.06827 0.60072
vt 0.01702 0.65194
vt 0.01703 0.60069
vt 0.06826 0.65197
vt 0.01702 0.65194
vt 0.08642 0.31159
vt 0.08641 0.33927
vt 0.05874 0.31156
vt 0.08642 0.31159
vt 0.05872 0.33924
vt 0.05874 0.31156
vt 0.08641 0.33927
vt 0.05872 0.33924
vt 0.15160 0.82956
vt 0.15160 0.81569
vt 0.01855 0.81569
vt 0.01855 0.82956
vt 0.00468 0.81569
vt 0.01855 0.81569
vt 0.01855 0.68275
vt 0.00468 0.68275
vt 0.01855 0.66887
vt 0.01855 0.68275
vt 0.15160 0.68275
vt 0.15160 0.66887
vt 0.16547 0.68275
vt 0.15160 0.68275
vt 0.15160 0.81569
vt 0.16547 0.81569
vt 0.01855 0.68275
vt 0.01855 0.81569
vt 0.15160 0.81569
vt 0.15160 0.68275
vn -0.1948 -0.9808 -0.0000
vn -0.1948 -0.9808 -0.0000
vn -0.1948 -0.9808 -0.0000
vn 0.0000 -0.9808 -0.1948
vn 0.0000 -0.9808 -0.1948
vn 0.0000 -0.9808 -0.1948
vn 0.1948 -0.9808 -0.0000
vn 0.1948 -0.9808 -0.0000
vn 0.1948 -0.9808 -0.0000
vn -0.0000 -0.9808 0.1948
vn -0.0000 -0.9808 0.1948
vn -0.0000 -0.9808 0.1948
vn -0.1948 -0.9808 -0.0000
vn -0.1948 -0.9808 -0.0000
vn -0.1948 -0.9808 -0.0000
vn 0.0000 -0.9808 -0.1948
vn 0.0000 -0.9808 -0.1948
vn 0.0000 -0.9808 -0.1948
vn 0.1948 -0.9808 -0.0000
vn 0.1948 -0.9808 -0.0000
vn 0.1948 -0.9808 -0.0000
vn -0.0000 -0.9808 0.1948
vn -0.0000 -0.9808 0.1948
vn -0.0000 -0.9808 0.1948
vn -0.1948 -0.9808 -0.0000
vn -0.1948 -0.9808 -0.0000
vn -0.1948 -0.9808 -0.0000
vn 0.0000 -0.9808 -0.1948
vn 0.0000 -0.9808 -0.1948
vn 0.0000 -0.9808 -0.1948
vn 0.1948 -0.9808 -0.0000
vn 0.1948 -0.9808 -0.0000
vn 0.1948 -0.9808 -0.0000
vn -0.0000 -0.9808 0.1948
vn -0.0000 -0.9808 0.1948
vn -0.0000 -0.9808 0.1948
vn -0.1948 -0.9808 -0.0000
vn -0.1948 -0.9808 -0.0000
vn -0.1948 -0.9808 -0.0000
vn 0.0000 -0.9808 -0.1948
vn 0.0000 -0.9808 -0.1948
vn 0.0000 -0.9808 -0.1948
vn 0.1948 -0.9808 -0.0000
vn 0.1948 -0.9808 -0.0000
vn 0.1948 -0.9808 -0.0000
vn -0.0000 -0.9808 0.1948
vn -0.0000 -0.9808 0.1948
vn -0.0000 -0.9808 0.1948
vn -0.1948 -0.9808 -0.0000
vn -0.1948 -0.9808 -0.0000
vn -0.1948 -0.9808 -0.0000
vn 0.0000 -0.9808 -0.1948
vn 0.0000 -0.9808 -0.1948
vn 0.0000 -0.9808 -0.1948
vn 0.1948 -0.9808 -0.0000
vn 0.1948 -0.9808 -0.0000
vn 0.1948 -0.9808 -0.0000
vn -0.0000 -0.9808 0.1948
vn -0.0000 -0.9808 0.1948
vn -0.0000 -0.9808 0.1948
vn -0.1948 -0.9808 -0.0000
vn -0.1948 -0.9808 -0.0000
vn -0.1948 -0.9808 -0.0000
vn 0.0000 -0.9808 -0.1948
vn 0.0000 -0.9808 -0.1948
vn 0.0000 -0.9808 -0.1948
vn 0.1948 -0.9808 -0.0000
vn 0.1948 -0.9808 -0.0000
vn 0.1948 -0.9808 -0.0000
vn -0.0000 -0.9808 0.1948
vn -0.0000 -0.9808 0.1948
vn -0.0000 -0.9808 0.1948
vn -0.1948 -0.9808 -0.0000
vn -0.1948 -0.9808 -0.0000
vn -0.1948 -0.9808 -0.0000
vn 0.0000 -0.9808 -0.1948
vn 0.0000 -0.9808 -0.1948
vn 0.0000 -0.9808 -0.1948
vn 0.1948 -0.9808 -0.0000
vn 0.1948 -0.9808 -0.0000
vn 0.1948 -0.9808 -0.0000
vn -0.0000 -0.9808 0.1948
vn -0.0000 -0.9808 0.1948
vn -0.0000 -0.9808 0.1948
vn -0.1948 -0.9808 -0.0000
vn -0.1948 -0.9808 -0.0000
vn -0.1948 -0.9808 -0.0000
vn 0.0000 -0.9808 -0.1948
vn 0.0000 -0.9808 -0.1948
vn 0.0000 -0.9808 -0.1948
vn 0.1948 -0.9808 -0.0000
vn 0.1948 -0.9808 -0.0000
vn 0.1948 -0.9808 -0.0000
vn -0.0000 -0.9808 0.1948
vn -0.0000 -0.9808 0.1948
vn -0.0000 -0.9808 0.1948
vn -0.1948 -0.9808 -0.0000
vn -0.1948 -0.9808 -0.0000
vn -0.1948 -0.9808 -0.0000
vn 0.0000 -0.9808 -0.1948
vn 0.0000 -0.9808 -0.1948
vn 0.0000 -0.9808 -0.1948
vn 0.1948 -0.9808 -0.0000
vn 0.1948 -0.9808 -0.0000
vn 0.1948 -0.9808 -0.0000
vn -0.0000 -0.9808 0.1948
vn -0.0000 -0.9808 0.1948
vn -0.0000 -0.9808 0.1948
vn -0.1948 -0.9808 -0.0000
vn -0.1948 -0.9808 -0.0000
vn -0.1948 -0.9808 -0.0000
vn 0.0000 -0.9808 -0.1948
vn 0.0000 -0.9808 -0.1948
vn 0.0000 -0.9808 -0.1948
vn 0.1948 -0.9808 -0.0000
vn 0.1948 -0.9808 -0.0000
vn 0.1948 -0.9808 -0.0000
vn -0.0000 -0.9808 0.1948
vn -0.0000 -0.9808 0.1948
vn -0.0000 -0.9808 0.1948
vn -0.1948 -0.9808 -0.0000
vn -0.1948 -0.9808 -0.0000
vn -0.1948 -0.9808 -0.0000
vn 0.0000 -0.9808 -0.1948
vn 0.0000 -0.9808 -0.1948
vn 0.0000 -0.9808 -0.1948
vn 0.1948 -0.9808 -0.0000
vn 0.1948 -0.9808 -0.0000
vn 0.1948 -0.9808 -0.0000
vn -0.0000 -0.9808 0.1948
vn -0.0000 -0.9808 0.1948
vn -0.0000 -0.9808 0.1948
vn -0.1948 -0.9808 -0.0000
vn -0.1948 -0.9808 -0.0000
vn -0.1948 -0.9808 -0.0000
vn 0.0000 -0.9808 -0.1948
vn 0.0000 -0.9808 -0.1948
vn 0.0000 -0.9808 -0.1948
vn 0.1948 -0.9808 -0.0000
vn 0.1948 -0.9808 -0.0000
vn 0.1948 -0.9808 -0.0000
vn -0.0000 -0.9808 0.1948
vn -0.0000 -0.9808 0.1948
vn -0.0000 -0.9808 0.1948
vn -0.1948 -0.9808 -0.0000
vn -0.1948 -0.9808 -0.0000
vn -0.1948 -0.9808 -0.0000
vn 0.0000 -0.9808 -0.1948
vn 0.0000 -0.9808 -0.1948
vn 0.0000 -0.9808 -0.1948
vn 0.1948 -0.9808 -0.0000
vn 0.1948 -0.9808 -0.0000
vn 0.1948 -0.9808 -0.0000
vn -0.0000 -0.9808 0.1948
vn -0.0000 -0.9808 0.1948
vn -0.0000 -0.9808 0.1948
vn -0.1948 -0.9808 -0.0000
vn -0.1948 -0.9808 -0.0000
vn -0.1948 -0.9808 -0.0000
vn 0.0000 -0.9808 -0.1948
vn 0.0000 -0.9808 -0.1948
vn 0.0000 -0.9808 -0.1948
vn 0.1948 -0.9808 -0.0000
vn 0.1948 -0.9808 -0.0000
vn 0.1948 -0.9808 -0.0000
vn -0.0000 -0.9808 0.1948
vn -0.0000 -0.9808 0.1948
vn -0.0000 -0.9808 0.1948
vn 0.0000 -0.2880 -0.9576
vn 0.0000 -0.2880 -0.9576
vn 0.0000 0.0000 -1.0000
vn 0.0000 0.0000 -1.0000
vn -0.9576 -0.2880 -0.0000
vn -0.9576 -0.2880 -0.0000
vn -1.0000 0.0000 -0.0000
vn -1.0000 0.0000 -0.0000
vn 0.9576 -0.2880 -0.0000
vn 0.9576 -0.2880 -0.0000
vn 1.0000 0.0000 0.0000
vn 1.0000 0.0000 0.0000
vn -0.0000 -0.2880 0.9576
vn -0.0000 -0.2880 0.9576
vn -0.0000 -0.0000 1.0000
vn -0.0000 -0.0000 1.0000
vn 0.0000 -0.9992 -0.0409
vn 0.0000 -0.9992 -0.0409
vn 0.0000 -1.0000 -0.0000
vn 0.0000 -1.0000 -0.0000
vn -0.3201 -0.9474 -0.0000
vn -0.3201 -0.9474 -0.0000
vn -0.3201 -0.9474 -0.0000
vn -0.3201 -0.9474 -0.0000
vn -0.2971 -0.9548 -0.0000
vn -0.2971 -0.9548 -0.0000
vn -0.2971 -0.9548 -0.0000
vn -0.2971 -0.9548 -0.0000
vn 0.0409 -0.9992 -0.0000
vn 0.0409 -0.9992 -0.0000
vn 0.0000 -1.0000 -0.0000
vn -0.0000 -0.2880 0.9576
vn -0.0000 -0.2880 0.9576
vn -0.0000 -0.0000 1.0000
vn -0.0000 -0.0000 1.0000
vn 0.0000 -0.9548 -0.2972
vn 0.0000 -0.9548 -0.2972
vn 0.0000 -0.9548 -0.2972
vn 0.0000 -0.9548 -0.2972
vn 0.9576 -0.2880 -0.0000
vn 0.9576 -0.2880 -0.0000
vn 1.0000 0.0000 0.0000
vn 1.0000 0.0000 0.0000
vn -0.9576 -0.2880 -0.0000
vn -0.9576 -0.2880 -0.0000
vn -1.0000 0.0000 -0.0000
vn -1.0000 0.0000 -0.0000
vn 0.0000 -0.9993 -0.0379
vn 0.0000 -0.9993 -0.0379
vn -0.0000 -0.8334 0.5526
vn -0.0000 -0.8334 0.5526
vn -0.0000 -0.9993 0.0379
vn -0.0000 -0.9993 0.0379
vn 0.0000 -0.8334 -0.5527
vn 0.0000 -0.8334 -0.5527
vn -0.2971 -0.9548 -0.0000
vn -0.2971 -0.9548 -0.0000
vn -0.2971 -0.9548 -0.0000
vn -0.2971 -0.9548 -0.0000
vn 0.0379 -0.9993 -0.0000
vn 0.0379 -0.9993 -0.0000
vn -0.5526 -0.8335 -0.0000
vn -0.5526 -0.8335 -0.0000
vn -0.0000 -0.2880 0.9576
vn -0.0000 -0.2880 0.9576
vn -0.0000 -0.0000 1.0000
vn -0.0000 -0.0000 1.0000
vn 0.0000 -0.9548 -0.2972
vn 0.0000 -0.9548 -0.2972
vn 0.0000 -0.9548 -0.2972
vn 0.0000 -0.9548 -0.2972
vn 0.9576 -0.2880 -0.0000
vn 0.9576 -0.2880 -0.0000
vn 1.0000 0.0000 0.0000
vn 1.0000 0.0000 0.0000
vn -0.9576 -0.2880 -0.0000
vn -0.9576 -0.2880 -0.0000
vn -1.0000 0.0000 -0.0000
vn -1.0000 0.0000 -0.0000
vn 0.0000 -0.9993 -0.0379
vn 0.0000 -0.9993 -0.0379
vn -0.0000 -0.8334 0.5526
vn -0.0000 -0.8334 0.5526
vn -0.0000 -0.9993 0.0379
vn -0.0000 -0.9993 0.0379
vn 0.0000 -0.8334 -0.5526
vn 0.0000 -0.8334 -0.5526
vn -0.2971 -0.9548 -0.0000
vn -0.2971 -0.9548 -0.0000
vn -0.2971 -0.9548 -0.0000
vn -0.2971 -0.9548 -0.0000
vn 0.0379 -0.9993 -0.0000
vn 0.0379 -0.9993 -0.0000
vn -0.5526 -0.8335 -0.0000
vn -0.5526 -0.8335 -0.0000
vn -0.0000 -0.2880 0.9576
vn -0.0000 -0.2880 0.9576
vn -0.0000 -0.0000 1.0000
vn -0.0000 -0.0000 1.0000
vn 0.0000 -0.9548 -0.2972
vn 0.0000 -0.9548 -0.2972
vn 0.0000 -0.9548 -0.2972
vn 0.0000 -0.9548 -0.2972
vn 0.9576 -0.2880 -0.0000
vn 0.9576 -0.2880 -0.0000
vn 1.0000 0.0000 0.0000
vn 1.0000 0.0000 0.0000
vn -0.9576 -0.2880 -0.0000
vn -0.9576 -0.2880 -0.0000
vn -1.0000 0.0000 -0.0000
vn -1.0000 0.0000 -0.0000
vn 0.0000 -0.9993 -0.0379
vn 0.0000 -0.9993 -0.0379
vn -0.0000 -0.8334 0.5526
vn -0.0000 -0.8334 0.5526
vn -0.0000 -0.9993 0.0379
vn -0.0000 -0.9993 0.0379
vn 0.0000 -0.8334 -0.5526
vn 0.0000 -0.8334 -0.5526
vn 0.0379 -0.9993 -0.0000
vn 0.0379 -0.9993 -0.0000
vn -0.5526 -0.8335 -0.0000
vn -0.5526 -0.8335 -0.0000
vn -0.0000 -0.2880 0.9576
vn -0.0000 -0.2880 0.9576
vn -0.0000 -0.0000 1.0000
vn -0.0000 -0.0000 1.0000
vn -0.9576 -0.2880 -0.0000
vn -0.9576 -0.2880 -0.0000
vn -1.0000 0.0000 -0.0000
vn -1.0000 0.0000 -0.0000
vn 0.0000 -0.9997 -0.0246
vn 0.0000 -0.9997 -0.0246
vn -0.0000 -0.8334 0.5526
vn -0.0000 -0.8334 0.5526
vn -0.0000 -0.9997 0.0246
vn -0.0000 -0.9997 0.0246
vn 0.0000 -0.8334 -0.5527
vn 0.0000 -0.8334 -0.5527
vn 0.0246 -0.9997 -0.0000
vn 0.0246 -0.9997 -0.0000
vn -0.5526 -0.8335 -0.0000
vn -0.5526 -0.8335 -0.0000
vn 0.2971 -0.9548 -0.0000
vn 0.2971 -0.9548 -0.0000
vn 0.2971 -0.9548 -0.0000
vn 0.2971 -0.9548 -0.0000
vn -0.0379 -0.9993 -0.0000
vn -0.0379 -0.9993 -0.0000
vn 0.5526 -0.8335 -0.0000
vn 0.5526 -0.8335 -0.0000
vn -0.0246 -0.9997 -0.0000
vn -0.0246 -0.9997 -0.0000
vn 0.5526 -0.8335 -0.0000
vn 0.5526 -0.8335 -0.0000
vn -0.0000 -0.9548 0.2972
vn -0.0000 -0.9548 0.2972
vn -0.0000 -0.9548 0.2972
vn -0.0000 -0.9548 0.2972
vn 0.0000 -0.2880 -0.9576
vn 0.0000 -0.2880 -0.9576
vn 0.0000 0.0000 -1.0000
vn 0.0000 0.0000 -1.0000
vn 0.0000 -0.2880 -0.9576
vn 0.0000 -0.2880 -0.9576
vn 0.0000 0.0000 -1.0000
vn 0.0000 0.0000 -1.0000
vn 0.2972 -0.9548 -0.0000
vn 0.2972 -0.9548 -0.0000
vn 0.2972 -0.9548 -0.0000
vn 0.2972 -0.9548 -0.0000
vn 0.0000 -0.9474 -0.3201
vn 0.0000 -0.9474 -0.3201
vn 0.0000 -0.9474 -0.3201
vn 0.0000 -0.9474 -0.3201
vn -0.0379 -0.9993 -0.0000
vn -0.0379 -0.9993 -0.0000
vn 0.5526 -0.8335 -0.0000
vn 0.5526 -0.8335 -0.0000
vn -0.0000 -0.9548 0.2972
vn -0.0000 -0.9548 0.2972
vn -0.0000 -0.9548 0.2972
vn -0.0000 -0.9548 0.2972
vn -0.0000 -0.9992 0.0409
vn -0.0000 -0.9992 0.0409
vn 0.0000 -1.0000 -0.0000
vn 0.0000 -0.2880 -0.9576
vn 0.0000 -0.2880 -0.9576
vn 0.0000 0.0000 -1.0000
vn 0.0000 0.0000 -1.0000
vn 0.3201 -0.9474 -0.0000
vn 0.3201 -0.9474 -0.0000
vn 0.3201 -0.9474 -0.0000
vn 0.3201 -0.9474 -0.0000
vn 0.2972 -0.9548 -0.0000
vn 0.2972 -0.9548 -0.0000
vn 0.2972 -0.9548 -0.0000
vn 0.2972 -0.9548 -0.0000
vn -0.0000 -0.9474 0.3201
vn -0.0000 -0.9474 0.3201
vn -0.0000 -0.9474 0.3201
vn -0.0000 -0.9474 0.3201
vn -0.0379 -0.9993 -0.0000
vn -0.0379 -0.9993 -0.0000
vn 0.5526 -0.8335 -0.0000
vn 0.5526 -0.8335 -0.0000
vn -0.0000 -0.9548 0.2972
vn -0.0000 -0.9548 0.2972
vn -0.0000 -0.9548 0.2972
vn -0.0000 -0.9548 0.2972
vn 0.0000 -0.2880 -0.9576
vn 0.0000 -0.2880 -0.9576
vn 0.0000 0.0000 -1.0000
vn 0.0000 0.0000 -1.0000
vn 0.7071 0.0000 -0.7071
vn 0.7071 0.0000 -0.7071
vn 0.7071 0.0000 -0.7071
vn 0.7071 0.0000 -0.7071
vn -0.7071 -0.0000 0.7071
vn -0.7071 -0.0000 0.7071
vn -0.7071 -0.0000 0.7071
vn -0.7071 -0.0000 0.7071
vn 0.0000 -1.0000 -0.0000
vn 0.0000 -1.0000 -0.0000
vn 0.0000 -1.0000 -0.0000
vn 0.0000 -1.0000 -0.0000
vn -0.7071 0.0000 -0.7071
vn -0.7071 0.0000 -0.7071
vn -0.7071 0.0000 -0.7071
vn -0.7071 0.0000 -0.7071
vn 0.7071 -0.0000 0.7071
vn 0.7071 -0.0000 0.7071
vn 0.7071 -0.0000 0.7071
vn 0.7071 -0.0000 0.7071
vn 0.0000 -1.0000 -0.0000
vn 0.0000 -1.0000 -0.0000
vn 0.0000 -1.0000 -0.0000
vn 0.0000 -1.0000 -0.0000
vn 0.7070 -0.7072 -0.0000
vn 0.7070 -0.7072 -0.0000
vn 0.9576 -0.2880 -0.0000
vn 0.9576 -0.2880 -0.0000
vn -0.0000 -0.7071 0.7071
vn -0.0000 -0.7071 0.7071
vn -0.7070 -0.7072 -0.0000
vn -0.7070 -0.7072 -0.0000
vn 0.0000 -0.7071 -0.7071
vn 0.0000 -0.7071 -0.7071
vn 1.0000 0.0000 0.0000
vn 1.0000 0.0000 0.0000
vn -0.1621 -0.9868 -0.0000
vn -0.1621 -0.9868 -0.0000
vn -0.0409 -0.9992 -0.0000
vn -0.0409 -0.9992 -0.0000
vn 0.0000 -0.9868 -0.1622
vn 0.0000 -0.9868 -0.1622
vn 0.1623 -0.9867 -0.0000
vn 0.1623 -0.9867 -0.0000
vn -0.0000 -0.9868 0.1622
vn -0.0000 -0.9868 0.1622
vn -0.1503 -0.9886 -0.0000
vn -0.1503 -0.9886 -0.0000
vn 0.0000 -0.9886 -0.1503
vn 0.0000 -0.9886 -0.1503
vn 0.1503 -0.9886 -0.0000
vn 0.1503 -0.9886 -0.0000
vn -0.0000 -0.9886 0.1503
vn -0.0000 -0.9886 0.1503
vn -0.1503 -0.9886 -0.0000
vn -0.1503 -0.9886 -0.0000
vn 0.0000 -0.9886 -0.1503
vn 0.0000 -0.9886 -0.1503
vn 0.1503 -0.9886 -0.0000
vn 0.1503 -0.9886 -0.0000
vn -0.0000 -0.9886 0.1503
vn -0.0000 -0.9886 0.1503
vn -0.1503 -0.9886 -0.0000
vn -0.1503 -0.9886 -0.0000
vn 0.0000 -0.9886 -0.1503
vn 0.0000 -0.9886 -0.1503
vn 0.1503 -0.9886 -0.0000
vn 0.1503 -0.9886 -0.0000
vn -0.0000 -0.9886 0.1503
vn -0.0000 -0.9886 0.1503
vn -0.0979 -0.9952 -0.0000
vn -0.0979 -0.9952 -0.0000
vn 0.0000 -0.9952 -0.0979
vn 0.0000 -0.9952 -0.0979
vn 0.0979 -0.9952 -0.0000
vn 0.0979 -0.9952 -0.0000
vn -0.0000 -0.9952 0.0979
vn -0.0000 -0.9952 0.0979
vn 1.0000 0.0000 0.0000
vn 1.0000 0.0000 0.0000
vn 1.0000 0.0000 0.0000
vn 1.0000 0.0000 0.0000
vn -0.0000 -0.0000 1.0000
vn -0.0000 -0.0000 1.0000
vn -0.0000 -0.0000 1.0000
vn -0.0000 -0.0000 1.0000
vn -1.0000 0.0000 -0.0000
vn -1.0000 0.0000 -0.0000
vn -1.0000 0.0000 -0.0000
vn -1.0000 0.0000 -0.0000
vn 0.0000 0.0000 -1.0000
vn 0.0000 0.0000 -1.0000
vn 0.0000 0.0000 -1.0000
vn 0.0000 0.0000 -1.0000
vn 0.0000 1.0000 0.0000
vn 0.0000 1.0000 0.0000
vn 0.0000 1.0000 0.0000
vn 0.0000 1.0000 0.0000
vn 0.0000 -0.2881 -0.9576
vn 0.0000 -0.2880 -0.9576
vn 0.0000 0.0000 -1.0000
vn 0.0000 0.0000 -1.0000
vn -0.9576 -0.2880 -0.0000
vn -0.9576 -0.2880 -0.0000
vn -1.0000 0.0000 -0.0000
vn -1.0000 0.0000 -0.0000
vn 0.9577 -0.2878 -0.0000
vn 0.9577 -0.2878 -0.0000
vn 1.0000 0.0000 0.0000
vn 1.0000 0.0000 0.0000
vn -0.0000 -0.2880 0.9576
vn -0.0000 -0.2881 0.9576
vn -0.0000 -0.0000 1.0000
vn -0.0000 -0.0000 1.0000
vn 0.0000 -0.9992 -0.0409
vn 0.0000 -0.9992 -0.0409
vn 0.0000 -1.0000 -0.0000
vn 0.0000 -1.0000 -0.0000
vn -0.3201 -0.9474 -0.0000
vn -0.3201 -0.9474 -0.0000
vn -0.3201 -0.9474 -0.0000
vn -0.3201 -0.9474 -0.0000
vn -0.2972 -0.9548 -0.0000
vn -0.2972 -0.9548 -0.0000
vn -0.2972 -0.9548 -0.0000
vn -0.2972 -0.9548 -0.0000
vn 0.0409 -0.9992 -0.0000
vn 0.0409 -0.9992 -0.0000
vn 0.0000 -1.0000 -0.0000
vn -0.0000 -0.2880 0.9576
vn -0.0000 -0.2881 0.9576
vn -0.0000 -0.0000 1.0000
vn -0.0000 -0.0000 1.0000
vn 0.0000 -0.9548 -0.2972
vn 0.0000 -0.9548 -0.2972
vn 0.0000 -0.9548 -0.2972
vn 0.0000 -0.9548 -0.2972
vn 0.9576 -0.2880 -0.0000
vn 0.9576 -0.2880 -0.0000
vn 1.0000 0.0000 0.0000
vn 1.0000 0.0000 0.0000
vn -0.9576 -0.2880 -0.0000
vn -0.9576 -0.2880 -0.0000
vn -1.0000 0.0000 -0.0000
vn -1.0000 0.0000 -0.0000
vn 0.0000 -0.9993 -0.0379
vn 0.0000 -0.9993 -0.0379
vn -0.0000 -0.8334 0.5526
vn -0.0000 -0.8334 0.5526
vn -0.0000 -0.9993 0.0379
vn -0.0000 -0.9993 0.0379
vn 0.0000 -0.8334 -0.5527
vn 0.0000 -0.8334 -0.5526
vn -0.2972 -0.9548 -0.0000
vn -0.2972 -0.9548 -0.0000
vn -0.2972 -0.9548 -0.0000
vn -0.2972 -0.9548 -0.0000
vn 0.0379 -0.9993 -0.0000
vn 0.0379 -0.9993 -0.0000
vn -0.5526 -0.8335 -0.0000
vn -0.5526 -0.8335 -0.0000
vn -0.0000 -0.2881 0.9576
vn -0.0000 -0.2880 0.9576
vn -0.0000 -0.0000 1.0000
vn -0.0000 -0.0000 1.0000
vn 0.0000 -0.9548 -0.2972
vn 0.0000 -0.9548 -0.2972
vn 0.0000 -0.9548 -0.2972
vn 0.0000 -0.9548 -0.2972
vn 0.9577 -0.2878 -0.0000
vn 0.9577 -0.2878 -0.0000
vn 1.0000 0.0000 0.0000
vn 1.0000 0.0000 0.0000
vn -0.9577 -0.2878 -0.0000
vn -0.9577 -0.2878 -0.0000
vn -1.0000 0.0000 -0.0000
vn -1.0000 0.0000 -0.0000
vn 0.0000 -0.9993 -0.0379
vn 0.0000 -0.9993 -0.0379
vn -0.0000 -0.8334 0.5526
vn -0.0000 -0.8334 0.5526
vn -0.0000 -0.9993 0.0379
vn -0.0000 -0.9993 0.0379
vn 0.0000 -0.8334 -0.5526
vn 0.0000 -0.8334 -0.5527
vn -0.2972 -0.9548 -0.0000
vn -0.2972 -0.9548 -0.0000
vn -0.2972 -0.9548 -0.0000
vn -0.2972 -0.9548 -0.0000
vn 0.0379 -0.9993 -0.0000
vn 0.0379 -0.9993 -0.0000
vn -0.5529 -0.8332 -0.0000
vn -0.5529 -0.8332 -0.0000
vn -0.0000 -0.2880 0.9576
vn -0.0000 -0.2881 0.9576
vn -0.0000 -0.0000 1.0000
vn -0.0000 -0.0000 1.0000
vn 0.0000 -0.9548 -0.2972
vn 0.0000 -0.9548 -0.2972
vn 0.0000 -0.9548 -0.2972
vn 0.0000 -0.9548 -0.2972
vn 0.9576 -0.2880 -0.0000
vn 0.9576 -0.2880 -0.0000
vn 1.0000 0.0000 0.0000
vn 1.0000 0.0000 0.0000
vn -0.9576 -0.2880 -0.0000
vn -0.9576 -0.2880 -0.0000
vn -1.0000 0.0000 -0.0000
vn -1.0000 0.0000 -0.0000
vn 0.0000 -0.9993 -0.0379
vn 0.0000 -0.9993 -0.0379
vn -0.0000 -0.8334 0.5526
vn -0.0000 -0.8334 0.5526
vn -0.0000 -0.9993 0.0379
vn -0.0000 -0.9993 0.0379
vn 0.0000 -0.8334 -0.5526
vn 0.0000 -0.8334 -0.5526
vn 0.0379 -0.9993 -0.0000
vn 0.0379 -0.9993 -0.0000
vn -0.5526 -0.8335 -0.0000
vn -0.5526 -0.8335 -0.0000
vn -0.0000 -0.2881 0.9576
vn -0.0000 -0.2880 0.9576
vn -0.0000 -0.0000 1.0000
vn -0.0000 -0.0000 1.0000
vn -0.9577 -0.2878 -0.0000
vn -0.9577 -0.2878 -0.0000
vn -1.0000 0.0000 -0.0000
vn -1.0000 0.0000 -0.0000
vn 0.0000 -0.9997 -0.0245
vn 0.0000 -0.9997 -0.0246
vn -0.0000 -0.8334 0.5526
vn -0.0000 -0.8334 0.5526
vn -0.0000 -0.9997 0.0246
vn -0.0000 -0.9997 0.0245
vn 0.0000 -0.8334 -0.5526
vn 0.0000 -0.8334 -0.5526
vn 0.0245 -0.9997 -0.0000
vn 0.0245 -0.9997 -0.0000
vn -0.5529 -0.8332 -0.0000
vn -0.5529 -0.8332 -0.0000
vn 0.2972 -0.9548 -0.0000
vn 0.2972 -0.9548 -0.0000
vn 0.2972 -0.9548 -0.0000
vn 0.2972 -0.9548 -0.0000
vn -0.0379 -0.9993 -0.0000
vn -0.0379 -0.9993 -0.0000
vn 0.5529 -0.8332 -0.0000
vn 0.5529 -0.8332 -0.0000
vn -0.0246 -0.9997 -0.0000
vn -0.0246 -0.9997 -0.0000
vn 0.5526 -0.8335 -0.0000
vn 0.5526 -0.8335 -0.0000
vn -0.0000 -0.9548 0.2972
vn -0.0000 -0.9548 0.2972
vn -0.0000 -0.9548 0.2972
vn -0.0000 -0.9548 0.2972
vn 0.0000 -0.2881 -0.9576
vn 0.0000 -0.2880 -0.9576
vn 0.0000 0.0000 -1.0000
vn 0.0000 0.0000 -1.0000
vn 0.0000 -0.2880 -0.9576
vn 0.0000 -0.2881 -0.9576
vn 0.0000 0.0000 -1.0000
vn 0.0000 0.0000 -1.0000
vn 0.2972 -0.9548 -0.0000
vn 0.2972 -0.9548 -0.0000
vn 0.2972 -0.9548 -0.0000
vn 0.2972 -0.9548 -0.0000
vn 0.0000 -0.9474 -0.3201
vn 0.0000 -0.9474 -0.3201
vn 0.0000 -0.9474 -0.3201
vn 0.0000 -0.9474 -0.3201
vn -0.0379 -0.9993 -0.0000
vn -0.0379 -0.9993 -0.0000
vn 0.5529 -0.8332 -0.0000
vn 0.5529 -0.8332 -0.0000
vn -0.0000 -0.9548 0.2972
vn -0.0000 -0.9548 0.2972
vn -0.0000 -0.9548 0.2972
vn -0.0000 -0.9548 0.2972
vn -0.0000 -0.9992 0.0409
vn -0.0000 -0.9992 0.0409
vn 0.0000 -1.0000 -0.0000
vn 0.0000 -0.2881 -0.9576
vn 0.0000 -0.2880 -0.9576
vn 0.0000 0.0000 -1.0000
vn 0.0000 0.0000 -1.0000
vn 0.3201 -0.9474 -0.0000
vn 0.3201 -0.9474 -0.0000
vn 0.3201 -0.9474 -0.0000
vn 0.3201 -0.9474 -0.0000
vn 0.2972 -0.9548 -0.0000
vn 0.2972 -0.9548 -0.0000
vn 0.2972 -0.9548 -0.0000
vn 0.2972 -0.9548 -0.0000
vn -0.0000 -0.9474 0.3201
vn -0.0000 -0.9474 0.3201
vn -0.0000 -0.9474 0.3201
vn -0.0000 -0.9474 0.3201
vn -0.0379 -0.9993 -0.0000
vn -0.0379 -0.9993 -0.0000
vn 0.5526 -0.8335 -0.0000
vn 0.5526 -0.8335 -0.0000
vn -0.0000 -0.9548 0.2972
vn -0.0000 -0.9548 0.2972
vn -0.0000 -0.9548 0.2972
vn -0.0000 -0.9548 0.2972
vn 0.0000 -0.2880 -0.9576
vn 0.0000 -0.2881 -0.9576
vn 0.0000 0.0000 -1.0000
vn 0.0000 0.0000 -1.0000
vn 0.7071 0.0000 -0.7071
vn 0.7071 0.0000 -0.7071
vn 0.7071 0.0000 -0.7071
vn 0.7071 0.0000 -0.7071
vn -0.7071 -0.0000 0.7071
vn -0.7071 -0.0000 0.7071
vn -0.7071 -0.0000 0.7071
vn -0.7071 -0.0000 0.7071
vn 0.0000 -1.0000 -0.0000
vn 0.0000 -1.0000 -0.0000
vn 0.0000 -1.0000 -0.0000
vn 0.0000 -1.0000 -0.0000
vn -0.7071 0.0000 -0.7071
vn -0.7071 0.0000 -0.7071
vn -0.7071 0.0000 -0.7071
vn -0.7071 0.0000 -0.7071
vn 0.7071 -0.0000 0.7071
vn 0.7071 -0.0000 0.7071
vn 0.7071 -0.0000 0.7071
vn 0.7071 -0.0000 0.7071
vn 0.0000 -1.0000 -0.0000
vn 0.0000 -1.0000 -0.0000
vn 0.0000 -1.0000 -0.0000
vn 0.0000 -1.0000 -0.0000
vn 0.7074 -0.7068 -0.0000
vn 0.7074 -0.7068 -0.0000
vn 0.9577 -0.2878 -0.0000
vn 0.9577 -0.2878 -0.0000
vn -0.0000 -0.7071 0.7071
vn -0.0000 -0.7071 0.7071
vn -0.7070 -0.7072 -0.0000
vn -0.7070 -0.7072 -0.0000
vn 0.0000 -0.7071 -0.7071
vn 0.0000 -0.7071 -0.7071
vn 1.0000 0.0000 0.0000
vn 1.0000 0.0000 0.0000
vn -0.1622 -0.9868 -0.0000
vn -0.1622 -0.9868 -0.0000
vn -0.0409 -0.9992 -0.0000
vn -0.0409 -0.9992 -0.0000
vn 0.0000 -0.9868 -0.1622
vn 0.0000 -0.9868 -0.1622
vn 0.1623 -0.9867 -0.0000
vn 0.1623 -0.9867 -0.0000
vn -0.0000 -0.9868 0.1622
vn -0.0000 -0.9868 0.1622
vn -0.1502 -0.9887 -0.0000
vn -0.1502 -0.9887 -0.0000
vn 0.0000 -0.9886 -0.1503
vn 0.0000 -0.9886 -0.1503
vn 0.1503 -0.9886 -0.0000
vn 0.1503 -0.9886 -0.0000
vn -0.0000 -0.9886 0.1503
vn -0.0000 -0.9886 0.1503
vn -0.1503 -0.9886 -0.0000
vn -0.1503 -0.9886 -0.0000
vn 0.0000 -0.9886 -0.1503
vn 0.0000 -0.9886 -0.1503
vn 0.1502 -0.9887 -0.0000
vn 0.1502 -0.9887 -0.0000
vn -0.0000 -0.9886 0.1503
vn -0.0000 -0.9886 0.1503
vn -0.1502 -0.9887 -0.0000
vn -0.1502 -0.9887 -0.0000
vn 0.0000 -0.9886 -0.1503
vn 0.0000 -0.9886 -0.1503
vn 0.1503 -0.9886 -0.0000
vn 0.1503 -0.9886 -0.0000
vn -0.0000 -0.9886 0.1503
vn -0.0000 -0.9886 0.1503
vn -0.0979 -0.9952 -0.0000
vn -0.0979 -0.9952 -0.0000
vn 0.0000 -0.9952 -0.0979
vn 0.0000 -0.9952 -0.0979
vn 0.0978 -0.9952 -0.0000
vn 0.0978 -0.9952 -0.0000
vn -0.0000 -0.9952 0.0979
vn -0.0000 -0.9952 0.0979
vn 1.0000 0.0000 0.0000
vn 1.0000 0.0000 0.0000
vn 1.0000 0.0000 0.0000
vn 1.0000 0.0000 0.0000
vn -0.0000 -0.0000 1.0000
vn -0.0000 -0.0000 1.0000
vn -0.0000 -0.0000 1.0000
vn -0.0000 -0.0000 1.0000
vn -1.0000 0.0000 -0.0000
vn -1.0000 0.0000 -0.0000
vn -1.0000 0.0000 -0.0000
vn -1.0000 0.0000 -0.0000
vn 0.0000 0.0000 -1.0000
vn 0.0000 0.0000 -1.0000
vn 0.0000 0.0000 -1.0000
vn 0.0000 0.0000 -1.0000
vn 0.0000 1.0000 0.0000
vn 0.0000 1.0000 0.0000
vn 0.0000 1.0000 0.0000
vn 0.0000 1.0000 0.0000
vn 0.0000 -0.2881 -0.9576
vn 0.0000 -0.2880 -0.9576
vn 0.0000 0.0000 -1.0000
vn 0.0000 0.0000 -1.0000
vn -0.9576 -0.2880 -0.0000
vn -0.9576 -0.2880 -0.0000
vn -1.0000 0.0000 -0.0000
vn -1.0000 0.0000 -0.0000
vn 0.9577 -0.2878 -0.0000
vn 0.9577 -0.2878 -0.0000
vn 1.0000 0.0000 0.0000
vn 1.0000 0.0000 0.0000
vn -0.0000 -0.2880 0.9576
vn -0.0000 -0.2881 0.9576
vn -0.0000 -0.0000 1.0000
vn -0.0000 -0.0000 1.0000
vn 0.0000 -0.9992 -0.0409
vn 0.0000 -0.9992 -0.0409
vn 0.0000 -1.0000 -0.0000
vn 0.0000 -1.0000 -0.0000
vn -0.3201 -0.9474 -0.0000
vn -0.3201 -0.9474 -0.0000
vn -0.3201 -0.9474 -0.0000
vn -0.3201 -0.9474 -0.0000
vn -0.2972 -0.9548 -0.0000
vn -0.2972 -0.9548 -0.0000
vn -0.2972 -0.9548 -0.0000
vn -0.2972 -0.9548 -0.0000
vn 0.0409 -0.9992 -0.0000
vn 0.0409 -0.9992 -0.0000
vn 0.0000 -1.0000 -0.0000
vn -0.0000 -0.2880 0.9576
vn -0.0000 -0.2881 0.9576
vn -0.0000 -0.0000 1.0000
vn -0.0000 -0.0000 1.0000
vn 0.0000 -0.9548 -0.2972
vn 0.0000 -0.9548 -0.2972
vn 0.0000 -0.9548 -0.2972
vn 0.0000 -0.9548 -0.2972
vn 0.9576 -0.2880 -0.0000
vn 0.9576 -0.2880 -0.0000
vn 1.0000 0.0000 0.0000
vn 1.0000 0.0000 0.0000
vn -0.9576 -0.2880 -0.0000
vn -0.9576 -0.2880 -0.0000
vn -1.0000 0.0000 -0.0000
vn -1.0000 0.0000 -0.0000
vn 0.0000 -0.9993 -0.0379
vn 0.0000 -0.9993 -0.0379
vn -0.0000 -0.8334 0.5526
vn -0.0000 -0.8334 0.5526
vn -0.0000 -0.9993 0.0379
vn -0.0000 -0.9993 0.0379
vn 0.0000 -0.8334 -0.5526
vn 0.0000 -0.8334 -0.5526
vn -0.2972 -0.9548 -0.0000
vn -0.2972 -0.9548 -0.0000
vn -0.2972 -0.9548 -0.0000
vn -0.2972 -0.9548 -0.0000
vn 0.0379 -0.9993 -0.0000
vn 0.0379 -0.9993 -0.0000
vn -0.5526 -0.8335 -0.0000
vn -0.5526 -0.8335 -0.0000
vn -0.0000 -0.2880 0.9576
vn -0.0000 -0.2880 0.9576
vn -0.0000 -0.0000 1.0000
vn -0.0000 -0.0000 1.0000
vn 0.0000 -0.9548 -0.2972
vn 0.0000 -0.9548 -0.2972
vn 0.0000 -0.9548 -0.2972
vn 0.0000 -0.9548 -0.2972
vn 0.9576 -0.2880 -0.0000
vn 0.9576 -0.2880 -0.0000
vn 1.0000 0.0000 0.0000
vn 1.0000 0.0000 0.0000
vn -0.9576 -0.2880 -0.0000
vn -0.9576 -0.2880 -0.0000
vn -1.0000 0.0000 -0.0000
vn -1.0000 0.0000 -0.0000
vn 0.0000 -0.9993 -0.0379
vn 0.0000 -0.9993 -0.0379
vn -0.0000 -0.8334 0.5526
vn -0.0000 -0.8334 0.5526
vn -0.0000 -0.9993 0.0379
vn -0.0000 -0.9993 0.0379
vn 0.0000 -0.8334 -0.5526
vn 0.0000 -0.8334 -0.5526
vn -0.2972 -0.9548 -0.0000
vn -0.2972 -0.9548 -0.0000
vn -0.2972 -0.9548 -0.0000
vn -0.2972 -0.9548 -0.0000
vn 0.0379 -0.9993 -0.0000
vn 0.0379 -0.9993 -0.0000
vn -0.5526 -0.8335 -0.0000
vn -0.5526 -0.8335 -0.0000
vn -0.0000 -0.2880 0.9576
vn -0.0000 -0.2880 0.9576
vn -0.0000 -0.0000 1.0000
vn -0.0000 -0.0000 1.0000
vn 0.0000 -0.9548 -0.2972
vn 0.0000 -0.9548 -0.2972
vn 0.0000 -0.9548 -0.2972
vn 0.0000 -0.9548 -0.2972
vn 0.9576 -0.2880 -0.0000
vn 0.9576 -0.2880 -0.0000
vn 1.0000 0.0000 0.0000
vn 1.0000 0.0000 0.0000
vn -0.9576 -0.2880 -0.0000
vn -0.9576 -0.2880 -0.0000
vn -1.0000 0.0000 -0.0000
vn -1.0000 0.0000 -0.0000
vn 0.0000 -0.9993 -0.0379
vn 0.0000 -0.9993 -0.0379
vn -0.0000 -0.8334 0.5526
vn -0.0000 -0.8334 0.5526
vn -0.0000 -0.9993 0.0379
vn -0.0000 -0.9993 0.0379
vn 0.0000 -0.8334 -0.5526
vn 0.0000 -0.8334 -0.5526
vn 0.0379 -0.9993 -0.0000
vn 0.0379 -0.9993 -0.0000
vn -0.5526 -0.8335 -0.0000
vn -0.5526 -0.8335 -0.0000
vn -0.0000 -0.2880 0.9576
vn -0.0000 -0.2880 0.9576
vn -0.0000 -0.0000 1.0000
vn -0.0000 -0.0000 1.0000
vn -0.9576 -0.2880 -0.0000
vn -0.9576 -0.2880 -0.0000
vn -1.0000 0.0000 -0.0000
vn -1.0000 0.0000 -0.0000
vn 0.0000 -0.9997 -0.0245
vn 0.0000 -0.9997 -0.0246
vn -0.0000 -0.8334 0.5526
vn -0.0000 -0.8334 0.5526
vn -0.0000 -0.9997 0.0246
vn -0.0000 -0.9997 0.0245
vn 0.0000 -0.8334 -0.5526
vn 0.0000 -0.8334 -0.5526
vn 0.0245 -0.9997 -0.0000
vn 0.0245 -0.9997 -0.0000
vn -0.5526 -0.8335 -0.0000
vn -0.5526 -0.8335 -0.0000
vn 0.2971 -0.9548 -0.0000
vn 0.2971 -0.9548 -0.0000
vn 0.2971 -0.9548 -0.0000
vn 0.2971 -0.9548 -0.0000
vn -0.0379 -0.9993 -0.0000
vn -0.0379 -0.9993 -0.0000
vn 0.5529 -0.8332 -0.0000
vn 0.5529 -0.8332 -0.0000
vn -0.0246 -0.9997 -0.0000
vn -0.0246 -0.9997 -0.0000
vn 0.5526 -0.8335 -0.0000
vn 0.5526 -0.8335 -0.0000
vn -0.0000 -0.9548 0.2972
vn -0.0000 -0.9548 0.2972
vn -0.0000 -0.9548 0.2972
vn -0.0000 -0.9548 0.2972
vn 0.0000 -0.2881 -0.9576
vn 0.0000 -0.2880 -0.9576
vn 0.0000 0.0000 -1.0000
vn 0.0000 0.0000 -1.0000
vn 0.0000 -0.2880 -0.9576
vn 0.0000 -0.2880 -0.9576
vn 0.0000 0.0000 -1.0000
vn 0.0000 0.0000 -1.0000
vn 0.2972 -0.9548 -0.0000
vn 0.2972 -0.9548 -0.0000
vn 0.2972 -0.9548 -0.0000
vn 0.2972 -0.9548 -0.0000
vn 0.0000 -0.9474 -0.3201
vn 0.0000 -0.9474 -0.3201
vn 0.0000 -0.9474 -0.3201
vn 0.0000 -0.9474 -0.3201
vn -0.0378 -0.9993 -0.0000
vn -0.0378 -0.9993 -0.0000
vn 0.5526 -0.8334 -0.0000
vn 0.5526 -0.8334 -0.0000
vn -0.0000 -0.9548 0.2972
vn -0.0000 -0.9548 0.2972
vn -0.0000 -0.9548 0.2972
vn -0.0000 -0.9548 0.2972
vn -0.0000 -0.9992 0.0409
vn -0.0000 -0.9992 0.0409
vn 0.0000 -1.0000 -0.0000
vn 0.0000 -0.2880 -0.9576
vn 0.0000 -0.2880 -0.9576
vn 0.0000 0.0000 -1.0000
vn 0.0000 0.0000 -1.0000
vn 0.3201 -0.9474 -0.0000
vn 0.3201 -0.9474 -0.0000
vn 0.3201 -0.9474 -0.0000
vn 0.3201 -0.9474 -0.0000
vn 0.2972 -0.9548 -0.0000
vn 0.2972 -0.9548 -0.0000
vn 0.2972 -0.9548 -0.0000
vn 0.2972 -0.9548 -0.0000
vn -0.0000 -0.9474 0.3201
vn -0.0000 -0.9474 0.3201
vn -0.0000 -0.9474 0.3201
vn -0.0000 -0.9474 0.3201
vn -0.0379 -0.9993 -0.0000
vn -0.0379 -0.9993 -0.0000
vn 0.5526 -0.8335 -0.0000
vn 0.5526 -0.8335 -0.0000
vn -0.0000 -0.9548 0.2972
vn -0.0000 -0.9548 0.2972
vn -0.0000 -0.9548 0.2972
vn -0.0000 -0.9548 0.2972
vn 0.0000 -0.2880 -0.9576
vn 0.0000 -0.2880 -0.9576
vn 0.0000 0.0000 -1.0000
vn 0.0000 0.0000 -1.0000
vn 0.7071 0.0000 -0.7071
vn 0.7071 0.0000 -0.7071
vn 0.7071 0.0000 -0.7071
vn 0.7071 0.0000 -0.7071
vn -0.7071 -0.0000 0.7071
vn -0.7071 -0.0000 0.7071
vn -0.7071 -0.0000 0.7071
vn -0.7071 -0.0000 0.7071
vn 0.0000 -1.0000 -0.0000
vn 0.0000 -1.0000 -0.0000
vn 0.0000 -1.0000 -0.0000
vn 0.0000 -1.0000 -0.0000
vn -0.7071 0.0000 -0.7071
vn -0.7071 0.0000 -0.7071
vn -0.7071 0.0000 -0.7071
vn -0.7071 0.0000 -0.7071
vn 0.7071 -0.0000 0.7071
vn 0.7071 -0.0000 0.7071
vn 0.7071 -0.0000 0.7071
vn 0.7071 -0.0000 0.7071
vn 0.0000 -1.0000 -0.0000
vn 0.0000 -1.0000 -0.0000
vn 0.0000 -1.0000 -0.0000
vn 0.0000 -1.0000 -0.0000
vn 0.7074 -0.7068 -0.0000
vn 0.7074 -0.7068 -0.0000
vn 0.9577 -0.2878 -0.0000
vn 0.9577 -0.2878 -0.0000
vn -0.0000 -0.7071 0.7071
vn -0.0000 -0.7071 0.7071
vn -0.7070 -0.7072 -0.0000
vn -0.7070 -0.7072 -0.0000
vn 0.0000 -0.7071 -0.7071
vn 0.0000 -0.7071 -0.7071
vn 1.0000 0.0000 0.0000
vn 1.0000 0.0000 0.0000
vn -0.1622 -0.9868 -0.0000
vn -0.1622 -0.9868 -0.0000
vn -0.0409 -0.9992 -0.0000
vn -0.0409 -0.9992 -0.0000
vn 0.0000 -0.9868 -0.1622
vn 0.0000 -0.9868 -0.1622
vn 0.1623 -0.9867 -0.0000
vn 0.1623 -0.9867 -0.0000
vn -0.0000 -0.9868 0.1622
vn -0.0000 -0.9868 0.1622
vn -0.1502 -0.9887 -0.0000
vn -0.1502 -0.9887 -0.0000
vn 0.0000 -0.9886 -0.1503
vn 0.0000 -0.9886 -0.1503
vn 0.1503 -0.9886 -0.0000
vn 0.1503 -0.9886 -0.0000
vn -0.0000 -0.9886 0.1503
vn -0.0000 -0.9886 0.1503
vn -0.1503 -0.9886 -0.0000
vn -0.1503 -0.9886 -0.0000
vn 0.0000 -0.9886 -0.1503
vn 0.0000 -0.9886 -0.1503
vn 0.1503 -0.9886 -0.0000
vn 0.1503 -0.9886 -0.0000
vn -0.0000 -0.9886 0.1503
vn -0.0000 -0.9886 0.1503
vn -0.1502 -0.9887 -0.0000
vn -0.1502 -0.9887 -0.0000
vn 0.0000 -0.9886 -0.1503
vn 0.0000 -0.9886 -0.1503
vn 0.1503 -0.9886 -0.0000
vn 0.1503 -0.9886 -0.0000
vn -0.0000 -0.9886 0.1503
vn -0.0000 -0.9886 0.1503
vn -0.0979 -0.9952 -0.0000
vn -0.0979 -0.9952 -0.0000
vn 0.0000 -0.9952 -0.0979
vn 0.0000 -0.9952 -0.0979
vn 0.0978 -0.9952 -0.0000
vn 0.0978 -0.9952 -0.0000
vn -0.0000 -0.9952 0.0979
vn -0.0000 -0.9952 0.0979
vn 1.0000 0.0000 0.0000
vn 1.0000 0.0000 0.0000
vn 1.0000 0.0000 0.0000
vn 1.0000 0.0000 0.0000
vn -0.0000 -0.0000 1.0000
vn -0.0000 -0.0000 1.0000
vn -0.0000 -0.0000 1.0000
vn -0.0000 -0.0000 1.0000
vn -1.0000 0.0000 -0.0000
vn -1.0000 0.0000 -0.0000
vn -1.0000 0.0000 -0.0000
vn -1.0000 0.0000 -0.0000
vn 0.0000 0.0000 -1.0000
vn 0.0000 0.0000 -1.0000
vn 0.0000 0.0000 -1.0000
vn 0.0000 0.0000 -1.0000
vn 0.0000 1.0000 0.0000
vn 0.0000 1.0000 0.0000
vn 0.0000 1.0000 0.0000
vn 0.0000 1.0000 0.0000
vn 0.0000 -0.2881 -0.9576
vn 0.0000 -0.2880 -0.9576
vn 0.0000 0.0000 -1.0000
vn 0.0000 0.0000 -1.0000
vn -0.9576 -0.2880 -0.0000
vn -0.9576 -0.2880 -0.0000
vn -1.0000 0.0000 -0.0000
vn -1.0000 0.0000 -0.0000
vn 0.9577 -0.2878 -0.0000
vn 0.9577 -0.2878 -0.0000
vn 1.0000 0.0000 0.0000
vn 1.0000 0.0000 0.0000
vn -0.0000 -0.2880 0.9576
vn -0.0000 -0.2881 0.9576
vn -0.0000 -0.0000 1.0000
vn -0.0000 -0.0000 1.0000
vn 0.0000 -0.9992 -0.0409
vn 0.0000 -0.9992 -0.0409
vn 0.0000 -1.0000 -0.0000
vn 0.0000 -1.0000 -0.0000
vn -0.3201 -0.9474 -0.0000
vn -0.3201 -0.9474 -0.0000
vn -0.3201 -0.9474 -0.0000
vn -0.3201 -0.9474 -0.0000
vn -0.2972 -0.9548 -0.0000
vn -0.2972 -0.9548 -0.0000
vn -0.2972 -0.9548 -0.0000
vn -0.2972 -0.9548 -0.0000
vn 0.0409 -0.9992 -0.0000
vn 0.0409 -0.9992 -0.0000
vn 0.0000 -1.0000 -0.0000
vn -0.0000 -0.2880 0.9576
vn -0.0000 -0.2881 0.9576
vn -0.0000 -0.0000 1.0000
vn -0.0000 -0.0000 1.0000
vn 0.0000 -0.9548 -0.2972
vn 0.0000 -0.9548 -0.2972
vn 0.0000 -0.9548 -0.2972
vn 0.0000 -0.9548 -0.2972
vn 0.9576 -0.2880 -0.0000
vn 0.9576 -0.2880 -0.0000
vn 1.0000 0.0000 0.0000
vn 1.0000 0.0000 0.0000
vn -0.9576 -0.2880 -0.0000
vn -0.9576 -0.2880 -0.0000
vn -1.0000 0.0000 -0.0000
vn -1.0000 0.0000 -0.0000
vn 0.0000 -0.9993 -0.0379
vn 0.0000 -0.9993 -0.0379
vn -0.0000 -0.8334 0.5526
vn -0.0000 -0.8334 0.5526
vn -0.0000 -0.9993 0.0379
vn -0.0000 -0.9993 0.0379
vn 0.0000 -0.8334 -0.5527
vn 0.0000 -0.8334 -0.5526
vn -0.2972 -0.9548 -0.0000
vn -0.2972 -0.9548 -0.0000
vn -0.2972 -0.9548 -0.0000
vn -0.2972 -0.9548 -0.0000
vn 0.0379 -0.9993 -0.0000
vn 0.0379 -0.9993 -0.0000
vn -0.5526 -0.8335 -0.0000
vn -0.5526 -0.8335 -0.0000
vn -0.0000 -0.2880 0.9576
vn -0.0000 -0.2880 0.9576
vn -0.0000 -0.0000 1.0000
vn -0.0000 -0.0000 1.0000
vn 0.0000 -0.9548 -0.2972
vn 0.0000 -0.9548 -0.2972
vn 0.0000 -0.9548 -0.2972
vn 0.0000 -0.9548 -0.2972
vn 0.9576 -0.2880 -0.0000
vn 0.9576 -0.2880 -0.0000
vn 1.0000 0.0000 0.0000
vn 1.0000 0.0000 0.0000
vn -0.9576 -0.2880 -0.0000
vn -0.9576 -0.2880 -0.0000
vn -1.0000 0.0000 -0.0000
vn -1.0000 0.0000 -0.0000
vn 0.0000 -0.9993 -0.0379
vn 0.0000 -0.9993 -0.0379
vn -0.0000 -0.8334 0.5526
vn -0.0000 -0.8334 0.5526
vn -0.0000 -0.9993 0.0379
vn -0.0000 -0.9993 0.0379
vn 0.0000 -0.8334 -0.5526
vn 0.0000 -0.8334 -0.5526
vn -0.2972 -0.9548 -0.0000
vn -0.2972 -0.9548 -0.0000
vn -0.2972 -0.9548 -0.0000
vn -0.2972 -0.9548 -0.0000
vn 0.0379 -0.9993 -0.0000
vn 0.0379 -0.9993 -0.0000
vn -0.5526 -0.8335 -0.0000
vn -0.5526 -0.8335 -0.0000
vn -0.0000 -0.2880 0.9576
vn -0.0000 -0.2880 0.9576
vn -0.0000 -0.0000 1.0000
vn -0.0000 -0.0000 1.0000
vn 0.0000 -0.9548 -0.2972
vn 0.0000 -0.9548 -0.2972
vn 0.0000 -0.9548 -0.2972
vn 0.0000 -0.9548 -0.2972
vn 0.9576 -0.2880 -0.0000
vn 0.9576 -0.2880 -0.0000
vn 1.0000 0.0000 0.0000
vn 1.0000 0.0000 0.0000
vn -0.9576 -0.2880 -0.0000
vn -0.9576 -0.2880 -0.0000
vn -1.0000 0.0000 -0.0000
vn -1.0000 0.0000 -0.0000
vn 0.0000 -0.9993 -0.0379
vn 0.0000 -0.9993 -0.0379
vn -0.0000 -0.8334 0.5526
vn -0.0000 -0.8334 0.5526
vn -0.0000 -0.9993 0.0379
vn -0.0000 -0.9993 0.0379
vn 0.0000 -0.8334 -0.5526
vn 0.0000 -0.8334 -0.5526
vn 0.0379 -0.9993 -0.0000
vn 0.0379 -0.9993 -0.0000
vn -0.5526 -0.8335 -0.0000
vn -0.5526 -0.8335 -0.0000
vn -0.0000 -0.2880 0.9576
vn -0.0000 -0.2880 0.9576
vn -0.0000 -0.0000 1.0000
vn -0.0000 -0.0000 1.0000
vn -0.9576 -0.2880 -0.0000
vn -0.9576 -0.2880 -0.0000
vn -1.0000 0.0000 -0.0000
vn -1.0000 0.0000 -0.0000
vn 0.0000 -0.9997 -0.0245
vn 0.0000 -0.9997 -0.0246
vn -0.0000 -0.8334 0.5526
vn -0.0000 -0.8334 0.5526
vn -0.0000 -0.9997 0.0246
vn -0.0000 -0.9997 0.0245
vn 0.0000 -0.8334 -0.5527
vn 0.0000 -0.8334 -0.5527
vn 0.0245 -0.9997 -0.0000
vn 0.0245 -0.9997 -0.0000
vn -0.5526 -0.8335 -0.0000
vn -0.5526 -0.8335 -0.0000
vn 0.2971 -0.9548 -0.0000
vn 0.2971 -0.9548 -0.0000
vn 0.2971 -0.9548 -0.0000
vn 0.2971 -0.9548 -0.0000
vn -0.0379 -0.9993 -0.0000
vn -0.0379 -0.9993 -0.0000
vn 0.5529 -0.8332 -0.0000
vn 0.5529 -0.8332 -0.0000
vn -0.0246 -0.9997 -0.0000
vn -0.0246 -0.9997 -0.0000
vn 0.5526 -0.8335 -0.0000
vn 0.5526 -0.8335 -0.0000
vn -0.0000 -0.9548 0.2972
vn -0.0000 -0.9548 0.2972
vn -0.0000 -0.9548 0.2972
vn -0.0000 -0.9548 0.2972
vn 0.0000 -0.2881 -0.9576
vn 0.0000 -0.2880 -0.9576
vn 0.0000 0.0000 -1.0000
vn 0.0000 0.0000 -1.0000
vn 0.0000 -0.2880 -0.9576
vn 0.0000 -0.2880 -0.9576
vn 0.0000 0.0000 -1.0000
vn 0.0000 0.0000 -1.0000
vn 0.2972 -0.9548 -0.0000
vn 0.2972 -0.9548 -0.0000
vn 0.2972 -0.9548 -0.0000
vn 0.2972 -0.9548 -0.0000
vn 0.0000 -0.9474 -0.3201
vn 0.0000 -0.9474 -0.3201
vn 0.0000 -0.9474 -0.3201
vn 0.0000 -0.9474 -0.3201
vn -0.0378 -0.9993 -0.0000
vn -0.0378 -0.9993 -0.0000
vn 0.5526 -0.8334 -0.0000
vn 0.5526 -0.8334 -0.0000
vn -0.0000 -0.9548 0.2972
vn -0.0000 -0.9548 0.2972
vn -0.0000 -0.9548 0.2972
vn -0.0000 -0.9548 0.2972
vn -0.0000 -0.9992 0.0409
vn -0.0000 -0.9992 0.0409
vn 0.0000 -1.0000 -0.0000
vn 0.0000 -0.2880 -0.9576
vn 0.0000 -0.2880 -0.9576
vn 0.0000 0.0000 -1.0000
vn 0.0000 0.0000 -1.0000
vn 0.3201 -0.9474 -0.0000
vn 0.3201 -0.9474 -0.0000
vn 0.3201 -0.9474 -0.0000
vn 0.3201 -0.9474 -0.0000
vn 0.2972 -0.9548 -0.0000
vn 0.2972 -0.9548 -0.0000
vn 0.2972 -0.9548 -0.0000
vn 0.2972 -0.9548 -0.0000
vn -0.0000 -0.9474 0.3201
vn -0.0000 -0.9474 0.3201
vn -0.0000 -0.9474 0.3201
vn -0.0000 -0.9474 0.3201
vn -0.0379 -0.9993 -0.0000
vn -0.0379 -0.9993 -0.0000
vn 0.5526 -0.8335 -0.0000
vn 0.5526 -0.8335 -0.0000
vn -0.0000 -0.9548 0.2972
vn -0.0000 -0.9548 0.2972
vn -0.0000 -0.9548 0.2972
vn -0.0000 -0.9548 0.2972
vn 0.0000 -0.2880 -0.9576
vn 0.0000 -0.2880 -0.9576
vn 0.0000 0.0000 -1.0000
vn 0.0000 0.0000 -1.0000
vn 0.7071 0.0000 -0.7071
vn 0.7071 0.0000 -0.7071
vn 0.7071 0.0000 -0.7071
vn 0.7071 0.0000 -0.7071
vn -0.7071 -0.0000 0.7071
vn -0.7071 -0.0000 0.7071
vn -0.7071 -0.0000 0.7071
vn -0.7071 -0.0000 0.7071
vn 0.0000 -1.0000 -0.0000
vn 0.0000 -1.0000 -0.0000
vn 0.0000 -1.0000 -0.0000
vn 0.0000 -1.0000 -0.0000
vn -0.7071 0.0000 -0.7071
vn -0.7071 0.0000 -0.7071
vn -0.7071 0.0000 -0.7071
vn -0.7071 0.0000 -0.7071
vn 0.7071 -0.0000 0.7071
vn 0.7071 -0.0000 0.7071
vn 0.7071 -0.0000 0.7071
vn 0.7071 -0.0000 0.7071
vn 0.0000 -1.0000 -0.0000
vn 0.0000 -1.0000 -0.0000
vn 0.0000 -1.0000 -0.0000
vn 0.0000 -1.0000 -0.0000
vn 0.7074 -0.7068 -0.0000
vn 0.7074 -0.7068 -0.0000
vn 0.9577 -0.2878 -0.0000
vn 0.9577 -0.2878 -0.0000
vn -0.0000 -0.7071 0.7071
vn -0.0000 -0.7071 0.7071
vn -0.7070 -0.7072 -0.0000
vn -0.7070 -0.7072 -0.0000
vn 0.0000 -0.7071 -0.7071
vn 0.0000 -0.7071 -0.7071
vn 1.0000 0.0000 0.0000
vn 1.0000 0.0000 0.0000
vn -0.1622 -0.9868 -0.0000
vn -0.1622 -0.9868 -0.0000
vn -0.0409 -0.9992 -0.0000
vn -0.0409 -0.9992 -0.0000
vn 0.0000 -0.9868 -0.1622
vn 0.0000 -0.9868 -0.1622
vn 0.1622 -0.9868 -0.0000
vn 0.1622 -0.9868 -0.0000
vn -0.0000 -0.9868 0.1622
vn -0.0000 -0.9868 0.1622
vn -0.1502 -0.9887 -0.0000
vn -0.1502 -0.9887 -0.0000
vn 0.0000 -0.9886 -0.1503
vn 0.0000 -0.9886 -0.1503
vn 0.1503 -0.9886 -0.0000
vn 0.1503 -0.9886 -0.0000
vn -0.0000 -0.9886 0.1503
vn -0.0000 -0.9886 0.1503
vn -0.1503 -0.9886 -0.0000
vn -0.1503 -0.9886 -0.0000
vn 0.0000 -0.9886 -0.1503
vn 0.0000 -0.9886 -0.1503
vn 0.1503 -0.9886 -0.0000
vn 0.1503 -0.9886 -0.0000
vn -0.0000 -0.9886 0.1503
vn -0.0000 -0.9886 0.1503
vn -0.1502 -0.9887 -0.0000
vn -0.1502 -0.9887 -0.0000
vn 0.0000 -0.9886 -0.1503
vn 0.0000 -0.9886 -0.1503
vn 0.1503 -0.9886 -0.0000
vn 0.1503 -0.9886 -0.0000
vn -0.0000 -0.9886 0.1503
vn -0.0000 -0.9886 0.1503
vn -0.0979 -0.9952 -0.0000
vn -0.0979 -0.9952 -0.0000
vn 0.0000 -0.9952 -0.0979
vn 0.0000 -0.9952 -0.0979
vn 0.0978 -0.9952 -0.0000
vn 0.0978 -0.9952 -0.0000
vn -0.0000 -0.9952 0.0979
vn -0.0000 -0.9952 0.0979
vn 1.0000 0.0000 0.0000
vn 1.0000 0.0000 0.0000
vn 1.0000 0.0000 0.0000
vn 1.0000 0.0000 0.0000
vn -0.0000 -0.0000 1.0000
vn -0.0000 -0.0000 1.0000
vn -0.0000 -0.0000 1.0000
vn -0.0000 -0.0000 1.0000
vn -1.0000 0.0000 -0.0000
vn -1.0000 0.0000 -0.0000
vn -1.0000 0.0000 -0.0000
vn -1.0000 0.0000 -0.0000
vn 0.0000 0.0000 -1.0000
vn 0.0000 0.0000 -1.0000
vn 0.0000 0.0000 -1.0000
vn 0.0000 0.0000 -1.0000
vn 0.0000 1.0000 0.0000
vn 0.0000 1.0000 0.0000
vn 0.0000 1.0000 0.0000
vn 0.0000 1.0000 0.0000
vn 0.0000 -0.2880 -0.9576
vn 0.0000 -0.2880 -0.9576
vn 0.0000 0.0000 -1.0000
vn 0.0000 0.0000 -1.0000
vn -0.9576 -0.2880 -0.0000
vn -0.9576 -0.2880 -0.0000
vn -1.0000 0.0000 -0.0000
vn -1.0000 0.0000 -0.0000
vn 0.9576 -0.2880 -0.0000
vn 0.9576 -0.2880 -0.0000
vn 1.0000 0.0000 0.0000
vn 1.0000 0.0000 0.0000
vn -0.0000 -0.2880 0.9576
vn -0.0000 -0.2880 0.9576
vn -0.0000 -0.0000 1.0000
vn -0.0000 -0.0000 1.0000
vn 0.0000 -0.9992 -0.0409
vn 0.0000 -0.9992 -0.0409
vn 0.0000 -1.0000 -0.0000
vn 0.0000 -1.0000 -0.0000
vn -0.3201 -0.9474 -0.0000
vn -0.3201 -0.9474 -0.0000
vn -0.3201 -0.9474 -0.0000
vn -0.3201 -0.9474 -0.0000
vn -0.2972 -0.9548 -0.0000
vn -0.2972 -0.9548 -0.0000
vn -0.2972 -0.9548 -0.0000
vn -0.2972 -0.9548 -0.0000
vn 0.0409 -0.9992 -0.0000
vn 0.0409 -0.9992 -0.0000
vn 0.0000 -1.0000 -0.0000
vn -0.0000 -0.2879 0.9577
vn -0.0000 -0.2879 0.9577
vn -0.0000 -0.0000 1.0000
vn -0.0000 -0.0000 1.0000
vn 0.0000 -0.9548 -0.2972
vn 0.0000 -0.9548 -0.2972
vn 0.0000 -0.9548 -0.2972
vn 0.0000 -0.9548 -0.2972
vn 0.9576 -0.2880 -0.0000
vn 0.9576 -0.2880 -0.0000
vn 1.0000 0.0000 0.0000
vn 1.0000 0.0000 0.0000
vn -0.9576 -0.2880 -0.0000
vn -0.9576 -0.2880 -0.0000
vn -1.0000 0.0000 -0.0000
vn -1.0000 0.0000 -0.0000
vn 0.0000 -0.9993 -0.0379
vn 0.0000 -0.9993 -0.0379
vn -0.0000 -0.8334 0.5527
vn -0.0000 -0.8334 0.5527
vn -0.0000 -0.9993 0.0379
vn -0.0000 -0.9993 0.0379
vn 0.0000 -0.8334 -0.5526
vn 0.0000 -0.8334 -0.5526
vn -0.2972 -0.9548 -0.0000
vn -0.2972 -0.9548 -0.0000
vn -0.2972 -0.9548 -0.0000
vn -0.2972 -0.9548 -0.0000
vn 0.0379 -0.9993 -0.0000
vn 0.0379 -0.9993 -0.0000
vn -0.5526 -0.8335 -0.0000
vn -0.5526 -0.8335 -0.0000
vn -0.0000 -0.2880 0.9576
vn -0.0000 -0.2880 0.9576
vn -0.0000 -0.0000 1.0000
vn -0.0000 -0.0000 1.0000
vn 0.0000 -0.9548 -0.2972
vn 0.0000 -0.9548 -0.2972
vn 0.0000 -0.9548 -0.2972
vn 0.0000 -0.9548 -0.2972
vn 0.9576 -0.2880 -0.0000
vn 0.9576 -0.2880 -0.0000
vn 1.0000 0.0000 0.0000
vn 1.0000 0.0000 0.0000
vn -0.9576 -0.2880 -0.0000
vn -0.9576 -0.2880 -0.0000
vn -1.0000 0.0000 -0.0000
vn -1.0000 0.0000 -0.0000
vn 0.0000 -0.9993 -0.0379
vn 0.0000 -0.9993 -0.0379
vn -0.0000 -0.8334 0.5526
vn -0.0000 -0.8334 0.5526
vn -0.0000 -0.9993 0.0379
vn -0.0000 -0.9993 0.0379
vn 0.0000 -0.8335 -0.5525
vn 0.0000 -0.8335 -0.5525
vn -0.2972 -0.9548 -0.0000
vn -0.2972 -0.9548 -0.0000
vn -0.2972 -0.9548 -0.0000
vn -0.2972 -0.9548 -0.0000
vn 0.0379 -0.9993 -0.0000
vn 0.0379 -0.9993 -0.0000
vn -0.5526 -0.8335 -0.0000
vn -0.5526 -0.8335 -0.0000
vn -0.0000 -0.2881 0.9576
vn -0.0000 -0.2880 0.9576
vn -0.0000 -0.0000 1.0000
vn -0.0000 -0.0000 1.0000
vn 0.0000 -0.9548 -0.2972
vn 0.0000 -0.9548 -0.2972
vn 0.0000 -0.9548 -0.2972
vn 0.0000 -0.9548 -0.2972
vn 0.9576 -0.2880 -0.0000
vn 0.9576 -0.2880 -0.0000
vn 1.0000 0.0000 0.0000
vn 1.0000 0.0000 0.0000
vn -0.9577 -0.2878 -0.0000
vn -0.9577 -0.2878 -0.0000
vn -1.0000 0.0000 -0.0000
vn -1.0000 0.0000 -0.0000
vn 0.0000 -0.9993 -0.0379
vn 0.0000 -0.9993 -0.0379
vn -0.0000 -0.8334 0.5526
vn -0.0000 -0.8334 0.5526
vn -0.0000 -0.9993 0.0379
vn -0.0000 -0.9993 0.0379
vn 0.0000 -0.8335 -0.5526
vn 0.0000 -0.8334 -0.5526
vn 0.0378 -0.9993 -0.0000
vn 0.0379 -0.9993 -0.0000
vn -0.5529 -0.8332 -0.0000
vn -0.5529 -0.8332 -0.0000
vn -0.0000 -0.2881 0.9576
vn -0.0000 -0.2880 0.9576
vn -0.0000 -0.0000 1.0000
vn -0.0000 -0.0000 1.0000
vn -0.9577 -0.2878 -0.0000
vn -0.9577 -0.2878 -0.0000
vn -1.0000 0.0000 -0.0000
vn -1.0000 0.0000 -0.0000
vn 0.0000 -0.9997 -0.0245
vn 0.0000 -0.9997 -0.0245
vn -0.0000 -0.8334 0.5527
vn -0.0000 -0.8334 0.5526
vn -0.0000 -0.9997 0.0246
vn -0.0000 -0.9997 0.0245
vn 0.0000 -0.8334 -0.5526
vn 0.0000 -0.8334 -0.5527
vn 0.0245 -0.9997 -0.0000
vn 0.0245 -0.9997 -0.0000
vn -0.5529 -0.8332 -0.0000
vn -0.5529 -0.8332 -0.0000
vn 0.2971 -0.9548 -0.0000
vn 0.2971 -0.9548 -0.0000
vn 0.2971 -0.9548 -0.0000
vn 0.2971 -0.9548 -0.0000
vn -0.0379 -0.9993 -0.0000
vn -0.0379 -0.9993 -0.0000
vn 0.5526 -0.8335 -0.0000
vn 0.5526 -0.8335 -0.0000
vn -0.0246 -0.9997 -0.0000
vn -0.0246 -0.9997 -0.0000
vn 0.5526 -0.8335 -0.0000
vn 0.5526 -0.8335 -0.0000
vn -0.0000 -0.9548 0.2972
vn -0.0000 -0.9548 0.2972
vn -0.0000 -0.9548 0.2972
vn -0.0000 -0.9548 0.2972
vn 0.0000 -0.2880 -0.9576
vn 0.0000 -0.2880 -0.9576
vn 0.0000 0.0000 -1.0000
vn 0.0000 0.0000 -1.0000
vn 0.0000 -0.2880 -0.9576
vn 0.0000 -0.2881 -0.9576
vn 0.0000 0.0000 -1.0000
vn 0.0000 0.0000 -1.0000
vn 0.2971 -0.9548 -0.0000
vn 0.2971 -0.9548 -0.0000
vn 0.2971 -0.9548 -0.0000
vn 0.2971 -0.9548 -0.0000
vn 0.0000 -0.9474 -0.3201
vn 0.0000 -0.9474 -0.3201
vn 0.0000 -0.9474 -0.3201
vn 0.0000 -0.9474 -0.3201
vn -0.0379 -0.9993 -0.0000
vn -0.0379 -0.9993 -0.0000
vn 0.5526 -0.8335 -0.0000
vn 0.5526 -0.8335 -0.0000
vn -0.0000 -0.9548 0.2972
vn -0.0000 -0.9548 0.2972
vn -0.0000 -0.9548 0.2972
vn -0.0000 -0.9548 0.2972
vn -0.0000 -0.9992 0.0409
vn -0.0000 -0.9992 0.0409
vn 0.0000 -1.0000 -0.0000
vn 0.0000 -0.2880 -0.9576
vn 0.0000 -0.2881 -0.9576
vn 0.0000 0.0000 -1.0000
vn 0.0000 0.0000 -1.0000
vn 0.3201 -0.9474 -0.0000
vn 0.3201 -0.9474 -0.0000
vn 0.3201 -0.9474 -0.0000
vn 0.3201 -0.9474 -0.0000
vn 0.2972 -0.9548 -0.0000
vn 0.2972 -0.9548 -0.0000
vn 0.2972 -0.9548 -0.0000
vn 0.2972 -0.9548 -0.0000
vn -0.0000 -0.9474 0.3201
vn -0.0000 -0.9474 0.3201
vn -0.0000 -0.9474 0.3201
vn -0.0000 -0.9474 0.3201
vn -0.0379 -0.9993 -0.0000
vn -0.0379 -0.9993 -0.0000
vn 0.5526 -0.8335 -0.0000
vn 0.5526 -0.8335 -0.0000
vn -0.0000 -0.9548 0.2972
vn -0.0000 -0.9548 0.2972
vn -0.0000 -0.9548 0.2972
vn -0.0000 -0.9548 0.2972
vn 0.0000 -0.2880 -0.9576
vn 0.0000 -0.2880 -0.9576
vn 0.0000 0.0000 -1.0000
vn 0.0000 0.0000 -1.0000
vn 0.7071 0.0000 -0.7071
vn 0.7071 0.0000 -0.7071
vn 0.7071 0.0000 -0.7071
vn 0.7071 0.0000 -0.7071
vn -0.7071 -0.0000 0.7071
vn -0.7071 -0.0000 0.7071
vn -0.7071 -0.0000 0.7071
vn -0.7071 -0.0000 0.7071
vn 0.0000 -1.0000 -0.0000
vn 0.0000 -1.0000 -0.0000
vn 0.0000 -1.0000 -0.0000
vn 0.0000 -1.0000 -0.0000
vn -0.7071 0.0000 -0.7071
vn -0.7071 0.0000 -0.7071
vn -0.7071 0.0000 -0.7071
vn -0.7071 0.0000 -0.7071
vn 0.7071 -0.0000 0.7071
vn 0.7071 -0.0000 0.7071
vn 0.7071 -0.0000 0.7071
vn 0.7071 -0.0000 0.7071
vn 0.0000 -1.0000 -0.0000
vn 0.0000 -1.0000 -0.0000
vn 0.0000 -1.0000 -0.0000
vn 0.0000 -1.0000 -0.0000
vn 0.7070 -0.7072 -0.0000
vn 0.7070 -0.7072 -0.0000
vn 0.9576 -0.2880 -0.0000
vn 0.9576 -0.2880 -0.0000
vn -0.0000 -0.7071 0.7071
vn -0.0000 -0.7071 0.7071
vn -0.7070 -0.7072 -0.0000
vn -0.7070 -0.7072 -0.0000
vn 0.0000 -0.7071 -0.7071
vn 0.0000 -0.7071 -0.7071
vn 1.0000 0.0000 0.0000
vn 1.0000 0.0000 0.0000
vn -0.1622 -0.9868 -0.0000
vn -0.1622 -0.9868 -0.0000
vn -0.0409 -0.9992 -0.0000
vn -0.0409 -0.9992 -0.0000
vn 0.0000 -0.9868 -0.1622
vn 0.0000 -0.9868 -0.1622
vn 0.1622 -0.9868 -0.0000
vn 0.1622 -0.9868 -0.0000
vn -0.0000 -0.9868 0.1622
vn -0.0000 -0.9868 0.1622
vn -0.1503 -0.9886 -0.0000
vn -0.1503 -0.9886 -0.0000
vn 0.0000 -0.9886 -0.1503
vn 0.0000 -0.9886 -0.1503
vn 0.1503 -0.9886 -0.0000
vn 0.1503 -0.9886 -0.0000
vn -0.0000 -0.9886 0.1503
vn -0.0000 -0.9886 0.1503
vn -0.1503 -0.9886 -0.0000
vn -0.1503 -0.9886 -0.0000
vn 0.0000 -0.9886 -0.1503
vn 0.0000 -0.9886 -0.1503
vn 0.1503 -0.9886 -0.0000
vn 0.1503 -0.9886 -0.0000
vn -0.0000 -0.9886 0.1503
vn -0.0000 -0.9886 0.1503
vn -0.1503 -0.9886 -0.0000
vn -0.1503 -0.9886 -0.0000
vn 0.0000 -0.9886 -0.1503
vn 0.0000 -0.9886 -0.1503
vn 0.1502 -0.9887 -0.0000
vn 0.1502 -0.9887 -0.0000
vn -0.0000 -0.9886 0.1503
vn -0.0000 -0.9886 0.1503
vn -0.0979 -0.9952 -0.0000
vn -0.0979 -0.9952 -0.0000
vn 0.0000 -0.9952 -0.0979
vn 0.0000 -0.9952 -0.0979
vn 0.0979 -0.9952 -0.0000
vn 0.0979 -0.9952 -0.0000
vn -0.0000 -0.9952 0.0979
vn -0.0000 -0.9952 0.0979
vn 1.0000 0.0000 0.0000
vn 1.0000 0.0000 0.0000
vn 1.0000 0.0000 0.0000
vn 1.0000 0.0000 0.0000
vn -0.0000 -0.0000 1.0000
vn -0.0000 -0.0000 1.0000
vn -0.0000 -0.0000 1.0000
vn -0.0000 -0.0000 1.0000
vn -1.0000 0.0000 -0.0000
vn -1.0000 0.0000 -0.0000
vn -1.0000 0.0000 -0.0000
vn -1.0000 0.0000 -0.0000
vn 0.0000 0.0000 -1.0000
vn 0.0000 0.0000 -1.0000
vn 0.0000 0.0000 -1.0000
vn 0.0000 0.0000 -1.0000
vn 0.0000 1.0000 0.0000
vn 0.0000 1.0000 0.0000
vn 0.0000 1.0000 0.0000
vn 0.0000 1.0000 0.0000
vn 0.0000 -0.2880 -0.9576
vn 0.0000 -0.2880 -0.9576
vn 0.0000 0.0000 -1.0000
vn 0.0000 0.0000 -1.0000
vn -0.9576 -0.2880 -0.0000
vn -0.9576 -0.2880 -0.0000
vn -1.0000 0.0000 -0.0000
vn -1.0000 0.0000 -0.0000
vn 0.9576 -0.2880 -0.0000
vn 0.9576 -0.2880 -0.0000
vn 1.0000 0.0000 0.0000
vn 1.0000 0.0000 0.0000
vn -0.0000 -0.2880 0.9576
vn -0.0000 -0.2880 0.9576
vn -0.0000 -0.0000 1.0000
vn -0.0000 -0.0000 1.0000
vn 0.0000 -0.9992 -0.0409
vn 0.0000 -0.9992 -0.0409
vn 0.0000 -1.0000 -0.0000
vn 0.0000 -1.0000 -0.0000
vn -0.3201 -0.9474 -0.0000
vn -0.3201 -0.9474 -0.0000
vn -0.3201 -0.9474 -0.0000
vn -0.3201 -0.9474 -0.0000
vn -0.2972 -0.9548 -0.0000
vn -0.2972 -0.9548 -0.0000
vn -0.2972 -0.9548 -0.0000
vn -0.2972 -0.9548 -0.0000
vn 0.0409 -0.9992 -0.0000
vn 0.0409 -0.9992 -0.0000
vn 0.0000 -1.0000 -0.0000
vn -0.0000 -0.2880 0.9576
vn -0.0000 -0.2880 0.9576
vn -0.0000 -0.0000 1.0000
vn -0.0000 -0.0000 1.0000
vn 0.0000 -0.9548 -0.2972
vn 0.0000 -0.9548 -0.2972
vn 0.0000 -0.9548 -0.2972
vn 0.0000 -0.9548 -0.2972
vn 0.9576 -0.2880 -0.0000
vn 0.9576 -0.2880 -0.0000
vn 1.0000 0.0000 0.0000
vn 1.0000 0.0000 0.0000
vn -0.9576 -0.2880 -0.0000
vn -0.9576 -0.2880 -0.0000
vn -1.0000 0.0000 -0.0000
vn -1.0000 0.0000 -0.0000
vn 0.0000 -0.9993 -0.0379
vn 0.0000 -0.9993 -0.0379
vn -0.0000 -0.8334 0.5526
vn -0.0000 -0.8334 0.5526
vn -0.0000 -0.9993 0.0379
vn -0.0000 -0.9993 0.0379
vn 0.0000 -0.8334 -0.5526
vn 0.0000 -0.8334 -0.5526
vn -0.2972 -0.9548 -0.0000
vn -0.2972 -0.9548 -0.0000
vn -0.2972 -0.9548 -0.0000
vn -0.2972 -0.9548 -0.0000
vn 0.0379 -0.9993 -0.0000
vn 0.0379 -0.9993 -0.0000
vn -0.5526 -0.8335 -0.0000
vn -0.5526 -0.8335 -0.0000
vn -0.0000 -0.2880 0.9576
vn -0.0000 -0.2880 0.9576
vn -0.0000 -0.0000 1.0000
vn -0.0000 -0.0000 1.0000
vn 0.0000 -0.9548 -0.2972
vn 0.0000 -0.9548 -0.2972
vn 0.0000 -0.9548 -0.2972
vn 0.0000 -0.9548 -0.2972
vn 0.9576 -0.2880 -0.0000
vn 0.9576 -0.2880 -0.0000
vn 1.0000 0.0000 0.0000
vn 1.0000 0.0000 0.0000
vn -0.9576 -0.2880 -0.0000
vn -0.9576 -0.2880 -0.0000
vn -1.0000 0.0000 -0.0000
vn -1.0000 0.0000 -0.0000
vn 0.0000 -0.9993 -0.0379
vn 0.0000 -0.9993 -0.0379
vn -0.0000 -0.8334 0.5526
vn -0.0000 -0.8334 0.5526
vn -0.0000 -0.9993 0.0379
vn -0.0000 -0.9993 0.0379
vn 0.0000 -0.8335 -0.5525
vn 0.0000 -0.8335 -0.5525
vn -0.2972 -0.9548 -0.0000
vn -0.2972 -0.9548 -0.0000
vn -0.2972 -0.9548 -0.0000
vn -0.2972 -0.9548 -0.0000
vn 0.0379 -0.9993 -0.0000
vn 0.0379 -0.9993 -0.0000
vn -0.5526 -0.8335 -0.0000
vn -0.5526 -0.8335 -0.0000
vn -0.0000 -0.2880 0.9576
vn -0.0000 -0.2880 0.9576
vn -0.0000 -0.0000 1.0000
vn -0.0000 -0.0000 1.0000
vn 0.0000 -0.9548 -0.2972
vn 0.0000 -0.9548 -0.2972
vn 0.0000 -0.9548 -0.2972
vn 0.0000 -0.9548 -0.2972
vn 0.9576 -0.2880 -0.0000
vn 0.9576 -0.2880 -0.0000
vn 1.0000 0.0000 0.0000
vn 1.0000 0.0000 0.0000
vn -0.9577 -0.2878 -0.0000
vn -0.9577 -0.2878 -0.0000
vn -1.0000 0.0000 -0.0000
vn -1.0000 0.0000 -0.0000
vn 0.0000 -0.9993 -0.0379
vn 0.0000 -0.9993 -0.0379
vn -0.0000 -0.8334 0.5527
vn -0.0000 -0.8334 0.5526
vn -0.0000 -0.9993 0.0379
vn -0.0000 -0.9993 0.0379
vn 0.0000 -0.8335 -0.5526
vn 0.0000 -0.8334 -0.5526
vn 0.0379 -0.9993 -0.0000
vn 0.0379 -0.9993 -0.0000
vn -0.5529 -0.8332 -0.0000
vn -0.5529 -0.8332 -0.0000
vn -0.0000 -0.2881 0.9576
vn -0.0000 -0.2880 0.9576
vn -0.0000 -0.0000 1.0000
vn -0.0000 -0.0000 1.0000
vn -0.9577 -0.2878 -0.0000
vn -0.9577 -0.2878 -0.0000
vn -1.0000 0.0000 -0.0000
vn -1.0000 0.0000 -0.0000
vn 0.0000 -0.9997 -0.0245
vn 0.0000 -0.9997 -0.0246
vn -0.0000 -0.8334 0.5527
vn -0.0000 -0.8334 0.5526
vn -0.0000 -0.9997 0.0246
vn -0.0000 -0.9997 0.0245
vn 0.0000 -0.8334 -0.5526
vn 0.0000 -0.8334 -0.5527
vn 0.0245 -0.9997 -0.0000
vn 0.0245 -0.9997 -0.0000
vn -0.5529 -0.8332 -0.0000
vn -0.5529 -0.8332 -0.0000
vn 0.2971 -0.9548 -0.0000
vn 0.2971 -0.9548 -0.0000
vn 0.2971 -0.9548 -0.0000
vn 0.2971 -0.9548 -0.0000
vn -0.0379 -0.9993 -0.0000
vn -0.0379 -0.9993 -0.0000
vn 0.5526 -0.8335 -0.0000
vn 0.5526 -0.8335 -0.0000
vn -0.0246 -0.9997 -0.0000
vn -0.0246 -0.9997 -0.0000
vn 0.5526 -0.8335 -0.0000
vn 0.5526 -0.8335 -0.0000
vn -0.0000 -0.9548 0.2972
vn -0.0000 -0.9548 0.2972
vn -0.0000 -0.9548 0.2972
vn -0.0000 -0.9548 0.2972
vn 0.0000 -0.2880 -0.9576
vn 0.0000 -0.2880 -0.9576
vn 0.0000 0.0000 -1.0000
vn 0.0000 0.0000 -1.0000
vn 0.0000 -0.2880 -0.9576
vn 0.0000 -0.2881 -0.9576
vn 0.0000 0.0000 -1.0000
vn 0.0000 0.0000 -1.0000
vn 0.2971 -0.9548 -0.0000
vn 0.2971 -0.9548 -0.0000
vn 0.2971 -0.9548 -0.0000
vn 0.2971 -0.9548 -0.0000
vn 0.0000 -0.9474 -0.3201
vn 0.0000 -0.9474 -0.3201
vn 0.0000 -0.9474 -0.3201
vn 0.0000 -0.9474 -0.3201
vn -0.0379 -0.9993 -0.0000
vn -0.0379 -0.9993 -0.0000
vn 0.5526 -0.8335 -0.0000
vn 0.5526 -0.8335 -0.0000
vn -0.0000 -0.9548 0.2972
vn -0.0000 -0.9548 0.2972
vn -0.0000 -0.9548 0.2972
vn -0.0000 -0.9548 0.2972
vn -0.0000 -0.9992 0.0409
vn -0.0000 -0.9992 0.0409
vn 0.0000 -1.0000 -0.0000
vn 0.0000 -0.2880 -0.9576
vn 0.0000 -0.2881 -0.9576
vn 0.0000 0.0000 -1.0000
vn 0.0000 0.0000 -1.0000
vn 0.3201 -0.9474 -0.0000
vn 0.3201 -0.9474 -0.0000
vn 0.3201 -0.9474 -0.0000
vn 0.3201 -0.9474 -0.0000
vn 0.2972 -0.9548 -0.0000
vn 0.2972 -0.9548 -0.0000
vn 0.2972 -0.9548 -0.0000
vn 0.2972 -0.9548 -0.0000
vn -0.0000 -0.9474 0.3201
vn -0.0000 -0.9474 0.3201
vn -0.0000 -0.9474 0.3201
vn -0.0000 -0.9474 0.3201
vn -0.0379 -0.9993 -0.0000
vn -0.0379 -0.9993 -0.0000
vn 0.5526 -0.8335 -0.0000
vn 0.5526 -0.8335 -0.0000
vn -0.0000 -0.9548 0.2972
vn -0.0000 -0.9548 0.2972
vn -0.0000 -0.9548 0.2972
vn -0.0000 -0.9548 0.2972
vn 0.0000 -0.2880 -0.9576
vn 0.0000 -0.2880 -0.9576
vn 0.0000 0.0000 -1.0000
vn 0.0000 0.0000 -1.0000
vn 0.7071 0.0000 -0.7071
vn 0.7071 0.0000 -0.7071
vn 0.7071 0.0000 -0.7071
vn 0.7071 0.0000 -0.7071
vn -0.7071 -0.0000 0.7071
vn -0.7071 -0.0000 0.7071
vn -0.7071 -0.0000 0.7071
vn -0.7071 -0.0000 0.7071
vn 0.0000 -1.0000 -0.0000
vn 0.0000 -1.0000 -0.0000
vn 0.0000 -1.0000 -0.0000
vn 0.0000 -1.0000 -0.0000
vn -0.7071 0.0000 -0.7071
vn -0.7071 0.0000 -0.7071
vn -0.7071 0.0000 -0.7071
vn -0.7071 0.0000 -0.7071
vn 0.7071 -0.0000 0.7071
vn 0.7071 -0.0000 0.7071
vn 0.7071 -0.0000 0.7071
vn 0.7071 -0.0000 0.7071
vn 0.0000 -1.0000 -0.0000
vn 0.0000 -1.0000 -0.0000
vn 0.0000 -1.0000 -0.0000
vn 0.0000 -1.0000 -0.0000
vn 0.7070 -0.7072 -0.0000
vn 0.7070 -0.7072 -0.0000
vn 0.9576 -0.2880 -0.0000
vn 0.9576 -0.2880 -0.0000
vn -0.0000 -0.7071 0.7071
vn -0.0000 -0.7071 0.7071
vn -0.7070 -0.7072 -0.0000
vn -0.7070 -0.7072 -0.0000
vn 0.0000 -0.7071 -0.7071
vn 0.0000 -0.7071 -0.7071
vn 1.0000 0.0000 0.0000
vn 1.0000 0.0000 0.0000
vn -0.1622 -0.9868 -0.0000
vn -0.1622 -0.9868 -0.0000
vn -0.0409 -0.9992 -0.0000
vn -0.0409 -0.9992 -0.0000
vn 0.0000 -0.9868 -0.1622
vn 0.0000 -0.9868 -0.1622
vn 0.1622 -0.9868 -0.0000
vn 0.1622 -0.9868 -0.0000
vn -0.0000 -0.9868 0.1622
vn -0.0000 -0.9868 0.1622
vn -0.1503 -0.9886 -0.0000
vn -0.1503 -0.9886 -0.0000
vn 0.0000 -0.9886 -0.1503
vn 0.0000 -0.9886 -0.1503
vn 0.1503 -0.9886 -0.0000
vn 0.1503 -0.9886 -0.0000
vn -0.0000 -0.9886 0.1503
vn -0.0000 -0.9886 0.1503
vn -0.1503 -0.9886 -0.0000
vn -0.1503 -0.9886 -0.0000
vn 0.0000 -0.9886 -0.1503
vn 0.0000 -0.9886 -0.1503
vn 0.1503 -0.9886 -0.0000
vn 0.1503 -0.9886 -0.0000
vn -0.0000 -0.9886 0.1503
vn -0.0000 -0.9886 0.1503
vn -0.1503 -0.9886 -0.0000
vn -0.1503 -0.9886 -0.0000
vn 0.0000 -0.9886 -0.1503
vn 0.0000 -0.9886 -0.1503
vn 0.1502 -0.9887 -0.0000
vn 0.1502 -0.9887 -0.0000
vn -0.0000 -0.9886 0.1503
vn -0.0000 -0.9886 0.1503
vn -0.0979 -0.9952 -0.0000
vn -0.0979 -0.9952 -0.0000
vn 0.0000 -0.9952 -0.0979
vn 0.0000 -0.9952 -0.0979
vn 0.0978 -0.9952 -0.0000
vn 0.0978 -0.9952 -0.0000
vn -0.0000 -0.9952 0.0979
vn -0.0000 -0.9952 0.0979
vn 1.0000 0.0000 0.0000
vn 1.0000 0.0000 0.0000
vn 1.0000 0.0000 0.0000
vn 1.0000 0.0000 0.0000
vn -0.0000 -0.0000 1.0000
vn -0.0000 -0.0000 1.0000
vn -0.0000 -0.0000 1.0000
vn -0.0000 -0.0000 1.0000
vn -1.0000 0.0000 -0.0000
vn -1.0000 0.0000 -0.0000
vn -1.0000 0.0000 -0.0000
vn -1.0000 0.0000 -0.0000
vn 0.0000 0.0000 -1.0000
vn 0.0000 0.0000 -1.0000
vn 0.0000 0.0000 -1.0000
vn 0.0000 0.0000 -1.0000
vn 0.0000 1.0000 0.0000
vn 0.0000 1.0000 0.0000
vn 0.0000 1.0000 0.0000
vn 0.0000 1.0000 0.0000
vn 0.0000 -0.2880 -0.9576
vn 0.0000 -0.2880 -0.9576
vn 0.0000 0.0000 -1.0000
vn 0.0000 0.0000 -1.0000
vn -0.9576 -0.2880 -0.0000
vn -0.9576 -0.2880 -0.0000
vn -1.0000 0.0000 -0.0000
vn -1.0000 0.0000 -0.0000
vn 0.9576 -0.2880 -0.0000
vn 0.9576 -0.2880 -0.0000
vn 1.0000 0.0000 0.0000
vn 1.0000 0.0000 0.0000
vn -0.0000 -0.2880 0.9576
vn -0.0000 -0.2880 0.9576
vn -0.0000 -0.0000 1.0000
vn -0.0000 -0.0000 1.0000
vn 0.0000 -0.9992 -0.0409
vn 0.0000 -0.9992 -0.0409
vn 0.0000 -1.0000 -0.0000
vn 0.0000 -1.0000 -0.0000
vn -0.3201 -0.9474 -0.0000
vn -0.3201 -0.9474 -0.0000
vn -0.3201 -0.9474 -0.0000
vn -0.3201 -0.9474 -0.0000
vn -0.2972 -0.9548 -0.0000
vn -0.2972 -0.9548 -0.0000
vn -0.2972 -0.9548 -0.0000
vn -0.2972 -0.9548 -0.0000
vn 0.0409 -0.9992 -0.0000
vn 0.0409 -0.9992 -0.0000
vn 0.0000 -1.0000 -0.0000
vn -0.0000 -0.2880 0.9576
vn -0.0000 -0.2880 0.9576
vn -0.0000 -0.0000 1.0000
vn -0.0000 -0.0000 1.0000
vn 0.0000 -0.9548 -0.2972
vn 0.0000 -0.9548 -0.2972
vn 0.0000 -0.9548 -0.2972
vn 0.0000 -0.9548 -0.2972
vn 0.9576 -0.2880 -0.0000
vn 0.9576 -0.2880 -0.0000
vn 1.0000 0.0000 0.0000
vn 1.0000 0.0000 0.0000
vn -0.9576 -0.2880 -0.0000
vn -0.9576 -0.2880 -0.0000
vn -1.0000 0.0000 -0.0000
vn -1.0000 0.0000 -0.0000
vn 0.0000 -0.9993 -0.0379
vn 0.0000 -0.9993 -0.0379
vn -0.0000 -0.8334 0.5526
vn -0.0000 -0.8334 0.5526
vn -0.0000 -0.9993 0.0379
vn -0.0000 -0.9993 0.0379
vn 0.0000 -0.8335 -0.5526
vn 0.0000 -0.8335 -0.5526
vn -0.2972 -0.9548 -0.0000
vn -0.2972 -0.9548 -0.0000
vn -0.2972 -0.9548 -0.0000
vn -0.2972 -0.9548 -0.0000
vn 0.0379 -0.9993 -0.0000
vn 0.0379 -0.9993 -0.0000
vn -0.5526 -0.8335 -0.0000
vn -0.5526 -0.8335 -0.0000
vn -0.0000 -0.2881 0.9576
vn -0.0000 -0.2880 0.9576
vn -0.0000 -0.0000 1.0000
vn -0.0000 -0.0000 1.0000
vn 0.0000 -0.9548 -0.2972
vn 0.0000 -0.9548 -0.2972
vn 0.0000 -0.9548 -0.2972
vn 0.0000 -0.9548 -0.2972
vn 0.9576 -0.2880 -0.0000
vn 0.9576 -0.2880 -0.0000
vn 1.0000 0.0000 0.0000
vn 1.0000 0.0000 0.0000
vn -0.9577 -0.2878 -0.0000
vn -0.9577 -0.2878 -0.0000
vn -1.0000 0.0000 -0.0000
vn -1.0000 0.0000 -0.0000
vn 0.0000 -0.9993 -0.0379
vn 0.0000 -0.9993 -0.0379
vn -0.0000 -0.8334 0.5526
vn -0.0000 -0.8334 0.5526
vn -0.0000 -0.9993 0.0379
vn -0.0000 -0.9993 0.0379
vn 0.0000 -0.8334 -0.5526
vn 0.0000 -0.8334 -0.5526
vn -0.2972 -0.9548 -0.0000
vn -0.2972 -0.9548 -0.0000
vn -0.2972 -0.9548 -0.0000
vn -0.2972 -0.9548 -0.0000
vn 0.0379 -0.9993 -0.0000
vn 0.0379 -0.9993 -0.0000
vn -0.5529 -0.8332 -0.0000
vn -0.5529 -0.8332 -0.0000
vn -0.0000 -0.2880 0.9576
vn -0.0000 -0.2880 0.9576
vn -0.0000 -0.0000 1.0000
vn -0.0000 -0.0000 1.0000
vn 0.0000 -0.9548 -0.2972
vn 0.0000 -0.9548 -0.2972
vn 0.0000 -0.9548 -0.2972
vn 0.0000 -0.9548 -0.2972
vn 0.9576 -0.2880 -0.0000
vn 0.9576 -0.2880 -0.0000
vn 1.0000 0.0000 0.0000
vn 1.0000 0.0000 0.0000
vn -0.9577 -0.2878 -0.0000
vn -0.9577 -0.2878 -0.0000
vn -1.0000 0.0000 -0.0000
vn -1.0000 0.0000 -0.0000
vn 0.0000 -0.9993 -0.0378
vn 0.0000 -0.9993 -0.0379
vn -0.0000 -0.8334 0.5527
vn -0.0000 -0.8334 0.5526
vn -0.0000 -0.9993 0.0379
vn -0.0000 -0.9993 0.0379
vn 0.0000 -0.8334 -0.5526
vn 0.0000 -0.8334 -0.5527
vn 0.0379 -0.9993 -0.0000
vn 0.0379 -0.9993 -0.0000
vn -0.5529 -0.8332 -0.0000
vn -0.5529 -0.8332 -0.0000
vn -0.0000 -0.2881 0.9576
vn -0.0000 -0.2880 0.9576
vn -0.0000 -0.0000 1.0000
vn -0.0000 -0.0000 1.0000
vn -0.9577 -0.2878 -0.0000
vn -0.9577 -0.2878 -0.0000
vn -1.0000 0.0000 -0.0000
vn -1.0000 0.0000 -0.0000
vn 0.0000 -0.9997 -0.0245
vn 0.0000 -0.9997 -0.0246
vn -0.0000 -0.8334 0.5527
vn -0.0000 -0.8334 0.5526
vn -0.0000 -0.9997 0.0246
vn -0.0000 -0.9997 0.0245
vn 0.0000 -0.8335 -0.5526
vn 0.0000 -0.8335 -0.5526
vn 0.0245 -0.9997 -0.0000
vn 0.0245 -0.9997 -0.0000
vn -0.5529 -0.8332 -0.0000
vn -0.5529 -0.8332 -0.0000
vn 0.2971 -0.9548 -0.0000
vn 0.2971 -0.9548 -0.0000
vn 0.2971 -0.9548 -0.0000
vn 0.2971 -0.9548 -0.0000
vn -0.0379 -0.9993 -0.0000
vn -0.0379 -0.9993 -0.0000
vn 0.5526 -0.8335 -0.0000
vn 0.5526 -0.8335 -0.0000
vn -0.0246 -0.9997 -0.0000
vn -0.0246 -0.9997 -0.0000
vn 0.5526 -0.8335 -0.0000
vn 0.5526 -0.8335 -0.0000
vn -0.0000 -0.9548 0.2972
vn -0.0000 -0.9548 0.2972
vn -0.0000 -0.9548 0.2972
vn -0.0000 -0.9548 0.2972
vn 0.0000 -0.2880 -0.9576
vn 0.0000 -0.2880 -0.9576
vn 0.0000 0.0000 -1.0000
vn 0.0000 0.0000 -1.0000
vn 0.0000 -0.2880 -0.9576
vn 0.0000 -0.2881 -0.9576
vn 0.0000 0.0000 -1.0000
vn 0.0000 0.0000 -1.0000
vn 0.2971 -0.9548 -0.0000
vn 0.2971 -0.9548 -0.0000
vn 0.2971 -0.9548 -0.0000
vn 0.2971 -0.9548 -0.0000
vn 0.0000 -0.9474 -0.3201
vn 0.0000 -0.9474 -0.3201
vn 0.0000 -0.9474 -0.3201
vn 0.0000 -0.9474 -0.3201
vn -0.0379 -0.9993 -0.0000
vn -0.0379 -0.9993 -0.0000
vn 0.5526 -0.8335 -0.0000
vn 0.5526 -0.8335 -0.0000
vn -0.0000 -0.9548 0.2972
vn -0.0000 -0.9548 0.2972
vn -0.0000 -0.9548 0.2972
vn -0.0000 -0.9548 0.2972
vn -0.0000 -0.9992 0.0409
vn -0.0000 -0.9992 0.0409
vn 0.0000 -1.0000 -0.0000
vn 0.0000 -0.2880 -0.9576
vn 0.0000 -0.2880 -0.9576
vn 0.0000 0.0000 -1.0000
vn 0.0000 0.0000 -1.0000
vn 0.3201 -0.9474 -0.0000
vn 0.3201 -0.9474 -0.0000
vn 0.3201 -0.9474 -0.0000
vn 0.3201 -0.9474 -0.0000
vn 0.2972 -0.9548 -0.0000
vn 0.2972 -0.9548 -0.0000
vn 0.2972 -0.9548 -0.0000
vn 0.2972 -0.9548 -0.0000
vn -0.0000 -0.9474 0.3201
vn -0.0000 -0.9474 0.3201
vn -0.0000 -0.9474 0.3201
vn -0.0000 -0.9474 0.3201
vn -0.0379 -0.9993 -0.0000
vn -0.0379 -0.9993 -0.0000
vn 0.5526 -0.8335 -0.0000
vn 0.5526 -0.8335 -0.0000
vn -0.0000 -0.9548 0.2972
vn -0.0000 -0.9548 0.2972
vn -0.0000 -0.9548 0.2972
vn -0.0000 -0.9548 0.2972
vn 0.0000 -0.2880 -0.9576
vn 0.0000 -0.2881 -0.9576
vn 0.0000 0.0000 -1.0000
vn 0.0000 0.0000 -1.0000
vn 0.7071 0.0000 -0.7071
vn 0.7071 0.0000 -0.7071
vn 0.7071 0.0000 -0.7071
vn 0.7071 0.0000 -0.7071
vn -0.7071 -0.0000 0.7071
vn -0.7071 -0.0000 0.7071
vn -0.7071 -0.0000 0.7071
vn -0.7071 -0.0000 0.7071
vn 0.0000 -1.0000 -0.0000
vn 0.0000 -1.0000 -0.0000
vn 0.0000 -1.0000 -0.0000
vn 0.0000 -1.0000 -0.0000
vn -0.7071 0.0000 -0.7071
vn -0.7071 0.0000 -0.7071
vn -0.7071 0.0000 -0.7071
vn -0.7071 0.0000 -0.7071
vn 0.7071 -0.0000 0.7071
vn 0.7071 -0.0000 0.7071
vn 0.7071 -0.0000 0.7071
vn 0.7071 -0.0000 0.7071
vn 0.0000 -1.0000 -0.0000
vn 0.0000 -1.0000 -0.0000
vn 0.0000 -1.0000 -0.0000
vn 0.0000 -1.0000 -0.0000
vn 0.7070 -0.7072 -0.0000
vn 0.7070 -0.7072 -0.0000
vn 0.9576 -0.2880 -0.0000
vn 0.9576 -0.2880 -0.0000
vn -0.0000 -0.7071 0.7071
vn -0.0000 -0.7071 0.7071
vn -0.7070 -0.7072 -0.0000
vn -0.7070 -0.7072 -0.0000
vn 0.0000 -0.7072 -0.7070
vn 0.0000 -0.7072 -0.7070
vn 1.0000 0.0000 0.0000
vn 1.0000 0.0000 0.0000
vn -0.1622 -0.9868 -0.0000
vn -0.1622 -0.9868 -0.0000
vn -0.0409 -0.9992 -0.0000
vn -0.0409 -0.9992 -0.0000
vn 0.0000 -0.9868 -0.1622
vn 0.0000 -0.9868 -0.1622
vn 0.1622 -0.9868 -0.0000
vn 0.1622 -0.9868 -0.0000
vn -0.0000 -0.9868 0.1622
vn -0.0000 -0.9868 0.1622
vn -0.1503 -0.9886 -0.0000
vn -0.1503 -0.9886 -0.0000
vn 0.0000 -0.9886 -0.1503
vn 0.0000 -0.9886 -0.1503
vn 0.1503 -0.9886 -0.0000
vn 0.1503 -0.9886 -0.0000
vn -0.0000 -0.9886 0.1503
vn -0.0000 -0.9886 0.1503
vn -0.1503 -0.9886 -0.0000
vn -0.1503 -0.9886 -0.0000
vn 0.0000 -0.9886 -0.1503
vn 0.0000 -0.9886 -0.1503
vn 0.1503 -0.9886 -0.0000
vn 0.1503 -0.9886 -0.0000
vn -0.0000 -0.9886 0.1503
vn -0.0000 -0.9886 0.1503
vn -0.1503 -0.9886 -0.0000
vn -0.1503 -0.9886 -0.0000
vn 0.0000 -0.9886 -0.1503
vn 0.0000 -0.9886 -0.1503
vn 0.1502 -0.9887 -0.0000
vn 0.1502 -0.9887 -0.0000
vn -0.0000 -0.9886 0.1503
vn -0.0000 -0.9886 0.1503
vn -0.0979 -0.9952 -0.0000
vn -0.0979 -0.9952 -0.0000
vn 0.0000 -0.9952 -0.0979
vn 0.0000 -0.9952 -0.0979
vn 0.0978 -0.9952 -0.0000
vn 0.0978 -0.9952 -0.0000
vn -0.0000 -0.9952 0.0979
vn -0.0000 -0.9952 0.0979
vn 1.0000 0.0000 0.0000
vn 1.0000 0.0000 0.0000
vn 1.0000 0.0000 0.0000
vn 1.0000 0.0000 0.0000
vn -0.0000 -0.0000 1.0000
vn -0.0000 -0.0000 1.0000
vn -0.0000 -0.0000 1.0000
vn -0.0000 -0.0000 1.0000
vn -1.0000 0.0000 -0.0000
vn -1.0000 0.0000 -0.0000
vn -1.0000 0.0000 -0.0000
vn -1.0000 0.0000 -0.0000
vn 0.0000 0.0000 -1.0000
vn 0.0000 0.0000 -1.0000
vn 0.0000 0.0000 -1.0000
vn 0.0000 0.0000 -1.0000
vn 0.0000 1.0000 0.0000
vn 0.0000 1.0000 0.0000
vn 0.0000 1.0000 0.0000
vn 0.0000 1.0000 0.0000
vn 0.0000 -0.2880 -0.9576
vn 0.0000 -0.2880 -0.9576
vn 0.0000 0.0000 -1.0000
vn 0.0000 0.0000 -1.0000
vn -0.9576 -0.2880 -0.0000
vn -0.9576 -0.2880 -0.0000
vn -1.0000 0.0000 -0.0000
vn -1.0000 0.0000 -0.0000
vn 0.9576 -0.2880 -0.0000
vn 0.9576 -0.2880 -0.0000
vn 1.0000 0.0000 0.0000
vn 1.0000 0.0000 0.0000
vn -0.0000 -0.2879 0.9577
vn -0.0000 -0.2879 0.9577
vn -0.0000 -0.0000 1.0000
vn -0.0000 -0.0000 1.0000
vn 0.0000 -0.9992 -0.0409
vn 0.0000 -0.9992 -0.0409
vn 0.0000 -1.0000 -0.0000
vn 0.0000 -1.0000 -0.0000
vn -0.3201 -0.9474 -0.0000
vn -0.3201 -0.9474 -0.0000
vn -0.3201 -0.9474 -0.0000
vn -0.3201 -0.9474 -0.0000
vn -0.2971 -0.9548 -0.0000
vn -0.2971 -0.9548 -0.0000
vn -0.2971 -0.9548 -0.0000
vn -0.2971 -0.9548 -0.0000
vn 0.0409 -0.9992 -0.0000
vn 0.0409 -0.9992 -0.0000
vn 0.0000 -1.0000 -0.0000
vn -0.0000 -0.2880 0.9576
vn -0.0000 -0.2880 0.9576
vn -0.0000 -0.0000 1.0000
vn -0.0000 -0.0000 1.0000
vn 0.0000 -0.9548 -0.2972
vn 0.0000 -0.9548 -0.2972
vn 0.0000 -0.9548 -0.2972
vn 0.0000 -0.9548 -0.2972
vn 0.9576 -0.2880 -0.0000
vn 0.9576 -0.2880 -0.0000
vn 1.0000 0.0000 0.0000
vn 1.0000 0.0000 0.0000
vn -0.9576 -0.2880 -0.0000
vn -0.9576 -0.2880 -0.0000
vn -1.0000 0.0000 -0.0000
vn -1.0000 0.0000 -0.0000
vn 0.0000 -0.9993 -0.0379
vn 0.0000 -0.9993 -0.0379
vn -0.0000 -0.8334 0.5526
vn -0.0000 -0.8334 0.5526
vn -0.0000 -0.9993 0.0379
vn -0.0000 -0.9993 0.0379
vn 0.0000 -0.8334 -0.5526
vn 0.0000 -0.8334 -0.5526
vn -0.2971 -0.9548 -0.0000
vn -0.2971 -0.9548 -0.0000
vn -0.2971 -0.9548 -0.0000
vn -0.2971 -0.9548 -0.0000
vn 0.0379 -0.9993 -0.0000
vn 0.0379 -0.9993 -0.0000
vn -0.5526 -0.8335 -0.0000
vn -0.5526 -0.8335 -0.0000
vn -0.0000 -0.2880 0.9576
vn -0.0000 -0.2880 0.9576
vn -0.0000 -0.0000 1.0000
vn -0.0000 -0.0000 1.0000
vn 0.0000 -0.9548 -0.2972
vn 0.0000 -0.9548 -0.2972
vn 0.0000 -0.9548 -0.2972
vn 0.0000 -0.9548 -0.2972
vn 0.9576 -0.2880 -0.0000
vn 0.9576 -0.2880 -0.0000
vn 1.0000 0.0000 0.0000
vn 1.0000 0.0000 0.0000
vn -0.9576 -0.2880 -0.0000
vn -0.9576 -0.2880 -0.0000
vn -1.0000 0.0000 -0.0000
vn -1.0000 0.0000 -0.0000
vn 0.0000 -0.9993 -0.0379
vn 0.0000 -0.9993 -0.0379
vn -0.0000 -0.8334 0.5526
vn -0.0000 -0.8334 0.5526
vn -0.0000 -0.9993 0.0379
vn -0.0000 -0.9993 0.0379
vn 0.0000 -0.8334 -0.5526
vn 0.0000 -0.8334 -0.5526
vn -0.2971 -0.9548 -0.0000
vn -0.2971 -0.9548 -0.0000
vn -0.2971 -0.9548 -0.0000
vn -0.2971 -0.9548 -0.0000
vn 0.0379 -0.9993 -0.0000
vn 0.0379 -0.9993 -0.0000
vn -0.5526 -0.8335 -0.0000
vn -0.5526 -0.8335 -0.0000
vn -0.0000 -0.2880 0.9576
vn -0.0000 -0.2880 0.9576
vn -0.0000 -0.0000 1.0000
vn -0.0000 -0.0000 1.0000
vn 0.0000 -0.9548 -0.2972
vn 0.0000 -0.9548 -0.2972
vn 0.0000 -0.9548 -0.2972
vn 0.0000 -0.9548 -0.2972
vn 0.9576 -0.2880 -0.0000
vn 0.9576 -0.2880 -0.0000
vn 1.0000 0.0000 0.0000
vn 1.0000 0.0000 0.0000
vn -0.9576 -0.2880 -0.0000
vn -0.9576 -0.2880 -0.0000
vn -1.0000 0.0000 -0.0000
vn -1.0000 0.0000 -0.0000
vn 0.0000 -0.9993 -0.0379
vn 0.0000 -0.9993 -0.0379
vn -0.0000 -0.8334 0.5527
vn -0.0000 -0.8334 0.5527
vn -0.0000 -0.9993 0.0379
vn -0.0000 -0.9993 0.0379
vn 0.0000 -0.8334 -0.5526
vn 0.0000 -0.8334 -0.5526
vn 0.0379 -0.9993 -0.0000
vn 0.0379 -0.9993 -0.0000
vn -0.5526 -0.8335 -0.0000
vn -0.5526 -0.8335 -0.0000
vn -0.0000 -0.2880 0.9576
vn -0.0000 -0.2880 0.9576
vn -0.0000 -0.0000 1.0000
vn -0.0000 -0.0000 1.0000
vn -0.9576 -0.2880 -0.0000
vn -0.9576 -0.2880 -0.0000
vn -1.0000 0.0000 -0.0000
vn -1.0000 0.0000 -0.0000
vn 0.0000 -0.9997 -0.0246
vn 0.0000 -0.9997 -0.0246
vn -0.0000 -0.8334 0.5527
vn -0.0000 -0.8334 0.5527
vn -0.0000 -0.9997 0.0246
vn -0.0000 -0.9997 0.0246
vn 0.0000 -0.8335 -0.5526
vn 0.0000 -0.8335 -0.5526
vn 0.0246 -0.9997 -0.0000
vn 0.0246 -0.9997 -0.0000
vn -0.5526 -0.8335 -0.0000
vn -0.5526 -0.8335 -0.0000
vn 0.2971 -0.9548 -0.0000
vn 0.2971 -0.9548 -0.0000
vn 0.2971 -0.9548 -0.0000
vn 0.2971 -0.9548 -0.0000
vn -0.0379 -0.9993 -0.0000
vn -0.0379 -0.9993 -0.0000
vn 0.5526 -0.8335 -0.0000
vn 0.5526 -0.8335 -0.0000
vn -0.0246 -0.9997 -0.0000
vn -0.0246 -0.9997 -0.0000
vn 0.5526 -0.8335 -0.0000
vn 0.5526 -0.8335 -0.0000
vn -0.0000 -0.9548 0.2972
vn -0.0000 -0.9548 0.2972
vn -0.0000 -0.9548 0.2972
vn -0.0000 -0.9548 0.2972
vn 0.0000 -0.2880 -0.9576
vn 0.0000 -0.2880 -0.9576
vn 0.0000 0.0000 -1.0000
vn 0.0000 0.0000 -1.0000
vn 0.0000 -0.2880 -0.9576
vn 0.0000 -0.2880 -0.9576
vn 0.0000 0.0000 -1.0000
vn 0.0000 0.0000 -1.0000
vn 0.2972 -0.9548 -0.0000
vn 0.2972 -0.9548 -0.0000
vn 0.2972 -0.9548 -0.0000
vn 0.2972 -0.9548 -0.0000
vn 0.0000 -0.9474 -0.3201
vn 0.0000 -0.9474 -0.3201
vn 0.0000 -0.9474 -0.3201
vn 0.0000 -0.9474 -0.3201
vn -0.0379 -0.9993 -0.0000
vn -0.0379 -0.9993 -0.0000
vn 0.5526 -0.8335 -0.0000
vn 0.5526 -0.8335 -0.0000
vn -0.0000 -0.9548 0.2972
vn -0.0000 -0.9548 0.2972
vn -0.0000 -0.9548 0.2972
vn -0.0000 -0.9548 0.2972
vn -0.0000 -0.9992 0.0409
vn -0.0000 -0.9992 0.0409
vn 0.0000 -1.0000 -0.0000
vn 0.0000 -0.2880 -0.9576
vn 0.0000 -0.2880 -0.9576
vn 0.0000 0.0000 -1.0000
vn 0.0000 0.0000 -1.0000
vn 0.3201 -0.9474 -0.0000
vn 0.3201 -0.9474 -0.0000
vn 0.3201 -0.9474 -0.0000
vn 0.3201 -0.9474 -0.0000
vn 0.2972 -0.9548 -0.0000
vn 0.2972 -0.9548 -0.0000
vn 0.2972 -0.9548 -0.0000
vn 0.2972 -0.9548 -0.0000
vn -0.0000 -0.9474 0.3201
vn -0.0000 -0.9474 0.3201
vn -0.0000 -0.9474 0.3201
vn -0.0000 -0.9474 0.3201
vn -0.0379 -0.9993 -0.0000
vn -0.0379 -0.9993 -0.0000
vn 0.5526 -0.8335 -0.0000
vn 0.5526 -0.8335 -0.0000
vn -0.0000 -0.9548 0.2972
vn -0.0000 -0.9548 0.2972
vn -0.0000 -0.9548 0.2972
vn -0.0000 -0.9548 0.2972
vn 0.0000 -0.2880 -0.9576
vn 0.0000 -0.2880 -0.9576
vn 0.0000 0.0000 -1.0000
vn 0.0000 0.0000 -1.0000
vn 0.7071 0.0000 -0.7071
vn 0.7071 0.0000 -0.7071
vn 0.7071 0.0000 -0.7071
vn 0.7071 0.0000 -0.7071
vn -0.7071 -0.0000 0.7071
vn -0.7071 -0.0000 0.7071
vn -0.7071 -0.0000 0.7071
vn -0.7071 -0.0000 0.7071
vn 0.0000 -1.0000 -0.0000
vn 0.0000 -1.0000 -0.0000
vn 0.0000 -1.0000 -0.0000
vn 0.0000 -1.0000 -0.0000
vn -0.7071 0.0000 -0.7071
vn -0.7071 0.0000 -0.7071
vn -0.7071 0.0000 -0.7071
vn -0.7071 0.0000 -0.7071
vn 0.7071 -0.0000 0.7071
vn 0.7071 -0.0000 0.7071
vn 0.7071 -0.0000 0.7071
vn 0.7071 -0.0000 0.7071
vn 0.0000 -1.0000 -0.0000
vn 0.0000 -1.0000 -0.0000
vn 0.0000 -1.0000 -0.0000
vn 0.0000 -1.0000 -0.0000
vn 0.7070 -0.7072 -0.0000
vn 0.7070 -0.7072 -0.0000
vn 0.9576 -0.2880 -0.0000
vn 0.9576 -0.2880 -0.0000
vn -0.0000 -0.7071 0.7072
vn -0.0000 -0.7071 0.7072
vn -0.7070 -0.7072 -0.0000
vn -0.7070 -0.7072 -0.0000
vn 0.0000 -0.7071 -0.7071
vn 0.0000 -0.7071 -0.7071
vn 1.0000 0.0000 0.0000
vn 1.0000 0.0000 0.0000
vn -0.1621 -0.9868 -0.0000
vn -0.1621 -0.9868 -0.0000
vn -0.0409 -0.9992 -0.0000
vn -0.0409 -0.9992 -0.0000
vn 0.0000 -0.9868 -0.1622
vn 0.0000 -0.9868 -0.1622
vn 0.1622 -0.9868 -0.0000
vn 0.1622 -0.9868 -0.0000
vn -0.0000 -0.9868 0.1622
vn -0.0000 -0.9868 0.1622
vn -0.1503 -0.9886 -0.0000
vn -0.1503 -0.9886 -0.0000
vn 0.0000 -0.9886 -0.1503
vn 0.0000 -0.9886 -0.1503
vn 0.1503 -0.9886 -0.0000
vn 0.1503 -0.9886 -0.0000
vn -0.0000 -0.9886 0.1503
vn -0.0000 -0.9886 0.1503
vn -0.1503 -0.9886 -0.0000
vn -0.1503 -0.9886 -0.0000
vn 0.0000 -0.9886 -0.1503
vn 0.0000 -0.9886 -0.1503
vn 0.1503 -0.9886 -0.0000
vn 0.1503 -0.9886 -0.0000
vn -0.0000 -0.9886 0.1503
vn -0.0000 -0.9886 0.1503
vn -0.1503 -0.9886 -0.0000
vn -0.1503 -0.9886 -0.0000
vn 0.0000 -0.9886 -0.1503
vn 0.0000 -0.9886 -0.1503
vn 0.1503 -0.9886 -0.0000
vn 0.1503 -0.9886 -0.0000
vn -0.0000 -0.9886 0.1503
vn -0.0000 -0.9886 0.1503
vn -0.0979 -0.9952 -0.0000
vn -0.0979 -0.9952 -0.0000
vn 0.0000 -0.9952 -0.0979
vn 0.0000 -0.9952 -0.0979
vn 0.0979 -0.9952 -0.0000
vn 0.0979 -0.9952 -0.0000
vn -0.0000 -0.9952 0.0979
vn -0.0000 -0.9952 0.0979
vn 1.0000 0.0000 0.0000
vn 1.0000 0.0000 0.0000
vn 1.0000 0.0000 0.0000
vn 1.0000 0.0000 0.0000
vn -0.0000 -0.0000 1.0000
vn -0.0000 -0.0000 1.0000
vn -0.0000 -0.0000 1.0000
vn -0.0000 -0.0000 1.0000
vn -1.0000 0.0000 -0.0000
vn -1.0000 0.0000 -0.0000
vn -1.0000 0.0000 -0.0000
vn -1.0000 0.0000 -0.0000
vn 0.0000 0.0000 -1.0000
vn 0.0000 0.0000 -1.0000
vn 0.0000 0.0000 -1.0000
vn 0.0000 0.0000 -1.0000
vn 0.0000 1.0000 0.0000
vn 0.0000 1.0000 0.0000
vn 0.0000 1.0000 0.0000
vn 0.0000 1.0000 0.0000
vn 0.0000 -0.2880 -0.9576
vn 0.0000 -0.2880 -0.9576
vn 0.0000 0.0000 -1.0000
vn 0.0000 0.0000 -1.0000
vn -0.9576 -0.2880 -0.0000
vn -0.9576 -0.2880 -0.0000
vn -1.0000 0.0000 -0.0000
vn -1.0000 0.0000 -0.0000
vn 0.9576 -0.2880 -0.0000
vn 0.9576 -0.2880 -0.0000
vn 1.0000 0.0000 0.0000
vn 1.0000 0.0000 0.0000
vn -0.0000 -0.2880 0.9576
vn -0.0000 -0.2880 0.9576
vn -0.0000 -0.0000 1.0000
vn -0.0000 -0.0000 1.0000
vn 0.0000 -0.9992 -0.0409
vn 0.0000 -0.9992 -0.0409
vn 0.0000 -1.0000 -0.0000
vn 0.0000 -1.0000 -0.0000
vn -0.3201 -0.9474 -0.0000
vn -0.3201 -0.9474 -0.0000
vn -0.3201 -0.9474 -0.0000
vn -0.3201 -0.9474 -0.0000
vn -0.2971 -0.9548 -0.0000
vn -0.2971 -0.9548 -0.0000
vn -0.2971 -0.9548 -0.0000
vn -0.2971 -0.9548 -0.0000
vn 0.0409 -0.9992 -0.0000
vn 0.0409 -0.9992 -0.0000
vn 0.0000 -1.0000 -0.0000
vn -0.0000 -0.2880 0.9576
vn -0.0000 -0.2880 0.9576
vn -0.0000 -0.0000 1.0000
vn -0.0000 -0.0000 1.0000
vn 0.0000 -0.9548 -0.2972
vn 0.0000 -0.9548 -0.2972
vn 0.0000 -0.9548 -0.2972
vn 0.0000 -0.9548 -0.2972
vn 0.9576 -0.2880 -0.0000
vn 0.9576 -0.2880 -0.0000
vn 1.0000 0.0000 0.0000
vn 1.0000 0.0000 0.0000
vn -0.9576 -0.2880 -0.0000
vn -0.9576 -0.2880 -0.0000
vn -1.0000 0.0000 -0.0000
vn -1.0000 0.0000 -0.0000
vn 0.0000 -0.9993 -0.0379
vn 0.0000 -0.9993 -0.0379
vn -0.0000 -0.8334 0.5526
vn -0.0000 -0.8334 0.5526
vn -0.0000 -0.9993 0.0379
vn -0.0000 -0.9993 0.0379
vn 0.0000 -0.8335 -0.5526
vn 0.0000 -0.8335 -0.5526
vn -0.2971 -0.9548 -0.0000
vn -0.2971 -0.9548 -0.0000
vn -0.2971 -0.9548 -0.0000
vn -0.2971 -0.9548 -0.0000
vn 0.0379 -0.9993 -0.0000
vn 0.0379 -0.9993 -0.0000
vn -0.5526 -0.8335 -0.0000
vn -0.5526 -0.8335 -0.0000
vn -0.0000 -0.2880 0.9576
vn -0.0000 -0.2880 0.9576
vn -0.0000 -0.0000 1.0000
vn -0.0000 -0.0000 1.0000
vn 0.0000 -0.9548 -0.2972
vn 0.0000 -0.9548 -0.2972
vn 0.0000 -0.9548 -0.2972
vn 0.0000 -0.9548 -0.2972
vn 0.9576 -0.2880 -0.0000
vn 0.9576 -0.2880 -0.0000
vn 1.0000 0.0000 0.0000
vn 1.0000 0.0000 0.0000
vn -0.9576 -0.2880 -0.0000
vn -0.9576 -0.2880 -0.0000
vn -1.0000 0.0000 -0.0000
vn -1.0000 0.0000 -0.0000
vn 0.0000 -0.9993 -0.0379
vn 0.0000 -0.9993 -0.0379
vn -0.0000 -0.8334 0.5526
vn -0.0000 -0.8334 0.5526
vn -0.0000 -0.9993 0.0379
vn -0.0000 -0.9993 0.0379
vn 0.0000 -0.8334 -0.5527
vn 0.0000 -0.8334 -0.5527
vn -0.2971 -0.9548 -0.0000
vn -0.2971 -0.9548 -0.0000
vn -0.2971 -0.9548 -0.0000
vn -0.2971 -0.9548 -0.0000
vn 0.0379 -0.9993 -0.0000
vn 0.0379 -0.9993 -0.0000
vn -0.5526 -0.8335 -0.0000
vn -0.5526 -0.8335 -0.0000
vn -0.0000 -0.2879 0.9577
vn -0.0000 -0.2879 0.9577
vn -0.0000 -0.0000 1.0000
vn -0.0000 -0.0000 1.0000
vn 0.0000 -0.9548 -0.2972
vn 0.0000 -0.9548 -0.2972
vn 0.0000 -0.9548 -0.2972
vn 0.0000 -0.9548 -0.2972
vn 0.9576 -0.2880 -0.0000
vn 0.9576 -0.2880 -0.0000
vn 1.0000 0.0000 0.0000
vn 1.0000 0.0000 0.0000
vn -0.9576 -0.2880 -0.0000
vn -0.9576 -0.2880 -0.0000
vn -1.0000 0.0000 -0.0000
vn -1.0000 0.0000 -0.0000
vn 0.0000 -0.9993 -0.0379
vn 0.0000 -0.9993 -0.0379
vn -0.0000 -0.8334 0.5527
vn -0.0000 -0.8334 0.5527
vn -0.0000 -0.9993 0.0379
vn -0.0000 -0.9993 0.0379
vn 0.0000 -0.8334 -0.5527
vn 0.0000 -0.8334 -0.5527
vn 0.0379 -0.9993 -0.0000
vn 0.0379 -0.9993 -0.0000
vn -0.5526 -0.8335 -0.0000
vn -0.5526 -0.8335 -0.0000
vn -0.0000 -0.2880 0.9576
vn -0.0000 -0.2880 0.9576
vn -0.0000 -0.0000 1.0000
vn -0.0000 -0.0000 1.0000
vn -0.9576 -0.2880 -0.0000
vn -0.9576 -0.2880 -0.0000
vn -1.0000 0.0000 -0.0000
vn -1.0000 0.0000 -0.0000
vn 0.0000 -0.9997 -0.0246
vn 0.0000 -0.9997 -0.0246
vn -0.0000 -0.8334 0.5527
vn -0.0000 -0.8334 0.5527
vn -0.0000 -0.9997 0.0246
vn -0.0000 -0.9997 0.0246
vn 0.0000 -0.8334 -0.5527
vn 0.0000 -0.8334 -0.5527
vn 0.0246 -0.9997 -0.0000
vn 0.0246 -0.9997 -0.0000
vn -0.5526 -0.8335 -0.0000
vn -0.5526 -0.8335 -0.0000
vn 0.2971 -0.9548 -0.0000
vn 0.2971 -0.9548 -0.0000
vn 0.2971 -0.9548 -0.0000
vn 0.2971 -0.9548 -0.0000
vn -0.0379 -0.9993 -0.0000
vn -0.0379 -0.9993 -0.0000
vn 0.5526 -0.8335 -0.0000
vn 0.5526 -0.8335 -0.0000
vn -0.0246 -0.9997 -0.0000
vn -0.0246 -0.9997 -0.0000
vn 0.5526 -0.8335 -0.0000
vn 0.5526 -0.8335 -0.0000
vn -0.0000 -0.9548 0.2972
vn -0.0000 -0.9548 0.2972
vn -0.0000 -0.9548 0.2972
vn -0.0000 -0.9548 0.2972
vn 0.0000 -0.2880 -0.9576
vn 0.0000 -0.2880 -0.9576
vn 0.0000 0.0000 -1.0000
vn 0.0000 0.0000 -1.0000
vn 0.0000 -0.2880 -0.9576
vn 0.0000 -0.2880 -0.9576
vn 0.0000 0.0000 -1.0000
vn 0.0000 0.0000 -1.0000
vn 0.2972 -0.9548 -0.0000
vn 0.2972 -0.9548 -0.0000
vn 0.2972 -0.9548 -0.0000
vn 0.2972 -0.9548 -0.0000
vn 0.0000 -0.9474 -0.3201
vn 0.0000 -0.9474 -0.3201
vn 0.0000 -0.9474 -0.3201
vn 0.0000 -0.9474 -0.3201
vn -0.0379 -0.9993 -0.0000
vn -0.0379 -0.9993 -0.0000
vn 0.5526 -0.8335 -0.0000
vn 0.5526 -0.8335 -0.0000
vn -0.0000 -0.9548 0.2972
vn -0.0000 -0.9548 0.2972
vn -0.0000 -0.9548 0.2972
vn -0.0000 -0.9548 0.2972
vn -0.0000 -0.9992 0.0409
vn -0.0000 -0.9992 0.0409
vn 0.0000 -1.0000 -0.0000
vn 0.0000 -0.2879 -0.9577
vn 0.0000 -0.2879 -0.9577
vn 0.0000 0.0000 -1.0000
vn 0.0000 0.0000 -1.0000
vn 0.3201 -0.9474 -0.0000
vn 0.3201 -0.9474 -0.0000
vn 0.3201 -0.9474 -0.0000
vn 0.3201 -0.9474 -0.0000
vn 0.2972 -0.9548 -0.0000
vn 0.2972 -0.9548 -0.0000
vn 0.2972 -0.9548 -0.0000
vn 0.2972 -0.9548 -0.0000
vn -0.0000 -0.9474 0.3201
vn -0.0000 -0.9474 0.3201
vn -0.0000 -0.9474 0.3201
vn -0.0000 -0.9474 0.3201
vn -0.0379 -0.9993 -0.0000
vn -0.0379 -0.9993 -0.0000
vn 0.5526 -0.8335 -0.0000
vn 0.5526 -0.8335 -0.0000
vn -0.0000 -0.9548 0.2972
vn -0.0000 -0.9548 0.2972
vn -0.0000 -0.9548 0.2972
vn -0.0000 -0.9548 0.2972
vn 0.0000 -0.2879 -0.9577
vn 0.0000 -0.2879 -0.9577
vn 0.0000 0.0000 -1.0000
vn 0.0000 0.0000 -1.0000
vn 0.7071 0.0000 -0.7071
vn 0.7071 0.0000 -0.7071
vn 0.7071 0.0000 -0.7071
vn 0.7071 0.0000 -0.7071
vn -0.7071 -0.0000 0.7071
vn -0.7071 -0.0000 0.7071
vn -0.7071 -0.0000 0.7071
vn -0.7071 -0.0000 0.7071
vn 0.0000 -1.0000 -0.0000
vn 0.0000 -1.0000 -0.0000
vn 0.0000 -1.0000 -0.0000
vn 0.0000 -1.0000 -0.0000
vn -0.7071 0.0000 -0.7071
vn -0.7071 0.0000 -0.7071
vn -0.7071 0.0000 -0.7071
vn -0.7071 0.0000 -0.7071
vn 0.7071 -0.0000 0.7071
vn 0.7071 -0.0000 0.7071
vn 0.7071 -0.0000 0.7071
vn 0.7071 -0.0000 0.7071
vn 0.0000 -1.0000 -0.0000
vn 0.0000 -1.0000 -0.0000
vn 0.0000 -1.0000 -0.0000
vn 0.0000 -1.0000 -0.0000
vn 0.7070 -0.7072 -0.0000
vn 0.7070 -0.7072 -0.0000
vn 0.9576 -0.2880 -0.0000
vn 0.9576 -0.2880 -0.0000
vn -0.0000 -0.7071 0.7071
vn -0.0000 -0.7071 0.7071
vn -0.7070 -0.7072 -0.0000
vn -0.7070 -0.7072 -0.0000
vn 0.0000 -0.7072 -0.7070
vn 0.0000 -0.7072 -0.7070
vn 1.0000 0.0000 0.0000
vn 1.0000 0.0000 0.0000
vn -0.1621 -0.9868 -0.0000
vn -0.1621 -0.9868 -0.0000
vn -0.0409 -0.9992 -0.0000
vn -0.0409 -0.9992 -0.0000
vn 0.0000 -0.9868 -0.1622
vn 0.0000 -0.9868 -0.1622
vn 0.1622 -0.9868 -0.0000
vn 0.1622 -0.9868 -0.0000
vn -0.0000 -0.9868 0.1622
vn -0.0000 -0.9868 0.1622
vn -0.1503 -0.9886 -0.0000
vn -0.1503 -0.9886 -0.0000
vn 0.0000 -0.9886 -0.1503
vn 0.0000 -0.9886 -0.1503
vn 0.1503 -0.9886 -0.0000
vn 0.1503 -0.9886 -0.0000
vn -0.0000 -0.9886 0.1503
vn -0.0000 -0.9886 0.1503
vn -0.1503 -0.9886 -0.0000
vn -0.1503 -0.9886 -0.0000
vn 0.0000 -0.9886 -0.1503
vn 0.0000 -0.9886 -0.1503
vn 0.1503 -0.9886 -0.0000
vn 0.1503 -0.9886 -0.0000
vn -0.0000 -0.9886 0.1503
vn -0.0000 -0.9886 0.1503
vn -0.1503 -0.9886 -0.0000
vn -0.1503 -0.9886 -0.0000
vn 0.0000 -0.9886 -0.1503
vn 0.0000 -0.9886 -0.1503
vn 0.1503 -0.9886 -0.0000
vn 0.1503 -0.9886 -0.0000
vn -0.0000 -0.9886 0.1503
vn -0.0000 -0.9886 0.1503
vn -0.0979 -0.9952 -0.0000
vn -0.0979 -0.9952 -0.0000
vn 0.0000 -0.9952 -0.0979
vn 0.0000 -0.9952 -0.0979
vn 0.0979 -0.9952 -0.0000
vn 0.0979 -0.9952 -0.0000
vn -0.0000 -0.9952 0.0979
vn -0.0000 -0.9952 0.0979
vn 1.0000 0.0000 0.0000
vn 1.0000 0.0000 0.0000
vn 1.0000 0.0000 0.0000
vn 1.0000 0.0000 0.0000
vn -0.0000 -0.0000 1.0000
vn -0.0000 -0.0000 1.0000
vn -0.0000 -0.0000 1.0000
vn -0.0000 -0.0000 1.0000
vn -1.0000 0.0000 -0.0000
vn -1.0000 0.0000 -0.0000
vn -1.0000 0.0000 -0.0000
vn -1.0000 0.0000 -0.0000
vn 0.0000 0.0000 -1.0000
vn 0.0000 0.0000 -1.0000
vn 0.0000 0.0000 -1.0000
vn 0.0000 0.0000 -1.0000
vn 0.0000 1.0000 0.0000
vn 0.0000 1.0000 0.0000
vn 0.0000 1.0000 0.0000
vn 0.0000 1.0000 0.0000
vn 0.0000 -0.2880 -0.9576
vn 0.0000 -0.2880 -0.9576
vn 0.0000 0.0000 -1.0000
vn 0.0000 0.0000 -1.0000
vn -0.9576 -0.2880 -0.0000
vn -0.9576 -0.2880 -0.0000
vn -1.0000 0.0000 -0.0000
vn -1.0000 0.0000 -0.0000
vn 0.9576 -0.2880 -0.0000
vn 0.9576 -0.2880 -0.0000
vn 1.0000 0.0000 0.0000
vn 1.0000 0.0000 0.0000
vn -0.0000 -0.2880 0.9576
vn -0.0000 -0.2880 0.9576
vn -0.0000 -0.0000 1.0000
vn -0.0000 -0.0000 1.0000
vn 0.0000 -0.9992 -0.0409
vn 0.0000 -0.9992 -0.0409
vn 0.0000 -1.0000 -0.0000
vn 0.0000 -1.0000 -0.0000
vn -0.3201 -0.9474 -0.0000
vn -0.3201 -0.9474 -0.0000
vn -0.3201 -0.9474 -0.0000
vn -0.3201 -0.9474 -0.0000
vn -0.2971 -0.9548 -0.0000
vn -0.2971 -0.9548 -0.0000
vn -0.2971 -0.9548 -0.0000
vn -0.2971 -0.9548 -0.0000
vn 0.0409 -0.9992 -0.0000
vn 0.0409 -0.9992 -0.0000
vn 0.0000 -1.0000 -0.0000
vn -0.0000 -0.2880 0.9576
vn -0.0000 -0.2880 0.9576
vn -0.0000 -0.0000 1.0000
vn -0.0000 -0.0000 1.0000
vn 0.0000 -0.9548 -0.2972
vn 0.0000 -0.9548 -0.2972
vn 0.0000 -0.9548 -0.2972
vn 0.0000 -0.9548 -0.2972
vn 0.9576 -0.2880 -0.0000
vn 0.9576 -0.2880 -0.0000
vn 1.0000 0.0000 0.0000
vn 1.0000 0.0000 0.0000
vn -0.9576 -0.2880 -0.0000
vn -0.9576 -0.2880 -0.0000
vn -1.0000 0.0000 -0.0000
vn -1.0000 0.0000 -0.0000
vn 0.0000 -0.9993 -0.0379
vn 0.0000 -0.9993 -0.0379
vn -0.0000 -0.8335 0.5526
vn -0.0000 -0.8335 0.5526
vn -0.0000 -0.9993 0.0379
vn -0.0000 -0.9993 0.0379
vn 0.0000 -0.8334 -0.5526
vn 0.0000 -0.8334 -0.5526
vn -0.2971 -0.9548 -0.0000
vn -0.2971 -0.9548 -0.0000
vn -0.2971 -0.9548 -0.0000
vn -0.2971 -0.9548 -0.0000
vn 0.0379 -0.9993 -0.0000
vn 0.0379 -0.9993 -0.0000
vn -0.5526 -0.8335 -0.0000
vn -0.5526 -0.8335 -0.0000
vn -0.0000 -0.2879 0.9577
vn -0.0000 -0.2879 0.9577
vn -0.0000 -0.0000 1.0000
vn -0.0000 -0.0000 1.0000
vn 0.0000 -0.9548 -0.2972
vn 0.0000 -0.9548 -0.2972
vn 0.0000 -0.9548 -0.2972
vn 0.0000 -0.9548 -0.2972
vn 0.9576 -0.2880 -0.0000
vn 0.9576 -0.2880 -0.0000
vn 1.0000 0.0000 0.0000
vn 1.0000 0.0000 0.0000
vn -0.9576 -0.2880 -0.0000
vn -0.9576 -0.2880 -0.0000
vn -1.0000 0.0000 -0.0000
vn -1.0000 0.0000 -0.0000
vn 0.0000 -0.9993 -0.0379
vn 0.0000 -0.9993 -0.0379
vn -0.0000 -0.8334 0.5527
vn -0.0000 -0.8334 0.5527
vn -0.0000 -0.9993 0.0379
vn -0.0000 -0.9993 0.0379
vn 0.0000 -0.8334 -0.5527
vn 0.0000 -0.8334 -0.5527
vn -0.2971 -0.9548 -0.0000
vn -0.2971 -0.9548 -0.0000
vn -0.2971 -0.9548 -0.0000
vn -0.2971 -0.9548 -0.0000
vn 0.0379 -0.9993 -0.0000
vn 0.0379 -0.9993 -0.0000
vn -0.5526 -0.8335 -0.0000
vn -0.5526 -0.8335 -0.0000
vn -0.0000 -0.2880 0.9576
vn -0.0000 -0.2880 0.9576
vn -0.0000 -0.0000 1.0000
vn -0.0000 -0.0000 1.0000
vn 0.0000 -0.9548 -0.2972
vn 0.0000 -0.9548 -0.2972
vn 0.0000 -0.9548 -0.2972
vn 0.0000 -0.9548 -0.2972
vn 0.9576 -0.2880 -0.0000
vn 0.9576 -0.2880 -0.0000
vn 1.0000 0.0000 0.0000
vn 1.0000 0.0000 0.0000
vn -0.9576 -0.2880 -0.0000
vn -0.9576 -0.2880 -0.0000
vn -1.0000 0.0000 -0.0000
vn -1.0000 0.0000 -0.0000
vn 0.0000 -0.9993 -0.0379
vn 0.0000 -0.9993 -0.0379
vn -0.0000 -0.8334 0.5527
vn -0.0000 -0.8334 0.5527
vn -0.0000 -0.9993 0.0379
vn -0.0000 -0.9993 0.0379
vn 0.0000 -0.8334 -0.5527
vn 0.0000 -0.8334 -0.5527
vn 0.0379 -0.9993 -0.0000
vn 0.0379 -0.9993 -0.0000
vn -0.5526 -0.8335 -0.0000
vn -0.5526 -0.8335 -0.0000
vn -0.0000 -0.2880 0.9576
vn -0.0000 -0.2880 0.9576
vn -0.0000 -0.0000 1.0000
vn -0.0000 -0.0000 1.0000
vn -0.9576 -0.2880 -0.0000
vn -0.9576 -0.2880 -0.0000
vn -1.0000 0.0000 -0.0000
vn -1.0000 0.0000 -0.0000
vn 0.0000 -0.9997 -0.0246
vn 0.0000 -0.9997 -0.0246
vn -0.0000 -0.8334 0.5527
vn -0.0000 -0.8334 0.5527
vn -0.0000 -0.9997 0.0246
vn -0.0000 -0.9997 0.0246
vn 0.0000 -0.8334 -0.5526
vn 0.0000 -0.8334 -0.5526
vn 0.0246 -0.9997 -0.0000
vn 0.0246 -0.9997 -0.0000
vn -0.5526 -0.8335 -0.0000
vn -0.5526 -0.8335 -0.0000
vn 0.2971 -0.9548 -0.0000
vn 0.2971 -0.9548 -0.0000
vn 0.2971 -0.9548 -0.0000
vn 0.2971 -0.9548 -0.0000
vn -0.0379 -0.9993 -0.0000
vn -0.0379 -0.9993 -0.0000
vn 0.5526 -0.8335 -0.0000
vn 0.5526 -0.8335 -0.0000
vn -0.0246 -0.9997 -0.0000
vn -0.0246 -0.9997 -0.0000
vn 0.5526 -0.8335 -0.0000
vn 0.5526 -0.8335 -0.0000
vn -0.0000 -0.9548 0.2972
vn -0.0000 -0.9548 0.2972
vn -0.0000 -0.9548 0.2972
vn -0.0000 -0.9548 0.2972
vn 0.0000 -0.2880 -0.9576
vn 0.0000 -0.2880 -0.9576
vn 0.0000 0.0000 -1.0000
vn 0.0000 0.0000 -1.0000
vn 0.0000 -0.2880 -0.9576
vn 0.0000 -0.2880 -0.9576
vn 0.0000 0.0000 -1.0000
vn 0.0000 0.0000 -1.0000
vn 0.2972 -0.9548 -0.0000
vn 0.2972 -0.9548 -0.0000
vn 0.2972 -0.9548 -0.0000
vn 0.2972 -0.9548 -0.0000
vn 0.0000 -0.9474 -0.3201
vn 0.0000 -0.9474 -0.3201
vn 0.0000 -0.9474 -0.3201
vn 0.0000 -0.9474 -0.3201
vn -0.0379 -0.9993 -0.0000
vn -0.0379 -0.9993 -0.0000
vn 0.5526 -0.8335 -0.0000
vn 0.5526 -0.8335 -0.0000
vn -0.0000 -0.9548 0.2972
vn -0.0000 -0.9548 0.2972
vn -0.0000 -0.9548 0.2972
vn -0.0000 -0.9548 0.2972
vn -0.0000 -0.9992 0.0409
vn -0.0000 -0.9992 0.0409
vn 0.0000 -1.0000 -0.0000
vn 0.0000 -0.2880 -0.9576
vn 0.0000 -0.2880 -0.9576
vn 0.0000 0.0000 -1.0000
vn 0.0000 0.0000 -1.0000
vn 0.3201 -0.9474 -0.0000
vn 0.3201 -0.9474 -0.0000
vn 0.3201 -0.9474 -0.0000
vn 0.3201 -0.9474 -0.0000
vn 0.2972 -0.9548 -0.0000
vn 0.2972 -0.9548 -0.0000
vn 0.2972 -0.9548 -0.0000
vn 0.2972 -0.9548 -0.0000
vn -0.0000 -0.9474 0.3201
vn -0.0000 -0.9474 0.3201
vn -0.0000 -0.9474 0.3201
vn -0.0000 -0.9474 0.3201
vn -0.0379 -0.9993 -0.0000
vn -0.0379 -0.9993 -0.0000
vn 0.5526 -0.8335 -0.0000
vn 0.5526 -0.8335 -0.0000
vn -0.0000 -0.9548 0.2972
vn -0.0000 -0.9548 0.2972
vn -0.0000 -0.9548 0.2972
vn -0.0000 -0.9548 0.2972
vn 0.0000 -0.2879 -0.9577
vn 0.0000 -0.2879 -0.9577
vn 0.0000 0.0000 -1.0000
vn 0.0000 0.0000 -1.0000
vn 0.7071 0.0000 -0.7071
vn 0.7071 0.0000 -0.7071
vn 0.7071 0.0000 -0.7071
vn 0.7071 0.0000 -0.7071
vn -0.7071 -0.0000 0.7071
vn -0.7071 -0.0000 0.7071
vn -0.7071 -0.0000 0.7071
vn -0.7071 -0.0000 0.7071
vn 0.0000 -1.0000 -0.0000
vn 0.0000 -1.0000 -0.0000
vn 0.0000 -1.0000 -0.0000
vn 0.0000 -1.0000 -0.0000
vn -0.7071 0.0000 -0.7071
vn -0.7071 0.0000 -0.7071
vn -0.7071 0.0000 -0.7071
vn -0.7071 0.0000 -0.7071
vn 0.7071 -0.0000 0.7071
vn 0.7071 -0.0000 0.7071
vn 0.7071 -0.0000 0.7071
vn 0.7071 -0.0000 0.7071
vn 0.0000 -1.0000 -0.0000
vn 0.0000 -1.0000 -0.0000
vn 0.0000 -1.0000 -0.0000
vn 0.0000 -1.0000 -0.0000
vn 0.7070 -0.7072 -0.0000
vn 0.7070 -0.7072 -0.0000
vn 0.9576 -0.2880 -0.0000
vn 0.9576 -0.2880 -0.0000
vn -0.0000 -0.7072 0.7070
vn -0.0000 -0.7072 0.7070
vn -0.7070 -0.7072 -0.0000
vn -0.7070 -0.7072 -0.0000
vn 0.0000 -0.7071 -0.7071
vn 0.0000 -0.7071 -0.7071
vn 1.0000 0.0000 0.0000
vn 1.0000 0.0000 0.0000
vn -0.1621 -0.9868 -0.0000
vn -0.1621 -0.9868 -0.0000
vn -0.0409 -0.9992 -0.0000
vn -0.0409 -0.9992 -0.0000
vn 0.0000 -0.9868 -0.1622
vn 0.0000 -0.9868 -0.1622
vn 0.1622 -0.9868 -0.0000
vn 0.1622 -0.9868 -0.0000
vn -0.0000 -0.9868 0.1622
vn -0.0000 -0.9868 0.1622
vn -0.1503 -0.9886 -0.0000
vn -0.1503 -0.9886 -0.0000
vn 0.0000 -0.9886 -0.1503
vn 0.0000 -0.9886 -0.1503
vn 0.1503 -0.9886 -0.0000
vn 0.1503 -0.9886 -0.0000
vn -0.0000 -0.9886 0.1503
vn -0.0000 -0.9886 0.1503
vn -0.1503 -0.9886 -0.0000
vn -0.1503 -0.9886 -0.0000
vn 0.0000 -0.9886 -0.1503
vn 0.0000 -0.9886 -0.1503
vn 0.1503 -0.9886 -0.0000
vn 0.1503 -0.9886 -0.0000
vn -0.0000 -0.9886 0.1503
vn -0.0000 -0.9886 0.1503
vn -0.1503 -0.9886 -0.0000
vn -0.1503 -0.9886 -0.0000
vn 0.0000 -0.9886 -0.1503
vn 0.0000 -0.9886 -0.1503
vn 0.1503 -0.9886 -0.0000
vn 0.1503 -0.9886 -0.0000
vn -0.0000 -0.9886 0.1503
vn -0.0000 -0.9886 0.1503
vn -0.0979 -0.9952 -0.0000
vn -0.0979 -0.9952 -0.0000
vn 0.0000 -0.9952 -0.0979
vn 0.0000 -0.9952 -0.0979
vn 0.0979 -0.9952 -0.0000
vn 0.0979 -0.9952 -0.0000
vn -0.0000 -0.9952 0.0979
vn -0.0000 -0.9952 0.0979
vn 1.0000 0.0000 0.0000
vn 1.0000 0.0000 0.0000
vn 1.0000 0.0000 0.0000
vn 1.0000 0.0000 0.0000
vn -0.0000 -0.0000 1.0000
vn -0.0000 -0.0000 1.0000
vn -0.0000 -0.0000 1.0000
vn -0.0000 -0.0000 1.0000
vn -1.0000 0.0000 -0.0000
vn -1.0000 0.0000 -0.0000
vn -1.0000 0.0000 -0.0000
vn -1.0000 0.0000 -0.0000
vn 0.0000 0.0000 -1.0000
vn 0.0000 0.0000 -1.0000
vn 0.0000 0.0000 -1.0000
vn 0.0000 0.0000 -1.0000
vn 0.0000 1.0000 0.0000
vn 0.0000 1.0000 0.0000
vn 0.0000 1.0000 0.0000
vn 0.0000 1.0000 0.0000
vn 0.0000 -0.2880 -0.9576
vn 0.0000 -0.2880 -0.9576
vn 0.0000 0.0000 -1.0000
vn 0.0000 0.0000 -1.0000
vn -0.9576 -0.2880 -0.0000
vn -0.9576 -0.2880 -0.0000
vn -1.0000 0.0000 -0.0000
vn -1.0000 0.0000 -0.0000
vn 0.9576 -0.2880 -0.0000
vn 0.9576 -0.2880 -0.0000
vn 1.0000 0.0000 0.0000
vn 1.0000 0.0000 0.0000
vn -0.0000 -0.2880 0.9576
vn -0.0000 -0.2880 0.9576
vn -0.0000 -0.0000 1.0000
vn -0.0000 -0.0000 1.0000
vn 0.0000 -0.9992 -0.0409
vn 0.0000 -0.9992 -0.0409
vn 0.0000 -1.0000 -0.0000
vn 0.0000 -1.0000 -0.0000
vn -0.3201 -0.9474 -0.0000
vn -0.3201 -0.9474 -0.0000
vn -0.3201 -0.9474 -0.0000
vn -0.3201 -0.9474 -0.0000
vn -0.2971 -0.9548 -0.0000
vn -0.2971 -0.9548 -0.0000
vn -0.2971 -0.9548 -0.0000
vn -0.2971 -0.9548 -0.0000
vn 0.0409 -0.9992 -0.0000
vn 0.0409 -0.9992 -0.0000
vn 0.0000 -1.0000 -0.0000
vn -0.0000 -0.2880 0.9576
vn -0.0000 -0.2880 0.9576
vn -0.0000 -0.0000 1.0000
vn -0.0000 -0.0000 1.0000
vn 0.0000 -0.9548 -0.2972
vn 0.0000 -0.9548 -0.2972
vn 0.0000 -0.9548 -0.2972
vn 0.0000 -0.9548 -0.2972
vn 0.9576 -0.2880 -0.0000
vn 0.9576 -0.2880 -0.0000
vn 1.0000 0.0000 0.0000
vn 1.0000 0.0000 0.0000
vn -0.9576 -0.2880 -0.0000
vn -0.9576 -0.2880 -0.0000
vn -1.0000 0.0000 -0.0000
vn -1.0000 0.0000 -0.0000
vn 0.0000 -0.9993 -0.0379
vn 0.0000 -0.9993 -0.0379
vn -0.0000 -0.8335 0.5526
vn -0.0000 -0.8335 0.5526
vn -0.0000 -0.9993 0.0379
vn -0.0000 -0.9993 0.0379
vn 0.0000 -0.8334 -0.5526
vn 0.0000 -0.8334 -0.5526
vn -0.2971 -0.9548 -0.0000
vn -0.2971 -0.9548 -0.0000
vn -0.2971 -0.9548 -0.0000
vn -0.2971 -0.9548 -0.0000
vn 0.0379 -0.9993 -0.0000
vn 0.0379 -0.9993 -0.0000
vn -0.5526 -0.8335 -0.0000
vn -0.5526 -0.8335 -0.0000
vn -0.0000 -0.2879 0.9577
vn -0.0000 -0.2879 0.9577
vn -0.0000 -0.0000 1.0000
vn -0.0000 -0.0000 1.0000
vn 0.0000 -0.9548 -0.2972
vn 0.0000 -0.9548 -0.2972
vn 0.0000 -0.9548 -0.2972
vn 0.0000 -0.9548 -0.2972
vn 0.9576 -0.2880 -0.0000
vn 0.9576 -0.2880 -0.0000
vn 1.0000 0.0000 0.0000
vn 1.0000 0.0000 0.0000
vn -0.9576 -0.2880 -0.0000
vn -0.9576 -0.2880 -0.0000
vn -1.0000 0.0000 -0.0000
vn -1.0000 0.0000 -0.0000
vn 0.0000 -0.9993 -0.0379
vn 0.0000 -0.9993 -0.0379
vn -0.0000 -0.8334 0.5527
vn -0.0000 -0.8334 0.5527
vn -0.0000 -0.9993 0.0379
vn -0.0000 -0.9993 0.0379
vn 0.0000 -0.8334 -0.5527
vn 0.0000 -0.8334 -0.5527
vn -0.2971 -0.9548 -0.0000
vn -0.2971 -0.9548 -0.0000
vn -0.2971 -0.9548 -0.0000
vn -0.2971 -0.9548 -0.0000
vn 0.0379 -0.9993 -0.0000
vn 0.0379 -0.9993 -0.0000
vn -0.5526 -0.8335 -0.0000
vn -0.5526 -0.8335 -0.0000
vn -0.0000 -0.2880 0.9576
vn -0.0000 -0.2880 0.9576
vn -0.0000 -0.0000 1.0000
vn -0.0000 -0.0000 1.0000
vn 0.0000 -0.9548 -0.2972
vn 0.0000 -0.9548 -0.2972
vn 0.0000 -0.9548 -0.2972
vn 0.0000 -0.9548 -0.2972
vn 0.9576 -0.2880 -0.0000
vn 0.9576 -0.2880 -0.0000
vn 1.0000 0.0000 0.0000
vn 1.0000 0.0000 0.0000
vn -0.9576 -0.2880 -0.0000
vn -0.9576 -0.2880 -0.0000
vn -1.0000 0.0000 -0.0000
vn -1.0000 0.0000 -0.0000
vn 0.0000 -0.9993 -0.0379
vn 0.0000 -0.9993 -0.0379
vn -0.0000 -0.8334 0.5527
vn -0.0000 -0.8334 0.5527
vn -0.0000 -0.9993 0.0379
vn -0.0000 -0.9993 0.0379
vn 0.0000 -0.8334 -0.5527
vn 0.0000 -0.8334 -0.5527
vn 0.0379 -0.9993 -0.0000
vn 0.0379 -0.9993 -0.0000
vn -0.5526 -0.8335 -0.0000
vn -0.5526 -0.8335 -0.0000
vn -0.0000 -0.2880 0.9576
vn -0.0000 -0.2880 0.9576
vn -0.0000 -0.0000 1.0000
vn -0.0000 -0.0000 1.0000
vn -0.9576 -0.2880 -0.0000
vn -0.9576 -0.2880 -0.0000
vn -1.0000 0.0000 -0.0000
vn -1.0000 0.0000 -0.0000
vn 0.0000 -0.9997 -0.0246
vn 0.0000 -0.9997 -0.0246
vn -0.0000 -0.8334 0.5527
vn -0.0000 -0.8334 0.5527
vn -0.0000 -0.9997 0.0246
vn -0.0000 -0.9997 0.0246
vn 0.0000 -0.8335 -0.5526
vn 0.0000 -0.8335 -0.5526
vn 0.0246 -0.9997 -0.0000
vn 0.0246 -0.9997 -0.0000
vn -0.5526 -0.8335 -0.0000
vn -0.5526 -0.8335 -0.0000
vn 0.2971 -0.9548 -0.0000
vn 0.2971 -0.9548 -0.0000
vn 0.2971 -0.9548 -0.0000
vn 0.2971 -0.9548 -0.0000
vn -0.0379 -0.9993 -0.0000
vn -0.0379 -0.9993 -0.0000
vn 0.5526 -0.8335 -0.0000
vn 0.5526 -0.8335 -0.0000
vn -0.0246 -0.9997 -0.0000
vn -0.0246 -0.9997 -0.0000
vn 0.5526 -0.8335 -0.0000
vn 0.5526 -0.8335 -0.0000
vn -0.0000 -0.9548 0.2972
vn -0.0000 -0.9548 0.2972
vn -0.0000 -0.9548 0.2972
vn -0.0000 -0.9548 0.2972
vn 0.0000 -0.2880 -0.9576
vn 0.0000 -0.2880 -0.9576
vn 0.0000 0.0000 -1.0000
vn 0.0000 0.0000 -1.0000
vn 0.0000 -0.2880 -0.9576
vn 0.0000 -0.2880 -0.9576
vn 0.0000 0.0000 -1.0000
vn 0.0000 0.0000 -1.0000
vn 0.2972 -0.9548 -0.0000
vn 0.2972 -0.9548 -0.0000
vn 0.2972 -0.9548 -0.0000
vn 0.2972 -0.9548 -0.0000
vn 0.0000 -0.9474 -0.3201
vn 0.0000 -0.9474 -0.3201
vn 0.0000 -0.9474 -0.3201
vn 0.0000 -0.9474 -0.3201
vn -0.0379 -0.9993 -0.0000
vn -0.0379 -0.9993 -0.0000
vn 0.5526 -0.8335 -0.0000
vn 0.5526 -0.8335 -0.0000
vn -0.0000 -0.9548 0.2972
vn -0.0000 -0.9548 0.2972
vn -0.0000 -0.9548 0.2972
vn -0.0000 -0.9548 0.2972
vn -0.0000 -0.9992 0.0409
vn -0.0000 -0.9992 0.0409
vn 0.0000 -1.0000 -0.0000
vn 0.0000 -0.2880 -0.9576
vn 0.0000 -0.2880 -0.9576
vn 0.0000 0.0000 -1.0000
vn 0.0000 0.0000 -1.0000
vn 0.3201 -0.9474 -0.0000
vn 0.3201 -0.9474 -0.0000
vn 0.3201 -0.9474 -0.0000
vn 0.3201 -0.9474 -0.0000
vn 0.2972 -0.9548 -0.0000
vn 0.2972 -0.9548 -0.0000
vn 0.2972 -0.9548 -0.0000
vn 0.2972 -0.9548 -0.0000
vn -0.0000 -0.9474 0.3201
vn -0.0000 -0.9474 0.3201
vn -0.0000 -0.9474 0.3201
vn -0.0000 -0.9474 0.3201
vn -0.0379 -0.9993 -0.0000
vn -0.0379 -0.9993 -0.0000
vn 0.5526 -0.8335 -0.0000
vn 0.5526 -0.8335 -0.0000
vn -0.0000 -0.9548 0.2972
vn -0.0000 -0.9548 0.2972
vn -0.0000 -0.9548 0.2972
vn -0.0000 -0.9548 0.2972
vn 0.0000 -0.2879 -0.9577
vn 0.0000 -0.2879 -0.9577
vn 0.0000 0.0000 -1.0000
vn 0.0000 0.0000 -1.0000
vn 0.7071 0.0000 -0.7071
vn 0.7071 0.0000 -0.7071
vn 0.7071 0.0000 -0.7071
vn 0.7071 0.0000 -0.7071
vn -0.7071 -0.0000 0.7071
vn -0.7071 -0.0000 0.7071
vn -0.7071 -0.0000 0.7071
vn -0.7071 -0.0000 0.7071
vn 0.0000 -1.0000 -0.0000
vn 0.0000 -1.0000 -0.0000
vn 0.0000 -1.0000 -0.0000
vn 0.0000 -1.0000 -0.0000
vn -0.7071 0.0000 -0.7071
vn -0.7071 0.0000 -0.7071
vn -0.7071 0.0000 -0.7071
vn -0.7071 0.0000 -0.7071
vn 0.7071 -0.0000 0.7071
vn 0.7071 -0.0000 0.7071
vn 0.7071 -0.0000 0.7071
vn 0.7071 -0.0000 0.7071
vn 0.0000 -1.0000 -0.0000
vn 0.0000 -1.0000 -0.0000
vn 0.0000 -1.0000 -0.0000
vn 0.0000 -1.0000 -0.0000
vn 0.7070 -0.7072 -0.0000
vn 0.7070 -0.7072 -0.0000
vn 0.9576 -0.2880 -0.0000
vn 0.9576 -0.2880 -0.0000
vn -0.0000 -0.7072 0.7070
vn -0.0000 -0.7072 0.7070
vn -0.7070 -0.7072 -0.0000
vn -0.7070 -0.7072 -0.0000
vn 0.0000 -0.7071 -0.7071
vn 0.0000 -0.7071 -0.7071
vn 1.0000 0.0000 0.0000
vn 1.0000 0.0000 0.0000
vn -0.1621 -0.9868 -0.0000
vn -0.1621 -0.9868 -0.0000
vn -0.0409 -0.9992 -0.0000
vn -0.0409 -0.9992 -0.0000
vn 0.0000 -0.9868 -0.1622
vn 0.0000 -0.9868 -0.1622
vn 0.1622 -0.9868 -0.0000
vn 0.1622 -0.9868 -0.0000
vn -0.0000 -0.9868 0.1622
vn -0.0000 -0.9868 0.1622
vn -0.1503 -0.9886 -0.0000
vn -0.1503 -0.9886 -0.0000
vn 0.0000 -0.9886 -0.1503
vn 0.0000 -0.9886 -0.1503
vn 0.1503 -0.9886 -0.0000
vn 0.1503 -0.9886 -0.0000
vn -0.0000 -0.9886 0.1503
vn -0.0000 -0.9886 0.1503
vn -0.1503 -0.9886 -0.0000
vn -0.1503 -0.9886 -0.0000
vn 0.0000 -0.9886 -0.1503
vn 0.0000 -0.9886 -0.1503
vn 0.1503 -0.9886 -0.0000
vn 0.1503 -0.9886 -0.0000
vn -0.0000 -0.9886 0.1503
vn -0.0000 -0.9886 0.1503
vn -0.1503 -0.9886 -0.0000
vn -0.1503 -0.9886 -0.0000
vn 0.0000 -0.9886 -0.1503
vn 0.0000 -0.9886 -0.1503
vn 0.1503 -0.9886 -0.0000
vn 0.1503 -0.9886 -0.0000
vn -0.0000 -0.9886 0.1503
vn -0.0000 -0.9886 0.1503
vn -0.0979 -0.9952 -0.0000
vn -0.0979 -0.9952 -0.0000
vn 0.0000 -0.9952 -0.0979
vn 0.0000 -0.9952 -0.0979
vn 0.0979 -0.9952 -0.0000
vn 0.0979 -0.9952 -0.0000
vn -0.0000 -0.9952 0.0979
vn -0.0000 -0.9952 0.0979
vn 1.0000 0.0000 0.0000
vn 1.0000 0.0000 0.0000
vn 1.0000 0.0000 0.0000
vn 1.0000 0.0000 0.0000
vn -0.0000 -0.0000 1.0000
vn -0.0000 -0.0000 1.0000
vn -0.0000 -0.0000 1.0000
vn -0.0000 -0.0000 1.0000
vn -1.0000 0.0000 -0.0000
vn -1.0000 0.0000 -0.0000
vn -1.0000 0.0000 -0.0000
vn -1.0000 0.0000 -0.0000
vn 0.0000 0.0000 -1.0000
vn 0.0000 0.0000 -1.0000
vn 0.0000 0.0000 -1.0000
vn 0.0000 0.0000 -1.0000
vn 0.0000 1.0000 0.0000
vn 0.0000 1.0000 0.0000
vn 0.0000 1.0000 0.0000
vn 0.0000 1.0000 0.0000
vn 0.0000 -0.2880 -0.9576
vn 0.0000 -0.2880 -0.9576
vn 0.0000 0.0000 -1.0000
vn 0.0000 0.0000 -1.0000
vn -0.9576 -0.2880 -0.0000
vn -0.9576 -0.2880 -0.0000
vn -1.0000 0.0000 -0.0000
vn -1.0000 0.0000 -0.0000
vn 0.9576 -0.2880 -0.0000
vn 0.9576 -0.2880 -0.0000
vn 1.0000 0.0000 0.0000
vn 1.0000 0.0000 0.0000
vn -0.0000 -0.2879 0.9577
vn -0.0000 -0.2879 0.9577
vn -0.0000 -0.0000 1.0000
vn -0.0000 -0.0000 1.0000
vn 0.0000 -0.9992 -0.0409
vn 0.0000 -0.9992 -0.0409
vn 0.0000 -1.0000 -0.0000
vn 0.0000 -1.0000 -0.0000
vn -0.3201 -0.9474 -0.0000
vn -0.3201 -0.9474 -0.0000
vn -0.3201 -0.9474 -0.0000
vn -0.3201 -0.9474 -0.0000
vn -0.2971 -0.9548 -0.0000
vn -0.2971 -0.9548 -0.0000
vn -0.2971 -0.9548 -0.0000
vn -0.2971 -0.9548 -0.0000
vn 0.0409 -0.9992 -0.0000
vn 0.0409 -0.9992 -0.0000
vn 0.0000 -1.0000 -0.0000
vn -0.0000 -0.2880 0.9576
vn -0.0000 -0.2880 0.9576
vn -0.0000 -0.0000 1.0000
vn -0.0000 -0.0000 1.0000
vn 0.0000 -0.9548 -0.2972
vn 0.0000 -0.9548 -0.2972
vn 0.0000 -0.9548 -0.2972
vn 0.0000 -0.9548 -0.2972
vn 0.9576 -0.2880 -0.0000
vn 0.9576 -0.2880 -0.0000
vn 1.0000 0.0000 0.0000
vn 1.0000 0.0000 0.0000
vn -0.9576 -0.2880 -0.0000
vn -0.9576 -0.2880 -0.0000
vn -1.0000 0.0000 -0.0000
vn -1.0000 0.0000 -0.0000
vn 0.0000 -0.9993 -0.0379
vn 0.0000 -0.9993 -0.0379
vn -0.0000 -0.8334 0.5527
vn -0.0000 -0.8334 0.5527
vn -0.0000 -0.9993 0.0379
vn -0.0000 -0.9993 0.0379
vn 0.0000 -0.8334 -0.5526
vn 0.0000 -0.8334 -0.5526
vn -0.2971 -0.9548 -0.0000
vn -0.2971 -0.9548 -0.0000
vn -0.2971 -0.9548 -0.0000
vn -0.2971 -0.9548 -0.0000
vn 0.0379 -0.9993 -0.0000
vn 0.0379 -0.9993 -0.0000
vn -0.5526 -0.8335 -0.0000
vn -0.5526 -0.8335 -0.0000
vn -0.0000 -0.2880 0.9576
vn -0.0000 -0.2880 0.9576
vn -0.0000 -0.0000 1.0000
vn -0.0000 -0.0000 1.0000
vn 0.0000 -0.9548 -0.2972
vn 0.0000 -0.9548 -0.2972
vn 0.0000 -0.9548 -0.2972
vn 0.0000 -0.9548 -0.2972
vn 0.9576 -0.2880 -0.0000
vn 0.9576 -0.2880 -0.0000
vn 1.0000 0.0000 0.0000
vn 1.0000 0.0000 0.0000
vn -0.9576 -0.2880 -0.0000
vn -0.9576 -0.2880 -0.0000
vn -1.0000 0.0000 -0.0000
vn -1.0000 0.0000 -0.0000
vn 0.0000 -0.9993 -0.0379
vn 0.0000 -0.9993 -0.0379
vn -0.0000 -0.8334 0.5527
vn -0.0000 -0.8334 0.5527
vn -0.0000 -0.9993 0.0379
vn -0.0000 -0.9993 0.0379
vn 0.0000 -0.8334 -0.5526
vn 0.0000 -0.8334 -0.5526
vn -0.2971 -0.9548 -0.0000
vn -0.2971 -0.9548 -0.0000
vn -0.2971 -0.9548 -0.0000
vn -0.2971 -0.9548 -0.0000
vn 0.0379 -0.9993 -0.0000
vn 0.0379 -0.9993 -0.0000
vn -0.5526 -0.8335 -0.0000
vn -0.5526 -0.8335 -0.0000
vn -0.0000 -0.2879 0.9577
vn -0.0000 -0.2879 0.9577
vn -0.0000 -0.0000 1.0000
vn -0.0000 -0.0000 1.0000
vn 0.0000 -0.9548 -0.2972
vn 0.0000 -0.9548 -0.2972
vn 0.0000 -0.9548 -0.2972
vn 0.0000 -0.9548 -0.2972
vn 0.9576 -0.2880 -0.0000
vn 0.9576 -0.2880 -0.0000
vn 1.0000 0.0000 0.0000
vn 1.0000 0.0000 0.0000
vn -0.9576 -0.2880 -0.0000
vn -0.9576 -0.2880 -0.0000
vn -1.0000 0.0000 -0.0000
vn -1.0000 0.0000 -0.0000
vn 0.0000 -0.9993 -0.0379
vn 0.0000 -0.9993 -0.0379
vn -0.0000 -0.8334 0.5527
vn -0.0000 -0.8334 0.5527
vn -0.0000 -0.9993 0.0379
vn -0.0000 -0.9993 0.0379
vn 0.0000 -0.8334 -0.5527
vn 0.0000 -0.8334 -0.5527
vn 0.0379 -0.9993 -0.0000
vn 0.0379 -0.9993 -0.0000
vn -0.5526 -0.8335 -0.0000
vn -0.5526 -0.8335 -0.0000
vn -0.0000 -0.2880 0.9576
vn -0.0000 -0.2880 0.9576
vn -0.0000 -0.0000 1.0000
vn -0.0000 -0.0000 1.0000
vn -0.9576 -0.2880 -0.0000
vn -0.9576 -0.2880 -0.0000
vn -1.0000 0.0000 -0.0000
vn -1.0000 0.0000 -0.0000
vn 0.0000 -0.9997 -0.0246
vn 0.0000 -0.9997 -0.0246
vn -0.0000 -0.8334 0.5526
vn -0.0000 -0.8334 0.5526
vn -0.0000 -0.9997 0.0246
vn -0.0000 -0.9997 0.0246
vn 0.0000 -0.8334 -0.5526
vn 0.0000 -0.8334 -0.5526
vn 0.0246 -0.9997 -0.0000
vn 0.0246 -0.9997 -0.0000
vn -0.5526 -0.8335 -0.0000
vn -0.5526 -0.8335 -0.0000
vn 0.2971 -0.9548 -0.0000
vn 0.2971 -0.9548 -0.0000
vn 0.2971 -0.9548 -0.0000
vn 0.2971 -0.9548 -0.0000
vn -0.0379 -0.9993 -0.0000
vn -0.0379 -0.9993 -0.0000
vn 0.5526 -0.8335 -0.0000
vn 0.5526 -0.8335 -0.0000
vn -0.0246 -0.9997 -0.0000
vn -0.0246 -0.9997 -0.0000
vn 0.5526 -0.8335 -0.0000
vn 0.5526 -0.8335 -0.0000
vn -0.0000 -0.9548 0.2972
vn -0.0000 -0.9548 0.2972
vn -0.0000 -0.9548 0.2972
vn -0.0000 -0.9548 0.2972
vn 0.0000 -0.2880 -0.9576
vn 0.0000 -0.2880 -0.9576
vn 0.0000 0.0000 -1.0000
vn 0.0000 0.0000 -1.0000
vn 0.0000 -0.2880 -0.9576
vn 0.0000 -0.2880 -0.9576
vn 0.0000 0.0000 -1.0000
vn 0.0000 0.0000 -1.0000
vn 0.2972 -0.9548 -0.0000
vn 0.2972 -0.9548 -0.0000
vn 0.2972 -0.9548 -0.0000
vn 0.2972 -0.9548 -0.0000
vn 0.0000 -0.9474 -0.3201
vn 0.0000 -0.9474 -0.3201
vn 0.0000 -0.9474 -0.3201
vn 0.0000 -0.9474 -0.3201
vn -0.0379 -0.9993 -0.0000
vn -0.0379 -0.9993 -0.0000
vn 0.5526 -0.8335 -0.0000
vn 0.5526 -0.8335 -0.0000
vn -0.0000 -0.9548 0.2972
vn -0.0000 -0.9548 0.2972
vn -0.0000 -0.9548 0.2972
vn -0.0000 -0.9548 0.2972
vn -0.0000 -0.9992 0.0409
vn -0.0000 -0.9992 0.0409
vn 0.0000 -1.0000 -0.0000
vn 0.0000 -0.2880 -0.9576
vn 0.0000 -0.2880 -0.9576
vn 0.0000 0.0000 -1.0000
vn 0.0000 0.0000 -1.0000
vn 0.3201 -0.9474 -0.0000
vn 0.3201 -0.9474 -0.0000
vn 0.3201 -0.9474 -0.0000
vn 0.3201 -0.9474 -0.0000
vn 0.2972 -0.9548 -0.0000
vn 0.2972 -0.9548 -0.0000
vn 0.2972 -0.9548 -0.0000
vn 0.2972 -0.9548 -0.0000
vn -0.0000 -0.9474 0.3201
vn -0.0000 -0.9474 0.3201
vn -0.0000 -0.9474 0.3201
vn -0.0000 -0.9474 0.3201
vn -0.0379 -0.9993 -0.0000
vn -0.0379 -0.9993 -0.0000
vn 0.5526 -0.8335 -0.0000
vn 0.5526 -0.8335 -0.0000
vn -0.0000 -0.9548 0.2972
vn -0.0000 -0.9548 0.2972
vn -0.0000 -0.9548 0.2972
vn -0.0000 -0.9548 0.2972
vn 0.0000 -0.2880 -0.9576
vn 0.0000 -0.2880 -0.9576
vn 0.0000 0.0000 -1.0000
vn 0.0000 0.0000 -1.0000
vn 0.7071 0.0000 -0.7071
vn 0.7071 0.0000 -0.7071
vn 0.7071 0.0000 -0.7071
vn 0.7071 0.0000 -0.7071
vn -0.7071 -0.0000 0.7071
vn -0.7071 -0.0000 0.7071
vn -0.7071 -0.0000 0.7071
vn -0.7071 -0.0000 0.7071
vn 0.0000 -1.0000 -0.0000
vn 0.0000 -1.0000 -0.0000
vn 0.0000 -1.0000 -0.0000
vn 0.0000 -1.0000 -0.0000
vn -0.7071 0.0000 -0.7071
vn -0.7071 0.0000 -0.7071
vn -0.7071 0.0000 -0.7071
vn -0.7071 0.0000 -0.7071
vn 0.7071 -0.0000 0.7071
vn 0.7071 -0.0000 0.7071
vn 0.7071 -0.0000 0.7071
vn 0.7071 -0.0000 0.7071
vn 0.0000 -1.0000 -0.0000
vn 0.0000 -1.0000 -0.0000
vn 0.0000 -1.0000 -0.0000
vn 0.0000 -1.0000 -0.0000
vn 0.7070 -0.7072 -0.0000
vn 0.7070 -0.7072 -0.0000
vn 0.9576 -0.2880 -0.0000
vn 0.9576 -0.2880 -0.0000
vn -0.0000 -0.7071 0.7072
vn -0.0000 -0.7071 0.7072
vn -0.7070 -0.7072 -0.0000
vn -0.7070 -0.7072 -0.0000
vn 0.0000 -0.7071 -0.7071
vn 0.0000 -0.7071 -0.7071
vn 1.0000 0.0000 0.0000
vn 1.0000 0.0000 0.0000
vn -0.1621 -0.9868 -0.0000
vn -0.1621 -0.9868 -0.0000
vn -0.0409 -0.9992 -0.0000
vn -0.0409 -0.9992 -0.0000
vn 0.0000 -0.9868 -0.1622
vn 0.0000 -0.9868 -0.1622
vn 0.1622 -0.9868 -0.0000
vn 0.1622 -0.9868 -0.0000
vn -0.0000 -0.9868 0.1622
vn -0.0000 -0.9868 0.1622
vn -0.1503 -0.9886 -0.0000
vn -0.1503 -0.9886 -0.0000
vn 0.0000 -0.9886 -0.1503
vn 0.0000 -0.9886 -0.1503
vn 0.1503 -0.9886 -0.0000
vn 0.1503 -0.9886 -0.0000
vn -0.0000 -0.9886 0.1503
vn -0.0000 -0.9886 0.1503
vn -0.1503 -0.9886 -0.0000
vn -0.1503 -0.9886 -0.0000
vn 0.0000 -0.9886 -0.1503
vn 0.0000 -0.9886 -0.1503
vn 0.1503 -0.9886 -0.0000
vn 0.1503 -0.9886 -0.0000
vn -0.0000 -0.9886 0.1503
vn -0.0000 -0.9886 0.1503
vn -0.1503 -0.9886 -0.0000
vn -0.1503 -0.9886 -0.0000
vn 0.0000 -0.9886 -0.1503
vn 0.0000 -0.9886 -0.1503
vn 0.1503 -0.9886 -0.0000
vn 0.1503 -0.9886 -0.0000
vn -0.0000 -0.9886 0.1503
vn -0.0000 -0.9886 0.1503
vn -0.0979 -0.9952 -0.0000
vn -0.0979 -0.9952 -0.0000
vn 0.0000 -0.9952 -0.0979
vn 0.0000 -0.9952 -0.0979
vn 0.0979 -0.9952 -0.0000
vn 0.0979 -0.9952 -0.0000
vn -0.0000 -0.9952 0.0979
vn -0.0000 -0.9952 0.0979
vn 1.0000 0.0000 0.0000
vn 1.0000 0.0000 0.0000
vn 1.0000 0.0000 0.0000
vn 1.0000 0.0000 0.0000
vn -0.0000 -0.0000 1.0000
vn -0.0000 -0.0000 1.0000
vn -0.0000 -0.0000 1.0000
vn -0.0000 -0.0000 1.0000
vn -1.0000 0.0000 -0.0000
vn -1.0000 0.0000 -0.0000
vn -1.0000 0.0000 -0.0000
vn -1.0000 0.0000 -0.0000
vn 0.0000 0.0000 -1.0000
vn 0.0000 0.0000 -1.0000
vn 0.0000 0.0000 -1.0000
vn 0.0000 0.0000 -1.0000
vn 0.0000 1.0000 0.0000
vn 0.0000 1.0000 0.0000
vn 0.0000 1.0000 0.0000
vn 0.0000 1.0000 0.0000
vn 0.0000 -0.2880 -0.9576
vn 0.0000 -0.2880 -0.9576
vn 0.0000 0.0000 -1.0000
vn 0.0000 0.0000 -1.0000
vn -0.9576 -0.2880 -0.0000
vn -0.9576 -0.2880 -0.0000
vn -1.0000 0.0000 -0.0000
vn -1.0000 0.0000 -0.0000
vn 0.9576 -0.2880 -0.0000
vn 0.9576 -0.2880 -0.0000
vn 1.0000 0.0000 0.0000
vn 1.0000 0.0000 0.0000
vn -0.0000 -0.2880 0.9576
vn -0.0000 -0.2880 0.9576
vn -0.0000 -0.0000 1.0000
vn -0.0000 -0.0000 1.0000
vn 0.0000 -0.9992 -0.0409
vn 0.0000 -0.9992 -0.0409
vn 0.0000 -1.0000 -0.0000
vn 0.0000 -1.0000 -0.0000
vn -0.3201 -0.9474 -0.0000
vn -0.3201 -0.9474 -0.0000
vn -0.3201 -0.9474 -0.0000
vn -0.3201 -0.9474 -0.0000
vn -0.2972 -0.9548 -0.0000
vn -0.2972 -0.9548 -0.0000
vn -0.2972 -0.9548 -0.0000
vn -0.2972 -0.9548 -0.0000
vn 0.0409 -0.9992 -0.0000
vn 0.0409 -0.9992 -0.0000
vn 0.0000 -1.0000 -0.0000
vn -0.0000 -0.2880 0.9576
vn -0.0000 -0.2880 0.9576
vn -0.0000 -0.0000 1.0000
vn -0.0000 -0.0000 1.0000
vn 0.0000 -0.9548 -0.2972
vn 0.0000 -0.9548 -0.2972
vn 0.0000 -0.9548 -0.2972
vn 0.0000 -0.9548 -0.2972
vn 0.9576 -0.2880 -0.0000
vn 0.9576 -0.2880 -0.0000
vn 1.0000 0.0000 0.0000
vn 1.0000 0.0000 0.0000
vn -0.9576 -0.2880 -0.0000
vn -0.9576 -0.2880 -0.0000
vn -1.0000 0.0000 -0.0000
vn -1.0000 0.0000 -0.0000
vn 0.0000 -0.9993 -0.0379
vn 0.0000 -0.9993 -0.0379
vn -0.0000 -0.8334 0.5526
vn -0.0000 -0.8334 0.5526
vn -0.0000 -0.9993 0.0379
vn -0.0000 -0.9993 0.0379
vn 0.0000 -0.8335 -0.5526
vn 0.0000 -0.8335 -0.5526
vn -0.2971 -0.9548 -0.0000
vn -0.2971 -0.9548 -0.0000
vn -0.2971 -0.9548 -0.0000
vn -0.2971 -0.9548 -0.0000
vn 0.0379 -0.9993 -0.0000
vn 0.0379 -0.9993 -0.0000
vn -0.5526 -0.8335 -0.0000
vn -0.5526 -0.8335 -0.0000
vn -0.0000 -0.2879 0.9577
vn -0.0000 -0.2879 0.9577
vn -0.0000 -0.0000 1.0000
vn -0.0000 -0.0000 1.0000
vn 0.0000 -0.9548 -0.2972
vn 0.0000 -0.9548 -0.2972
vn 0.0000 -0.9548 -0.2972
vn 0.0000 -0.9548 -0.2972
vn 0.9576 -0.2880 -0.0000
vn 0.9576 -0.2880 -0.0000
vn 1.0000 0.0000 0.0000
vn 1.0000 0.0000 0.0000
vn -0.9576 -0.2880 -0.0000
vn -0.9576 -0.2880 -0.0000
vn -1.0000 0.0000 -0.0000
vn -1.0000 0.0000 -0.0000
vn 0.0000 -0.9993 -0.0379
vn 0.0000 -0.9993 -0.0379
vn -0.0000 -0.8333 0.5528
vn -0.0000 -0.8333 0.5528
vn -0.0000 -0.9993 0.0379
vn -0.0000 -0.9993 0.0379
vn 0.0000 -0.8334 -0.5527
vn 0.0000 -0.8334 -0.5527
vn -0.2971 -0.9548 -0.0000
vn -0.2971 -0.9548 -0.0000
vn -0.2971 -0.9548 -0.0000
vn -0.2971 -0.9548 -0.0000
vn 0.0379 -0.9993 -0.0000
vn 0.0379 -0.9993 -0.0000
vn -0.5526 -0.8335 -0.0000
vn -0.5526 -0.8335 -0.0000
vn -0.0000 -0.2879 0.9577
vn -0.0000 -0.2879 0.9577
vn -0.0000 -0.0000 1.0000
vn -0.0000 -0.0000 1.0000
vn 0.0000 -0.9548 -0.2972
vn 0.0000 -0.9548 -0.2972
vn 0.0000 -0.9548 -0.2972
vn 0.0000 -0.9548 -0.2972
vn 0.9576 -0.2880 -0.0000
vn 0.9576 -0.2880 -0.0000
vn 1.0000 0.0000 0.0000
vn 1.0000 0.0000 0.0000
vn -0.9576 -0.2880 -0.0000
vn -0.9576 -0.2880 -0.0000
vn -1.0000 0.0000 -0.0000
vn -1.0000 0.0000 -0.0000
vn 0.0000 -0.9993 -0.0379
vn 0.0000 -0.9993 -0.0379
vn -0.0000 -0.8334 0.5527
vn -0.0000 -0.8334 0.5527
vn -0.0000 -0.9993 0.0379
vn -0.0000 -0.9993 0.0379
vn 0.0000 -0.8334 -0.5527
vn 0.0000 -0.8334 -0.5527
vn 0.0379 -0.9993 -0.0000
vn 0.0379 -0.9993 -0.0000
vn -0.5526 -0.8335 -0.0000
vn -0.5526 -0.8335 -0.0000
vn -0.0000 -0.2880 0.9576
vn -0.0000 -0.2880 0.9576
vn -0.0000 -0.0000 1.0000
vn -0.0000 -0.0000 1.0000
vn -0.9576 -0.2880 -0.0000
vn -0.9576 -0.2880 -0.0000
vn -1.0000 0.0000 -0.0000
vn -1.0000 0.0000 -0.0000
vn 0.0000 -0.9997 -0.0245
vn 0.0000 -0.9997 -0.0245
vn -0.0000 -0.8334 0.5527
vn -0.0000 -0.8334 0.5527
vn -0.0000 -0.9997 0.0245
vn -0.0000 -0.9997 0.0245
vn 0.0000 -0.8334 -0.5526
vn 0.0000 -0.8334 -0.5526
vn 0.0245 -0.9997 -0.0000
vn 0.0245 -0.9997 -0.0000
vn -0.5526 -0.8335 -0.0000
vn -0.5526 -0.8335 -0.0000
vn 0.2972 -0.9548 -0.0000
vn 0.2972 -0.9548 -0.0000
vn 0.2972 -0.9548 -0.0000
vn 0.2972 -0.9548 -0.0000
vn -0.0379 -0.9993 -0.0000
vn -0.0379 -0.9993 -0.0000
vn 0.5526 -0.8335 -0.0000
vn 0.5526 -0.8335 -0.0000
vn -0.0245 -0.9997 -0.0000
vn -0.0245 -0.9997 -0.0000
vn 0.5526 -0.8335 -0.0000
vn 0.5526 -0.8335 -0.0000
vn -0.0000 -0.9548 0.2972
vn -0.0000 -0.9548 0.2972
vn -0.0000 -0.9548 0.2972
vn -0.0000 -0.9548 0.2972
vn 0.0000 -0.2880 -0.9576
vn 0.0000 -0.2880 -0.9576
vn 0.0000 0.0000 -1.0000
vn 0.0000 0.0000 -1.0000
vn 0.0000 -0.2880 -0.9576
vn 0.0000 -0.2880 -0.9576
vn 0.0000 0.0000 -1.0000
vn 0.0000 0.0000 -1.0000
vn 0.2971 -0.9548 -0.0000
vn 0.2971 -0.9548 -0.0000
vn 0.2971 -0.9548 -0.0000
vn 0.2971 -0.9548 -0.0000
vn 0.0000 -0.9474 -0.3201
vn 0.0000 -0.9474 -0.3201
vn 0.0000 -0.9474 -0.3201
vn 0.0000 -0.9474 -0.3201
vn -0.0379 -0.9993 -0.0000
vn -0.0379 -0.9993 -0.0000
vn 0.5526 -0.8335 -0.0000
vn 0.5526 -0.8335 -0.0000
vn -0.0000 -0.9548 0.2972
vn -0.0000 -0.9548 0.2972
vn -0.0000 -0.9548 0.2972
vn -0.0000 -0.9548 0.2972
vn -0.0000 -0.9992 0.0409
vn -0.0000 -0.9992 0.0409
vn 0.0000 -1.0000 -0.0000
vn 0.0000 -0.2879 -0.9577
vn 0.0000 -0.2879 -0.9577
vn 0.0000 0.0000 -1.0000
vn 0.0000 0.0000 -1.0000
vn 0.3201 -0.9474 -0.0000
vn 0.3201 -0.9474 -0.0000
vn 0.3201 -0.9474 -0.0000
vn 0.3201 -0.9474 -0.0000
vn 0.2971 -0.9548 -0.0000
vn 0.2971 -0.9548 -0.0000
vn 0.2971 -0.9548 -0.0000
vn 0.2971 -0.9548 -0.0000
vn -0.0000 -0.9474 0.3201
vn -0.0000 -0.9474 0.3201
vn -0.0000 -0.9474 0.3201
vn -0.0000 -0.9474 0.3201
vn -0.0379 -0.9993 -0.0000
vn -0.0379 -0.9993 -0.0000
vn 0.5526 -0.8335 -0.0000
vn 0.5526 -0.8335 -0.0000
vn -0.0000 -0.9548 0.2972
vn -0.0000 -0.9548 0.2972
vn -0.0000 -0.9548 0.2972
vn -0.0000 -0.9548 0.2972
vn 0.0000 -0.2880 -0.9576
vn 0.0000 -0.2880 -0.9576
vn 0.0000 0.0000 -1.0000
vn 0.0000 0.0000 -1.0000
vn 0.7071 0.0000 -0.7071
vn 0.7071 0.0000 -0.7071
vn 0.7071 0.0000 -0.7071
vn 0.7071 0.0000 -0.7071
vn -0.7071 -0.0000 0.7071
vn -0.7071 -0.0000 0.7071
vn -0.7071 -0.0000 0.7071
vn -0.7071 -0.0000 0.7071
vn 0.0000 -1.0000 -0.0000
vn 0.0000 -1.0000 -0.0000
vn 0.0000 -1.0000 -0.0000
vn 0.0000 -1.0000 -0.0000
vn -0.7071 0.0000 -0.7071
vn -0.7071 0.0000 -0.7071
vn -0.7071 0.0000 -0.7071
vn -0.7071 0.0000 -0.7071
vn 0.7071 -0.0000 0.7071
vn 0.7071 -0.0000 0.7071
vn 0.7071 -0.0000 0.7071
vn 0.7071 -0.0000 0.7071
vn 0.0000 -1.0000 -0.0000
vn 0.0000 -1.0000 -0.0000
vn 0.0000 -1.0000 -0.0000
vn 0.0000 -1.0000 -0.0000
vn 0.7070 -0.7072 -0.0000
vn 0.7070 -0.7072 -0.0000
vn 0.9576 -0.2880 -0.0000
vn 0.9576 -0.2880 -0.0000
vn -0.0000 -0.7071 0.7071
vn -0.0000 -0.7071 0.7071
vn -0.7070 -0.7072 -0.0000
vn -0.7070 -0.7072 -0.0000
vn 0.0000 -0.7072 -0.7070
vn 0.0000 -0.7072 -0.7070
vn 1.0000 0.0000 0.0000
vn 1.0000 0.0000 0.0000
vn -0.1622 -0.9868 -0.0000
vn -0.1622 -0.9868 -0.0000
vn -0.0409 -0.9992 -0.0000
vn -0.0409 -0.9992 -0.0000
vn 0.0000 -0.9868 -0.1622
vn 0.0000 -0.9868 -0.1622
vn 0.1622 -0.9868 -0.0000
vn 0.1622 -0.9868 -0.0000
vn -0.0000 -0.9868 0.1622
vn -0.0000 -0.9868 0.1622
vn -0.1503 -0.9886 -0.0000
vn -0.1503 -0.9886 -0.0000
vn 0.0000 -0.9886 -0.1503
vn 0.0000 -0.9886 -0.1503
vn 0.1503 -0.9886 -0.0000
vn 0.1503 -0.9886 -0.0000
vn -0.0000 -0.9886 0.1503
vn -0.0000 -0.9886 0.1503
vn -0.1503 -0.9886 -0.0000
vn -0.1503 -0.9886 -0.0000
vn 0.0000 -0.9886 -0.1503
vn 0.0000 -0.9886 -0.1503
vn 0.1503 -0.9886 -0.0000
vn 0.1503 -0.9886 -0.0000
vn -0.0000 -0.9886 0.1503
vn -0.0000 -0.9886 0.1503
vn -0.1503 -0.9886 -0.0000
vn -0.1503 -0.9886 -0.0000
vn 0.0000 -0.9886 -0.1503
vn 0.0000 -0.9886 -0.1503
vn 0.1503 -0.9886 -0.0000
vn 0.1503 -0.9886 -0.0000
vn -0.0000 -0.9886 0.1503
vn -0.0000 -0.9886 0.1503
vn -0.0978 -0.9952 -0.0000
vn -0.0978 -0.9952 -0.0000
vn 0.0000 -0.9952 -0.0979
vn 0.0000 -0.9952 -0.0979
vn 0.0978 -0.9952 -0.0000
vn 0.0978 -0.9952 -0.0000
vn -0.0000 -0.9952 0.0979
vn -0.0000 -0.9952 0.0979
vn 1.0000 0.0000 0.0000
vn 1.0000 0.0000 0.0000
vn 1.0000 0.0000 0.0000
vn 1.0000 0.0000 0.0000
vn -0.0000 -0.0000 1.0000
vn -0.0000 -0.0000 1.0000
vn -0.0000 -0.0000 1.0000
vn -0.0000 -0.0000 1.0000
vn -1.0000 0.0000 -0.0000
vn -1.0000 0.0000 -0.0000
vn -1.0000 0.0000 -0.0000
vn -1.0000 0.0000 -0.0000
vn 0.0000 0.0000 -1.0000
vn 0.0000 0.0000 -1.0000
vn 0.0000 0.0000 -1.0000
vn 0.0000 0.0000 -1.0000
vn 0.0000 1.0000 0.0000
vn 0.0000 1.0000 0.0000
vn 0.0000 1.0000 0.0000
vn 0.0000 1.0000 0.0000
vn 0.0000 -0.2880 -0.9576
vn 0.0000 -0.2880 -0.9576
vn 0.0000 0.0000 -1.0000
vn 0.0000 0.0000 -1.0000
vn -0.9576 -0.2880 -0.0000
vn -0.9576 -0.2880 -0.0000
vn -1.0000 0.0000 -0.0000
vn -1.0000 0.0000 -0.0000
vn 0.9576 -0.2880 -0.0000
vn 0.9576 -0.2880 -0.0000
vn 1.0000 0.0000 0.0000
vn 1.0000 0.0000 0.0000
vn -0.0000 -0.2879 0.9577
vn -0.0000 -0.2879 0.9577
vn -0.0000 -0.0000 1.0000
vn -0.0000 -0.0000 1.0000
vn 0.0000 -0.9992 -0.0409
vn 0.0000 -0.9992 -0.0409
vn 0.0000 -1.0000 -0.0000
vn 0.0000 -1.0000 -0.0000
vn -0.3201 -0.9474 -0.0000
vn -0.3201 -0.9474 -0.0000
vn -0.3201 -0.9474 -0.0000
vn -0.3201 -0.9474 -0.0000
vn -0.2972 -0.9548 -0.0000
vn -0.2972 -0.9548 -0.0000
vn -0.2972 -0.9548 -0.0000
vn -0.2972 -0.9548 -0.0000
vn 0.0409 -0.9992 -0.0000
vn 0.0409 -0.9992 -0.0000
vn 0.0000 -1.0000 -0.0000
vn -0.0000 -0.2880 0.9576
vn -0.0000 -0.2880 0.9576
vn -0.0000 -0.0000 1.0000
vn -0.0000 -0.0000 1.0000
vn 0.0000 -0.9548 -0.2972
vn 0.0000 -0.9548 -0.2972
vn 0.0000 -0.9548 -0.2972
vn 0.0000 -0.9548 -0.2972
vn 0.9576 -0.2880 -0.0000
vn 0.9576 -0.2880 -0.0000
vn 1.0000 0.0000 0.0000
vn 1.0000 0.0000 0.0000
vn -0.9576 -0.2880 -0.0000
vn -0.9576 -0.2880 -0.0000
vn -1.0000 0.0000 -0.0000
vn -1.0000 0.0000 -0.0000
vn 0.0000 -0.9993 -0.0379
vn 0.0000 -0.9993 -0.0379
vn -0.0000 -0.8334 0.5526
vn -0.0000 -0.8334 0.5526
vn -0.0000 -0.9993 0.0379
vn -0.0000 -0.9993 0.0379
vn 0.0000 -0.8334 -0.5526
vn 0.0000 -0.8334 -0.5526
vn -0.2971 -0.9548 -0.0000
vn -0.2971 -0.9548 -0.0000
vn -0.2971 -0.9548 -0.0000
vn -0.2971 -0.9548 -0.0000
vn 0.0379 -0.9993 -0.0000
vn 0.0379 -0.9993 -0.0000
vn -0.5526 -0.8335 -0.0000
vn -0.5526 -0.8335 -0.0000
vn -0.0000 -0.2880 0.9576
vn -0.0000 -0.2880 0.9576
vn -0.0000 -0.0000 1.0000
vn -0.0000 -0.0000 1.0000
vn 0.0000 -0.9548 -0.2972
vn 0.0000 -0.9548 -0.2972
vn 0.0000 -0.9548 -0.2972
vn 0.0000 -0.9548 -0.2972
vn 0.9576 -0.2880 -0.0000
vn 0.9576 -0.2880 -0.0000
vn 1.0000 0.0000 0.0000
vn 1.0000 0.0000 0.0000
vn -0.9576 -0.2880 -0.0000
vn -0.9576 -0.2880 -0.0000
vn -1.0000 0.0000 -0.0000
vn -1.0000 0.0000 -0.0000
vn 0.0000 -0.9993 -0.0379
vn 0.0000 -0.9993 -0.0379
vn -0.0000 -0.8334 0.5526
vn -0.0000 -0.8334 0.5526
vn -0.0000 -0.9993 0.0379
vn -0.0000 -0.9993 0.0379
vn 0.0000 -0.8334 -0.5526
vn 0.0000 -0.8334 -0.5526
vn -0.2971 -0.9548 -0.0000
vn -0.2971 -0.9548 -0.0000
vn -0.2971 -0.9548 -0.0000
vn -0.2971 -0.9548 -0.0000
vn 0.0379 -0.9993 -0.0000
vn 0.0379 -0.9993 -0.0000
vn -0.5526 -0.8335 -0.0000
vn -0.5526 -0.8335 -0.0000
vn -0.0000 -0.2879 0.9577
vn -0.0000 -0.2879 0.9577
vn -0.0000 -0.0000 1.0000
vn -0.0000 -0.0000 1.0000
vn 0.0000 -0.9548 -0.2972
vn 0.0000 -0.9548 -0.2972
vn 0.0000 -0.9548 -0.2972
vn 0.0000 -0.9548 -0.2972
vn 0.9576 -0.2880 -0.0000
vn 0.9576 -0.2880 -0.0000
vn 1.0000 0.0000 0.0000
vn 1.0000 0.0000 0.0000
vn -0.9576 -0.2880 -0.0000
vn -0.9576 -0.2880 -0.0000
vn -1.0000 0.0000 -0.0000
vn -1.0000 0.0000 -0.0000
vn 0.0000 -0.9993 -0.0379
vn 0.0000 -0.9993 -0.0379
vn -0.0000 -0.8334 0.5527
vn -0.0000 -0.8334 0.5527
vn -0.0000 -0.9993 0.0379
vn -0.0000 -0.9993 0.0379
vn 0.0000 -0.8334 -0.5527
vn 0.0000 -0.8334 -0.5527
vn 0.0379 -0.9993 -0.0000
vn 0.0379 -0.9993 -0.0000
vn -0.5526 -0.8335 -0.0000
vn -0.5526 -0.8335 -0.0000
vn -0.0000 -0.2880 0.9576
vn -0.0000 -0.2880 0.9576
vn -0.0000 -0.0000 1.0000
vn -0.0000 -0.0000 1.0000
vn -0.9576 -0.2880 -0.0000
vn -0.9576 -0.2880 -0.0000
vn -1.0000 0.0000 -0.0000
vn -1.0000 0.0000 -0.0000
vn 0.0000 -0.9997 -0.0245
vn 0.0000 -0.9997 -0.0245
vn -0.0000 -0.8334 0.5526
vn -0.0000 -0.8334 0.5526
vn -0.0000 -0.9997 0.0245
vn -0.0000 -0.9997 0.0245
vn 0.0000 -0.8334 -0.5527
vn 0.0000 -0.8334 -0.5527
vn 0.0245 -0.9997 -0.0000
vn 0.0245 -0.9997 -0.0000
vn -0.5526 -0.8335 -0.0000
vn -0.5526 -0.8335 -0.0000
vn 0.2972 -0.9548 -0.0000
vn 0.2972 -0.9548 -0.0000
vn 0.2972 -0.9548 -0.0000
vn 0.2972 -0.9548 -0.0000
vn -0.0379 -0.9993 -0.0000
vn -0.0379 -0.9993 -0.0000
vn 0.5526 -0.8335 -0.0000
vn 0.5526 -0.8335 -0.0000
vn -0.0245 -0.9997 -0.0000
vn -0.0245 -0.9997 -0.0000
vn 0.5526 -0.8335 -0.0000
vn 0.5526 -0.8335 -0.0000
vn -0.0000 -0.9548 0.2972
vn -0.0000 -0.9548 0.2972
vn -0.0000 -0.9548 0.2972
vn -0.0000 -0.9548 0.2972
vn 0.0000 -0.2880 -0.9576
vn 0.0000 -0.2880 -0.9576
vn 0.0000 0.0000 -1.0000
vn 0.0000 0.0000 -1.0000
vn 0.0000 -0.2879 -0.9577
vn 0.0000 -0.2879 -0.9577
vn 0.0000 0.0000 -1.0000
vn 0.0000 0.0000 -1.0000
vn 0.2971 -0.9548 -0.0000
vn 0.2971 -0.9548 -0.0000
vn 0.2971 -0.9548 -0.0000
vn 0.2971 -0.9548 -0.0000
vn 0.0000 -0.9474 -0.3201
vn 0.0000 -0.9474 -0.3201
vn 0.0000 -0.9474 -0.3201
vn 0.0000 -0.9474 -0.3201
vn -0.0379 -0.9993 -0.0000
vn -0.0379 -0.9993 -0.0000
vn 0.5526 -0.8335 -0.0000
vn 0.5526 -0.8335 -0.0000
vn -0.0000 -0.9548 0.2972
vn -0.0000 -0.9548 0.2972
vn -0.0000 -0.9548 0.2972
vn -0.0000 -0.9548 0.2972
vn -0.0000 -0.9992 0.0409
vn -0.0000 -0.9992 0.0409
vn 0.0000 -1.0000 -0.0000
vn 0.0000 -0.2879 -0.9577
vn 0.0000 -0.2879 -0.9577
vn 0.0000 0.0000 -1.0000
vn 0.0000 0.0000 -1.0000
vn 0.3201 -0.9474 -0.0000
vn 0.3201 -0.9474 -0.0000
vn 0.3201 -0.9474 -0.0000
vn 0.3201 -0.9474 -0.0000
vn 0.2971 -0.9548 -0.0000
vn 0.2971 -0.9548 -0.0000
vn 0.2971 -0.9548 -0.0000
vn 0.2971 -0.9548 -0.0000
vn -0.0000 -0.9474 0.3201
vn -0.0000 -0.9474 0.3201
vn -0.0000 -0.9474 0.3201
vn -0.0000 -0.9474 0.3201
vn -0.0379 -0.9993 -0.0000
vn -0.0379 -0.9993 -0.0000
vn 0.5526 -0.8335 -0.0000
vn 0.5526 -0.8335 -0.0000
vn -0.0000 -0.9548 0.2972
vn -0.0000 -0.9548 0.2972
vn -0.0000 -0.9548 0.2972
vn -0.0000 -0.9548 0.2972
vn 0.0000 -0.2880 -0.9576
vn 0.0000 -0.2880 -0.9576
vn 0.0000 0.0000 -1.0000
vn 0.0000 0.0000 -1.0000
vn 0.7071 0.0000 -0.7071
vn 0.7071 0.0000 -0.7071
vn 0.7071 0.0000 -0.7071
vn 0.7071 0.0000 -0.7071
vn -0.7071 -0.0000 0.7071
vn -0.7071 -0.0000 0.7071
vn -0.7071 -0.0000 0.7071
vn -0.7071 -0.0000 0.7071
vn 0.0000 -1.0000 -0.0000
vn 0.0000 -1.0000 -0.0000
vn 0.0000 -1.0000 -0.0000
vn 0.0000 -1.0000 -0.0000
vn -0.7071 0.0000 -0.7071
vn -0.7071 0.0000 -0.7071
vn -0.7071 0.0000 -0.7071
vn -0.7071 0.0000 -0.7071
vn 0.7071 -0.0000 0.7071
vn 0.7071 -0.0000 0.7071
vn 0.7071 -0.0000 0.7071
vn 0.7071 -0.0000 0.7071
vn 0.0000 -1.0000 -0.0000
vn 0.0000 -1.0000 -0.0000
vn 0.0000 -1.0000 -0.0000
vn 0.0000 -1.0000 -0.0000
vn 0.7070 -0.7072 -0.0000
vn 0.7070 -0.7072 -0.0000
vn 0.9576 -0.2880 -0.0000
vn 0.9576 -0.2880 -0.0000
vn -0.0000 -0.7071 0.7072
vn -0.0000 -0.7071 0.7072
vn -0.7070 -0.7072 -0.0000
vn -0.7070 -0.7072 -0.0000
vn 0.0000 -0.7072 -0.7070
vn 0.0000 -0.7072 -0.7070
vn 1.0000 0.0000 0.0000
vn 1.0000 0.0000 0.0000
vn -0.1622 -0.9868 -0.0000
vn -0.1622 -0.9868 -0.0000
vn -0.0409 -0.9992 -0.0000
vn -0.0409 -0.9992 -0.0000
vn 0.0000 -0.9868 -0.1622
vn 0.0000 -0.9868 -0.1622
vn 0.1622 -0.9868 -0.0000
vn 0.1622 -0.9868 -0.0000
vn -0.0000 -0.9868 0.1622
vn -0.0000 -0.9868 0.1622
vn -0.1503 -0.9886 -0.0000
vn -0.1503 -0.9886 -0.0000
vn 0.0000 -0.9886 -0.1503
vn 0.0000 -0.9886 -0.1503
vn 0.1503 -0.9886 -0.0000
vn 0.1503 -0.9886 -0.0000
vn -0.0000 -0.9886 0.1503
vn -0.0000 -0.9886 0.1503
vn -0.1503 -0.9886 -0.0000
vn -0.1503 -0.9886 -0.0000
vn 0.0000 -0.9886 -0.1503
vn 0.0000 -0.9886 -0.1503
vn 0.1503 -0.9886 -0.0000
vn 0.1503 -0.9886 -0.0000
vn -0.0000 -0.9886 0.1503
vn -0.0000 -0.9886 0.1503
vn -0.1503 -0.9886 -0.0000
vn -0.1503 -0.9886 -0.0000
vn 0.0000 -0.9886 -0.1503
vn 0.0000 -0.9886 -0.1503
vn 0.1503 -0.9886 -0.0000
vn 0.1503 -0.9886 -0.0000
vn -0.0000 -0.9886 0.1503
vn -0.0000 -0.9886 0.1503
vn -0.0978 -0.9952 -0.0000
vn -0.0978 -0.9952 -0.0000
vn 0.0000 -0.9952 -0.0979
vn 0.0000 -0.9952 -0.0979
vn 0.0978 -0.9952 -0.0000
vn 0.0978 -0.9952 -0.0000
vn -0.0000 -0.9952 0.0979
vn -0.0000 -0.9952 0.0979
vn 1.0000 0.0000 0.0000
vn 1.0000 0.0000 0.0000
vn 1.0000 0.0000 0.0000
vn 1.0000 0.0000 0.0000
vn -0.0000 -0.0000 1.0000
vn -0.0000 -0.0000 1.0000
vn -0.0000 -0.0000 1.0000
vn -0.0000 -0.0000 1.0000
vn -1.0000 0.0000 -0.0000
vn -1.0000 0.0000 -0.0000
vn -1.0000 0.0000 -0.0000
vn -1.0000 0.0000 -0.0000
vn 0.0000 0.0000 -1.0000
vn 0.0000 0.0000 -1.0000
vn 0.0000 0.0000 -1.0000
vn 0.0000 0.0000 -1.0000
vn 0.0000 1.0000 0.0000
vn 0.0000 1.0000 0.0000
vn 0.0000 1.0000 0.0000
vn 0.0000 1.0000 0.0000
f 1/1/1 2/2/2 3/3/3
f 4/4/4 5/5/5 6/6/6
f 7/7/7 8/8/8 9/9/9
f 10/10/10 11/11/11 12/12/12
f 13/13/13 14/14/14 15/15/15
f 16/16/16 17/17/17 18/18/18
f 19/19/19 20/20/20 21/21/21
f 22/22/22 23/23/23 24/24/24
f 25/25/25 26/26/26 27/27/27
f 28/28/28 29/29/29 30/30/30
f 31/31/31 32/32/32 33/33/33
f 34/34/34 35/35/35 36/36/36
f 37/37/37 38/38/38 39/39/39
f 40/40/40 41/41/41 42/42/42
f 43/43/43 44/44/44 45/45/45
f 46/46/46 47/47/47 48/48/48
f 49/49/49 50/50/50 51/51/51
f 52/52/52 53/53/53 54/54/54
f 55/55/55 56/56/56 57/57/57
f 58/58/58 59/59/59 60/60/60
f 61/61/61 62/62/62 63/63/63
f 64/64/64 65/65/65 66/66/66
f 67/67/67 68/68/68 69/69/69
f 70/70/70 71/71/71 72/72/72
f 73/73/73 74/74/74 75/75/75
f 76/76/76 77/77/77 78/78/78
f 79/79/79 80/80/80 81/81/81
f 82/82/82 83/83/83 84/84/84
f 85/85/85 86/86/86 87/87/87
f 88/88/88 89/89/89 90/90/90
f 91/91/91 92/92/92 93/93/93
f 94/94/94 95/95/95 96/96/96
f 97/97/97 98/98/98 99/99/99
f 100/100/100 101/101/101 102/102/102
f 103/103/103 104/104/104 105/105/105
f 106/106/106 107/107/107 108/108/108
f 109/109/109 110/110/110 111/111/111
f 112/112/112 113/113/113 114/114/114
f 115/115/115 116/116/116 117/117/117
f 118/118/118 119/119/119 120/120/120
f 121/121/121 122/122/122 123/123/123
f 124/124/124 125/125/125 126/126/126
f 127/127/127 128/128/128 129/129/129
f 130/130/130 131/131/131 132/132/132
f 133/133/133 134/134/134 135/135/135
f 136/136/136 137/137/137 138/138/138
f 139/139/139 140/140/140 141/141/141
f 142/142/142 143/143/143 144/144/144
f 145/145/145 146/146/146 147/147/147
f 148/148/148 149/149/149 150/150/150
f 151/151/151 152/152/152 153/153/153
f 154/154/154 155/155/155 156/156/156
f 157/157/157 158/158/158 159/159/159
f 160/160/160 161/161/161 162/162/162
f 163/163/163 164/164/164 165/165/165
f 166/166/166 167/167/167 168/168/168
f 169/169/169 170/170/170 171/171/171
f 169/169/169 171/171/171 172/172/172
f 173/173/173 174/174/174 175/175/175
f 173/173/173 175/175/175 176/176/176
f 177/177/177 178/178/178 179/179/179
f 177/177/177 179/179/179 180/180/180
f 181/181/181 182/182/182 183/183/183
f 181/181/181 183/183/183 184/184/184
f 185/185/185 186/186/186 187/187/187
f 185/185/185 187/187/187 188/188/188
f 189/189/189 190/190/190 191/191/191
f 189/189/189 191/191/191 192/192/192
f 193/193/193 194/194/194 195/195/195
f 193/193/193 195/195/195 196/196/196
f 197/197/197 198/198/198 188/188/188
f 197/197/197 188/188/188 199/199/199
f 200/200/200 201/201/201 202/202/202
f 200/200/200 202/202/202 203/203/203
f 204/204/204 205/205/205 206/206/206
f 204/204/204 206/206/206 207/207/207
f 208/208/208 209/209/209 210/210/210
f 208/208/208 210/210/210 211/211/211
f 212/212/212 213/213/213 214/214/214
f 212/212/212 214/214/214 215/215/215
f 216/216/216 217/217/217 218/218/218
f 216/216/216 218/218/218 219/219/219
f 220/220/220 221/221/221 222/222/222
f 220/220/220 222/222/222 223/223/223
f 224/224/224 225/225/225 226/226/226
f 224/224/224 226/226/226 227/227/227
f 228/228/228 229/229/229 230/230/230
f 228/228/228 230/230/230 231/231/231
f 232/232/232 233/233/233 234/234/234
f 232/232/232 234/234/234 235/235/235
f 236/236/236 237/237/237 238/238/238
f 236/236/236 238/238/238 239/239/239
f 240/240/240 241/241/241 242/242/242
f 240/240/240 242/242/242 243/243/243
f 244/244/244 245/245/245 246/246/246
f 244/244/244 246/246/246 247/247/247
f 248/248/248 249/249/249 250/250/250
f 248/248/248 250/250/250 251/251/251
f 252/252/252 253/253/253 254/254/254
f 252/252/252 254/254/254 255/255/255
f 256/256/256 257/257/257 258/258/258
f 256/256/256 258/258/258 259/259/259
f 260/260/260 261/261/261 262/262/262
f 260/260/260 262/262/262 263/263/263
f 264/264/264 265/265/265 266/266/266
f 264/264/264 266/266/266 267/267/267
f 268/268/268 269/269/269 270/270/270
f 268/268/268 270/270/270 271/271/271
f 272/272/272 273/273/273 274/274/274
f 272/272/272 274/274/274 275/275/275
f 276/276/276 277/277/277 278/278/278
f 276/276/276 278/278/278 279/279/279
f 280/280/280 281/281/281 282/282/282
f 280/280/280 282/282/282 283/283/283
f 284/284/284 285/285/285 286/286/286
f 284/284/284 286/286/286 287/287/287
f 288/288/288 289/289/289 290/290/290
f 288/288/288 290/290/290 291/291/291
f 292/292/292 293/293/293 294/294/294
f 292/292/292 294/294/294 295/295/295
f 296/296/296 297/297/297 298/298/298
f 296/296/296 298/298/298 299/299/299
f 300/300/300 301/301/301 302/302/302
f 300/300/300 302/302/302 303/303/303
f 304/304/304 305/305/305 306/306/306
f 304/304/304 306/306/306 307/307/307
f 308/308/308 309/309/309 310/310/310
f 308/308/308 310/310/310 311/311/311
f 312/312/312 313/313/313 314/314/314
f 312/312/312 314/314/314 315/315/315
f 316/316/316 317/317/317 318/318/318
f 316/316/316 318/318/318 319/319/319
f 320/320/320 321/321/321 322/322/322
f 320/320/320 322/322/322 323/323/323
f 324/324/324 325/325/325 326/326/326
f 324/324/324 326/326/326 327/327/327
f 328/328/328 329/329/329 330/330/330
f 328/328/328 330/330/330 331/331/331
f 332/332/332 333/333/333 334/334/334
f 332/332/332 334/334/334 335/335/335
f 336/336/336 337/337/337 338/338/338
f 336/336/336 338/338/338 339/339/339
f 340/340/340 341/341/341 342/342/342
f 340/340/340 342/342/342 343/343/343
f 344/344/344 345/345/345 346/346/346
f 344/344/344 346/346/346 347/347/347
f 348/348/348 349/349/349 350/350/350
f 348/348/348 350/350/350 351/351/351
f 352/352/352 353/353/353 199/199/199
f 352/352/352 199/199/199 354/354/354
f 355/355/355 356/356/356 357/357/357
f 355/355/355 357/357/357 358/358/358
f 359/359/359 360/360/360 361/361/361
f 359/359/359 361/361/361 362/362/362
f 363/363/363 364/364/364 365/365/365
f 363/363/363 365/365/365 366/366/366
f 367/367/367 368/368/368 369/369/369
f 367/367/367 369/369/369 370/370/370
f 371/371/371 372/372/372 373/373/373
f 371/371/371 373/373/373 374/374/374
f 375/375/375 376/376/376 377/377/377
f 375/375/375 377/377/377 378/378/378
f 379/379/379 380/380/380 381/381/381
f 379/379/379 381/381/381 382/382/382
f 383/383/383 384/384/384 385/385/385
f 383/383/383 385/385/385 386/386/386
f 387/387/387 388/388/388 389/389/389
f 387/387/387 389/389/389 390/390/390
f 391/391/391 392/392/392 393/393/393
f 391/391/391 393/393/393 394/394/394
f 395/395/395 396/396/396 397/397/397
f 395/395/395 397/397/397 398/398/398
f 399/399/399 400/400/400 401/401/401
f 399/399/399 401/401/401 402/402/402
f 403/403/403 404/404/404 405/405/405
f 403/403/403 405/405/405 406/406/406
f 407/407/407 408/408/408 409/409/409
f 407/407/407 409/409/409 410/410/410
f 411/411/411 412/412/412 182/182/182
f 411/411/411 182/182/182 181/181/181
f 413/413/413 414/414/414 174/174/174
f 413/413/413 174/174/174 173/173/173
f 415/415/415 416/416/416 170/170/170
f 415/415/415 170/170/170 169/169/169
f 319/319/319 318/318/318 178/178/178
f 319/319/319 178/178/178 177/177/177
f 219/219/219 218/218/218 201/201/201
f 219/219/219 201/201/201 200/200/200
f 231/231/231 230/230/230 213/213/213
f 231/231/231 213/213/213 212/212/212
f 223/223/223 222/222/222 329/329/329
f 223/223/223 329/329/329 328/328/328
f 374/374/374 373/373/373 209/209/209
f 374/374/374 209/209/209 208/208/208
f 251/251/251 250/250/250 233/233/233
f 251/251/251 233/233/233 232/232/232
f 263/263/263 262/262/262 245/245/245
f 263/263/263 245/245/245 244/244/244
f 255/255/255 254/254/254 380/380/380
f 255/255/255 380/380/380 379/379/379
f 347/347/347 346/346/346 241/241/241
f 347/347/347 241/241/241 240/240/240
f 283/283/283 282/282/282 265/265/265
f 283/283/283 265/265/265 264/264/264
f 291/291/291 290/290/290 277/277/277
f 291/291/291 277/277/277 276/276/276
f 287/287/287 286/286/286 356/356/356
f 287/287/287 356/356/356 355/355/355
f 323/323/323 322/322/322 273/273/273
f 323/323/323 273/273/273 272/272/272
f 303/303/303 302/302/302 293/293/293
f 303/303/303 293/293/293 292/292/292
f 311/311/311 310/310/310 297/297/297
f 311/311/311 297/297/297 296/296/296
f 307/307/307 306/306/306 333/333/333
f 307/307/307 333/333/333 332/332/332
f 410/410/410 409/409/409 417/417/417
f 410/410/410 417/417/417 418/418/418
f 419/419/419 420/420/420 421/421/421
f 419/419/419 421/421/421 422/422/422
f 423/423/423 424/424/424 186/186/186
f 423/423/423 186/186/186 185/185/185
f 425/425/425 426/426/426 198/198/198
f 425/425/425 198/198/198 197/197/197
f 427/427/427 428/428/428 353/353/353
f 427/427/427 353/353/353 352/352/352
f 429/429/429 430/430/430 317/317/317
f 429/429/429 317/317/317 316/316/316
f 431/431/431 432/432/432 217/217/217
f 431/431/431 217/217/217 216/216/216
f 433/433/433 434/434/434 229/229/229
f 433/433/433 229/229/229 228/228/228
f 435/435/435 436/436/436 221/221/221
f 435/435/435 221/221/221 220/220/220
f 437/437/437 438/438/438 372/372/372
f 437/437/437 372/372/372 371/371/371
f 439/439/439 440/440/440 249/249/249
f 439/439/439 249/249/249 248/248/248
f 441/441/441 442/442/442 261/261/261
f 441/441/441 261/261/261 260/260/260
f 443/443/443 444/444/444 253/253/253
f 443/443/443 253/253/253 252/252/252
f 445/445/445 446/446/446 345/345/345
f 445/445/445 345/345/345 344/344/344
f 447/447/447 448/448/448 281/281/281
f 447/447/447 281/281/281 280/280/280
f 449/449/449 450/450/450 289/289/289
f 449/449/449 289/289/289 288/288/288
f 451/451/451 452/452/452 285/285/285
f 451/451/451 285/285/285 284/284/284
f 453/453/453 454/454/454 321/321/321
f 453/453/453 321/321/321 320/320/320
f 455/455/455 456/456/456 301/301/301
f 455/455/455 301/301/301 300/300/300
f 457/457/457 458/458/458 309/309/309
f 457/457/457 309/309/309 308/308/308
f 459/459/459 460/460/460 305/305/305
f 459/459/459 305/305/305 304/304/304
f 422/422/422 421/421/421 354/354/354
f 422/422/422 354/354/354 187/187/187
f 461/461/461 462/462/462 463/463/463
f 461/461/461 463/463/463 464/464/464
f 465/465/465 466/466/466 467/467/467
f 465/465/465 467/467/467 468/468/468
f 469/469/469 470/470/470 471/471/471
f 469/469/469 471/471/471 472/472/472
f 473/473/473 474/474/474 475/475/475
f 473/473/473 475/475/475 476/476/476
f 477/477/477 478/478/478 479/479/479
f 477/477/477 479/479/479 480/480/480
f 481/481/481 482/482/482 483/483/483
f 481/481/481 483/483/483 484/484/484
f 485/485/485 486/486/486 487/487/487
f 485/485/485 487/487/487 488/488/488
f 489/489/489 490/490/490 491/491/491
f 489/489/489 491/491/491 492/492/492
f 493/493/493 494/494/494 495/495/495
f 493/493/493 495/495/495 496/496/496
f 497/497/497 498/498/498 499/499/499
f 497/497/497 499/499/499 500/500/500
f 501/501/501 502/502/502 503/503/503
f 501/501/501 503/503/503 504/504/504
f 505/505/505 506/506/506 507/507/507
f 505/505/505 507/507/507 508/508/508
f 509/509/509 510/510/510 500/500/500
f 509/509/509 500/500/500 511/511/511
f 512/512/512 513/513/513 514/514/514
f 512/512/512 514/514/514 515/515/515
f 516/516/516 517/517/517 518/518/518
f 516/516/516 518/518/518 519/519/519
f 520/520/520 521/521/521 522/522/522
f 520/520/520 522/522/522 523/523/523
f 524/524/524 525/525/525 526/526/526
f 524/524/524 526/526/526 527/527/527
f 528/528/528 529/529/529 530/530/530
f 528/528/528 530/530/530 531/531/531
f 532/532/532 533/533/533 534/534/534
f 532/532/532 534/534/534 535/535/535
f 536/536/536 537/537/537 538/538/538
f 536/536/536 538/538/538 539/539/539
f 540/540/540 541/541/541 542/542/542
f 540/540/540 542/542/542 543/543/543
f 544/544/544 545/545/545 546/546/546
f 544/544/544 546/546/546 547/547/547
f 548/548/548 549/549/549 550/550/550
f 548/548/548 550/550/550 551/551/551
f 552/552/552 553/553/553 554/554/554
f 552/552/552 554/554/554 555/555/555
f 556/556/556 557/557/557 558/558/558
f 556/556/556 558/558/558 559/559/559
f 560/560/560 561/561/561 562/562/562
f 560/560/560 562/562/562 563/563/563
f 564/564/564 565/565/565 566/566/566
f 564/564/564 566/566/566 567/567/567
f 568/568/568 569/569/569 570/570/570
f 568/568/568 570/570/570 571/571/571
f 572/572/572 573/573/573 574/574/574
f 572/572/572 574/574/574 575/575/575
f 576/576/576 577/577/577 578/578/578
f 576/576/576 578/578/578 579/579/579
f 580/580/580 581/581/581 582/582/582
f 580/580/580 582/582/582 583/583/583
f 584/584/584 585/585/585 586/586/586
f 584/584/584 586/586/586 587/587/587
f 588/588/588 589/589/589 590/590/590
f 588/588/588 590/590/590 591/591/591
f 592/592/592 593/593/593 594/594/594
f 592/592/592 594/594/594 595/595/595
f 596/596/596 597/597/597 598/598/598
f 596/596/596 598/598/598 599/599/599
f 600/600/600 601/601/601 602/602/602
f 600/600/600 602/602/602 603/603/603
f 604/604/604 605/605/605 606/606/606
f 604/604/604 606/606/606 607/607/607
f 608/608/608 609/609/609 610/610/610
f 608/608/608 610/610/610 611/611/611
f 612/612/612 613/613/613 614/614/614
f 612/612/612 614/614/614 615/615/615
f 616/616/616 617/617/617 618/618/618
f 616/616/616 618/618/618 619/619/619
f 620/620/620 621/621/621 622/622/622
f 620/620/620 622/622/622 623/623/623
f 624/624/624 625/625/625 626/626/626
f 624/624/624 626/626/626 627/627/627
f 628/628/628 629/629/629 630/630/630
f 628/628/628 630/630/630 631/631/631
f 632/632/632 633/633/633 634/634/634
f 632/632/632 634/634/634 635/635/635
f 636/636/636 637/637/637 638/638/638
f 636/636/636 638/638/638 639/639/639
f 640/640/640 641/641/641 642/642/642
f 640/640/640 642/642/642 643/643/643
f 644/644/644 645/645/645 646/646/646
f 644/644/644 646/646/646 647/647/647
f 648/648/648 649/649/649 650/650/650
f 648/648/648 650/650/650 651/651/651
f 652/652/652 653/653/653 654/654/654
f 652/652/652 654/654/654 655/655/655
f 656/656/656 657/657/657 658/658/658
f 656/656/656 658/658/658 659/659/659
f 660/660/660 661/661/661 662/662/662
f 660/660/660 662/662/662 663/663/663
f 664/664/664 665/665/665 511/511/511
f 664/664/664 511/511/511 666/666/666
f 667/667/667 668/668/668 669/669/669
f 667/667/667 669/669/669 670/670/670
f 671/671/671 672/672/672 673/673/673
f 671/671/671 673/673/673 674/674/674
f 675/675/675 676/676/676 677/677/677
f 675/675/675 677/677/677 678/678/678
f 679/679/679 680/680/680 681/681/681
f 679/679/679 681/681/681 682/682/682
f 683/683/683 684/684/684 685/685/685
f 683/683/683 685/685/685 686/686/686
f 687/687/687 688/688/688 689/689/689
f 687/687/687 689/689/689 690/690/690
f 691/691/691 692/692/692 693/693/693
f 691/691/691 693/693/693 694/694/694
f 695/695/695 696/696/696 697/697/697
f 695/695/695 697/697/697 698/698/698
f 699/699/699 700/700/700 701/701/701
f 699/699/699 701/701/701 702/702/702
f 703/703/703 704/704/704 705/705/705
f 703/703/703 705/705/705 706/706/706
f 707/707/707 708/708/708 709/709/709
f 707/707/707 709/709/709 710/710/710
f 711/711/711 712/712/712 713/713/713
f 711/711/711 713/713/713 714/714/714
f 715/715/715 716/716/716 717/717/717
f 715/715/715 717/717/717 718/718/718
f 719/719/719 720/720/720 721/721/721
f 719/719/719 721/721/721 722/722/722
f 723/723/723 724/724/724 494/494/494
f 723/723/723 494/494/494 493/493/493
f 725/725/725 726/726/726 486/486/486
f 725/725/725 486/486/486 485/485/485
f 727/727/727 728/728/728 482/482/482
f 727/727/727 482/482/482 481/481/481
f 631/631/631 630/630/630 490/490/490
f 631/631/631 490/490/490 489/489/489
f 531/531/531 530/530/530 513/513/513
f 531/531/531 513/513/513 512/512/512
f 543/543/543 542/542/542 525/525/525
f 543/543/543 525/525/525 524/524/524
f 535/535/535 534/534/534 641/641/641
f 535/535/535 641/641/641 640/640/640
f 686/686/686 685/685/685 521/521/521
f 686/686/686 521/521/521 520/520/520
f 563/563/563 562/562/562 545/545/545
f 563/563/563 545/545/545 544/544/544
f 575/575/575 574/574/574 557/557/557
f 575/575/575 557/557/557 556/556/556
f 567/567/567 566/566/566 692/692/692
f 567/567/567 692/692/692 691/691/691
f 659/659/659 658/658/658 553/553/553
f 659/659/659 553/553/553 552/552/552
f 595/595/595 594/594/594 577/577/577
f 595/595/595 577/577/577 576/576/576
f 603/603/603 602/602/602 589/589/589
f 603/603/603 589/589/589 588/588/588
f 599/599/599 598/598/598 668/668/668
f 599/599/599 668/668/668 667/667/667
f 635/635/635 634/634/634 585/585/585
f 635/635/635 585/585/585 584/584/584
f 615/615/615 614/614/614 605/605/605
f 615/615/615 605/605/605 604/604/604
f 623/623/623 622/622/622 609/609/609
f 623/623/623 609/609/609 608/608/608
f 619/619/619 618/618/618 645/645/645
f 619/619/619 645/645/645 644/644/644
f 722/722/722 721/721/721 729/729/729
f 722/722/722 729/729/729 730/730/730
f 731/731/731 732/732/732 733/733/733
f 731/731/731 733/733/733 734/734/734
f 735/735/735 736/736/736 498/498/498
f 735/735/735 498/498/498 497/497/497
f 737/737/737 738/738/738 510/510/510
f 737/737/737 510/510/510 509/509/509
f 739/739/739 740/740/740 665/665/665
f 739/739/739 665/665/665 664/664/664
f 741/741/741 742/742/742 629/629/629
f 741/741/741 629/629/629 628/628/628
f 743/743/743 744/744/744 529/529/529
f 743/743/743 529/529/529 528/528/528
f 745/745/745 746/746/746 541/541/541
f 745/745/745 541/541/541 540/540/540
f 747/747/747 748/748/748 533/533/533
f 747/747/747 533/533/533 532/532/532
f 749/749/749 750/750/750 684/684/684
f 749/749/749 684/684/684 683/683/683
f 751/751/751 752/752/752 561/561/561
f 751/751/751 561/561/561 560/560/560
f 753/753/753 754/754/754 573/573/573
f 753/753/753 573/573/573 572/572/572
f 755/755/755 756/756/756 565/565/565
f 755/755/755 565/565/565 564/564/564
f 757/757/757 758/758/758 657/657/657
f 757/757/757 657/657/657 656/656/656
f 759/759/759 760/760/760 593/593/593
f 759/759/759 593/593/593 592/592/592
f 761/761/761 762/762/762 601/601/601
f 761/761/761 601/601/601 600/600/600
f 763/763/763 764/764/764 597/597/597
f 763/763/763 597/597/597 596/596/596
f 765/765/765 766/766/766 633/633/633
f 765/765/765 633/633/633 632/632/632
f 767/767/767 768/768/768 613/613/613
f 767/767/767 613/613/613 612/612/612
f 769/769/769 770/770/770 621/621/621
f 769/769/769 621/621/621 620/620/620
f 771/771/771 772/772/772 617/617/617
f 771/771/771 617/617/617 616/616/616
f 734/734/734 733/733/733 666/666/666
f 734/734/734 666/666/666 499/499/499
f 773/773/773 774/774/774 775/775/775
f 773/773/773 775/775/775 776/776/776
f 777/777/777 778/778/778 779/779/779
f 777/777/777 779/779/779 780/780/780
f 781/781/781 782/782/782 783/783/783
f 781/781/781 783/783/783 784/784/784
f 785/785/785 786/786/786 787/787/787
f 785/785/785 787/787/787 788/788/788
f 789/789/789 790/790/790 791/791/791
f 789/789/789 791/791/791 792/792/792
f 793/793/793 794/794/794 795/795/795
f 793/793/793 795/795/795 796/796/796
f 797/797/797 798/798/798 799/799/799
f 797/797/797 799/799/799 800/800/800
f 801/801/801 802/802/802 803/803/803
f 801/801/801 803/803/803 804/804/804
f 805/805/805 806/806/806 807/807/807
f 805/805/805 807/807/807 808/808/808
f 809/809/809 810/810/810 811/811/811
f 809/809/809 811/811/811 812/812/812
f 813/813/813 814/814/814 815/815/815
f 813/813/813 815/815/815 816/816/816
f 817/817/817 818/818/818 819/819/819
f 817/817/817 819/819/819 820/820/820
f 821/821/821 822/822/822 812/812/812
f 821/821/821 812/812/812 823/823/823
f 824/824/824 825/825/825 826/826/826
f 824/824/824 826/826/826 827/827/827
f 828/828/828 829/829/829 830/830/830
f 828/828/828 830/830/830 831/831/831
f 832/832/832 833/833/833 834/834/834
f 832/832/832 834/834/834 835/835/835
f 836/836/836 837/837/837 838/838/838
f 836/836/836 838/838/838 839/839/839
f 840/840/840 841/841/841 842/842/842
f 840/840/840 842/842/842 843/843/843
f 844/844/844 845/845/845 846/846/846
f 844/844/844 846/846/846 847/847/847
f 848/848/848 849/849/849 850/850/850
f 848/848/848 850/850/850 851/851/851
f 852/852/852 853/853/853 854/854/854
f 852/852/852 854/854/854 855/855/855
f 856/856/856 857/857/857 858/858/858
f 856/856/856 858/858/858 859/859/859
f 860/860/860 861/861/861 862/862/862
f 860/860/860 862/862/862 863/863/863
f 864/864/864 865/865/865 866/866/866
f 864/864/864 866/866/866 867/867/867
f 868/868/868 869/869/869 870/870/870
f 868/868/868 870/870/870 871/871/871
f 872/872/872 873/873/873 874/874/874
f 872/872/872 874/874/874 875/875/875
f 876/876/876 877/877/877 878/878/878
f 876/876/876 878/878/878 879/879/879
f 880/880/880 881/881/881 882/882/882
f 880/880/880 882/882/882 883/883/883
f 884/884/884 885/885/885 886/886/886
f 884/884/884 886/886/886 887/887/887
f 888/888/888 889/889/889 890/890/890
f 888/888/888 890/890/890 891/891/891
f 892/892/892 893/893/893 894/894/894
f 892/892/892 894/894/894 895/895/895
f 896/896/896 897/897/897 898/898/898
f 896/896/896 898/898/898 899/899/899
f 900/900/900 901/901/901 902/902/902
f 900/900/900 902/902/902 903/903/903
f 904/904/904 905/905/905 906/906/906
f 904/904/904 906/906/906 907/907/907
f 908/908/908 909/909/909 910/910/910
f 908/908/908 910/910/910 911/911/911
f 912/912/912 913/913/913 914/914/914
f 912/912/912 914/914/914 915/915/915
f 916/916/916 917/917/917 918/918/918
f 916/916/916 918/918/918 919/919/919
f 920/920/920 921/921/921 922/922/922
f 920/920/920 922/922/922 923/923/923
f 924/924/924 925/925/925 926/926/926
f 924/924/924 926/926/926 927/927/927
f 928/928/928 929/929/929 930/930/930
f 928/928/928 930/930/930 931/931/931
f 932/932/932 933/933/933 934/934/934
f 932/932/932 934/934/934 935/935/935
f 936/936/936 937/937/937 938/938/938
f 936/936/936 938/938/938 939/939/939
f 940/940/940 941/941/941 942/942/942
f 940/940/940 942/942/942 943/943/943
f 944/944/944 945/945/945 946/946/946
f 944/944/944 946/946/946 947/947/947
f 948/948/948 949/949/949 950/950/950
f 948/948/948 950/950/950 951/951/951
f 952/952/952 953/953/953 954/954/954
f 952/952/952 954/954/954 955/955/955
f 956/956/956 957/957/957 958/958/958
f 956/956/956 958/958/958 959/959/959
f 960/960/960 961/961/961 962/962/962
f 960/960/960 962/962/962 963/963/963
f 964/964/964 965/965/965 966/966/966
f 964/964/964 966/966/966 967/967/967
f 968/968/968 969/969/969 970/970/970
f 968/968/968 970/970/970 971/971/971
f 972/972/972 973/973/973 974/974/974
f 972/972/972 974/974/974 975/975/975
f 976/976/976 977/977/977 823/823/823
f 976/976/976 823/823/823 978/978/978
f 979/979/979 980/980/980 981/981/981
f 979/979/979 981/981/981 982/982/982
f 983/983/983 984/984/984 985/985/985
f 983/983/983 985/985/985 986/986/986
f 987/987/987 988/988/988 989/989/989
f 987/987/987 989/989/989 990/990/990
f 991/991/991 992/992/992 993/993/993
f 991/991/991 993/993/993 994/994/994
f 995/995/995 996/996/996 997/997/997
f 995/995/995 997/997/997 998/998/998
f 999/999/999 1000/1000/1000 1001/1001/1001
f 999/999/999 1001/1001/1001 1002/1002/1002
f 1003/1003/1003 1004/1004/1004 1005/1005/1005
f 1003/1003/1003 1005/1005/1005 1006/1006/1006
f 1007/1007/1007 1008/1008/1008 1009/1009/1009
f 1007/1007/1007 1009/1009/1009 1010/1010/1010
f 1011/1011/1011 1012/1012/1012 1013/1013/1013
f 1011/1011/1011 1013/1013/1013 1014/1014/1014
f 1015/1015/1015 1016/1016/1016 1017/1017/1017
f 1015/1015/1015 1017/1017/1017 1018/1018/1018
f 1019/1019/1019 1020/1020/1020 1021/1021/1021
f 1019/1019/1019 1021/1021/1021 1022/1022/1022
f 1023/1023/1023 1024/1024/1024 1025/1025/1025
f 1023/1023/1023 1025/1025/1025 1026/1026/1026
f 1027/1027/1027 1028/1028/1028 1029/1029/1029
f 1027/1027/1027 1029/1029/1029 1030/1030/1030
f 1031/1031/1031 1032/1032/1032 1033/1033/1033
f 1031/1031/1031 1033/1033/1033 1034/1034/1034
f 1035/1035/1035 1036/1036/1036 806/806/806
f 1035/1035/1035 806/806/806 805/805/805
f 1037/1037/1037 1038/1038/1038 798/798/798
f 1037/1037/1037 798/798/798 797/797/797
f 1039/1039/1039 1040/1040/1040 794/794/794
f 1039/1039/1039 794/794/794 793/793/793
f 943/943/943 942/942/942 802/802/802
f 943/943/943 802/802/802 801/801/801
f 843/843/843 842/842/842 825/825/825
f 843/843/843 825/825/825 824/824/824
f 855/855/855 854/854/854 837/837/837
f 855/855/855 837/837/837 836/836/836
f 847/847/847 846/846/846 953/953/953
f 847/847/847 953/953/953 952/952/952
f 998/998/998 997/997/997 833/833/833
f 998/998/998 833/833/833 832/832/832
f 875/875/875 874/874/874 857/857/857
f 875/875/875 857/857/857 856/856/856
f 887/887/887 886/886/886 869/869/869
f 887/887/887 869/869/869 868/868/868
f 879/879/879 878/878/878 1004/1004/1004
f 879/879/879 1004/1004/1004 1003/1003/1003
f 971/971/971 970/970/970 865/865/865
f 971/971/971 865/865/865 864/864/864
f 907/907/907 906/906/906 889/889/889
f 907/907/907 889/889/889 888/888/888
f 915/915/915 914/914/914 901/901/901
f 915/915/915 901/901/901 900/900/900
f 911/911/911 910/910/910 980/980/980
f 911/911/911 980/980/980 979/979/979
f 947/947/947 946/946/946 897/897/897
f 947/947/947 897/897/897 896/896/896
f 927/927/927 926/926/926 917/917/917
f 927/927/927 917/917/917 916/916/916
f 935/935/935 934/934/934 921/921/921
f 935/935/935 921/921/921 920/920/920
f 931/931/931 930/930/930 957/957/957
f 931/931/931 957/957/957 956/956/956
f 1034/1034/1034 1033/1033/1033 1041/1041/1041
f 1034/1034/1034 1041/1041/1041 1042/1042/1042
f 1043/1043/1043 1044/1044/1044 1045/1045/1045
f 1043/1043/1043 1045/1045/1045 1046/1046/1046
f 1047/1047/1047 1048/1048/1048 810/810/810
f 1047/1047/1047 810/810/810 809/809/809
f 1049/1049/1049 1050/1050/1050 822/822/822
f 1049/1049/1049 822/822/822 821/821/821
f 1051/1051/1051 1052/1052/1052 977/977/977
f 1051/1051/1051 977/977/977 976/976/976
f 1053/1053/1053 1054/1054/1054 941/941/941
f 1053/1053/1053 941/941/941 940/940/940
f 1055/1055/1055 1056/1056/1056 841/841/841
f 1055/1055/1055 841/841/841 840/840/840
f 1057/1057/1057 1058/1058/1058 853/853/853
f 1057/1057/1057 853/853/853 852/852/852
f 1059/1059/1059 1060/1060/1060 845/845/845
f 1059/1059/1059 845/845/845 844/844/844
f 1061/1061/1061 1062/1062/1062 996/996/996
f 1061/1061/1061 996/996/996 995/995/995
f 1063/1063/1063 1064/1064/1064 873/873/873
f 1063/1063/1063 873/873/873 872/872/872
f 1065/1065/1065 1066/1066/1066 885/885/885
f 1065/1065/1065 885/885/885 884/884/884
f 1067/1067/1067 1068/1068/1068 877/877/877
f 1067/1067/1067 877/877/877 876/876/876
f 1069/1069/1069 1070/1070/1070 969/969/969
f 1069/1069/1069 969/969/969 968/968/968
f 1071/1071/1071 1072/1072/1072 905/905/905
f 1071/1071/1071 905/905/905 904/904/904
f 1073/1073/1073 1074/1074/1074 913/913/913
f 1073/1073/1073 913/913/913 912/912/912
f 1075/1075/1075 1076/1076/1076 909/909/909
f 1075/1075/1075 909/909/909 908/908/908
f 1077/1077/1077 1078/1078/1078 945/945/945
f 1077/1077/1077 945/945/945 944/944/944
f 1079/1079/1079 1080/1080/1080 925/925/925
f 1079/1079/1079 925/925/925 924/924/924
f 1081/1081/1081 1082/1082/1082 933/933/933
f 1081/1081/1081 933/933/933 932/932/932
f 1083/1083/1083 1084/1084/1084 929/929/929
f 1083/1083/1083 929/929/929 928/928/928
f 1046/1046/1046 1045/1045/1045 978/978/978
f 1046/1046/1046 978/978/978 811/811/811
f 1085/1085/1085 1086/1086/1086 1087/1087/1087
f 1085/1085/1085 1087/1087/1087 1088/1088/1088
f 1089/1089/1089 1090/1090/1090 1091/1091/1091
f 1089/1089/1089 1091/1091/1091 1092/1092/1092
f 1093/1093/1093 1094/1094/1094 1095/1095/1095
f 1093/1093/1093 1095/1095/1095 1096/1096/1096
f 1097/1097/1097 1098/1098/1098 1099/1099/1099
f 1097/1097/1097 1099/1099/1099 1100/1100/1100
f 1101/1101/1101 1102/1102/1102 1103/1103/1103
f 1101/1101/1101 1103/1103/1103 1104/1104/1104
f 1105/1105/1105 1106/1106/1106 1107/1107/1107
f 1105/1105/1105 1107/1107/1107 1108/1108/1108
f 1109/1109/1109 1110/1110/1110 1111/1111/1111
f 1109/1109/1109 1111/1111/1111 1112/1112/1112
f 1113/1113/1113 1114/1114/1114 1115/1115/1115
f 1113/1113/1113 1115/1115/1115 1116/1116/1116
f 1117/1117/1117 1118/1118/1118 1119/1119/1119
f 1117/1117/1117 1119/1119/1119 1120/1120/1120
f 1121/1121/1121 1122/1122/1122 1123/1123/1123
f 1121/1121/1121 1123/1123/1123 1124/1124/1124
f 1125/1125/1125 1126/1126/1126 1127/1127/1127
f 1125/1125/1125 1127/1127/1127 1128/1128/1128
f 1129/1129/1129 1130/1130/1130 1131/1131/1131
f 1129/1129/1129 1131/1131/1131 1132/1132/1132
f 1133/1133/1133 1134/1134/1134 1124/1124/1124
f 1133/1133/1133 1124/1124/1124 1135/1135/1135
f 1136/1136/1136 1137/1137/1137 1138/1138/1138
f 1136/1136/1136 1138/1138/1138 1139/1139/1139
f 1140/1140/1140 1141/1141/1141 1142/1142/1142
f 1140/1140/1140 1142/1142/1142 1143/1143/1143
f 1144/1144/1144 1145/1145/1145 1146/1146/1146
f 1144/1144/1144 1146/1146/1146 1147/1147/1147
f 1148/1148/1148 1149/1149/1149 1150/1150/1150
f 1148/1148/1148 1150/1150/1150 1151/1151/1151
f 1152/1152/1152 1153/1153/1153 1154/1154/1154
f 1152/1152/1152 1154/1154/1154 1155/1155/1155
f 1156/1156/1156 1157/1157/1157 1158/1158/1158
f 1156/1156/1156 1158/1158/1158 1159/1159/1159
f 1160/1160/1160 1161/1161/1161 1162/1162/1162
f 1160/1160/1160 1162/1162/1162 1163/1163/1163
f 1164/1164/1164 1165/1165/1165 1166/1166/1166
f 1164/1164/1164 1166/1166/1166 1167/1167/1167
f 1168/1168/1168 1169/1169/1169 1170/1170/1170
f 1168/1168/1168 1170/1170/1170 1171/1171/1171
f 1172/1172/1172 1173/1173/1173 1174/1174/1174
f 1172/1172/1172 1174/1174/1174 1175/1175/1175
f 1176/1176/1176 1177/1177/1177 1178/1178/1178
f 1176/1176/1176 1178/1178/1178 1179/1179/1179
f 1180/1180/1180 1181/1181/1181 1182/1182/1182
f 1180/1180/1180 1182/1182/1182 1183/1183/1183
f 1184/1184/1184 1185/1185/1185 1186/1186/1186
f 1184/1184/1184 1186/1186/1186 1187/1187/1187
f 1188/1188/1188 1189/1189/1189 1190/1190/1190
f 1188/1188/1188 1190/1190/1190 1191/1191/1191
f 1192/1192/1192 1193/1193/1193 1194/1194/1194
f 1192/1192/1192 1194/1194/1194 1195/1195/1195
f 1196/1196/1196 1197/1197/1197 1198/1198/1198
f 1196/1196/1196 1198/1198/1198 1199/1199/1199
f 1200/1200/1200 1201/1201/1201 1202/1202/1202
f 1200/1200/1200 1202/1202/1202 1203/1203/1203
f 1204/1204/1204 1205/1205/1205 1206/1206/1206
f 1204/1204/1204 1206/1206/1206 1207/1207/1207
f 1208/1208/1208 1209/1209/1209 1210/1210/1210
f 1208/1208/1208 1210/1210/1210 1211/1211/1211
f 1212/1212/1212 1213/1213/1213 1214/1214/1214
f 1212/1212/1212 1214/1214/1214 1215/1215/1215
f 1216/1216/1216 1217/1217/1217 1218/1218/1218
f 1216/1216/1216 1218/1218/1218 1219/1219/1219
f 1220/1220/1220 1221/1221/1221 1222/1222/1222
f 1220/1220/1220 1222/1222/1222 1223/1223/1223
f 1224/1224/1224 1225/1225/1225 1226/1226/1226
f 1224/1224/1224 1226/1226/1226 1227/1227/1227
f 1228/1228/1228 1229/1229/1229 1230/1230/1230
f 1228/1228/1228 1230/1230/1230 1231/1231/1231
f 1232/1232/1232 1233/1233/1233 1234/1234/1234
f 1232/1232/1232 1234/1234/1234 1235/1235/1235
f 1236/1236/1236 1237/1237/1237 1238/1238/1238
f 1236/1236/1236 1238/1238/1238 1239/1239/1239
f 1240/1240/1240 1241/1241/1241 1242/1242/1242
f 1240/1240/1240 1242/1242/1242 1243/1243/1243
f 1244/1244/1244 1245/1245/1245 1246/1246/1246
f 1244/1244/1244 1246/1246/1246 1247/1247/1247
f 1248/1248/1248 1249/1249/1249 1250/1250/1250
f 1248/1248/1248 1250/1250/1250 1251/1251/1251
f 1252/1252/1252 1253/1253/1253 1254/1254/1254
f 1252/1252/1252 1254/1254/1254 1255/1255/1255
f 1256/1256/1256 1257/1257/1257 1258/1258/1258
f 1256/1256/1256 1258/1258/1258 1259/1259/1259
f 1260/1260/1260 1261/1261/1261 1262/1262/1262
f 1260/1260/1260 1262/1262/1262 1263/1263/1263
f 1264/1264/1264 1265/1265/1265 1266/1266/1266
f 1264/1264/1264 1266/1266/1266 1267/1267/1267
f 1268/1268/1268 1269/1269/1269 1270/1270/1270
f 1268/1268/1268 1270/1270/1270 1271/1271/1271
f 1272/1272/1272 1273/1273/1273 1274/1274/1274
f 1272/1272/1272 1274/1274/1274 1275/1275/1275
f 1276/1276/1276 1277/1277/1277 1278/1278/1278
f 1276/1276/1276 1278/1278/1278 1279/1279/1279
f 1280/1280/1280 1281/1281/1281 1282/1282/1282
f 1280/1280/1280 1282/1282/1282 1283/1283/1283
f 1284/1284/1284 1285/1285/1285 1286/1286/1286
f 1284/1284/1284 1286/1286/1286 1287/1287/1287
f 1288/1288/1288 1289/1289/1289 1135/1135/1135
f 1288/1288/1288 1135/1135/1135 1290/1290/1290
f 1291/1291/1291 1292/1292/1292 1293/1293/1293
f 1291/1291/1291 1293/1293/1293 1294/1294/1294
f 1295/1295/1295 1296/1296/1296 1297/1297/1297
f 1295/1295/1295 1297/1297/1297 1298/1298/1298
f 1299/1299/1299 1300/1300/1300 1301/1301/1301
f 1299/1299/1299 1301/1301/1301 1302/1302/1302
f 1303/1303/1303 1304/1304/1304 1305/1305/1305
f 1303/1303/1303 1305/1305/1305 1306/1306/1306
f 1307/1307/1307 1308/1308/1308 1309/1309/1309
f 1307/1307/1307 1309/1309/1309 1310/1310/1310
f 1311/1311/1311 1312/1312/1312 1313/1313/1313
f 1311/1311/1311 1313/1313/1313 1314/1314/1314
f 1315/1315/1315 1316/1316/1316 1317/1317/1317
f 1315/1315/1315 1317/1317/1317 1318/1318/1318
f 1319/1319/1319 1320/1320/1320 1321/1321/1321
f 1319/1319/1319 1321/1321/1321 1322/1322/1322
f 1323/1323/1323 1324/1324/1324 1325/1325/1325
f 1323/1323/1323 1325/1325/1325 1326/1326/1326
f 1327/1327/1327 1328/1328/1328 1329/1329/1329
f 1327/1327/1327 1329/1329/1329 1330/1330/1330
f 1331/1331/1331 1332/1332/1332 1333/1333/1333
f 1331/1331/1331 1333/1333/1333 1334/1334/1334
f 1335/1335/1335 1336/1336/1336 1337/1337/1337
f 1335/1335/1335 1337/1337/1337 1338/1338/1338
f 1339/1339/1339 1340/1340/1340 1341/1341/1341
f 1339/1339/1339 1341/1341/1341 1342/1342/1342
f 1343/1343/1343 1344/1344/1344 1345/1345/1345
f 1343/1343/1343 1345/1345/1345 1346/1346/1346
f 1347/1347/1347 1348/1348/1348 1118/1118/1118
f 1347/1347/1347 1118/1118/1118 1117/1117/1117
f 1349/1349/1349 1350/1350/1350 1110/1110/1110
f 1349/1349/1349 1110/1110/1110 1109/1109/1109
f 1351/1351/1351 1352/1352/1352 1106/1106/1106
f 1351/1351/1351 1106/1106/1106 1105/1105/1105
f 1255/1255/1255 1254/1254/1254 1114/1114/1114
f 1255/1255/1255 1114/1114/1114 1113/1113/1113
f 1155/1155/1155 1154/1154/1154 1137/1137/1137
f 1155/1155/1155 1137/1137/1137 1136/1136/1136
f 1167/1167/1167 1166/1166/1166 1149/1149/1149
f 1167/1167/1167 1149/1149/1149 1148/1148/1148
f 1159/1159/1159 1158/1158/1158 1265/1265/1265
f 1159/1159/1159 1265/1265/1265 1264/1264/1264
f 1310/1310/1310 1309/1309/1309 1145/1145/1145
f 1310/1310/1310 1145/1145/1145 1144/1144/1144
f 1187/1187/1187 1186/1186/1186 1169/1169/1169
f 1187/1187/1187 1169/1169/1169 1168/1168/1168
f 1199/1199/1199 1198/1198/1198 1181/1181/1181
f 1199/1199/1199 1181/1181/1181 1180/1180/1180
f 1191/1191/1191 1190/1190/1190 1316/1316/1316
f 1191/1191/1191 1316/1316/1316 1315/1315/1315
f 1283/1283/1283 1282/1282/1282 1177/1177/1177
f 1283/1283/1283 1177/1177/1177 1176/1176/1176
f 1219/1219/1219 1218/1218/1218 1201/1201/1201
f 1219/1219/1219 1201/1201/1201 1200/1200/1200
f 1227/1227/1227 1226/1226/1226 1213/1213/1213
f 1227/1227/1227 1213/1213/1213 1212/1212/1212
f 1223/1223/1223 1222/1222/1222 1292/1292/1292
f 1223/1223/1223 1292/1292/1292 1291/1291/1291
f 1259/1259/1259 1258/1258/1258 1209/1209/1209
f 1259/1259/1259 1209/1209/1209 1208/1208/1208
f 1239/1239/1239 1238/1238/1238 1229/1229/1229
f 1239/1239/1239 1229/1229/1229 1228/1228/1228
f 1247/1247/1247 1246/1246/1246 1233/1233/1233
f 1247/1247/1247 1233/1233/1233 1232/1232/1232
f 1243/1243/1243 1242/1242/1242 1269/1269/1269
f 1243/1243/1243 1269/1269/1269 1268/1268/1268
f 1346/1346/1346 1345/1345/1345 1353/1353/1353
f 1346/1346/1346 1353/1353/1353 1354/1354/1354
f 1355/1355/1355 1356/1356/1356 1357/1357/1357
f 1355/1355/1355 1357/1357/1357 1358/1358/1358
f 1359/1359/1359 1360/1360/1360 1122/1122/1122
f 1359/1359/1359 1122/1122/1122 1121/1121/1121
f 1361/1361/1361 1362/1362/1362 1134/1134/1134
f 1361/1361/1361 1134/1134/1134 1133/1133/1133
f 1363/1363/1363 1364/1364/1364 1289/1289/1289
f 1363/1363/1363 1289/1289/1289 1288/1288/1288
f 1365/1365/1365 1366/1366/1366 1253/1253/1253
f 1365/1365/1365 1253/1253/1253 1252/1252/1252
f 1367/1367/1367 1368/1368/1368 1153/1153/1153
f 1367/1367/1367 1153/1153/1153 1152/1152/1152
f 1369/1369/1369 1370/1370/1370 1165/1165/1165
f 1369/1369/1369 1165/1165/1165 1164/1164/1164
f 1371/1371/1371 1372/1372/1372 1157/1157/1157
f 1371/1371/1371 1157/1157/1157 1156/1156/1156
f 1373/1373/1373 1374/1374/1374 1308/1308/1308
f 1373/1373/1373 1308/1308/1308 1307/1307/1307
f 1375/1375/1375 1376/1376/1376 1185/1185/1185
f 1375/1375/1375 1185/1185/1185 1184/1184/1184
f 1377/1377/1377 1378/1378/1378 1197/1197/1197
f 1377/1377/1377 1197/1197/1197 1196/1196/1196
f 1379/1379/1379 1380/1380/1380 1189/1189/1189
f 1379/1379/1379 1189/1189/1189 1188/1188/1188
f 1381/1381/1381 1382/1382/1382 1281/1281/1281
f 1381/1381/1381 1281/1281/1281 1280/1280/1280
f 1383/1383/1383 1384/1384/1384 1217/1217/1217
f 1383/1383/1383 1217/1217/1217 1216/1216/1216
f 1385/1385/1385 1386/1386/1386 1225/1225/1225
f 1385/1385/1385 1225/1225/1225 1224/1224/1224
f 1387/1387/1387 1388/1388/1388 1221/1221/1221
f 1387/1387/1387 1221/1221/1221 1220/1220/1220
f 1389/1389/1389 1390/1390/1390 1257/1257/1257
f 1389/1389/1389 1257/1257/1257 1256/1256/1256
f 1391/1391/1391 1392/1392/1392 1237/1237/1237
f 1391/1391/1391 1237/1237/1237 1236/1236/1236
f 1393/1393/1393 1394/1394/1394 1245/1245/1245
f 1393/1393/1393 1245/1245/1245 1244/1244/1244
f 1395/1395/1395 1396/1396/1396 1241/1241/1241
f 1395/1395/1395 1241/1241/1241 1240/1240/1240
f 1358/1358/1358 1357/1357/1357 1290/1290/1290
f 1358/1358/1358 1290/1290/1290 1123/1123/1123
f 1397/1397/1397 1398/1398/1398 1399/1399/1399
f 1397/1397/1397 1399/1399/1399 1400/1400/1400
f 1401/1401/1401 1402/1402/1402 1403/1403/1403
f 1401/1401/1401 1403/1403/1403 1404/1404/1404
f 1405/1405/1405 1406/1406/1406 1407/1407/1407
f 1405/1405/1405 1407/1407/1407 1408/1408/1408
f 1409/1409/1409 1410/1410/1410 1411/1411/1411
f 1409/1409/1409 1411/1411/1411 1412/1412/1412
f 1413/1413/1413 1414/1414/1414 1415/1415/1415
f 1413/1413/1413 1415/1415/1415 1416/1416/1416
f 1417/1417/1417 1418/1418/1418 1419/1419/1419
f 1417/1417/1417 1419/1419/1419 1420/1420/1420
f 1421/1421/1421 1422/1422/1422 1423/1423/1423
f 1421/1421/1421 1423/1423/1423 1424/1424/1424
f 1425/1425/1425 1426/1426/1426 1427/1427/1427
f 1425/1425/1425 1427/1427/1427 1428/1428/1428
f 1429/1429/1429 1430/1430/1430 1431/1431/1431
f 1429/1429/1429 1431/1431/1431 1432/1432/1432
f 1433/1433/1433 1434/1434/1434 1435/1435/1435
f 1433/1433/1433 1435/1435/1435 1436/1436/1436
f 1437/1437/1437 1438/1438/1438 1439/1439/1439
f 1437/1437/1437 1439/1439/1439 1440/1440/1440
f 1441/1441/1441 1442/1442/1442 1443/1443/1443
f 1441/1441/1441 1443/1443/1443 1444/1444/1444
f 1445/1445/1445 1446/1446/1446 1436/1436/1436
f 1445/1445/1445 1436/1436/1436 1447/1447/1447
f 1448/1448/1448 1449/1449/1449 1450/1450/1450
f 1448/1448/1448 1450/1450/1450 1451/1451/1451
f 1452/1452/1452 1453/1453/1453 1454/1454/1454
f 1452/1452/1452 1454/1454/1454 1455/1455/1455
f 1456/1456/1456 1457/1457/1457 1458/1458/1458
f 1456/1456/1456 1458/1458/1458 1459/1459/1459
f 1460/1460/1460 1461/1461/1461 1462/1462/1462
f 1460/1460/1460 1462/1462/1462 1463/1463/1463
f 1464/1464/1464 1465/1465/1465 1466/1466/1466
f 1464/1464/1464 1466/1466/1466 1467/1467/1467
f 1468/1468/1468 1469/1469/1469 1470/1470/1470
f 1468/1468/1468 1470/1470/1470 1471/1471/1471
f 1472/1472/1472 1473/1473/1473 1474/1474/1474
f 1472/1472/1472 1474/1474/1474 1475/1475/1475
f 1476/1476/1476 1477/1477/1477 1478/1478/1478
f 1476/1476/1476 1478/1478/1478 1479/1479/1479
f 1480/1480/1480 1481/1481/1481 1482/1482/1482
f 1480/1480/1480 1482/1482/1482 1483/1483/1483
f 1484/1484/1484 1485/1485/1485 1486/1486/1486
f 1484/1484/1484 1486/1486/1486 1487/1487/1487
f 1488/1488/1488 1489/1489/1489 1490/1490/1490
f 1488/1488/1488 1490/1490/1490 1491/1491/1491
f 1492/1492/1492 1493/1493/1493 1494/1494/1494
f 1492/1492/1492 1494/1494/1494 1495/1495/1495
f 1496/1496/1496 1497/1497/1497 1498/1498/1498
f 1496/1496/1496 1498/1498/1498 1499/1499/1499
f 1500/1500/1500 1501/1501/1501 1502/1502/1502
f 1500/1500/1500 1502/1502/1502 1503/1503/1503
f 1504/1504/1504 1505/1505/1505 1506/1506/1506
f 1504/1504/1504 1506/1506/1506 1507/1507/1507
f 1508/1508/1508 1509/1509/1509 1510/1510/1510
f 1508/1508/1508 1510/1510/1510 1511/1511/1511
f 1512/1512/1512 1513/1513/1513 1514/1514/1514
f 1512/1512/1512 1514/1514/1514 1515/1515/1515
f 1516/1516/1516 1517/1517/1517 1518/1518/1518
f 1516/1516/1516 1518/1518/1518 1519/1519/1519
f 1520/1520/1520 1521/1521/1521 1522/1522/1522
f 1520/1520/1520 1522/1522/1522 1523/1523/1523
f 1524/1524/1524 1525/1525/1525 1526/1526/1526
f 1524/1524/1524 1526/1526/1526 1527/1527/1527
f 1528/1528/1528 1529/1529/1529 1530/1530/1530
f 1528/1528/1528 1530/1530/1530 1531/1531/1531
f 1532/1532/1532 1533/1533/1533 1534/1534/1534
f 1532/1532/1532 1534/1534/1534 1535/1535/1535
f 1536/1536/1536 1537/1537/1537 1538/1538/1538
f 1536/1536/1536 1538/1538/1538 1539/1539/1539
f 1540/1540/1540 1541/1541/1541 1542/1542/1542
f 1540/1540/1540 1542/1542/1542 1543/1543/1543
f 1544/1544/1544 1545/1545/1545 1546/1546/1546
f 1544/1544/1544 1546/1546/1546 1547/1547/1547
f 1548/1548/1548 1549/1549/1549 1550/1550/1550
f 1548/1548/1548 1550/1550/1550 1551/1551/1551
f 1552/1552/1552 1553/1553/1553 1554/1554/1554
f 1552/1552/1552 1554/1554/1554 1555/1555/1555
f 1556/1556/1556 1557/1557/1557 1558/1558/1558
f 1556/1556/1556 1558/1558/1558 1559/1559/1559
f 1560/1560/1560 1561/1561/1561 1562/1562/1562
f 1560/1560/1560 1562/1562/1562 1563/1563/1563
f 1564/1564/1564 1565/1565/1565 1566/1566/1566
f 1564/1564/1564 1566/1566/1566 1567/1567/1567
f 1568/1568/1568 1569/1569/1569 1570/1570/1570
f 1568/1568/1568 1570/1570/1570 1571/1571/1571
f 1572/1572/1572 1573/1573/1573 1574/1574/1574
f 1572/1572/1572 1574/1574/1574 1575/1575/1575
f 1576/1576/1576 1577/1577/1577 1578/1578/1578
f 1576/1576/1576 1578/1578/1578 1579/1579/1579
f 1580/1580/1580 1581/1581/1581 1582/1582/1582
f 1580/1580/1580 1582/1582/1582 1583/1583/1583
f 1584/1584/1584 1585/1585/1585 1586/1586/1586
f 1584/1584/1584 1586/1586/1586 1587/1587/1587
f 1588/1588/1588 1589/1589/1589 1590/1590/1590
f 1588/1588/1588 1590/1590/1590 1591/1591/1591
f 1592/1592/1592 1593/1593/1593 1594/1594/1594
f 1592/1592/1592 1594/1594/1594 1595/1595/1595
f 1596/1596/1596 1597/1597/1597 1598/1598/1598
f 1596/1596/1596 1598/1598/1598 1599/1599/1599
f 1600/1600/1600 1601/1601/1601 1447/1447/1447
f 1600/1600/1600 1447/1447/1447 1602/1602/1602
f 1603/1603/1603 1604/1604/1604 1605/1605/1605
f 1603/1603/1603 1605/1605/1605 1606/1606/1606
f 1607/1607/1607 1608/1608/1608 1609/1609/1609
f 1607/1607/1607 1609/1609/1609 1610/1610/1610
f 1611/1611/1611 1612/1612/1612 1613/1613/1613
f 1611/1611/1611 1613/1613/1613 1614/1614/1614
f 1615/1615/1615 1616/1616/1616 1617/1617/1617
f 1615/1615/1615 1617/1617/1617 1618/1618/1618
f 1619/1619/1619 1620/1620/1620 1621/1621/1621
f 1619/1619/1619 1621/1621/1621 1622/1622/1622
f 1623/1623/1623 1624/1624/1624 1625/1625/1625
f 1623/1623/1623 1625/1625/1625 1626/1626/1626
f 1627/1627/1627 1628/1628/1628 1629/1629/1629
f 1627/1627/1627 1629/1629/1629 1630/1630/1630
f 1631/1631/1631 1632/1632/1632 1633/1633/1633
f 1631/1631/1631 1633/1633/1633 1634/1634/1634
f 1635/1635/1635 1636/1636/1636 1637/1637/1637
f 1635/1635/1635 1637/1637/1637 1638/1638/1638
f 1639/1639/1639 1640/1640/1640 1641/1641/1641
f 1639/1639/1639 1641/1641/1641 1642/1642/1642
f 1643/1643/1643 1644/1644/1644 1645/1645/1645
f 1643/1643/1643 1645/1645/1645 1646/1646/1646
f 1647/1647/1647 1648/1648/1648 1649/1649/1649
f 1647/1647/1647 1649/1649/1649 1650/1650/1650
f 1651/1651/1651 1652/1652/1652 1653/1653/1653
f 1651/1651/1651 1653/1653/1653 1654/1654/1654
f 1655/1655/1655 1656/1656/1656 1657/1657/1657
f 1655/1655/1655 1657/1657/1657 1658/1658/1658
f 1659/1659/1659 1660/1660/1660 1430/1430/1430
f 1659/1659/1659 1430/1430/1430 1429/1429/1429
f 1661/1661/1661 1662/1662/1662 1422/1422/1422
f 1661/1661/1661 1422/1422/1422 1421/1421/1421
f 1663/1663/1663 1664/1664/1664 1418/1418/1418
f 1663/1663/1663 1418/1418/1418 1417/1417/1417
f 1567/1567/1567 1566/1566/1566 1426/1426/1426
f 1567/1567/1567 1426/1426/1426 1425/1425/1425
f 1467/1467/1467 1466/1466/1466 1449/1449/1449
f 1467/1467/1467 1449/1449/1449 1448/1448/1448
f 1479/1479/1479 1478/1478/1478 1461/1461/1461
f 1479/1479/1479 1461/1461/1461 1460/1460/1460
f 1471/1471/1471 1470/1470/1470 1577/1577/1577
f 1471/1471/1471 1577/1577/1577 1576/1576/1576
f 1622/1622/1622 1621/1621/1621 1457/1457/1457
f 1622/1622/1622 1457/1457/1457 1456/1456/1456
f 1499/1499/1499 1498/1498/1498 1481/1481/1481
f 1499/1499/1499 1481/1481/1481 1480/1480/1480
f 1511/1511/1511 1510/1510/1510 1493/1493/1493
f 1511/1511/1511 1493/1493/1493 1492/1492/1492
f 1503/1503/1503 1502/1502/1502 1628/1628/1628
f 1503/1503/1503 1628/1628/1628 1627/1627/1627
f 1595/1595/1595 1594/1594/1594 1489/1489/1489
f 1595/1595/1595 1489/1489/1489 1488/1488/1488
f 1531/1531/1531 1530/1530/1530 1513/1513/1513
f 1531/1531/1531 1513/1513/1513 1512/1512/1512
f 1539/1539/1539 1538/1538/1538 1525/1525/1525
f 1539/1539/1539 1525/1525/1525 1524/1524/1524
f 1535/1535/1535 1534/1534/1534 1604/1604/1604
f 1535/1535/1535 1604/1604/1604 1603/1603/1603
f 1571/1571/1571 1570/1570/1570 1521/1521/1521
f 1571/1571/1571 1521/1521/1521 1520/1520/1520
f 1551/1551/1551 1550/1550/1550 1541/1541/1541
f 1551/1551/1551 1541/1541/1541 1540/1540/1540
f 1559/1559/1559 1558/1558/1558 1545/1545/1545
f 1559/1559/1559 1545/1545/1545 1544/1544/1544
f 1555/1555/1555 1554/1554/1554 1581/1581/1581
f 1555/1555/1555 1581/1581/1581 1580/1580/1580
f 1658/1658/1658 1657/1657/1657 1665/1665/1665
f 1658/1658/1658 1665/1665/1665 1666/1666/1666
f 1667/1667/1667 1668/1668/1668 1669/1669/1669
f 1667/1667/1667 1669/1669/1669 1670/1670/1670
f 1671/1671/1671 1672/1672/1672 1434/1434/1434
f 1671/1671/1671 1434/1434/1434 1433/1433/1433
f 1673/1673/1673 1674/1674/1674 1446/1446/1446
f 1673/1673/1673 1446/1446/1446 1445/1445/1445
f 1675/1675/1675 1676/1676/1676 1601/1601/1601
f 1675/1675/1675 1601/1601/1601 1600/1600/1600
f 1677/1677/1677 1678/1678/1678 1565/1565/1565
f 1677/1677/1677 1565/1565/1565 1564/1564/1564
f 1679/1679/1679 1680/1680/1680 1465/1465/1465
f 1679/1679/1679 1465/1465/1465 1464/1464/1464
f 1681/1681/1681 1682/1682/1682 1477/1477/1477
f 1681/1681/1681 1477/1477/1477 1476/1476/1476
f 1683/1683/1683 1684/1684/1684 1469/1469/1469
f 1683/1683/1683 1469/1469/1469 1468/1468/1468
f 1685/1685/1685 1686/1686/1686 1620/1620/1620
f 1685/1685/1685 1620/1620/1620 1619/1619/1619
f 1687/1687/1687 1688/1688/1688 1497/1497/1497
f 1687/1687/1687 1497/1497/1497 1496/1496/1496
f 1689/1689/1689 1690/1690/1690 1509/1509/1509
f 1689/1689/1689 1509/1509/1509 1508/1508/1508
f 1691/1691/1691 1692/1692/1692 1501/1501/1501
f 1691/1691/1691 1501/1501/1501 1500/1500/1500
f 1693/1693/1693 1694/1694/1694 1593/1593/1593
f 1693/1693/1693 1593/1593/1593 1592/1592/1592
f 1695/1695/1695 1696/1696/1696 1529/1529/1529
f 1695/1695/1695 1529/1529/1529 1528/1528/1528
f 1697/1697/1697 1698/1698/1698 1537/1537/1537
f 1697/1697/1697 1537/1537/1537 1536/1536/1536
f 1699/1699/1699 1700/1700/1700 1533/1533/1533
f 1699/1699/1699 1533/1533/1533 1532/1532/1532
f 1701/1701/1701 1702/1702/1702 1569/1569/1569
f 1701/1701/1701 1569/1569/1569 1568/1568/1568
f 1703/1703/1703 1704/1704/1704 1549/1549/1549
f 1703/1703/1703 1549/1549/1549 1548/1548/1548
f 1705/1705/1705 1706/1706/1706 1557/1557/1557
f 1705/1705/1705 1557/1557/1557 1556/1556/1556
f 1707/1707/1707 1708/1708/1708 1553/1553/1553
f 1707/1707/1707 1553/1553/1553 1552/1552/1552
f 1670/1670/1670 1669/1669/1669 1602/1602/1602
f 1670/1670/1670 1602/1602/1602 1435/1435/1435
f 1709/1709/1709 1710/1710/1710 1711/1711/1711
f 1709/1709/1709 1711/1711/1711 1712/1712/1712
f 1713/1713/1713 1714/1714/1714 1715/1715/1715
f 1713/1713/1713 1715/1715/1715 1716/1716/1716
f 1717/1717/1717 1718/1718/1718 1719/1719/1719
f 1717/1717/1717 1719/1719/1719 1720/1720/1720
f 1721/1721/1721 1722/1722/1722 1723/1723/1723
f 1721/1721/1721 1723/1723/1723 1724/1724/1724
f 1725/1725/1725 1726/1726/1726 1727/1727/1727
f 1725/1725/1725 1727/1727/1727 1728/1728/1728
f 1729/1729/1729 1730/1730/1730 1731/1731/1731
f 1729/1729/1729 1731/1731/1731 1732/1732/1732
f 1733/1733/1733 1734/1734/1734 1735/1735/1735
f 1733/1733/1733 1735/1735/1735 1736/1736/1736
f 1737/1737/1737 1738/1738/1738 1739/1739/1739
f 1737/1737/1737 1739/1739/1739 1740/1740/1740
f 1741/1741/1741 1742/1742/1742 1743/1743/1743
f 1741/1741/1741 1743/1743/1743 1744/1744/1744
f 1745/1745/1745 1746/1746/1746 1747/1747/1747
f 1745/1745/1745 1747/1747/1747 1748/1748/1748
f 1749/1749/1749 1750/1750/1750 1751/1751/1751
f 1749/1749/1749 1751/1751/1751 1752/1752/1752
f 1753/1753/1753 1754/1754/1754 1755/1755/1755
f 1753/1753/1753 1755/1755/1755 1756/1756/1756
f 1757/1757/1757 1758/1758/1758 1748/1748/1748
f 1757/1757/1757 1748/1748/1748 1759/1759/1759
f 1760/1760/1760 1761/1761/1761 1762/1762/1762
f 1760/1760/1760 1762/1762/1762 1763/1763/1763
f 1764/1764/1764 1765/1765/1765 1766/1766/1766
f 1764/1764/1764 1766/1766/1766 1767/1767/1767
f 1768/1768/1768 1769/1769/1769 1770/1770/1770
f 1768/1768/1768 1770/1770/1770 1771/1771/1771
f 1772/1772/1772 1773/1773/1773 1774/1774/1774
f 1772/1772/1772 1774/1774/1774 1775/1775/1775
f 1776/1776/1776 1777/1777/1777 1778/1778/1778
f 1776/1776/1776 1778/1778/1778 1779/1779/1779
f 1780/1780/1780 1781/1781/1781 1782/1782/1782
f 1780/1780/1780 1782/1782/1782 1783/1783/1783
f 1784/1784/1784 1785/1785/1785 1786/1786/1786
f 1784/1784/1784 1786/1786/1786 1787/1787/1787
f 1788/1788/1788 1789/1789/1789 1790/1790/1790
f 1788/1788/1788 1790/1790/1790 1791/1791/1791
f 1792/1792/1792 1793/1793/1793 1794/1794/1794
f 1792/1792/1792 1794/1794/1794 1795/1795/1795
f 1796/1796/1796 1797/1797/1797 1798/1798/1798
f 1796/1796/1796 1798/1798/1798 1799/1799/1799
f 1800/1800/1800 1801/1801/1801 1802/1802/1802
f 1800/1800/1800 1802/1802/1802 1803/1803/1803
f 1804/1804/1804 1805/1805/1805 1806/1806/1806
f 1804/1804/1804 1806/1806/1806 1807/1807/1807
f 1808/1808/1808 1809/1809/1809 1810/1810/1810
f 1808/1808/1808 1810/1810/1810 1811/1811/1811
f 1812/1812/1812 1813/1813/1813 1814/1814/1814
f 1812/1812/1812 1814/1814/1814 1815/1815/1815
f 1816/1816/1816 1817/1817/1817 1818/1818/1818
f 1816/1816/1816 1818/1818/1818 1819/1819/1819
f 1820/1820/1820 1821/1821/1821 1822/1822/1822
f 1820/1820/1820 1822/1822/1822 1823/1823/1823
f 1824/1824/1824 1825/1825/1825 1826/1826/1826
f 1824/1824/1824 1826/1826/1826 1827/1827/1827
f 1828/1828/1828 1829/1829/1829 1830/1830/1830
f 1828/1828/1828 1830/1830/1830 1831/1831/1831
f 1832/1832/1832 1833/1833/1833 1834/1834/1834
f 1832/1832/1832 1834/1834/1834 1835/1835/1835
f 1836/1836/1836 1837/1837/1837 1838/1838/1838
f 1836/1836/1836 1838/1838/1838 1839/1839/1839
f 1840/1840/1840 1841/1841/1841 1842/1842/1842
f 1840/1840/1840 1842/1842/1842 1843/1843/1843
f 1844/1844/1844 1845/1845/1845 1846/1846/1846
f 1844/1844/1844 1846/1846/1846 1847/1847/1847
f 1848/1848/1848 1849/1849/1849 1850/1850/1850
f 1848/1848/1848 1850/1850/1850 1851/1851/1851
f 1852/1852/1852 1853/1853/1853 1854/1854/1854
f 1852/1852/1852 1854/1854/1854 1855/1855/1855
f 1856/1856/1856 1857/1857/1857 1858/1858/1858
f 1856/1856/1856 1858/1858/1858 1859/1859/1859
f 1860/1860/1860 1861/1861/1861 1862/1862/1862
f 1860/1860/1860 1862/1862/1862 1863/1863/1863
f 1864/1864/1864 1865/1865/1865 1866/1866/1866
f 1864/1864/1864 1866/1866/1866 1867/1867/1867
f 1868/1868/1868 1869/1869/1869 1870/1870/1870
f 1868/1868/1868 1870/1870/1870 1871/1871/1871
f 1872/1872/1872 1873/1873/1873 1874/1874/1874
f 1872/1872/1872 1874/1874/1874 1875/1875/1875
f 1876/1876/1876 1877/1877/1877 1878/1878/1878
f 1876/1876/1876 1878/1878/1878 1879/1879/1879
f 1880/1880/1880 1881/1881/1881 1882/1882/1882
f 1880/1880/1880 1882/1882/1882 1883/1883/1883
f 1884/1884/1884 1885/1885/1885 1886/1886/1886
f 1884/1884/1884 1886/1886/1886 1887/1887/1887
f 1888/1888/1888 1889/1889/1889 1890/1890/1890
f 1888/1888/1888 1890/1890/1890 1891/1891/1891
f 1892/1892/1892 1893/1893/1893 1894/1894/1894
f 1892/1892/1892 1894/1894/1894 1895/1895/1895
f 1896/1896/1896 1897/1897/1897 1898/1898/1898
f 1896/1896/1896 1898/1898/1898 1899/1899/1899
f 1900/1900/1900 1901/1901/1901 1902/1902/1902
f 1900/1900/1900 1902/1902/1902 1903/1903/1903
f 1904/1904/1904 1905/1905/1905 1906/1906/1906
f 1904/1904/1904 1906/1906/1906 1907/1907/1907
f 1908/1908/1908 1909/1909/1909 1910/1910/1910
f 1908/1908/1908 1910/1910/1910 1911/1911/1911
f 1912/1912/1912 1913/1913/1913 1759/1759/1759
f 1912/1912/1912 1759/1759/1759 1914/1914/1914
f 1915/1915/1915 1916/1916/1916 1917/1917/1917
f 1915/1915/1915 1917/1917/1917 1918/1918/1918
f 1919/1919/1919 1920/1920/1920 1921/1921/1921
f 1919/1919/1919 1921/1921/1921 1922/1922/1922
f 1923/1923/1923 1924/1924/1924 1925/1925/1925
f 1923/1923/1923 1925/1925/1925 1926/1926/1926
f 1927/1927/1927 1928/1928/1928 1929/1929/1929
f 1927/1927/1927 1929/1929/1929 1930/1930/1930
f 1931/1931/1931 1932/1932/1932 1933/1933/1933
f 1931/1931/1931 1933/1933/1933 1934/1934/1934
f 1935/1935/1935 1936/1936/1936 1937/1937/1937
f 1935/1935/1935 1937/1937/1937 1938/1938/1938
f 1939/1939/1939 1940/1940/1940 1941/1941/1941
f 1939/1939/1939 1941/1941/1941 1942/1942/1942
f 1943/1943/1943 1944/1944/1944 1945/1945/1945
f 1943/1943/1943 1945/1945/1945 1946/1946/1946
f 1947/1947/1947 1948/1948/1948 1949/1949/1949
f 1947/1947/1947 1949/1949/1949 1950/1950/1950
f 1951/1951/1951 1952/1952/1952 1953/1953/1953
f 1951/1951/1951 1953/1953/1953 1954/1954/1954
f 1955/1955/1955 1956/1956/1956 1957/1957/1957
f 1955/1955/1955 1957/1957/1957 1958/1958/1958
f 1959/1959/1959 1960/1960/1960 1961/1961/1961
f 1959/1959/1959 1961/1961/1961 1962/1962/1962
f 1963/1963/1963 1964/1964/1964 1965/1965/1965
f 1963/1963/1963 1965/1965/1965 1966/1966/1966
f 1967/1967/1967 1968/1968/1968 1969/1969/1969
f 1967/1967/1967 1969/1969/1969 1970/1970/1970
f 1971/1971/1971 1972/1972/1972 1742/1742/1742
f 1971/1971/1971 1742/1742/1742 1741/1741/1741
f 1973/1973/1973 1974/1974/1974 1734/1734/1734
f 1973/1973/1973 1734/1734/1734 1733/1733/1733
f 1975/1975/1975 1976/1976/1976 1730/1730/1730
f 1975/1975/1975 1730/1730/1730 1729/1729/1729
f 1879/1879/1879 1878/1878/1878 1738/1738/1738
f 1879/1879/1879 1738/1738/1738 1737/1737/1737
f 1779/1779/1779 1778/1778/1778 1761/1761/1761
f 1779/1779/1779 1761/1761/1761 1760/1760/1760
f 1791/1791/1791 1790/1790/1790 1773/1773/1773
f 1791/1791/1791 1773/1773/1773 1772/1772/1772
f 1783/1783/1783 1782/1782/1782 1889/1889/1889
f 1783/1783/1783 1889/1889/1889 1888/1888/1888
f 1934/1934/1934 1933/1933/1933 1769/1769/1769
f 1934/1934/1934 1769/1769/1769 1768/1768/1768
f 1811/1811/1811 1810/1810/1810 1793/1793/1793
f 1811/1811/1811 1793/1793/1793 1792/1792/1792
f 1823/1823/1823 1822/1822/1822 1805/1805/1805
f 1823/1823/1823 1805/1805/1805 1804/1804/1804
f 1815/1815/1815 1814/1814/1814 1940/1940/1940
f 1815/1815/1815 1940/1940/1940 1939/1939/1939
f 1907/1907/1907 1906/1906/1906 1801/1801/1801
f 1907/1907/1907 1801/1801/1801 1800/1800/1800
f 1843/1843/1843 1842/1842/1842 1825/1825/1825
f 1843/1843/1843 1825/1825/1825 1824/1824/1824
f 1851/1851/1851 1850/1850/1850 1837/1837/1837
f 1851/1851/1851 1837/1837/1837 1836/1836/1836
f 1847/1847/1847 1846/1846/1846 1916/1916/1916
f 1847/1847/1847 1916/1916/1916 1915/1915/1915
f 1883/1883/1883 1882/1882/1882 1833/1833/1833
f 1883/1883/1883 1833/1833/1833 1832/1832/1832
f 1863/1863/1863 1862/1862/1862 1853/1853/1853
f 1863/1863/1863 1853/1853/1853 1852/1852/1852
f 1871/1871/1871 1870/1870/1870 1857/1857/1857
f 1871/1871/1871 1857/1857/1857 1856/1856/1856
f 1867/1867/1867 1866/1866/1866 1893/1893/1893
f 1867/1867/1867 1893/1893/1893 1892/1892/1892
f 1970/1970/1970 1969/1969/1969 1977/1977/1977
f 1970/1970/1970 1977/1977/1977 1978/1978/1978
f 1979/1979/1979 1980/1980/1980 1981/1981/1981
f 1979/1979/1979 1981/1981/1981 1982/1982/1982
f 1983/1983/1983 1984/1984/1984 1746/1746/1746
f 1983/1983/1983 1746/1746/1746 1745/1745/1745
f 1985/1985/1985 1986/1986/1986 1758/1758/1758
f 1985/1985/1985 1758/1758/1758 1757/1757/1757
f 1987/1987/1987 1988/1988/1988 1913/1913/1913
f 1987/1987/1987 1913/1913/1913 1912/1912/1912
f 1989/1989/1989 1990/1990/1990 1877/1877/1877
f 1989/1989/1989 1877/1877/1877 1876/1876/1876
f 1991/1991/1991 1992/1992/1992 1777/1777/1777
f 1991/1991/1991 1777/1777/1777 1776/1776/1776
f 1993/1993/1993 1994/1994/1994 1789/1789/1789
f 1993/1993/1993 1789/1789/1789 1788/1788/1788
f 1995/1995/1995 1996/1996/1996 1781/1781/1781
f 1995/1995/1995 1781/1781/1781 1780/1780/1780
f 1997/1997/1997 1998/1998/1998 1932/1932/1932
f 1997/1997/1997 1932/1932/1932 1931/1931/1931
f 1999/1999/1999 2000/2000/2000 1809/1809/1809
f 1999/1999/1999 1809/1809/1809 1808/1808/1808
f 2001/2001/2001 2002/2002/2002 1821/1821/1821
f 2001/2001/2001 1821/1821/1821 1820/1820/1820
f 2003/2003/2003 2004/2004/2004 1813/1813/1813
f 2003/2003/2003 1813/1813/1813 1812/1812/1812
f 2005/2005/2005 2006/2006/2006 1905/1905/1905
f 2005/2005/2005 1905/1905/1905 1904/1904/1904
f 2007/2007/2007 2008/2008/2008 1841/1841/1841
f 2007/2007/2007 1841/1841/1841 1840/1840/1840
f 2009/2009/2009 2010/2010/2010 1849/1849/1849
f 2009/2009/2009 1849/1849/1849 1848/1848/1848
f 2011/2011/2011 2012/2012/2012 1845/1845/1845
f 2011/2011/2011 1845/1845/1845 1844/1844/1844
f 2013/2013/2013 2014/2014/2014 1881/1881/1881
f 2013/2013/2013 1881/1881/1881 1880/1880/1880
f 2015/2015/2015 2016/2016/2016 1861/1861/1861
f 2015/2015/2015 1861/1861/1861 1860/1860/1860
f 2017/2017/2017 2018/2018/2018 1869/1869/1869
f 2017/2017/2017 1869/1869/1869 1868/1868/1868
f 2019/2019/2019 2020/2020/2020 1865/1865/1865
f 2019/2019/2019 1865/1865/1865 1864/1864/1864
f 1982/1982/1982 1981/1981/1981 1914/1914/1914
f 1982/1982/1982 1914/1914/1914 1747/1747/1747
f 2021/2021/2021 2022/2022/2022 2023/2023/2023
f 2021/2021/2021 2023/2023/2023 2024/2024/2024
f 2025/2025/2025 2026/2026/2026 2027/2027/2027
f 2025/2025/2025 2027/2027/2027 2028/2028/2028
f 2029/2029/2029 2030/2030/2030 2031/2031/2031
f 2029/2029/2029 2031/2031/2031 2032/2032/2032
f 2033/2033/2033 2034/2034/2034 2035/2035/2035
f 2033/2033/2033 2035/2035/2035 2036/2036/2036
f 2037/2037/2037 2038/2038/2038 2039/2039/2039
f 2037/2037/2037 2039/2039/2039 2040/2040/2040
f 2041/2041/2041 2042/2042/2042 2043/2043/2043
f 2041/2041/2041 2043/2043/2043 2044/2044/2044
f 2045/2045/2045 2046/2046/2046 2047/2047/2047
f 2045/2045/2045 2047/2047/2047 2048/2048/2048
f 2049/2049/2049 2050/2050/2050 2051/2051/2051
f 2049/2049/2049 2051/2051/2051 2052/2052/2052
f 2053/2053/2053 2054/2054/2054 2055/2055/2055
f 2053/2053/2053 2055/2055/2055 2056/2056/2056
f 2057/2057/2057 2058/2058/2058 2059/2059/2059
f 2057/2057/2057 2059/2059/2059 2060/2060/2060
f 2061/2061/2061 2062/2062/2062 2063/2063/2063
f 2061/2061/2061 2063/2063/2063 2064/2064/2064
f 2065/2065/2065 2066/2066/2066 2067/2067/2067
f 2065/2065/2065 2067/2067/2067 2068/2068/2068
f 2069/2069/2069 2070/2070/2070 2060/2060/2060
f 2069/2069/2069 2060/2060/2060 2071/2071/2071
f 2072/2072/2072 2073/2073/2073 2074/2074/2074
f 2072/2072/2072 2074/2074/2074 2075/2075/2075
f 2076/2076/2076 2077/2077/2077 2078/2078/2078
f 2076/2076/2076 2078/2078/2078 2079/2079/2079
f 2080/2080/2080 2081/2081/2081 2082/2082/2082
f 2080/2080/2080 2082/2082/2082 2083/2083/2083
f 2084/2084/2084 2085/2085/2085 2086/2086/2086
f 2084/2084/2084 2086/2086/2086 2087/2087/2087
f 2088/2088/2088 2089/2089/2089 2090/2090/2090
f 2088/2088/2088 2090/2090/2090 2091/2091/2091
f 2092/2092/2092 2093/2093/2093 2094/2094/2094
f 2092/2092/2092 2094/2094/2094 2095/2095/2095
f 2096/2096/2096 2097/2097/2097 2098/2098/2098
f 2096/2096/2096 2098/2098/2098 2099/2099/2099
f 2100/2100/2100 2101/2101/2101 2102/2102/2102
f 2100/2100/2100 2102/2102/2102 2103/2103/2103
f 2104/2104/2104 2105/2105/2105 2106/2106/2106
f 2104/2104/2104 2106/2106/2106 2107/2107/2107
f 2108/2108/2108 2109/2109/2109 2110/2110/2110
f 2108/2108/2108 2110/2110/2110 2111/2111/2111
f 2112/2112/2112 2113/2113/2113 2114/2114/2114
f 2112/2112/2112 2114/2114/2114 2115/2115/2115
f 2116/2116/2116 2117/2117/2117 2118/2118/2118
f 2116/2116/2116 2118/2118/2118 2119/2119/2119
f 2120/2120/2120 2121/2121/2121 2122/2122/2122
f 2120/2120/2120 2122/2122/2122 2123/2123/2123
f 2124/2124/2124 2125/2125/2125 2126/2126/2126
f 2124/2124/2124 2126/2126/2126 2127/2127/2127
f 2128/2128/2128 2129/2129/2129 2130/2130/2130
f 2128/2128/2128 2130/2130/2130 2131/2131/2131
f 2132/2132/2132 2133/2133/2133 2134/2134/2134
f 2132/2132/2132 2134/2134/2134 2135/2135/2135
f 2136/2136/2136 2137/2137/2137 2138/2138/2138
f 2136/2136/2136 2138/2138/2138 2139/2139/2139
f 2140/2140/2140 2141/2141/2141 2142/2142/2142
f 2140/2140/2140 2142/2142/2142 2143/2143/2143
f 2144/2144/2144 2145/2145/2145 2146/2146/2146
f 2144/2144/2144 2146/2146/2146 2147/2147/2147
f 2148/2148/2148 2149/2149/2149 2150/2150/2150
f 2148/2148/2148 2150/2150/2150 2151/2151/2151
f 2152/2152/2152 2153/2153/2153 2154/2154/2154
f 2152/2152/2152 2154/2154/2154 2155/2155/2155
f 2156/2156/2156 2157/2157/2157 2158/2158/2158
f 2156/2156/2156 2158/2158/2158 2159/2159/2159
f 2160/2160/2160 2161/2161/2161 2162/2162/2162
f 2160/2160/2160 2162/2162/2162 2163/2163/2163
f 2164/2164/2164 2165/2165/2165 2166/2166/2166
f 2164/2164/2164 2166/2166/2166 2167/2167/2167
f 2168/2168/2168 2169/2169/2169 2170/2170/2170
f 2168/2168/2168 2170/2170/2170 2171/2171/2171
f 2172/2172/2172 2173/2173/2173 2174/2174/2174
f 2172/2172/2172 2174/2174/2174 2175/2175/2175
f 2176/2176/2176 2177/2177/2177 2178/2178/2178
f 2176/2176/2176 2178/2178/2178 2179/2179/2179
f 2180/2180/2180 2181/2181/2181 2182/2182/2182
f 2180/2180/2180 2182/2182/2182 2183/2183/2183
f 2184/2184/2184 2185/2185/2185 2186/2186/2186
f 2184/2184/2184 2186/2186/2186 2187/2187/2187
f 2188/2188/2188 2189/2189/2189 2190/2190/2190
f 2188/2188/2188 2190/2190/2190 2191/2191/2191
f 2192/2192/2192 2193/2193/2193 2194/2194/2194
f 2192/2192/2192 2194/2194/2194 2195/2195/2195
f 2196/2196/2196 2197/2197/2197 2198/2198/2198
f 2196/2196/2196 2198/2198/2198 2199/2199/2199
f 2200/2200/2200 2201/2201/2201 2202/2202/2202
f 2200/2200/2200 2202/2202/2202 2203/2203/2203
f 2204/2204/2204 2205/2205/2205 2206/2206/2206
f 2204/2204/2204 2206/2206/2206 2207/2207/2207
f 2208/2208/2208 2209/2209/2209 2210/2210/2210
f 2208/2208/2208 2210/2210/2210 2211/2211/2211
f 2212/2212/2212 2213/2213/2213 2214/2214/2214
f 2212/2212/2212 2214/2214/2214 2215/2215/2215
f 2216/2216/2216 2217/2217/2217 2218/2218/2218
f 2216/2216/2216 2218/2218/2218 2219/2219/2219
f 2220/2220/2220 2221/2221/2221 2222/2222/2222
f 2220/2220/2220 2222/2222/2222 2223/2223/2223
f 2224/2224/2224 2225/2225/2225 2071/2071/2071
f 2224/2224/2224 2071/2071/2071 2226/2226/2226
f 2227/2227/2227 2228/2228/2228 2229/2229/2229
f 2227/2227/2227 2229/2229/2229 2230/2230/2230
f 2231/2231/2231 2232/2232/2232 2233/2233/2233
f 2231/2231/2231 2233/2233/2233 2234/2234/2234
f 2235/2235/2235 2236/2236/2236 2237/2237/2237
f 2235/2235/2235 2237/2237/2237 2238/2238/2238
f 2239/2239/2239 2240/2240/2240 2241/2241/2241
f 2239/2239/2239 2241/2241/2241 2242/2242/2242
f 2243/2243/2243 2244/2244/2244 2245/2245/2245
f 2243/2243/2243 2245/2245/2245 2246/2246/2246
f 2247/2247/2247 2248/2248/2248 2249/2249/2249
f 2247/2247/2247 2249/2249/2249 2250/2250/2250
f 2251/2251/2251 2252/2252/2252 2253/2253/2253
f 2251/2251/2251 2253/2253/2253 2254/2254/2254
f 2255/2255/2255 2256/2256/2256 2257/2257/2257
f 2255/2255/2255 2257/2257/2257 2258/2258/2258
f 2259/2259/2259 2260/2260/2260 2261/2261/2261
f 2259/2259/2259 2261/2261/2261 2262/2262/2262
f 2263/2263/2263 2264/2264/2264 2265/2265/2265
f 2263/2263/2263 2265/2265/2265 2266/2266/2266
f 2267/2267/2267 2268/2268/2268 2269/2269/2269
f 2267/2267/2267 2269/2269/2269 2270/2270/2270
f 2271/2271/2271 2272/2272/2272 2273/2273/2273
f 2271/2271/2271 2273/2273/2273 2274/2274/2274
f 2275/2275/2275 2276/2276/2276 2277/2277/2277
f 2275/2275/2275 2277/2277/2277 2278/2278/2278
f 2279/2279/2279 2280/2280/2280 2281/2281/2281
f 2279/2279/2279 2281/2281/2281 2282/2282/2282
f 2283/2283/2283 2284/2284/2284 2054/2054/2054
f 2283/2283/2283 2054/2054/2054 2053/2053/2053
f 2285/2285/2285 2286/2286/2286 2046/2046/2046
f 2285/2285/2285 2046/2046/2046 2045/2045/2045
f 2287/2287/2287 2288/2288/2288 2042/2042/2042
f 2287/2287/2287 2042/2042/2042 2041/2041/2041
f 2191/2191/2191 2190/2190/2190 2050/2050/2050
f 2191/2191/2191 2050/2050/2050 2049/2049/2049
f 2091/2091/2091 2090/2090/2090 2073/2073/2073
f 2091/2091/2091 2073/2073/2073 2072/2072/2072
f 2103/2103/2103 2102/2102/2102 2085/2085/2085
f 2103/2103/2103 2085/2085/2085 2084/2084/2084
f 2095/2095/2095 2094/2094/2094 2201/2201/2201
f 2095/2095/2095 2201/2201/2201 2200/2200/2200
f 2246/2246/2246 2245/2245/2245 2081/2081/2081
f 2246/2246/2246 2081/2081/2081 2080/2080/2080
f 2123/2123/2123 2122/2122/2122 2105/2105/2105
f 2123/2123/2123 2105/2105/2105 2104/2104/2104
f 2135/2135/2135 2134/2134/2134 2117/2117/2117
f 2135/2135/2135 2117/2117/2117 2116/2116/2116
f 2127/2127/2127 2126/2126/2126 2252/2252/2252
f 2127/2127/2127 2252/2252/2252 2251/2251/2251
f 2219/2219/2219 2218/2218/2218 2113/2113/2113
f 2219/2219/2219 2113/2113/2113 2112/2112/2112
f 2155/2155/2155 2154/2154/2154 2137/2137/2137
f 2155/2155/2155 2137/2137/2137 2136/2136/2136
f 2163/2163/2163 2162/2162/2162 2149/2149/2149
f 2163/2163/2163 2149/2149/2149 2148/2148/2148
f 2159/2159/2159 2158/2158/2158 2228/2228/2228
f 2159/2159/2159 2228/2228/2228 2227/2227/2227
f 2195/2195/2195 2194/2194/2194 2145/2145/2145
f 2195/2195/2195 2145/2145/2145 2144/2144/2144
f 2175/2175/2175 2174/2174/2174 2165/2165/2165
f 2175/2175/2175 2165/2165/2165 2164/2164/2164
f 2183/2183/2183 2182/2182/2182 2169/2169/2169
f 2183/2183/2183 2169/2169/2169 2168/2168/2168
f 2179/2179/2179 2178/2178/2178 2205/2205/2205
f 2179/2179/2179 2205/2205/2205 2204/2204/2204
f 2282/2282/2282 2281/2281/2281 2289/2289/2289
f 2282/2282/2282 2289/2289/2289 2290/2290/2290
f 2291/2291/2291 2292/2292/2292 2293/2293/2293
f 2291/2291/2291 2293/2293/2293 2294/2294/2294
f 2295/2295/2295 2296/2296/2296 2058/2058/2058
f 2295/2295/2295 2058/2058/2058 2057/2057/2057
f 2297/2297/2297 2298/2298/2298 2070/2070/2070
f 2297/2297/2297 2070/2070/2070 2069/2069/2069
f 2299/2299/2299 2300/2300/2300 2225/2225/2225
f 2299/2299/2299 2225/2225/2225 2224/2224/2224
f 2301/2301/2301 2302/2302/2302 2189/2189/2189
f 2301/2301/2301 2189/2189/2189 2188/2188/2188
f 2303/2303/2303 2304/2304/2304 2089/2089/2089
f 2303/2303/2303 2089/2089/2089 2088/2088/2088
f 2305/2305/2305 2306/2306/2306 2101/2101/2101
f 2305/2305/2305 2101/2101/2101 2100/2100/2100
f 2307/2307/2307 2308/2308/2308 2093/2093/2093
f 2307/2307/2307 2093/2093/2093 2092/2092/2092
f 2309/2309/2309 2310/2310/2310 2244/2244/2244
f 2309/2309/2309 2244/2244/2244 2243/2243/2243
f 2311/2311/2311 2312/2312/2312 2121/2121/2121
f 2311/2311/2311 2121/2121/2121 2120/2120/2120
f 2313/2313/2313 2314/2314/2314 2133/2133/2133
f 2313/2313/2313 2133/2133/2133 2132/2132/2132
f 2315/2315/2315 2316/2316/2316 2125/2125/2125
f 2315/2315/2315 2125/2125/2125 2124/2124/2124
f 2317/2317/2317 2318/2318/2318 2217/2217/2217
f 2317/2317/2317 2217/2217/2217 2216/2216/2216
f 2319/2319/2319 2320/2320/2320 2153/2153/2153
f 2319/2319/2319 2153/2153/2153 2152/2152/2152
f 2321/2321/2321 2322/2322/2322 2161/2161/2161
f 2321/2321/2321 2161/2161/2161 2160/2160/2160
f 2323/2323/2323 2324/2324/2324 2157/2157/2157
f 2323/2323/2323 2157/2157/2157 2156/2156/2156
f 2325/2325/2325 2326/2326/2326 2193/2193/2193
f 2325/2325/2325 2193/2193/2193 2192/2192/2192
f 2327/2327/2327 2328/2328/2328 2173/2173/2173
f 2327/2327/2327 2173/2173/2173 2172/2172/2172
f 2329/2329/2329 2330/2330/2330 2181/2181/2181
f 2329/2329/2329 2181/2181/2181 2180/2180/2180
f 2331/2331/2331 2332/2332/2332 2177/2177/2177
f 2331/2331/2331 2177/2177/2177 2176/2176/2176
f 2294/2294/2294 2293/2293/2293 2226/2226/2226
f 2294/2294/2294 2226/2226/2226 2059/2059/2059
f 2333/2333/2333 2334/2334/2334 2335/2335/2335
f 2333/2333/2333 2335/2335/2335 2336/2336/2336
f 2337/2337/2337 2338/2338/2338 2339/2339/2339
f 2337/2337/2337 2339/2339/2339 2340/2340/2340
f 2341/2341/2341 2342/2342/2342 2343/2343/2343
f 2341/2341/2341 2343/2343/2343 2344/2344/2344
f 2345/2345/2345 2346/2346/2346 2347/2347/2347
f 2345/2345/2345 2347/2347/2347 2348/2348/2348
f 2349/2349/2349 2350/2350/2350 2351/2351/2351
f 2349/2349/2349 2351/2351/2351 2352/2352/2352
f 2353/2353/2353 2354/2354/2354 2355/2355/2355
f 2353/2353/2353 2355/2355/2355 2356/2356/2356
f 2357/2357/2357 2358/2358/2358 2359/2359/2359
f 2357/2357/2357 2359/2359/2359 2360/2360/2360
f 2361/2361/2361 2362/2362/2362 2363/2363/2363
f 2361/2361/2361 2363/2363/2363 2364/2364/2364
f 2365/2365/2365 2366/2366/2366 2367/2367/2367
f 2365/2365/2365 2367/2367/2367 2368/2368/2368
f 2369/2369/2369 2370/2370/2370 2371/2371/2371
f 2369/2369/2369 2371/2371/2371 2372/2372/2372
f 2373/2373/2373 2374/2374/2374 2375/2375/2375
f 2373/2373/2373 2375/2375/2375 2376/2376/2376
f 2377/2377/2377 2378/2378/2378 2379/2379/2379
f 2377/2377/2377 2379/2379/2379 2380/2380/2380
f 2381/2381/2381 2382/2382/2382 2372/2372/2372
f 2381/2381/2381 2372/2372/2372 2383/2383/2383
f 2384/2384/2384 2385/2385/2385 2386/2386/2386
f 2384/2384/2384 2386/2386/2386 2387/2387/2387
f 2388/2388/2388 2389/2389/2389 2390/2390/2390
f 2388/2388/2388 2390/2390/2390 2391/2391/2391
f 2392/2392/2392 2393/2393/2393 2394/2394/2394
f 2392/2392/2392 2394/2394/2394 2395/2395/2395
f 2396/2396/2396 2397/2397/2397 2398/2398/2398
f 2396/2396/2396 2398/2398/2398 2399/2399/2399
f 2400/2400/2400 2401/2401/2401 2402/2402/2402
f 2400/2400/2400 2402/2402/2402 2403/2403/2403
f 2404/2404/2404 2405/2405/2405 2406/2406/2406
f 2404/2404/2404 2406/2406/2406 2407/2407/2407
f 2408/2408/2408 2409/2409/2409 2410/2410/2410
f 2408/2408/2408 2410/2410/2410 2411/2411/2411
f 2412/2412/2412 2413/2413/2413 2414/2414/2414
f 2412/2412/2412 2414/2414/2414 2415/2415/2415
f 2416/2416/2416 2417/2417/2417 2418/2418/2418
f 2416/2416/2416 2418/2418/2418 2419/2419/2419
f 2420/2420/2420 2421/2421/2421 2422/2422/2422
f 2420/2420/2420 2422/2422/2422 2423/2423/2423
f 2424/2424/2424 2425/2425/2425 2426/2426/2426
f 2424/2424/2424 2426/2426/2426 2427/2427/2427
f 2428/2428/2428 2429/2429/2429 2430/2430/2430
f 2428/2428/2428 2430/2430/2430 2431/2431/2431
f 2432/2432/2432 2433/2433/2433 2434/2434/2434
f 2432/2432/2432 2434/2434/2434 2435/2435/2435
f 2436/2436/2436 2437/2437/2437 2438/2438/2438
f 2436/2436/2436 2438/2438/2438 2439/2439/2439
f 2440/2440/2440 2441/2441/2441 2442/2442/2442
f 2440/2440/2440 2442/2442/2442 2443/2443/2443
f 2444/2444/2444 2445/2445/2445 2446/2446/2446
f 2444/2444/2444 2446/2446/2446 2447/2447/2447
f 2448/2448/2448 2449/2449/2449 2450/2450/2450
f 2448/2448/2448 2450/2450/2450 2451/2451/2451
f 2452/2452/2452 2453/2453/2453 2454/2454/2454
f 2452/2452/2452 2454/2454/2454 2455/2455/2455
f 2456/2456/2456 2457/2457/2457 2458/2458/2458
f 2456/2456/2456 2458/2458/2458 2459/2459/2459
f 2460/2460/2460 2461/2461/2461 2462/2462/2462
f 2460/2460/2460 2462/2462/2462 2463/2463/2463
f 2464/2464/2464 2465/2465/2465 2466/2466/2466
f 2464/2464/2464 2466/2466/2466 2467/2467/2467
f 2468/2468/2468 2469/2469/2469 2470/2470/2470
f 2468/2468/2468 2470/2470/2470 2471/2471/2471
f 2472/2472/2472 2473/2473/2473 2474/2474/2474
f 2472/2472/2472 2474/2474/2474 2475/2475/2475
f 2476/2476/2476 2477/2477/2477 2478/2478/2478
f 2476/2476/2476 2478/2478/2478 2479/2479/2479
f 2480/2480/2480 2481/2481/2481 2482/2482/2482
f 2480/2480/2480 2482/2482/2482 2483/2483/2483
f 2484/2484/2484 2485/2485/2485 2486/2486/2486
f 2484/2484/2484 2486/2486/2486 2487/2487/2487
f 2488/2488/2488 2489/2489/2489 2490/2490/2490
f 2488/2488/2488 2490/2490/2490 2491/2491/2491
f 2492/2492/2492 2493/2493/2493 2494/2494/2494
f 2492/2492/2492 2494/2494/2494 2495/2495/2495
f 2496/2496/2496 2497/2497/2497 2498/2498/2498
f 2496/2496/2496 2498/2498/2498 2499/2499/2499
f 2500/2500/2500 2501/2501/2501 2502/2502/2502
f 2500/2500/2500 2502/2502/2502 2503/2503/2503
f 2504/2504/2504 2505/2505/2505 2506/2506/2506
f 2504/2504/2504 2506/2506/2506 2507/2507/2507
f 2508/2508/2508 2509/2509/2509 2510/2510/2510
f 2508/2508/2508 2510/2510/2510 2511/2511/2511
f 2512/2512/2512 2513/2513/2513 2514/2514/2514
f 2512/2512/2512 2514/2514/2514 2515/2515/2515
f 2516/2516/2516 2517/2517/2517 2518/2518/2518
f 2516/2516/2516 2518/2518/2518 2519/2519/2519
f 2520/2520/2520 2521/2521/2521 2522/2522/2522
f 2520/2520/2520 2522/2522/2522 2523/2523/2523
f 2524/2524/2524 2525/2525/2525 2526/2526/2526
f 2524/2524/2524 2526/2526/2526 2527/2527/2527
f 2528/2528/2528 2529/2529/2529 2530/2530/2530
f 2528/2528/2528 2530/2530/2530 2531/2531/2531
f 2532/2532/2532 2533/2533/2533 2534/2534/2534
f 2532/2532/2532 2534/2534/2534 2535/2535/2535
f 2536/2536/2536 2537/2537/2537 2383/2383/2383
f 2536/2536/2536 2383/2383/2383 2538/2538/2538
f 2539/2539/2539 2540/2540/2540 2541/2541/2541
f 2539/2539/2539 2541/2541/2541 2542/2542/2542
f 2543/2543/2543 2544/2544/2544 2545/2545/2545
f 2543/2543/2543 2545/2545/2545 2546/2546/2546
f 2547/2547/2547 2548/2548/2548 2549/2549/2549
f 2547/2547/2547 2549/2549/2549 2550/2550/2550
f 2551/2551/2551 2552/2552/2552 2553/2553/2553
f 2551/2551/2551 2553/2553/2553 2554/2554/2554
f 2555/2555/2555 2556/2556/2556 2557/2557/2557
f 2555/2555/2555 2557/2557/2557 2558/2558/2558
f 2559/2559/2559 2560/2560/2560 2561/2561/2561
f 2559/2559/2559 2561/2561/2561 2562/2562/2562
f 2563/2563/2563 2564/2564/2564 2565/2565/2565
f 2563/2563/2563 2565/2565/2565 2566/2566/2566
f 2567/2567/2567 2568/2568/2568 2569/2569/2569
f 2567/2567/2567 2569/2569/2569 2570/2570/2570
f 2571/2571/2571 2572/2572/2572 2573/2573/2573
f 2571/2571/2571 2573/2573/2573 2574/2574/2574
f 2575/2575/2575 2576/2576/2576 2577/2577/2577
f 2575/2575/2575 2577/2577/2577 2578/2578/2578
f 2579/2579/2579 2580/2580/2580 2581/2581/2581
f 2579/2579/2579 2581/2581/2581 2582/2582/2582
f 2583/2583/2583 2584/2584/2584 2585/2585/2585
f 2583/2583/2583 2585/2585/2585 2586/2586/2586
f 2587/2587/2587 2588/2588/2588 2589/2589/2589
f 2587/2587/2587 2589/2589/2589 2590/2590/2590
f 2591/2591/2591 2592/2592/2592 2593/2593/2593
f 2591/2591/2591 2593/2593/2593 2594/2594/2594
f 2595/2595/2595 2596/2596/2596 2366/2366/2366
f 2595/2595/2595 2366/2366/2366 2365/2365/2365
f 2597/2597/2597 2598/2598/2598 2358/2358/2358
f 2597/2597/2597 2358/2358/2358 2357/2357/2357
f 2599/2599/2599 2600/2600/2600 2354/2354/2354
f 2599/2599/2599 2354/2354/2354 2353/2353/2353
f 2503/2503/2503 2502/2502/2502 2362/2362/2362
f 2503/2503/2503 2362/2362/2362 2361/2361/2361
f 2403/2403/2403 2402/2402/2402 2385/2385/2385
f 2403/2403/2403 2385/2385/2385 2384/2384/2384
f 2415/2415/2415 2414/2414/2414 2397/2397/2397
f 2415/2415/2415 2397/2397/2397 2396/2396/2396
f 2407/2407/2407 2406/2406/2406 2513/2513/2513
f 2407/2407/2407 2513/2513/2513 2512/2512/2512
f 2558/2558/2558 2557/2557/2557 2393/2393/2393
f 2558/2558/2558 2393/2393/2393 2392/2392/2392
f 2435/2435/2435 2434/2434/2434 2417/2417/2417
f 2435/2435/2435 2417/2417/2417 2416/2416/2416
f 2447/2447/2447 2446/2446/2446 2429/2429/2429
f 2447/2447/2447 2429/2429/2429 2428/2428/2428
f 2439/2439/2439 2438/2438/2438 2564/2564/2564
f 2439/2439/2439 2564/2564/2564 2563/2563/2563
f 2531/2531/2531 2530/2530/2530 2425/2425/2425
f 2531/2531/2531 2425/2425/2425 2424/2424/2424
f 2467/2467/2467 2466/2466/2466 2449/2449/2449
f 2467/2467/2467 2449/2449/2449 2448/2448/2448
f 2475/2475/2475 2474/2474/2474 2461/2461/2461
f 2475/2475/2475 2461/2461/2461 2460/2460/2460
f 2471/2471/2471 2470/2470/2470 2540/2540/2540
f 2471/2471/2471 2540/2540/2540 2539/2539/2539
f 2507/2507/2507 2506/2506/2506 2457/2457/2457
f 2507/2507/2507 2457/2457/2457 2456/2456/2456
f 2487/2487/2487 2486/2486/2486 2477/2477/2477
f 2487/2487/2487 2477/2477/2477 2476/2476/2476
f 2495/2495/2495 2494/2494/2494 2481/2481/2481
f 2495/2495/2495 2481/2481/2481 2480/2480/2480
f 2491/2491/2491 2490/2490/2490 2517/2517/2517
f 2491/2491/2491 2517/2517/2517 2516/2516/2516
f 2594/2594/2594 2593/2593/2593 2601/2601/2601
f 2594/2594/2594 2601/2601/2601 2602/2602/2602
f 2603/2603/2603 2604/2604/2604 2605/2605/2605
f 2603/2603/2603 2605/2605/2605 2606/2606/2606
f 2607/2607/2607 2608/2608/2608 2370/2370/2370
f 2607/2607/2607 2370/2370/2370 2369/2369/2369
f 2609/2609/2609 2610/2610/2610 2382/2382/2382
f 2609/2609/2609 2382/2382/2382 2381/2381/2381
f 2611/2611/2611 2612/2612/2612 2537/2537/2537
f 2611/2611/2611 2537/2537/2537 2536/2536/2536
f 2613/2613/2613 2614/2614/2614 2501/2501/2501
f 2613/2613/2613 2501/2501/2501 2500/2500/2500
f 2615/2615/2615 2616/2616/2616 2401/2401/2401
f 2615/2615/2615 2401/2401/2401 2400/2400/2400
f 2617/2617/2617 2618/2618/2618 2413/2413/2413
f 2617/2617/2617 2413/2413/2413 2412/2412/2412
f 2619/2619/2619 2620/2620/2620 2405/2405/2405
f 2619/2619/2619 2405/2405/2405 2404/2404/2404
f 2621/2621/2621 2622/2622/2622 2556/2556/2556
f 2621/2621/2621 2556/2556/2556 2555/2555/2555
f 2623/2623/2623 2624/2624/2624 2433/2433/2433
f 2623/2623/2623 2433/2433/2433 2432/2432/2432
f 2625/2625/2625 2626/2626/2626 2445/2445/2445
f 2625/2625/2625 2445/2445/2445 2444/2444/2444
f 2627/2627/2627 2628/2628/2628 2437/2437/2437
f 2627/2627/2627 2437/2437/2437 2436/2436/2436
f 2629/2629/2629 2630/2630/2630 2529/2529/2529
f 2629/2629/2629 2529/2529/2529 2528/2528/2528
f 2631/2631/2631 2632/2632/2632 2465/2465/2465
f 2631/2631/2631 2465/2465/2465 2464/2464/2464
f 2633/2633/2633 2634/2634/2634 2473/2473/2473
f 2633/2633/2633 2473/2473/2473 2472/2472/2472
f 2635/2635/2635 2636/2636/2636 2469/2469/2469
f 2635/2635/2635 2469/2469/2469 2468/2468/2468
f 2637/2637/2637 2638/2638/2638 2505/2505/2505
f 2637/2637/2637 2505/2505/2505 2504/2504/2504
f 2639/2639/2639 2640/2640/2640 2485/2485/2485
f 2639/2639/2639 2485/2485/2485 2484/2484/2484
f 2641/2641/2641 2642/2642/2642 2493/2493/2493
f 2641/2641/2641 2493/2493/2493 2492/2492/2492
f 2643/2643/2643 2644/2644/2644 2489/2489/2489
f 2643/2643/2643 2489/2489/2489 2488/2488/2488
f 2606/2606/2606 2605/2605/2605 2538/2538/2538
f 2606/2606/2606 2538/2538/2538 2371/2371/2371
f 2645/2645/2645 2646/2646/2646 2647/2647/2647
f 2645/2645/2645 2647/2647/2647 2648/2648/2648
f 2649/2649/2649 2650/2650/2650 2651/2651/2651
f 2649/2649/2649 2651/2651/2651 2652/2652/2652
f 2653/2653/2653 2654/2654/2654 2655/2655/2655
f 2653/2653/2653 2655/2655/2655 2656/2656/2656
f 2657/2657/2657 2658/2658/2658 2659/2659/2659
f 2657/2657/2657 2659/2659/2659 2660/2660/2660
f 2661/2661/2661 2662/2662/2662 2663/2663/2663
f 2661/2661/2661 2663/2663/2663 2664/2664/2664
f 2665/2665/2665 2666/2666/2666 2667/2667/2667
f 2665/2665/2665 2667/2667/2667 2668/2668/2668
f 2669/2669/2669 2670/2670/2670 2671/2671/2671
f 2669/2669/2669 2671/2671/2671 2672/2672/2672
f 2673/2673/2673 2674/2674/2674 2675/2675/2675
f 2673/2673/2673 2675/2675/2675 2676/2676/2676
f 2677/2677/2677 2678/2678/2678 2679/2679/2679
f 2677/2677/2677 2679/2679/2679 2680/2680/2680
f 2681/2681/2681 2682/2682/2682 2683/2683/2683
f 2681/2681/2681 2683/2683/2683 2684/2684/2684
f 2685/2685/2685 2686/2686/2686 2687/2687/2687
f 2685/2685/2685 2687/2687/2687 2688/2688/2688
f 2689/2689/2689 2690/2690/2690 2691/2691/2691
f 2689/2689/2689 2691/2691/2691 2692/2692/2692
f 2693/2693/2693 2694/2694/2694 2684/2684/2684
f 2693/2693/2693 2684/2684/2684 2695/2695/2695
f 2696/2696/2696 2697/2697/2697 2698/2698/2698
f 2696/2696/2696 2698/2698/2698 2699/2699/2699
f 2700/2700/2700 2701/2701/2701 2702/2702/2702
f 2700/2700/2700 2702/2702/2702 2703/2703/2703
f 2704/2704/2704 2705/2705/2705 2706/2706/2706
f 2704/2704/2704 2706/2706/2706 2707/2707/2707
f 2708/2708/2708 2709/2709/2709 2710/2710/2710
f 2708/2708/2708 2710/2710/2710 2711/2711/2711
f 2712/2712/2712 2713/2713/2713 2714/2714/2714
f 2712/2712/2712 2714/2714/2714 2715/2715/2715
f 2716/2716/2716 2717/2717/2717 2718/2718/2718
f 2716/2716/2716 2718/2718/2718 2719/2719/2719
f 2720/2720/2720 2721/2721/2721 2722/2722/2722
f 2720/2720/2720 2722/2722/2722 2723/2723/2723
f 2724/2724/2724 2725/2725/2725 2726/2726/2726
f 2724/2724/2724 2726/2726/2726 2727/2727/2727
f 2728/2728/2728 2729/2729/2729 2730/2730/2730
f 2728/2728/2728 2730/2730/2730 2731/2731/2731
f 2732/2732/2732 2733/2733/2733 2734/2734/2734
f 2732/2732/2732 2734/2734/2734 2735/2735/2735
f 2736/2736/2736 2737/2737/2737 2738/2738/2738
f 2736/2736/2736 2738/2738/2738 2739/2739/2739
f 2740/2740/2740 2741/2741/2741 2742/2742/2742
f 2740/2740/2740 2742/2742/2742 2743/2743/2743
f 2744/2744/2744 2745/2745/2745 2746/2746/2746
f 2744/2744/2744 2746/2746/2746 2747/2747/2747
f 2748/2748/2748 2749/2749/2749 2750/2750/2750
f 2748/2748/2748 2750/2750/2750 2751/2751/2751
f 2752/2752/2752 2753/2753/2753 2754/2754/2754
f 2752/2752/2752 2754/2754/2754 2755/2755/2755
f 2756/2756/2756 2757/2757/2757 2758/2758/2758
f 2756/2756/2756 2758/2758/2758 2759/2759/2759
f 2760/2760/2760 2761/2761/2761 2762/2762/2762
f 2760/2760/2760 2762/2762/2762 2763/2763/2763
f 2764/2764/2764 2765/2765/2765 2766/2766/2766
f 2764/2764/2764 2766/2766/2766 2767/2767/2767
f 2768/2768/2768 2769/2769/2769 2770/2770/2770
f 2768/2768/2768 2770/2770/2770 2771/2771/2771
f 2772/2772/2772 2773/2773/2773 2774/2774/2774
f 2772/2772/2772 2774/2774/2774 2775/2775/2775
f 2776/2776/2776 2777/2777/2777 2778/2778/2778
f 2776/2776/2776 2778/2778/2778 2779/2779/2779
f 2780/2780/2780 2781/2781/2781 2782/2782/2782
f 2780/2780/2780 2782/2782/2782 2783/2783/2783
f 2784/2784/2784 2785/2785/2785 2786/2786/2786
f 2784/2784/2784 2786/2786/2786 2787/2787/2787
f 2788/2788/2788 2789/2789/2789 2790/2790/2790
f 2788/2788/2788 2790/2790/2790 2791/2791/2791
f 2792/2792/2792 2793/2793/2793 2794/2794/2794
f 2792/2792/2792 2794/2794/2794 2795/2795/2795
f 2796/2796/2796 2797/2797/2797 2798/2798/2798
f 2796/2796/2796 2798/2798/2798 2799/2799/2799
f 2800/2800/2800 2801/2801/2801 2802/2802/2802
f 2800/2800/2800 2802/2802/2802 2803/2803/2803
f 2804/2804/2804 2805/2805/2805 2806/2806/2806
f 2804/2804/2804 2806/2806/2806 2807/2807/2807
f 2808/2808/2808 2809/2809/2809 2810/2810/2810
f 2808/2808/2808 2810/2810/2810 2811/2811/2811
f 2812/2812/2812 2813/2813/2813 2814/2814/2814
f 2812/2812/2812 2814/2814/2814 2815/2815/2815
f 2816/2816/2816 2817/2817/2817 2818/2818/2818
f 2816/2816/2816 2818/2818/2818 2819/2819/2819
f 2820/2820/2820 2821/2821/2821 2822/2822/2822
f 2820/2820/2820 2822/2822/2822 2823/2823/2823
f 2824/2824/2824 2825/2825/2825 2826/2826/2826
f 2824/2824/2824 2826/2826/2826 2827/2827/2827
f 2828/2828/2828 2829/2829/2829 2830/2830/2830
f 2828/2828/2828 2830/2830/2830 2831/2831/2831
f 2832/2832/2832 2833/2833/2833 2834/2834/2834
f 2832/2832/2832 2834/2834/2834 2835/2835/2835
f 2836/2836/2836 2837/2837/2837 2838/2838/2838
f 2836/2836/2836 2838/2838/2838 2839/2839/2839
f 2840/2840/2840 2841/2841/2841 2842/2842/2842
f 2840/2840/2840 2842/2842/2842 2843/2843/2843
f 2844/2844/2844 2845/2845/2845 2846/2846/2846
f 2844/2844/2844 2846/2846/2846 2847/2847/2847
f 2848/2848/2848 2849/2849/2849 2695/2695/2695
f 2848/2848/2848 2695/2695/2695 2850/2850/2850
f 2851/2851/2851 2852/2852/2852 2853/2853/2853
f 2851/2851/2851 2853/2853/2853 2854/2854/2854
f 2855/2855/2855 2856/2856/2856 2857/2857/2857
f 2855/2855/2855 2857/2857/2857 2858/2858/2858
f 2859/2859/2859 2860/2860/2860 2861/2861/2861
f 2859/2859/2859 2861/2861/2861 2862/2862/2862
f 2863/2863/2863 2864/2864/2864 2865/2865/2865
f 2863/2863/2863 2865/2865/2865 2866/2866/2866
f 2867/2867/2867 2868/2868/2868 2869/2869/2869
f 2867/2867/2867 2869/2869/2869 2870/2870/2870
f 2871/2871/2871 2872/2872/2872 2873/2873/2873
f 2871/2871/2871 2873/2873/2873 2874/2874/2874
f 2875/2875/2875 2876/2876/2876 2877/2877/2877
f 2875/2875/2875 2877/2877/2877 2878/2878/2878
f 2879/2879/2879 2880/2880/2880 2881/2881/2881
f 2879/2879/2879 2881/2881/2881 2882/2882/2882
f 2883/2883/2883 2884/2884/2884 2885/2885/2885
f 2883/2883/2883 2885/2885/2885 2886/2886/2886
f 2887/2887/2887 2888/2888/2888 2889/2889/2889
f 2887/2887/2887 2889/2889/2889 2890/2890/2890
f 2891/2891/2891 2892/2892/2892 2893/2893/2893
f 2891/2891/2891 2893/2893/2893 2894/2894/2894
f 2895/2895/2895 2896/2896/2896 2897/2897/2897
f 2895/2895/2895 2897/2897/2897 2898/2898/2898
f 2899/2899/2899 2900/2900/2900 2901/2901/2901
f 2899/2899/2899 2901/2901/2901 2902/2902/2902
f 2903/2903/2903 2904/2904/2904 2905/2905/2905
f 2903/2903/2903 2905/2905/2905 2906/2906/2906
f 2907/2907/2907 2908/2908/2908 2678/2678/2678
f 2907/2907/2907 2678/2678/2678 2677/2677/2677
f 2909/2909/2909 2910/2910/2910 2670/2670/2670
f 2909/2909/2909 2670/2670/2670 2669/2669/2669
f 2911/2911/2911 2912/2912/2912 2666/2666/2666
f 2911/2911/2911 2666/2666/2666 2665/2665/2665
f 2815/2815/2815 2814/2814/2814 2674/2674/2674
f 2815/2815/2815 2674/2674/2674 2673/2673/2673
f 2715/2715/2715 2714/2714/2714 2697/2697/2697
f 2715/2715/2715 2697/2697/2697 2696/2696/2696
f 2727/2727/2727 2726/2726/2726 2709/2709/2709
f 2727/2727/2727 2709/2709/2709 2708/2708/2708
f 2719/2719/2719 2718/2718/2718 2825/2825/2825
f 2719/2719/2719 2825/2825/2825 2824/2824/2824
f 2870/2870/2870 2869/2869/2869 2705/2705/2705
f 2870/2870/2870 2705/2705/2705 2704/2704/2704
f 2747/2747/2747 2746/2746/2746 2729/2729/2729
f 2747/2747/2747 2729/2729/2729 2728/2728/2728
f 2759/2759/2759 2758/2758/2758 2741/2741/2741
f 2759/2759/2759 2741/2741/2741 2740/2740/2740
f 2751/2751/2751 2750/2750/2750 2876/2876/2876
f 2751/2751/2751 2876/2876/2876 2875/2875/2875
f 2843/2843/2843 2842/2842/2842 2737/2737/2737
f 2843/2843/2843 2737/2737/2737 2736/2736/2736
f 2779/2779/2779 2778/2778/2778 2761/2761/2761
f 2779/2779/2779 2761/2761/2761 2760/2760/2760
f 2787/2787/2787 2786/2786/2786 2773/2773/2773
f 2787/2787/2787 2773/2773/2773 2772/2772/2772
f 2783/2783/2783 2782/2782/2782 2852/2852/2852
f 2783/2783/2783 2852/2852/2852 2851/2851/2851
f 2819/2819/2819 2818/2818/2818 2769/2769/2769
f 2819/2819/2819 2769/2769/2769 2768/2768/2768
f 2799/2799/2799 2798/2798/2798 2789/2789/2789
f 2799/2799/2799 2789/2789/2789 2788/2788/2788
f 2807/2807/2807 2806/2806/2806 2793/2793/2793
f 2807/2807/2807 2793/2793/2793 2792/2792/2792
f 2803/2803/2803 2802/2802/2802 2829/2829/2829
f 2803/2803/2803 2829/2829/2829 2828/2828/2828
f 2906/2906/2906 2905/2905/2905 2913/2913/2913
f 2906/2906/2906 2913/2913/2913 2914/2914/2914
f 2915/2915/2915 2916/2916/2916 2917/2917/2917
f 2915/2915/2915 2917/2917/2917 2918/2918/2918
f 2919/2919/2919 2920/2920/2920 2682/2682/2682
f 2919/2919/2919 2682/2682/2682 2681/2681/2681
f 2921/2921/2921 2922/2922/2922 2694/2694/2694
f 2921/2921/2921 2694/2694/2694 2693/2693/2693
f 2923/2923/2923 2924/2924/2924 2849/2849/2849
f 2923/2923/2923 2849/2849/2849 2848/2848/2848
f 2925/2925/2925 2926/2926/2926 2813/2813/2813
f 2925/2925/2925 2813/2813/2813 2812/2812/2812
f 2927/2927/2927 2928/2928/2928 2713/2713/2713
f 2927/2927/2927 2713/2713/2713 2712/2712/2712
f 2929/2929/2929 2930/2930/2930 2725/2725/2725
f 2929/2929/2929 2725/2725/2725 2724/2724/2724
f 2931/2931/2931 2932/2932/2932 2717/2717/2717
f 2931/2931/2931 2717/2717/2717 2716/2716/2716
f 2933/2933/2933 2934/2934/2934 2868/2868/2868
f 2933/2933/2933 2868/2868/2868 2867/2867/2867
f 2935/2935/2935 2936/2936/2936 2745/2745/2745
f 2935/2935/2935 2745/2745/2745 2744/2744/2744
f 2937/2937/2937 2938/2938/2938 2757/2757/2757
f 2937/2937/2937 2757/2757/2757 2756/2756/2756
f 2939/2939/2939 2940/2940/2940 2749/2749/2749
f 2939/2939/2939 2749/2749/2749 2748/2748/2748
f 2941/2941/2941 2942/2942/2942 2841/2841/2841
f 2941/2941/2941 2841/2841/2841 2840/2840/2840
f 2943/2943/2943 2944/2944/2944 2777/2777/2777
f 2943/2943/2943 2777/2777/2777 2776/2776/2776
f 2945/2945/2945 2946/2946/2946 2785/2785/2785
f 2945/2945/2945 2785/2785/2785 2784/2784/2784
f 2947/2947/2947 2948/2948/2948 2781/2781/2781
f 2947/2947/2947 2781/2781/2781 2780/2780/2780
f 2949/2949/2949 2950/2950/2950 2817/2817/2817
f 2949/2949/2949 2817/2817/2817 2816/2816/2816
f 2951/2951/2951 2952/2952/2952 2797/2797/2797
f 2951/2951/2951 2797/2797/2797 2796/2796/2796
f 2953/2953/2953 2954/2954/2954 2805/2805/2805
f 2953/2953/2953 2805/2805/2805 2804/2804/2804
f 2955/2955/2955 2956/2956/2956 2801/2801/2801
f 2955/2955/2955 2801/2801/2801 2800/2800/2800
f 2918/2918/2918 2917/2917/2917 2850/2850/2850
f 2918/2918/2918 2850/2850/2850 2683/2683/2683
f 2957/2957/2957 2958/2958/2958 2959/2959/2959
f 2957/2957/2957 2959/2959/2959 2960/2960/2960
f 2961/2961/2961 2962/2962/2962 2963/2963/2963
f 2961/2961/2961 2963/2963/2963 2964/2964/2964
f 2965/2965/2965 2966/2966/2966 2967/2967/2967
f 2965/2965/2965 2967/2967/2967 2968/2968/2968
f 2969/2969/2969 2970/2970/2970 2971/2971/2971
f 2969/2969/2969 2971/2971/2971 2972/2972/2972
f 2973/2973/2973 2974/2974/2974 2975/2975/2975
f 2973/2973/2973 2975/2975/2975 2976/2976/2976
f 2977/2977/2977 2978/2978/2978 2979/2979/2979
f 2977/2977/2977 2979/2979/2979 2980/2980/2980
f 2981/2981/2981 2982/2982/2982 2983/2983/2983
f 2981/2981/2981 2983/2983/2983 2984/2984/2984
f 2985/2985/2985 2986/2986/2986 2987/2987/2987
f 2985/2985/2985 2987/2987/2987 2988/2988/2988
f 2989/2989/2989 2990/2990/2990 2991/2991/2991
f 2989/2989/2989 2991/2991/2991 2992/2992/2992
f 2993/2993/2993 2994/2994/2994 2995/2995/2995
f 2993/2993/2993 2995/2995/2995 2996/2996/2996
f 2997/2997/2997 2998/2998/2998 2999/2999/2999
f 2997/2997/2997 2999/2999/2999 3000/3000/3000
f 3001/3001/3001 3002/3002/3002 3003/3003/3003
f 3001/3001/3001 3003/3003/3003 3004/3004/3004
f 3005/3005/3005 3006/3006/3006 2996/2996/2996
f 3005/3005/3005 2996/2996/2996 3007/3007/3007
f 3008/3008/3008 3009/3009/3009 3010/3010/3010
f 3008/3008/3008 3010/3010/3010 3011/3011/3011
f 3012/3012/3012 3013/3013/3013 3014/3014/3014
f 3012/3012/3012 3014/3014/3014 3015/3015/3015
f 3016/3016/3016 3017/3017/3017 3018/3018/3018
f 3016/3016/3016 3018/3018/3018 3019/3019/3019
f 3020/3020/3020 3021/3021/3021 3022/3022/3022
f 3020/3020/3020 3022/3022/3022 3023/3023/3023
f 3024/3024/3024 3025/3025/3025 3026/3026/3026
f 3024/3024/3024 3026/3026/3026 3027/3027/3027
f 3028/3028/3028 3029/3029/3029 3030/3030/3030
f 3028/3028/3028 3030/3030/3030 3031/3031/3031
f 3032/3032/3032 3033/3033/3033 3034/3034/3034
f 3032/3032/3032 3034/3034/3034 3035/3035/3035
f 3036/3036/3036 3037/3037/3037 3038/3038/3038
f 3036/3036/3036 3038/3038/3038 3039/3039/3039
f 3040/3040/3040 3041/3041/3041 3042/3042/3042
f 3040/3040/3040 3042/3042/3042 3043/3043/3043
f 3044/3044/3044 3045/3045/3045 3046/3046/3046
f 3044/3044/3044 3046/3046/3046 3047/3047/3047
f 3048/3048/3048 3049/3049/3049 3050/3050/3050
f 3048/3048/3048 3050/3050/3050 3051/3051/3051
f 3052/3052/3052 3053/3053/3053 3054/3054/3054
f 3052/3052/3052 3054/3054/3054 3055/3055/3055
f 3056/3056/3056 3057/3057/3057 3058/3058/3058
f 3056/3056/3056 3058/3058/3058 3059/3059/3059
f 3060/3060/3060 3061/3061/3061 3062/3062/3062
f 3060/3060/3060 3062/3062/3062 3063/3063/3063
f 3064/3064/3064 3065/3065/3065 3066/3066/3066
f 3064/3064/3064 3066/3066/3066 3067/3067/3067
f 3068/3068/3068 3069/3069/3069 3070/3070/3070
f 3068/3068/3068 3070/3070/3070 3071/3071/3071
f 3072/3072/3072 3073/3073/3073 3074/3074/3074
f 3072/3072/3072 3074/3074/3074 3075/3075/3075
f 3076/3076/3076 3077/3077/3077 3078/3078/3078
f 3076/3076/3076 3078/3078/3078 3079/3079/3079
f 3080/3080/3080 3081/3081/3081 3082/3082/3082
f 3080/3080/3080 3082/3082/3082 3083/3083/3083
f 3084/3084/3084 3085/3085/3085 3086/3086/3086
f 3084/3084/3084 3086/3086/3086 3087/3087/3087
f 3088/3088/3088 3089/3089/3089 3090/3090/3090
f 3088/3088/3088 3090/3090/3090 3091/3091/3091
f 3092/3092/3092 3093/3093/3093 3094/3094/3094
f 3092/3092/3092 3094/3094/3094 3095/3095/3095
f 3096/3096/3096 3097/3097/3097 3098/3098/3098
f 3096/3096/3096 3098/3098/3098 3099/3099/3099
f 3100/3100/3100 3101/3101/3101 3102/3102/3102
f 3100/3100/3100 3102/3102/3102 3103/3103/3103
f 3104/3104/3104 3105/3105/3105 3106/3106/3106
f 3104/3104/3104 3106/3106/3106 3107/3107/3107
f 3108/3108/3108 3109/3109/3109 3110/3110/3110
f 3108/3108/3108 3110/3110/3110 3111/3111/3111
f 3112/3112/3112 3113/3113/3113 3114/3114/3114
f 3112/3112/3112 3114/3114/3114 3115/3115/3115
f 3116/3116/3116 3117/3117/3117 3118/3118/3118
f 3116/3116/3116 3118/3118/3118 3119/3119/3119
f 3120/3120/3120 3121/3121/3121 3122/3122/3122
f 3120/3120/3120 3122/3122/3122 3123/3123/3123
f 3124/3124/3124 3125/3125/3125 3126/3126/3126
f 3124/3124/3124 3126/3126/3126 3127/3127/3127
f 3128/3128/3128 3129/3129/3129 3130/3130/3130
f 3128/3128/3128 3130/3130/3130 3131/3131/3131
f 3132/3132/3132 3133/3133/3133 3134/3134/3134
f 3132/3132/3132 3134/3134/3134 3135/3135/3135
f 3136/3136/3136 3137/3137/3137 3138/3138/3138
f 3136/3136/3136 3138/3138/3138 3139/3139/3139
f 3140/3140/3140 3141/3141/3141 3142/3142/3142
f 3140/3140/3140 3142/3142/3142 3143/3143/3143
f 3144/3144/3144 3145/3145/3145 3146/3146/3146
f 3144/3144/3144 3146/3146/3146 3147/3147/3147
f 3148/3148/3148 3149/3149/3149 3150/3150/3150
f 3148/3148/3148 3150/3150/3150 3151/3151/3151
f 3152/3152/3152 3153/3153/3153 3154/3154/3154
f 3152/3152/3152 3154/3154/3154 3155/3155/3155
f 3156/3156/3156 3157/3157/3157 3158/3158/3158
f 3156/3156/3156 3158/3158/3158 3159/3159/3159
f 3160/3160/3160 3161/3161/3161 3007/3007/3007
f 3160/3160/3160 3007/3007/3007 3162/3162/3162
f 3163/3163/3163 3164/3164/3164 3165/3165/3165
f 3163/3163/3163 3165/3165/3165 3166/3166/3166
f 3167/3167/3167 3168/3168/3168 3169/3169/3169
f 3167/3167/3167 3169/3169/3169 3170/3170/3170
f 3171/3171/3171 3172/3172/3172 3173/3173/3173
f 3171/3171/3171 3173/3173/3173 3174/3174/3174
f 3175/3175/3175 3176/3176/3176 3177/3177/3177
f 3175/3175/3175 3177/3177/3177 3178/3178/3178
f 3179/3179/3179 3180/3180/3180 3181/3181/3181
f 3179/3179/3179 3181/3181/3181 3182/3182/3182
f 3183/3183/3183 3184/3184/3184 3185/3185/3185
f 3183/3183/3183 3185/3185/3185 3186/3186/3186
f 3187/3187/3187 3188/3188/3188 3189/3189/3189
f 3187/3187/3187 3189/3189/3189 3190/3190/3190
f 3191/3191/3191 3192/3192/3192 3193/3193/3193
f 3191/3191/3191 3193/3193/3193 3194/3194/3194
f 3195/3195/3195 3196/3196/3196 3197/3197/3197
f 3195/3195/3195 3197/3197/3197 3198/3198/3198
f 3199/3199/3199 3200/3200/3200 3201/3201/3201
f 3199/3199/3199 3201/3201/3201 3202/3202/3202
f 3203/3203/3203 3204/3204/3204 3205/3205/3205
f 3203/3203/3203 3205/3205/3205 3206/3206/3206
f 3207/3207/3207 3208/3208/3208 3209/3209/3209
f 3207/3207/3207 3209/3209/3209 3210/3210/3210
f 3211/3211/3211 3212/3212/3212 3213/3213/3213
f 3211/3211/3211 3213/3213/3213 3214/3214/3214
f 3215/3215/3215 3216/3216/3216 3217/3217/3217
f 3215/3215/3215 3217/3217/3217 3218/3218/3218
f 3219/3219/3219 3220/3220/3220 2990/2990/2990
f 3219/3219/3219 2990/2990/2990 2989/2989/2989
f 3221/3221/3221 3222/3222/3222 2982/2982/2982
f 3221/3221/3221 2982/2982/2982 2981/2981/2981
f 3223/3223/3223 3224/3224/3224 2978/2978/2978
f 3223/3223/3223 2978/2978/2978 2977/2977/2977
f 3127/3127/3127 3126/3126/3126 2986/2986/2986
f 3127/3127/3127 2986/2986/2986 2985/2985/2985
f 3027/3027/3027 3026/3026/3026 3009/3009/3009
f 3027/3027/3027 3009/3009/3009 3008/3008/3008
f 3039/3039/3039 3038/3038/3038 3021/3021/3021
f 3039/3039/3039 3021/3021/3021 3020/3020/3020
f 3031/3031/3031 3030/3030/3030 3137/3137/3137
f 3031/3031/3031 3137/3137/3137 3136/3136/3136
f 3182/3182/3182 3181/3181/3181 3017/3017/3017
f 3182/3182/3182 3017/3017/3017 3016/3016/3016
f 3059/3059/3059 3058/3058/3058 3041/3041/3041
f 3059/3059/3059 3041/3041/3041 3040/3040/3040
f 3071/3071/3071 3070/3070/3070 3053/3053/3053
f 3071/3071/3071 3053/3053/3053 3052/3052/3052
f 3063/3063/3063 3062/3062/3062 3188/3188/3188
f 3063/3063/3063 3188/3188/3188 3187/3187/3187
f 3155/3155/3155 3154/3154/3154 3049/3049/3049
f 3155/3155/3155 3049/3049/3049 3048/3048/3048
f 3091/3091/3091 3090/3090/3090 3073/3073/3073
f 3091/3091/3091 3073/3073/3073 3072/3072/3072
f 3099/3099/3099 3098/3098/3098 3085/3085/3085
f 3099/3099/3099 3085/3085/3085 3084/3084/3084
f 3095/3095/3095 3094/3094/3094 3164/3164/3164
f 3095/3095/3095 3164/3164/3164 3163/3163/3163
f 3131/3131/3131 3130/3130/3130 3081/3081/3081
f 3131/3131/3131 3081/3081/3081 3080/3080/3080
f 3111/3111/3111 3110/3110/3110 3101/3101/3101
f 3111/3111/3111 3101/3101/3101 3100/3100/3100
f 3119/3119/3119 3118/3118/3118 3105/3105/3105
f 3119/3119/3119 3105/3105/3105 3104/3104/3104
f 3115/3115/3115 3114/3114/3114 3141/3141/3141
f 3115/3115/3115 3141/3141/3141 3140/3140/3140
f 3218/3218/3218 3217/3217/3217 3225/3225/3225
f 3218/3218/3218 3225/3225/3225 3226/3226/3226
f 3227/3227/3227 3228/3228/3228 3229/3229/3229
f 3227/3227/3227 3229/3229/3229 3230/3230/3230
f 3231/3231/3231 3232/3232/3232 2994/2994/2994
f 3231/3231/3231 2994/2994/2994 2993/2993/2993
f 3233/3233/3233 3234/3234/3234 3006/3006/3006
f 3233/3233/3233 3006/3006/3006 3005/3005/3005
f 3235/3235/3235 3236/3236/3236 3161/3161/3161
f 3235/3235/3235 3161/3161/3161 3160/3160/3160
f 3237/3237/3237 3238/3238/3238 3125/3125/3125
f 3237/3237/3237 3125/3125/3125 3124/3124/3124
f 3239/3239/3239 3240/3240/3240 3025/3025/3025
f 3239/3239/3239 3025/3025/3025 3024/3024/3024
f 3241/3241/3241 3242/3242/3242 3037/3037/3037
f 3241/3241/3241 3037/3037/3037 3036/3036/3036
f 3243/3243/3243 3244/3244/3244 3029/3029/3029
f 3243/3243/3243 3029/3029/3029 3028/3028/3028
f 3245/3245/3245 3246/3246/3246 3180/3180/3180
f 3245/3245/3245 3180/3180/3180 3179/3179/3179
f 3247/3247/3247 3248/3248/3248 3057/3057/3057
f 3247/3247/3247 3057/3057/3057 3056/3056/3056
f 3249/3249/3249 3250/3250/3250 3069/3069/3069
f 3249/3249/3249 3069/3069/3069 3068/3068/3068
f 3251/3251/3251 3252/3252/3252 3061/3061/3061
f 3251/3251/3251 3061/3061/3061 3060/3060/3060
f 3253/3253/3253 3254/3254/3254 3153/3153/3153
f 3253/3253/3253 3153/3153/3153 3152/3152/3152
f 3255/3255/3255 3256/3256/3256 3089/3089/3089
f 3255/3255/3255 3089/3089/3089 3088/3088/3088
f 3257/3257/3257 3258/3258/3258 3097/3097/3097
f 3257/3257/3257 3097/3097/3097 3096/3096/3096
f 3259/3259/3259 3260/3260/3260 3093/3093/3093
f 3259/3259/3259 3093/3093/3093 3092/3092/3092
f 3261/3261/3261 3262/3262/3262 3129/3129/3129
f 3261/3261/3261 3129/3129/3129 3128/3128/3128
f 3263/3263/3263 3264/3264/3264 3109/3109/3109
f 3263/3263/3263 3109/3109/3109 3108/3108/3108
f 3265/3265/3265 3266/3266/3266 3117/3117/3117
f 3265/3265/3265 3117/3117/3117 3116/3116/3116
f 3267/3267/3267 3268/3268/3268 3113/3113/3113
f 3267/3267/3267 3113/3113/3113 3112/3112/3112
f 3230/3230/3230 3229/3229/3229 3162/3162/3162
f 3230/3230/3230 3162/3162/3162 2995/2995/2995
f 3269/3269/3269 3270/3270/3270 3271/3271/3271
f 3269/3269/3269 3271/3271/3271 3272/3272/3272
f 3273/3273/3273 3274/3274/3274 3275/3275/3275
f 3273/3273/3273 3275/3275/3275 3276/3276/3276
f 3277/3277/3277 3278/3278/3278 3279/3279/3279
f 3277/3277/3277 3279/3279/3279 3280/3280/3280
f 3281/3281/3281 3282/3282/3282 3283/3283/3283
f 3281/3281/3281 3283/3283/3283 3284/3284/3284
f 3285/3285/3285 3286/3286/3286 3287/3287/3287
f 3285/3285/3285 3287/3287/3287 3288/3288/3288
f 3289/3289/3289 3290/3290/3290 3291/3291/3291
f 3289/3289/3289 3291/3291/3291 3292/3292/3292
f 3293/3293/3293 3294/3294/3294 3295/3295/3295
f 3293/3293/3293 3295/3295/3295 3296/3296/3296
f 3297/3297/3297 3298/3298/3298 3299/3299/3299
f 3297/3297/3297 3299/3299/3299 3300/3300/3300
f 3301/3301/3301 3302/3302/3302 3303/3303/3303
f 3301/3301/3301 3303/3303/3303 3304/3304/3304
f 3305/3305/3305 3306/3306/3306 3307/3307/3307
f 3305/3305/3305 3307/3307/3307 3308/3308/3308
f 3309/3309/3309 3310/3310/3310 3311/3311/3311
f 3309/3309/3309 3311/3311/3311 3312/3312/3312
f 3313/3313/3313 3314/3314/3314 3315/3315/3315
f 3313/3313/3313 3315/3315/3315 3316/3316/3316
f 3317/3317/3317 3318/3318/3318 3308/3308/3308
f 3317/3317/3317 3308/3308/3308 3319/3319/3319
f 3320/3320/3320 3321/3321/3321 3322/3322/3322
f 3320/3320/3320 3322/3322/3322 3323/3323/3323
f 3324/3324/3324 3325/3325/3325 3326/3326/3326
f 3324/3324/3324 3326/3326/3326 3327/3327/3327
f 3328/3328/3328 3329/3329/3329 3330/3330/3330
f 3328/3328/3328 3330/3330/3330 3331/3331/3331
f 3332/3332/3332 3333/3333/3333 3334/3334/3334
f 3332/3332/3332 3334/3334/3334 3335/3335/3335
f 3336/3336/3336 3337/3337/3337 3338/3338/3338
f 3336/3336/3336 3338/3338/3338 3339/3339/3339
f 3340/3340/3340 3341/3341/3341 3342/3342/3342
f 3340/3340/3340 3342/3342/3342 3343/3343/3343
f 3344/3344/3344 3345/3345/3345 3346/3346/3346
f 3344/3344/3344 3346/3346/3346 3347/3347/3347
f 3348/3348/3348 3349/3349/3349 3350/3350/3350
f 3348/3348/3348 3350/3350/3350 3351/3351/3351
f 3352/3352/3352 3353/3353/3353 3354/3354/3354
f 3352/3352/3352 3354/3354/3354 3355/3355/3355
f 3356/3356/3356 3357/3357/3357 3358/3358/3358
f 3356/3356/3356 3358/3358/3358 3359/3359/3359
f 3360/3360/3360 3361/3361/3361 3362/3362/3362
f 3360/3360/3360 3362/3362/3362 3363/3363/3363
f 3364/3364/3364 3365/3365/3365 3366/3366/3366
f 3364/3364/3364 3366/3366/3366 3367/3367/3367
f 3368/3368/3368 3369/3369/3369 3370/3370/3370
f 3368/3368/3368 3370/3370/3370 3371/3371/3371
f 3372/3372/3372 3373/3373/3373 3374/3374/3374
f 3372/3372/3372 3374/3374/3374 3375/3375/3375
f 3376/3376/3376 3377/3377/3377 3378/3378/3378
f 3376/3376/3376 3378/3378/3378 3379/3379/3379
f 3380/3380/3380 3381/3381/3381 3382/3382/3382
f 3380/3380/3380 3382/3382/3382 3383/3383/3383
f 3384/3384/3384 3385/3385/3385 3386/3386/3386
f 3384/3384/3384 3386/3386/3386 3387/3387/3387
f 3388/3388/3388 3389/3389/3389 3390/3390/3390
f 3388/3388/3388 3390/3390/3390 3391/3391/3391
f 3392/3392/3392 3393/3393/3393 3394/3394/3394
f 3392/3392/3392 3394/3394/3394 3395/3395/3395
f 3396/3396/3396 3397/3397/3397 3398/3398/3398
f 3396/3396/3396 3398/3398/3398 3399/3399/3399
f 3400/3400/3400 3401/3401/3401 3402/3402/3402
f 3400/3400/3400 3402/3402/3402 3403/3403/3403
f 3404/3404/3404 3405/3405/3405 3406/3406/3406
f 3404/3404/3404 3406/3406/3406 3407/3407/3407
f 3408/3408/3408 3409/3409/3409 3410/3410/3410
f 3408/3408/3408 3410/3410/3410 3411/3411/3411
f 3412/3412/3412 3413/3413/3413 3414/3414/3414
f 3412/3412/3412 3414/3414/3414 3415/3415/3415
f 3416/3416/3416 3417/3417/3417 3418/3418/3418
f 3416/3416/3416 3418/3418/3418 3419/3419/3419
f 3420/3420/3420 3421/3421/3421 3422/3422/3422
f 3420/3420/3420 3422/3422/3422 3423/3423/3423
f 3424/3424/3424 3425/3425/3425 3426/3426/3426
f 3424/3424/3424 3426/3426/3426 3427/3427/3427
f 3428/3428/3428 3429/3429/3429 3430/3430/3430
f 3428/3428/3428 3430/3430/3430 3431/3431/3431
f 3432/3432/3432 3433/3433/3433 3434/3434/3434
f 3432/3432/3432 3434/3434/3434 3435/3435/3435
f 3436/3436/3436 3437/3437/3437 3438/3438/3438
f 3436/3436/3436 3438/3438/3438 3439/3439/3439
f 3440/3440/3440 3441/3441/3441 3442/3442/3442
f 3440/3440/3440 3442/3442/3442 3443/3443/3443
f 3444/3444/3444 3445/3445/3445 3446/3446/3446
f 3444/3444/3444 3446/3446/3446 3447/3447/3447
f 3448/3448/3448 3449/3449/3449 3450/3450/3450
f 3448/3448/3448 3450/3450/3450 3451/3451/3451
f 3452/3452/3452 3453/3453/3453 3454/3454/3454
f 3452/3452/3452 3454/3454/3454 3455/3455/3455
f 3456/3456/3456 3457/3457/3457 3458/3458/3458
f 3456/3456/3456 3458/3458/3458 3459/3459/3459
f 3460/3460/3460 3461/3461/3461 3462/3462/3462
f 3460/3460/3460 3462/3462/3462 3463/3463/3463
f 3464/3464/3464 3465/3465/3465 3466/3466/3466
f 3464/3464/3464 3466/3466/3466 3467/3467/3467
f 3468/3468/3468 3469/3469/3469 3470/3470/3470
f 3468/3468/3468 3470/3470/3470 3471/3471/3471
f 3472/3472/3472 3473/3473/3473 3319/3319/3319
f 3472/3472/3472 3319/3319/3319 3474/3474/3474
f 3475/3475/3475 3476/3476/3476 3477/3477/3477
f 3475/3475/3475 3477/3477/3477 3478/3478/3478
f 3479/3479/3479 3480/3480/3480 3481/3481/3481
f 3479/3479/3479 3481/3481/3481 3482/3482/3482
f 3483/3483/3483 3484/3484/3484 3485/3485/3485
f 3483/3483/3483 3485/3485/3485 3486/3486/3486
f 3487/3487/3487 3488/3488/3488 3489/3489/3489
f 3487/3487/3487 3489/3489/3489 3490/3490/3490
f 3491/3491/3491 3492/3492/3492 3493/3493/3493
f 3491/3491/3491 3493/3493/3493 3494/3494/3494
f 3495/3495/3495 3496/3496/3496 3497/3497/3497
f 3495/3495/3495 3497/3497/3497 3498/3498/3498
f 3499/3499/3499 3500/3500/3500 3501/3501/3501
f 3499/3499/3499 3501/3501/3501 3502/3502/3502
f 3503/3503/3503 3504/3504/3504 3505/3505/3505
f 3503/3503/3503 3505/3505/3505 3506/3506/3506
f 3507/3507/3507 3508/3508/3508 3509/3509/3509
f 3507/3507/3507 3509/3509/3509 3510/3510/3510
f 3511/3511/3511 3512/3512/3512 3513/3513/3513
f 3511/3511/3511 3513/3513/3513 3514/3514/3514
f 3515/3515/3515 3516/3516/3516 3517/3517/3517
f 3515/3515/3515 3517/3517/3517 3518/3518/3518
f 3519/3519/3519 3520/3520/3520 3521/3521/3521
f 3519/3519/3519 3521/3521/3521 3522/3522/3522
f 3523/3523/3523 3524/3524/3524 3525/3525/3525
f 3523/3523/3523 3525/3525/3525 3526/3526/3526
f 3527/3527/3527 3528/3528/3528 3529/3529/3529
f 3527/3527/3527 3529/3529/3529 3530/3530/3530
f 3531/3531/3531 3532/3532/3532 3302/3302/3302
f 3531/3531/3531 3302/3302/3302 3301/3301/3301
f 3533/3533/3533 3534/3534/3534 3294/3294/3294
f 3533/3533/3533 3294/3294/3294 3293/3293/3293
f 3535/3535/3535 3536/3536/3536 3290/3290/3290
f 3535/3535/3535 3290/3290/3290 3289/3289/3289
f 3439/3439/3439 3438/3438/3438 3298/3298/3298
f 3439/3439/3439 3298/3298/3298 3297/3297/3297
f 3339/3339/3339 3338/3338/3338 3321/3321/3321
f 3339/3339/3339 3321/3321/3321 3320/3320/3320
f 3351/3351/3351 3350/3350/3350 3333/3333/3333
f 3351/3351/3351 3333/3333/3333 3332/3332/3332
f 3343/3343/3343 3342/3342/3342 3449/3449/3449
f 3343/3343/3343 3449/3449/3449 3448/3448/3448
f 3494/3494/3494 3493/3493/3493 3329/3329/3329
f 3494/3494/3494 3329/3329/3329 3328/3328/3328
f 3371/3371/3371 3370/3370/3370 3353/3353/3353
f 3371/3371/3371 3353/3353/3353 3352/3352/3352
f 3383/3383/3383 3382/3382/3382 3365/3365/3365
f 3383/3383/3383 3365/3365/3365 3364/3364/3364
f 3375/3375/3375 3374/3374/3374 3500/3500/3500
f 3375/3375/3375 3500/3500/3500 3499/3499/3499
f 3467/3467/3467 3466/3466/3466 3361/3361/3361
f 3467/3467/3467 3361/3361/3361 3360/3360/3360
f 3403/3403/3403 3402/3402/3402 3385/3385/3385
f 3403/3403/3403 3385/3385/3385 3384/3384/3384
f 3411/3411/3411 3410/3410/3410 3397/3397/3397
f 3411/3411/3411 3397/3397/3397 3396/3396/3396
f 3407/3407/3407 3406/3406/3406 3476/3476/3476
f 3407/3407/3407 3476/3476/3476 3475/3475/3475
f 3443/3443/3443 3442/3442/3442 3393/3393/3393
f 3443/3443/3443 3393/3393/3393 3392/3392/3392
f 3423/3423/3423 3422/3422/3422 3413/3413/3413
f 3423/3423/3423 3413/3413/3413 3412/3412/3412
f 3431/3431/3431 3430/3430/3430 3417/3417/3417
f 3431/3431/3431 3417/3417/3417 3416/3416/3416
f 3427/3427/3427 3426/3426/3426 3453/3453/3453
f 3427/3427/3427 3453/3453/3453 3452/3452/3452
f 3530/3530/3530 3529/3529/3529 3537/3537/3537
f 3530/3530/3530 3537/3537/3537 3538/3538/3538
f 3539/3539/3539 3540/3540/3540 3541/3541/3541
f 3539/3539/3539 3541/3541/3541 3542/3542/3542
f 3543/3543/3543 3544/3544/3544 3306/3306/3306
f 3543/3543/3543 3306/3306/3306 3305/3305/3305
f 3545/3545/3545 3546/3546/3546 3318/3318/3318
f 3545/3545/3545 3318/3318/3318 3317/3317/3317
f 3547/3547/3547 3548/3548/3548 3473/3473/3473
f 3547/3547/3547 3473/3473/3473 3472/3472/3472
f 3549/3549/3549 3550/3550/3550 3437/3437/3437
f 3549/3549/3549 3437/3437/3437 3436/3436/3436
f 3551/3551/3551 3552/3552/3552 3337/3337/3337
f 3551/3551/3551 3337/3337/3337 3336/3336/3336
f 3553/3553/3553 3554/3554/3554 3349/3349/3349
f 3553/3553/3553 3349/3349/3349 3348/3348/3348
f 3555/3555/3555 3556/3556/3556 3341/3341/3341
f 3555/3555/3555 3341/3341/3341 3340/3340/3340
f 3557/3557/3557 3558/3558/3558 3492/3492/3492
f 3557/3557/3557 3492/3492/3492 3491/3491/3491
f 3559/3559/3559 3560/3560/3560 3369/3369/3369
f 3559/3559/3559 3369/3369/3369 3368/3368/3368
f 3561/3561/3561 3562/3562/3562 3381/3381/3381
f 3561/3561/3561 3381/3381/3381 3380/3380/3380
f 3563/3563/3563 3564/3564/3564 3373/3373/3373
f 3563/3563/3563 3373/3373/3373 3372/3372/3372
f 3565/3565/3565 3566/3566/3566 3465/3465/3465
f 3565/3565/3565 3465/3465/3465 3464/3464/3464
f 3567/3567/3567 3568/3568/3568 3401/3401/3401
f 3567/3567/3567 3401/3401/3401 3400/3400/3400
f 3569/3569/3569 3570/3570/3570 3409/3409/3409
f 3569/3569/3569 3409/3409/3409 3408/3408/3408
f 3571/3571/3571 3572/3572/3572 3405/3405/3405
f 3571/3571/3571 3405/3405/3405 3404/3404/3404
f 3573/3573/3573 3574/3574/3574 3441/3441/3441
f 3573/3573/3573 3441/3441/3441 3440/3440/3440
f 3575/3575/3575 3576/3576/3576 3421/3421/3421
f 3575/3575/3575 3421/3421/3421 3420/3420/3420
f 3577/3577/3577 3578/3578/3578 3429/3429/3429
f 3577/3577/3577 3429/3429/3429 3428/3428/3428
f 3579/3579/3579 3580/3580/3580 3425/3425/3425
f 3579/3579/3579 3425/3425/3425 3424/3424/3424
f 3542/3542/3542 3541/3541/3541 3474/3474/3474
f 3542/3542/3542 3474/3474/3474 3307/3307/3307
f 3581/3581/3581 3582/3582/3582 3583/3583/3583
f 3581/3581/3581 3583/3583/3583 3584/3584/3584
f 3585/3585/3585 3586/3586/3586 3587/3587/3587
f 3585/3585/3585 3587/3587/3587 3588/3588/3588
f 3589/3589/3589 3590/3590/3590 3591/3591/3591
f 3589/3589/3589 3591/3591/3591 3592/3592/3592
f 3593/3593/3593 3594/3594/3594 3595/3595/3595
f 3593/3593/3593 3595/3595/3595 3596/3596/3596
f 3597/3597/3597 3598/3598/3598 3599/3599/3599
f 3597/3597/3597 3599/3599/3599 3600/3600/3600
f 3601/3601/3601 3602/3602/3602 3603/3603/3603
f 3601/3601/3601 3603/3603/3603 3604/3604/3604
f 3605/3605/3605 3606/3606/3606 3607/3607/3607
f 3605/3605/3605 3607/3607/3607 3608/3608/3608
f 3609/3609/3609 3610/3610/3610 3611/3611/3611
f 3609/3609/3609 3611/3611/3611 3612/3612/3612
f 3613/3613/3613 3614/3614/3614 3615/3615/3615
f 3613/3613/3613 3615/3615/3615 3616/3616/3616
f 3617/3617/3617 3618/3618/3618 3619/3619/3619
f 3617/3617/3617 3619/3619/3619 3620/3620/3620
f 3621/3621/3621 3622/3622/3622 3623/3623/3623
f 3621/3621/3621 3623/3623/3623 3624/3624/3624
f 3625/3625/3625 3626/3626/3626 3627/3627/3627
f 3625/3625/3625 3627/3627/3627 3628/3628/3628
f 3629/3629/3629 3630/3630/3630 3620/3620/3620
f 3629/3629/3629 3620/3620/3620 3631/3631/3631
f 3632/3632/3632 3633/3633/3633 3634/3634/3634
f 3632/3632/3632 3634/3634/3634 3635/3635/3635
f 3636/3636/3636 3637/3637/3637 3638/3638/3638
f 3636/3636/3636 3638/3638/3638 3639/3639/3639
f 3640/3640/3640 3641/3641/3641 3642/3642/3642
f 3640/3640/3640 3642/3642/3642 3643/3643/3643
f 3644/3644/3644 3645/3645/3645 3646/3646/3646
f 3644/3644/3644 3646/3646/3646 3647/3647/3647
f 3648/3648/3648 3649/3649/3649 3650/3650/3650
f 3648/3648/3648 3650/3650/3650 3651/3651/3651
f 3652/3652/3652 3653/3653/3653 3654/3654/3654
f 3652/3652/3652 3654/3654/3654 3655/3655/3655
f 3656/3656/3656 3657/3657/3657 3658/3658/3658
f 3656/3656/3656 3658/3658/3658 3659/3659/3659
f 3660/3660/3660 3661/3661/3661 3662/3662/3662
f 3660/3660/3660 3662/3662/3662 3663/3663/3663
f 3664/3664/3664 3665/3665/3665 3666/3666/3666
f 3664/3664/3664 3666/3666/3666 3667/3667/3667
f 3668/3668/3668 3669/3669/3669 3670/3670/3670
f 3668/3668/3668 3670/3670/3670 3671/3671/3671
f 3672/3672/3672 3673/3673/3673 3674/3674/3674
f 3672/3672/3672 3674/3674/3674 3675/3675/3675
f 3676/3676/3676 3677/3677/3677 3678/3678/3678
f 3676/3676/3676 3678/3678/3678 3679/3679/3679
f 3680/3680/3680 3681/3681/3681 3682/3682/3682
f 3680/3680/3680 3682/3682/3682 3683/3683/3683
f 3684/3684/3684 3685/3685/3685 3686/3686/3686
f 3684/3684/3684 3686/3686/3686 3687/3687/3687
f 3688/3688/3688 3689/3689/3689 3690/3690/3690
f 3688/3688/3688 3690/3690/3690 3691/3691/3691
f 3692/3692/3692 3693/3693/3693 3694/3694/3694
f 3692/3692/3692 3694/3694/3694 3695/3695/3695
f 3696/3696/3696 3697/3697/3697 3698/3698/3698
f 3696/3696/3696 3698/3698/3698 3699/3699/3699
f 3700/3700/3700 3701/3701/3701 3702/3702/3702
f 3700/3700/3700 3702/3702/3702 3703/3703/3703
f 3704/3704/3704 3705/3705/3705 3706/3706/3706
f 3704/3704/3704 3706/3706/3706 3707/3707/3707
f 3708/3708/3708 3709/3709/3709 3710/3710/3710
f 3708/3708/3708 3710/3710/3710 3711/3711/3711
f 3712/3712/3712 3713/3713/3713 3714/3714/3714
f 3712/3712/3712 3714/3714/3714 3715/3715/3715
f 3716/3716/3716 3717/3717/3717 3718/3718/3718
f 3716/3716/3716 3718/3718/3718 3719/3719/3719
f 3720/3720/3720 3721/3721/3721 3722/3722/3722
f 3720/3720/3720 3722/3722/3722 3723/3723/3723
f 3724/3724/3724 3725/3725/3725 3726/3726/3726
f 3724/3724/3724 3726/3726/3726 3727/3727/3727
f 3728/3728/3728 3729/3729/3729 3730/3730/3730
f 3728/3728/3728 3730/3730/3730 3731/3731/3731
f 3732/3732/3732 3733/3733/3733 3734/3734/3734
f 3732/3732/3732 3734/3734/3734 3735/3735/3735
f 3736/3736/3736 3737/3737/3737 3738/3738/3738
f 3736/3736/3736 3738/3738/3738 3739/3739/3739
f 3740/3740/3740 3741/3741/3741 3742/3742/3742
f 3740/3740/3740 3742/3742/3742 3743/3743/3743
f 3744/3744/3744 3745/3745/3745 3746/3746/3746
f 3744/3744/3744 3746/3746/3746 3747/3747/3747
f 3748/3748/3748 3749/3749/3749 3750/3750/3750
f 3748/3748/3748 3750/3750/3750 3751/3751/3751
f 3752/3752/3752 3753/3753/3753 3754/3754/3754
f 3752/3752/3752 3754/3754/3754 3755/3755/3755
f 3756/3756/3756 3757/3757/3757 3758/3758/3758
f 3756/3756/3756 3758/3758/3758 3759/3759/3759
f 3760/3760/3760 3761/3761/3761 3762/3762/3762
f 3760/3760/3760 3762/3762/3762 3763/3763/3763
f 3764/3764/3764 3765/3765/3765 3766/3766/3766
f 3764/3764/3764 3766/3766/3766 3767/3767/3767
f 3768/3768/3768 3769/3769/3769 3770/3770/3770
f 3768/3768/3768 3770/3770/3770 3771/3771/3771
f 3772/3772/3772 3773/3773/3773 3774/3774/3774
f 3772/3772/3772 3774/3774/3774 3775/3775/3775
f 3776/3776/3776 3777/3777/3777 3778/3778/3778
f 3776/3776/3776 3778/3778/3778 3779/3779/3779
f 3780/3780/3780 3781/3781/3781 3782/3782/3782
f 3780/3780/3780 3782/3782/3782 3783/3783/3783
f 3784/3784/3784 3785/3785/3785 3631/3631/3631
f 3784/3784/3784 3631/3631/3631 3786/3786/3786
f 3787/3787/3787 3788/3788/3788 3789/3789/3789
f 3787/3787/3787 3789/3789/3789 3790/3790/3790
f 3791/3791/3791 3792/3792/3792 3793/3793/3793
f 3791/3791/3791 3793/3793/3793 3794/3794/3794
f 3795/3795/3795 3796/3796/3796 3797/3797/3797
f 3795/3795/3795 3797/3797/3797 3798/3798/3798
f 3799/3799/3799 3800/3800/3800 3801/3801/3801
f 3799/3799/3799 3801/3801/3801 3802/3802/3802
f 3803/3803/3803 3804/3804/3804 3805/3805/3805
f 3803/3803/3803 3805/3805/3805 3806/3806/3806
f 3807/3807/3807 3808/3808/3808 3809/3809/3809
f 3807/3807/3807 3809/3809/3809 3810/3810/3810
f 3811/3811/3811 3812/3812/3812 3813/3813/3813
f 3811/3811/3811 3813/3813/3813 3814/3814/3814
f 3815/3815/3815 3816/3816/3816 3817/3817/3817
f 3815/3815/3815 3817/3817/3817 3818/3818/3818
f 3819/3819/3819 3820/3820/3820 3821/3821/3821
f 3819/3819/3819 3821/3821/3821 3822/3822/3822
f 3823/3823/3823 3824/3824/3824 3825/3825/3825
f 3823/3823/3823 3825/3825/3825 3826/3826/3826
f 3827/3827/3827 3828/3828/3828 3829/3829/3829
f 3827/3827/3827 3829/3829/3829 3830/3830/3830
f 3831/3831/3831 3832/3832/3832 3833/3833/3833
f 3831/3831/3831 3833/3833/3833 3834/3834/3834
f 3835/3835/3835 3836/3836/3836 3837/3837/3837
f 3835/3835/3835 3837/3837/3837 3838/3838/3838
f 3839/3839/3839 3840/3840/3840 3841/3841/3841
f 3839/3839/3839 3841/3841/3841 3842/3842/3842
f 3843/3843/3843 3844/3844/3844 3614/3614/3614
f 3843/3843/3843 3614/3614/3614 3613/3613/3613
f 3845/3845/3845 3846/3846/3846 3606/3606/3606
f 3845/3845/3845 3606/3606/3606 3605/3605/3605
f 3847/3847/3847 3848/3848/3848 3602/3602/3602
f 3847/3847/3847 3602/3602/3602 3601/3601/3601
f 3751/3751/3751 3750/3750/3750 3610/3610/3610
f 3751/3751/3751 3610/3610/3610 3609/3609/3609
f 3651/3651/3651 3650/3650/3650 3633/3633/3633
f 3651/3651/3651 3633/3633/3633 3632/3632/3632
f 3663/3663/3663 3662/3662/3662 3645/3645/3645
f 3663/3663/3663 3645/3645/3645 3644/3644/3644
f 3655/3655/3655 3654/3654/3654 3761/3761/3761
f 3655/3655/3655 3761/3761/3761 3760/3760/3760
f 3806/3806/3806 3805/3805/3805 3641/3641/3641
f 3806/3806/3806 3641/3641/3641 3640/3640/3640
f 3683/3683/3683 3682/3682/3682 3665/3665/3665
f 3683/3683/3683 3665/3665/3665 3664/3664/3664
f 3695/3695/3695 3694/3694/3694 3677/3677/3677
f 3695/3695/3695 3677/3677/3677 3676/3676/3676
f 3687/3687/3687 3686/3686/3686 3812/3812/3812
f 3687/3687/3687 3812/3812/3812 3811/3811/3811
f 3779/3779/3779 3778/3778/3778 3673/3673/3673
f 3779/3779/3779 3673/3673/3673 3672/3672/3672
f 3715/3715/3715 3714/3714/3714 3697/3697/3697
f 3715/3715/3715 3697/3697/3697 3696/3696/3696
f 3723/3723/3723 3722/3722/3722 3709/3709/3709
f 3723/3723/3723 3709/3709/3709 3708/3708/3708
f 3719/3719/3719 3718/3718/3718 3788/3788/3788
f 3719/3719/3719 3788/3788/3788 3787/3787/3787
f 3755/3755/3755 3754/3754/3754 3705/3705/3705
f 3755/3755/3755 3705/3705/3705 3704/3704/3704
f 3735/3735/3735 3734/3734/3734 3725/3725/3725
f 3735/3735/3735 3725/3725/3725 3724/3724/3724
f 3743/3743/3743 3742/3742/3742 3729/3729/3729
f 3743/3743/3743 3729/3729/3729 3728/3728/3728
f 3739/3739/3739 3738/3738/3738 3765/3765/3765
f 3739/3739/3739 3765/3765/3765 3764/3764/3764
f 3842/3842/3842 3841/3841/3841 3849/3849/3849
f 3842/3842/3842 3849/3849/3849 3850/3850/3850
f 3851/3851/3851 3852/3852/3852 3853/3853/3853
f 3851/3851/3851 3853/3853/3853 3854/3854/3854
f 3855/3855/3855 3856/3856/3856 3618/3618/3618
f 3855/3855/3855 3618/3618/3618 3617/3617/3617
f 3857/3857/3857 3858/3858/3858 3630/3630/3630
f 3857/3857/3857 3630/3630/3630 3629/3629/3629
f 3859/3859/3859 3860/3860/3860 3785/3785/3785
f 3859/3859/3859 3785/3785/3785 3784/3784/3784
f 3861/3861/3861 3862/3862/3862 3749/3749/3749
f 3861/3861/3861 3749/3749/3749 3748/3748/3748
f 3863/3863/3863 3864/3864/3864 3649/3649/3649
f 3863/3863/3863 3649/3649/3649 3648/3648/3648
f 3865/3865/3865 3866/3866/3866 3661/3661/3661
f 3865/3865/3865 3661/3661/3661 3660/3660/3660
f 3867/3867/3867 3868/3868/3868 3653/3653/3653
f 3867/3867/3867 3653/3653/3653 3652/3652/3652
f 3869/3869/3869 3870/3870/3870 3804/3804/3804
f 3869/3869/3869 3804/3804/3804 3803/3803/3803
f 3871/3871/3871 3872/3872/3872 3681/3681/3681
f 3871/3871/3871 3681/3681/3681 3680/3680/3680
f 3873/3873/3873 3874/3874/3874 3693/3693/3693
f 3873/3873/3873 3693/3693/3693 3692/3692/3692
f 3875/3875/3875 3876/3876/3876 3685/3685/3685
f 3875/3875/3875 3685/3685/3685 3684/3684/3684
f 3877/3877/3877 3878/3878/3878 3777/3777/3777
f 3877/3877/3877 3777/3777/3777 3776/3776/3776
f 3879/3879/3879 3880/3880/3880 3713/3713/3713
f 3879/3879/3879 3713/3713/3713 3712/3712/3712
f 3881/3881/3881 3882/3882/3882 3721/3721/3721
f 3881/3881/3881 3721/3721/3721 3720/3720/3720
f 3883/3883/3883 3884/3884/3884 3717/3717/3717
f 3883/3883/3883 3717/3717/3717 3716/3716/3716
f 3885/3885/3885 3886/3886/3886 3753/3753/3753
f 3885/3885/3885 3753/3753/3753 3752/3752/3752
f 3887/3887/3887 3888/3888/3888 3733/3733/3733
f 3887/3887/3887 3733/3733/3733 3732/3732/3732
f 3889/3889/3889 3890/3890/3890 3741/3741/3741
f 3889/3889/3889 3741/3741/3741 3740/3740/3740
f 3891/3891/3891 3892/3892/3892 3737/3737/3737
f 3891/3891/3891 3737/3737/3737 3736/3736/3736
f 3854/3854/3854 3853/3853/3853 3786/3786/3786
f 3854/3854/3854 3786/3786/3786 3619/3619/3619
f 3893/3893/3893 3894/3894/3894 3895/3895/3895
f 3893/3893/3893 3895/3895/3895 3896/3896/3896
f 3897/3897/3897 3898/3898/3898 3899/3899/3899
f 3897/3897/3897 3899/3899/3899 3900/3900/3900
f 3901/3901/3901 3902/3902/3902 3903/3903/3903
f 3901/3901/3901 3903/3903/3903 3904/3904/3904
f 3905/3905/3905 3906/3906/3906 3907/3907/3907
f 3905/3905/3905 3907/3907/3907 3908/3908/3908
f 3909/3909/3909 3910/3910/3910 3911/3911/3911
f 3909/3909/3909 3911/3911/3911 3912/3912/3912
f 3913/3913/3913 3914/3914/3914 3915/3915/3915
f 3913/3913/3913 3915/3915/3915 3916/3916/3916
f 3917/3917/3917 3918/3918/3918 3919/3919/3919
f 3917/3917/3917 3919/3919/3919 3920/3920/3920
f 3921/3921/3921 3922/3922/3922 3923/3923/3923
f 3921/3921/3921 3923/3923/3923 3924/3924/3924
f 3925/3925/3925 3926/3926/3926 3927/3927/3927
f 3925/3925/3925 3927/3927/3927 3928/3928/3928
f 3929/3929/3929 3930/3930/3930 3931/3931/3931
f 3929/3929/3929 3931/3931/3931 3932/3932/3932
f 3933/3933/3933 3934/3934/3934 3935/3935/3935
f 3933/3933/3933 3935/3935/3935 3936/3936/3936
f 3937/3937/3937 3938/3938/3938 3939/3939/3939
f 3937/3937/3937 3939/3939/3939 3940/3940/3940
f 3941/3941/3941 3942/3942/3942 3932/3932/3932
f 3941/3941/3941 3932/3932/3932 3943/3943/3943
f 3944/3944/3944 3945/3945/3945 3946/3946/3946
f 3944/3944/3944 3946/3946/3946 3947/3947/3947
f 3948/3948/3948 3949/3949/3949 3950/3950/3950
f 3948/3948/3948 3950/3950/3950 3951/3951/3951
f 3952/3952/3952 3953/3953/3953 3954/3954/3954
f 3952/3952/3952 3954/3954/3954 3955/3955/3955
f 3956/3956/3956 3957/3957/3957 3958/3958/3958
f 3956/3956/3956 3958/3958/3958 3959/3959/3959
f 3960/3960/3960 3961/3961/3961 3962/3962/3962
f 3960/3960/3960 3962/3962/3962 3963/3963/3963
f 3964/3964/3964 3965/3965/3965 3966/3966/3966
f 3964/3964/3964 3966/3966/3966 3967/3967/3967
f 3968/3968/3968 3969/3969/3969 3970/3970/3970
f 3968/3968/3968 3970/3970/3970 3971/3971/3971
f 3972/3972/3972 3973/3973/3973 3974/3974/3974
f 3972/3972/3972 3974/3974/3974 3975/3975/3975
f 3976/3976/3976 3977/3977/3977 3978/3978/3978
f 3976/3976/3976 3978/3978/3978 3979/3979/3979
f 3980/3980/3980 3981/3981/3981 3982/3982/3982
f 3980/3980/3980 3982/3982/3982 3983/3983/3983
f 3984/3984/3984 3985/3985/3985 3986/3986/3986
f 3984/3984/3984 3986/3986/3986 3987/3987/3987
f 3988/3988/3988 3989/3989/3989 3990/3990/3990
f 3988/3988/3988 3990/3990/3990 3991/3991/3991
f 3992/3992/3992 3993/3993/3993 3994/3994/3994
f 3992/3992/3992 3994/3994/3994 3995/3995/3995
f 3996/3996/3996 3997/3997/3997 3998/3998/3998
f 3996/3996/3996 3998/3998/3998 3999/3999/3999
f 4000/4000/4000 4001/4001/4001 4002/4002/4002
f 4000/4000/4000 4002/4002/4002 4003/4003/4003
f 4004/4004/4004 4005/4005/4005 4006/4006/4006
f 4004/4004/4004 4006/4006/4006 4007/4007/4007
f 4008/4008/4008 4009/4009/4009 4010/4010/4010
f 4008/4008/4008 4010/4010/4010 4011/4011/4011
f 4012/4012/4012 4013/4013/4013 4014/4014/4014
f 4012/4012/4012 4014/4014/4014 4015/4015/4015
f 4016/4016/4016 4017/4017/4017 4018/4018/4018
f 4016/4016/4016 4018/4018/4018 4019/4019/4019
f 4020/4020/4020 4021/4021/4021 4022/4022/4022
f 4020/4020/4020 4022/4022/4022 4023/4023/4023
f 4024/4024/4024 4025/4025/4025 4026/4026/4026
f 4024/4024/4024 4026/4026/4026 4027/4027/4027
f 4028/4028/4028 4029/4029/4029 4030/4030/4030
f 4028/4028/4028 4030/4030/4030 4031/4031/4031
f 4032/4032/4032 4033/4033/4033 4034/4034/4034
f 4032/4032/4032 4034/4034/4034 4035/4035/4035
f 4036/4036/4036 4037/4037/4037 4038/4038/4038
f 4036/4036/4036 4038/4038/4038 4039/4039/4039
f 4040/4040/4040 4041/4041/4041 4042/4042/4042
f 4040/4040/4040 4042/4042/4042 4043/4043/4043
f 4044/4044/4044 4045/4045/4045 4046/4046/4046
f 4044/4044/4044 4046/4046/4046 4047/4047/4047
f 4048/4048/4048 4049/4049/4049 4050/4050/4050
f 4048/4048/4048 4050/4050/4050 4051/4051/4051
f 4052/4052/4052 4053/4053/4053 4054/4054/4054
f 4052/4052/4052 4054/4054/4054 4055/4055/4055
f 4056/4056/4056 4057/4057/4057 4058/4058/4058
f 4056/4056/4056 4058/4058/4058 4059/4059/4059
f 4060/4060/4060 4061/4061/4061 4062/4062/4062
f 4060/4060/4060 4062/4062/4062 4063/4063/4063
f 4064/4064/4064 4065/4065/4065 4066/4066/4066
f 4064/4064/4064 4066/4066/4066 4067/4067/4067
f 4068/4068/4068 4069/4069/4069 4070/4070/4070
f 4068/4068/4068 4070/4070/4070 4071/4071/4071
f 4072/4072/4072 4073/4073/4073 4074/4074/4074
f 4072/4072/4072 4074/4074/4074 4075/4075/4075
f 4076/4076/4076 4077/4077/4077 4078/4078/4078
f 4076/4076/4076 4078/4078/4078 4079/4079/4079
f 4080/4080/4080 4081/4081/4081 4082/4082/4082
f 4080/4080/4080 4082/4082/4082 4083/4083/4083
f 4084/4084/4084 4085/4085/4085 4086/4086/4086
f 4084/4084/4084 4086/4086/4086 4087/4087/4087
f 4088/4088/4088 4089/4089/4089 4090/4090/4090
f 4088/4088/4088 4090/4090/4090 4091/4091/4091
f 4092/4092/4092 4093/4093/4093 4094/4094/4094
f 4092/4092/4092 4094/4094/4094 4095/4095/4095
f 4096/4096/4096 4097/4097/4097 3943/3943/3943
f 4096/4096/4096 3943/3943/3943 4098/4098/4098
f 4099/4099/4099 4100/4100/4100 4101/4101/4101
f 4099/4099/4099 4101/4101/4101 4102/4102/4102
f 4103/4103/4103 4104/4104/4104 4105/4105/4105
f 4103/4103/4103 4105/4105/4105 4106/4106/4106
f 4107/4107/4107 4108/4108/4108 4109/4109/4109
f 4107/4107/4107 4109/4109/4109 4110/4110/4110
f 4111/4111/4111 4112/4112/4112 4113/4113/4113
f 4111/4111/4111 4113/4113/4113 4114/4114/4114
f 4115/4115/4115 4116/4116/4116 4117/4117/4117
f 4115/4115/4115 4117/4117/4117 4118/4118/4118
f 4119/4119/4119 4120/4120/4120 4121/4121/4121
f 4119/4119/4119 4121/4121/4121 4122/4122/4122
f 4123/4123/4123 4124/4124/4124 4125/4125/4125
f 4123/4123/4123 4125/4125/4125 4126/4126/4126
f 4127/4127/4127 4128/4128/4128 4129/4129/4129
f 4127/4127/4127 4129/4129/4129 4130/4130/4130
f 4131/4131/4131 4132/4132/4132 4133/4133/4133
f 4131/4131/4131 4133/4133/4133 4134/4134/4134
f 4135/4135/4135 4136/4136/4136 4137/4137/4137
f 4135/4135/4135 4137/4137/4137 4138/4138/4138
f 4139/4139/4139 4140/4140/4140 4141/4141/4141
f 4139/4139/4139 4141/4141/4141 4142/4142/4142
f 4143/4143/4143 4144/4144/4144 4145/4145/4145
f 4143/4143/4143 4145/4145/4145 4146/4146/4146
f 4147/4147/4147 4148/4148/4148 4149/4149/4149
f 4147/4147/4147 4149/4149/4149 4150/4150/4150
f 4151/4151/4151 4152/4152/4152 4153/4153/4153
f 4151/4151/4151 4153/4153/4153 4154/4154/4154
f 4155/4155/4155 4156/4156/4156 3926/3926/3926
f 4155/4155/4155 3926/3926/3926 3925/3925/3925
f 4157/4157/4157 4158/4158/4158 3918/3918/3918
f 4157/4157/4157 3918/3918/3918 3917/3917/3917
f 4159/4159/4159 4160/4160/4160 3914/3914/3914
f 4159/4159/4159 3914/3914/3914 3913/3913/3913
f 4063/4063/4063 4062/4062/4062 3922/3922/3922
f 4063/4063/4063 3922/3922/3922 3921/3921/3921
f 3963/3963/3963 3962/3962/3962 3945/3945/3945
f 3963/3963/3963 3945/3945/3945 3944/3944/3944
f 3975/3975/3975 3974/3974/3974 3957/3957/3957
f 3975/3975/3975 3957/3957/3957 3956/3956/3956
f 3967/3967/3967 3966/3966/3966 4073/4073/4073
f 3967/3967/3967 4073/4073/4073 4072/4072/4072
f 4118/4118/4118 4117/4117/4117 3953/3953/3953
f 4118/4118/4118 3953/3953/3953 3952/3952/3952
f 3995/3995/3995 3994/3994/3994 3977/3977/3977
f 3995/3995/3995 3977/3977/3977 3976/3976/3976
f 4007/4007/4007 4006/4006/4006 3989/3989/3989
f 4007/4007/4007 3989/3989/3989 3988/3988/3988
f 3999/3999/3999 3998/3998/3998 4124/4124/4124
f 3999/3999/3999 4124/4124/4124 4123/4123/4123
f 4091/4091/4091 4090/4090/4090 3985/3985/3985
f 4091/4091/4091 3985/3985/3985 3984/3984/3984
f 4027/4027/4027 4026/4026/4026 4009/4009/4009
f 4027/4027/4027 4009/4009/4009 4008/4008/4008
f 4035/4035/4035 4034/4034/4034 4021/4021/4021
f 4035/4035/4035 4021/4021/4021 4020/4020/4020
f 4031/4031/4031 4030/4030/4030 4100/4100/4100
f 4031/4031/4031 4100/4100/4100 4099/4099/4099
f 4067/4067/4067 4066/4066/4066 4017/4017/4017
f 4067/4067/4067 4017/4017/4017 4016/4016/4016
f 4047/4047/4047 4046/4046/4046 4037/4037/4037
f 4047/4047/4047 4037/4037/4037 4036/4036/4036
f 4055/4055/4055 4054/4054/4054 4041/4041/4041
f 4055/4055/4055 4041/4041/4041 4040/4040/4040
f 4051/4051/4051 4050/4050/4050 4077/4077/4077
f 4051/4051/4051 4077/4077/4077 4076/4076/4076
f 4154/4154/4154 4153/4153/4153 4161/4161/4161
f 4154/4154/4154 4161/4161/4161 4162/4162/4162
f 4163/4163/4163 4164/4164/4164 4165/4165/4165
f 4163/4163/4163 4165/4165/4165 4166/4166/4166
f 4167/4167/4167 4168/4168/4168 3930/3930/3930
f 4167/4167/4167 3930/3930/3930 3929/3929/3929
f 4169/4169/4169 4170/4170/4170 3942/3942/3942
f 4169/4169/4169 3942/3942/3942 3941/3941/3941
f 4171/4171/4171 4172/4172/4172 4097/4097/4097
f 4171/4171/4171 4097/4097/4097 4096/4096/4096
f 4173/4173/4173 4174/4174/4174 4061/4061/4061
f 4173/4173/4173 4061/4061/4061 4060/4060/4060
f 4175/4175/4175 4176/4176/4176 3961/3961/3961
f 4175/4175/4175 3961/3961/3961 3960/3960/3960
f 4177/4177/4177 4178/4178/4178 3973/3973/3973
f 4177/4177/4177 3973/3973/3973 3972/3972/3972
f 4179/4179/4179 4180/4180/4180 3965/3965/3965
f 4179/4179/4179 3965/3965/3965 3964/3964/3964
f 4181/4181/4181 4182/4182/4182 4116/4116/4116
f 4181/4181/4181 4116/4116/4116 4115/4115/4115
f 4183/4183/4183 4184/4184/4184 3993/3993/3993
f 4183/4183/4183 3993/3993/3993 3992/3992/3992
f 4185/4185/4185 4186/4186/4186 4005/4005/4005
f 4185/4185/4185 4005/4005/4005 4004/4004/4004
f 4187/4187/4187 4188/4188/4188 3997/3997/3997
f 4187/4187/4187 3997/3997/3997 3996/3996/3996
f 4189/4189/4189 4190/4190/4190 4089/4089/4089
f 4189/4189/4189 4089/4089/4089 4088/4088/4088
f 4191/4191/4191 4192/4192/4192 4025/4025/4025
f 4191/4191/4191 4025/4025/4025 4024/4024/4024
f 4193/4193/4193 4194/4194/4194 4033/4033/4033
f 4193/4193/4193 4033/4033/4033 4032/4032/4032
f 4195/4195/4195 4196/4196/4196 4029/4029/4029
f 4195/4195/4195 4029/4029/4029 4028/4028/4028
f 4197/4197/4197 4198/4198/4198 4065/4065/4065
f 4197/4197/4197 4065/4065/4065 4064/4064/4064
f 4199/4199/4199 4200/4200/4200 4045/4045/4045
f 4199/4199/4199 4045/4045/4045 4044/4044/4044
f 4201/4201/4201 4202/4202/4202 4053/4053/4053
f 4201/4201/4201 4053/4053/4053 4052/4052/4052
f 4203/4203/4203 4204/4204/4204 4049/4049/4049
f 4203/4203/4203 4049/4049/4049 4048/4048/4048
f 4166/4166/4166 4165/4165/4165 4098/4098/4098
f 4166/4166/4166 4098/4098/4098 3931/3931/3931
f 4205/4205/4205 4206/4206/4206 4207/4207/4207
f 4205/4205/4205 4207/4207/4207 4208/4208/4208
f 4209/4209/4209 4210/4210/4210 4211/4211/4211
f 4209/4209/4209 4211/4211/4211 4212/4212/4212
f 4213/4213/4213 4214/4214/4214 4215/4215/4215
f 4213/4213/4213 4215/4215/4215 4216/4216/4216
f 4217/4217/4217 4218/4218/4218 4219/4219/4219
f 4217/4217/4217 4219/4219/4219 4220/4220/4220
f 4221/4221/4221 4222/4222/4222 4223/4223/4223
f 4221/4221/4221 4223/4223/4223 4224/4224/4224
f 4225/4225/4225 4226/4226/4226 4227/4227/4227
f 4225/4225/4225 4227/4227/4227 4228/4228/4228
f 4229/4229/4229 4230/4230/4230 4231/4231/4231
f 4229/4229/4229 4231/4231/4231 4232/4232/4232
f 4233/4233/4233 4234/4234/4234 4235/4235/4235
f 4233/4233/4233 4235/4235/4235 4236/4236/4236
f 4237/4237/4237 4238/4238/4238 4239/4239/4239
f 4237/4237/4237 4239/4239/4239 4240/4240/4240
f 4241/4241/4241 4242/4242/4242 4243/4243/4243
f 4241/4241/4241 4243/4243/4243 4244/4244/4244
f 4245/4245/4245 4246/4246/4246 4247/4247/4247
f 4245/4245/4245 4247/4247/4247 4248/4248/4248
f 4249/4249/4249 4250/4250/4250 4251/4251/4251
f 4249/4249/4249 4251/4251/4251 4252/4252/4252
f 4253/4253/4253 4254/4254/4254 4244/4244/4244
f 4253/4253/4253 4244/4244/4244 4255/4255/4255
f 4256/4256/4256 4257/4257/4257 4258/4258/4258
f 4256/4256/4256 4258/4258/4258 4259/4259/4259
f 4260/4260/4260 4261/4261/4261 4262/4262/4262
f 4260/4260/4260 4262/4262/4262 4263/4263/4263
f 4264/4264/4264 4265/4265/4265 4266/4266/4266
f 4264/4264/4264 4266/4266/4266 4267/4267/4267
f 4268/4268/4268 4269/4269/4269 4270/4270/4270
f 4268/4268/4268 4270/4270/4270 4271/4271/4271
f 4272/4272/4272 4273/4273/4273 4274/4274/4274
f 4272/4272/4272 4274/4274/4274 4275/4275/4275
f 4276/4276/4276 4277/4277/4277 4278/4278/4278
f 4276/4276/4276 4278/4278/4278 4279/4279/4279
f 4280/4280/4280 4281/4281/4281 4282/4282/4282
f 4280/4280/4280 4282/4282/4282 4283/4283/4283
f 4284/4284/4284 4285/4285/4285 4286/4286/4286
f 4284/4284/4284 4286/4286/4286 4287/4287/4287
f 4288/4288/4288 4289/4289/4289 4290/4290/4290
f 4288/4288/4288 4290/4290/4290 4291/4291/4291
f 4292/4292/4292 4293/4293/4293 4294/4294/4294
f 4292/4292/4292 4294/4294/4294 4295/4295/4295
f 4296/4296/4296 4297/4297/4297 4298/4298/4298
f 4296/4296/4296 4298/4298/4298 4299/4299/4299
f 4300/4300/4300 4301/4301/4301 4302/4302/4302
f 4300/4300/4300 4302/4302/4302 4303/4303/4303
f 4304/4304/4304 4305/4305/4305 4306/4306/4306
f 4304/4304/4304 4306/4306/4306 4307/4307/4307
f 4308/4308/4308 4309/4309/4309 4310/4310/4310
f 4308/4308/4308 4310/4310/4310 4311/4311/4311
f 4312/4312/4312 4313/4313/4313 4314/4314/4314
f 4312/4312/4312 4314/4314/4314 4315/4315/4315
f 4316/4316/4316 4317/4317/4317 4318/4318/4318
f 4316/4316/4316 4318/4318/4318 4319/4319/4319
f 4320/4320/4320 4321/4321/4321 4322/4322/4322
f 4320/4320/4320 4322/4322/4322 4323/4323/4323
f 4324/4324/4324 4325/4325/4325 4326/4326/4326
f 4324/4324/4324 4326/4326/4326 4327/4327/4327
f 4328/4328/4328 4329/4329/4329 4330/4330/4330
f 4328/4328/4328 4330/4330/4330 4331/4331/4331
f 4332/4332/4332 4333/4333/4333 4334/4334/4334
f 4332/4332/4332 4334/4334/4334 4335/4335/4335
f 4336/4336/4336 4337/4337/4337 4338/4338/4338
f 4336/4336/4336 4338/4338/4338 4339/4339/4339
f 4340/4340/4340 4341/4341/4341 4342/4342/4342
f 4340/4340/4340 4342/4342/4342 4343/4343/4343
f 4344/4344/4344 4345/4345/4345 4346/4346/4346
f 4344/4344/4344 4346/4346/4346 4347/4347/4347
f 4348/4348/4348 4349/4349/4349 4350/4350/4350
f 4348/4348/4348 4350/4350/4350 4351/4351/4351
f 4352/4352/4352 4353/4353/4353 4354/4354/4354
f 4352/4352/4352 4354/4354/4354 4355/4355/4355
f 4356/4356/4356 4357/4357/4357 4358/4358/4358
f 4356/4356/4356 4358/4358/4358 4359/4359/4359
f 4360/4360/4360 4361/4361/4361 4362/4362/4362
f 4360/4360/4360 4362/4362/4362 4363/4363/4363
f 4364/4364/4364 4365/4365/4365 4366/4366/4366
f 4364/4364/4364 4366/4366/4366 4367/4367/4367
f 4368/4368/4368 4369/4369/4369 4370/4370/4370
f 4368/4368/4368 4370/4370/4370 4371/4371/4371
f 4372/4372/4372 4373/4373/4373 4374/4374/4374
f 4372/4372/4372 4374/4374/4374 4375/4375/4375
f 4376/4376/4376 4377/4377/4377 4378/4378/4378
f 4376/4376/4376 4378/4378/4378 4379/4379/4379
f 4380/4380/4380 4381/4381/4381 4382/4382/4382
f 4380/4380/4380 4382/4382/4382 4383/4383/4383
f 4384/4384/4384 4385/4385/4385 4386/4386/4386
f 4384/4384/4384 4386/4386/4386 4387/4387/4387
f 4388/4388/4388 4389/4389/4389 4390/4390/4390
f 4388/4388/4388 4390/4390/4390 4391/4391/4391
f 4392/4392/4392 4393/4393/4393 4394/4394/4394
f 4392/4392/4392 4394/4394/4394 4395/4395/4395
f 4396/4396/4396 4397/4397/4397 4398/4398/4398
f 4396/4396/4396 4398/4398/4398 4399/4399/4399
f 4400/4400/4400 4401/4401/4401 4402/4402/4402
f 4400/4400/4400 4402/4402/4402 4403/4403/4403
f 4404/4404/4404 4405/4405/4405 4406/4406/4406
f 4404/4404/4404 4406/4406/4406 4407/4407/4407
f 4408/4408/4408 4409/4409/4409 4255/4255/4255
f 4408/4408/4408 4255/4255/4255 4410/4410/4410
f 4411/4411/4411 4412/4412/4412 4413/4413/4413
f 4411/4411/4411 4413/4413/4413 4414/4414/4414
f 4415/4415/4415 4416/4416/4416 4417/4417/4417
f 4415/4415/4415 4417/4417/4417 4418/4418/4418
f 4419/4419/4419 4420/4420/4420 4421/4421/4421
f 4419/4419/4419 4421/4421/4421 4422/4422/4422
f 4423/4423/4423 4424/4424/4424 4425/4425/4425
f 4423/4423/4423 4425/4425/4425 4426/4426/4426
f 4427/4427/4427 4428/4428/4428 4429/4429/4429
f 4427/4427/4427 4429/4429/4429 4430/4430/4430
f 4431/4431/4431 4432/4432/4432 4433/4433/4433
f 4431/4431/4431 4433/4433/4433 4434/4434/4434
f 4435/4435/4435 4436/4436/4436 4437/4437/4437
f 4435/4435/4435 4437/4437/4437 4438/4438/4438
f 4439/4439/4439 4440/4440/4440 4441/4441/4441
f 4439/4439/4439 4441/4441/4441 4442/4442/4442
f 4443/4443/4443 4444/4444/4444 4445/4445/4445
f 4443/4443/4443 4445/4445/4445 4446/4446/4446
f 4447/4447/4447 4448/4448/4448 4449/4449/4449
f 4447/4447/4447 4449/4449/4449 4450/4450/4450
f 4451/4451/4451 4452/4452/4452 4453/4453/4453
f 4451/4451/4451 4453/4453/4453 4454/4454/4454
f 4455/4455/4455 4456/4456/4456 4457/4457/4457
f 4455/4455/4455 4457/4457/4457 4458/4458/4458
f 4459/4459/4459 4460/4460/4460 4461/4461/4461
f 4459/4459/4459 4461/4461/4461 4462/4462/4462
f 4463/4463/4463 4464/4464/4464 4465/4465/4465
f 4463/4463/4463 4465/4465/4465 4466/4466/4466
f 4467/4467/4467 4468/4468/4468 4238/4238/4238
f 4467/4467/4467 4238/4238/4238 4237/4237/4237
f 4469/4469/4469 4470/4470/4470 4230/4230/4230
f 4469/4469/4469 4230/4230/4230 4229/4229/4229
f 4471/4471/4471 4472/4472/4472 4226/4226/4226
f 4471/4471/4471 4226/4226/4226 4225/4225/4225
f 4375/4375/4375 4374/4374/4374 4234/4234/4234
f 4375/4375/4375 4234/4234/4234 4233/4233/4233
f 4275/4275/4275 4274/4274/4274 4257/4257/4257
f 4275/4275/4275 4257/4257/4257 4256/4256/4256
f 4287/4287/4287 4286/4286/4286 4269/4269/4269
f 4287/4287/4287 4269/4269/4269 4268/4268/4268
f 4279/4279/4279 4278/4278/4278 4385/4385/4385
f 4279/4279/4279 4385/4385/4385 4384/4384/4384
f 4430/4430/4430 4429/4429/4429 4265/4265/4265
f 4430/4430/4430 4265/4265/4265 4264/4264/4264
f 4307/4307/4307 4306/4306/4306 4289/4289/4289
f 4307/4307/4307 4289/4289/4289 4288/4288/4288
f 4319/4319/4319 4318/4318/4318 4301/4301/4301
f 4319/4319/4319 4301/4301/4301 4300/4300/4300
f 4311/4311/4311 4310/4310/4310 4436/4436/4436
f 4311/4311/4311 4436/4436/4436 4435/4435/4435
f 4403/4403/4403 4402/4402/4402 4297/4297/4297
f 4403/4403/4403 4297/4297/4297 4296/4296/4296
f 4339/4339/4339 4338/4338/4338 4321/4321/4321
f 4339/4339/4339 4321/4321/4321 4320/4320/4320
f 4347/4347/4347 4346/4346/4346 4333/4333/4333
f 4347/4347/4347 4333/4333/4333 4332/4332/4332
f 4343/4343/4343 4342/4342/4342 4412/4412/4412
f 4343/4343/4343 4412/4412/4412 4411/4411/4411
f 4379/4379/4379 4378/4378/4378 4329/4329/4329
f 4379/4379/4379 4329/4329/4329 4328/4328/4328
f 4359/4359/4359 4358/4358/4358 4349/4349/4349
f 4359/4359/4359 4349/4349/4349 4348/4348/4348
f 4367/4367/4367 4366/4366/4366 4353/4353/4353
f 4367/4367/4367 4353/4353/4353 4352/4352/4352
f 4363/4363/4363 4362/4362/4362 4389/4389/4389
f 4363/4363/4363 4389/4389/4389 4388/4388/4388
f 4466/4466/4466 4465/4465/4465 4473/4473/4473
f 4466/4466/4466 4473/4473/4473 4474/4474/4474
f 4475/4475/4475 4476/4476/4476 4477/4477/4477
f 4475/4475/4475 4477/4477/4477 4478/4478/4478
f 4479/4479/4479 4480/4480/4480 4242/4242/4242
f 4479/4479/4479 4242/4242/4242 4241/4241/4241
f 4481/4481/4481 4482/4482/4482 4254/4254/4254
f 4481/4481/4481 4254/4254/4254 4253/4253/4253
f 4483/4483/4483 4484/4484/4484 4409/4409/4409
f 4483/4483/4483 4409/4409/4409 4408/4408/4408
f 4485/4485/4485 4486/4486/4486 4373/4373/4373
f 4485/4485/4485 4373/4373/4373 4372/4372/4372
f 4487/4487/4487 4488/4488/4488 4273/4273/4273
f 4487/4487/4487 4273/4273/4273 4272/4272/4272
f 4489/4489/4489 4490/4490/4490 4285/4285/4285
f 4489/4489/4489 4285/4285/4285 4284/4284/4284
f 4491/4491/4491 4492/4492/4492 4277/4277/4277
f 4491/4491/4491 4277/4277/4277 4276/4276/4276
f 4493/4493/4493 4494/4494/4494 4428/4428/4428
f 4493/4493/4493 4428/4428/4428 4427/4427/4427
f 4495/4495/4495 4496/4496/4496 4305/4305/4305
f 4495/4495/4495 4305/4305/4305 4304/4304/4304
f 4497/4497/4497 4498/4498/4498 4317/4317/4317
f 4497/4497/4497 4317/4317/4317 4316/4316/4316
f 4499/4499/4499 4500/4500/4500 4309/4309/4309
f 4499/4499/4499 4309/4309/4309 4308/4308/4308
f 4501/4501/4501 4502/4502/4502 4401/4401/4401
f 4501/4501/4501 4401/4401/4401 4400/4400/4400
f 4503/4503/4503 4504/4504/4504 4337/4337/4337
f 4503/4503/4503 4337/4337/4337 4336/4336/4336
f 4505/4505/4505 4506/4506/4506 4345/4345/4345
f 4505/4505/4505 4345/4345/4345 4344/4344/4344
f 4507/4507/4507 4508/4508/4508 4341/4341/4341
f 4507/4507/4507 4341/4341/4341 4340/4340/4340
f 4509/4509/4509 4510/4510/4510 4377/4377/4377
f 4509/4509/4509 4377/4377/4377 4376/4376/4376
f 4511/4511/4511 4512/4512/4512 4357/4357/4357
f 4511/4511/4511 4357/4357/4357 4356/4356/4356
f 4513/4513/4513 4514/4514/4514 4365/4365/4365
f 4513/4513/4513 4365/4365/4365 4364/4364/4364
f 4515/4515/4515 4516/4516/4516 4361/4361/4361
f 4515/4515/4515 4361/4361/4361 4360/4360/4360
f 4478/4478/4478 4477/4477/4477 4410/4410/4410
f 4478/4478/4478 4410/4410/4410 4243/4243/4243
f 4517/4517/4517 4518/4518/4518 4519/4519/4519
f 4517/4517/4517 4519/4519/4519 4520/4520/4520
f 4521/4521/4521 4522/4522/4522 4523/4523/4523
f 4521/4521/4521 4523/4523/4523 4524/4524/4524
f 4525/4525/4525 4526/4526/4526 4527/4527/4527
f 4525/4525/4525 4527/4527/4527 4528/4528/4528
f 4529/4529/4529 4530/4530/4530 4531/4531/4531
f 4529/4529/4529 4531/4531/4531 4532/4532/4532
f 4533/4533/4533 4534/4534/4534 4535/4535/4535
f 4533/4533/4533 4535/4535/4535 4536/4536/4536
