mtllib Prop_Walls_Ref.mtl
o Object_12
g Object_12
usemtl Wall_1
v -486.1603 217.3869 707.2138
v -486.1603 -11.9007 707.2138
v -1649.4740 -11.9007 707.2138
v -1649.4740 217.3868 707.2138
v -132.4371 200.2216 -188.6564
v 102.8954 200.2216 -188.6564
v 102.8954 274.6957 -188.6564
v -132.4371 274.6957 -188.6564
v -132.4371 -11.9008 -188.6564
v 102.8954 -11.9008 -188.6564
v 238.2725 -11.9008 185.2232
v 238.2725 200.2216 185.2232
v 238.2725 200.2216 -113.9180
v 238.2725 -11.9008 -113.9180
v 238.2725 274.6957 185.2232
v 238.2725 274.6957 -113.9180
v -486.1603 217.3869 707.2138
v -486.1603 274.6956 707.2138
v 677.1538 274.6956 707.2138
v 677.1538 217.3869 707.2138
v 102.3952 217.3868 317.9302
v 102.8954 217.5333 317.5766
v 102.8957 217.3869 317.6415
v 102.7485 217.2404 317.9302
v 103.3955 217.8869 317.4302
v 103.0422 217.3872 317.5766
v 102.8954 216.8868 317.9302
v -131.9370 217.3868 317.9302
v -132.2899 217.2404 317.9302
v -132.4375 217.3869 317.6415
v -132.4371 217.5333 317.5766
v -132.4371 216.8868 317.9302
v -132.5840 217.3872 317.5766
v -132.9372 217.8869 317.4302
v 102.3952 217.3868 347.3648
v 102.7485 217.2404 347.3648
v 102.8957 217.3869 347.6534
v 102.8950 217.5333 347.7183
v 102.8954 216.8868 347.3648
v 103.0422 217.3872 347.7183
v 103.3955 217.8869 347.8648
v -132.9372 217.8869 347.8648
v -132.5840 217.3872 347.7183
v -132.4364 217.3869 347.6534
v -132.4371 217.5333 347.7183
v -132.4371 216.8868 347.3648
v -132.2903 217.2404 347.3648
v -131.9370 217.3868 347.3648
v -267.8143 199.7216 -85.8137
v -267.9604 200.2211 -85.4601
v -268.0252 200.2215 -85.3138
v -267.9604 200.0751 -85.3141
v -268.3144 200.7216 -85.3137
v -268.3144 200.3680 -85.1672
v -268.3144 200.2216 -84.8136
v -268.3144 200.2216 156.1188
v -268.3144 200.3680 156.4724
v -268.0256 200.2215 156.6189
v -267.9604 200.0751 156.6193
v -268.3144 200.7216 156.6188
v -267.9607 200.2211 156.7653
v -267.8143 199.7216 157.1188
v -1650.4742 217.3868 666.1815
v -1650.1209 217.5333 666.6812
v -1650.1850 217.3868 666.6814
v -1650.4742 217.2404 666.5350
v -1649.9741 217.8869 667.1815
v -1650.1209 217.3865 666.8279
v -1650.4742 216.8868 666.6815
v -1650.4742 217.3868 388.8970
v -1650.4742 217.2404 388.5435
v -1650.1850 217.3868 388.3971
v -1650.1209 217.5333 388.3973
v -1650.4742 216.8868 388.3970
v -1650.1209 217.3865 388.2506
v -1649.9741 217.8869 387.8970
v 237.7724 274.6957 -188.6564
v 237.7724 200.2216 -188.6564
v 238.1264 200.2216 -188.5100
v 238.1264 274.6957 -188.5100
v 238.2725 200.2216 -188.1563
v 238.2725 274.6957 -188.1563
v -267.3141 200.2216 -188.6564
v -267.3141 274.6957 -188.6564
v -267.6682 274.6957 -188.5100
v -267.6682 200.2216 -188.5100
v -267.8143 274.6957 -188.1563
v -267.8143 200.2216 -188.1563
v 237.7724 200.2850 317.4302
v 237.7724 274.6957 317.4302
v 238.1264 274.6957 317.2837
v 238.1264 200.2401 317.2837
v 238.2725 274.6957 316.9302
v 238.2725 200.2216 316.9302
v -267.3141 274.6957 317.4302
v -267.3141 200.2850 317.4302
v -267.6682 200.2401 317.2837
v -267.6682 274.6957 317.2837
v -267.8143 200.2216 316.9302
v -267.8143 274.6957 316.9302
v -1649.4740 217.3868 347.8648
v -1649.4740 274.6956 347.8648
v -1649.8272 274.6956 348.0112
v -1649.8272 217.3868 348.0112
v -1649.9741 274.6956 348.3648
v -1649.9741 217.3868 348.3648
v 677.1538 274.6956 347.8648
v 677.1538 217.3868 347.8648
v 677.5063 217.3868 348.0112
v 677.5063 274.6956 348.0112
v 677.6535 217.3868 348.3648
v 677.6535 274.6956 348.3648
v 677.1538 217.3869 707.2138
v 677.1538 274.6956 707.2138
v 677.5063 274.6956 707.0673
v 677.5063 217.3869 707.0673
v 677.6535 274.6956 706.7138
v 677.6535 217.3869 706.7138
v -268.3144 274.6957 -85.3137
v -267.9604 274.6957 -85.4601
v -267.8143 274.6957 -85.8137
v -267.8143 274.6957 157.1188
v -267.9604 274.6957 156.7653
v -268.3144 274.6957 156.6188
v -297.9233 200.7216 -85.3137
v -297.9233 200.3680 -85.1672
v -297.9233 200.2216 -84.8136
v -297.9233 200.7216 156.6188
v -297.9233 200.3680 156.4724
v -297.9233 200.2216 156.1188
v 102.8954 -11.9008 317.9302
v 103.0422 -11.9008 317.5766
v 103.3955 -11.9008 317.4302
v 237.7724 -11.9008 -188.6564
v 238.1264 -11.9008 -188.5100
v 238.2725 -11.9008 -188.1563
v -267.3141 -11.9008 317.4302
v -267.6682 -11.9008 317.2837
v -267.8143 -11.9008 316.9302
v -267.3141 -11.9008 -188.6564
v -267.6682 -11.9008 -188.5100
v -267.8143 -11.9008 -188.1563
v 237.7724 -11.9008 317.4302
v 238.1264 -11.9008 317.2837
v 238.2725 -11.9008 316.9302
v -132.4371 -11.9008 317.9302
v -132.5840 -11.9008 317.5766
v -132.9372 -11.9008 317.4302
v 103.3955 -11.9008 347.8648
v 103.0422 -11.9008 347.7183
v 102.8954 -11.9008 347.3648
v -132.9372 -11.9008 347.8648
v -132.5840 -11.9008 347.7183
v -132.4371 -11.9008 347.3648
v -1649.9741 -11.9008 348.3648
v -1649.8272 -11.9008 348.0112
v -1649.4740 -11.9008 347.8648
v 677.6535 -11.9008 348.3648
v 677.5063 -11.9008 348.0112
v 677.1538 -11.9008 347.8648
v -1649.4740 274.6956 707.2138
v -1649.4740 217.3868 707.2138
v -1649.8272 217.3868 707.0673
v -1649.8272 274.6956 707.0673
v -1649.9741 217.3868 706.7138
v -1649.9741 274.6956 706.7138
v -1649.4740 -11.9007 707.2138
v -1649.8272 -11.9007 707.0673
v -1649.9741 -11.9007 706.7138
v 677.1538 -11.9007 707.2138
v 677.5063 -11.9007 707.0673
v 677.6535 -11.9007 706.7138
v -1649.9741 -11.9007 667.1815
v -1650.1209 -11.9007 666.8280
v -1650.4742 -11.9007 666.6815
v -1649.9741 -11.9008 387.8970
v -1650.1209 -11.9008 388.2506
v -1650.4742 -11.9008 388.3970
v -1673.3845 217.3868 666.1815
v -1673.3845 217.2404 666.5350
v -1673.3845 216.8868 666.6815
v -1673.3845 217.3868 388.8970
v -1673.3845 217.2404 388.5435
v -1673.3845 216.8868 388.3970
v -267.8143 -11.9008 156.6188
v -267.8143 199.7216 157.1188
v -267.8143 200.2216 316.9302
v -267.8143 -11.9008 316.9302
v -267.3141 -11.9008 317.4302
v -267.3141 200.2850 317.4302
v -132.9372 217.8869 317.4302
v -132.9372 -11.9008 317.4302
v 103.3955 -11.9008 317.4302
v 103.3955 217.8869 317.4302
v 237.7724 200.2850 317.4302
v 237.7724 -11.9008 317.4302
v 238.2725 -11.9008 316.9302
v 238.2725 200.2216 316.9302
v -267.3141 200.2216 -188.6564
v -267.3141 -11.9008 -188.6564
v -267.8143 -11.9008 -188.1563
v -267.8143 200.2216 -188.1563
v -267.8143 199.7216 -85.8137
v -267.8143 -11.9008 -85.3137
v 238.2725 200.2216 -188.1563
v 238.2725 -11.9008 -188.1563
v 237.7724 -11.9008 -188.6564
v 237.7724 200.2216 -188.6564
v -267.8143 274.6957 -188.1563
v -267.8143 274.6957 -85.8137
v -267.3141 274.6957 -188.6564
v -267.8143 274.6957 157.1188
v -267.8143 274.6957 316.9302
v -267.3141 274.6957 317.4302
v -132.4371 274.6957 317.4302
v 238.2725 274.6957 316.9302
v 102.8954 274.6957 317.4302
v 237.7724 274.6957 317.4302
v 238.2725 274.6957 -188.1563
v 237.7724 274.6957 -188.6564
v 102.8954 -11.9008 317.9302
v 102.8954 -11.9008 347.3648
v 102.8954 216.8868 347.3648
v 102.8954 216.8868 317.9302
v -132.4371 216.8868 317.9302
v -132.4371 216.8868 347.3648
v -132.4371 -11.9008 347.3648
v -132.4371 -11.9008 317.9302
v 102.3952 217.3868 317.9302
v 102.3952 217.3868 347.3648
v -131.9370 217.3868 347.3648
v -131.9370 217.3868 317.9302
v 103.3955 -11.9008 347.8648
v 677.1538 -11.9008 347.8648
v 677.1538 217.3868 347.8648
v 103.3955 217.8869 347.8648
v 677.1538 274.6956 347.8648
v 102.8954 274.6956 347.8648
v -132.4371 274.6956 347.8648
v -132.9372 217.8869 347.8648
v -486.1603 217.7704 347.8648
v -1649.4740 217.3868 347.8648
v -1649.4740 -11.9008 347.8648
v -486.1603 -11.9008 347.8648
v -485.7765 274.6956 347.8648
v -1649.4740 274.6956 347.8648
v -1649.9741 -11.9008 348.3648
v -1649.9741 217.3868 348.3648
v -1649.9741 217.8869 387.8970
v -1649.9741 -11.9008 387.8970
v -1649.9741 274.6956 348.3648
v -1649.9741 274.6956 388.3970
v 677.6535 217.3868 348.3648
v 677.6535 -11.9008 348.3648
v 677.6535 -11.9007 706.7138
v 677.6535 217.3869 706.7138
v 677.6535 274.6956 348.3648
v 677.6535 274.6956 706.7138
v -1649.9741 217.3868 706.7138
v -1649.9741 217.8869 667.1815
v -1649.9741 274.6956 666.6815
v -1649.9741 274.6956 706.7138
v 677.1538 -11.9007 707.2138
v -1649.4740 274.6956 707.2138
v -486.1603 274.6956 707.2138
v -1649.9741 -11.9007 667.1815
v -1649.9741 -11.9007 706.7138
v -485.7765 274.6956 347.8648
v -486.1603 217.7704 347.8648
v -268.3144 200.7216 -85.3137
v -268.3144 274.6957 -85.3137
v -297.9233 274.6957 -85.3137
v -297.9233 200.7216 -85.3137
v -268.3144 200.2216 156.1188
v -268.3144 200.2216 -84.8136
v -297.9233 200.2216 -84.8136
v -297.9233 200.2216 156.1188
v -268.3144 274.6957 156.6188
v -268.3144 200.7216 156.6188
v -297.9233 200.7216 156.6188
v -297.9233 274.6957 156.6188
v -1650.4742 -11.9008 388.3970
v -1650.4742 216.8868 388.3970
v -1673.3845 216.8868 388.3970
v -1673.3845 -11.9008 388.3970
v -1650.4742 216.8868 666.6815
v -1650.4742 -11.9007 666.6815
v -1673.3845 -11.9007 666.6815
v -1673.3845 216.8868 666.6815
v -1650.4742 217.3868 388.8970
v -1650.4742 217.3868 666.1815
v -1673.3845 217.3868 666.1815
v -1673.3845 217.3868 388.8970
v -486.1603 -11.9008 347.8648
v -132.9372 -11.9008 347.8648
vt 0.62387 0.33361
vt 0.49252 0.33361
vt 0.49252 1.00000
vt 0.62387 1.00000
vt 0.86353 0.63296
vt 0.86353 0.49816
vt 0.82087 0.49816
vt 0.82087 0.63296
vt 0.98504 0.63296
vt 0.98504 0.49816
vt 0.82087 0.78568
vt 0.69936 0.78568
vt 0.69936 0.95704
vt 0.82087 0.95704
vt 0.65670 0.78568
vt 0.65670 0.95704
vt 0.36118 0.33361
vt 0.32835 0.33361
vt 0.32835 1.00000
vt 0.36118 1.00000
vt 0.82135 0.28951
vt 0.82110 0.28971
vt 0.82116 0.28979
vt 0.82135 0.28979
vt 0.82087 0.28979
vt 0.82110 0.28986
vt 0.82135 0.29006
vt 0.82135 0.15557
vt 0.82135 0.15530
vt 0.82116 0.15530
vt 0.82110 0.15538
vt 0.82135 0.15503
vt 0.82110 0.15522
vt 0.82087 0.15530
vt 0.83818 0.28951
vt 0.83818 0.28978
vt 0.83837 0.28978
vt 0.83843 0.28971
vt 0.83818 0.29006
vt 0.83843 0.28986
vt 0.83866 0.28978
vt 0.83866 0.15530
vt 0.83843 0.15523
vt 0.83837 0.15530
vt 0.83843 0.15538
vt 0.83818 0.15503
vt 0.83818 0.15530
vt 0.83818 0.15557
vt 0.65670 0.37743
vt 0.65693 0.37750
vt 0.65699 0.37743
vt 0.65693 0.37735
vt 0.65718 0.37770
vt 0.65718 0.37743
vt 0.65718 0.37715
vt 0.65718 0.23928
vt 0.65718 0.23901
vt 0.65699 0.23901
vt 0.65693 0.23908
vt 0.65718 0.23873
vt 0.65693 0.23893
vt 0.65670 0.23900
vt 0.99952 0.70994
vt 0.99977 0.70974
vt 0.99971 0.70966
vt 0.99951 0.70966
vt 1.00000 0.70966
vt 0.99977 0.70958
vt 0.99951 0.70938
vt 0.99952 0.86854
vt 0.99951 0.86881
vt 0.99971 0.86881
vt 0.99977 0.86874
vt 0.99951 0.86909
vt 0.99977 0.86889
vt 1.00000 0.86882
vt 0.65670 1.00000
vt 0.69936 1.00000
vt 0.69936 0.99978
vt 0.65670 0.99978
vt 0.69936 0.99956
vt 0.65670 0.99956
vt 0.86353 0.71023
vt 0.82087 0.71023
vt 0.82087 0.71045
vt 0.86353 0.71045
vt 0.82087 0.71067
vt 0.86353 0.71067
vt 0.69932 0.70979
vt 0.65670 0.70979
vt 0.65670 0.71001
vt 0.69935 0.71001
vt 0.65670 0.71023
vt 0.69936 0.71023
vt 0.65670 0.42046
vt 0.69932 0.42046
vt 0.69935 0.42024
vt 0.65670 0.42024
vt 0.69936 0.42002
vt 0.65670 0.42002
vt 0.29552 0.33361
vt 0.32835 0.33361
vt 0.32835 0.33339
vt 0.29552 0.33339
vt 0.32835 0.33317
vt 0.29552 0.33317
vt 0.32835 0.33361
vt 0.36118 0.33361
vt 0.36118 0.33339
vt 0.32835 0.33339
vt 0.36118 0.33317
vt 0.32835 0.33317
vt 0.36118 0.12746
vt 0.32835 0.12746
vt 0.32835 0.12767
vt 0.36118 0.12767
vt 0.32835 0.12789
vt 0.36118 0.12789
vt 0.65751 0.42001
vt 0.65729 0.42002
vt 0.65707 0.42002
vt 0.65707 0.19642
vt 0.65729 0.19642
vt 0.65751 0.19642
vt 0.67412 0.37757
vt 0.67412 0.37736
vt 0.67412 0.37715
vt 0.67412 0.23886
vt 0.67412 0.23907
vt 0.67412 0.23929
vt 0.82137 0.42089
vt 0.82115 0.42089
vt 0.82093 0.42089
vt 0.82087 1.00000
vt 0.82087 0.99978
vt 0.82087 0.99956
vt 0.82087 0.42046
vt 0.82087 0.42024
vt 0.82087 0.42002
vt 0.98504 0.71023
vt 0.98504 0.71045
vt 0.98504 0.71067
vt 0.82087 0.70979
vt 0.82087 0.71001
vt 0.82087 0.71023
vt 0.82137 0.02419
vt 0.82115 0.02419
vt 0.82093 0.02419
vt 0.83864 0.42089
vt 0.83842 0.42089
vt 0.83820 0.42089
vt 0.83864 0.02420
vt 0.83842 0.02420
vt 0.83820 0.02420
vt 0.16417 0.33317
vt 0.16417 0.33339
vt 0.16417 0.33361
vt 0.49252 0.33317
vt 0.49252 0.33339
vt 0.49252 0.33361
vt 0.32835 0.12745
vt 0.29552 0.12745
vt 0.29552 0.12767
vt 0.32835 0.12767
vt 0.29552 0.12789
vt 0.32835 0.12789
vt 0.16417 0.12745
vt 0.16417 0.12767
vt 0.16417 0.12789
vt 0.49252 0.12746
vt 0.49252 0.12767
vt 0.49252 0.12789
vt 0.99859 0.57847
vt 0.99837 0.57847
vt 0.99815 0.57848
vt 0.99859 1.00000
vt 0.99837 1.00000
vt 0.99815 1.00000
vt 0.98641 0.70994
vt 0.98641 0.70973
vt 0.98641 0.70951
vt 0.98641 0.86853
vt 0.98641 0.86874
vt 0.98641 0.86896
vt 0.98504 0.90817
vt 0.86382 0.90845
vt 0.86353 1.00000
vt 0.98504 1.00000
vt 0.82087 0.42046
vt 0.69932 0.42046
vt 0.68924 0.49743
vt 0.82087 0.49743
vt 0.82087 0.63281
vt 0.68924 0.63281
vt 0.69932 0.70979
vt 0.82087 0.70979
vt 0.82087 0.71023
vt 0.69936 0.71023
vt 0.86353 0.71023
vt 0.98504 0.71023
vt 0.98504 0.71067
vt 0.86353 0.71067
vt 0.86382 0.76929
vt 0.98504 0.76958
vt 0.69936 0.99956
vt 0.82087 0.99956
vt 0.98504 0.42089
vt 0.86353 0.42089
vt 0.82087 0.71067
vt 0.82087 0.76929
vt 0.82087 0.71023
vt 0.82087 0.90845
vt 0.82087 1.00000
vt 0.65670 0.42046
vt 0.65670 0.49772
vt 0.65670 0.71023
vt 0.65670 0.63253
vt 0.65670 0.70979
vt 0.65670 0.99956
vt 0.82087 0.42089
vt 0.82137 0.42089
vt 0.83820 0.42089
vt 0.83818 0.29006
vt 0.82135 0.29006
vt 0.82135 0.15503
vt 0.83818 0.15503
vt 0.83820 0.02420
vt 0.82137 0.02419
vt 0.82135 0.28951
vt 0.83818 0.28951
vt 0.83818 0.15557
vt 0.82135 0.15557
vt 0.32835 0.66228
vt 0.32835 0.33361
vt 0.19700 0.33361
vt 0.19672 0.66228
vt 0.16417 0.33361
vt 0.16417 0.66257
vt 0.16417 0.79737
vt 0.19672 0.79766
vt 0.13157 0.99978
vt 0.13135 0.33339
vt 0.00000 0.33339
vt -0.00000 0.99978
vt 0.16417 1.00000
vt 0.16417 0.33339
vt 0.16417 0.33317
vt 0.29552 0.33317
vt 0.29581 0.31052
vt 0.16417 0.31052
vt 0.32835 0.33317
vt 0.32835 0.31024
vt 0.36118 0.33317
vt 0.49252 0.33317
vt 0.49252 0.12789
vt 0.36118 0.12789
vt 0.32835 0.33317
vt 0.32835 0.12789
vt 0.29552 0.12789
vt 0.29581 0.15054
vt 0.32835 0.15083
vt 0.32835 0.12789
vt 0.49252 1.00000
vt 0.65670 1.00000
vt 0.65670 0.33361
vt 0.16417 0.15054
vt 0.16417 0.12789
vt 0.16417 0.99978
vt 0.19678 1.00000
vt 0.65718 0.37770
vt 0.65751 0.42001
vt 0.67444 0.41988
vt 0.67412 0.37757
vt 0.65718 0.23928
vt 0.65718 0.37715
vt 0.67412 0.37715
vt 0.67412 0.23929
vt 0.65751 0.19642
vt 0.65718 0.23873
vt 0.67412 0.23886
vt 0.67444 0.19655
vt 0.99815 1.00000
vt 0.99951 0.86909
vt 0.98641 0.86896
vt 0.98504 0.99986
vt 0.99951 0.70938
vt 0.99815 0.57848
vt 0.98504 0.57861
vt 0.98641 0.70951
vt 0.99952 0.86854
vt 0.99952 0.70994
vt 0.98641 0.70994
vt 0.98641 0.86853
vt 0.32835 1.00000
vt 0.32835 0.79766
vn 0.0000 0.0000 -1.0000
vn 0.0000 0.0000 -1.0000
vn 0.0000 0.0000 -1.0000
vn 0.0000 0.0000 -1.0000
vn -0.0000 -0.0000 1.0000
vn -0.0000 -0.0000 1.0000
vn -0.0000 -0.0000 1.0000
vn -0.0000 -0.0000 1.0000
vn -0.0000 -0.0000 1.0000
vn -0.0000 -0.0000 1.0000
vn -1.0000 0.0000 -0.0000
vn -1.0000 0.0000 -0.0000
vn -1.0000 0.0000 -0.0000
vn -1.0000 0.0000 -0.0000
vn -1.0000 0.0000 -0.0000
vn -1.0000 0.0000 -0.0000
vn 0.0000 0.0000 -1.0000
vn 0.0000 0.0000 -1.0000
vn 0.0000 0.0000 -1.0000
vn 0.0000 0.0000 -1.0000
vn -0.2023 -0.9216 -0.3313
vn -0.1444 -0.4405 -0.8861
vn -0.4518 -0.4523 -0.7690
vn -0.6457 -0.6464 -0.4065
vn -0.1996 -0.1997 -0.9593
vn -0.4398 -0.1447 -0.8864
vn -0.9213 -0.2026 -0.3319
vn 0.2024 -0.9216 -0.3313
vn 0.6455 -0.6465 -0.4067
vn 0.4516 -0.4522 -0.7691
vn 0.1444 -0.4405 -0.8861
vn 0.9212 -0.2028 -0.3322
vn 0.4397 -0.1447 -0.8864
vn 0.1996 -0.1997 -0.9593
vn -0.2023 -0.9216 0.3312
vn -0.6456 -0.6465 0.4064
vn -0.4516 -0.4524 0.7690
vn -0.1443 -0.4409 0.8859
vn -0.9213 -0.2026 0.3319
vn -0.4397 -0.1448 0.8864
vn -0.1995 -0.1996 0.9593
vn 0.1995 -0.1996 0.9593
vn 0.4397 -0.1449 0.8864
vn 0.4517 -0.4530 0.7686
vn 0.1443 -0.4399 0.8864
vn 0.9212 -0.2030 0.3320
vn 0.6456 -0.6466 0.4063
vn 0.2025 -0.9215 0.3313
vn 0.9595 0.1991 0.1991
vn 0.8864 0.1445 0.4397
vn 0.7683 0.4526 0.4527
vn 0.8864 0.4397 0.1445
vn 0.3309 0.2023 0.9217
vn 0.4060 0.6462 0.6462
vn 0.3309 0.9217 0.2023
vn 0.3309 0.9217 -0.2022
vn 0.4062 0.6463 -0.6461
vn 0.7683 0.4531 -0.4522
vn 0.8863 0.4402 -0.1440
vn 0.3311 0.2022 -0.9217
vn 0.8865 0.1450 -0.4395
vn 0.9595 0.1994 -0.1991
vn 0.3313 -0.9216 -0.2024
vn 0.8860 -0.4405 -0.1447
vn 0.7690 -0.4520 -0.4520
vn 0.4061 -0.6462 -0.6462
vn 0.9592 -0.1999 -0.2000
vn 0.8860 -0.1447 -0.4406
vn 0.3314 -0.2024 -0.9215
vn 0.3314 -0.9215 0.2024
vn 0.4061 -0.6461 0.6462
vn 0.7690 -0.4520 0.4521
vn 0.8860 -0.4405 0.1447
vn 0.3314 -0.2024 0.9215
vn 0.8860 -0.1447 0.4405
vn 0.9592 -0.1999 0.1998
vn -0.3821 -0.0000 0.9241
vn -0.3821 -0.0000 0.9241
vn -0.7072 -0.0000 0.7070
vn -0.7072 -0.0000 0.7070
vn -0.9242 -0.0000 0.3819
vn -0.9242 -0.0000 0.3819
vn 0.3821 -0.0000 0.9241
vn 0.3822 -0.0000 0.9241
vn 0.7072 -0.0000 0.7070
vn 0.7072 -0.0000 0.7070
vn 0.9242 -0.0000 0.3819
vn 0.9242 -0.0000 0.3819
vn -0.3823 0.0000 -0.9240
vn -0.3824 0.0000 -0.9240
vn -0.7072 0.0000 -0.7070
vn -0.7072 0.0000 -0.7070
vn -0.9242 0.0000 -0.3820
vn -0.9242 0.0000 -0.3820
vn 0.3823 0.0000 -0.9240
vn 0.3823 0.0000 -0.9240
vn 0.7073 0.0000 -0.7070
vn 0.7072 0.0000 -0.7070
vn 0.9242 0.0000 -0.3819
vn 0.9242 0.0000 -0.3820
vn 0.3829 -0.0000 0.9238
vn 0.3829 -0.0000 0.9238
vn 0.7069 -0.0000 0.7074
vn 0.7069 -0.0000 0.7073
vn 0.9235 -0.0000 0.3836
vn 0.9235 -0.0000 0.3836
vn -0.3836 -0.0000 0.9235
vn -0.3836 -0.0000 0.9235
vn -0.7068 -0.0000 0.7074
vn -0.7068 -0.0000 0.7074
vn -0.9232 -0.0000 0.3844
vn -0.9232 -0.0000 0.3843
vn -0.3837 0.0000 -0.9234
vn -0.3838 0.0000 -0.9234
vn -0.7068 0.0000 -0.7074
vn -0.7068 0.0000 -0.7074
vn -0.9231 0.0000 -0.3845
vn -0.9231 0.0000 -0.3845
vn 0.3822 -0.0000 0.9241
vn 0.7072 -0.0000 0.7070
vn 0.9242 -0.0000 0.3819
vn 0.9240 0.0000 -0.3823
vn 0.7072 0.0000 -0.7071
vn 0.3825 0.0000 -0.9240
vn 0.0000 0.3826 0.9239
vn 0.0000 0.7071 0.7071
vn 0.0000 0.9239 0.3827
vn 0.0000 0.3827 -0.9239
vn 0.0000 0.7071 -0.7071
vn 0.0000 0.9239 -0.3827
vn -0.9236 0.0000 -0.3834
vn -0.7069 0.0000 -0.7073
vn -0.3829 0.0000 -0.9238
vn -0.3821 -0.0000 0.9241
vn -0.7072 -0.0000 0.7070
vn -0.9242 -0.0000 0.3819
vn 0.3823 0.0000 -0.9240
vn 0.7073 0.0000 -0.7070
vn 0.9242 0.0000 -0.3819
vn 0.3821 -0.0000 0.9241
vn 0.7072 -0.0000 0.7070
vn 0.9242 -0.0000 0.3819
vn -0.3823 0.0000 -0.9240
vn -0.7072 0.0000 -0.7070
vn -0.9242 0.0000 -0.3820
vn 0.9235 0.0000 -0.3837
vn 0.7069 0.0000 -0.7074
vn 0.3830 0.0000 -0.9237
vn -0.3829 -0.0000 0.9238
vn -0.7069 -0.0000 0.7073
vn -0.9236 -0.0000 0.3834
vn 0.3830 -0.0000 0.9237
vn 0.7068 -0.0000 0.7074
vn 0.9235 -0.0000 0.3837
vn 0.9235 -0.0000 0.3835
vn 0.7069 -0.0000 0.7073
vn 0.3829 -0.0000 0.9238
vn -0.9231 -0.0000 0.3845
vn -0.7068 -0.0000 0.7074
vn -0.3836 -0.0000 0.9235
vn 0.3830 0.0000 -0.9237
vn 0.3830 0.0000 -0.9237
vn 0.7069 0.0000 -0.7073
vn 0.7069 0.0000 -0.7073
vn 0.9235 0.0000 -0.3836
vn 0.9235 0.0000 -0.3836
vn 0.3830 0.0000 -0.9237
vn 0.7069 0.0000 -0.7073
vn 0.9235 0.0000 -0.3835
vn -0.3837 0.0000 -0.9235
vn -0.7068 0.0000 -0.7074
vn -0.9231 0.0000 -0.3845
vn 0.9234 0.0000 -0.3839
vn 0.7068 0.0000 -0.7074
vn 0.3831 0.0000 -0.9237
vn 0.9235 -0.0000 0.3835
vn 0.7069 -0.0000 0.7073
vn 0.3830 -0.0000 0.9237
vn 0.0000 -0.9239 -0.3827
vn 0.0000 -0.7071 -0.7071
vn 0.0000 -0.3827 -0.9239
vn -0.0000 -0.9239 0.3827
vn -0.0000 -0.7071 0.7071
vn -0.0000 -0.3827 0.9239
vn 1.0000 0.0000 0.0000
vn 1.0000 0.0000 0.0000
vn 1.0000 0.0000 0.0000
vn 1.0000 0.0000 0.0000
vn 0.0000 0.0000 -1.0000
vn 0.0000 0.0000 -1.0000
vn 0.0000 0.0000 -1.0000
vn 0.0000 0.0000 -1.0000
vn 0.0000 0.0000 -1.0000
vn 0.0000 0.0000 -1.0000
vn 0.0000 0.0000 -1.0000
vn 0.0000 0.0000 -1.0000
vn -1.0000 0.0000 -0.0000
vn -1.0000 0.0000 -0.0000
vn -0.0000 -0.0000 1.0000
vn -0.0000 -0.0000 1.0000
vn 1.0000 0.0000 0.0000
vn 1.0000 0.0000 0.0000
vn 1.0000 0.0000 0.0000
vn 1.0000 0.0000 0.0000
vn -1.0000 0.0000 -0.0000
vn -1.0000 0.0000 -0.0000
vn -0.0000 -0.0000 1.0000
vn -0.0000 -0.0000 1.0000
vn 1.0000 0.0000 0.0000
vn 1.0000 0.0000 0.0000
vn -0.0000 -0.0000 1.0000
vn 1.0000 0.0000 0.0000
vn 1.0000 0.0000 0.0000
vn 0.0000 0.0000 -1.0000
vn 0.0000 0.0000 -1.0000
vn -1.0000 0.0000 -0.0000
vn 0.0000 0.0000 -1.0000
vn 0.0000 0.0000 -1.0000
vn -1.0000 0.0000 -0.0000
vn -0.0000 -0.0000 1.0000
vn -1.0000 0.0000 -0.0000
vn -1.0000 0.0000 -0.0000
vn -1.0000 0.0000 -0.0000
vn -1.0000 0.0000 -0.0000
vn 1.0000 0.0000 0.0000
vn 1.0000 0.0000 0.0000
vn 1.0000 0.0000 0.0000
vn 1.0000 0.0000 0.0000
vn 0.0000 -1.0000 -0.0000
vn 0.0000 -1.0000 -0.0000
vn 0.0000 -1.0000 -0.0000
vn 0.0000 -1.0000 -0.0000
vn -0.0000 -0.0000 1.0000
vn -0.0000 -0.0000 1.0000
vn -0.0000 -0.0000 1.0000
vn -0.0000 -0.0000 1.0000
vn -0.0000 -0.0000 1.0000
vn -0.0000 -0.0000 1.0000
vn -0.0000 -0.0000 1.0000
vn -0.0000 -0.0000 1.0000
vn -0.0000 -0.0000 1.0000
vn -0.0000 -0.0000 1.0000
vn -0.0000 -0.0000 1.0000
vn -0.0000 -0.0000 1.0000
vn -0.0000 -0.0000 1.0000
vn -0.0000 -0.0000 1.0000
vn 1.0000 0.0000 0.0000
vn 1.0000 0.0000 0.0000
vn 1.0000 0.0000 0.0000
vn 1.0000 0.0000 0.0000
vn 1.0000 0.0000 0.0000
vn 1.0000 0.0000 0.0000
vn -1.0000 0.0000 -0.0000
vn -1.0000 0.0000 -0.0000
vn -1.0000 0.0000 -0.0000
vn -1.0000 0.0000 -0.0000
vn -1.0000 0.0000 -0.0000
vn -1.0000 0.0000 -0.0000
vn 1.0000 0.0000 0.0000
vn 1.0000 0.0000 0.0000
vn 1.0000 0.0000 0.0000
vn 1.0000 0.0000 0.0000
vn 0.0000 0.0000 -1.0000
vn 0.0000 0.0000 -1.0000
vn 0.0000 0.0000 -1.0000
vn 1.0000 0.0000 0.0000
vn 1.0000 0.0000 0.0000
vn -0.0000 -0.0000 1.0000
vn -0.0000 -0.0000 1.0000
vn -0.0000 -0.0000 1.0000
vn -0.0000 -0.0000 1.0000
vn -0.0000 -0.0000 1.0000
vn -0.0000 -0.0000 1.0000
vn 0.0000 1.0000 0.0000
vn 0.0000 1.0000 0.0000
vn 0.0000 1.0000 0.0000
vn 0.0000 1.0000 0.0000
vn 0.0000 0.0000 -1.0000
vn 0.0000 0.0000 -1.0000
vn 0.0000 0.0000 -1.0000
vn 0.0000 0.0000 -1.0000
vn -0.0000 -0.0000 1.0000
vn -0.0000 -0.0000 1.0000
vn -0.0000 -0.0000 1.0000
vn -0.0000 -0.0000 1.0000
vn 0.0000 0.0000 -1.0000
vn 0.0000 0.0000 -1.0000
vn 0.0000 0.0000 -1.0000
vn 0.0000 0.0000 -1.0000
vn 0.0000 -1.0000 -0.0000
vn 0.0000 -1.0000 -0.0000
vn 0.0000 -1.0000 -0.0000
vn 0.0000 -1.0000 -0.0000
vn -0.0000 -0.0000 1.0000
vn -0.0000 -0.0000 1.0000
f 1/1/1 2/2/2 3/3/3
f 1/1/1 3/3/3 4/4/4
f 5/5/5 6/6/6 7/7/7
f 5/5/5 7/7/7 8/8/8
f 9/9/9 10/10/10 6/6/6
f 9/9/9 6/6/6 5/5/5
f 11/11/11 12/12/12 13/13/13
f 11/11/11 13/13/13 14/14/14
f 12/12/12 15/15/15 16/16/16
f 12/12/12 16/16/16 13/13/13
f 17/17/17 18/18/18 19/19/19
f 17/17/17 19/19/19 20/20/20
f 21/21/21 22/22/22 23/23/23
f 21/21/21 23/23/23 24/24/24
f 25/25/25 26/26/26 23/23/23
f 25/25/25 23/23/23 22/22/22
f 27/27/27 24/24/24 23/23/23
f 27/27/27 23/23/23 26/26/26
f 28/28/28 29/29/29 30/30/30
f 28/28/28 30/30/30 31/31/31
f 32/32/32 33/33/33 30/30/30
f 32/32/32 30/30/30 29/29/29
f 34/34/34 31/31/31 30/30/30
f 34/34/34 30/30/30 33/33/33
f 35/35/35 36/36/36 37/37/37
f 35/35/35 37/37/37 38/38/38
f 39/39/39 40/40/40 37/37/37
f 39/39/39 37/37/37 36/36/36
f 41/41/41 38/38/38 37/37/37
f 41/41/41 37/37/37 40/40/40
f 42/42/42 43/43/43 44/44/44
f 42/42/42 44/44/44 45/45/45
f 46/46/46 47/47/47 44/44/44
f 46/46/46 44/44/44 43/43/43
f 48/48/48 45/45/45 44/44/44
f 48/48/48 44/44/44 47/47/47
f 49/49/49 50/50/50 51/51/51
f 49/49/49 51/51/51 52/52/52
f 53/53/53 54/54/54 51/51/51
f 53/53/53 51/51/51 50/50/50
f 55/55/55 52/52/52 51/51/51
f 55/55/55 51/51/51 54/54/54
f 56/56/56 57/57/57 58/58/58
f 56/56/56 58/58/58 59/59/59
f 60/60/60 61/61/61 58/58/58
f 60/60/60 58/58/58 57/57/57
f 62/62/62 59/59/59 58/58/58
f 62/62/62 58/58/58 61/61/61
f 63/63/63 64/64/64 65/65/65
f 63/63/63 65/65/65 66/66/66
f 67/67/67 68/68/68 65/65/65
f 67/67/67 65/65/65 64/64/64
f 69/69/69 66/66/66 65/65/65
f 69/69/69 65/65/65 68/68/68
f 70/70/70 71/71/71 72/72/72
f 70/70/70 72/72/72 73/73/73
f 74/74/74 75/75/75 72/72/72
f 74/74/74 72/72/72 71/71/71
f 76/76/76 73/73/73 72/72/72
f 76/76/76 72/72/72 75/75/75
f 77/77/77 78/78/78 79/79/79
f 77/77/77 79/79/79 80/80/80
f 80/80/80 79/79/79 81/81/81
f 80/80/80 81/81/81 82/82/82
f 83/83/83 84/84/84 85/85/85
f 83/83/83 85/85/85 86/86/86
f 86/86/86 85/85/85 87/87/87
f 86/86/86 87/87/87 88/88/88
f 89/89/89 90/90/90 91/91/91
f 89/89/89 91/91/91 92/92/92
f 92/92/92 91/91/91 93/93/93
f 92/92/92 93/93/93 94/94/94
f 95/95/95 96/96/96 97/97/97
f 95/95/95 97/97/97 98/98/98
f 98/98/98 97/97/97 99/99/99
f 98/98/98 99/99/99 100/100/100
f 21/21/21 28/28/28 31/31/31
f 21/21/21 31/31/31 22/22/22
f 22/22/22 31/31/31 34/34/34
f 22/22/22 34/34/34 25/25/25
f 41/41/41 42/42/42 45/45/45
f 41/41/41 45/45/45 38/38/38
f 38/38/38 45/45/45 48/48/48
f 38/38/38 48/48/48 35/35/35
f 27/27/27 39/39/39 36/36/36
f 27/27/27 36/36/36 24/24/24
f 24/24/24 36/36/36 35/35/35
f 24/24/24 35/35/35 21/21/21
f 28/28/28 48/48/48 47/47/47
f 28/28/28 47/47/47 29/29/29
f 29/29/29 47/47/47 46/46/46
f 29/29/29 46/46/46 32/32/32
f 101/101/101 102/102/102 103/103/103
f 101/101/101 103/103/103 104/104/104
f 104/104/104 103/103/103 105/105/105
f 104/104/104 105/105/105 106/106/106
f 107/107/107 108/108/108 109/109/109
f 107/107/107 109/109/109 110/110/110
f 110/110/110 109/109/109 111/111/111
f 110/110/110 111/111/111 112/112/112
f 113/113/113 114/114/114 115/115/115
f 113/113/113 115/115/115 116/116/116
f 116/116/116 115/115/115 117/117/117
f 116/116/116 117/117/117 118/118/118
f 62/62/62 49/49/49 52/52/52
f 62/62/62 52/52/52 59/59/59
f 59/59/59 52/52/52 55/55/55
f 59/59/59 55/55/55 56/56/56
f 119/119/119 53/53/53 50/50/50
f 119/119/119 50/50/50 120/120/120
f 120/120/120 50/50/50 49/49/49
f 120/120/120 49/49/49 121/121/121
f 122/122/122 62/62/62 61/61/61
f 122/122/122 61/61/61 123/123/123
f 123/123/123 61/61/61 60/60/60
f 123/123/123 60/60/60 124/124/124
f 53/53/53 125/125/125 126/126/126
f 53/53/53 126/126/126 54/54/54
f 54/54/54 126/126/126 127/127/127
f 54/54/54 127/127/127 55/55/55
f 128/128/128 60/60/60 57/57/57
f 128/128/128 57/57/57 129/129/129
f 129/129/129 57/57/57 56/56/56
f 129/129/129 56/56/56 130/130/130
f 131/131/131 27/27/27 26/26/26
f 131/131/131 26/26/26 132/132/132
f 132/132/132 26/26/26 25/25/25
f 132/132/132 25/25/25 133/133/133
f 78/78/78 134/134/134 135/135/135
f 78/78/78 135/135/135 79/79/79
f 79/79/79 135/135/135 136/136/136
f 79/79/79 136/136/136 81/81/81
f 96/96/96 137/137/137 138/138/138
f 96/96/96 138/138/138 97/97/97
f 97/97/97 138/138/138 139/139/139
f 97/97/97 139/139/139 99/99/99
f 140/140/140 83/83/83 86/86/86
f 140/140/140 86/86/86 141/141/141
f 141/141/141 86/86/86 88/88/88
f 141/141/141 88/88/88 142/142/142
f 143/143/143 89/89/89 92/92/92
f 143/143/143 92/92/92 144/144/144
f 144/144/144 92/92/92 94/94/94
f 144/144/144 94/94/94 145/145/145
f 32/32/32 146/146/146 147/147/147
f 32/32/32 147/147/147 33/33/33
f 33/33/33 147/147/147 148/148/148
f 33/33/33 148/148/148 34/34/34
f 149/149/149 41/41/41 40/40/40
f 149/149/149 40/40/40 150/150/150
f 150/150/150 40/40/40 39/39/39
f 150/150/150 39/39/39 151/151/151
f 42/42/42 152/152/152 153/153/153
f 42/42/42 153/153/153 43/43/43
f 43/43/43 153/153/153 154/154/154
f 43/43/43 154/154/154 46/46/46
f 106/106/106 155/155/155 156/156/156
f 106/106/106 156/156/156 104/104/104
f 104/104/104 156/156/156 157/157/157
f 104/104/104 157/157/157 101/101/101
f 158/158/158 111/111/111 109/109/109
f 158/158/158 109/109/109 159/159/159
f 159/159/159 109/109/109 108/108/108
f 159/159/159 108/108/108 160/160/160
f 161/161/161 162/162/162 163/163/163
f 161/161/161 163/163/163 164/164/164
f 164/164/164 163/163/163 165/165/165
f 164/164/164 165/165/165 166/166/166
f 162/162/162 167/167/167 168/168/168
f 162/162/162 168/168/168 163/163/163
f 163/163/163 168/168/168 169/169/169
f 163/163/163 169/169/169 165/165/165
f 170/170/170 113/113/113 116/116/116
f 170/170/170 116/116/116 171/171/171
f 171/171/171 116/116/116 118/118/118
f 171/171/171 118/118/118 172/172/172
f 63/63/63 70/70/70 73/73/73
f 63/63/63 73/73/73 64/64/64
f 64/64/64 73/73/73 76/76/76
f 64/64/64 76/76/76 67/67/67
f 67/67/67 173/173/173 174/174/174
f 67/67/67 174/174/174 68/68/68
f 68/68/68 174/174/174 175/175/175
f 68/68/68 175/175/175 69/69/69
f 176/176/176 76/76/76 75/75/75
f 176/176/176 75/75/75 177/177/177
f 177/177/177 75/75/75 74/74/74
f 177/177/177 74/74/74 178/178/178
f 179/179/179 63/63/63 66/66/66
f 179/179/179 66/66/66 180/180/180
f 180/180/180 66/66/66 69/69/69
f 180/180/180 69/69/69 181/181/181
f 70/70/70 182/182/182 183/183/183
f 70/70/70 183/183/183 71/71/71
f 71/71/71 183/183/183 184/184/184
f 71/71/71 184/184/184 74/74/74
f 185/185/185 186/186/186 187/187/187
f 185/185/185 187/187/187 188/188/188
f 189/189/189 190/190/190 191/191/191
f 189/189/189 191/191/191 192/192/192
f 193/193/193 194/194/194 195/195/195
f 193/193/193 195/195/195 196/196/196
f 197/197/197 198/198/198 12/12/12
f 197/197/197 12/12/12 11/11/11
f 9/9/9 5/5/5 199/199/199
f 9/9/9 199/199/199 200/200/200
f 201/201/201 202/202/202 203/203/203
f 201/201/201 203/203/203 204/204/204
f 14/14/14 13/13/13 205/205/205
f 14/14/14 205/205/205 206/206/206
f 207/207/207 208/208/208 6/6/6
f 207/207/207 6/6/6 10/10/10
f 202/202/202 209/209/209 210/210/210
f 202/202/202 210/210/210 203/203/203
f 5/5/5 8/8/8 211/211/211
f 5/5/5 211/211/211 199/199/199
f 186/186/186 212/212/212 213/213/213
f 186/186/186 213/213/213 187/187/187
f 190/190/190 214/214/214 215/215/215
f 190/190/190 215/215/215 191/191/191
f 198/198/198 216/216/216 15/15/15
f 198/198/198 15/15/15 12/12/12
f 194/194/194 217/217/217 218/218/218
f 194/194/194 218/218/218 195/195/195
f 13/13/13 16/16/16 219/219/219
f 13/13/13 219/219/219 205/205/205
f 208/208/208 220/220/220 7/7/7
f 208/208/208 7/7/7 6/6/6
f 221/221/221 222/222/222 223/223/223
f 221/221/221 223/223/223 224/224/224
f 225/225/225 226/226/226 227/227/227
f 225/225/225 227/227/227 228/228/228
f 194/194/194 191/191/191 215/215/215
f 194/194/194 215/215/215 217/217/217
f 229/229/229 230/230/230 231/231/231
f 229/229/229 231/231/231 232/232/232
f 233/233/233 234/234/234 235/235/235
f 233/233/233 235/235/235 236/236/236
f 236/236/236 235/235/235 237/237/237
f 236/236/236 237/237/237 238/238/238
f 236/236/236 238/238/238 239/239/239
f 236/236/236 239/239/239 240/240/240
f 241/241/241 242/242/242 243/243/243
f 241/241/241 243/243/243 244/244/244
f 245/245/245 246/246/246 242/242/242
f 245/245/245 242/242/242 241/241/241
f 247/247/247 248/248/248 249/249/249
f 247/247/247 249/249/249 250/250/250
f 249/249/249 248/248/248 251/251/251
f 249/249/249 251/251/251 252/252/252
f 253/253/253 254/254/254 255/255/255
f 253/253/253 255/255/255 256/256/256
f 257/257/257 253/253/253 256/256/256
f 257/257/257 256/256/256 258/258/258
f 259/259/259 260/260/260 261/261/261
f 259/259/259 261/261/261 262/262/262
f 20/20/20 263/263/263 2/2/2
f 20/20/20 2/2/2 17/17/17
f 4/4/4 264/264/264 265/265/265
f 4/4/4 265/265/265 1/1/1
f 266/266/266 260/260/260 259/259/259
f 266/266/266 259/259/259 267/267/267
f 239/239/239 268/268/268 269/269/269
f 239/239/239 269/269/269 240/240/240
f 270/270/270 271/271/271 272/272/272
f 270/270/270 272/272/272 273/273/273
f 204/204/204 203/203/203 186/186/186
f 204/204/204 186/186/186 185/185/185
f 274/274/274 275/275/275 276/276/276
f 274/274/274 276/276/276 277/277/277
f 278/278/278 279/279/279 280/280/280
f 278/278/278 280/280/280 281/281/281
f 282/282/282 283/283/283 284/284/284
f 282/282/282 284/284/284 285/285/285
f 286/286/286 287/287/287 288/288/288
f 286/286/286 288/288/288 289/289/289
f 290/290/290 291/291/291 292/292/292
f 290/290/290 292/292/292 293/293/293
f 249/249/249 252/252/252 261/261/261
f 249/249/249 261/261/261 260/260/260
f 240/240/240 269/269/269 294/294/294
f 240/240/240 294/294/294 295/295/295
o Object_14
g Object_14
usemtl Wall_2
v -1673.3845 -11.9008 388.3970
v -1673.3845 217.3868 388.3970
v -1696.7949 217.3868 388.3970
v -1696.7949 -11.9008 388.3970
v -1673.3845 217.3868 666.6815
v -1673.3845 -11.9007 666.6815
v -1696.7949 -11.9007 666.6815
v -1696.7949 217.3868 666.6815
v -1673.3845 217.3868 388.3970
v -1673.3845 217.3868 666.6815
v -1696.7949 217.3868 666.6815
v -1696.7949 217.3868 388.3970
v -2070.1393 217.3868 1511.3534
v -2070.1393 255.4173 1511.3534
v -2070.1397 255.4173 620.3486
v -2070.1397 217.3868 620.3486
v -2070.1397 217.3868 620.3486
v -2070.1397 255.4173 620.3486
v -2060.2455 255.4173 620.3486
v -2060.2455 217.3868 620.3486
v -2060.2455 217.3868 460.5002
v -2060.2455 255.4173 460.5002
v -2070.1397 255.4173 460.5002
v -2070.1397 217.3868 460.5002
v -2070.1397 217.3868 460.5002
v -2070.1397 255.4173 460.5002
v -2070.1401 255.4173 -437.5659
v -2070.1401 217.3868 -437.5659
v -3059.6088 -12.8089 599.5129
v -3059.6088 217.3868 599.5129
v -3059.6088 217.3868 900.8035
v -3059.6088 -12.8089 900.8035
v -3059.6088 217.3868 900.8035
v -3077.1549 217.3868 900.8035
v -3077.1549 255.4173 900.8035
v -3059.6088 255.4173 900.8035
v -3077.1549 -12.8089 900.8035
v -3077.1549 217.3868 900.8035
v -3077.1549 217.3868 599.5129
v -3077.1549 -12.8089 599.5129
v -3077.1549 -12.8089 599.5129
v -3077.1549 217.3868 599.5129
v -3059.6088 217.3868 599.5129
v -3059.6088 -12.8089 599.5129
v -3059.6088 217.3868 900.8035
v -3059.6088 217.3868 599.5129
v -3077.1549 217.3868 599.5129
v -3077.1549 217.3868 900.8035
v -3059.6088 -12.8089 900.8035
v -2750.1493 217.3868 900.8035
v -2750.1493 -12.8089 900.8035
v -3086.2797 217.3868 900.8035
v -3086.2797 255.4173 900.8035
v -2750.1493 -12.8089 900.8035
v -2750.1493 217.3868 900.8035
v -2750.1493 217.3868 1087.7763
v -2750.1493 -12.8089 1087.7763
v -2750.1493 255.4173 900.8035
v -2750.1493 255.4173 900.8035
v -2750.1493 255.4173 1087.7763
v -3086.2797 217.3868 900.8035
v -3086.2797 -12.8089 900.8035
v -3086.2797 -12.8089 888.4561
v -3086.2797 217.3868 888.4561
v -3077.1549 -12.8089 900.8035
v -3086.2797 -12.8089 900.8035
v -3204.5090 217.3868 900.8036
v -3204.5090 255.4173 900.8036
v -3204.5090 255.4173 888.4561
v -3204.5090 217.3868 888.4561
v -3204.5090 255.4173 900.8036
v -3204.5090 217.3868 900.8036
v -3431.5655 217.3868 900.8036
v -3431.5655 255.4173 900.8036
v -3204.5090 -12.8089 900.8036
v -3431.5655 -12.8089 900.8036
v -3447.6803 255.4173 900.8036
v -3447.6803 217.3868 900.8036
v -3674.7364 217.3868 900.8037
v -3674.7364 255.4173 900.8037
v -3674.7364 214.0007 1401.0163
v -3674.7364 255.4173 1401.0163
v -3674.7364 255.4173 1511.3538
v -3674.7364 217.3868 1511.3538
v -3674.7364 255.4173 900.8037
v -3674.7364 217.3868 900.8037
v -3674.7364 217.3868 -437.5657
v -3674.7364 255.4173 -437.5657
v -3674.7364 -12.8089 900.8037
v -3674.7364 -12.8089 -437.5657
v -3086.2797 255.4173 888.4561
v -3086.2797 217.3868 888.4561
v -3204.5090 217.3868 888.4561
v -3204.5090 255.4173 888.4561
v -3086.2797 -12.8089 888.4561
v -3204.5090 -12.8089 888.4561
v -3086.2797 255.4173 900.8035
v -3086.2797 255.4173 888.4561
v -3204.5090 -12.8089 900.8036
v -3204.5090 -12.8089 888.4561
v -2750.1493 -12.8089 1087.7763
v -2750.1493 217.3868 1087.7763
v -3674.7364 217.3868 1087.7765
v -3674.7364 -12.8089 1087.7765
v -3447.6803 217.3868 689.4544
v -3447.6803 255.4173 689.4544
v -3431.5655 255.4173 689.4544
v -3431.5655 217.3868 689.4544
v -3447.6803 -12.8089 900.8036
v -3674.7364 -12.8089 900.8037
v -3447.6803 -12.8089 900.8036
v -3447.6803 217.3868 900.8036
v -3447.6803 217.3868 689.4544
v -3447.6803 -12.8089 689.4544
v -3674.7364 255.4173 1087.7765
v -2750.1493 255.4173 1087.7763
v -3447.6803 -12.8089 689.4544
v -3431.5655 -12.8089 689.4544
v -3431.5655 217.3868 900.8036
v -3431.5655 -12.8089 900.8036
v -3431.5655 -12.8089 689.4544
v -3431.5655 217.3868 689.4544
v -3431.5655 255.4173 900.8036
v -3431.5655 255.4173 689.4544
v -3447.6803 255.4173 900.8036
v -3447.6803 255.4173 689.4544
v -3674.7364 217.3868 -437.5657
v -2070.1401 217.3868 -437.5659
v -2070.1401 255.4173 -437.5659
v -3674.7364 255.4173 -437.5657
v -2070.1397 -12.8089 460.5002
v -2070.1401 -12.8089 -437.5659
v -2060.2455 -12.8089 460.5002
v -2070.1397 -12.8089 460.5002
v -3674.7364 -12.8089 1401.0163
v -3674.7364 -12.8089 1511.3538
v -3674.7364 217.3868 1511.3538
v -3674.7364 255.4173 1511.3538
v -2070.1393 255.4173 1511.3534
v -2070.1393 217.3868 1511.3534
v -2070.1397 -12.8089 620.3486
v -2060.2455 -12.8089 620.3486
v -2070.1393 -12.8089 1511.3534
v -2070.1397 -12.8089 620.3486
v -2060.2459 255.4173 -437.5659
v -2060.2459 217.3868 -437.5659
v -1696.7953 217.3868 -437.5661
v -1696.7953 255.4173 -437.5661
v -3674.7364 -12.8089 1511.3538
v -2070.1393 -12.8089 1511.3534
v -2060.2455 -12.8089 620.3486
v -2060.2455 217.3868 620.3486
v -2060.2455 217.3868 1511.3534
v -2060.2455 -12.8089 1511.3534
v -2060.2455 255.4173 620.3486
v -2060.2455 255.4173 1511.3534
v -2060.2455 255.4173 460.5002
v -2060.2455 217.3868 460.5002
v -2060.2459 217.3868 -437.5659
v -2060.2459 255.4173 -437.5659
v -2060.2455 -12.8089 460.5002
v -2060.2459 -12.8089 -437.5659
v -2060.2459 -12.8089 -437.5659
v -1696.7953 -12.8089 -437.5661
v -2060.2455 -12.8089 1511.3534
v -2060.2455 217.3868 1511.3534
v -1696.7949 217.3868 1511.3532
v -1696.7949 -12.8089 1511.3532
v -2060.2455 255.4173 1511.3534
v -1696.7949 255.4173 1511.3532
v -1696.7949 217.3868 665.6814
v -1696.7949 -12.8089 665.6814
v -1696.7949 -12.8089 1511.3532
v -1696.7949 217.3868 1511.3532
v -1696.7949 255.4173 665.6814
v -1696.7949 255.4173 1511.3532
v -3674.7364 -12.8089 -437.5657
v -2070.1401 -12.8089 -437.5659
v -3674.7364 -12.8089 1087.7765
v -3674.7364 217.3868 1087.7765
v -3674.7364 214.0007 1197.4919
v -3674.7364 -12.8089 1197.4919
v -3674.7364 255.4173 1087.7765
v -3674.7364 255.4173 1197.4919
v -1696.7953 255.4173 -437.5661
v -1696.7953 217.3868 -437.5661
v -1696.7953 217.3868 388.3970
v -1696.7953 255.4173 388.3970
v -1696.7953 -12.8089 -437.5661
v -1696.7953 -12.8089 388.3970
vt 0.74966 0.11173
vt 0.64249 0.11173
vt 0.64249 0.12267
vt 0.74966 0.12267
vt 0.51243 0.11173
vt 0.40527 0.11173
vt 0.40527 0.12267
vt 0.51243 0.12267
vt 0.64249 0.11173
vt 0.51243 0.11173
vt 0.51243 0.12267
vt 0.64249 0.12267
vt 0.27051 0.16225
vt 0.25274 0.16225
vt 0.25274 0.57869
vt 0.27051 0.57869
vt 0.27051 0.57869
vt 0.25274 0.57869
vt 0.25274 0.58332
vt 0.27051 0.58332
vt 0.23408 0.58002
vt 0.25185 0.58002
vt 0.25185 0.57539
vt 0.23408 0.57539
vt 0.23408 0.57539
vt 0.25185 0.57539
vt 0.25185 0.15565
vt 0.23408 0.15565
vt 0.75772 0.51983
vt 0.86531 0.51983
vt 0.86531 0.37901
vt 0.75772 0.37901
vt 0.77549 0.85512
vt 0.77549 0.84692
vt 0.75772 0.84692
vt 0.75772 0.85512
vt 0.75772 0.66885
vt 0.86531 0.66885
vt 0.86531 0.52803
vt 0.75772 0.52803
vt 0.75772 0.52803
vt 0.86531 0.52803
vt 0.86531 0.51983
vt 0.75772 0.51983
vt 0.87351 0.66885
vt 0.87351 0.52803
vt 0.86531 0.52803
vt 0.86531 0.66885
vt 0.88308 0.85512
vt 0.77549 0.99976
vt 0.88308 0.99976
vt 0.77549 0.84266
vt 0.75772 0.84266
vt 0.97135 0.99976
vt 0.97135 0.89217
vt 0.88397 0.89217
vt 0.88397 0.99976
vt 0.75772 0.99976
vt 0.97135 0.87439
vt 0.88397 0.87439
vt 0.77549 0.84266
vt 0.88308 0.84266
vt 0.88308 0.83688
vt 0.77549 0.83688
vt 0.88308 0.84692
vt 0.88308 0.84266
vt 0.77549 0.77586
vt 0.75772 0.77586
vt 0.75772 0.78163
vt 0.77549 0.78163
vt 0.75772 0.77586
vt 0.77549 0.77586
vt 0.77549 0.66973
vt 0.75772 0.66973
vt 0.88308 0.77586
vt 0.88308 0.66973
vt 0.00024 0.47826
vt 0.00024 0.49603
vt 0.10637 0.49603
vt 0.10637 0.47826
vt 0.17806 0.04876
vt 0.17806 0.02941
vt 0.12649 0.02941
vt 0.12649 0.04718
vt 0.75684 0.37423
vt 0.73906 0.37423
vt 0.73906 0.99976
vt 0.75684 0.99976
vt 0.63147 0.37423
vt 0.63147 0.99976
vt 0.75772 0.83688
vt 0.77549 0.83688
vt 0.77549 0.78163
vt 0.75772 0.78163
vt 0.88308 0.83688
vt 0.88308 0.78163
vt 0.75772 0.84266
vt 0.75772 0.83688
vt 0.88308 0.77586
vt 0.88308 0.78163
vt 0.37898 0.12355
vt 0.37898 0.23114
vt 0.81112 0.23114
vt 0.81112 0.12355
vt 0.91959 0.27935
vt 0.93736 0.27935
vt 0.93736 0.27182
vt 0.91959 0.27182
vt 0.00024 0.60362
vt 0.10637 0.60362
vt 0.81200 0.37813
vt 0.91959 0.37813
vt 0.91959 0.27935
vt 0.81200 0.27935
vt 0.81112 0.24892
vt 0.37898 0.24892
vt 0.81200 0.27935
vt 0.81200 0.27182
vt 0.91959 0.17304
vt 0.81200 0.17304
vt 0.81200 0.27182
vt 0.91959 0.27182
vt 0.93736 0.17304
vt 0.93736 0.27182
vt 0.93736 0.37813
vt 0.93736 0.27935
vt 0.61282 0.24980
vt 0.61282 0.99976
vt 0.63059 0.99976
vt 0.63059 0.24980
vt 0.12649 0.57539
vt 0.12649 0.15565
vt 0.12649 0.58002
vt 0.12649 0.57539
vt 0.17806 0.15477
vt 0.12649 0.15477
vt 0.39676 0.24980
vt 0.37898 0.24980
vt 0.37898 0.99976
vt 0.39676 0.99976
vt 0.37810 0.57869
vt 0.37810 0.58332
vt 0.37810 0.16225
vt 0.37810 0.57869
vt 0.98187 0.17216
vt 0.98187 0.15438
vt 0.81200 0.15438
vt 0.81200 0.17216
vt 0.50435 0.24980
vt 0.50435 0.99976
vt 0.37810 0.58332
vt 0.27051 0.58332
vt 0.27051 0.99976
vt 0.37810 0.99976
vt 0.25274 0.58332
vt 0.25274 0.99976
vt 0.25185 0.58002
vt 0.23408 0.58002
vt 0.23408 0.99976
vt 0.25185 0.99976
vt 0.12649 0.58002
vt 0.12649 0.99976
vt 0.98187 0.04679
vt 0.81200 0.04679
vt 0.99976 0.49898
vt 0.89217 0.49898
vt 0.89217 0.66885
vt 0.99976 0.66885
vt 0.87439 0.49898
vt 0.87439 0.66885
vt 0.10783 0.60450
vt 0.00024 0.60450
vt 0.00024 0.99976
vt 0.10783 0.99976
vt 0.12561 0.60450
vt 0.12561 0.99976
vt 0.50523 0.24980
vt 0.50523 0.99976
vt 0.32446 0.15477
vt 0.32446 0.04718
vt 0.27318 0.04876
vt 0.27318 0.15477
vt 0.32446 0.02941
vt 0.27318 0.02941
vt 0.12561 0.08887
vt 0.10783 0.08887
vt 0.10783 0.47491
vt 0.12561 0.47491
vt 0.00024 0.08887
vt 0.00024 0.47491
vn -0.0000 -0.0000 1.0000
vn -0.0000 -0.0000 1.0000
vn -0.0000 -0.0000 1.0000
vn -0.0000 -0.0000 1.0000
vn 0.0000 0.0000 -1.0000
vn 0.0000 0.0000 -1.0000
vn 0.0000 0.0000 -1.0000
vn 0.0000 0.0000 -1.0000
vn 0.0000 -1.0000 -0.0000
vn 0.0000 -1.0000 -0.0000
vn 0.0000 -1.0000 -0.0000
vn 0.0000 -1.0000 -0.0000
vn -1.0000 0.0000 -0.0000
vn -1.0000 0.0000 -0.0000
vn -1.0000 0.0000 -0.0000
vn -1.0000 0.0000 -0.0000
vn 0.0000 0.0000 -1.0000
vn 0.0000 0.0000 -1.0000
vn 0.0000 0.0000 -1.0000
vn 0.0000 0.0000 -1.0000
vn -0.0000 -0.0000 1.0000
vn -0.0000 -0.0000 1.0000
vn -0.0000 -0.0000 1.0000
vn -0.0000 -0.0000 1.0000
vn -1.0000 0.0000 -0.0000
vn -1.0000 0.0000 -0.0000
vn -1.0000 0.0000 -0.0000
vn -1.0000 0.0000 -0.0000
vn 1.0000 0.0000 0.0000
vn 1.0000 0.0000 0.0000
vn 1.0000 0.0000 0.0000
vn 1.0000 0.0000 0.0000
vn 0.0000 0.0000 -1.0000
vn 0.0000 0.0000 -1.0000
vn 0.0000 0.0000 -1.0000
vn 0.0000 0.0000 -1.0000
vn -1.0000 0.0000 -0.0000
vn -1.0000 0.0000 -0.0000
vn -1.0000 0.0000 -0.0000
vn -1.0000 0.0000 -0.0000
vn 0.0000 0.0000 -1.0000
vn 0.0000 0.0000 -1.0000
vn 0.0000 0.0000 -1.0000
vn 0.0000 0.0000 -1.0000
vn 0.0000 1.0000 0.0000
vn 0.0000 1.0000 0.0000
vn 0.0000 1.0000 0.0000
vn 0.0000 1.0000 0.0000
vn 0.0000 0.0000 -1.0000
vn 0.0000 0.0000 -1.0000
vn 0.0000 0.0000 -1.0000
vn 0.0000 0.0000 -1.0000
vn 0.0000 0.0000 -1.0000
vn 1.0000 0.0000 0.0000
vn 1.0000 0.0000 0.0000
vn 1.0000 0.0000 0.0000
vn 1.0000 0.0000 0.0000
vn 0.0000 0.0000 -1.0000
vn 1.0000 0.0000 0.0000
vn 1.0000 0.0000 0.0000
vn 1.0000 0.0000 0.0000
vn 1.0000 0.0000 0.0000
vn 1.0000 0.0000 0.0000
vn 1.0000 0.0000 0.0000
vn 0.0000 0.0000 -1.0000
vn 0.0000 0.0000 -1.0000
vn -1.0000 0.0000 -0.0000
vn -1.0000 0.0000 -0.0000
vn -1.0000 0.0000 -0.0000
vn -1.0000 0.0000 -0.0000
vn 0.0000 0.0000 -1.0000
vn 0.0000 0.0000 -1.0000
vn 0.0000 0.0000 -1.0000
vn 0.0000 0.0000 -1.0000
vn 0.0000 0.0000 -1.0000
vn 0.0000 0.0000 -1.0000
vn 0.0000 0.0000 -1.0000
vn 0.0000 0.0000 -1.0000
vn 0.0000 0.0000 -1.0000
vn 0.0000 0.0000 -1.0000
vn 1.0000 0.0000 0.0000
vn 1.0000 0.0000 0.0000
vn 1.0000 0.0000 0.0000
vn 1.0000 0.0000 0.0000
vn 1.0000 0.0000 0.0000
vn 1.0000 0.0000 0.0000
vn 1.0000 0.0000 0.0000
vn 1.0000 0.0000 0.0000
vn 1.0000 0.0000 0.0000
vn 1.0000 0.0000 0.0000
vn 0.0000 0.0000 -1.0000
vn 0.0000 0.0000 -1.0000
vn 0.0000 0.0000 -1.0000
vn 0.0000 0.0000 -1.0000
vn 0.0000 0.0000 -1.0000
vn 0.0000 0.0000 -1.0000
vn 1.0000 0.0000 0.0000
vn 1.0000 0.0000 0.0000
vn -1.0000 0.0000 -0.0000
vn -1.0000 0.0000 -0.0000
vn -0.0000 -0.0000 1.0000
vn -0.0000 -0.0000 1.0000
vn -0.0000 -0.0000 1.0000
vn -0.0000 -0.0000 1.0000
vn 0.0000 0.0000 -1.0000
vn 0.0000 0.0000 -1.0000
vn 0.0000 0.0000 -1.0000
vn 0.0000 0.0000 -1.0000
vn 0.0000 0.0000 -1.0000
vn 0.0000 0.0000 -1.0000
vn -1.0000 0.0000 -0.0000
vn -1.0000 0.0000 -0.0000
vn -1.0000 0.0000 -0.0000
vn -1.0000 0.0000 -0.0000
vn -0.0000 -0.0000 1.0000
vn -0.0000 -0.0000 1.0000
vn 0.0000 0.0000 -1.0000
vn 0.0000 0.0000 -1.0000
vn 1.0000 0.0000 0.0000
vn 1.0000 0.0000 0.0000
vn 1.0000 0.0000 0.0000
vn 1.0000 0.0000 0.0000
vn 1.0000 0.0000 0.0000
vn 1.0000 0.0000 0.0000
vn -1.0000 0.0000 -0.0000
vn -1.0000 0.0000 -0.0000
vn -0.0000 -0.0000 1.0000
vn -0.0000 -0.0000 1.0000
vn -0.0000 -0.0000 1.0000
vn -0.0000 -0.0000 1.0000
vn -1.0000 0.0000 -0.0000
vn -1.0000 0.0000 -0.0000
vn -0.0000 -0.0000 1.0000
vn -0.0000 -0.0000 1.0000
vn 1.0000 0.0000 0.0000
vn 1.0000 0.0000 0.0000
vn 0.0000 0.0000 -1.0000
vn 0.0000 0.0000 -1.0000
vn 0.0000 0.0000 -1.0000
vn 0.0000 0.0000 -1.0000
vn 0.0000 0.0000 -1.0000
vn 0.0000 0.0000 -1.0000
vn -1.0000 0.0000 -0.0000
vn -1.0000 0.0000 -0.0000
vn -0.0000 -0.0000 1.0000
vn -0.0000 -0.0000 1.0000
vn -0.0000 -0.0000 1.0000
vn -0.0000 -0.0000 1.0000
vn 0.0000 0.0000 -1.0000
vn 0.0000 0.0000 -1.0000
vn 1.0000 0.0000 0.0000
vn 1.0000 0.0000 0.0000
vn 1.0000 0.0000 0.0000
vn 1.0000 0.0000 0.0000
vn 1.0000 0.0000 0.0000
vn 1.0000 0.0000 0.0000
vn 1.0000 0.0000 0.0000
vn 1.0000 0.0000 0.0000
vn 1.0000 0.0000 0.0000
vn 1.0000 0.0000 0.0000
vn 1.0000 0.0000 0.0000
vn 1.0000 0.0000 0.0000
vn -0.0000 -0.0000 1.0000
vn -0.0000 -0.0000 1.0000
vn 0.0000 0.0000 -1.0000
vn 0.0000 0.0000 -1.0000
vn 0.0000 0.0000 -1.0000
vn 0.0000 0.0000 -1.0000
vn 0.0000 0.0000 -1.0000
vn 0.0000 0.0000 -1.0000
vn -1.0000 0.0000 -0.0000
vn -1.0000 0.0000 -0.0000
vn -1.0000 0.0000 -0.0000
vn -1.0000 0.0000 -0.0000
vn -1.0000 0.0000 -0.0000
vn -1.0000 0.0000 -0.0000
vn -0.0000 -0.0000 1.0000
vn -0.0000 -0.0000 1.0000
vn 1.0000 0.0000 0.0000
vn 1.0000 0.0000 0.0000
vn 1.0000 0.0000 0.0000
vn 1.0000 0.0000 0.0000
vn 1.0000 0.0000 0.0000
vn 1.0000 0.0000 0.0000
vn -1.0000 0.0000 -0.0000
vn -1.0000 0.0000 -0.0000
vn -1.0000 0.0000 -0.0000
vn -1.0000 0.0000 -0.0000
vn -1.0000 0.0000 -0.0000
vn -1.0000 0.0000 -0.0000
f 296/296/296 297/297/297 298/298/298
f 296/296/296 298/298/298 299/299/299
f 300/300/300 301/301/301 302/302/302
f 300/300/300 302/302/302 303/303/303
f 304/304/304 305/305/305 306/306/306
f 304/304/304 306/306/306 307/307/307
f 308/308/308 309/309/309 310/310/310
f 308/308/308 310/310/310 311/311/311
f 312/312/312 313/313/313 314/314/314
f 312/312/312 314/314/314 315/315/315
f 316/316/316 317/317/317 318/318/318
f 316/316/316 318/318/318 319/319/319
f 320/320/320 321/321/321 322/322/322
f 320/320/320 322/322/322 323/323/323
f 324/324/324 325/325/325 326/326/326
f 324/324/324 326/326/326 327/327/327
f 328/328/328 329/329/329 330/330/330
f 328/328/328 330/330/330 331/331/331
f 332/332/332 333/333/333 334/334/334
f 332/332/332 334/334/334 335/335/335
f 336/336/336 337/337/337 338/338/338
f 336/336/336 338/338/338 339/339/339
f 340/340/340 341/341/341 342/342/342
f 340/340/340 342/342/342 343/343/343
f 344/344/344 328/328/328 345/345/345
f 344/344/344 345/345/345 346/346/346
f 330/330/330 329/329/329 347/347/347
f 330/330/330 347/347/347 348/348/348
f 349/349/349 350/350/350 351/351/351
f 349/349/349 351/351/351 352/352/352
f 345/345/345 328/328/328 331/331/331
f 345/345/345 331/331/331 353/353/353
f 351/351/351 350/350/350 354/354/354
f 351/351/351 354/354/354 355/355/355
f 356/356/356 357/357/357 358/358/358
f 356/356/356 358/358/358 359/359/359
f 329/329/329 360/360/360 361/361/361
f 329/329/329 361/361/361 347/347/347
f 362/362/362 363/363/363 364/364/364
f 362/362/362 364/364/364 365/365/365
f 366/366/366 367/367/367 368/368/368
f 366/366/366 368/368/368 369/369/369
f 367/367/367 370/370/370 371/371/371
f 367/367/367 371/371/371 368/368/368
f 372/372/372 373/373/373 374/374/374
f 372/372/372 374/374/374 375/375/375
f 376/376/376 377/377/377 378/378/378
f 376/376/376 378/378/378 379/379/379
f 380/380/380 381/381/381 382/382/382
f 380/380/380 382/382/382 383/383/383
f 381/381/381 384/384/384 385/385/385
f 381/381/381 385/385/385 382/382/382
f 386/386/386 387/387/387 388/388/388
f 386/386/386 388/388/388 389/389/389
f 387/387/387 390/390/390 391/391/391
f 387/387/387 391/391/391 388/388/388
f 392/392/392 356/356/356 359/359/359
f 392/392/392 359/359/359 393/393/393
f 394/394/394 362/362/362 365/365/365
f 394/394/394 365/365/365 395/395/395
f 396/396/396 397/397/397 398/398/398
f 396/396/396 398/398/398 399/399/399
f 400/400/400 401/401/401 402/402/402
f 400/400/400 402/402/402 403/403/403
f 373/373/373 404/404/404 405/405/405
f 373/373/373 405/405/405 374/374/374
f 406/406/406 407/407/407 408/408/408
f 406/406/406 408/408/408 409/409/409
f 410/410/410 398/398/398 397/397/397
f 410/410/410 397/397/397 411/411/411
f 412/412/412 400/400/400 403/403/403
f 412/412/412 403/403/403 413/413/413
f 414/414/414 415/415/415 416/416/416
f 414/414/414 416/416/416 417/417/417
f 418/418/418 414/414/414 417/417/417
f 418/418/418 417/417/417 419/419/419
f 407/407/407 420/420/420 421/421/421
f 407/407/407 421/421/421 408/408/408
f 422/422/422 423/423/423 424/424/424
f 422/422/422 424/424/424 425/425/425
f 426/426/426 320/320/320 323/323/323
f 426/426/426 323/323/323 427/427/427
f 428/428/428 316/316/316 319/319/319
f 428/428/428 319/319/319 429/429/429
f 430/430/430 376/376/376 379/379/379
f 430/430/430 379/379/379 431/431/431
f 432/432/432 433/433/433 434/434/434
f 432/432/432 434/434/434 435/435/435
f 436/436/436 312/312/312 315/315/315
f 436/436/436 315/315/315 437/437/437
f 438/438/438 308/308/308 311/311/311
f 438/438/438 311/311/311 439/439/439
f 440/440/440 441/441/441 442/442/442
f 440/440/440 442/442/442 443/443/443
f 444/444/444 432/432/432 435/435/435
f 444/444/444 435/435/435 445/445/445
f 446/446/446 447/447/447 448/448/448
f 446/446/446 448/448/448 449/449/449
f 447/447/447 450/450/450 451/451/451
f 447/447/447 451/451/451 448/448/448
f 452/452/452 453/453/453 454/454/454
f 452/452/452 454/454/454 455/455/455
f 453/453/453 456/456/456 457/457/457
f 453/453/453 457/457/457 454/454/454
f 441/441/441 458/458/458 459/459/459
f 441/441/441 459/459/459 442/442/442
f 460/460/460 461/461/461 462/462/462
f 460/460/460 462/462/462 463/463/463
f 461/461/461 464/464/464 465/465/465
f 461/461/461 465/465/465 462/462/462
f 466/466/466 467/467/467 468/468/468
f 466/466/466 468/468/468 469/469/469
f 470/470/470 466/466/466 469/469/469
f 470/470/470 469/469/469 471/471/471
f 472/472/472 473/473/473 423/423/423
f 472/472/472 423/423/423 422/422/422
f 474/474/474 475/475/475 476/476/476
f 474/474/474 476/476/476 477/477/477
f 475/475/475 478/478/478 479/479/479
f 475/475/475 479/479/479 476/476/476
f 476/476/476 479/479/479 377/377/377
f 476/476/476 377/377/377 376/376/376
f 480/480/480 481/481/481 482/482/482
f 480/480/480 482/482/482 483/483/483
f 481/481/481 484/484/484 485/485/485
f 481/481/481 485/485/485 482/482/482
f 483/483/483 482/482/482 466/466/466
f 483/483/483 466/466/466 470/470/470
o Object_21
g Object_21
usemtl Wall_4
v -5531.9756 194.7059 -353.2463
v -5531.9756 187.0051 -345.5456
v -5531.9752 217.3868 -322.8646
v -5531.9756 138.0713 -323.5222
v -5531.9752 127.2005 -322.8646
v -5531.9756 217.3868 -413.0509
v -5531.9756 216.7293 -402.1802
v -5531.9756 214.7662 -391.4680
v -5531.9756 148.7835 -325.4852
v -5531.9756 159.1810 -328.7252
v -5531.9756 211.5262 -381.0704
v -5531.9756 207.0565 -371.1392
v -5531.9756 169.1122 -333.1949
v -5531.9756 178.4322 -338.8290
v -5531.9756 201.4224 -361.8193
v -5951.8959 225.1044 424.5371
v -5985.2917 225.1044 424.5371
v -5985.2917 223.1375 413.6485
v -5951.8959 223.1375 413.6485
v -5951.8959 220.1690 402.9385
v -5985.2917 220.1690 402.9385
v -5985.2917 215.8285 392.7605
v -5951.8959 215.8285 392.7605
v -5951.8959 210.5513 382.9796
v -5985.2917 210.5513 382.9796
v -5985.2917 204.0548 374.0227
v -5951.8959 204.0548 374.0227
v -5951.8959 196.7334 365.6613
v -5985.2917 196.7334 365.6613
v -5985.2917 188.4066 358.3745
v -5951.8959 188.4066 358.3745
v -5951.8959 179.4082 351.8520
v -5985.2917 179.4082 351.8520
v -5985.2917 169.6688 346.6008
v -5951.8959 169.6688 346.6008
v -5951.8959 159.4446 342.2441
v -5985.2917 159.4446 342.2441
v -5985.2917 148.7808 339.2918
v -5951.8959 148.7808 339.2918
v -5951.8959 137.8557 337.5362
v -5985.2917 137.8557 337.5362
v -5985.2917 126.7902 336.8140
v -5951.8959 126.7902 336.8140
v -5951.8959 137.8942 533.8648
v -5985.2917 137.8942 533.8648
v -5985.2917 148.7808 531.9864
v -5951.8959 148.7808 531.9864
v -5951.8959 159.4934 529.0329
v -5985.2917 159.4934 529.0329
v -5985.2917 169.6688 524.6774
v -5951.8959 169.6688 524.6774
v -5951.8959 179.4486 519.3978
v -5985.2917 179.4486 519.3978
v -5985.2917 188.4066 512.9036
v -5951.8959 188.4066 512.9036
v -5951.8959 196.7682 505.5826
v -5985.2917 196.7682 505.5826
v -5985.2917 204.0548 497.2555
v -5951.8959 204.0548 497.2555
v -5951.8959 210.5772 488.2571
v -5985.2917 210.5772 488.2571
v -5985.2917 215.8285 478.5177
v -5951.8959 215.8285 478.5177
v -5951.8959 220.1852 468.2935
v -5985.2917 220.1852 468.2935
v -5985.2917 223.1375 457.6297
v -5951.8959 223.1375 457.6297
v -5951.8959 225.1099 446.6925
v -5985.2917 225.1099 446.6925
v -5985.2917 225.6153 435.6391
v -5951.8959 225.6153 435.6391
v -5951.8959 126.7902 534.4642
v -5951.8959 -11.8815 534.4642
v -5985.2917 -11.8815 534.4642
v -5985.2917 126.7902 534.4642
v -5985.2917 126.7902 336.8140
v -5985.2917 126.7902 315.1394
v -5985.2917 -11.8815 315.1394
v -5985.2917 -11.8815 336.8140
v -5951.8959 -11.8815 336.8140
v -5985.2917 -11.8815 336.8140
v -5951.8959 126.7902 556.1391
v -5951.8959 -11.8815 556.1391
v -5951.8959 -11.8815 534.4642
v -5951.8959 126.7902 534.4642
v -5985.2917 126.7902 556.1391
v -5985.2917 126.7902 534.4642
v -5985.2917 -11.8815 534.4642
v -5985.2917 -11.8815 556.1391
v -5951.8959 126.7902 315.1394
v -5951.8959 126.7902 336.8140
v -5951.8959 -11.8815 336.8140
v -5951.8959 -11.8815 315.1394
v -5985.2917 196.7682 505.5826
v -5951.8959 196.7682 505.5826
v -5985.2917 196.7334 365.6613
v -5951.8959 196.7334 365.6613
v -5947.5258 254.1909 289.9270
v -5947.5258 254.1909 331.2885
v -5947.5258 -11.8815 331.2885
v -5947.5258 -11.8815 289.9270
v -5947.5258 254.1909 813.2879
v -5947.5258 -11.8815 813.2879
v -5947.5258 -11.8815 780.9894
v -5947.5258 254.1909 780.9894
v -5951.8959 254.1909 539.9897
v -5947.5258 254.1909 539.9897
v -5947.5258 -11.8815 539.9897
v -5951.8959 -11.8815 539.9897
v -5985.2917 254.1909 539.9897
v -5985.2917 -11.8815 539.9897
v -5989.6618 -11.8815 539.9897
v -5989.6618 254.1909 539.9897
v -5951.8959 254.1909 331.2885
v -5951.8959 -11.8815 331.2885
v -5947.5258 -11.8815 331.2885
v -5947.5258 254.1909 331.2885
v -5989.6618 254.1909 289.9270
v -5989.6618 -11.8815 289.9270
v -5989.6618 -11.8815 331.2885
v -5989.6618 254.1909 331.2885
v -5985.2917 254.1909 331.2885
v -5989.6618 254.1909 331.2885
v -5989.6618 -11.8815 331.2885
v -5985.2917 -11.8815 331.2885
v -5951.8959 225.1044 665.5368
v -5985.2917 225.1044 665.5368
v -5985.2917 223.1375 654.6482
v -5951.8959 223.1375 654.6482
v -5951.8959 220.1690 643.9382
v -5985.2917 220.1690 643.9382
v -5985.2917 215.8285 633.7602
v -5951.8959 215.8285 633.7602
v -5951.8959 210.5513 623.9793
v -5985.2917 210.5513 623.9793
v -5985.2917 204.0548 615.0224
v -5951.8959 204.0548 615.0224
v -5951.8959 196.7334 606.6610
v -5985.2917 196.7334 606.6610
v -5985.2917 188.4066 599.3742
v -5951.8959 188.4066 599.3742
v -5951.8959 179.4082 592.8517
v -5985.2917 179.4082 592.8517
v -5985.2917 169.6688 587.6005
v -5951.8959 169.6688 587.6005
v -5951.8959 159.4446 583.2438
v -5985.2917 159.4446 583.2438
v -5985.2917 148.7808 580.2915
v -5951.8959 148.7808 580.2915
v -5951.8959 137.8557 578.5359
v -5985.2917 137.8557 578.5359
v -5985.2917 126.7902 577.8137
v -5951.8959 126.7902 577.8137
v -5951.8959 137.8942 774.8645
v -5985.2917 137.8942 774.8645
v -5985.2917 148.7808 772.9861
v -5951.8959 148.7808 772.9861
v -5951.8959 159.4934 770.0326
v -5985.2917 159.4934 770.0326
v -5985.2917 169.6688 765.6771
v -5951.8959 169.6688 765.6771
v -5951.8959 179.4486 760.3975
v -5985.2917 179.4486 760.3975
v -5985.2917 188.4066 753.9033
v -5951.8959 188.4066 753.9033
v -5951.8959 196.7682 746.5823
v -5985.2917 196.7682 746.5823
v -5985.2917 204.0548 738.2552
v -5951.8959 204.0548 738.2552
v -5951.8959 210.5772 729.2568
v -5985.2917 210.5772 729.2568
v -5985.2917 215.8285 719.5174
v -5951.8959 215.8285 719.5174
v -5951.8959 220.1852 709.2932
v -5985.2917 220.1852 709.2932
v -5985.2917 223.1375 698.6294
v -5951.8959 223.1375 698.6294
v -5951.8959 225.1099 687.6922
v -5985.2917 225.1099 687.6922
v -5985.2917 225.6153 676.6388
v -5951.8959 225.6153 676.6388
v -5951.8959 126.7902 775.4639
v -5951.8959 -11.8815 775.4639
v -5985.2917 -11.8815 775.4639
v -5985.2917 126.7902 775.4639
v -5985.2917 126.7902 577.8137
v -5985.2917 -11.8815 577.8137
v -5951.8959 -11.8815 577.8137
v -5985.2917 -11.8815 577.8137
v -5951.8959 126.7902 797.1388
v -5951.8959 -11.8815 797.1388
v -5951.8959 -11.8815 775.4639
v -5951.8959 126.7902 775.4639
v -5985.2917 126.7902 797.1388
v -5985.2917 126.7902 775.4639
v -5985.2917 -11.8815 775.4639
v -5985.2917 -11.8815 797.1388
v -5951.8959 126.7902 577.8137
v -5951.8959 -11.8815 577.8137
v -5985.2917 196.7682 746.5823
v -5951.8959 196.7682 746.5823
v -5985.2917 196.7334 606.6610
v -5951.8959 196.7334 606.6610
v -5947.5258 254.1909 1054.2875
v -5947.5258 -11.8815 1054.2875
v -5947.5258 -11.8815 1021.9891
v -5947.5258 254.1909 1021.9891
v -5951.8959 254.1909 780.9894
v -5947.5258 254.1909 780.9894
v -5947.5258 -11.8815 780.9894
v -5951.8959 -11.8815 780.9894
v -5985.2917 254.1909 780.9894
v -5985.2917 -11.8815 780.9894
v -5989.6618 -11.8815 780.9894
v -5989.6618 254.1909 780.9894
v -5989.6618 -11.8815 813.2879
v -5989.6618 254.1909 813.2879
v -5989.6618 254.1909 780.9894
v -5989.6618 -11.8815 780.9894
v -5951.8959 254.1909 572.2882
v -5951.8959 -11.8815 572.2882
v -5947.5258 -11.8815 572.2882
v -5947.5258 254.1909 572.2882
v -5985.2917 254.1909 572.2882
v -5989.6618 254.1909 572.2882
v -5989.6618 -11.8815 572.2882
v -5985.2917 -11.8815 572.2882
v -5951.8959 225.1044 906.5365
v -5985.2917 225.1044 906.5365
v -5985.2917 223.1375 895.6478
v -5951.8959 223.1375 895.6478
v -5951.8959 220.1690 884.9379
v -5985.2917 220.1690 884.9379
v -5985.2917 215.8285 874.7599
v -5951.8959 215.8285 874.7599
v -5951.8959 210.5513 864.9790
v -5985.2917 210.5513 864.9790
v -5985.2917 204.0548 856.0221
v -5951.8959 204.0548 856.0221
v -5951.8959 196.7334 847.6607
v -5985.2917 196.7334 847.6607
v -5985.2917 188.4066 840.3740
v -5951.8959 188.4066 840.3740
v -5951.8959 179.4082 833.8514
v -5985.2917 179.4082 833.8514
v -5985.2917 169.6688 828.6001
v -5951.8959 169.6688 828.6001
v -5951.8959 159.4446 824.2435
v -5985.2917 159.4446 824.2435
v -5985.2917 148.7808 821.2912
v -5951.8959 148.7808 821.2912
v -5951.8959 137.8557 819.5356
v -5985.2917 137.8557 819.5356
v -5985.2917 126.7902 818.8134
v -5951.8959 126.7902 818.8134
v -5951.8959 137.8942 1015.8642
v -5985.2917 137.8942 1015.8642
v -5985.2917 148.7808 1013.9858
v -5951.8959 148.7808 1013.9858
v -5951.8959 159.4934 1011.0323
v -5985.2917 159.4934 1011.0323
v -5985.2917 169.6688 1006.6769
v -5951.8959 169.6688 1006.6769
v -5951.8959 179.4486 1001.3971
v -5985.2917 179.4486 1001.3971
v -5985.2917 188.4066 994.9030
v -5951.8959 188.4066 994.9030
v -5951.8959 196.7682 987.5820
v -5985.2917 196.7682 987.5820
v -5985.2917 204.0548 979.2549
v -5951.8959 204.0548 979.2549
v -5951.8959 210.5772 970.2564
v -5985.2917 210.5772 970.2564
v -5985.2917 215.8285 960.5171
v -5951.8959 215.8285 960.5171
v -5951.8959 220.1852 950.2929
v -5985.2917 220.1852 950.2929
v -5985.2917 223.1375 939.6292
v -5951.8959 223.1375 939.6292
v -5951.8959 225.1099 928.6919
v -5985.2917 225.1099 928.6919
v -5985.2917 225.6153 917.6385
v -5951.8959 225.6153 917.6385
v -5951.8959 126.7902 1016.4636
v -5951.8959 -11.8815 1016.4636
v -5985.2917 -11.8815 1016.4636
v -5985.2917 126.7902 1016.4636
v -5985.2917 126.7902 818.8134
v -5985.2917 -11.8815 818.8134
v -5951.8959 -11.8815 818.8134
v -5985.2917 -11.8815 818.8134
v -5951.8959 126.7902 1038.1385
v -5951.8959 -11.8815 1038.1385
v -5951.8959 -11.8815 1016.4636
v -5951.8959 126.7902 1016.4636
v -5985.2917 126.7902 1038.1385
v -5985.2917 126.7902 1016.4636
v -5985.2917 -11.8815 1016.4636
v -5985.2917 -11.8815 1038.1385
v -5951.8959 126.7902 818.8134
v -5951.8959 -11.8815 818.8134
v -5985.2917 196.7682 987.5820
v -5951.8959 196.7682 987.5820
v -5985.2917 196.7334 847.6607
v -5951.8959 196.7334 847.6607
v -5947.5258 254.1909 539.9897
v -5947.5258 254.1909 572.2882
v -5947.5258 -11.8815 572.2882
v -5947.5258 -11.8815 539.9897
v -5951.8959 254.1909 1021.9891
v -5947.5258 254.1909 1021.9891
v -5947.5258 -11.8815 1021.9891
v -5951.8959 -11.8815 1021.9891
v -5985.2917 254.1909 1021.9891
v -5985.2917 -11.8815 1021.9891
v -5989.6618 -11.8815 1021.9891
v -5989.6618 254.1909 1021.9891
v -5947.5258 254.1909 1262.9888
v -5947.5258 254.1909 1295.2872
v -5947.5258 -11.8815 1295.2872
v -5947.5258 -11.8815 1262.9888
v -5951.8959 254.1909 813.2879
v -5951.8959 -11.8815 813.2879
v -5947.5258 -11.8815 813.2879
v -5947.5258 254.1909 813.2879
v -5985.2917 254.1909 813.2879
v -5989.6618 254.1909 813.2879
v -5989.6618 -11.8815 813.2879
v -5985.2917 -11.8815 813.2879
v -5951.8959 225.1044 1147.5363
v -5985.2917 225.1044 1147.5363
v -5985.2917 223.1375 1136.6476
v -5951.8959 223.1375 1136.6476
v -5951.8959 220.1690 1125.9377
v -5985.2917 220.1690 1125.9377
v -5985.2917 215.8285 1115.7597
v -5951.8959 215.8285 1115.7597
v -5951.8959 210.5513 1105.9788
v -5985.2917 210.5513 1105.9788
v -5985.2917 204.0548 1097.0218
v -5951.8959 204.0548 1097.0218
v -5951.8959 196.7334 1088.6604
v -5985.2917 196.7334 1088.6604
v -5985.2917 188.4066 1081.3736
v -5951.8959 188.4066 1081.3736
v -5951.8959 179.4082 1074.8510
v -5985.2917 179.4082 1074.8510
v -5985.2917 169.6688 1069.5999
v -5951.8959 169.6688 1069.5999
v -5951.8959 159.4446 1065.2431
v -5985.2917 159.4446 1065.2431
v -5985.2917 148.7808 1062.2909
v -5951.8959 148.7808 1062.2909
v -5951.8959 137.8557 1060.5353
v -5985.2917 137.8557 1060.5353
v -5985.2917 126.7902 1059.8131
v -5951.8959 126.7902 1059.8131
v -5951.8959 137.8942 1256.8640
v -5985.2917 137.8942 1256.8640
v -5985.2917 148.7808 1254.9855
v -5951.8959 148.7808 1254.9855
v -5951.8959 159.4934 1252.0320
v -5985.2917 159.4934 1252.0320
v -5985.2917 169.6688 1247.6765
v -5951.8959 169.6688 1247.6765
v -5951.8959 179.4486 1242.3968
v -5985.2917 179.4486 1242.3968
v -5985.2917 188.4066 1235.9028
v -5951.8959 188.4066 1235.9028
v -5951.8959 196.7682 1228.5817
v -5985.2917 196.7682 1228.5817
v -5985.2917 204.0548 1220.2546
v -5951.8959 204.0548 1220.2546
v -5951.8959 210.5772 1211.2562
v -5985.2917 210.5772 1211.2562
v -5985.2917 215.8285 1201.5167
v -5951.8959 215.8285 1201.5167
v -5951.8959 220.1852 1191.2926
v -5985.2917 220.1852 1191.2926
v -5985.2917 223.1375 1180.6288
v -5951.8959 223.1375 1180.6288
v -5951.8959 225.1099 1169.6915
v -5985.2917 225.1099 1169.6915
v -5985.2917 225.6153 1158.6382
v -5951.8959 225.6153 1158.6382
v -5951.8959 126.7902 1257.4633
v -5951.8959 -11.8815 1257.4633
v -5985.2917 -11.8815 1257.4633
v -5985.2917 126.7902 1257.4633
v -5985.2917 126.7902 1059.8131
v -5985.2917 -11.8815 1059.8131
v -5951.8959 -11.8815 1059.8131
v -5985.2917 -11.8815 1059.8131
v -5951.8959 126.7902 1279.1383
v -5951.8959 -11.8815 1279.1383
v -5951.8959 -11.8815 1257.4633
v -5951.8959 126.7902 1257.4633
v -5985.2917 126.7902 1279.1383
v -5985.2917 126.7902 1257.4633
v -5985.2917 -11.8815 1257.4633
v -5985.2917 -11.8815 1279.1383
v -5951.8959 126.7902 1059.8131
v -5951.8959 -11.8815 1059.8131
v -5985.2917 196.7682 1228.5817
v -5951.8959 196.7682 1228.5817
v -5985.2917 196.7334 1088.6604
v -5951.8959 196.7334 1088.6604
v -5989.6618 -11.8815 1054.2875
v -5989.6618 254.1909 1054.2875
v -5989.6618 254.1909 1021.9891
v -5989.6618 -11.8815 1021.9891
v -5951.8959 254.1909 1262.9888
v -5947.5258 254.1909 1262.9888
v -5947.5258 -11.8815 1262.9888
v -5951.8959 -11.8815 1262.9888
v -5985.2917 254.1909 1262.9888
v -5985.2917 -11.8815 1262.9888
v -5989.6618 -11.8815 1262.9888
v -5989.6618 254.1909 1262.9888
v -5989.6618 -11.8815 1262.9888
v -5989.6618 -11.8815 1295.2872
v -5989.6618 254.1909 1295.2872
v -5989.6618 254.1909 1262.9888
v -5951.8959 254.1909 1054.2875
v -5951.8959 -11.8815 1054.2875
v -5947.5258 -11.8815 1054.2875
v -5947.5258 254.1909 1054.2875
v -5985.2917 254.1909 1054.2875
v -5989.6618 254.1909 1054.2875
v -5989.6618 -11.8815 1054.2875
v -5985.2917 -11.8815 1054.2875
v -5951.8959 225.1044 1388.5359
v -5985.2917 225.1044 1388.5359
v -5985.2917 223.1375 1377.6472
v -5951.8959 223.1375 1377.6472
v -5951.8959 220.1690 1366.9374
v -5985.2917 220.1690 1366.9374
v -5985.2917 215.8285 1356.7593
v -5951.8959 215.8285 1356.7593
v -5951.8959 210.5513 1346.9785
v -5985.2917 210.5513 1346.9785
v -5985.2917 204.0548 1338.0215
v -5951.8959 204.0548 1338.0215
v -5951.8959 196.7334 1329.6601
v -5985.2917 196.7334 1329.6601
v -5985.2917 188.4066 1322.3733
v -5951.8959 188.4066 1322.3733
v -5951.8959 179.4082 1315.8508
v -5985.2917 179.4082 1315.8508
v -5985.2917 169.6688 1310.5996
v -5951.8959 169.6688 1310.5996
v -5951.8959 159.4446 1306.2429
v -5985.2917 159.4446 1306.2429
v -5985.2917 148.7808 1303.2906
v -5951.8959 148.7808 1303.2906
v -5951.8959 137.8557 1301.5350
v -5985.2917 137.8557 1301.5350
v -5985.2917 126.7902 1300.8128
v -5951.8959 126.7902 1300.8128
v -5951.8959 137.8942 1497.8637
v -5985.2917 137.8942 1497.8637
v -5985.2917 148.7808 1495.9852
v -5951.8959 148.7808 1495.9852
v -5951.8959 159.4934 1493.0317
v -5985.2917 159.4934 1493.0317
v -5985.2917 169.6688 1488.6762
v -5951.8959 169.6688 1488.6762
v -5951.8959 179.4486 1483.3965
v -5985.2917 179.4486 1483.3965
v -5985.2917 188.4066 1476.9025
v -5951.8959 188.4066 1476.9025
v -5951.8959 196.7682 1469.5814
v -5985.2917 196.7682 1469.5814
v -5985.2917 204.0548 1461.2543
v -5951.8959 204.0548 1461.2543
v -5951.8959 210.5772 1452.2558
v -5985.2917 210.5772 1452.2558
v -5985.2917 215.8285 1442.5165
v -5951.8959 215.8285 1442.5165
v -5951.8959 220.1852 1432.2923
v -5985.2917 220.1852 1432.2923
v -5985.2917 223.1375 1421.6286
v -5951.8959 223.1375 1421.6286
v -5951.8959 225.1099 1410.6913
v -5985.2917 225.1099 1410.6913
v -5985.2917 225.6153 1399.6379
v -5951.8959 225.6153 1399.6379
v -5951.8959 126.7902 1498.4630
v -5951.8959 -11.8815 1498.4630
v -5985.2917 -11.8815 1498.4630
v -5985.2917 126.7902 1498.4630
v -5985.2917 126.7902 1300.8128
v -5985.2917 -11.8815 1300.8128
v -5951.8959 -11.8815 1300.8128
v -5985.2917 -11.8815 1300.8128
v -5951.8959 126.7902 1520.1379
v -5951.8959 -11.8815 1520.1379
v -5951.8959 -11.8815 1498.4630
v -5951.8959 126.7902 1498.4630
v -5985.2917 126.7902 1520.1379
v -5985.2917 126.7902 1498.4630
v -5985.2917 -11.8815 1498.4630
v -5985.2917 -11.8815 1520.1379
v -5951.8959 126.7902 1300.8128
v -5951.8959 -11.8815 1300.8128
v -5985.2917 196.7682 1469.5814
v -5951.8959 196.7682 1469.5814
v -5985.2917 196.7334 1329.6601
v -5951.8959 196.7334 1329.6601
v -5989.6618 254.1909 1520.1379
v -5989.6618 254.1909 1503.9886
v -5989.6618 -11.8815 1503.9886
v -5989.6618 -11.8815 1520.1379
v -5951.8959 254.1909 1503.9886
v -5947.5258 254.1909 1503.9886
v -5947.5258 -11.8815 1503.9886
v -5951.8959 -11.8815 1503.9886
v -5985.2917 254.1909 1503.9886
v -5985.2917 -11.8815 1503.9886
v -5989.6618 -11.8815 1503.9886
v -5989.6618 254.1909 1503.9886
v -5947.5258 254.1909 1520.1379
v -5947.5258 -11.8815 1520.1379
v -5947.5258 -11.8815 1503.9886
v -5947.5258 254.1909 1503.9886
v -5951.8959 254.1909 1295.2872
v -5951.8959 -11.8815 1295.2872
v -5947.5258 -11.8815 1295.2872
v -5947.5258 254.1909 1295.2872
v -5985.2917 254.1909 1295.2872
v -5989.6618 254.1909 1295.2872
v -5989.6618 -11.8815 1295.2872
v -5985.2917 -11.8815 1295.2872
v -5947.5258 -11.8815 289.9270
v -5989.6618 -11.8815 289.9270
v -5989.6618 254.1909 289.9270
v -5947.5258 254.1909 289.9270
v -5498.7316 -12.8089 -437.5656
v -5498.7316 217.3868 -437.5656
v -5531.9756 217.3868 -437.5656
v -5531.9756 -12.8089 -437.5656
v -5498.7316 217.3868 -437.5656
v -5498.7316 217.3868 -413.0509
v -5531.9756 217.3868 -413.0509
v -5531.9756 217.3868 -437.5656
v -5498.7316 127.2005 -322.8646
v -5498.7316 -12.8089 -322.8646
v -5531.9752 -12.8089 -322.8646
v -5531.9752 127.2005 -322.8646
v -5531.9756 244.3145 -437.5656
v -5531.9756 244.3145 -413.0509
v -5531.9756 254.1909 -413.0509
v -5531.9756 254.1909 -437.5656
v -5531.9756 244.3145 -437.5656
v -5531.9756 254.1909 -437.5656
v -6875.0832 254.1909 -437.5656
v -6875.0832 244.3145 -437.5656
v -6875.0832 217.3868 -437.5656
v -6875.0832 -12.8089 -437.5656
v -6875.0832 244.3145 1255.2767
v -6875.0832 254.1909 1255.2767
v -6875.0832 254.1909 1520.1378
v -6875.0832 244.3145 1520.1378
v -6875.0832 -12.8089 1255.2767
v -6875.0832 169.9404 1255.2767
v -6875.0832 217.3868 1520.1378
v -6875.0832 -12.8089 1520.1378
v -6875.0832 244.3145 1520.1378
v -6875.0832 254.1909 1520.1378
v -5531.9752 254.1909 1520.1378
v -5531.9752 244.3145 1520.1378
v -6875.0832 -12.8089 1520.1378
v -6875.0832 217.3868 1520.1378
v -5531.9752 217.3868 1520.1378
v -5531.9752 -12.8089 1520.1378
v -5531.9752 244.3145 1520.1378
v -5531.9752 254.1909 1520.1378
v -5531.9752 254.1909 -322.8646
v -5531.9752 244.3145 -322.8646
v -6875.0832 -12.8089 -437.5656
v -6875.0832 217.3868 -437.5656
v -6875.0832 169.9404 1013.3443
v -6875.0832 -12.8089 1013.3443
v -6875.0832 244.3145 -437.5656
v -6875.0832 254.1909 -437.5656
v -6875.0832 254.1909 1013.3443
v -6875.0832 244.3145 1013.3443
v -6875.0832 169.9404 1013.3443
v -6875.0832 244.3145 1013.3443
v -7475.3029 244.3145 1013.3443
v -7475.3029 169.9404 1013.3443
v -5531.9752 217.3868 1520.1378
v -5531.9756 217.3868 -437.5656
v -7475.3029 169.9404 1013.3443
v -7475.3029 244.3145 1013.3443
v -7475.3029 244.3145 1255.2767
v -7475.3029 169.9404 1255.2767
v -6875.0832 169.9404 1255.2767
v -6875.0832 169.9404 1013.3443
v -7475.3029 169.9404 1013.3443
v -7475.3029 169.9404 1255.2767
v -6875.0832 244.3145 1255.2767
v -6875.0832 169.9404 1255.2767
v -7475.3029 169.9404 1255.2767
v -7475.3029 244.3145 1255.2767
v -6875.0832 244.3145 1013.3443
v -6875.0832 244.3145 1255.2767
v -7475.3029 244.3145 1255.2767
v -7475.3029 244.3145 1013.3443
v -5989.6618 -11.8815 539.9897
v -5989.6618 -11.8815 572.2882
v -5989.6618 254.1909 572.2882
v -5989.6618 254.1909 539.9897
v -5531.9756 138.0713 -323.5222
v -5498.7316 138.0713 -323.5222
v -5531.9756 148.7835 -325.4852
v -5498.7316 148.7835 -325.4852
v -5531.9756 159.1810 -328.7252
v -5498.7316 159.1810 -328.7252
v -5531.9756 169.1122 -333.1949
v -5498.7316 169.1122 -333.1949
v -5531.9756 178.4322 -338.8290
v -5498.7316 178.4322 -338.8290
v -5531.9756 187.0051 -345.5456
v -5498.7316 187.0051 -345.5456
v -5531.9756 194.7059 -353.2463
v -5498.7316 194.7059 -353.2463
v -5531.9756 201.4224 -361.8193
v -5498.7316 201.4224 -361.8193
v -5498.7316 194.7059 -353.2463
v -5531.9756 194.7059 -353.2463
v -5531.9756 207.0565 -371.1392
v -5498.7316 207.0565 -371.1392
v -5531.9756 211.5262 -381.0704
v -5498.7316 211.5262 -381.0704
v -5531.9756 214.7662 -391.4680
v -5498.7316 214.7662 -391.4680
v -5531.9756 216.7293 -402.1802
v -5498.7316 216.7293 -402.1802
v -5985.2917 254.1909 315.1394
v -5985.2917 225.6153 435.6391
v -5985.2917 254.1909 435.6391
v -5985.2917 225.1044 424.5371
v -5985.2917 223.1375 413.6485
v -5985.2917 220.1690 402.9385
v -5985.2917 215.8285 392.7605
v -5985.2917 210.5513 382.9796
v -5985.2917 204.0548 374.0227
v -5985.2917 196.7334 365.6613
v -5985.2917 188.4066 358.3745
v -5985.2917 179.4082 351.8520
v -5985.2917 169.6688 346.6008
v -5985.2917 159.4446 342.2441
v -5985.2917 148.7808 339.2918
v -5985.2917 137.8557 337.5362
v -5951.8959 225.1044 424.5371
v -5951.8959 254.1909 435.6391
v -5951.8959 225.6153 435.6391
v -5951.8959 254.1909 315.1394
v -5951.8959 223.1375 413.6485
v -5951.8959 220.1690 402.9385
v -5951.8959 215.8285 392.7605
v -5951.8959 210.5513 382.9796
v -5951.8959 204.0548 374.0227
v -5951.8959 196.7334 365.6613
v -5951.8959 188.4066 358.3745
v -5951.8959 179.4082 351.8520
v -5951.8959 169.6688 346.6008
v -5951.8959 159.4446 342.2441
v -5951.8959 148.7808 339.2918
v -5951.8959 137.8557 337.5362
v -5951.8959 254.1909 556.1391
v -5951.8959 137.8942 533.8648
v -5951.8959 148.7808 531.9864
v -5951.8959 159.4934 529.0329
v -5951.8959 169.6688 524.6774
v -5951.8959 179.4486 519.3978
v -5951.8959 188.4066 512.9036
v -5951.8959 196.7682 505.5826
v -5951.8959 204.0548 497.2555
v -5951.8959 210.5772 488.2571
v -5951.8959 215.8285 478.5177
v -5951.8959 220.1852 468.2935
v -5951.8959 223.1375 457.6297
v -5951.8959 225.1099 446.6925
v -5985.2917 254.1909 556.1391
v -5985.2917 179.4486 519.3978
v -5985.2917 188.4066 512.9036
v -5985.2917 196.7682 505.5826
v -5985.2917 204.0548 497.2555
v -5985.2917 169.6688 524.6774
v -5985.2917 159.4934 529.0329
v -5985.2917 148.7808 531.9864
v -5985.2917 137.8942 533.8648
v -5985.2917 210.5772 488.2571
v -5985.2917 215.8285 478.5177
v -5985.2917 220.1852 468.2935
v -5985.2917 223.1375 457.6297
v -5985.2917 225.1099 446.6925
v -5985.2917 225.6153 676.6388
v -5985.2917 254.1909 676.6388
v -5985.2917 225.1044 665.5368
v -5985.2917 223.1375 654.6482
v -5985.2917 220.1690 643.9382
v -5985.2917 215.8285 633.7602
v -5985.2917 210.5513 623.9793
v -5985.2917 204.0548 615.0224
v -5985.2917 196.7334 606.6610
v -5985.2917 188.4066 599.3742
v -5985.2917 179.4082 592.8517
v -5985.2917 169.6688 587.6005
v -5985.2917 159.4446 583.2438
v -5985.2917 148.7808 580.2915
v -5985.2917 137.8557 578.5359
v -5951.8959 225.1044 665.5368
v -5951.8959 254.1909 676.6388
v -5951.8959 225.6153 676.6388
v -5951.8959 223.1375 654.6482
v -5951.8959 220.1690 643.9382
v -5951.8959 215.8285 633.7602
v -5951.8959 210.5513 623.9793
v -5951.8959 204.0548 615.0224
v -5951.8959 196.7334 606.6610
v -5951.8959 188.4066 599.3742
v -5951.8959 179.4082 592.8517
v -5951.8959 169.6688 587.6005
v -5951.8959 159.4446 583.2438
v -5951.8959 148.7808 580.2915
v -5951.8959 137.8557 578.5359
v -5951.8959 254.1909 797.1388
v -5951.8959 137.8942 774.8645
v -5951.8959 148.7808 772.9861
v -5951.8959 159.4934 770.0326
v -5951.8959 169.6688 765.6771
v -5951.8959 179.4486 760.3975
v -5951.8959 188.4066 753.9033
v -5951.8959 196.7682 746.5823
v -5951.8959 204.0548 738.2552
v -5951.8959 210.5772 729.2568
v -5951.8959 215.8285 719.5174
v -5951.8959 220.1852 709.2932
v -5951.8959 223.1375 698.6294
v -5951.8959 225.1099 687.6922
v -5985.2917 254.1909 797.1388
v -5985.2917 179.4486 760.3975
v -5985.2917 188.4066 753.9033
v -5985.2917 196.7682 746.5823
v -5985.2917 204.0548 738.2552
v -5985.2917 169.6688 765.6771
v -5985.2917 159.4934 770.0326
v -5985.2917 148.7808 772.9861
v -5985.2917 137.8942 774.8645
v -5985.2917 210.5772 729.2568
v -5985.2917 215.8285 719.5174
v -5985.2917 220.1852 709.2932
v -5985.2917 223.1375 698.6294
v -5985.2917 225.1099 687.6922
v -5985.2917 225.6153 917.6385
v -5985.2917 254.1909 917.6385
v -5985.2917 225.1044 906.5365
v -5985.2917 223.1375 895.6478
v -5985.2917 220.1690 884.9379
v -5985.2917 215.8285 874.7599
v -5985.2917 210.5513 864.9790
v -5985.2917 204.0548 856.0221
v -5985.2917 196.7334 847.6607
v -5985.2917 188.4066 840.3740
v -5985.2917 179.4082 833.8514
v -5985.2917 169.6688 828.6001
v -5985.2917 159.4446 824.2435
v -5985.2917 148.7808 821.2912
v -5985.2917 137.8557 819.5356
v -5951.8959 225.1044 906.5365
v -5951.8959 254.1909 917.6385
v -5951.8959 225.6153 917.6385
v -5951.8959 223.1375 895.6478
v -5951.8959 220.1690 884.9379
v -5951.8959 215.8285 874.7599
v -5951.8959 210.5513 864.9790
v -5951.8959 204.0548 856.0221
v -5951.8959 196.7334 847.6607
v -5951.8959 188.4066 840.3740
v -5951.8959 179.4082 833.8514
v -5951.8959 169.6688 828.6001
v -5951.8959 159.4446 824.2435
v -5951.8959 148.7808 821.2912
v -5951.8959 137.8557 819.5356
v -5951.8959 254.1909 1038.1385
v -5951.8959 137.8942 1015.8642
v -5951.8959 148.7808 1013.9858
v -5951.8959 159.4934 1011.0323
v -5951.8959 169.6688 1006.6769
v -5951.8959 179.4486 1001.3971
v -5951.8959 188.4066 994.9030
v -5951.8959 196.7682 987.5820
v -5951.8959 204.0548 979.2549
v -5951.8959 210.5772 970.2564
v -5951.8959 215.8285 960.5171
v -5951.8959 220.1852 950.2929
v -5951.8959 223.1375 939.6292
v -5951.8959 225.1099 928.6919
v -5985.2917 254.1909 1038.1385
v -5985.2917 179.4486 1001.3971
v -5985.2917 188.4066 994.9030
v -5985.2917 196.7682 987.5820
v -5985.2917 204.0548 979.2549
v -5985.2917 169.6688 1006.6769
v -5985.2917 159.4934 1011.0323
v -5985.2917 148.7808 1013.9858
v -5985.2917 137.8942 1015.8642
v -5985.2917 210.5772 970.2564
v -5985.2917 215.8285 960.5171
v -5985.2917 220.1852 950.2929
v -5985.2917 223.1375 939.6292
v -5985.2917 225.1099 928.6919
v -5985.2917 225.6153 1158.6382
v -5985.2917 254.1909 1158.6382
v -5985.2917 225.1044 1147.5363
v -5985.2917 223.1375 1136.6476
v -5985.2917 220.1690 1125.9377
v -5985.2917 215.8285 1115.7597
v -5985.2917 210.5513 1105.9788
v -5985.2917 204.0548 1097.0218
v -5985.2917 196.7334 1088.6604
v -5985.2917 188.4066 1081.3736
v -5985.2917 179.4082 1074.8510
v -5985.2917 169.6688 1069.5999
v -5985.2917 159.4446 1065.2431
v -5985.2917 148.7808 1062.2909
v -5985.2917 137.8557 1060.5353
v -5951.8959 225.1044 1147.5363
v -5951.8959 254.1909 1158.6382
v -5951.8959 225.6153 1158.6382
v -5951.8959 223.1375 1136.6476
v -5951.8959 220.1690 1125.9377
v -5951.8959 215.8285 1115.7597
v -5951.8959 210.5513 1105.9788
v -5951.8959 204.0548 1097.0218
v -5951.8959 196.7334 1088.6604
v -5951.8959 188.4066 1081.3736
v -5951.8959 179.4082 1074.8510
v -5951.8959 169.6688 1069.5999
v -5951.8959 159.4446 1065.2431
v -5951.8959 148.7808 1062.2909
v -5951.8959 137.8557 1060.5353
v -5951.8959 254.1909 1279.1383
v -5951.8959 137.8942 1256.8640
v -5951.8959 148.7808 1254.9855
v -5951.8959 159.4934 1252.0320
v -5951.8959 169.6688 1247.6765
v -5951.8959 179.4486 1242.3968
v -5951.8959 188.4066 1235.9028
v -5951.8959 196.7682 1228.5817
v -5951.8959 204.0548 1220.2546
v -5951.8959 210.5772 1211.2562
v -5951.8959 215.8285 1201.5167
v -5951.8959 220.1852 1191.2926
v -5951.8959 223.1375 1180.6288
v -5951.8959 225.1099 1169.6915
v -5985.2917 254.1909 1279.1383
v -5985.2917 179.4486 1242.3968
v -5985.2917 188.4066 1235.9028
v -5985.2917 196.7682 1228.5817
v -5985.2917 204.0548 1220.2546
v -5985.2917 169.6688 1247.6765
v -5985.2917 159.4934 1252.0320
v -5985.2917 148.7808 1254.9855
v -5985.2917 137.8942 1256.8640
v -5985.2917 210.5772 1211.2562
v -5985.2917 215.8285 1201.5167
v -5985.2917 220.1852 1191.2926
v -5985.2917 223.1375 1180.6288
v -5985.2917 225.1099 1169.6915
v -5985.2917 225.6153 1399.6379
v -5985.2917 254.1909 1399.6379
v -5985.2917 225.1044 1388.5359
v -5985.2917 223.1375 1377.6472
v -5985.2917 220.1690 1366.9374
v -5985.2917 215.8285 1356.7593
v -5985.2917 210.5513 1346.9785
v -5985.2917 204.0548 1338.0215
v -5985.2917 196.7334 1329.6601
v -5985.2917 188.4066 1322.3733
v -5985.2917 179.4082 1315.8508
v -5985.2917 169.6688 1310.5996
v -5985.2917 159.4446 1306.2429
v -5985.2917 148.7808 1303.2906
v -5985.2917 137.8557 1301.5350
v -5951.8959 225.1044 1388.5359
v -5951.8959 254.1909 1399.6379
v -5951.8959 225.6153 1399.6379
v -5951.8959 223.1375 1377.6472
v -5951.8959 220.1690 1366.9374
v -5951.8959 215.8285 1356.7593
v -5951.8959 210.5513 1346.9785
v -5951.8959 204.0548 1338.0215
v -5951.8959 196.7334 1329.6601
v -5951.8959 188.4066 1322.3733
v -5951.8959 179.4082 1315.8508
v -5951.8959 169.6688 1310.5996
v -5951.8959 159.4446 1306.2429
v -5951.8959 148.7808 1303.2906
v -5951.8959 137.8557 1301.5350
v -5951.8959 254.1909 1520.1379
v -5951.8959 137.8942 1497.8637
v -5951.8959 148.7808 1495.9852
v -5951.8959 159.4934 1493.0317
v -5951.8959 169.6688 1488.6762
v -5951.8959 179.4486 1483.3965
v -5951.8959 188.4066 1476.9025
v -5951.8959 196.7682 1469.5814
v -5951.8959 204.0548 1461.2543
v -5951.8959 210.5772 1452.2558
v -5951.8959 215.8285 1442.5165
v -5951.8959 220.1852 1432.2923
v -5951.8959 223.1375 1421.6286
v -5951.8959 225.1099 1410.6913
v -5985.2917 254.1909 1520.1379
v -5985.2917 179.4486 1483.3965
v -5985.2917 188.4066 1476.9025
v -5985.2917 196.7682 1469.5814
v -5985.2917 204.0548 1461.2543
v -5985.2917 169.6688 1488.6762
v -5985.2917 159.4934 1493.0317
v -5985.2917 148.7808 1495.9852
v -5985.2917 137.8942 1497.8637
v -5985.2917 210.5772 1452.2558
v -5985.2917 215.8285 1442.5165
v -5985.2917 220.1852 1432.2923
v -5985.2917 223.1375 1421.6286
v -5985.2917 225.1099 1410.6913
v -5531.9752 -12.8089 1520.1378
v -5531.9752 -12.8089 -322.8646
vt 0.16773 0.04329
vt 0.17166 0.04722
vt 0.15615 0.05880
vt 0.19665 0.05847
vt 0.20220 0.05880
vt 0.15615 0.01276
vt 0.15649 0.01831
vt 0.15749 0.02378
vt 0.19118 0.05747
vt 0.18587 0.05581
vt 0.15914 0.02909
vt 0.16143 0.03416
vt 0.18080 0.05353
vt 0.17604 0.05065
vt 0.16430 0.03892
vt 0.58038 0.77269
vt 0.58038 0.79065
vt 0.57453 0.79065
vt 0.57453 0.77269
vt 0.56877 0.77269
vt 0.56877 0.79065
vt 0.56329 0.79065
vt 0.56329 0.77269
vt 0.55803 0.77269
vt 0.55803 0.79065
vt 0.55322 0.79065
vt 0.55322 0.77269
vt 0.54872 0.70476
vt 0.54872 0.72212
vt 0.55305 0.72212
vt 0.55305 0.70476
vt 0.55772 0.70476
vt 0.55772 0.72212
vt 0.56279 0.72212
vt 0.56279 0.70476
vt 0.56810 0.70476
vt 0.56810 0.72212
vt 0.57364 0.72212
vt 0.57364 0.70476
vt 0.57932 0.70476
vt 0.57932 0.72212
vt 0.58508 0.72212
vt 0.58508 0.70476
vt 0.57932 0.91449
vt 0.57932 0.93185
vt 0.57367 0.93185
vt 0.57367 0.91449
vt 0.56810 0.91449
vt 0.56810 0.93185
vt 0.56281 0.93185
vt 0.56281 0.91449
vt 0.55772 0.91449
vt 0.55772 0.93185
vt 0.55307 0.93185
vt 0.55307 0.91449
vt 0.62397 0.77269
vt 0.62397 0.79065
vt 0.61949 0.79065
vt 0.61949 0.77269
vt 0.61465 0.77269
vt 0.61465 0.79065
vt 0.60941 0.79065
vt 0.60941 0.77269
vt 0.60391 0.77269
vt 0.60391 0.79065
vt 0.59818 0.79065
vt 0.59818 0.77269
vt 0.59230 0.77269
vt 0.59230 0.79065
vt 0.58635 0.79065
vt 0.58635 0.77269
vt 0.58510 0.91449
vt 0.65718 0.91449
vt 0.65718 0.93185
vt 0.58510 0.93185
vt 0.61952 0.98869
vt 0.61952 0.99976
vt 0.54872 0.99976
vt 0.54872 0.98869
vt 0.65716 0.70476
vt 0.65716 0.72212
vt 0.75616 0.87671
vt 0.68536 0.87671
vt 0.68536 0.88778
vt 0.75616 0.88778
vt 0.61952 0.87671
vt 0.61952 0.88778
vt 0.54872 0.88778
vt 0.54872 0.87671
vt 0.75616 0.99976
vt 0.75616 0.98869
vt 0.68536 0.98869
vt 0.68536 0.99976
vt 0.54872 0.93185
vt 0.54872 0.91449
vt 0.54872 0.79065
vt 0.54872 0.77269
vt 0.39708 0.16041
vt 0.37596 0.16041
vt 0.37596 0.29625
vt 0.39708 0.29625
vt 0.38461 0.02377
vt 0.38461 0.15961
vt 0.40110 0.15961
vt 0.40110 0.02377
vt 0.28055 0.16041
vt 0.28278 0.16041
vt 0.28278 0.29625
vt 0.28055 0.29625
vt 0.29360 0.00375
vt 0.42945 0.00375
vt 0.42945 0.00598
vt 0.29360 0.00598
vt 0.28661 0.16041
vt 0.28661 0.29625
vt 0.28884 0.29625
vt 0.28884 0.16041
vt 0.38381 0.02377
vt 0.38381 0.15961
vt 0.36269 0.15961
vt 0.36269 0.02377
vt 0.30097 0.16041
vt 0.29874 0.16041
vt 0.29874 0.29625
vt 0.30097 0.29625
vt 0.58038 0.89573
vt 0.58038 0.91369
vt 0.57453 0.91369
vt 0.57453 0.89573
vt 0.56877 0.89573
vt 0.56877 0.91369
vt 0.56329 0.91369
vt 0.56329 0.89573
vt 0.55803 0.89573
vt 0.55803 0.91369
vt 0.55322 0.91369
vt 0.55322 0.89573
vt 0.54872 0.68660
vt 0.54872 0.70396
vt 0.55305 0.70396
vt 0.55305 0.68660
vt 0.55772 0.68660
vt 0.55772 0.70396
vt 0.56279 0.70396
vt 0.56279 0.68660
vt 0.56810 0.68660
vt 0.56810 0.70396
vt 0.57364 0.70396
vt 0.57364 0.68660
vt 0.57932 0.68660
vt 0.57932 0.70396
vt 0.58508 0.70396
vt 0.58508 0.68660
vt 0.57932 0.82777
vt 0.57932 0.84513
vt 0.57367 0.84513
vt 0.57367 0.82777
vt 0.56810 0.82777
vt 0.56810 0.84513
vt 0.56281 0.84513
vt 0.56281 0.82777
vt 0.55772 0.82777
vt 0.55772 0.84513
vt 0.55307 0.84513
vt 0.55307 0.82777
vt 0.62397 0.89573
vt 0.62397 0.91369
vt 0.61949 0.91369
vt 0.61949 0.89573
vt 0.61465 0.89573
vt 0.61465 0.91369
vt 0.60941 0.91369
vt 0.60941 0.89573
vt 0.60391 0.89573
vt 0.60391 0.91369
vt 0.59818 0.91369
vt 0.59818 0.89573
vt 0.59230 0.89573
vt 0.59230 0.91369
vt 0.58635 0.91369
vt 0.58635 0.89573
vt 0.58510 0.82777
vt 0.65718 0.82777
vt 0.65718 0.84513
vt 0.58510 0.84513
vt 0.61952 0.86565
vt 0.54872 0.86565
vt 0.65716 0.68660
vt 0.65716 0.70396
vt 0.75616 0.75367
vt 0.68536 0.75367
vt 0.68536 0.76474
vt 0.75616 0.76474
vt 0.61952 0.75367
vt 0.61952 0.76474
vt 0.54872 0.76474
vt 0.54872 0.75367
vt 0.75616 0.86565
vt 0.68536 0.86565
vt 0.54872 0.84513
vt 0.54872 0.82777
vt 0.54872 0.91369
vt 0.54872 0.89573
vt 0.32409 0.16041
vt 0.32409 0.29625
vt 0.34058 0.29625
vt 0.34058 0.16041
vt 0.27751 0.04073
vt 0.27975 0.04073
vt 0.27975 0.17658
vt 0.27751 0.17658
vt 0.30097 0.02376
vt 0.30097 0.15961
vt 0.29874 0.15961
vt 0.29874 0.02376
vt 0.74931 0.07649
vt 0.61347 0.07649
vt 0.61347 0.06000
vt 0.74931 0.06000
vt 0.28964 0.16041
vt 0.28964 0.29625
vt 0.29187 0.29625
vt 0.29187 0.16041
vt 0.28884 0.02376
vt 0.28661 0.02376
vt 0.28661 0.15961
vt 0.28884 0.15961
vt 0.56668 0.45213
vt 0.54872 0.45213
vt 0.54872 0.44627
vt 0.56668 0.44627
vt 0.56668 0.44051
vt 0.54872 0.44051
vt 0.54872 0.43504
vt 0.56668 0.43504
vt 0.56668 0.42978
vt 0.54872 0.42978
vt 0.54872 0.42496
vt 0.56668 0.42496
vt 0.54872 0.79145
vt 0.54872 0.80881
vt 0.55305 0.80881
vt 0.55305 0.79145
vt 0.55772 0.79145
vt 0.55772 0.80881
vt 0.56279 0.80881
vt 0.56279 0.79145
vt 0.56810 0.79145
vt 0.56810 0.80881
vt 0.57364 0.80881
vt 0.57364 0.79145
vt 0.57932 0.79145
vt 0.57932 0.80881
vt 0.58508 0.80881
vt 0.58508 0.79145
vt 0.02345 0.78587
vt 0.00609 0.78587
vt 0.00609 0.78021
vt 0.02345 0.78021
vt 0.02345 0.77464
vt 0.00609 0.77464
vt 0.00609 0.76935
vt 0.02345 0.76935
vt 0.02345 0.76427
vt 0.00609 0.76427
vt 0.00609 0.75961
vt 0.02345 0.75961
vt 0.56668 0.49572
vt 0.54872 0.49572
vt 0.54872 0.49124
vt 0.56668 0.49124
vt 0.56668 0.48640
vt 0.54872 0.48640
vt 0.54872 0.48116
vt 0.56668 0.48116
vt 0.56668 0.47566
vt 0.54872 0.47566
vt 0.54872 0.46993
vt 0.56668 0.46993
vt 0.56668 0.46404
vt 0.54872 0.46404
vt 0.54872 0.45810
vt 0.56668 0.45810
vt 0.02345 0.79164
vt 0.02345 0.86373
vt 0.00609 0.86373
vt 0.00609 0.79164
vt 0.61952 0.74260
vt 0.54872 0.74260
vt 0.65716 0.79145
vt 0.65716 0.80881
vt 0.75616 0.63063
vt 0.68536 0.63063
vt 0.68536 0.64169
vt 0.75616 0.64169
vt 0.61952 0.63063
vt 0.61952 0.64169
vt 0.54872 0.64169
vt 0.54872 0.63063
vt 0.75616 0.74260
vt 0.68536 0.74260
vt 0.00609 0.75526
vt 0.02345 0.75526
vt 0.54872 0.42047
vt 0.56668 0.42047
vt 0.37516 0.16041
vt 0.35867 0.16041
vt 0.35867 0.29625
vt 0.37516 0.29625
vt 0.15695 0.00598
vt 0.15695 0.00375
vt 0.29280 0.00375
vt 0.29280 0.00598
vt 0.29187 0.02376
vt 0.29187 0.15961
vt 0.28964 0.15961
vt 0.28964 0.02376
vt 0.36189 0.02377
vt 0.34540 0.02377
vt 0.34540 0.15961
vt 0.36189 0.15961
vt 0.27448 0.17738
vt 0.27448 0.31323
vt 0.27671 0.31323
vt 0.27671 0.17738
vt 0.29794 0.16041
vt 0.29571 0.16041
vt 0.29571 0.29625
vt 0.29794 0.29625
vt 0.58038 0.84637
vt 0.58038 0.86433
vt 0.57453 0.86433
vt 0.57453 0.84637
vt 0.56877 0.84637
vt 0.56877 0.86433
vt 0.56329 0.86433
vt 0.56329 0.84637
vt 0.55803 0.84637
vt 0.55803 0.86433
vt 0.55322 0.86433
vt 0.55322 0.84637
vt 0.54872 0.80961
vt 0.54872 0.82697
vt 0.55305 0.82697
vt 0.55305 0.80961
vt 0.55772 0.80961
vt 0.55772 0.82697
vt 0.56279 0.82697
vt 0.56279 0.80961
vt 0.56810 0.80961
vt 0.56810 0.82697
vt 0.57364 0.82697
vt 0.57364 0.80961
vt 0.57932 0.80961
vt 0.57932 0.82697
vt 0.58508 0.82697
vt 0.58508 0.80961
vt 0.57932 0.93265
vt 0.57932 0.95001
vt 0.57367 0.95001
vt 0.57367 0.93265
vt 0.56810 0.93265
vt 0.56810 0.95001
vt 0.56281 0.95001
vt 0.56281 0.93265
vt 0.55772 0.93265
vt 0.55772 0.95001
vt 0.55307 0.95001
vt 0.55307 0.93265
vt 0.62397 0.84637
vt 0.62397 0.86433
vt 0.61949 0.86433
vt 0.61949 0.84637
vt 0.61465 0.84637
vt 0.61465 0.86433
vt 0.60941 0.86433
vt 0.60941 0.84637
vt 0.60391 0.84637
vt 0.60391 0.86433
vt 0.59818 0.86433
vt 0.59818 0.84637
vt 0.59230 0.84637
vt 0.59230 0.86433
vt 0.58635 0.86433
vt 0.58635 0.84637
vt 0.58510 0.93265
vt 0.65718 0.93265
vt 0.65718 0.95001
vt 0.58510 0.95001
vt 0.61952 0.61956
vt 0.54872 0.61956
vt 0.65716 0.80961
vt 0.65716 0.82697
vt 0.75616 0.50758
vt 0.68536 0.50758
vt 0.68536 0.51865
vt 0.75616 0.51865
vt 0.61952 0.50758
vt 0.61952 0.51865
vt 0.54872 0.51865
vt 0.54872 0.50758
vt 0.75616 0.61956
vt 0.68536 0.61956
vt 0.54872 0.95001
vt 0.54872 0.93265
vt 0.54872 0.86433
vt 0.54872 0.84637
vt 0.32811 0.15961
vt 0.32811 0.02377
vt 0.34460 0.02377
vt 0.34460 0.15961
vt 0.27448 0.04073
vt 0.27671 0.04073
vt 0.27671 0.17658
vt 0.27448 0.17658
vt 0.28581 0.02376
vt 0.28581 0.15961
vt 0.28358 0.15961
vt 0.28358 0.02376
vt 0.35787 0.29625
vt 0.34138 0.29625
vt 0.34138 0.16041
vt 0.35787 0.16041
vt 0.28055 0.02376
vt 0.28055 0.15961
vt 0.28278 0.15961
vt 0.28278 0.02376
vt 0.29794 0.02376
vt 0.29571 0.02376
vt 0.29571 0.15961
vt 0.29794 0.15961
vt 0.58038 0.96941
vt 0.58038 0.98737
vt 0.57453 0.98737
vt 0.57453 0.96941
vt 0.56877 0.96941
vt 0.56877 0.98737
vt 0.56329 0.98737
vt 0.56329 0.96941
vt 0.55803 0.96941
vt 0.55803 0.98737
vt 0.55322 0.98737
vt 0.55322 0.96941
vt 0.54872 0.66844
vt 0.54872 0.68580
vt 0.55305 0.68580
vt 0.55305 0.66844
vt 0.55772 0.66844
vt 0.55772 0.68580
vt 0.56279 0.68580
vt 0.56279 0.66844
vt 0.56810 0.66844
vt 0.56810 0.68580
vt 0.57364 0.68580
vt 0.57364 0.66844
vt 0.57932 0.66844
vt 0.57932 0.68580
vt 0.58508 0.68580
vt 0.58508 0.66844
vt 0.57932 0.95081
vt 0.57932 0.96817
vt 0.57367 0.96817
vt 0.57367 0.95081
vt 0.56810 0.95081
vt 0.56810 0.96817
vt 0.56281 0.96817
vt 0.56281 0.95081
vt 0.55772 0.95081
vt 0.55772 0.96817
vt 0.55307 0.96817
vt 0.55307 0.95081
vt 0.62397 0.96941
vt 0.62397 0.98737
vt 0.61949 0.98737
vt 0.61949 0.96941
vt 0.61465 0.96941
vt 0.61465 0.98737
vt 0.60941 0.98737
vt 0.60941 0.96941
vt 0.60391 0.96941
vt 0.60391 0.98737
vt 0.59818 0.98737
vt 0.59818 0.96941
vt 0.59230 0.96941
vt 0.59230 0.98737
vt 0.58635 0.98737
vt 0.58635 0.96941
vt 0.58510 0.95081
vt 0.65718 0.95081
vt 0.65718 0.96817
vt 0.58510 0.96817
vt 0.61952 0.49652
vt 0.54872 0.49652
vt 0.65716 0.66844
vt 0.65716 0.68580
vt 0.75616 0.38454
vt 0.68536 0.38454
vt 0.68536 0.39561
vt 0.75616 0.39561
vt 0.61952 0.38454
vt 0.61952 0.39561
vt 0.54872 0.39561
vt 0.54872 0.38454
vt 0.75616 0.49652
vt 0.68536 0.49652
vt 0.54872 0.96817
vt 0.54872 0.95081
vt 0.54872 0.98737
vt 0.54872 0.96941
vt 0.30177 0.02377
vt 0.31002 0.02377
vt 0.31002 0.15961
vt 0.30177 0.15961
vt 0.28358 0.16041
vt 0.28581 0.16041
vt 0.28581 0.29625
vt 0.28358 0.29625
vt 0.29491 0.02376
vt 0.29491 0.15961
vt 0.29267 0.15961
vt 0.29267 0.02376
vt 0.15822 0.02296
vt 0.29407 0.02296
vt 0.29407 0.01471
vt 0.15822 0.01471
vt 0.27751 0.17738
vt 0.27751 0.31323
vt 0.27975 0.31323
vt 0.27975 0.17738
vt 0.29491 0.16041
vt 0.29267 0.16041
vt 0.29267 0.29625
vt 0.29491 0.29625
vt 0.32329 0.29625
vt 0.30177 0.29625
vt 0.30177 0.16041
vt 0.32329 0.16041
vt 0.41080 0.29706
vt 0.29327 0.29706
vt 0.29327 0.31403
vt 0.41080 0.31403
vt 0.56624 0.53691
vt 0.56624 0.54983
vt 0.54872 0.54983
vt 0.54872 0.53691
vt 0.58390 0.58215
vt 0.65687 0.58215
vt 0.65687 0.59947
vt 0.58390 0.59947
vt 0.14241 0.00024
vt 0.14241 0.01276
vt 0.13736 0.01276
vt 0.13736 0.00024
vt 0.27952 0.31403
vt 0.27448 0.31403
vt 0.27448 0.99976
vt 0.27952 0.99976
vt 0.29327 0.99976
vt 0.41080 0.99976
vt 0.00529 0.86453
vt 0.00024 0.86453
vt 0.00024 0.99976
vt 0.00529 0.99976
vt 0.13656 0.86453
vt 0.04326 0.86453
vt 0.01904 0.99976
vt 0.13656 0.99976
vt 0.54287 0.31403
vt 0.54792 0.31403
vt 0.54792 0.99976
vt 0.54287 0.99976
vt 0.41160 0.31403
vt 0.52913 0.31403
vt 0.52913 0.99976
vt 0.41160 0.99976
vt 0.14241 0.99976
vt 0.13736 0.99976
vt 0.13736 0.05880
vt 0.14241 0.05880
vt 0.13656 0.00024
vt 0.01904 0.00024
vt 0.04326 0.74101
vt 0.13656 0.74101
vt 0.00529 0.00024
vt 0.00024 0.00024
vt 0.00024 0.74101
vt 0.00529 0.74101
vt 0.48834 0.00678
vt 0.45037 0.00678
vt 0.45037 0.31323
vt 0.48834 0.31323
vt 0.15615 0.99976
vt 0.15615 0.00024
vt 0.61347 0.02123
vt 0.61347 0.05920
vt 0.73699 0.05920
vt 0.73699 0.02123
vt 0.61347 0.38374
vt 0.73699 0.38374
vt 0.73699 0.07730
vt 0.61347 0.07730
vt 0.41160 0.00678
vt 0.44957 0.00678
vt 0.44957 0.31323
vt 0.41160 0.31323
vt 0.61266 0.31323
vt 0.48915 0.31323
vt 0.48915 0.00678
vt 0.61266 0.00678
vt 0.32731 0.15961
vt 0.31082 0.15961
vt 0.31082 0.02377
vt 0.32731 0.02377
vt 0.57824 0.59947
vt 0.57824 0.58215
vt 0.57265 0.59947
vt 0.57265 0.58215
vt 0.56723 0.59947
vt 0.56723 0.58215
vt 0.56206 0.59947
vt 0.56206 0.58215
vt 0.55720 0.59947
vt 0.55720 0.58215
vt 0.55273 0.59947
vt 0.55273 0.58215
vt 0.54872 0.59947
vt 0.54872 0.58215
vt 0.54872 0.57683
vt 0.56624 0.57683
vt 0.56624 0.58135
vt 0.54872 0.58135
vt 0.54872 0.57192
vt 0.56624 0.57192
vt 0.54872 0.56668
vt 0.56624 0.56668
vt 0.54872 0.56120
vt 0.56624 0.56120
vt 0.54872 0.55556
vt 0.56624 0.55556
vt 0.68456 0.99976
vt 0.66997 0.93823
vt 0.68456 0.93823
vt 0.66971 0.94390
vt 0.66871 0.94946
vt 0.66719 0.95493
vt 0.66498 0.96013
vt 0.66228 0.96512
vt 0.65897 0.96969
vt 0.65523 0.97396
vt 0.65098 0.97768
vt 0.64638 0.98101
vt 0.64141 0.98369
vt 0.63619 0.98592
vt 0.63074 0.98743
vt 0.62517 0.98832
vt 0.80636 0.94390
vt 0.82121 0.93823
vt 0.80662 0.93823
vt 0.82121 0.99976
vt 0.80535 0.94946
vt 0.80384 0.95493
vt 0.80162 0.96013
vt 0.79893 0.96512
vt 0.79561 0.96969
vt 0.79187 0.97396
vt 0.78762 0.97768
vt 0.78303 0.98101
vt 0.77806 0.98369
vt 0.77284 0.98592
vt 0.76739 0.98743
vt 0.76181 0.98832
vt 0.82121 0.87671
vt 0.76183 0.88809
vt 0.76739 0.88904
vt 0.77286 0.89055
vt 0.77806 0.89278
vt 0.78305 0.89547
vt 0.78762 0.89879
vt 0.79189 0.90252
vt 0.79561 0.90678
vt 0.79894 0.91137
vt 0.80162 0.91634
vt 0.80385 0.92156
vt 0.80535 0.92701
vt 0.80636 0.93259
vt 0.68456 0.87671
vt 0.64640 0.89547
vt 0.65098 0.89879
vt 0.65525 0.90252
vt 0.65897 0.90678
vt 0.64141 0.89278
vt 0.63621 0.89055
vt 0.63074 0.88904
vt 0.62519 0.88809
vt 0.66230 0.91137
vt 0.66498 0.91634
vt 0.66720 0.92156
vt 0.66871 0.92701
vt 0.66971 0.93259
vt 0.66997 0.81519
vt 0.68456 0.81519
vt 0.66971 0.82086
vt 0.66871 0.82642
vt 0.66719 0.83189
vt 0.66498 0.83708
vt 0.66228 0.84208
vt 0.65897 0.84665
vt 0.65523 0.85092
vt 0.65098 0.85464
vt 0.64638 0.85797
vt 0.64141 0.86065
vt 0.63619 0.86287
vt 0.63074 0.86438
vt 0.62517 0.86528
vt 0.80636 0.82086
vt 0.82121 0.81519
vt 0.80662 0.81519
vt 0.80535 0.82642
vt 0.80384 0.83189
vt 0.80162 0.83708
vt 0.79893 0.84208
vt 0.79561 0.84665
vt 0.79187 0.85092
vt 0.78762 0.85464
vt 0.78303 0.85797
vt 0.77806 0.86065
vt 0.77284 0.86287
vt 0.76739 0.86438
vt 0.76181 0.86528
vt 0.82121 0.75367
vt 0.76183 0.76504
vt 0.76739 0.76600
vt 0.77286 0.76751
vt 0.77806 0.76973
vt 0.78305 0.77243
vt 0.78762 0.77574
vt 0.79189 0.77948
vt 0.79561 0.78373
vt 0.79894 0.78833
vt 0.80162 0.79330
vt 0.80385 0.79852
vt 0.80535 0.80396
vt 0.80636 0.80955
vt 0.68456 0.75367
vt 0.64640 0.77243
vt 0.65098 0.77574
vt 0.65525 0.77948
vt 0.65897 0.78373
vt 0.64141 0.76973
vt 0.63621 0.76751
vt 0.63074 0.76600
vt 0.62519 0.76504
vt 0.66230 0.78833
vt 0.66498 0.79330
vt 0.66720 0.79852
vt 0.66871 0.80396
vt 0.66971 0.80955
vt 0.66997 0.69215
vt 0.68456 0.69215
vt 0.66971 0.69782
vt 0.66871 0.70338
vt 0.66719 0.70884
vt 0.66498 0.71404
vt 0.66228 0.71903
vt 0.65897 0.72361
vt 0.65523 0.72787
vt 0.65098 0.73160
vt 0.64638 0.73493
vt 0.64141 0.73761
vt 0.63619 0.73983
vt 0.63074 0.74134
vt 0.62517 0.74224
vt 0.80636 0.69782
vt 0.82121 0.69215
vt 0.80662 0.69215
vt 0.80535 0.70338
vt 0.80384 0.70884
vt 0.80162 0.71404
vt 0.79893 0.71903
vt 0.79561 0.72361
vt 0.79187 0.72787
vt 0.78762 0.73160
vt 0.78303 0.73493
vt 0.77806 0.73761
vt 0.77284 0.73983
vt 0.76739 0.74134
vt 0.76181 0.74224
vt 0.82121 0.63063
vt 0.76183 0.64200
vt 0.76739 0.64296
vt 0.77286 0.64446
vt 0.77806 0.64669
vt 0.78305 0.64939
vt 0.78762 0.65270
vt 0.79189 0.65644
vt 0.79561 0.66069
vt 0.79894 0.66528
vt 0.80162 0.67026
vt 0.80385 0.67548
vt 0.80535 0.68092
vt 0.80636 0.68650
vt 0.68456 0.63063
vt 0.64640 0.64939
vt 0.65098 0.65270
vt 0.65525 0.65644
vt 0.65897 0.66069
vt 0.64141 0.64669
vt 0.63621 0.64446
vt 0.63074 0.64296
vt 0.62519 0.64200
vt 0.66230 0.66528
vt 0.66498 0.67026
vt 0.66720 0.67548
vt 0.66871 0.68092
vt 0.66971 0.68650
vt 0.66997 0.56910
vt 0.68456 0.56910
vt 0.66971 0.57477
vt 0.66871 0.58033
vt 0.66719 0.58580
vt 0.66498 0.59100
vt 0.66228 0.59599
vt 0.65897 0.60056
vt 0.65523 0.60483
vt 0.65098 0.60855
vt 0.64638 0.61188
vt 0.64141 0.61456
vt 0.63619 0.61679
vt 0.63074 0.61830
vt 0.62517 0.61919
vt 0.80636 0.57477
vt 0.82121 0.56910
vt 0.80662 0.56910
vt 0.80535 0.58033
vt 0.80384 0.58580
vt 0.80162 0.59100
vt 0.79893 0.59599
vt 0.79561 0.60056
vt 0.79187 0.60483
vt 0.78762 0.60855
vt 0.78303 0.61188
vt 0.77806 0.61456
vt 0.77284 0.61679
vt 0.76739 0.61830
vt 0.76181 0.61919
vt 0.82121 0.50758
vt 0.76183 0.51895
vt 0.76739 0.51991
vt 0.77286 0.52142
vt 0.77806 0.52365
vt 0.78305 0.52634
vt 0.78762 0.52966
vt 0.79189 0.53339
vt 0.79561 0.53765
vt 0.79894 0.54224
vt 0.80162 0.54721
vt 0.80385 0.55243
vt 0.80535 0.55788
vt 0.80636 0.56346
vt 0.68456 0.50758
vt 0.64640 0.52634
vt 0.65098 0.52966
vt 0.65525 0.53339
vt 0.65897 0.53765
vt 0.64141 0.52365
vt 0.63621 0.52142
vt 0.63074 0.51991
vt 0.62519 0.51895
vt 0.66230 0.54224
vt 0.66498 0.54721
vt 0.66720 0.55243
vt 0.66871 0.55788
vt 0.66971 0.56346
vt 0.66997 0.44606
vt 0.68456 0.44606
vt 0.66971 0.45173
vt 0.66871 0.45729
vt 0.66719 0.46276
vt 0.66498 0.46795
vt 0.66228 0.47295
vt 0.65897 0.47752
vt 0.65523 0.48179
vt 0.65098 0.48551
vt 0.64638 0.48884
vt 0.64141 0.49152
vt 0.63619 0.49375
vt 0.63074 0.49525
vt 0.62517 0.49615
vt 0.80636 0.45173
vt 0.82121 0.44606
vt 0.80662 0.44606
vt 0.80535 0.45729
vt 0.80384 0.46276
vt 0.80162 0.46795
vt 0.79893 0.47295
vt 0.79561 0.47752
vt 0.79187 0.48179
vt 0.78762 0.48551
vt 0.78303 0.48884
vt 0.77806 0.49152
vt 0.77284 0.49375
vt 0.76739 0.49525
vt 0.76181 0.49615
vt 0.82121 0.38454
vt 0.76183 0.39591
vt 0.76739 0.39687
vt 0.77286 0.39838
vt 0.77806 0.40060
vt 0.78305 0.40330
vt 0.78762 0.40661
vt 0.79189 0.41035
vt 0.79561 0.41460
vt 0.79894 0.41920
vt 0.80162 0.42417
vt 0.80385 0.42939
vt 0.80535 0.43483
vt 0.80636 0.44042
vt 0.68456 0.38454
vt 0.64640 0.40330
vt 0.65098 0.40661
vt 0.65525 0.41035
vt 0.65897 0.41460
vt 0.64141 0.40060
vt 0.63621 0.39838
vt 0.63074 0.39687
vt 0.62519 0.39591
vt 0.66230 0.41920
vt 0.66498 0.42417
vt 0.66720 0.42939
vt 0.66871 0.43483
vt 0.66971 0.44042
vt 0.27368 0.99976
vt 0.27368 0.05880
vn -1.0000 0.0000 -0.0000
vn -1.0000 0.0000 -0.0000
vn -1.0000 0.0000 -0.0000
vn -1.0000 -0.0000 0.0005
vn -1.0000 0.0000 -0.0000
vn -1.0000 0.0000 -0.0000
vn -1.0000 0.0001 0.0000
vn -1.0000 0.0000 -0.0000
vn -1.0000 0.0000 -0.0000
vn -1.0000 0.0000 -0.0000
vn -1.0000 0.0000 -0.0000
vn -1.0000 0.0000 -0.0000
vn -1.0000 0.0000 -0.0000
vn -1.0000 0.0000 -0.0000
vn -1.0000 0.0000 -0.0000
vn -0.0000 -0.9937 0.1121
vn -0.0000 -0.9937 0.1121
vn -0.0000 -0.9749 0.2227
vn -0.0000 -0.9749 0.2227
vn -0.0000 -0.9438 0.3304
vn -0.0000 -0.9438 0.3304
vn -0.0000 -0.9009 0.4340
vn -0.0000 -0.9009 0.4340
vn -0.0000 -0.8466 0.5322
vn -0.0000 -0.8466 0.5322
vn -0.0000 -0.7817 0.6236
vn -0.0000 -0.7817 0.6236
vn -0.0000 -0.7070 0.7072
vn -0.0000 -0.7070 0.7072
vn -0.0000 -0.6234 0.7819
vn -0.0000 -0.6234 0.7819
vn -0.0000 -0.5319 0.8468
vn -0.0000 -0.5319 0.8468
vn -0.0000 -0.4338 0.9010
vn -0.0000 -0.4338 0.9010
vn -0.0000 -0.3301 0.9439
vn -0.0000 -0.3301 0.9439
vn -0.0000 -0.2131 0.9770
vn -0.0000 -0.2131 0.9770
vn -0.0000 -0.1120 0.9937
vn -0.0000 -0.1120 0.9937
vn -0.0000 -0.0326 0.9995
vn -0.0000 -0.0326 0.9995
vn 0.0000 -0.1122 -0.9937
vn 0.0000 -0.1122 -0.9937
vn 0.0000 -0.2182 -0.9759
vn 0.0000 -0.2182 -0.9759
vn 0.0000 -0.3304 -0.9438
vn 0.0000 -0.3304 -0.9438
vn 0.0000 -0.4347 -0.9006
vn 0.0000 -0.4347 -0.9006
vn 0.0000 -0.5322 -0.8466
vn 0.0000 -0.5322 -0.8466
vn 0.0000 -0.6235 -0.7818
vn 0.0000 -0.6235 -0.7818
vn 0.0000 -0.7072 -0.7070
vn 0.0000 -0.7072 -0.7070
vn 0.0000 -0.7819 -0.6234
vn 0.0000 -0.7819 -0.6234
vn 0.0000 -0.8468 -0.5319
vn 0.0000 -0.8468 -0.5319
vn 0.0000 -0.9010 -0.4338
vn 0.0000 -0.9010 -0.4338
vn 0.0000 -0.9439 -0.3301
vn 0.0000 -0.9439 -0.3301
vn 0.0000 -0.9750 -0.2224
vn 0.0000 -0.9750 -0.2224
vn 0.0000 -0.9937 -0.1118
vn 0.0000 -0.9937 -0.1118
vn -0.0000 -1.0000 0.0001
vn -0.0000 -1.0000 0.0001
vn 0.0000 -0.0270 -0.9996
vn 0.0000 0.0000 -1.0000
vn 0.0000 0.0000 -1.0000
vn 0.0000 -0.0270 -0.9996
vn -1.0000 0.0000 -0.0000
vn -1.0000 0.0000 -0.0000
vn -1.0000 0.0000 -0.0000
vn -1.0000 0.0000 -0.0000
vn -0.0000 -0.0000 1.0000
vn -0.0000 -0.0000 1.0000
vn 1.0000 0.0000 0.0000
vn 1.0000 0.0000 0.0000
vn 1.0000 0.0000 0.0000
vn 1.0000 0.0000 0.0000
vn -1.0000 0.0000 -0.0000
vn -1.0000 0.0000 -0.0000
vn -1.0000 0.0000 -0.0000
vn -1.0000 0.0000 -0.0000
vn 1.0000 0.0000 0.0000
vn 1.0000 0.0000 0.0000
vn 1.0000 0.0000 0.0000
vn 1.0000 0.0000 0.0000
vn 0.0000 -0.7072 -0.7070
vn 0.0000 -0.7072 -0.7070
vn -0.0000 -0.7070 0.7072
vn -0.0000 -0.7070 0.7072
vn 1.0000 0.0000 0.0000
vn 1.0000 0.0000 0.0000
vn 1.0000 0.0000 0.0000
vn 1.0000 0.0000 0.0000
vn 1.0000 0.0000 0.0000
vn 1.0000 0.0000 0.0000
vn 1.0000 0.0000 0.0000
vn 1.0000 0.0000 0.0000
vn 0.0000 0.0000 -1.0000
vn 0.0000 0.0000 -1.0000
vn 0.0000 0.0000 -1.0000
vn 0.0000 0.0000 -1.0000
vn 0.0000 0.0000 -1.0000
vn 0.0000 0.0000 -1.0000
vn 0.0000 0.0000 -1.0000
vn 0.0000 0.0000 -1.0000
vn -0.0000 -0.0000 1.0000
vn -0.0000 -0.0000 1.0000
vn -0.0000 -0.0000 1.0000
vn -0.0000 -0.0000 1.0000
vn -1.0000 0.0000 -0.0000
vn -1.0000 0.0000 -0.0000
vn -1.0000 0.0000 -0.0000
vn -1.0000 0.0000 -0.0000
vn -0.0000 -0.0000 1.0000
vn -0.0000 -0.0000 1.0000
vn -0.0000 -0.0000 1.0000
vn -0.0000 -0.0000 1.0000
vn -0.0000 -0.9937 0.1121
vn -0.0000 -0.9937 0.1121
vn -0.0000 -0.9749 0.2227
vn -0.0000 -0.9749 0.2227
vn -0.0000 -0.9438 0.3304
vn -0.0000 -0.9438 0.3304
vn -0.0000 -0.9009 0.4340
vn -0.0000 -0.9009 0.4340
vn -0.0000 -0.8466 0.5322
vn -0.0000 -0.8466 0.5322
vn -0.0000 -0.7817 0.6236
vn -0.0000 -0.7817 0.6236
vn -0.0000 -0.7070 0.7072
vn -0.0000 -0.7070 0.7072
vn -0.0000 -0.6234 0.7819
vn -0.0000 -0.6234 0.7819
vn -0.0000 -0.5319 0.8468
vn -0.0000 -0.5319 0.8468
vn -0.0000 -0.4338 0.9010
vn -0.0000 -0.4338 0.9010
vn -0.0000 -0.3301 0.9439
vn -0.0000 -0.3301 0.9439
vn -0.0000 -0.2131 0.9770
vn -0.0000 -0.2131 0.9770
vn -0.0000 -0.1120 0.9937
vn -0.0000 -0.1120 0.9937
vn -0.0000 -0.0326 0.9995
vn -0.0000 -0.0326 0.9995
vn 0.0000 -0.1122 -0.9937
vn 0.0000 -0.1122 -0.9937
vn 0.0000 -0.2182 -0.9759
vn 0.0000 -0.2182 -0.9759
vn 0.0000 -0.3304 -0.9438
vn 0.0000 -0.3304 -0.9438
vn 0.0000 -0.4347 -0.9006
vn 0.0000 -0.4347 -0.9006
vn 0.0000 -0.5322 -0.8466
vn 0.0000 -0.5322 -0.8466
vn 0.0000 -0.6235 -0.7818
vn 0.0000 -0.6235 -0.7818
vn 0.0000 -0.7072 -0.7070
vn 0.0000 -0.7072 -0.7070
vn 0.0000 -0.7819 -0.6234
vn 0.0000 -0.7819 -0.6234
vn 0.0000 -0.8468 -0.5319
vn 0.0000 -0.8468 -0.5319
vn 0.0000 -0.9010 -0.4338
vn 0.0000 -0.9010 -0.4338
vn 0.0000 -0.9439 -0.3301
vn 0.0000 -0.9439 -0.3301
vn 0.0000 -0.9750 -0.2224
vn 0.0000 -0.9750 -0.2224
vn 0.0000 -0.9937 -0.1118
vn 0.0000 -0.9937 -0.1118
vn -0.0000 -1.0000 0.0001
vn -0.0000 -1.0000 0.0001
vn 0.0000 -0.0270 -0.9996
vn 0.0000 0.0000 -1.0000
vn 0.0000 0.0000 -1.0000
vn 0.0000 -0.0270 -0.9996
vn -1.0000 0.0000 -0.0000
vn -1.0000 0.0000 -0.0000
vn -0.0000 -0.0000 1.0000
vn -0.0000 -0.0000 1.0000
vn 1.0000 0.0000 0.0000
vn 1.0000 0.0000 0.0000
vn 1.0000 0.0000 0.0000
vn 1.0000 0.0000 0.0000
vn -1.0000 0.0000 -0.0000
vn -1.0000 0.0000 -0.0000
vn -1.0000 0.0000 -0.0000
vn -1.0000 0.0000 -0.0000
vn 1.0000 0.0000 0.0000
vn 1.0000 0.0000 0.0000
vn 0.0000 -0.7072 -0.7070
vn 0.0000 -0.7072 -0.7070
vn -0.0000 -0.7070 0.7072
vn -0.0000 -0.7070 0.7072
vn 1.0000 0.0000 0.0000
vn 1.0000 0.0000 0.0000
vn 1.0000 0.0000 0.0000
vn 1.0000 0.0000 0.0000
vn 0.0000 0.0000 -1.0000
vn 0.0000 0.0000 -1.0000
vn 0.0000 0.0000 -1.0000
vn 0.0000 0.0000 -1.0000
vn 0.0000 0.0000 -1.0000
vn 0.0000 0.0000 -1.0000
vn 0.0000 0.0000 -1.0000
vn 0.0000 0.0000 -1.0000
vn -1.0000 0.0000 -0.0000
vn -1.0000 0.0000 -0.0000
vn -1.0000 0.0000 -0.0000
vn -1.0000 0.0000 -0.0000
vn -0.0000 -0.0000 1.0000
vn -0.0000 -0.0000 1.0000
vn -0.0000 -0.0000 1.0000
vn -0.0000 -0.0000 1.0000
vn -0.0000 -0.0000 1.0000
vn -0.0000 -0.0000 1.0000
vn -0.0000 -0.0000 1.0000
vn -0.0000 -0.0000 1.0000
vn -0.0000 -0.9937 0.1121
vn -0.0000 -0.9937 0.1121
vn -0.0000 -0.9749 0.2227
vn -0.0000 -0.9749 0.2227
vn -0.0000 -0.9438 0.3304
vn -0.0000 -0.9438 0.3304
vn -0.0000 -0.9009 0.4340
vn -0.0000 -0.9009 0.4340
vn -0.0000 -0.8466 0.5322
vn -0.0000 -0.8466 0.5322
vn -0.0000 -0.7817 0.6236
vn -0.0000 -0.7817 0.6236
vn -0.0000 -0.7070 0.7072
vn -0.0000 -0.7070 0.7072
vn -0.0000 -0.6234 0.7819
vn -0.0000 -0.6234 0.7819
vn -0.0000 -0.5319 0.8468
vn -0.0000 -0.5319 0.8468
vn -0.0000 -0.4338 0.9010
vn -0.0000 -0.4338 0.9010
vn -0.0000 -0.3301 0.9439
vn -0.0000 -0.3301 0.9439
vn -0.0000 -0.2131 0.9770
vn -0.0000 -0.2131 0.9770
vn -0.0000 -0.1120 0.9937
vn -0.0000 -0.1120 0.9937
vn -0.0000 -0.0326 0.9995
vn -0.0000 -0.0326 0.9995
vn 0.0000 -0.1122 -0.9937
vn 0.0000 -0.1122 -0.9937
vn 0.0000 -0.2182 -0.9759
vn 0.0000 -0.2182 -0.9759
vn 0.0000 -0.3304 -0.9438
vn 0.0000 -0.3304 -0.9438
vn 0.0000 -0.4347 -0.9006
vn 0.0000 -0.4347 -0.9006
vn 0.0000 -0.5322 -0.8466
vn 0.0000 -0.5322 -0.8466
vn 0.0000 -0.6235 -0.7818
vn 0.0000 -0.6235 -0.7818
vn 0.0000 -0.7072 -0.7070
vn 0.0000 -0.7072 -0.7070
vn 0.0000 -0.7819 -0.6234
vn 0.0000 -0.7819 -0.6234
vn 0.0000 -0.8468 -0.5319
vn 0.0000 -0.8468 -0.5319
vn 0.0000 -0.9010 -0.4338
vn 0.0000 -0.9010 -0.4338
vn 0.0000 -0.9439 -0.3301
vn 0.0000 -0.9439 -0.3301
vn 0.0000 -0.9750 -0.2224
vn 0.0000 -0.9750 -0.2224
vn 0.0000 -0.9937 -0.1118
vn 0.0000 -0.9937 -0.1118
vn -0.0000 -1.0000 0.0001
vn -0.0000 -1.0000 0.0001
vn 0.0000 -0.0270 -0.9996
vn 0.0000 0.0000 -1.0000
vn 0.0000 0.0000 -1.0000
vn 0.0000 -0.0270 -0.9996
vn -1.0000 0.0000 -0.0000
vn -1.0000 0.0000 -0.0000
vn -0.0000 -0.0000 1.0000
vn -0.0000 -0.0000 1.0000
vn 1.0000 0.0000 0.0000
vn 1.0000 0.0000 0.0000
vn 1.0000 0.0000 0.0000
vn 1.0000 0.0000 0.0000
vn -1.0000 0.0000 -0.0000
vn -1.0000 0.0000 -0.0000
vn -1.0000 0.0000 -0.0000
vn -1.0000 0.0000 -0.0000
vn 1.0000 0.0000 0.0000
vn 1.0000 0.0000 0.0000
vn 0.0000 -0.7072 -0.7070
vn 0.0000 -0.7072 -0.7070
vn -0.0000 -0.7070 0.7072
vn -0.0000 -0.7070 0.7072
vn 1.0000 0.0000 0.0000
vn 1.0000 0.0000 0.0000
vn 1.0000 0.0000 0.0000
vn 1.0000 0.0000 0.0000
vn 0.0000 0.0000 -1.0000
vn 0.0000 0.0000 -1.0000
vn 0.0000 0.0000 -1.0000
vn 0.0000 0.0000 -1.0000
vn 0.0000 0.0000 -1.0000
vn 0.0000 0.0000 -1.0000
vn 0.0000 0.0000 -1.0000
vn 0.0000 0.0000 -1.0000
vn 1.0000 0.0000 0.0000
vn 1.0000 0.0000 0.0000
vn 1.0000 0.0000 0.0000
vn 1.0000 0.0000 0.0000
vn -0.0000 -0.0000 1.0000
vn -0.0000 -0.0000 1.0000
vn -0.0000 -0.0000 1.0000
vn -0.0000 -0.0000 1.0000
vn -0.0000 -0.0000 1.0000
vn -0.0000 -0.0000 1.0000
vn -0.0000 -0.0000 1.0000
vn -0.0000 -0.0000 1.0000
vn -0.0000 -0.9937 0.1121
vn -0.0000 -0.9937 0.1121
vn -0.0000 -0.9749 0.2227
vn -0.0000 -0.9749 0.2227
vn -0.0000 -0.9438 0.3304
vn -0.0000 -0.9438 0.3304
vn -0.0000 -0.9009 0.4340
vn -0.0000 -0.9009 0.4340
vn -0.0000 -0.8466 0.5322
vn -0.0000 -0.8466 0.5322
vn -0.0000 -0.7817 0.6236
vn -0.0000 -0.7817 0.6236
vn -0.0000 -0.7070 0.7072
vn -0.0000 -0.7070 0.7072
vn -0.0000 -0.6234 0.7819
vn -0.0000 -0.6234 0.7819
vn -0.0000 -0.5319 0.8468
vn -0.0000 -0.5319 0.8468
vn -0.0000 -0.4338 0.9010
vn -0.0000 -0.4338 0.9010
vn -0.0000 -0.3301 0.9439
vn -0.0000 -0.3301 0.9439
vn -0.0000 -0.2131 0.9770
vn -0.0000 -0.2131 0.9770
vn -0.0000 -0.1120 0.9937
vn -0.0000 -0.1120 0.9937
vn -0.0000 -0.0326 0.9995
vn -0.0000 -0.0326 0.9995
vn 0.0000 -0.1122 -0.9937
vn 0.0000 -0.1122 -0.9937
vn 0.0000 -0.2182 -0.9759
vn 0.0000 -0.2182 -0.9759
vn 0.0000 -0.3304 -0.9438
vn 0.0000 -0.3304 -0.9438
vn 0.0000 -0.4347 -0.9006
vn 0.0000 -0.4347 -0.9006
vn 0.0000 -0.5322 -0.8466
vn 0.0000 -0.5322 -0.8466
vn 0.0000 -0.6235 -0.7818
vn 0.0000 -0.6235 -0.7818
vn 0.0000 -0.7072 -0.7070
vn 0.0000 -0.7072 -0.7070
vn 0.0000 -0.7819 -0.6234
vn 0.0000 -0.7819 -0.6234
vn 0.0000 -0.8468 -0.5319
vn 0.0000 -0.8468 -0.5319
vn 0.0000 -0.9010 -0.4338
vn 0.0000 -0.9010 -0.4338
vn 0.0000 -0.9439 -0.3301
vn 0.0000 -0.9439 -0.3301
vn 0.0000 -0.9750 -0.2224
vn 0.0000 -0.9750 -0.2224
vn 0.0000 -0.9937 -0.1118
vn 0.0000 -0.9937 -0.1118
vn -0.0000 -1.0000 0.0001
vn -0.0000 -1.0000 0.0001
vn 0.0000 -0.0270 -0.9996
vn 0.0000 0.0000 -1.0000
vn 0.0000 0.0000 -1.0000
vn 0.0000 -0.0270 -0.9996
vn -1.0000 0.0000 -0.0000
vn -1.0000 0.0000 -0.0000
vn -0.0000 -0.0000 1.0000
vn -0.0000 -0.0000 1.0000
vn 1.0000 0.0000 0.0000
vn 1.0000 0.0000 0.0000
vn 1.0000 0.0000 0.0000
vn 1.0000 0.0000 0.0000
vn -1.0000 0.0000 -0.0000
vn -1.0000 0.0000 -0.0000
vn -1.0000 0.0000 -0.0000
vn -1.0000 0.0000 -0.0000
vn 1.0000 0.0000 0.0000
vn 1.0000 0.0000 0.0000
vn 0.0000 -0.7072 -0.7070
vn 0.0000 -0.7072 -0.7070
vn -0.0000 -0.7070 0.7072
vn -0.0000 -0.7070 0.7072
vn -1.0000 0.0000 -0.0000
vn -1.0000 0.0000 -0.0000
vn -1.0000 0.0000 -0.0000
vn -1.0000 0.0000 -0.0000
vn 0.0000 0.0000 -1.0000
vn 0.0000 0.0000 -1.0000
vn 0.0000 0.0000 -1.0000
vn 0.0000 0.0000 -1.0000
vn 0.0000 0.0000 -1.0000
vn 0.0000 0.0000 -1.0000
vn 0.0000 0.0000 -1.0000
vn 0.0000 0.0000 -1.0000
vn -1.0000 0.0000 -0.0000
vn -1.0000 0.0000 -0.0000
vn -1.0000 0.0000 -0.0000
vn -1.0000 0.0000 -0.0000
vn -0.0000 -0.0000 1.0000
vn -0.0000 -0.0000 1.0000
vn -0.0000 -0.0000 1.0000
vn -0.0000 -0.0000 1.0000
vn -0.0000 -0.0000 1.0000
vn -0.0000 -0.0000 1.0000
vn -0.0000 -0.0000 1.0000
vn -0.0000 -0.0000 1.0000
vn -0.0000 -0.9937 0.1121
vn -0.0000 -0.9937 0.1121
vn -0.0000 -0.9749 0.2227
vn -0.0000 -0.9749 0.2227
vn -0.0000 -0.9438 0.3304
vn -0.0000 -0.9438 0.3304
vn -0.0000 -0.9009 0.4340
vn -0.0000 -0.9009 0.4340
vn -0.0000 -0.8466 0.5322
vn -0.0000 -0.8466 0.5322
vn -0.0000 -0.7817 0.6236
vn -0.0000 -0.7817 0.6236
vn -0.0000 -0.7070 0.7072
vn -0.0000 -0.7070 0.7072
vn -0.0000 -0.6234 0.7819
vn -0.0000 -0.6234 0.7819
vn -0.0000 -0.5319 0.8468
vn -0.0000 -0.5319 0.8468
vn -0.0000 -0.4338 0.9010
vn -0.0000 -0.4338 0.9010
vn -0.0000 -0.3301 0.9439
vn -0.0000 -0.3301 0.9439
vn -0.0000 -0.2131 0.9770
vn -0.0000 -0.2131 0.9770
vn -0.0000 -0.1120 0.9937
vn -0.0000 -0.1120 0.9937
vn -0.0000 -0.0326 0.9995
vn -0.0000 -0.0326 0.9995
vn 0.0000 -0.1122 -0.9937
vn 0.0000 -0.1122 -0.9937
vn 0.0000 -0.2182 -0.9759
vn 0.0000 -0.2182 -0.9759
vn 0.0000 -0.3304 -0.9438
vn 0.0000 -0.3304 -0.9438
vn 0.0000 -0.4347 -0.9006
vn 0.0000 -0.4347 -0.9006
vn 0.0000 -0.5322 -0.8466
vn 0.0000 -0.5322 -0.8466
vn 0.0000 -0.6235 -0.7818
vn 0.0000 -0.6235 -0.7818
vn 0.0000 -0.7072 -0.7070
vn 0.0000 -0.7072 -0.7070
vn 0.0000 -0.7819 -0.6234
vn 0.0000 -0.7819 -0.6234
vn 0.0000 -0.8468 -0.5319
vn 0.0000 -0.8468 -0.5319
vn 0.0000 -0.9010 -0.4338
vn 0.0000 -0.9010 -0.4338
vn 0.0000 -0.9439 -0.3301
vn 0.0000 -0.9439 -0.3301
vn 0.0000 -0.9750 -0.2224
vn 0.0000 -0.9750 -0.2224
vn 0.0000 -0.9937 -0.1118
vn 0.0000 -0.9937 -0.1118
vn -0.0000 -1.0000 0.0001
vn -0.0000 -1.0000 0.0001
vn 0.0000 -0.0270 -0.9996
vn 0.0000 0.0000 -1.0000
vn 0.0000 0.0000 -1.0000
vn 0.0000 -0.0270 -0.9996
vn -1.0000 0.0000 -0.0000
vn -1.0000 0.0000 -0.0000
vn -0.0000 -0.0000 1.0000
vn -0.0000 -0.0000 1.0000
vn 1.0000 0.0000 0.0000
vn 1.0000 0.0000 0.0000
vn 1.0000 0.0000 0.0000
vn 1.0000 0.0000 0.0000
vn -1.0000 0.0000 -0.0000
vn -1.0000 0.0000 -0.0000
vn -1.0000 0.0000 -0.0000
vn -1.0000 0.0000 -0.0000
vn 1.0000 0.0000 0.0000
vn 1.0000 0.0000 0.0000
vn 0.0000 -0.7072 -0.7070
vn 0.0000 -0.7072 -0.7070
vn -0.0000 -0.7070 0.7072
vn -0.0000 -0.7070 0.7072
vn -1.0000 0.0000 -0.0000
vn -1.0000 0.0000 -0.0000
vn -1.0000 0.0000 -0.0000
vn -1.0000 0.0000 -0.0000
vn 0.0000 0.0000 -1.0000
vn 0.0000 0.0000 -1.0000
vn 0.0000 0.0000 -1.0000
vn 0.0000 0.0000 -1.0000
vn 0.0000 0.0000 -1.0000
vn 0.0000 0.0000 -1.0000
vn 0.0000 0.0000 -1.0000
vn 0.0000 0.0000 -1.0000
vn 1.0000 0.0000 0.0000
vn 1.0000 0.0000 0.0000
vn 1.0000 0.0000 0.0000
vn 1.0000 0.0000 0.0000
vn -0.0000 -0.0000 1.0000
vn -0.0000 -0.0000 1.0000
vn -0.0000 -0.0000 1.0000
vn -0.0000 -0.0000 1.0000
vn -0.0000 -0.0000 1.0000
vn -0.0000 -0.0000 1.0000
vn -0.0000 -0.0000 1.0000
vn -0.0000 -0.0000 1.0000
vn 0.0000 0.0000 -1.0000
vn 0.0000 0.0000 -1.0000
vn 0.0000 0.0000 -1.0000
vn 0.0000 0.0000 -1.0000
vn -0.0000 -0.0000 1.0000
vn -0.0000 -0.0000 1.0000
vn -0.0000 -0.0000 1.0000
vn -0.0000 -0.0000 1.0000
vn 0.0000 -1.0000 -0.0000
vn 0.0000 -0.9995 -0.0302
vn 0.0000 -0.9995 -0.0302
vn 0.0000 -1.0000 -0.0000
vn 0.0000 -0.0302 -0.9995
vn 0.0000 0.0000 -1.0000
vn 0.0000 0.0000 -1.0000
vn 0.0000 -0.0302 -0.9995
vn -1.0000 0.0000 -0.0000
vn -1.0000 0.0000 -0.0000
vn -1.0000 0.0000 -0.0000
vn -1.0000 0.0000 -0.0000
vn -0.0000 -0.0000 1.0000
vn -0.0000 -0.0000 1.0000
vn -0.0000 -0.0000 1.0000
vn -0.0000 -0.0000 1.0000
vn -0.0000 -0.0000 1.0000
vn -0.0000 -0.0000 1.0000
vn 1.0000 0.0000 0.0000
vn 1.0000 0.0000 0.0000
vn 1.0000 0.0000 0.0000
vn 1.0000 0.0000 0.0000
vn 1.0000 0.0000 0.0000
vn 1.0000 0.0000 0.0000
vn 1.0000 0.0000 0.0000
vn 1.0000 0.0000 0.0000
vn 0.0000 0.0000 -1.0000
vn 0.0000 0.0000 -1.0000
vn 0.0000 0.0000 -1.0000
vn 0.0000 0.0000 -1.0000
vn 0.0000 0.0000 -1.0000
vn 0.0000 0.0000 -1.0000
vn 0.0000 0.0000 -1.0000
vn 0.0000 0.0000 -1.0000
vn -1.0000 0.0000 -0.0000
vn -1.0000 0.0000 -0.0000
vn -1.0000 0.0000 -0.0000
vn -1.0000 0.0000 -0.0000
vn 1.0000 0.0000 0.0000
vn 1.0000 0.0000 0.0000
vn 1.0000 0.0000 0.0000
vn 1.0000 0.0000 0.0000
vn 1.0000 0.0000 0.0000
vn 1.0000 0.0000 0.0000
vn 1.0000 0.0000 0.0000
vn 1.0000 0.0000 0.0000
vn -0.0000 -0.0000 1.0000
vn -0.0000 -0.0000 1.0000
vn -0.0000 -0.0000 1.0000
vn -0.0000 -0.0000 1.0000
vn -1.0000 0.0000 -0.0000
vn -1.0000 0.0000 -0.0000
vn 1.0000 0.0000 0.0000
vn 1.0000 0.0000 0.0000
vn 1.0000 0.0000 0.0000
vn 1.0000 0.0000 0.0000
vn 0.0000 1.0000 0.0000
vn 0.0000 1.0000 0.0000
vn 0.0000 1.0000 0.0000
vn 0.0000 1.0000 0.0000
vn 0.0000 0.0000 -1.0000
vn 0.0000 0.0000 -1.0000
vn 0.0000 0.0000 -1.0000
vn 0.0000 0.0000 -1.0000
vn 0.0000 -1.0000 -0.0000
vn 0.0000 -1.0000 -0.0000
vn 0.0000 -1.0000 -0.0000
vn 0.0000 -1.0000 -0.0000
vn -1.0000 0.0000 -0.0000
vn -1.0000 0.0000 -0.0000
vn -1.0000 0.0000 -0.0000
vn -1.0000 0.0000 -0.0000
vn 0.0000 -0.1205 -0.9927
vn 0.0000 -0.1205 -0.9927
vn 0.0000 -0.2393 -0.9709
vn 0.0000 -0.2393 -0.9709
vn 0.0000 -0.3546 -0.9350
vn 0.0000 -0.3546 -0.9350
vn 0.0000 -0.4647 -0.8855
vn 0.0000 -0.4647 -0.8855
vn 0.0000 -0.5681 -0.8230
vn 0.0000 -0.5681 -0.8230
vn 0.0000 -0.6631 -0.7485
vn 0.0000 -0.6631 -0.7485
vn 0.0000 -0.7485 -0.6631
vn 0.0000 -0.7485 -0.6631
vn 0.0000 -0.8230 -0.5681
vn 0.0000 -0.8230 -0.5681
vn 0.0000 -0.7485 -0.6631
vn 0.0000 -0.7485 -0.6631
vn 0.0000 -0.8855 -0.4647
vn 0.0000 -0.8855 -0.4647
vn 0.0000 -0.9350 -0.3546
vn 0.0000 -0.9350 -0.3546
vn 0.0000 -0.9709 -0.2393
vn 0.0000 -0.9709 -0.2393
vn 0.0000 -0.9927 -0.1205
vn 0.0000 -0.9927 -0.1205
vn -1.0000 0.0000 -0.0000
vn -1.0000 0.0000 -0.0000
vn -1.0000 0.0000 -0.0000
vn -1.0000 0.0000 -0.0000
vn -1.0000 0.0000 -0.0000
vn -1.0000 0.0000 -0.0000
vn -1.0000 0.0000 -0.0000
vn -1.0000 0.0000 -0.0000
vn -1.0000 0.0000 -0.0000
vn -1.0000 0.0000 -0.0000
vn -1.0000 0.0000 -0.0000
vn -1.0000 0.0000 -0.0000
vn -1.0000 0.0000 -0.0000
vn -1.0000 0.0000 -0.0000
vn -1.0000 0.0000 -0.0000
vn -1.0000 0.0000 -0.0000
vn 1.0000 0.0000 0.0000
vn 1.0000 0.0000 0.0000
vn 1.0000 0.0000 0.0000
vn 1.0000 0.0000 0.0000
vn 1.0000 0.0000 0.0000
vn 1.0000 0.0000 0.0000
vn 1.0000 0.0000 0.0000
vn 1.0000 0.0000 0.0000
vn 1.0000 0.0000 0.0000
vn 1.0000 0.0000 0.0000
vn 1.0000 0.0000 0.0000
vn 1.0000 0.0000 0.0000
vn 1.0000 0.0000 0.0000
vn 1.0000 0.0000 0.0000
vn 1.0000 0.0000 0.0000
vn 1.0000 0.0000 0.0000
vn 1.0000 0.0000 0.0000
vn 1.0000 0.0000 0.0000
vn 1.0000 0.0000 0.0000
vn 1.0000 0.0000 0.0000
vn 1.0000 0.0000 0.0000
vn 1.0000 0.0000 0.0000
vn 1.0000 0.0000 0.0000
vn 1.0000 0.0000 0.0000
vn 1.0000 0.0000 0.0000
vn 1.0000 0.0000 0.0000
vn 1.0000 0.0000 0.0000
vn 1.0000 0.0000 0.0000
vn 1.0000 0.0000 0.0000
vn 1.0000 0.0000 0.0000
vn -1.0000 0.0000 -0.0000
vn -1.0000 0.0000 -0.0000
vn -1.0000 0.0000 -0.0000
vn -1.0000 0.0000 -0.0000
vn -1.0000 0.0000 -0.0000
vn -1.0000 0.0000 -0.0000
vn -1.0000 0.0000 -0.0000
vn -1.0000 0.0000 -0.0000
vn -1.0000 0.0000 -0.0000
vn -1.0000 0.0000 -0.0000
vn -1.0000 0.0000 -0.0000
vn -1.0000 0.0000 -0.0000
vn -1.0000 0.0000 -0.0000
vn -1.0000 0.0000 -0.0000
vn -1.0000 0.0000 -0.0000
vn -1.0000 0.0000 -0.0000
vn -1.0000 0.0000 -0.0000
vn -1.0000 0.0000 -0.0000
vn -1.0000 0.0000 -0.0000
vn -1.0000 0.0000 -0.0000
vn -1.0000 0.0000 -0.0000
vn -1.0000 0.0000 -0.0000
vn -1.0000 0.0000 -0.0000
vn -1.0000 0.0000 -0.0000
vn -1.0000 0.0000 -0.0000
vn -1.0000 0.0000 -0.0000
vn -1.0000 0.0000 -0.0000
vn -1.0000 0.0000 -0.0000
vn -1.0000 0.0000 -0.0000
vn 1.0000 0.0000 0.0000
vn 1.0000 0.0000 0.0000
vn 1.0000 0.0000 0.0000
vn 1.0000 0.0000 0.0000
vn 1.0000 0.0000 0.0000
vn 1.0000 0.0000 0.0000
vn 1.0000 0.0000 0.0000
vn 1.0000 0.0000 0.0000
vn 1.0000 0.0000 0.0000
vn 1.0000 0.0000 0.0000
vn 1.0000 0.0000 0.0000
vn 1.0000 0.0000 0.0000
vn 1.0000 0.0000 0.0000
vn 1.0000 0.0000 0.0000
vn 1.0000 0.0000 0.0000
vn 1.0000 0.0000 0.0000
vn 1.0000 0.0000 0.0000
vn 1.0000 0.0000 0.0000
vn 1.0000 0.0000 0.0000
vn 1.0000 0.0000 0.0000
vn 1.0000 0.0000 0.0000
vn 1.0000 0.0000 0.0000
vn 1.0000 0.0000 0.0000
vn 1.0000 0.0000 0.0000
vn 1.0000 0.0000 0.0000
vn 1.0000 0.0000 0.0000
vn 1.0000 0.0000 0.0000
vn 1.0000 0.0000 0.0000
vn 1.0000 0.0000 0.0000
vn -1.0000 0.0000 -0.0000
vn -1.0000 0.0000 -0.0000
vn -1.0000 0.0000 -0.0000
vn -1.0000 0.0000 -0.0000
vn -1.0000 0.0000 -0.0000
vn -1.0000 0.0000 -0.0000
vn -1.0000 0.0000 -0.0000
vn -1.0000 0.0000 -0.0000
vn -1.0000 0.0000 -0.0000
vn -1.0000 0.0000 -0.0000
vn -1.0000 0.0000 -0.0000
vn -1.0000 0.0000 -0.0000
vn -1.0000 0.0000 -0.0000
vn -1.0000 0.0000 -0.0000
vn -1.0000 0.0000 -0.0000
vn -1.0000 0.0000 -0.0000
vn -1.0000 0.0000 -0.0000
vn -1.0000 0.0000 -0.0000
vn -1.0000 0.0000 -0.0000
vn -1.0000 0.0000 -0.0000
vn -1.0000 0.0000 -0.0000
vn -1.0000 0.0000 -0.0000
vn -1.0000 0.0000 -0.0000
vn -1.0000 0.0000 -0.0000
vn -1.0000 0.0000 -0.0000
vn -1.0000 0.0000 -0.0000
vn -1.0000 0.0000 -0.0000
vn -1.0000 0.0000 -0.0000
vn -1.0000 0.0000 -0.0000
vn 1.0000 0.0000 0.0000
vn 1.0000 0.0000 0.0000
vn 1.0000 0.0000 0.0000
vn 1.0000 0.0000 0.0000
vn 1.0000 0.0000 0.0000
vn 1.0000 0.0000 0.0000
vn 1.0000 0.0000 0.0000
vn 1.0000 0.0000 0.0000
vn 1.0000 0.0000 0.0000
vn 1.0000 0.0000 0.0000
vn 1.0000 0.0000 0.0000
vn 1.0000 0.0000 0.0000
vn 1.0000 0.0000 0.0000
vn 1.0000 0.0000 0.0000
vn 1.0000 0.0000 0.0000
vn 1.0000 0.0000 0.0000
vn 1.0000 0.0000 0.0000
vn 1.0000 0.0000 0.0000
vn 1.0000 0.0000 0.0000
vn 1.0000 0.0000 0.0000
vn 1.0000 0.0000 0.0000
vn 1.0000 0.0000 0.0000
vn 1.0000 0.0000 0.0000
vn 1.0000 0.0000 0.0000
vn 1.0000 0.0000 0.0000
vn 1.0000 0.0000 0.0000
vn 1.0000 0.0000 0.0000
vn 1.0000 0.0000 0.0000
vn 1.0000 0.0000 0.0000
vn -1.0000 0.0000 -0.0000
vn -1.0000 0.0000 -0.0000
vn -1.0000 0.0000 -0.0000
vn -1.0000 0.0000 -0.0000
vn -1.0000 0.0000 -0.0000
vn -1.0000 0.0000 -0.0000
vn -1.0000 0.0000 -0.0000
vn -1.0000 0.0000 -0.0000
vn -1.0000 0.0000 -0.0000
vn -1.0000 0.0000 -0.0000
vn -1.0000 0.0000 -0.0000
vn -1.0000 0.0000 -0.0000
vn -1.0000 0.0000 -0.0000
vn -1.0000 0.0000 -0.0000
vn -1.0000 0.0000 -0.0000
vn -1.0000 0.0000 -0.0000
vn -1.0000 0.0000 -0.0000
vn -1.0000 0.0000 -0.0000
vn -1.0000 0.0000 -0.0000
vn -1.0000 0.0000 -0.0000
vn -1.0000 0.0000 -0.0000
vn -1.0000 0.0000 -0.0000
vn -1.0000 0.0000 -0.0000
vn -1.0000 0.0000 -0.0000
vn -1.0000 0.0000 -0.0000
vn -1.0000 0.0000 -0.0000
vn -1.0000 0.0000 -0.0000
vn -1.0000 0.0000 -0.0000
vn -1.0000 0.0000 -0.0000
vn 1.0000 0.0000 0.0000
vn 1.0000 0.0000 0.0000
vn 1.0000 0.0000 0.0000
vn 1.0000 0.0000 0.0000
vn 1.0000 0.0000 0.0000
vn 1.0000 0.0000 0.0000
vn 1.0000 0.0000 0.0000
vn 1.0000 0.0000 0.0000
vn 1.0000 0.0000 0.0000
vn 1.0000 0.0000 0.0000
vn 1.0000 0.0000 0.0000
vn 1.0000 0.0000 0.0000
vn 1.0000 0.0000 0.0000
vn 1.0000 0.0000 0.0000
vn 1.0000 0.0000 0.0000
vn 1.0000 0.0000 0.0000
vn 1.0000 0.0000 0.0000
vn 1.0000 0.0000 0.0000
vn 1.0000 0.0000 0.0000
vn 1.0000 0.0000 0.0000
vn 1.0000 0.0000 0.0000
vn 1.0000 0.0000 0.0000
vn 1.0000 0.0000 0.0000
vn 1.0000 0.0000 0.0000
vn 1.0000 0.0000 0.0000
vn 1.0000 0.0000 0.0000
vn 1.0000 0.0000 0.0000
vn 1.0000 0.0000 0.0000
vn 1.0000 0.0000 0.0000
vn -1.0000 0.0000 -0.0000
vn -1.0000 0.0000 -0.0000
vn -1.0000 0.0000 -0.0000
vn -1.0000 0.0000 -0.0000
vn -1.0000 0.0000 -0.0000
vn -1.0000 0.0000 -0.0000
vn -1.0000 0.0000 -0.0000
vn -1.0000 0.0000 -0.0000
vn -1.0000 0.0000 -0.0000
vn -1.0000 0.0000 -0.0000
vn -1.0000 0.0000 -0.0000
vn -1.0000 0.0000 -0.0000
vn -1.0000 0.0000 -0.0000
vn -1.0000 0.0000 -0.0000
vn -1.0000 0.0000 -0.0000
vn -1.0000 0.0000 -0.0000
vn -1.0000 0.0000 -0.0000
vn -1.0000 0.0000 -0.0000
vn -1.0000 0.0000 -0.0000
vn -1.0000 0.0000 -0.0000
vn -1.0000 0.0000 -0.0000
vn -1.0000 0.0000 -0.0000
vn -1.0000 0.0000 -0.0000
vn -1.0000 0.0000 -0.0000
vn -1.0000 0.0000 -0.0000
vn -1.0000 0.0000 -0.0000
vn -1.0000 0.0000 -0.0000
vn -1.0000 0.0000 -0.0000
vn -1.0000 0.0000 -0.0000
vn 1.0000 0.0000 0.0000
vn 1.0000 0.0000 0.0000
vn 1.0000 0.0000 0.0000
vn 1.0000 0.0000 0.0000
vn 1.0000 0.0000 0.0000
vn 1.0000 0.0000 0.0000
vn 1.0000 0.0000 0.0000
vn 1.0000 0.0000 0.0000
vn 1.0000 0.0000 0.0000
vn 1.0000 0.0000 0.0000
vn 1.0000 0.0000 0.0000
vn 1.0000 0.0000 0.0000
vn 1.0000 0.0000 0.0000
vn 1.0000 0.0000 0.0000
vn 1.0000 0.0000 0.0000
vn 1.0000 0.0000 0.0000
vn 1.0000 0.0000 0.0000
vn 1.0000 0.0000 0.0000
vn 1.0000 0.0000 0.0000
vn 1.0000 0.0000 0.0000
vn 1.0000 0.0000 0.0000
vn 1.0000 0.0000 0.0000
vn 1.0000 0.0000 0.0000
vn 1.0000 0.0000 0.0000
vn 1.0000 0.0000 0.0000
vn 1.0000 0.0000 0.0000
vn 1.0000 0.0000 0.0000
vn 1.0000 0.0000 0.0000
vn 1.0000 0.0000 0.0000
vn -1.0000 0.0000 -0.0000
vn -1.0000 0.0000 -0.0000
vn -1.0000 0.0000 -0.0000
vn -1.0000 0.0000 -0.0000
vn -1.0000 0.0000 -0.0000
vn -1.0000 0.0000 -0.0000
vn -1.0000 0.0000 -0.0000
vn -1.0000 0.0000 -0.0000
vn -1.0000 0.0000 -0.0000
vn -1.0000 0.0000 -0.0000
vn -1.0000 0.0000 -0.0000
vn -1.0000 0.0000 -0.0000
vn -1.0000 0.0000 -0.0000
vn -1.0000 0.0000 -0.0000
vn -1.0000 0.0000 -0.0000
vn -1.0000 0.0000 -0.0000
f 486/486/486 487/487/487 488/488/488
f 489/489/489 490/490/490 488/488/488
f 488/488/488 491/491/491 492/492/492
f 488/488/488 492/492/492 493/493/493
f 494/494/494 489/489/489 488/488/488
f 495/495/495 494/494/494 488/488/488
f 488/488/488 493/493/493 496/496/496
f 488/488/488 496/496/496 497/497/497
f 498/498/498 495/495/495 488/488/488
f 499/499/499 498/498/498 488/488/488
f 488/488/488 497/497/497 500/500/500
f 488/488/488 500/500/500 486/486/486
f 487/487/487 499/499/499 488/488/488
f 501/501/501 502/502/502 503/503/503
f 501/501/501 503/503/503 504/504/504
f 505/505/505 506/506/506 507/507/507
f 505/505/505 507/507/507 508/508/508
f 509/509/509 510/510/510 511/511/511
f 509/509/509 511/511/511 512/512/512
f 513/513/513 514/514/514 515/515/515
f 513/513/513 515/515/515 516/516/516
f 517/517/517 518/518/518 519/519/519
f 517/517/517 519/519/519 520/520/520
f 521/521/521 522/522/522 523/523/523
f 521/521/521 523/523/523 524/524/524
f 525/525/525 526/526/526 527/527/527
f 525/525/525 527/527/527 528/528/528
f 529/529/529 530/530/530 531/531/531
f 529/529/529 531/531/531 532/532/532
f 533/533/533 534/534/534 535/535/535
f 533/533/533 535/535/535 536/536/536
f 537/537/537 538/538/538 539/539/539
f 537/537/537 539/539/539 540/540/540
f 541/541/541 542/542/542 543/543/543
f 541/541/541 543/543/543 544/544/544
f 545/545/545 546/546/546 547/547/547
f 545/545/545 547/547/547 548/548/548
f 549/549/549 550/550/550 551/551/551
f 549/549/549 551/551/551 552/552/552
f 553/553/553 554/554/554 555/555/555
f 553/553/553 555/555/555 556/556/556
f 557/557/557 558/558/558 559/559/559
f 557/557/557 559/559/559 560/560/560
f 561/561/561 562/562/562 563/563/563
f 561/561/561 563/563/563 564/564/564
f 565/565/565 528/528/528 527/527/527
f 565/565/565 527/527/527 566/566/566
f 567/567/567 568/568/568 569/569/569
f 567/567/567 569/569/569 570/570/570
f 571/571/571 572/572/572 573/573/573
f 571/571/571 573/573/573 574/574/574
f 575/575/575 576/576/576 577/577/577
f 575/575/575 577/577/577 578/578/578
f 557/557/557 560/560/560 530/530/530
f 557/557/557 530/530/530 529/529/529
f 532/532/532 531/531/531 534/534/534
f 532/532/532 534/534/534 533/533/533
f 536/536/536 535/535/535 538/538/538
f 536/536/536 538/538/538 537/537/537
f 540/540/540 539/539/539 579/579/579
f 540/540/540 579/579/579 580/580/580
f 544/544/544 543/543/543 546/546/546
f 544/544/544 546/546/546 545/545/545
f 548/548/548 547/547/547 550/550/550
f 548/548/548 550/550/550 549/549/549
f 552/552/552 551/551/551 554/554/554
f 552/552/552 554/554/554 553/553/553
f 556/556/556 555/555/555 502/502/502
f 556/556/556 502/502/502 501/501/501
f 504/504/504 503/503/503 506/506/506
f 504/504/504 506/506/506 505/505/505
f 508/508/508 507/507/507 510/510/510
f 508/508/508 510/510/510 509/509/509
f 512/512/512 511/511/511 581/581/581
f 512/512/512 581/581/581 582/582/582
f 516/516/516 515/515/515 518/518/518
f 516/516/516 518/518/518 517/517/517
f 520/520/520 519/519/519 522/522/522
f 520/520/520 522/522/522 521/521/521
f 524/524/524 523/523/523 526/526/526
f 524/524/524 526/526/526 525/525/525
f 583/583/583 584/584/584 585/585/585
f 583/583/583 585/585/585 586/586/586
f 587/587/587 588/588/588 589/589/589
f 587/587/587 589/589/589 590/590/590
f 591/591/591 592/592/592 593/593/593
f 591/591/591 593/593/593 594/594/594
f 595/595/595 596/596/596 597/597/597
f 595/595/595 597/597/597 598/598/598
f 599/599/599 600/600/600 601/601/601
f 599/599/599 601/601/601 602/602/602
f 603/603/603 604/604/604 605/605/605
f 603/603/603 605/605/605 606/606/606
f 607/607/607 608/608/608 609/609/609
f 607/607/607 609/609/609 610/610/610
f 611/611/611 612/612/612 613/613/613
f 611/611/611 613/613/613 614/614/614
f 615/615/615 616/616/616 617/617/617
f 615/615/615 617/617/617 618/618/618
f 619/619/619 620/620/620 621/621/621
f 619/619/619 621/621/621 622/622/622
f 623/623/623 624/624/624 625/625/625
f 623/623/623 625/625/625 626/626/626
f 627/627/627 628/628/628 629/629/629
f 627/627/627 629/629/629 630/630/630
f 631/631/631 632/632/632 633/633/633
f 631/631/631 633/633/633 634/634/634
f 635/635/635 636/636/636 637/637/637
f 635/635/635 637/637/637 638/638/638
f 639/639/639 640/640/640 641/641/641
f 639/639/639 641/641/641 642/642/642
f 643/643/643 644/644/644 645/645/645
f 643/643/643 645/645/645 646/646/646
f 647/647/647 648/648/648 649/649/649
f 647/647/647 649/649/649 650/650/650
f 651/651/651 652/652/652 653/653/653
f 651/651/651 653/653/653 654/654/654
f 655/655/655 656/656/656 657/657/657
f 655/655/655 657/657/657 658/658/658
f 659/659/659 660/660/660 661/661/661
f 659/659/659 661/661/661 662/662/662
f 663/663/663 664/664/664 665/665/665
f 663/663/663 665/665/665 666/666/666
f 667/667/667 668/668/668 669/669/669
f 667/667/667 669/669/669 670/670/670
f 671/671/671 571/571/571 574/574/574
f 671/671/671 574/574/574 672/672/672
f 673/673/673 638/638/638 637/637/637
f 673/673/673 637/637/637 674/674/674
f 675/675/675 676/676/676 677/677/677
f 675/675/675 677/677/677 678/678/678
f 679/679/679 680/680/680 681/681/681
f 679/679/679 681/681/681 682/682/682
f 567/567/567 683/683/683 684/684/684
f 567/567/567 684/684/684 568/568/568
f 667/667/667 670/670/670 640/640/640
f 667/667/667 640/640/640 639/639/639
f 642/642/642 641/641/641 644/644/644
f 642/642/642 644/644/644 643/643/643
f 646/646/646 645/645/645 648/648/648
f 646/646/646 648/648/648 647/647/647
f 650/650/650 649/649/649 685/685/685
f 650/650/650 685/685/685 686/686/686
f 654/654/654 653/653/653 656/656/656
f 654/654/654 656/656/656 655/655/655
f 658/658/658 657/657/657 660/660/660
f 658/658/658 660/660/660 659/659/659
f 662/662/662 661/661/661 664/664/664
f 662/662/662 664/664/664 663/663/663
f 666/666/666 665/665/665 612/612/612
f 666/666/666 612/612/612 611/611/611
f 614/614/614 613/613/613 616/616/616
f 614/614/614 616/616/616 615/615/615
f 618/618/618 617/617/617 620/620/620
f 618/618/618 620/620/620 619/619/619
f 622/622/622 621/621/621 687/687/687
f 622/622/622 687/687/687 688/688/688
f 626/626/626 625/625/625 628/628/628
f 626/626/626 628/628/628 627/627/627
f 630/630/630 629/629/629 632/632/632
f 630/630/630 632/632/632 631/631/631
f 634/634/634 633/633/633 636/636/636
f 634/634/634 636/636/636 635/635/635
f 689/689/689 690/690/690 691/691/691
f 689/689/689 691/691/691 692/692/692
f 693/693/693 694/694/694 695/695/695
f 693/693/693 695/695/695 696/696/696
f 697/697/697 698/698/698 699/699/699
f 697/697/697 699/699/699 700/700/700
f 701/701/701 702/702/702 703/703/703
f 701/701/701 703/703/703 704/704/704
f 705/705/705 706/706/706 707/707/707
f 705/705/705 707/707/707 708/708/708
f 709/709/709 710/710/710 711/711/711
f 709/709/709 711/711/711 712/712/712
f 713/713/713 714/714/714 715/715/715
f 713/713/713 715/715/715 716/716/716
f 717/717/717 718/718/718 719/719/719
f 717/717/717 719/719/719 720/720/720
f 721/721/721 722/722/722 723/723/723
f 721/721/721 723/723/723 724/724/724
f 725/725/725 726/726/726 727/727/727
f 725/725/725 727/727/727 728/728/728
f 729/729/729 730/730/730 731/731/731
f 729/729/729 731/731/731 732/732/732
f 733/733/733 734/734/734 735/735/735
f 733/733/733 735/735/735 736/736/736
f 737/737/737 738/738/738 739/739/739
f 737/737/737 739/739/739 740/740/740
f 741/741/741 742/742/742 743/743/743
f 741/741/741 743/743/743 744/744/744
f 745/745/745 746/746/746 747/747/747
f 745/745/745 747/747/747 748/748/748
f 749/749/749 750/750/750 751/751/751
f 749/749/749 751/751/751 752/752/752
f 753/753/753 754/754/754 755/755/755
f 753/753/753 755/755/755 756/756/756
f 757/757/757 758/758/758 759/759/759
f 757/757/757 759/759/759 760/760/760
f 761/761/761 762/762/762 763/763/763
f 761/761/761 763/763/763 764/764/764
f 765/765/765 766/766/766 767/767/767
f 765/765/765 767/767/767 768/768/768
f 769/769/769 770/770/770 771/771/771
f 769/769/769 771/771/771 772/772/772
f 773/773/773 679/679/679 682/682/682
f 773/773/773 682/682/682 774/774/774
f 775/775/775 740/740/740 739/739/739
f 775/775/775 739/739/739 776/776/776
f 777/777/777 778/778/778 779/779/779
f 777/777/777 779/779/779 780/780/780
f 781/781/781 782/782/782 783/783/783
f 781/781/781 783/783/783 784/784/784
f 675/675/675 785/785/785 786/786/786
f 675/675/675 786/786/786 676/676/676
f 769/769/769 772/772/772 742/742/742
f 769/769/769 742/742/742 741/741/741
f 744/744/744 743/743/743 746/746/746
f 744/744/744 746/746/746 745/745/745
f 748/748/748 747/747/747 750/750/750
f 748/748/748 750/750/750 749/749/749
f 752/752/752 751/751/751 787/787/787
f 752/752/752 787/787/787 788/788/788
f 756/756/756 755/755/755 758/758/758
f 756/756/756 758/758/758 757/757/757
f 760/760/760 759/759/759 762/762/762
f 760/760/760 762/762/762 761/761/761
f 764/764/764 763/763/763 766/766/766
f 764/764/764 766/766/766 765/765/765
f 768/768/768 767/767/767 714/714/714
f 768/768/768 714/714/714 713/713/713
f 716/716/716 715/715/715 718/718/718
f 716/716/716 718/718/718 717/717/717
f 720/720/720 719/719/719 722/722/722
f 720/720/720 722/722/722 721/721/721
f 724/724/724 723/723/723 789/789/789
f 724/724/724 789/789/789 790/790/790
f 728/728/728 727/727/727 730/730/730
f 728/728/728 730/730/730 729/729/729
f 732/732/732 731/731/731 734/734/734
f 732/732/732 734/734/734 733/733/733
f 736/736/736 735/735/735 738/738/738
f 736/736/736 738/738/738 737/737/737
f 791/791/791 792/792/792 793/793/793
f 791/791/791 793/793/793 794/794/794
f 795/795/795 796/796/796 797/797/797
f 795/795/795 797/797/797 798/798/798
f 799/799/799 800/800/800 801/801/801
f 799/799/799 801/801/801 802/802/802
f 803/803/803 804/804/804 805/805/805
f 803/803/803 805/805/805 806/806/806
f 807/807/807 808/808/808 809/809/809
f 807/807/807 809/809/809 810/810/810
f 811/811/811 812/812/812 813/813/813
f 811/811/811 813/813/813 814/814/814
f 815/815/815 816/816/816 817/817/817
f 815/815/815 817/817/817 818/818/818
f 819/819/819 820/820/820 821/821/821
f 819/819/819 821/821/821 822/822/822
f 823/823/823 824/824/824 825/825/825
f 823/823/823 825/825/825 826/826/826
f 827/827/827 828/828/828 829/829/829
f 827/827/827 829/829/829 830/830/830
f 831/831/831 832/832/832 833/833/833
f 831/831/831 833/833/833 834/834/834
f 835/835/835 836/836/836 837/837/837
f 835/835/835 837/837/837 838/838/838
f 839/839/839 840/840/840 841/841/841
f 839/839/839 841/841/841 842/842/842
f 843/843/843 844/844/844 845/845/845
f 843/843/843 845/845/845 846/846/846
f 847/847/847 848/848/848 849/849/849
f 847/847/847 849/849/849 850/850/850
f 851/851/851 852/852/852 853/853/853
f 851/851/851 853/853/853 854/854/854
f 855/855/855 856/856/856 857/857/857
f 855/855/855 857/857/857 858/858/858
f 859/859/859 860/860/860 861/861/861
f 859/859/859 861/861/861 862/862/862
f 863/863/863 864/864/864 865/865/865
f 863/863/863 865/865/865 866/866/866
f 867/867/867 868/868/868 869/869/869
f 867/867/867 869/869/869 870/870/870
f 871/871/871 872/872/872 873/873/873
f 871/871/871 873/873/873 874/874/874
f 875/875/875 781/781/781 784/784/784
f 875/875/875 784/784/784 876/876/876
f 877/877/877 842/842/842 841/841/841
f 877/877/877 841/841/841 878/878/878
f 879/879/879 880/880/880 881/881/881
f 879/879/879 881/881/881 882/882/882
f 883/883/883 884/884/884 885/885/885
f 883/883/883 885/885/885 886/886/886
f 777/777/777 887/887/887 888/888/888
f 777/777/777 888/888/888 778/778/778
f 871/871/871 874/874/874 844/844/844
f 871/871/871 844/844/844 843/843/843
f 846/846/846 845/845/845 848/848/848
f 846/846/846 848/848/848 847/847/847
f 850/850/850 849/849/849 852/852/852
f 850/850/850 852/852/852 851/851/851
f 854/854/854 853/853/853 889/889/889
f 854/854/854 889/889/889 890/890/890
f 858/858/858 857/857/857 860/860/860
f 858/858/858 860/860/860 859/859/859
f 862/862/862 861/861/861 864/864/864
f 862/862/862 864/864/864 863/863/863
f 866/866/866 865/865/865 868/868/868
f 866/866/866 868/868/868 867/867/867
f 870/870/870 869/869/869 816/816/816
f 870/870/870 816/816/816 815/815/815
f 818/818/818 817/817/817 820/820/820
f 818/818/818 820/820/820 819/819/819
f 822/822/822 821/821/821 824/824/824
f 822/822/822 824/824/824 823/823/823
f 826/826/826 825/825/825 891/891/891
f 826/826/826 891/891/891 892/892/892
f 830/830/830 829/829/829 832/832/832
f 830/830/830 832/832/832 831/831/831
f 834/834/834 833/833/833 836/836/836
f 834/834/834 836/836/836 835/835/835
f 838/838/838 837/837/837 840/840/840
f 838/838/838 840/840/840 839/839/839
f 893/893/893 894/894/894 895/895/895
f 893/893/893 895/895/895 896/896/896
f 897/897/897 898/898/898 899/899/899
f 897/897/897 899/899/899 900/900/900
f 901/901/901 902/902/902 903/903/903
f 901/901/901 903/903/903 904/904/904
f 905/905/905 906/906/906 907/907/907
f 905/905/905 907/907/907 908/908/908
f 909/909/909 910/910/910 911/911/911
f 909/909/909 911/911/911 912/912/912
f 913/913/913 914/914/914 915/915/915
f 913/913/913 915/915/915 916/916/916
f 917/917/917 918/918/918 919/919/919
f 917/917/917 919/919/919 920/920/920
f 921/921/921 922/922/922 923/923/923
f 921/921/921 923/923/923 924/924/924
f 925/925/925 926/926/926 927/927/927
f 925/925/925 927/927/927 928/928/928
f 929/929/929 930/930/930 931/931/931
f 929/929/929 931/931/931 932/932/932
f 933/933/933 934/934/934 935/935/935
f 933/933/933 935/935/935 936/936/936
f 937/937/937 938/938/938 939/939/939
f 937/937/937 939/939/939 940/940/940
f 941/941/941 942/942/942 943/943/943
f 941/941/941 943/943/943 944/944/944
f 945/945/945 946/946/946 947/947/947
f 945/945/945 947/947/947 948/948/948
f 949/949/949 950/950/950 951/951/951
f 949/949/949 951/951/951 952/952/952
f 953/953/953 954/954/954 955/955/955
f 953/953/953 955/955/955 956/956/956
f 957/957/957 958/958/958 959/959/959
f 957/957/957 959/959/959 960/960/960
f 961/961/961 962/962/962 963/963/963
f 961/961/961 963/963/963 964/964/964
f 965/965/965 966/966/966 967/967/967
f 965/965/965 967/967/967 968/968/968
f 969/969/969 970/970/970 971/971/971
f 969/969/969 971/971/971 972/972/972
f 973/973/973 974/974/974 975/975/975
f 973/973/973 975/975/975 976/976/976
f 977/977/977 883/883/883 886/886/886
f 977/977/977 886/886/886 978/978/978
f 979/979/979 944/944/944 943/943/943
f 979/979/979 943/943/943 980/980/980
f 981/981/981 982/982/982 983/983/983
f 981/981/981 983/983/983 984/984/984
f 985/985/985 986/986/986 987/987/987
f 985/985/985 987/987/987 988/988/988
f 879/879/879 989/989/989 990/990/990
f 879/879/879 990/990/990 880/880/880
f 973/973/973 976/976/976 946/946/946
f 973/973/973 946/946/946 945/945/945
f 948/948/948 947/947/947 950/950/950
f 948/948/948 950/950/950 949/949/949
f 952/952/952 951/951/951 954/954/954
f 952/952/952 954/954/954 953/953/953
f 956/956/956 955/955/955 991/991/991
f 956/956/956 991/991/991 992/992/992
f 960/960/960 959/959/959 962/962/962
f 960/960/960 962/962/962 961/961/961
f 964/964/964 963/963/963 966/966/966
f 964/964/964 966/966/966 965/965/965
f 968/968/968 967/967/967 970/970/970
f 968/968/968 970/970/970 969/969/969
f 972/972/972 971/971/971 918/918/918
f 972/972/972 918/918/918 917/917/917
f 920/920/920 919/919/919 922/922/922
f 920/920/920 922/922/922 921/921/921
f 924/924/924 923/923/923 926/926/926
f 924/924/924 926/926/926 925/925/925
f 928/928/928 927/927/927 993/993/993
f 928/928/928 993/993/993 994/994/994
f 932/932/932 931/931/931 934/934/934
f 932/932/932 934/934/934 933/933/933
f 936/936/936 935/935/935 938/938/938
f 936/936/936 938/938/938 937/937/937
f 940/940/940 939/939/939 942/942/942
f 940/940/940 942/942/942 941/941/941
f 995/995/995 996/996/996 997/997/997
f 995/995/995 997/997/997 998/998/998
f 999/999/999 1000/1000/1000 1001/1001/1001
f 999/999/999 1001/1001/1001 1002/1002/1002
f 1003/1003/1003 1004/1004/1004 1005/1005/1005
f 1003/1003/1003 1005/1005/1005 1006/1006/1006
f 1007/1007/1007 1008/1008/1008 1009/1009/1009
f 1007/1007/1007 1009/1009/1009 1010/1010/1010
f 1011/1011/1011 1012/1012/1012 1013/1013/1013
f 1011/1011/1011 1013/1013/1013 1014/1014/1014
f 1015/1015/1015 1016/1016/1016 1017/1017/1017
f 1015/1015/1015 1017/1017/1017 1018/1018/1018
f 1019/1019/1019 1020/1020/1020 1021/1021/1021
f 1019/1019/1019 1021/1021/1021 1022/1022/1022
f 1023/1023/1023 1024/1024/1024 1025/1025/1025
f 1023/1023/1023 1025/1025/1025 1026/1026/1026
f 1027/1027/1027 1028/1028/1028 1029/1029/1029
f 1027/1027/1027 1029/1029/1029 1030/1030/1030
f 1031/1031/1031 1032/1032/1032 1033/1033/1033
f 1031/1031/1031 1033/1033/1033 1034/1034/1034
f 1035/1035/1035 1036/1036/1036 1037/1037/1037
f 1035/1035/1035 1037/1037/1037 1038/1038/1038
f 1039/1039/1039 1040/1040/1040 1041/1041/1041
f 1039/1039/1039 1041/1041/1041 1042/1042/1042
f 1026/1026/1026 1025/1025/1025 1043/1043/1043
f 1026/1026/1026 1043/1043/1043 1044/1044/1044
f 1045/1045/1045 1046/1046/1046 1047/1047/1047
f 1045/1045/1045 1047/1047/1047 1048/1048/1048
f 1049/1049/1049 1050/1050/1050 1051/1051/1051
f 1049/1049/1049 1051/1051/1051 1052/1052/1052
f 1053/1053/1053 1054/1054/1054 1055/1055/1055
f 1053/1053/1053 1055/1055/1055 1056/1056/1056
f 1057/1057/1057 1058/1058/1058 1059/1059/1059
f 1057/1057/1057 1059/1059/1059 1060/1060/1060
f 1061/1061/1061 1062/1062/1062 1063/1063/1063
f 1061/1061/1061 1063/1063/1063 1064/1064/1064
f 1036/1036/1036 1064/1064/1064 1063/1063/1063
f 1036/1036/1036 1063/1063/1063 1037/1037/1037
f 1065/1065/1065 1066/1066/1066 1067/1067/1067
f 1065/1065/1065 1067/1067/1067 1068/1068/1068
f 1069/1069/1069 1070/1070/1070 1071/1071/1071
f 1069/1069/1069 1071/1071/1071 1072/1072/1072
f 1068/1068/1068 1067/1067/1067 1050/1050/1050
f 1068/1068/1068 1050/1050/1050 1049/1049/1049
f 1072/1072/1072 1071/1071/1071 1046/1046/1046
f 1072/1072/1072 1046/1046/1046 1045/1045/1045
f 1073/1073/1073 1074/1074/1074 1075/1075/1075
f 1073/1073/1073 1075/1075/1075 1076/1076/1076
f 1066/1066/1066 1069/1069/1069 1072/1072/1072
f 1066/1066/1066 1072/1072/1072 1067/1067/1067
f 491/491/491 488/488/488 1064/1064/1064
f 491/491/491 1064/1064/1064 1036/1036/1036
f 1077/1077/1077 1061/1061/1061 1064/1064/1064
f 1077/1077/1077 1064/1064/1064 488/488/488
f 1058/1058/1058 1053/1053/1053 1056/1056/1056
f 1058/1058/1058 1056/1056/1056 1059/1059/1059
f 1050/1050/1050 1045/1045/1045 1048/1048/1048
f 1050/1050/1050 1048/1048/1048 1051/1051/1051
f 1025/1025/1025 1039/1039/1039 1042/1042/1042
f 1025/1025/1025 1042/1042/1042 1043/1043/1043
f 1078/1078/1078 491/491/491 1036/1036/1036
f 1078/1078/1078 1036/1036/1036 1035/1035/1035
f 1079/1079/1079 1080/1080/1080 1081/1081/1081
f 1079/1079/1079 1081/1081/1081 1082/1082/1082
f 1083/1083/1083 1084/1084/1084 1085/1085/1085
f 1083/1083/1083 1085/1085/1085 1086/1086/1086
f 1087/1087/1087 1088/1088/1088 1089/1089/1089
f 1087/1087/1087 1089/1089/1089 1090/1090/1090
f 1091/1091/1091 1092/1092/1092 1093/1093/1093
f 1091/1091/1091 1093/1093/1093 1094/1094/1094
f 1095/1095/1095 1096/1096/1096 1097/1097/1097
f 1095/1095/1095 1097/1097/1097 1098/1098/1098
f 1099/1099/1099 1100/1100/1100 1031/1031/1031
f 1099/1099/1099 1031/1031/1031 1034/1034/1034
f 1101/1101/1101 1102/1102/1102 1100/1100/1100
f 1101/1101/1101 1100/1100/1100 1099/1099/1099
f 1103/1103/1103 1104/1104/1104 1102/1102/1102
f 1103/1103/1103 1102/1102/1102 1101/1101/1101
f 1105/1105/1105 1106/1106/1106 1104/1104/1104
f 1105/1105/1105 1104/1104/1104 1103/1103/1103
f 1107/1107/1107 1108/1108/1108 1106/1106/1106
f 1107/1107/1107 1106/1106/1106 1105/1105/1105
f 1109/1109/1109 1110/1110/1110 1108/1108/1108
f 1109/1109/1109 1108/1108/1108 1107/1107/1107
f 1111/1111/1111 1112/1112/1112 1110/1110/1110
f 1111/1111/1111 1110/1110/1110 1109/1109/1109
f 1113/1113/1113 1114/1114/1114 1115/1115/1115
f 1113/1113/1113 1115/1115/1115 1116/1116/1116
f 1117/1117/1117 1118/1118/1118 1114/1114/1114
f 1117/1117/1117 1114/1114/1114 1113/1113/1113
f 1119/1119/1119 1120/1120/1120 1118/1118/1118
f 1119/1119/1119 1118/1118/1118 1117/1117/1117
f 1121/1121/1121 1122/1122/1122 1120/1120/1120
f 1121/1121/1121 1120/1120/1120 1119/1119/1119
f 1123/1123/1123 1124/1124/1124 1122/1122/1122
f 1123/1123/1123 1122/1122/1122 1121/1121/1121
f 1029/1029/1029 1028/1028/1028 1124/1124/1124
f 1029/1029/1029 1124/1124/1124 1123/1123/1123
f 1125/1125/1125 1126/1126/1126 1127/1127/1127
f 1126/1126/1126 1125/1125/1125 1128/1128/1128
f 1128/1128/1128 1125/1125/1125 1129/1129/1129
f 1129/1129/1129 1125/1125/1125 1130/1130/1130
f 1130/1130/1130 1125/1125/1125 1131/1131/1131
f 1131/1131/1131 1125/1125/1125 1132/1132/1132
f 1132/1132/1132 1125/1125/1125 1133/1133/1133
f 1133/1133/1133 1125/1125/1125 1134/1134/1134
f 1134/1134/1134 1125/1125/1125 1135/1135/1135
f 1135/1135/1135 1125/1125/1125 1136/1136/1136
f 1136/1136/1136 1125/1125/1125 1137/1137/1137
f 1137/1137/1137 1125/1125/1125 1138/1138/1138
f 1138/1138/1138 1125/1125/1125 1139/1139/1139
f 1139/1139/1139 1125/1125/1125 1140/1140/1140
f 1140/1140/1140 1125/1125/1125 561/561/561
f 561/561/561 1125/1125/1125 562/562/562
f 1141/1141/1141 1142/1142/1142 1143/1143/1143
f 1142/1142/1142 1141/1141/1141 1144/1144/1144
f 1144/1144/1144 1141/1141/1141 1145/1145/1145
f 1144/1144/1144 1145/1145/1145 1146/1146/1146
f 1144/1144/1144 1146/1146/1146 1147/1147/1147
f 1144/1144/1144 1147/1147/1147 1148/1148/1148
f 1144/1144/1144 1148/1148/1148 1149/1149/1149
f 1144/1144/1144 1149/1149/1149 1150/1150/1150
f 1144/1144/1144 1150/1150/1150 1151/1151/1151
f 1144/1144/1144 1151/1151/1151 1152/1152/1152
f 1144/1144/1144 1152/1152/1152 1153/1153/1153
f 1144/1144/1144 1153/1153/1153 1154/1154/1154
f 1144/1144/1144 1154/1154/1154 1155/1155/1155
f 1144/1144/1144 1155/1155/1155 1156/1156/1156
f 1144/1144/1144 1156/1156/1156 576/576/576
f 1144/1144/1144 576/576/576 575/575/575
f 570/570/570 1157/1157/1157 567/567/567
f 1157/1157/1157 570/570/570 1158/1158/1158
f 1157/1157/1157 1158/1158/1158 1159/1159/1159
f 1157/1157/1157 1159/1159/1159 1160/1160/1160
f 1157/1157/1157 1160/1160/1160 1161/1161/1161
f 1157/1157/1157 1161/1161/1161 1162/1162/1162
f 1157/1157/1157 1162/1162/1162 1163/1163/1163
f 1157/1157/1157 1163/1163/1163 1164/1164/1164
f 1157/1157/1157 1164/1164/1164 1165/1165/1165
f 1157/1157/1157 1165/1165/1165 1142/1142/1142
f 1142/1142/1142 1165/1165/1165 1166/1166/1166
f 1142/1142/1142 1166/1166/1166 1167/1167/1167
f 1142/1142/1142 1167/1167/1167 1168/1168/1168
f 1142/1142/1142 1168/1168/1168 1169/1169/1169
f 1142/1142/1142 1169/1169/1169 1170/1170/1170
f 1142/1142/1142 1170/1170/1170 1143/1143/1143
f 1171/1171/1171 1172/1172/1172 571/571/571
f 1172/1172/1172 1171/1171/1171 1173/1173/1173
f 1173/1173/1173 1171/1171/1171 1174/1174/1174
f 1174/1174/1174 1171/1171/1171 1175/1175/1175
f 1175/1175/1175 1171/1171/1171 1127/1127/1127
f 571/571/571 1172/1172/1172 1176/1176/1176
f 571/571/571 1176/1176/1176 1177/1177/1177
f 571/571/571 1177/1177/1177 1178/1178/1178
f 571/571/571 1178/1178/1178 1179/1179/1179
f 571/571/571 1179/1179/1179 572/572/572
f 1175/1175/1175 1127/1127/1127 1180/1180/1180
f 1180/1180/1180 1127/1127/1127 1181/1181/1181
f 1181/1181/1181 1127/1127/1127 1182/1182/1182
f 1182/1182/1182 1127/1127/1127 1183/1183/1183
f 1183/1183/1183 1127/1127/1127 1184/1184/1184
f 1184/1184/1184 1127/1127/1127 1126/1126/1126
f 1171/1171/1171 1185/1185/1185 1186/1186/1186
f 1185/1185/1185 1171/1171/1171 1187/1187/1187
f 1187/1187/1187 1171/1171/1171 1188/1188/1188
f 1188/1188/1188 1171/1171/1171 1189/1189/1189
f 1189/1189/1189 1171/1171/1171 1190/1190/1190
f 1190/1190/1190 1171/1171/1171 1191/1191/1191
f 1191/1191/1191 1171/1171/1171 1192/1192/1192
f 1192/1192/1192 1171/1171/1171 1193/1193/1193
f 1193/1193/1193 1171/1171/1171 1194/1194/1194
f 1194/1194/1194 1171/1171/1171 1195/1195/1195
f 1195/1195/1195 1171/1171/1171 1196/1196/1196
f 1196/1196/1196 1171/1171/1171 1197/1197/1197
f 1197/1197/1197 1171/1171/1171 1198/1198/1198
f 1198/1198/1198 1171/1171/1171 1199/1199/1199
f 1199/1199/1199 1171/1171/1171 671/671/671
f 671/671/671 1171/1171/1171 571/571/571
f 1200/1200/1200 1201/1201/1201 1202/1202/1202
f 1201/1201/1201 1200/1200/1200 1157/1157/1157
f 1157/1157/1157 1200/1200/1200 1203/1203/1203
f 1157/1157/1157 1203/1203/1203 1204/1204/1204
f 1157/1157/1157 1204/1204/1204 1205/1205/1205
f 1157/1157/1157 1205/1205/1205 1206/1206/1206
f 1157/1157/1157 1206/1206/1206 1207/1207/1207
f 1157/1157/1157 1207/1207/1207 1208/1208/1208
f 1157/1157/1157 1208/1208/1208 1209/1209/1209
f 1157/1157/1157 1209/1209/1209 1210/1210/1210
f 1157/1157/1157 1210/1210/1210 1211/1211/1211
f 1157/1157/1157 1211/1211/1211 1212/1212/1212
f 1157/1157/1157 1212/1212/1212 1213/1213/1213
f 1157/1157/1157 1213/1213/1213 1214/1214/1214
f 1157/1157/1157 1214/1214/1214 683/683/683
f 1157/1157/1157 683/683/683 567/567/567
f 678/678/678 1215/1215/1215 675/675/675
f 1215/1215/1215 678/678/678 1216/1216/1216
f 1215/1215/1215 1216/1216/1216 1217/1217/1217
f 1215/1215/1215 1217/1217/1217 1218/1218/1218
f 1215/1215/1215 1218/1218/1218 1219/1219/1219
f 1215/1215/1215 1219/1219/1219 1220/1220/1220
f 1215/1215/1215 1220/1220/1220 1221/1221/1221
f 1215/1215/1215 1221/1221/1221 1222/1222/1222
f 1215/1215/1215 1222/1222/1222 1223/1223/1223
f 1215/1215/1215 1223/1223/1223 1201/1201/1201
f 1201/1201/1201 1223/1223/1223 1224/1224/1224
f 1201/1201/1201 1224/1224/1224 1225/1225/1225
f 1201/1201/1201 1225/1225/1225 1226/1226/1226
f 1201/1201/1201 1226/1226/1226 1227/1227/1227
f 1201/1201/1201 1227/1227/1227 1228/1228/1228
f 1201/1201/1201 1228/1228/1228 1202/1202/1202
f 1229/1229/1229 1230/1230/1230 679/679/679
f 1230/1230/1230 1229/1229/1229 1231/1231/1231
f 1231/1231/1231 1229/1229/1229 1232/1232/1232
f 1232/1232/1232 1229/1229/1229 1233/1233/1233
f 1233/1233/1233 1229/1229/1229 1186/1186/1186
f 679/679/679 1230/1230/1230 1234/1234/1234
f 679/679/679 1234/1234/1234 1235/1235/1235
f 679/679/679 1235/1235/1235 1236/1236/1236
f 679/679/679 1236/1236/1236 1237/1237/1237
f 679/679/679 1237/1237/1237 680/680/680
f 1233/1233/1233 1186/1186/1186 1238/1238/1238
f 1238/1238/1238 1186/1186/1186 1239/1239/1239
f 1239/1239/1239 1186/1186/1186 1240/1240/1240
f 1240/1240/1240 1186/1186/1186 1241/1241/1241
f 1241/1241/1241 1186/1186/1186 1242/1242/1242
f 1242/1242/1242 1186/1186/1186 1185/1185/1185
f 1229/1229/1229 1243/1243/1243 1244/1244/1244
f 1243/1243/1243 1229/1229/1229 1245/1245/1245
f 1245/1245/1245 1229/1229/1229 1246/1246/1246
f 1246/1246/1246 1229/1229/1229 1247/1247/1247
f 1247/1247/1247 1229/1229/1229 1248/1248/1248
f 1248/1248/1248 1229/1229/1229 1249/1249/1249
f 1249/1249/1249 1229/1229/1229 1250/1250/1250
f 1250/1250/1250 1229/1229/1229 1251/1251/1251
f 1251/1251/1251 1229/1229/1229 1252/1252/1252
f 1252/1252/1252 1229/1229/1229 1253/1253/1253
f 1253/1253/1253 1229/1229/1229 1254/1254/1254
f 1254/1254/1254 1229/1229/1229 1255/1255/1255
f 1255/1255/1255 1229/1229/1229 1256/1256/1256
f 1256/1256/1256 1229/1229/1229 1257/1257/1257
f 1257/1257/1257 1229/1229/1229 773/773/773
f 773/773/773 1229/1229/1229 679/679/679
f 1258/1258/1258 1259/1259/1259 1260/1260/1260
f 1259/1259/1259 1258/1258/1258 1215/1215/1215
f 1215/1215/1215 1258/1258/1258 1261/1261/1261
f 1215/1215/1215 1261/1261/1261 1262/1262/1262
f 1215/1215/1215 1262/1262/1262 1263/1263/1263
f 1215/1215/1215 1263/1263/1263 1264/1264/1264
f 1215/1215/1215 1264/1264/1264 1265/1265/1265
f 1215/1215/1215 1265/1265/1265 1266/1266/1266
f 1215/1215/1215 1266/1266/1266 1267/1267/1267
f 1215/1215/1215 1267/1267/1267 1268/1268/1268
f 1215/1215/1215 1268/1268/1268 1269/1269/1269
f 1215/1215/1215 1269/1269/1269 1270/1270/1270
f 1215/1215/1215 1270/1270/1270 1271/1271/1271
f 1215/1215/1215 1271/1271/1271 1272/1272/1272
f 1215/1215/1215 1272/1272/1272 785/785/785
f 1215/1215/1215 785/785/785 675/675/675
f 780/780/780 1273/1273/1273 777/777/777
f 1273/1273/1273 780/780/780 1274/1274/1274
f 1273/1273/1273 1274/1274/1274 1275/1275/1275
f 1273/1273/1273 1275/1275/1275 1276/1276/1276
f 1273/1273/1273 1276/1276/1276 1277/1277/1277
f 1273/1273/1273 1277/1277/1277 1278/1278/1278
f 1273/1273/1273 1278/1278/1278 1279/1279/1279
f 1273/1273/1273 1279/1279/1279 1280/1280/1280
f 1273/1273/1273 1280/1280/1280 1281/1281/1281
f 1273/1273/1273 1281/1281/1281 1259/1259/1259
f 1259/1259/1259 1281/1281/1281 1282/1282/1282
f 1259/1259/1259 1282/1282/1282 1283/1283/1283
f 1259/1259/1259 1283/1283/1283 1284/1284/1284
f 1259/1259/1259 1284/1284/1284 1285/1285/1285
f 1259/1259/1259 1285/1285/1285 1286/1286/1286
f 1259/1259/1259 1286/1286/1286 1260/1260/1260
f 1287/1287/1287 1288/1288/1288 781/781/781
f 1288/1288/1288 1287/1287/1287 1289/1289/1289
f 1289/1289/1289 1287/1287/1287 1290/1290/1290
f 1290/1290/1290 1287/1287/1287 1291/1291/1291
f 1291/1291/1291 1287/1287/1287 1244/1244/1244
f 781/781/781 1288/1288/1288 1292/1292/1292
f 781/781/781 1292/1292/1292 1293/1293/1293
f 781/781/781 1293/1293/1293 1294/1294/1294
f 781/781/781 1294/1294/1294 1295/1295/1295
f 781/781/781 1295/1295/1295 782/782/782
f 1291/1291/1291 1244/1244/1244 1296/1296/1296
f 1296/1296/1296 1244/1244/1244 1297/1297/1297
f 1297/1297/1297 1244/1244/1244 1298/1298/1298
f 1298/1298/1298 1244/1244/1244 1299/1299/1299
f 1299/1299/1299 1244/1244/1244 1300/1300/1300
f 1300/1300/1300 1244/1244/1244 1243/1243/1243
f 1287/1287/1287 1301/1301/1301 1302/1302/1302
f 1301/1301/1301 1287/1287/1287 1303/1303/1303
f 1303/1303/1303 1287/1287/1287 1304/1304/1304
f 1304/1304/1304 1287/1287/1287 1305/1305/1305
f 1305/1305/1305 1287/1287/1287 1306/1306/1306
f 1306/1306/1306 1287/1287/1287 1307/1307/1307
f 1307/1307/1307 1287/1287/1287 1308/1308/1308
f 1308/1308/1308 1287/1287/1287 1309/1309/1309
f 1309/1309/1309 1287/1287/1287 1310/1310/1310
f 1310/1310/1310 1287/1287/1287 1311/1311/1311
f 1311/1311/1311 1287/1287/1287 1312/1312/1312
f 1312/1312/1312 1287/1287/1287 1313/1313/1313
f 1313/1313/1313 1287/1287/1287 1314/1314/1314
f 1314/1314/1314 1287/1287/1287 1315/1315/1315
f 1315/1315/1315 1287/1287/1287 875/875/875
f 875/875/875 1287/1287/1287 781/781/781
f 1316/1316/1316 1317/1317/1317 1318/1318/1318
f 1317/1317/1317 1316/1316/1316 1273/1273/1273
f 1273/1273/1273 1316/1316/1316 1319/1319/1319
f 1273/1273/1273 1319/1319/1319 1320/1320/1320
f 1273/1273/1273 1320/1320/1320 1321/1321/1321
f 1273/1273/1273 1321/1321/1321 1322/1322/1322
f 1273/1273/1273 1322/1322/1322 1323/1323/1323
f 1273/1273/1273 1323/1323/1323 1324/1324/1324
f 1273/1273/1273 1324/1324/1324 1325/1325/1325
f 1273/1273/1273 1325/1325/1325 1326/1326/1326
f 1273/1273/1273 1326/1326/1326 1327/1327/1327
f 1273/1273/1273 1327/1327/1327 1328/1328/1328
f 1273/1273/1273 1328/1328/1328 1329/1329/1329
f 1273/1273/1273 1329/1329/1329 1330/1330/1330
f 1273/1273/1273 1330/1330/1330 887/887/887
f 1273/1273/1273 887/887/887 777/777/777
f 882/882/882 1331/1331/1331 879/879/879
f 1331/1331/1331 882/882/882 1332/1332/1332
f 1331/1331/1331 1332/1332/1332 1333/1333/1333
f 1331/1331/1331 1333/1333/1333 1334/1334/1334
f 1331/1331/1331 1334/1334/1334 1335/1335/1335
f 1331/1331/1331 1335/1335/1335 1336/1336/1336
f 1331/1331/1331 1336/1336/1336 1337/1337/1337
f 1331/1331/1331 1337/1337/1337 1338/1338/1338
f 1331/1331/1331 1338/1338/1338 1339/1339/1339
f 1331/1331/1331 1339/1339/1339 1317/1317/1317
f 1317/1317/1317 1339/1339/1339 1340/1340/1340
f 1317/1317/1317 1340/1340/1340 1341/1341/1341
f 1317/1317/1317 1341/1341/1341 1342/1342/1342
f 1317/1317/1317 1342/1342/1342 1343/1343/1343
f 1317/1317/1317 1343/1343/1343 1344/1344/1344
f 1317/1317/1317 1344/1344/1344 1318/1318/1318
f 1345/1345/1345 1346/1346/1346 883/883/883
f 1346/1346/1346 1345/1345/1345 1347/1347/1347
f 1347/1347/1347 1345/1345/1345 1348/1348/1348
f 1348/1348/1348 1345/1345/1345 1349/1349/1349
f 1349/1349/1349 1345/1345/1345 1302/1302/1302
f 883/883/883 1346/1346/1346 1350/1350/1350
f 883/883/883 1350/1350/1350 1351/1351/1351
f 883/883/883 1351/1351/1351 1352/1352/1352
f 883/883/883 1352/1352/1352 1353/1353/1353
f 883/883/883 1353/1353/1353 884/884/884
f 1349/1349/1349 1302/1302/1302 1354/1354/1354
f 1354/1354/1354 1302/1302/1302 1355/1355/1355
f 1355/1355/1355 1302/1302/1302 1356/1356/1356
f 1356/1356/1356 1302/1302/1302 1357/1357/1357
f 1357/1357/1357 1302/1302/1302 1358/1358/1358
f 1358/1358/1358 1302/1302/1302 1301/1301/1301
f 1345/1345/1345 1359/1359/1359 1360/1360/1360
f 1359/1359/1359 1345/1345/1345 1361/1361/1361
f 1361/1361/1361 1345/1345/1345 1362/1362/1362
f 1362/1362/1362 1345/1345/1345 1363/1363/1363
f 1363/1363/1363 1345/1345/1345 1364/1364/1364
f 1364/1364/1364 1345/1345/1345 1365/1365/1365
f 1365/1365/1365 1345/1345/1345 1366/1366/1366
f 1366/1366/1366 1345/1345/1345 1367/1367/1367
f 1367/1367/1367 1345/1345/1345 1368/1368/1368
f 1368/1368/1368 1345/1345/1345 1369/1369/1369
f 1369/1369/1369 1345/1345/1345 1370/1370/1370
f 1370/1370/1370 1345/1345/1345 1371/1371/1371
f 1371/1371/1371 1345/1345/1345 1372/1372/1372
f 1372/1372/1372 1345/1345/1345 1373/1373/1373
f 1373/1373/1373 1345/1345/1345 977/977/977
f 977/977/977 1345/1345/1345 883/883/883
f 1374/1374/1374 1375/1375/1375 1376/1376/1376
f 1375/1375/1375 1374/1374/1374 1331/1331/1331
f 1331/1331/1331 1374/1374/1374 1377/1377/1377
f 1331/1331/1331 1377/1377/1377 1378/1378/1378
f 1331/1331/1331 1378/1378/1378 1379/1379/1379
f 1331/1331/1331 1379/1379/1379 1380/1380/1380
f 1331/1331/1331 1380/1380/1380 1381/1381/1381
f 1331/1331/1331 1381/1381/1381 1382/1382/1382
f 1331/1331/1331 1382/1382/1382 1383/1383/1383
f 1331/1331/1331 1383/1383/1383 1384/1384/1384
f 1331/1331/1331 1384/1384/1384 1385/1385/1385
f 1331/1331/1331 1385/1385/1385 1386/1386/1386
f 1331/1331/1331 1386/1386/1386 1387/1387/1387
f 1331/1331/1331 1387/1387/1387 1388/1388/1388
f 1331/1331/1331 1388/1388/1388 989/989/989
f 1331/1331/1331 989/989/989 879/879/879
f 984/984/984 1389/1389/1389 981/981/981
f 1389/1389/1389 984/984/984 1390/1390/1390
f 1389/1389/1389 1390/1390/1390 1391/1391/1391
f 1389/1389/1389 1391/1391/1391 1392/1392/1392
f 1389/1389/1389 1392/1392/1392 1393/1393/1393
f 1389/1389/1389 1393/1393/1393 1394/1394/1394
f 1389/1389/1389 1394/1394/1394 1395/1395/1395
f 1389/1389/1389 1395/1395/1395 1396/1396/1396
f 1389/1389/1389 1396/1396/1396 1397/1397/1397
f 1389/1389/1389 1397/1397/1397 1375/1375/1375
f 1375/1375/1375 1397/1397/1397 1398/1398/1398
f 1375/1375/1375 1398/1398/1398 1399/1399/1399
f 1375/1375/1375 1399/1399/1399 1400/1400/1400
f 1375/1375/1375 1400/1400/1400 1401/1401/1401
f 1375/1375/1375 1401/1401/1401 1402/1402/1402
f 1375/1375/1375 1402/1402/1402 1376/1376/1376
f 1403/1403/1403 1404/1404/1404 985/985/985
f 1404/1404/1404 1403/1403/1403 1405/1405/1405
f 1405/1405/1405 1403/1403/1403 1406/1406/1406
f 1406/1406/1406 1403/1403/1403 1407/1407/1407
f 1407/1407/1407 1403/1403/1403 1360/1360/1360
f 985/985/985 1404/1404/1404 1408/1408/1408
f 985/985/985 1408/1408/1408 1409/1409/1409
f 985/985/985 1409/1409/1409 1410/1410/1410
f 985/985/985 1410/1410/1410 1411/1411/1411
f 985/985/985 1411/1411/1411 986/986/986
f 1407/1407/1407 1360/1360/1360 1412/1412/1412
f 1412/1412/1412 1360/1360/1360 1413/1413/1413
f 1413/1413/1413 1360/1360/1360 1414/1414/1414
f 1414/1414/1414 1360/1360/1360 1415/1415/1415
f 1415/1415/1415 1360/1360/1360 1416/1416/1416
f 1416/1416/1416 1360/1360/1360 1359/1359/1359
f 488/488/488 1417/1417/1417 1077/1077/1077
f 1417/1417/1417 488/488/488 1418/1418/1418
o Object_23
g Object_23
usemtl Wall_3
v -5465.4877 217.3867 -322.8646
v -5465.4877 127.2157 -322.3646
v -5465.4877 136.2451 -322.9107
v -5465.4877 217.3406 -404.0061
v -5465.4877 217.8868 -413.0358
v -5465.4877 149.9914 -325.4391
v -5465.4877 160.1652 -328.6262
v -5465.4877 169.9015 -333.0260
v -5465.4877 179.0545 -338.5740
v -5465.4877 187.4847 -345.1874
v -5465.4877 195.0640 -352.7667
v -5465.4877 201.6774 -361.1969
v -5465.4877 207.2254 -370.3498
v -5465.4877 211.6252 -380.0862
v -5465.4877 214.8123 -390.2600
v -3694.5866 208.9422 1397.6027
v -3694.5866 255.4173 1397.6555
v -3694.5869 255.4173 1200.5770
v -3694.5869 208.9422 1200.6172
v -4484.2335 254.1908 572.5017
v -4484.2335 217.3868 572.5017
v -4458.2489 217.3868 572.5017
v -4458.2489 254.1908 572.5017
v -5465.4877 217.8868 -437.0656
v -5465.6342 217.5333 -437.0656
v -5465.4877 217.3868 -437.3542
v -5465.3412 217.3869 -437.4191
v -5465.9874 217.3868 -437.0656
v -5465.4877 217.2404 -437.4191
v -5465.4877 217.3868 -437.3542
v -5465.6342 217.5333 -437.0656
v -5464.9876 216.8868 -437.5656
v -5465.3412 217.3869 -437.4191
v -5465.4877 217.3868 -437.3542
v -5465.4877 217.2404 -437.4191
v -4559.5573 217.3868 -47.2562
v -4559.9110 217.2404 -47.2562
v -4559.8461 217.1755 -46.9676
v -4559.5573 217.2404 -46.9027
v -4560.0574 216.8868 -47.2562
v -4559.9110 216.8868 -46.9027
v -4559.8461 217.1755 -46.9676
v -4559.9110 217.2404 -47.2562
v -4559.5573 216.8868 -46.7562
v -4559.5573 217.2404 -46.9027
v -4559.8461 217.1755 -46.9676
v -4559.9110 216.8868 -46.9027
v -4541.4890 216.8868 -47.2562
v -4541.6355 217.2404 -47.2562
v -4541.7004 217.1755 -46.9676
v -4541.6355 216.8868 -46.9027
v -4541.9888 217.3868 -47.2562
v -4541.9888 217.2404 -46.9027
v -4541.7004 217.1755 -46.9676
v -4541.6355 217.2404 -47.2562
v -4541.9888 216.8868 -46.7562
v -4541.6355 216.8868 -46.9027
v -4541.7004 217.1755 -46.9676
v -4541.9888 217.2404 -46.9027
v -4541.4890 216.8868 -437.0656
v -4541.3425 217.3868 -437.4191
v -4541.4890 217.3868 -437.3542
v -4541.6355 217.2404 -437.0656
v -4540.9889 217.8868 -437.5656
v -4541.4890 217.5333 -437.4191
v -4541.4890 217.3868 -437.3542
v -4541.3425 217.3868 -437.4191
v -4541.9888 217.3868 -437.0656
v -4541.6355 217.2404 -437.0656
v -4541.4890 217.3868 -437.3542
v -4541.4890 217.5333 -437.4191
v -4560.0574 216.8868 -437.0656
v -4559.9110 217.2404 -437.0656
v -4560.0574 217.3868 -437.3542
v -4560.2039 217.3868 -437.4191
v -4559.5573 217.3868 -437.0656
v -4560.0574 217.5333 -437.4191
v -4560.0574 217.3868 -437.3542
v -4559.9110 217.2404 -437.0656
v -4560.5572 217.8868 -437.5656
v -4560.2039 217.3868 -437.4191
v -4560.0574 217.3868 -437.3542
v -4560.0574 217.5333 -437.4191
v -5067.4892 214.0853 -438.0656
v -5067.9893 214.2317 -437.7120
v -5067.9893 214.0853 -437.7769
v -5067.8429 213.9388 -438.0656
v -5068.4891 214.5853 -437.5656
v -5068.1358 214.0853 -437.7120
v -5067.9893 214.0853 -437.7769
v -5067.9893 214.2317 -437.7120
v -5067.9893 213.5853 -438.0656
v -5067.8429 213.9388 -438.0656
v -5067.9893 214.0853 -437.7769
v -5068.1358 214.0853 -437.7120
v -4865.0726 214.0853 -438.0656
v -4864.7190 213.9388 -438.0656
v -4864.5725 214.0853 -437.7769
v -4864.5725 214.2317 -437.7120
v -4864.5725 213.5853 -438.0656
v -4864.4260 214.0853 -437.7120
v -4864.5725 214.0853 -437.7769
v -4864.7190 213.9388 -438.0656
v -4864.0724 214.5853 -437.5656
v -4864.5725 214.2317 -437.7120
v -4864.5725 214.0853 -437.7769
v -4864.4260 214.0853 -437.7120
v -4865.0726 214.0853 -509.9748
v -4865.0726 213.9388 -510.3282
v -4864.7839 213.8740 -510.2634
v -4864.7190 213.9388 -509.9747
v -4865.0726 213.5853 -510.4748
v -4864.7190 213.5853 -510.3282
v -4864.7839 213.8740 -510.2634
v -4865.0726 213.9388 -510.3282
v -4864.5725 213.5853 -509.9748
v -4864.7190 213.9388 -509.9747
v -4864.7839 213.8740 -510.2634
v -4864.7190 213.5853 -510.3282
v -5067.4892 214.0853 -509.9748
v -5067.8429 213.9388 -509.9748
v -5067.7780 213.8740 -510.2635
v -5067.4892 213.9388 -510.3283
v -5067.9893 213.5853 -509.9748
v -5067.8429 213.5853 -510.3283
v -5067.7780 213.8740 -510.2635
v -5067.8429 213.9388 -509.9748
v -5067.4892 213.5853 -510.4748
v -5067.4892 213.9388 -510.3283
v -5067.7780 213.8740 -510.2635
v -5067.8429 213.5853 -510.3283
v -5067.9893 -12.3089 -509.9748
v -5067.8429 -12.6625 -509.9748
v -5067.7780 -12.5976 -510.2635
v -5067.8429 -12.3089 -510.3283
v -5067.4892 -12.8089 -509.9748
v -5067.4892 -12.6625 -510.3283
v -5067.7780 -12.5976 -510.2635
v -5067.8429 -12.6625 -509.9748
v -5067.4892 -12.3089 -510.4748
v -5067.8429 -12.3089 -510.3283
v -5067.7780 -12.5976 -510.2635
v -5067.4892 -12.6625 -510.3283
v -4865.0726 -12.8089 -509.9748
v -4864.7190 -12.6625 -509.9748
v -4864.7839 -12.5976 -510.2635
v -4865.0726 -12.6625 -510.3283
v -4864.5725 -12.3089 -509.9748
v -4864.7190 -12.3089 -510.3283
v -4864.7839 -12.5976 -510.2635
v -4864.7190 -12.6625 -509.9748
v -4865.0726 -12.3089 -510.4748
v -4865.0726 -12.6625 -510.3283
v -4864.7839 -12.5976 -510.2635
v -4864.7190 -12.3089 -510.3283
v -4091.8350 216.8868 388.8624
v -4091.8350 217.2404 388.7159
v -4091.5466 217.3868 388.8624
v -4091.4818 217.3868 389.0088
v -4091.8350 217.3868 388.3624
v -4091.4818 217.5333 388.8624
v -4091.5466 217.3868 388.8624
v -4091.8350 217.2404 388.7159
v -4091.3353 217.8868 389.3624
v -4091.4818 217.3868 389.0088
v -4091.5466 217.3868 388.8624
v -4091.4818 217.5333 388.8624
v -4208.9874 216.8868 916.2439
v -4208.6342 217.3868 916.0975
v -4208.6990 217.3868 916.2439
v -4208.9874 217.2404 916.3903
v -4208.4877 217.8868 915.7438
v -4208.6342 217.5333 916.2439
v -4208.6990 217.3868 916.2439
v -4208.6342 217.3868 916.0975
v -4208.9874 217.3868 916.7439
v -4208.9874 217.2404 916.3903
v -4208.6990 217.3868 916.2439
v -4208.6342 217.5333 916.2439
v -4232.1468 216.8868 916.2439
v -4232.1468 217.2404 916.3903
v -4232.4356 217.3868 916.2439
v -4232.5005 217.3868 916.0975
v -4232.1468 217.3868 916.7439
v -4232.5005 217.5333 916.2439
v -4232.4356 217.3868 916.2439
v -4232.1468 217.2404 916.3903
v -4232.6469 217.8868 915.7438
v -4232.5005 217.3868 916.0975
v -4232.4356 217.3868 916.2439
v -4232.5005 217.5333 916.2439
v -4677.6936 216.8869 389.3624
v -4677.8400 217.2404 389.3624
v -4677.6936 217.3868 389.0737
v -4677.5471 217.3868 389.0088
v -4678.1933 217.3868 389.3624
v -4677.6936 217.5333 389.0088
v -4677.6936 217.3868 389.0737
v -4677.8400 217.2404 389.3624
v -4677.1935 217.8868 388.8624
v -4677.5471 217.3868 389.0088
v -4677.6936 217.3868 389.0737
v -4677.6936 217.5333 389.0088
v -4113.9637 217.3868 388.3624
v -4114.4638 217.2404 388.7159
v -4114.4638 217.3868 388.6510
v -4114.3173 217.5333 388.3624
v -4114.9635 216.8868 388.8624
v -4114.6103 217.3868 388.7159
v -4114.4638 217.3868 388.6510
v -4114.4638 217.2404 388.7159
v -4114.4638 217.8868 388.3624
v -4114.3173 217.5333 388.3624
v -4114.4638 217.3868 388.6510
v -4114.6103 217.3868 388.7159
v -4677.6936 216.8869 419.1458
v -4677.8400 217.3869 418.7922
v -4677.9049 217.3868 418.6458
v -4677.8400 217.2404 418.6458
v -4678.1933 217.8868 418.6458
v -4678.1933 217.5333 418.4994
v -4677.9049 217.3868 418.6458
v -4677.8400 217.3869 418.7922
v -4678.1933 217.3868 418.1458
v -4677.8400 217.2404 418.6458
v -4677.9049 217.3868 418.6458
v -4678.1933 217.5333 418.4994
v -5198.4493 217.3868 418.1458
v -5198.9494 217.5333 418.4994
v -5198.9494 217.3868 418.4345
v -5198.8029 217.2403 418.1458
v -5199.4492 217.8868 418.6458
v -5199.0959 217.3868 418.4994
v -5198.9494 217.3868 418.4345
v -5198.9494 217.5333 418.4994
v -5198.9494 216.8868 418.1458
v -5198.8029 217.2403 418.1458
v -5198.9494 217.3868 418.4345
v -5199.0959 217.3868 418.4994
v -5198.4493 217.3868 389.3624
v -5198.8029 217.2403 389.3624
v -5198.9494 217.3868 389.0737
v -5198.9494 217.5333 389.0088
v -5198.9494 216.8868 389.3624
v -5199.0959 217.3868 389.0088
v -5198.9494 217.3868 389.0737
v -5198.8029 217.2403 389.3624
v -5199.4492 217.8868 388.8624
v -5198.9494 217.5333 389.0088
v -5198.9494 217.3868 389.0737
v -5199.0959 217.3868 389.0088
v -4232.1468 217.3868 1406.5556
v -4232.1468 217.2404 1406.9090
v -4232.4356 217.3868 1407.0557
v -4232.5005 217.5333 1407.0557
v -4232.1468 216.8868 1407.0557
v -4232.5005 217.3869 1407.2021
v -4232.4356 217.3868 1407.0557
v -4232.1468 217.2404 1406.9090
v -4232.6469 217.8868 1407.5556
v -4232.5005 217.5333 1407.0557
v -4232.4356 217.3868 1407.0557
v -4232.5005 217.3869 1407.2021
v -4208.9874 217.3868 1406.5556
v -4208.6342 217.5333 1407.0555
v -4208.6990 217.3869 1407.0557
v -4208.9874 217.2404 1406.9090
v -4208.4877 217.8868 1407.5556
v -4208.6342 217.3870 1407.2021
v -4208.6990 217.3869 1407.0557
v -4208.6342 217.5333 1407.0555
v -4208.9874 216.8868 1407.0557
v -4208.9874 217.2404 1406.9090
v -4208.6990 217.3869 1407.0557
v -4208.6342 217.3870 1407.2021
v -4113.9637 217.3868 -295.4228
v -4114.3173 217.5333 -295.9229
v -4114.2525 217.3868 -295.9229
v -4113.9637 217.2404 -295.7764
v -4114.4638 217.8868 -296.4229
v -4114.3173 217.3868 -296.0693
v -4114.2525 217.3868 -295.9229
v -4114.3173 217.5333 -295.9229
v -4113.9637 216.8868 -295.9229
v -4113.9637 217.2404 -295.7764
v -4114.2525 217.3868 -295.9229
v -4114.3173 217.3868 -296.0693
v -4091.8350 217.3868 -295.4228
v -4091.8350 217.2404 -295.7764
v -4091.5466 217.3868 -295.9229
v -4091.4818 217.5333 -295.9229
v -4091.8350 216.8868 -295.9229
v -4091.4818 217.3868 -296.0693
v -4091.5466 217.3868 -295.9229
v -4091.8350 217.2404 -295.7764
v -4091.3353 217.8868 -296.4229
v -4091.4818 217.5333 -295.9229
v -4091.5466 217.3868 -295.9229
v -4091.4818 217.3868 -296.0693
v -4114.4638 102.2431 -296.4229
v -4114.3173 102.5966 -295.9229
v -4114.2525 102.7431 -295.9229
v -4114.3173 102.7431 -296.0693
v -4113.9637 102.7431 -295.4228
v -4113.9637 102.8895 -295.7764
v -4114.2525 102.7431 -295.9229
v -4114.3173 102.5966 -295.9229
v -4113.9637 103.2431 -295.9229
v -4114.3173 102.7431 -296.0693
v -4114.2525 102.7431 -295.9229
v -4113.9637 102.8895 -295.7764
v -4091.8350 103.2431 -295.9229
v -4091.8350 102.8895 -295.7764
v -4091.5466 102.7431 -295.9229
v -4091.4818 102.7431 -296.0693
v -4091.8350 102.7431 -295.4228
v -4091.4818 102.5966 -295.9229
v -4091.5466 102.7431 -295.9229
v -4091.8350 102.8895 -295.7764
v -4091.3353 102.2431 -296.4229
v -4091.4818 102.7431 -296.0693
v -4091.5466 102.7431 -295.9229
v -4091.4818 102.5966 -295.9229
v -4114.4638 102.2431 -98.8357
v -4114.3173 102.2431 -98.4820
v -4114.2525 102.5318 -98.5469
v -4114.3173 102.5966 -98.8356
v -4113.9637 102.2431 -98.3356
v -4113.9637 102.5966 -98.4820
v -4114.2525 102.5318 -98.5469
v -4114.3173 102.2431 -98.4820
v -4113.9637 102.7431 -98.8357
v -4114.3173 102.5966 -98.8356
v -4114.2525 102.5318 -98.5469
v -4113.9637 102.5966 -98.4820
v -4091.3353 102.2431 -98.8357
v -4091.4818 102.5966 -98.8356
v -4091.5466 102.5318 -98.5469
v -4091.4818 102.2431 -98.4820
v -4091.8350 102.7431 -98.8357
v -4091.8354 102.5966 -98.4820
v -4091.5466 102.5318 -98.5469
v -4091.4818 102.5966 -98.8356
v -4091.8350 102.2431 -98.3356
v -4091.4818 102.2431 -98.4820
v -4091.5466 102.5318 -98.5469
v -4091.8354 102.5966 -98.4820
v -4484.2335 102.2431 573.0017
v -4484.0870 102.5966 573.0017
v -4484.2335 102.7431 572.7130
v -4484.3800 102.7431 572.6481
v -4483.7334 102.7431 573.0017
v -4484.2335 102.8895 572.6481
v -4484.2335 102.7431 572.7130
v -4484.0870 102.5966 573.0017
v -4484.7332 103.2431 572.5017
v -4484.3800 102.7431 572.6481
v -4484.2335 102.7431 572.7130
v -4484.2335 102.8895 572.6481
v -4458.2489 102.2431 573.0017
v -4458.1024 102.7431 572.6481
v -4458.2489 102.7431 572.7130
v -4458.3954 102.5966 573.0017
v -4457.7488 103.2431 572.5017
v -4458.2489 102.8895 572.6481
v -4458.2489 102.7431 572.7130
v -4458.1024 102.7431 572.6481
v -4458.7486 102.7431 573.0017
v -4458.3954 102.5966 573.0017
v -4458.2489 102.7431 572.7130
v -4458.2489 102.8895 572.6481
v -4484.2335 102.2431 960.9219
v -4484.0870 102.2431 961.2755
v -4484.0221 102.5317 961.2106
v -4484.0870 102.5966 960.9219
v -4483.7334 102.2431 961.4220
v -4483.7334 102.5966 961.2755
v -4484.0221 102.5317 961.2106
v -4484.0870 102.2431 961.2755
v -4483.7334 102.7431 960.9219
v -4484.0870 102.5966 960.9219
v -4484.0221 102.5317 961.2106
v -4483.7334 102.5966 961.2755
v -4458.2489 102.2431 960.9219
v -4458.3954 102.5966 960.9219
v -4458.4602 102.5317 961.2106
v -4458.3954 102.2431 961.2755
v -4458.7486 102.7431 960.9219
v -4458.7486 102.5966 961.2755
v -4458.4602 102.5317 961.2106
v -4458.3954 102.5966 960.9219
v -4458.7486 102.2431 961.4220
v -4458.3954 102.2431 961.2755
v -4458.4602 102.5317 961.2106
v -4458.7486 102.5966 961.2755
v -3694.5866 217.3524 1519.6377
v -3694.5866 -12.8089 1519.6377
v -3694.7327 -12.8089 1519.9911
v -3694.7327 217.3767 1519.9911
v -3694.7327 217.3767 1519.9911
v -3694.7327 -12.8089 1519.9911
v -3695.0867 -12.8089 1520.1378
v -3695.0867 217.3868 1520.1378
v -3695.0867 255.4173 1520.1378
v -3694.7327 255.4173 1519.9911
v -3694.7327 255.4173 1519.9911
v -3694.5866 255.4173 1519.6377
v -3807.9102 217.3868 -437.5656
v -3807.9102 -12.8089 -437.5656
v -3807.5569 -12.8089 -437.4191
v -3807.5569 217.3861 -437.4191
v -3807.5569 217.3861 -437.4191
v -3807.5569 -12.8089 -437.4191
v -3807.4104 -12.8089 -437.0656
v -3807.4104 217.3842 -437.0656
v -3807.9102 255.4173 -437.5656
v -3807.5569 255.4173 -437.4191
v -3807.5569 255.4173 -437.4191
v -3807.4104 255.4173 -437.0656
v -5465.4877 255.4173 -437.0656
v -5465.3412 255.4173 -437.4191
v -5465.3412 255.4173 -437.4191
v -5464.9876 255.4173 -437.5656
v -4541.4890 -12.8089 -47.2562
v -4541.6355 -12.8089 -46.9027
v -4541.6355 -12.8089 -46.9027
v -4541.9888 -12.8089 -46.7562
v -4560.0574 -12.8089 -47.2562
v -4559.9110 -12.8089 -46.9027
v -4559.9110 -12.8089 -46.9027
v -4559.5573 -12.8089 -46.7562
v -5464.9876 217.3868 1520.1378
v -5464.9876 -12.8089 1520.1378
v -5465.3412 -12.8089 1519.9911
v -5465.3412 217.3868 1519.9911
v -5465.3412 217.3868 1519.9911
v -5465.3412 -12.8089 1519.9911
v -5465.4877 -12.8089 1519.6377
v -5465.4877 217.3868 1519.6377
v -5465.4877 255.4173 1519.6377
v -5465.3412 255.4173 1519.9911
v -5465.3412 255.4173 1519.9911
v -5464.9876 255.4173 1520.1378
v -3695.0867 255.4173 1055.2834
v -3695.0867 209.6914 1055.2834
v -3694.7334 209.6906 1055.4297
v -3694.7334 255.4173 1055.4297
v -3694.7334 255.4173 1055.4297
v -3694.7334 209.6906 1055.4297
v -3694.5869 209.6888 1055.7833
v -3694.5869 255.4173 1055.7833
v -3695.0867 -12.8089 1055.2834
v -3694.7334 -12.8089 1055.4297
v -3694.7334 -12.8089 1055.4297
v -3694.5869 -12.8089 1055.7833
v -3807.4104 255.4173 1054.7832
v -3807.4104 209.6939 1054.7832
v -3807.2639 209.6921 1055.1369
v -3807.2639 255.4173 1055.1369
v -3807.2639 255.4173 1055.1369
v -3807.2639 209.6921 1055.1369
v -3806.9103 209.6914 1055.2834
v -3806.9103 255.4173 1055.2834
v -3807.4104 -12.8089 1054.7832
v -3807.2639 -12.8089 1055.1369
v -3807.2639 -12.8089 1055.1369
v -3806.9103 -12.8089 1055.2834
v -4560.5572 -12.8089 -437.5656
v -4560.2039 -12.8089 -437.4191
v -4560.2039 -12.8089 -437.4191
v -4560.0574 -12.8089 -437.0656
v -4540.9889 -12.8089 -437.5656
v -4541.3425 -12.8089 -437.4191
v -4541.3425 -12.8089 -437.4191
v -4541.4890 -12.8089 -437.0656
v -5067.9893 -12.8089 -437.5656
v -5067.9893 -12.6107 -437.7638
v -5067.9893 -12.6107 -437.7638
v -5067.9893 -12.3089 -438.0656
v -4864.5725 -12.3089 -438.0656
v -4864.5725 -12.5589 -437.8156
v -4864.5725 -12.5589 -437.8156
v -4864.5725 -12.8089 -437.5656
v -4864.5725 -12.8089 -437.5656
v -4864.5725 -12.5589 -437.8156
v -5067.9893 -12.8089 -437.5656
v -5067.9893 -12.6107 -437.7638
v -4091.8350 102.7431 804.4725
v -4091.8350 -12.8089 804.4725
v -4091.4818 -12.8089 804.3262
v -4091.4818 102.7431 804.3262
v -4091.4818 102.7431 804.3262
v -4091.4818 -12.8089 804.3262
v -4091.3353 -12.8089 803.9726
v -4091.3353 102.7431 803.9726
v -4208.4877 102.7431 804.9726
v -4208.4877 -12.8089 804.9726
v -4208.3412 -12.8089 804.6190
v -4208.3412 102.7431 804.6190
v -4208.3412 102.7431 804.6190
v -4208.3412 -12.8089 804.6190
v -4207.9876 -12.8089 804.4725
v -4207.9876 102.7431 804.4725
v -4208.9874 102.7431 916.2439
v -4208.9874 -12.8089 916.2439
v -4208.6342 -12.8089 916.0975
v -4208.6342 102.7431 916.0975
v -4208.6342 102.7431 916.0975
v -4208.6342 -12.8089 916.0975
v -4208.4877 -12.8089 915.7438
v -4208.4877 102.7431 915.7438
v -4232.6469 102.7431 915.7438
v -4232.6469 -12.8089 915.7438
v -4232.5005 -12.8089 916.0975
v -4232.5005 102.7431 916.0975
v -4232.5005 102.7431 916.0975
v -4232.5005 -12.8089 916.0975
v -4232.1468 -12.8089 916.2439
v -4232.1468 102.7431 916.2439
v -4233.1467 102.7431 572.5017
v -4233.1467 -12.8089 572.5017
v -4232.7934 -12.8089 572.6481
v -4232.7934 102.7431 572.6481
v -4232.7934 102.7431 572.6481
v -4232.7934 -12.8089 572.6481
v -4232.6469 -12.8089 573.0017
v -4232.6469 102.7431 573.0017
v -4632.1842 102.7431 573.0017
v -4632.1842 -12.8089 573.0017
v -4632.0377 -12.8089 572.6481
v -4632.0377 102.7431 572.6481
v -4632.0377 102.7431 572.6481
v -4632.0377 -12.8089 572.6481
v -4631.6841 -12.8089 572.5017
v -4631.6841 102.7431 572.5017
v -4677.6936 217.3868 692.5779
v -4677.6936 102.7431 692.5779
v -4677.5471 102.7431 692.9315
v -4677.5471 217.3868 692.9315
v -4677.5471 217.3868 692.9315
v -4677.5471 102.7431 692.9315
v -4677.1935 102.7431 693.0779
v -4677.1935 217.3868 693.0779
v -4233.1467 217.3868 572.5017
v -4232.7934 217.3868 572.6481
v -4232.7934 217.3868 572.6481
v -4232.6469 217.3868 573.0017
v -4632.6839 102.7431 693.0779
v -4632.6839 -12.8089 693.0779
v -4632.3307 -12.8089 692.9315
v -4632.3307 102.7431 692.9315
v -4632.3307 102.7431 692.9315
v -4632.3307 -12.8089 692.9315
v -4632.1842 -12.8089 692.5779
v -4632.1842 102.7431 692.5779
v -4677.6936 -12.8089 692.5779
v -4677.5471 -12.8089 692.9315
v -4677.5471 -12.8089 692.9315
v -4677.1935 -12.8089 693.0779
v -4677.1935 102.7431 388.8624
v -4677.1935 -12.8089 388.8624
v -4677.5471 -12.8089 389.0088
v -4677.5471 102.7431 389.0088
v -4677.5471 102.7431 389.0088
v -4677.5471 -12.8089 389.0088
v -4677.6936 -12.8089 389.3624
v -4677.6936 102.7431 389.3624
v -4091.8350 254.1909 804.4725
v -4091.8350 217.3868 804.4725
v -4091.4818 217.3868 804.3262
v -4091.4818 254.1909 804.3262
v -4091.4818 254.1909 804.3262
v -4091.4818 217.3868 804.3262
v -4091.3353 217.3868 803.9726
v -4091.3353 254.1909 803.9726
v -4091.8350 102.7431 388.8624
v -4091.4818 102.7431 389.0088
v -4091.4818 102.7431 389.0088
v -4091.3353 102.7431 389.3624
v -4208.4877 254.1909 804.9726
v -4208.4877 217.3868 804.9726
v -4208.3412 217.3868 804.6190
v -4208.3412 254.1909 804.6190
v -4208.3412 254.1909 804.6190
v -4208.3412 217.3868 804.6190
v -4207.9876 217.3868 804.4725
v -4207.9876 254.1909 804.4725
v -4233.1467 254.1909 572.5017
v -4232.7934 254.1909 572.6481
v -4232.7934 254.1909 572.6481
v -4232.6469 254.1909 573.0017
v -4632.1842 254.1909 573.0017
v -4632.1842 217.3868 573.0017
v -4632.0377 217.3868 572.6481
v -4632.0377 254.1909 572.6481
v -4632.0377 254.1909 572.6481
v -4632.0377 217.3868 572.6481
v -4631.6841 217.3868 572.5017
v -4631.6841 254.1909 572.5017
v -4632.6839 254.1909 693.0779
v -4632.6839 217.3868 693.0779
v -4632.3307 217.3868 692.9315
v -4632.3307 254.1909 692.9315
v -4632.3307 254.1909 692.9315
v -4632.3307 217.3868 692.9315
v -4632.1842 217.3868 692.5779
v -4632.1842 254.1909 692.5779
v -4677.6936 254.1909 692.5779
v -4677.5471 254.1909 692.9315
v -4677.5471 254.1909 692.9315
v -4677.1935 254.1909 693.0779
v -4114.9635 254.1909 388.8624
v -4114.6103 254.1909 388.7159
v -4114.6103 254.1909 388.7159
v -4114.4638 254.1909 388.3624
v -4678.1933 254.1909 418.6458
v -4677.8400 254.1909 418.7922
v -4677.8400 254.1909 418.7922
v -4677.6936 254.1909 419.1458
v -5198.9494 -12.8089 418.1458
v -5199.0959 -12.8089 418.4994
v -5199.0959 -12.8089 418.4994
v -5199.4492 -12.8089 418.6458
v -5198.9494 -12.8089 389.3624
v -5199.0959 -12.8089 389.0088
v -5199.0959 -12.8089 389.0088
v -5199.4492 -12.8089 388.8624
v -4232.1468 -12.8088 1407.0557
v -4232.5005 -12.8088 1407.2021
v -4232.5005 -12.8088 1407.2021
v -4232.6469 -12.8088 1407.5556
v -4208.4877 -12.8088 1407.5556
v -4208.6342 -12.8088 1407.2021
v -4208.6342 -12.8088 1407.2021
v -4208.9874 -12.8088 1407.0557
v -4113.9637 -11.9007 -98.3356
v -4114.3173 -11.9007 -98.4821
v -4114.3173 -11.9007 -98.4821
v -4114.4638 -11.9007 -98.8357
v -4091.8350 -11.9007 -98.3356
v -4091.4818 -11.9007 -98.4821
v -4091.4818 -11.9007 -98.4821
v -4091.3353 -11.9007 -98.8357
v -4484.7332 -12.8089 572.5017
v -4484.3800 -12.8089 572.6481
v -4484.3800 -12.8089 572.6481
v -4484.2335 -12.8089 573.0017
v -4091.8350 -12.8089 388.8624
v -4091.4818 -12.8089 389.0088
v -4091.4818 -12.8089 389.0088
v -4091.3353 -12.8089 389.3624
v -4457.7488 -12.8089 572.5017
v -4458.1024 -12.8089 572.6481
v -4458.1024 -12.8089 572.6481
v -4458.2489 -12.8089 573.0017
v -4484.2335 -12.8089 960.9219
v -4484.0870 -12.8089 961.2755
v -4484.0870 -12.8089 961.2755
v -4483.7334 -12.8089 961.4220
v -4458.2489 -12.8089 960.9219
v -4458.3954 -12.8089 961.2755
v -4458.3954 -12.8089 961.2755
v -4458.7486 -12.8089 961.4220
v -5465.9874 127.2005 -322.8646
v -5465.9874 138.0713 -323.5221
v -5465.6342 137.5364 -323.3430
v -5465.6342 127.2050 -322.7181
v -5465.6342 127.2050 -322.7181
v -5465.6342 137.5364 -323.3430
v -5465.4877 136.2451 -322.9107
v -5465.4877 127.2157 -322.3646
v -5465.9874 148.7835 -325.4852
v -5465.6342 149.1373 -325.4717
v -5465.6342 149.1373 -325.4717
v -5465.4877 149.9914 -325.4391
v -5465.9874 159.1810 -328.7252
v -5465.6342 159.4693 -328.6962
v -5465.6342 159.4693 -328.6962
v -5465.4877 160.1652 -328.6262
v -5465.9874 169.1122 -333.1949
v -5465.6342 169.3434 -333.1454
v -5465.6342 169.3434 -333.1454
v -5465.4877 169.9015 -333.0260
v -5465.9874 178.4322 -338.8290
v -5465.6342 178.6144 -338.7543
v -5465.6342 178.6144 -338.7543
v -5465.4877 179.0545 -338.5740
v -5465.9874 187.0051 -345.5455
v -5465.6342 187.1456 -345.4406
v -5465.6342 187.1456 -345.4406
v -5465.4877 187.4847 -345.1874
v -5465.9874 194.7059 -353.2463
v -5465.6342 194.8108 -353.1058
v -5465.6342 194.8108 -353.1058
v -5465.4877 195.0640 -352.7667
v -5465.9874 194.7059 -353.2463
v -5465.9874 201.4224 -361.8192
v -5465.6342 201.4971 -361.6369
v -5465.6342 194.8108 -353.1058
v -5465.6342 201.4971 -361.6369
v -5465.4877 201.6774 -361.1969
v -5465.9874 207.0565 -371.1392
v -5465.6342 207.1060 -370.9080
v -5465.6342 207.1060 -370.9080
v -5465.4877 207.2254 -370.3498
v -5465.9874 211.5262 -381.0704
v -5465.6342 211.5552 -380.7821
v -5465.6342 211.5552 -380.7821
v -5465.4877 211.6252 -380.0862
v -5465.9874 214.7662 -391.4679
v -5465.6342 214.7797 -391.1141
v -5465.6342 214.7797 -391.1141
v -5465.4877 214.8123 -390.2600
v -5465.9874 216.7293 -402.1801
v -5465.6342 216.9083 -402.7150
v -5465.6342 216.9083 -402.7150
v -5465.4877 217.3406 -404.0061
v -5465.9874 217.3868 -413.0509
v -5465.6342 217.5333 -413.0465
v -5465.6342 217.5333 -413.0465
v -5465.4877 217.8868 -413.0358
v -5465.9874 -12.8089 -322.8646
v -5465.6342 -12.8089 -322.7181
v -5465.6342 -12.8089 -322.7181
v -5465.4877 -12.8089 -322.3646
v -5498.7316 217.3868 -437.0656
v -5498.7316 217.2404 -437.4191
v -5498.7316 217.2404 -437.4191
v -5498.7316 216.8868 -437.5656
v -3695.0867 217.3868 1520.1378
v -3695.0867 -12.8089 1520.1378
v -5464.9876 -12.8089 1520.1378
v -5464.9876 217.3868 1520.1378
v -3694.5866 217.3524 1519.6377
v -3694.5866 255.4173 1519.6377
v -3694.5866 -12.8089 1397.6027
v -3694.5866 -12.8089 1519.6377
v -3695.0867 255.4173 1520.1378
v -5464.9876 255.4173 1520.1378
v -3807.4104 209.6939 1054.7832
v -3807.4104 217.3842 -437.0656
v -3807.4104 -12.8089 -437.0656
v -3807.4104 -12.8089 1054.7832
v -3807.9102 -12.8089 -437.5656
v -3807.9102 217.3868 -437.5656
v -4540.9889 217.8868 -437.5656
v -4540.9889 -12.8089 -437.5656
v -3807.4104 255.4173 1054.7832
v -3807.4104 255.4173 -437.0656
v -3807.9102 255.4173 -437.5656
v -4541.4890 255.4173 -437.5656
v -5465.4877 -12.8089 -437.5656
v -5464.9876 216.8868 -437.5656
v -5498.7316 216.8868 -437.5656
v -5498.7316 -12.8089 -437.5656
v -5067.9893 -12.8089 -437.5656
v -5068.4891 214.5853 -437.5656
v -5067.9893 255.4173 -437.5656
v -5464.9876 255.4173 -437.5656
v -5465.9874 217.3868 -437.0656
v -5465.9874 217.3868 -413.0509
v -5498.7316 217.3868 -413.0509
v -5498.7316 217.3868 -437.0656
v -5465.4877 255.4173 1519.6377
v -5465.4877 217.3868 1519.6377
v -5465.4877 255.4173 -322.8646
v -3694.5869 255.4173 1055.7833
v -3694.5869 209.6888 1055.7833
v -3695.0867 209.6914 1055.2834
v -3695.0867 255.4173 1055.2834
v -3806.9103 255.4173 1055.2834
v -3806.9103 209.6914 1055.2834
v -3694.5869 -12.8089 1055.7833
v -3694.5869 -12.8089 1200.6172
v -3806.9103 -12.8089 1055.2834
v -3695.0867 -12.8089 1055.2834
v -4560.0574 216.8868 -437.0656
v -4560.0574 -12.8089 -437.0656
v -4560.0574 -12.8089 -47.2562
v -4560.0574 216.8868 -47.2562
v -4559.5573 216.8868 -46.7562
v -4559.5573 -12.8089 -46.7562
v -4541.9888 -12.8089 -46.7562
v -4541.9888 216.8868 -46.7562
v -4541.9888 217.3868 -437.0656
v -4559.5573 217.3868 -437.0656
v -4559.5573 217.3868 -47.2562
v -4541.9888 217.3868 -47.2562
v -4541.4890 -12.8089 -437.0656
v -4541.4890 216.8868 -437.0656
v -4541.4890 216.8868 -47.2562
v -4541.4890 -12.8089 -47.2562
v -4560.0574 255.4173 -437.5656
v -4560.5572 217.8868 -437.5656
v -4864.5725 255.4173 -437.5656
v -4864.0724 214.5853 -437.5656
v -4560.5572 -12.8089 -437.5656
v -4864.5725 -12.8089 -437.5656
v -5067.9893 -12.8089 -437.5656
v -4864.5725 -12.8089 -437.5656
v -4865.0726 -12.8089 -509.9748
v -5067.4892 -12.8089 -509.9748
v -5067.9893 213.5853 -438.0656
v -5067.9893 -12.3089 -438.0656
v -5067.9893 -12.3089 -509.9748
v -5067.9893 213.5853 -509.9748
v -4865.0726 214.0853 -438.0656
v -5067.4892 214.0853 -438.0656
v -5067.4892 214.0853 -509.9748
v -4865.0726 214.0853 -509.9748
v -4864.5725 -12.3089 -438.0656
v -4864.5725 213.5853 -438.0656
v -4864.5725 213.5853 -509.9748
v -4864.5725 -12.3089 -509.9748
v -4865.0726 -12.3089 -510.4748
v -4865.0726 213.5853 -510.4748
v -5067.4892 213.5853 -510.4748
v -5067.4892 -12.3089 -510.4748
v -4091.3353 254.1909 803.9726
v -4091.3353 217.3868 803.9726
v -4091.3353 217.8868 389.3624
v -4091.3353 254.1909 388.8624
v -4091.8350 217.3868 804.4725
v -4091.8350 254.1909 804.4725
v -4207.9876 254.1909 804.4725
v -4207.9876 217.3868 804.4725
v -4091.8350 -12.8089 804.4725
v -4091.8350 102.7431 804.4725
v -4207.9876 102.7431 804.4725
v -4207.9876 -12.8089 804.4725
v -4091.3353 102.7431 803.9726
v -4091.3353 -12.8089 803.9726
v -4091.3353 -12.8089 389.3624
v -4091.3353 102.7431 389.3624
v -4091.8350 -12.8089 388.8624
v -4114.4638 -12.8089 388.8624
v -4114.4638 102.7431 388.8624
v -4091.8350 102.7431 388.8624
v -4208.4877 217.3868 804.9726
v -4208.4877 254.1909 804.9726
v -4208.4877 254.1909 916.2439
v -4208.4877 217.8868 915.7438
v -4208.4877 -12.8089 804.9726
v -4208.4877 102.7431 804.9726
v -4208.4877 102.7431 915.7438
v -4208.4877 -12.8089 915.7438
v -4208.9874 -12.8089 916.2439
v -4208.9874 102.7431 916.2439
v -4232.1468 102.7431 916.2439
v -4232.1468 -12.8089 916.2439
v -4232.6469 -12.8089 915.7438
v -4232.6469 102.7431 915.7438
v -4232.6469 102.7431 573.0017
v -4232.6469 -12.8089 573.0017
v -4232.6469 217.8868 915.7438
v -4232.6469 254.1909 916.2439
v -4232.6469 254.1909 573.0017
v -4232.6469 217.3868 573.0017
v -4233.1467 217.3868 572.5017
v -4233.1467 254.1909 572.5017
v -4233.1467 -12.8089 572.5017
v -4233.1467 102.7431 572.5017
v -4457.7488 103.2431 572.5017
v -4457.7488 -12.8089 572.5017
v -4632.1842 217.3868 573.0017
v -4632.1842 254.1909 573.0017
v -4632.1842 254.1909 692.5779
v -4632.1842 217.3868 692.5779
v -4631.6841 254.1909 572.5017
v -4631.6841 217.3868 572.5017
v -4632.1842 -12.8089 573.0017
v -4632.1842 102.7431 573.0017
v -4632.1842 102.7431 692.5779
v -4632.1842 -12.8089 692.5779
v -4484.7332 -12.8089 572.5017
v -4484.7332 103.2431 572.5017
v -4631.6841 102.7431 572.5017
v -4631.6841 -12.8089 572.5017
v -4632.6839 217.3868 693.0779
v -4632.6839 254.1909 693.0779
v -4677.1935 254.1909 693.0779
v -4677.1935 217.3868 693.0779
v -4632.6839 -12.8089 693.0779
v -4632.6839 102.7431 693.0779
v -4677.1935 102.7431 693.0779
v -4677.1935 -12.8089 693.0779
v -4677.6936 217.3868 692.5779
v -4677.6936 254.1909 692.5779
v -4677.6936 254.1909 419.1458
v -4677.6936 216.8869 419.1458
v -4677.6936 -12.8089 692.5779
v -4677.6936 102.7431 692.5779
v -4677.6936 102.7431 418.6458
v -4677.6936 -12.8089 418.6458
v -4677.1935 -12.8089 388.8624
v -4677.1935 102.7431 388.8624
v -4677.6936 102.7431 389.3624
v -4677.6936 -12.8089 389.3624
v -4091.3353 217.8868 -296.4229
v -4091.3353 254.1909 -295.9229
v -4114.9635 216.8868 388.8624
v -4091.8350 216.8868 388.8624
v -4091.8350 217.3868 388.3624
v -4113.9637 217.3868 388.3624
v -4113.9637 217.3868 -295.4228
v -4091.8350 217.3868 -295.4228
v -4208.4877 254.1909 1407.0557
v -4208.4877 217.8868 1407.5556
v -4208.9874 216.8868 916.2439
v -4232.1468 216.8868 916.2439
v -4232.1468 217.3868 916.7439
v -4208.9874 217.3868 916.7439
v -4208.9874 217.3868 1406.5556
v -4232.1468 217.3868 1406.5556
v -4232.6469 217.8868 1407.5556
v -4232.6469 254.1909 1407.0557
v -4677.6936 254.1909 388.8624
v -4677.1935 217.8868 388.8624
v -5199.4492 217.8868 388.8624
v -5198.9494 254.1908 388.8624
v -4677.6936 216.8869 389.3624
v -4114.9635 254.1909 388.8624
v -4678.1933 217.3868 389.3624
v -4678.1933 217.3868 418.1458
v -5198.4493 217.3868 418.1458
v -5198.4493 217.3868 389.3624
v -4114.4638 217.8868 388.3624
v -4114.4638 254.1909 388.3624
v -4114.4638 254.1909 -295.9229
v -4114.4638 217.8868 -296.4229
v -4678.1933 217.8868 418.6458
v -4678.1933 254.1909 418.6458
v -5198.9494 254.1908 418.6458
v -5199.4492 217.8868 418.6458
v -5465.4877 254.1908 418.6458
v -5465.4877 217.3868 418.6458
v -5198.9494 216.8868 389.3624
v -5198.9494 216.8868 418.1458
v -5198.9494 -12.8089 418.1458
v -5198.9494 -12.8089 389.3624
v -5465.4877 -12.8089 418.6458
v -5199.4492 -12.8089 418.6458
v -5465.4877 217.3868 388.8624
v -5465.4877 254.1908 388.8624
v -5199.4492 -12.8089 388.8624
v -5465.4877 -12.8089 388.8624
v -4232.6469 217.3868 1520.1378
v -4232.6469 -12.8088 1407.5556
v -4232.6469 -12.8088 1520.1378
v -4232.6469 254.1909 1520.1378
v -4232.1468 216.8868 1407.0557
v -4208.9874 216.8868 1407.0557
v -4208.9874 -12.8088 1407.0557
v -4232.1468 -12.8088 1407.0557
v -4208.4877 217.3868 1520.1378
v -4208.4877 -12.8088 1520.1378
v -4208.4877 -12.8088 1407.5556
v -4208.4877 254.1909 1520.1378
v -4114.4638 217.3868 -437.5655
v -4114.4638 102.7431 -437.5655
v -4114.4638 102.2431 -296.4229
v -4114.4638 254.1909 -437.5655
v -4091.8350 216.8868 -295.9229
v -4113.9637 216.8868 -295.9229
v -4113.9637 103.2431 -295.9229
v -4091.8350 103.2431 -295.9229
v -4091.3353 217.3868 -437.5655
v -4091.3353 254.1909 -437.5655
v -4091.3353 102.2431 -296.4229
v -4091.3353 102.7431 -437.5655
v -4114.4638 -11.9007 -295.9229
v -4114.4638 -11.9007 -98.8357
v -4114.4638 102.2431 -98.8357
v -4114.4638 -11.9007 -437.5655
v -4091.8350 102.7431 -295.4228
v -4113.9637 102.7431 -295.4228
v -4113.9637 102.7431 -98.8357
v -4091.8350 102.7431 -98.8357
v -4091.3353 -11.9007 -295.9229
v -4091.3353 102.2431 -98.8357
v -4091.3353 -11.9007 -98.8357
v -4091.3353 -11.9007 -437.5655
v -4091.8350 102.2431 -98.3356
v -4113.9637 102.2431 -98.3356
v -4113.9637 -11.9007 -98.3356
v -4091.8350 -11.9007 -98.3356
v -4458.2489 -12.8089 573.0017
v -4458.2489 102.2431 573.0017
v -4458.2489 102.2431 960.9219
v -4458.2489 -12.8089 960.9219
v -4484.2335 102.2431 573.0017
v -4484.2335 -12.8089 573.0017
v -4484.2335 -12.8089 960.9219
v -4484.2335 102.2431 960.9219
v -4458.7486 102.7431 573.0017
v -4483.7334 102.7431 573.0017
v -4483.7334 102.7431 960.9219
v -4458.7486 102.7431 960.9219
v -4483.7334 102.2431 961.4220
v -4483.7334 -12.8089 961.4220
v -4458.7486 -12.8089 961.4220
v -4458.7486 102.2431 961.4220
v -5465.9874 127.2005 -322.8646
v -5465.9874 -12.8089 -322.8646
v -5498.7312 -12.8089 -322.8646
v -5498.7312 127.2005 -322.8646
v -5498.7316 138.0713 -323.5221
v -5465.9874 138.0713 -323.5221
v -5465.9874 216.7293 -402.1801
v -5498.7316 216.7293 -402.1801
v -5498.7316 148.7835 -325.4852
v -5465.9874 148.7835 -325.4852
v -5498.7316 159.1810 -328.7252
v -5465.9874 159.1810 -328.7252
v -5498.7316 169.1122 -333.1949
v -5465.9874 169.1122 -333.1949
v -5498.7316 178.4322 -338.8290
v -5465.9874 178.4322 -338.8290
v -5498.7316 187.0051 -345.5455
v -5465.9874 187.0051 -345.5455
v -5498.7316 194.7059 -353.2463
v -5465.9874 194.7059 -353.2463
v -5498.7316 201.4224 -361.8192
v -5465.9874 201.4224 -361.8192
v -5465.9874 194.7059 -353.2463
v -5498.7316 194.7059 -353.2463
v -5498.7316 207.0565 -371.1392
v -5465.9874 207.0565 -371.1392
v -5498.7316 211.5262 -381.0704
v -5465.9874 211.5262 -381.0704
v -5498.7316 214.7662 -391.4679
v -5465.9874 214.7662 -391.4679
v -5465.4877 217.8868 -437.0656
v -5465.4877 255.4173 -437.0656
v -5465.4877 -12.8089 1519.6377
v -5465.4877 -12.8089 -322.3646
vt 0.01770 0.15385
vt 0.05909 0.15408
vt 0.05494 0.15383
vt 0.01772 0.11661
vt 0.01747 0.11247
vt 0.04863 0.15267
vt 0.04396 0.15121
vt 0.03949 0.14919
vt 0.03529 0.14664
vt 0.03142 0.14361
vt 0.02795 0.14013
vt 0.02491 0.13626
vt 0.02236 0.13206
vt 0.02034 0.12759
vt 0.01888 0.12292
vt 0.56386 0.18358
vt 0.56388 0.20491
vt 0.47343 0.20491
vt 0.47345 0.18358
vt 0.80709 0.22239
vt 0.82398 0.22239
vt 0.82398 0.21046
vt 0.80709 0.21046
vt 0.01747 0.10144
vt 0.01770 0.10144
vt 0.01770 0.10131
vt 0.01770 0.10121
vt 0.28346 0.76150
vt 0.28369 0.76127
vt 0.28369 0.76127
vt 0.28369 0.76150
vt 0.26582 0.98427
vt 0.26559 0.98450
vt 0.26559 0.98450
vt 0.26559 0.98450
vt 0.17939 0.10014
vt 0.17939 0.10037
vt 0.17952 0.10037
vt 0.17962 0.10014
vt 0.79855 0.42862
vt 0.79878 0.42862
vt 0.79878 0.42875
vt 0.79855 0.42885
vt 0.00047 0.09079
vt 0.00024 0.09079
vt 0.00024 0.09092
vt 0.00047 0.09102
vt 0.82504 0.56664
vt 0.82481 0.56664
vt 0.82481 0.56677
vt 0.82504 0.56687
vt 0.17939 0.09208
vt 0.17962 0.09208
vt 0.17962 0.09195
vt 0.17939 0.09185
vt 0.00047 0.08272
vt 0.00047 0.08249
vt 0.00034 0.08249
vt 0.00024 0.08272
vt 0.82504 0.38772
vt 0.82481 0.38749
vt 0.82481 0.38749
vt 0.82481 0.38772
vt 0.26536 0.56017
vt 0.26559 0.56040
vt 0.26559 0.56040
vt 0.26559 0.56040
vt 0.00047 0.09208
vt 0.00047 0.09185
vt 0.00034 0.09185
vt 0.00024 0.09185
vt 0.61964 0.42862
vt 0.61964 0.42885
vt 0.61951 0.42885
vt 0.61941 0.42885
vt 0.00047 0.10014
vt 0.00024 0.10037
vt 0.00024 0.10037
vt 0.00047 0.10037
vt 0.26536 0.56915
vt 0.26559 0.56892
vt 0.26559 0.56892
vt 0.26559 0.56892
vt 0.50752 0.18251
vt 0.50775 0.18274
vt 0.50775 0.18274
vt 0.50752 0.18274
vt 0.26688 0.80228
vt 0.26711 0.80205
vt 0.26711 0.80205
vt 0.26711 0.80205
vt 0.18068 0.08220
vt 0.18068 0.08197
vt 0.18055 0.08197
vt 0.18045 0.08197
vt 0.50752 0.08961
vt 0.50752 0.08938
vt 0.50765 0.08938
vt 0.50775 0.08938
vt 0.02746 0.13692
vt 0.02723 0.13715
vt 0.02723 0.13715
vt 0.02723 0.13692
vt 0.26688 0.70846
vt 0.26711 0.70869
vt 0.26711 0.70869
vt 0.26711 0.70869
vt 0.47451 0.08961
vt 0.47428 0.08961
vt 0.47428 0.08948
vt 0.47451 0.08938
vt 0.77705 0.08644
vt 0.77728 0.08644
vt 0.77728 0.08631
vt 0.77705 0.08621
vt 0.02746 0.10392
vt 0.02723 0.10392
vt 0.02723 0.10379
vt 0.02746 0.10369
vt 0.47451 0.18251
vt 0.47451 0.18274
vt 0.47438 0.18274
vt 0.47428 0.18251
vt 0.21369 0.08220
vt 0.21392 0.08220
vt 0.21392 0.08207
vt 0.21369 0.08197
vt 0.68415 0.08644
vt 0.68415 0.08621
vt 0.68401 0.08621
vt 0.68392 0.08644
vt 0.21369 0.18588
vt 0.21369 0.18611
vt 0.21382 0.18611
vt 0.21392 0.18588
vt 0.97034 0.73568
vt 0.97034 0.73591
vt 0.97048 0.73591
vt 0.97057 0.73568
vt 0.68415 0.19012
vt 0.68392 0.19012
vt 0.68392 0.19025
vt 0.68415 0.19035
vt 0.87744 0.73568
vt 0.87721 0.73568
vt 0.87721 0.73581
vt 0.87744 0.73591
vt 0.13114 0.10392
vt 0.13114 0.10369
vt 0.13127 0.10369
vt 0.13137 0.10392
vt 0.77705 0.19012
vt 0.77705 0.19035
vt 0.77718 0.19035
vt 0.77728 0.19012
vt 0.51315 0.36928
vt 0.51292 0.36928
vt 0.51292 0.36914
vt 0.51292 0.36905
vt 0.87614 0.99953
vt 0.87637 0.99976
vt 0.87637 0.99976
vt 0.87614 0.99976
vt 0.63607 0.80923
vt 0.63630 0.80900
vt 0.63630 0.80900
vt 0.63630 0.80900
vt 0.37231 0.22423
vt 0.37208 0.22400
vt 0.37208 0.22400
vt 0.37208 0.22423
vt 0.82375 0.34220
vt 0.82398 0.34243
vt 0.82398 0.34243
vt 0.82398 0.34243
vt 0.37231 0.27064
vt 0.37208 0.27064
vt 0.37208 0.27051
vt 0.37208 0.27041
vt 0.37231 0.23486
vt 0.37208 0.23486
vt 0.37208 0.23500
vt 0.37208 0.23509
vt 0.37231 0.28127
vt 0.37208 0.28150
vt 0.37208 0.28150
vt 0.37208 0.28127
vt 0.40568 0.20597
vt 0.40591 0.20574
vt 0.40591 0.20574
vt 0.40591 0.20574
vt 0.89433 0.86036
vt 0.89410 0.86036
vt 0.89410 0.86022
vt 0.89410 0.86013
vt 0.61110 0.28256
vt 0.61133 0.28233
vt 0.61133 0.28233
vt 0.61133 0.28256
vt 0.51269 0.63794
vt 0.51292 0.63817
vt 0.51292 0.63817
vt 0.51292 0.63817
vt 0.86599 0.99953
vt 0.86576 0.99976
vt 0.86576 0.99976
vt 0.86576 0.99953
vt 0.51315 0.37989
vt 0.51292 0.37966
vt 0.51292 0.37966
vt 0.51292 0.37966
vt 0.75946 0.99953
vt 0.75968 0.99953
vt 0.75968 0.99966
vt 0.75968 0.99976
vt 0.89433 0.87403
vt 0.89410 0.87380
vt 0.89410 0.87380
vt 0.89410 0.87380
vt 0.44490 0.29707
vt 0.44490 0.29684
vt 0.44477 0.29684
vt 0.44467 0.29684
vt 0.61110 0.29577
vt 0.61133 0.29601
vt 0.61133 0.29601
vt 0.61110 0.29601
vt 0.37231 0.29577
vt 0.37208 0.29601
vt 0.37208 0.29601
vt 0.37208 0.29577
vt 0.68415 0.29707
vt 0.68392 0.29684
vt 0.68392 0.29684
vt 0.68392 0.29684
vt 0.82504 0.37451
vt 0.82481 0.37451
vt 0.82481 0.37464
vt 0.82481 0.37474
vt 0.37231 0.28256
vt 0.37208 0.28256
vt 0.37208 0.28243
vt 0.37208 0.28233
vt 0.82504 0.36130
vt 0.82481 0.36107
vt 0.82481 0.36107
vt 0.82481 0.36130
vt 0.51269 0.87765
vt 0.51292 0.87742
vt 0.51292 0.87742
vt 0.51292 0.87742
vt 0.59712 0.28127
vt 0.59735 0.28127
vt 0.59735 0.28140
vt 0.59735 0.28150
vt 0.82504 0.38643
vt 0.82481 0.38666
vt 0.82481 0.38666
vt 0.82481 0.38643
vt 0.63141 0.20597
vt 0.63118 0.20574
vt 0.63118 0.20574
vt 0.63118 0.20574
vt 0.59712 0.27064
vt 0.59735 0.27041
vt 0.59735 0.27041
vt 0.59735 0.27064
vt 0.82375 0.56793
vt 0.82398 0.56770
vt 0.82398 0.56770
vt 0.82398 0.56770
vt 0.82504 0.37580
vt 0.82481 0.37580
vt 0.82481 0.37567
vt 0.82481 0.37557
vt 0.86599 0.68568
vt 0.86576 0.68545
vt 0.86576 0.68545
vt 0.86599 0.68545
vt 0.75946 0.68522
vt 0.75968 0.68545
vt 0.75968 0.68545
vt 0.75968 0.68545
vt 0.14519 0.13372
vt 0.14519 0.13349
vt 0.14506 0.13349
vt 0.14496 0.13349
vt 0.87614 0.68568
vt 0.87614 0.68545
vt 0.87628 0.68545
vt 0.87637 0.68545
vt 0.15535 0.13372
vt 0.15558 0.13349
vt 0.15558 0.13349
vt 0.15535 0.13349
vt 0.63607 0.49447
vt 0.63630 0.49470
vt 0.63630 0.49470
vt 0.63630 0.49470
vt 0.81253 0.68522
vt 0.81230 0.68545
vt 0.81230 0.68545
vt 0.81230 0.68545
vt 0.23139 0.09565
vt 0.23139 0.09542
vt 0.23126 0.09542
vt 0.23116 0.09542
vt 0.14519 0.18588
vt 0.14496 0.18611
vt 0.14496 0.18611
vt 0.14519 0.18611
vt 0.15535 0.18588
vt 0.15535 0.18611
vt 0.15548 0.18611
vt 0.15558 0.18611
vt 0.24155 0.09565
vt 0.24178 0.09542
vt 0.24178 0.09542
vt 0.24155 0.09542
vt 0.68915 0.49447
vt 0.68892 0.49470
vt 0.68892 0.49470
vt 0.68892 0.49470
vt 0.81253 0.77591
vt 0.81253 0.77614
vt 0.81240 0.77614
vt 0.81230 0.77591
vt 0.15664 0.13372
vt 0.15664 0.13349
vt 0.15651 0.13349
vt 0.15641 0.13372
vt 0.23139 0.18588
vt 0.23116 0.18588
vt 0.23116 0.18602
vt 0.23139 0.18611
vt 0.68915 0.58516
vt 0.68892 0.58516
vt 0.68892 0.58529
vt 0.68915 0.58538
vt 0.24155 0.18588
vt 0.24155 0.18611
vt 0.24168 0.18611
vt 0.24178 0.18588
vt 0.16680 0.13372
vt 0.16703 0.13372
vt 0.16703 0.13359
vt 0.16680 0.13349
vt 0.51398 0.69831
vt 0.51375 0.69831
vt 0.51375 0.69818
vt 0.51375 0.69808
vt 0.37231 0.26935
vt 0.37208 0.26958
vt 0.37208 0.26958
vt 0.37231 0.26958
vt 0.87637 0.22262
vt 0.87660 0.22239
vt 0.87660 0.22239
vt 0.87660 0.22239
vt 0.63737 0.62989
vt 0.63714 0.62966
vt 0.63714 0.62966
vt 0.63714 0.62989
vt 0.87637 0.21023
vt 0.87660 0.21046
vt 0.87660 0.21046
vt 0.87660 0.21046
vt 0.37231 0.25788
vt 0.37231 0.25765
vt 0.37218 0.25765
vt 0.37208 0.25765
vt 0.51398 0.87636
vt 0.51398 0.87658
vt 0.51385 0.87658
vt 0.51375 0.87636
vt 0.13243 0.13331
vt 0.13243 0.13308
vt 0.13230 0.13308
vt 0.13220 0.13331
vt 0.55036 0.26935
vt 0.55036 0.26958
vt 0.55049 0.26958
vt 0.55059 0.26935
vt 0.63737 0.80793
vt 0.63714 0.80793
vt 0.63714 0.80807
vt 0.63737 0.80816
vt 0.55036 0.25788
vt 0.55059 0.25788
vt 0.55059 0.25775
vt 0.55036 0.25765
vt 0.14390 0.13331
vt 0.14413 0.13331
vt 0.14413 0.13317
vt 0.14390 0.13308
vt 0.61987 0.18744
vt 0.61987 0.08180
vt 0.62010 0.08180
vt 0.62010 0.18745
vt 0.22984 0.99976
vt 0.12419 0.99976
vt 0.12419 0.99953
vt 0.22985 0.99953
vt 0.24730 0.99953
vt 0.24730 0.99976
vt 0.62010 0.20491
vt 0.61987 0.20491
vt 0.26559 0.22370
vt 0.37125 0.22370
vt 0.37125 0.22347
vt 0.26559 0.22347
vt 0.47774 0.99976
vt 0.37208 0.99976
vt 0.37208 0.99953
vt 0.47774 0.99953
vt 0.24814 0.22370
vt 0.24814 0.22347
vt 0.49519 0.99976
vt 0.49519 0.99953
vt 0.00024 0.10144
vt 0.00024 0.10121
vt 0.24814 0.98450
vt 0.24814 0.98427
vt 0.93047 0.56664
vt 0.93047 0.56687
vt 0.10590 0.08249
vt 0.10590 0.08272
vt 0.79855 0.32319
vt 0.79878 0.32319
vt 0.10590 0.09102
vt 0.10590 0.09079
vt 0.22985 0.18718
vt 0.12419 0.18718
vt 0.12419 0.18695
vt 0.22985 0.18695
vt 0.01770 0.99976
vt 0.12336 0.99976
vt 0.12336 0.99953
vt 0.01770 0.99953
vt 0.00024 0.99953
vt 0.00024 0.99976
vt 0.24730 0.18695
vt 0.24730 0.18718
vt 0.86576 0.63306
vt 0.88674 0.63306
vt 0.88674 0.63283
vt 0.86576 0.63283
vt 0.40674 0.20491
vt 0.40674 0.18392
vt 0.40697 0.18392
vt 0.40697 0.20491
vt 0.98887 0.63306
vt 0.98887 0.63283
vt 0.40674 0.08180
vt 0.40697 0.08180
vt 0.49519 0.31480
vt 0.47420 0.31480
vt 0.47420 0.31457
vt 0.49519 0.31457
vt 0.86576 0.68462
vt 0.88674 0.68462
vt 0.88674 0.68439
vt 0.86576 0.68439
vt 0.37208 0.31480
vt 0.37208 0.31457
vt 0.98887 0.68462
vt 0.98887 0.68439
vt 0.37125 0.56915
vt 0.37125 0.56892
vt 0.61941 0.32319
vt 0.61964 0.32319
vt 0.37125 0.56017
vt 0.37125 0.56040
vt 0.93047 0.38749
vt 0.93047 0.38772
vt 0.37125 0.80205
vt 0.37115 0.80205
vt 0.18050 0.18607
vt 0.18068 0.18588
vt 0.13114 0.13692
vt 0.13131 0.13710
vt 0.37113 0.70869
vt 0.37125 0.70869
vt 0.87721 0.70245
vt 0.87721 0.70256
vt 0.97057 0.70245
vt 0.97057 0.70254
vt 0.93075 0.80626
vt 0.93075 0.85929
vt 0.93098 0.85929
vt 0.93098 0.80626
vt 0.68892 0.99976
vt 0.74196 0.99976
vt 0.74196 0.99953
vt 0.68892 0.99953
vt 0.87660 0.29136
vt 0.92964 0.29136
vt 0.92964 0.29113
vt 0.87660 0.29113
vt 0.87721 0.80626
vt 0.87721 0.85929
vt 0.87744 0.85929
vt 0.87744 0.80626
vt 0.42470 0.22423
vt 0.47774 0.22423
vt 0.47774 0.22400
vt 0.42470 0.22400
vt 0.87660 0.34243
vt 0.92964 0.34243
vt 0.92964 0.34220
vt 0.87660 0.34220
vt 0.40568 0.15313
vt 0.40568 0.10009
vt 0.40591 0.10009
vt 0.40591 0.15313
vt 0.42470 0.23509
vt 0.47774 0.23509
vt 0.47774 0.23486
vt 0.42470 0.23486
vt 0.87660 0.10715
vt 0.92964 0.10715
vt 0.92964 0.10691
vt 0.87660 0.10691
vt 0.24814 0.15313
vt 0.24814 0.10009
vt 0.24836 0.10009
vt 0.24836 0.15313
vt 0.98693 0.80626
vt 0.98693 0.85929
vt 0.98716 0.85929
vt 0.98716 0.80626
vt 0.87660 0.29030
vt 0.92964 0.29030
vt 0.92964 0.29006
vt 0.87660 0.29006
vt 0.89410 0.99953
vt 0.94672 0.99953
vt 0.94672 0.99976
vt 0.89410 0.99976
vt 0.38897 0.25682
vt 0.44159 0.25682
vt 0.44159 0.25659
vt 0.38897 0.25659
vt 0.82398 0.10715
vt 0.82398 0.10691
vt 0.24814 0.20574
vt 0.24836 0.20574
vt 0.44159 0.23616
vt 0.49463 0.23616
vt 0.49463 0.23593
vt 0.44159 0.23593
vt 0.93181 0.80626
vt 0.93181 0.85929
vt 0.93204 0.85929
vt 0.93204 0.80626
vt 0.99976 0.99953
vt 0.99976 0.99976
vt 0.49463 0.25682
vt 0.49463 0.25659
vt 0.56554 0.63794
vt 0.61857 0.63794
vt 0.61857 0.63817
vt 0.56554 0.63817
vt 0.94672 0.86013
vt 0.99976 0.86013
vt 0.99976 0.86036
vt 0.94672 0.86036
vt 0.93075 0.73674
vt 0.93075 0.75364
vt 0.93098 0.75364
vt 0.93098 0.73674
vt 0.61941 0.99976
vt 0.63630 0.99976
vt 0.63630 0.99953
vt 0.61941 0.99953
vt 0.56554 0.36928
vt 0.56554 0.36905
vt 0.68892 0.80900
vt 0.68892 0.80923
vt 0.80709 0.29136
vt 0.82398 0.29136
vt 0.82398 0.29113
vt 0.80709 0.29113
vt 0.87721 0.73674
vt 0.87721 0.75364
vt 0.87744 0.75364
vt 0.87744 0.73674
vt 0.80709 0.10715
vt 0.80709 0.10691
vt 0.24814 0.22264
vt 0.24836 0.22264
vt 0.98693 0.73674
vt 0.98693 0.75364
vt 0.98716 0.75364
vt 0.98716 0.73674
vt 0.80709 0.29030
vt 0.82398 0.29030
vt 0.82398 0.29006
vt 0.80709 0.29006
vt 0.37208 0.23616
vt 0.38897 0.23616
vt 0.38897 0.23593
vt 0.37208 0.23593
vt 0.93181 0.73674
vt 0.93181 0.75364
vt 0.93204 0.75364
vt 0.93204 0.73674
vt 0.87721 0.99953
vt 0.87721 0.99976
vt 0.37208 0.25682
vt 0.37208 0.25659
vt 0.49603 0.37989
vt 0.49603 0.37966
vt 0.74279 0.99976
vt 0.74279 0.99953
vt 0.44490 0.31373
vt 0.44467 0.31373
vt 0.87721 0.87380
vt 0.87721 0.87403
vt 0.93047 0.37451
vt 0.93047 0.37474
vt 0.68392 0.19118
vt 0.68415 0.19118
vt 0.93047 0.36130
vt 0.93047 0.36107
vt 0.61857 0.87742
vt 0.61857 0.87765
vt 0.93047 0.38643
vt 0.93047 0.38666
vt 0.63118 0.10009
vt 0.63141 0.10009
vt 0.92963 0.56793
vt 0.92963 0.56770
vt 0.93047 0.37557
vt 0.93047 0.37580
vt 0.15664 0.18611
vt 0.15641 0.18611
vt 0.86492 0.77614
vt 0.86492 0.77591
vt 0.16680 0.18611
vt 0.16703 0.18611
vt 0.74154 0.58538
vt 0.74154 0.58516
vt 0.92964 0.22262
vt 0.92964 0.22239
vt 0.56679 0.69808
vt 0.56679 0.69831
vt 0.61857 0.36928
vt 0.61857 0.36905
vt 0.74196 0.80900
vt 0.74196 0.80923
vt 0.92964 0.21023
vt 0.92964 0.21046
vt 0.69017 0.62966
vt 0.69017 0.62989
vt 0.56679 0.87636
vt 0.56679 0.87658
vt 0.13220 0.18611
vt 0.13243 0.18611
vt 0.69017 0.80793
vt 0.69017 0.80816
vt 0.14413 0.18611
vt 0.14390 0.18611
vt 0.23009 0.12051
vt 0.23009 0.11542
vt 0.23033 0.11555
vt 0.23033 0.12051
vt 0.05909 0.15385
vt 0.05423 0.15356
vt 0.05494 0.15383
vt 0.05909 0.15408
vt 0.23009 0.11040
vt 0.23033 0.11032
vt 0.04911 0.15263
vt 0.04863 0.15267
vt 0.23009 0.10553
vt 0.23033 0.10548
vt 0.04436 0.15114
vt 0.04396 0.15121
vt 0.23009 0.10088
vt 0.23033 0.10084
vt 0.03982 0.14909
vt 0.03949 0.14919
vt 0.23009 0.09651
vt 0.23033 0.09649
vt 0.03556 0.14651
vt 0.03529 0.14664
vt 0.23009 0.09249
vt 0.23033 0.09249
vt 0.03164 0.14344
vt 0.03142 0.14361
vt 0.23009 0.08888
vt 0.23033 0.08889
vt 0.02811 0.13991
vt 0.02795 0.14013
vt 0.28346 0.80122
vt 0.28346 0.79716
vt 0.28369 0.79718
vt 0.28369 0.80122
vt 0.02504 0.13599
vt 0.02491 0.13626
vt 0.28346 0.79274
vt 0.28369 0.79278
vt 0.02246 0.13173
vt 0.02236 0.13206
vt 0.28346 0.78804
vt 0.28369 0.78809
vt 0.02041 0.12719
vt 0.02034 0.12759
vt 0.28346 0.78311
vt 0.28369 0.78318
vt 0.01892 0.12244
vt 0.01888 0.12292
vt 0.28346 0.77803
vt 0.28369 0.77790
vt 0.01799 0.11732
vt 0.01772 0.11661
vt 0.28346 0.77288
vt 0.28369 0.77288
vt 0.01770 0.11246
vt 0.01747 0.11247
vt 0.23009 0.18611
vt 0.23033 0.18611
vt 0.12336 0.15385
vt 0.12336 0.15408
vt 0.26794 0.76150
vt 0.26794 0.76127
vt 0.26559 0.99976
vt 0.26582 0.99976
vt 0.22985 0.99953
vt 0.12419 0.99953
vt 0.12419 0.18718
vt 0.22985 0.18718
vt 0.61987 0.18744
vt 0.61987 0.20491
vt 0.56386 0.08180
vt 0.61987 0.08180
vt 0.24730 0.99953
vt 0.24730 0.18718
vt 0.47420 0.31480
vt 0.47774 0.99953
vt 0.37208 0.99953
vt 0.37208 0.31480
vt 0.37125 0.22370
vt 0.26559 0.22370
vt 0.26536 0.56017
vt 0.37125 0.56017
vt 0.49519 0.31480
vt 0.49519 0.99953
vt 0.24814 0.22370
vt 0.24814 0.56040
vt 0.37125 0.98450
vt 0.26582 0.98427
vt 0.26582 0.99976
vt 0.37125 0.99976
vt 0.37125 0.80205
vt 0.26688 0.80228
vt 0.24814 0.80205
vt 0.24814 0.98427
vt 0.28346 0.76150
vt 0.28346 0.77288
vt 0.26794 0.77288
vt 0.26794 0.76150
vt 0.00024 0.99953
vt 0.01770 0.99953
vt 0.00024 0.15385
vt 0.40697 0.20491
vt 0.40697 0.18392
vt 0.88674 0.63306
vt 0.86576 0.63306
vt 0.86576 0.68439
vt 0.88674 0.68439
vt 0.40697 0.08180
vt 0.47345 0.08180
vt 0.98887 0.68439
vt 0.98887 0.63306
vt 0.61964 0.42862
vt 0.61964 0.32319
vt 0.79855 0.32319
vt 0.79855 0.42862
vt 0.00047 0.09079
vt 0.10590 0.09079
vt 0.10590 0.08272
vt 0.00047 0.08272
vt 0.00047 0.09208
vt 0.00047 0.10014
vt 0.17939 0.10014
vt 0.17939 0.09208
vt 0.93047 0.38772
vt 0.82504 0.38772
vt 0.82504 0.56664
vt 0.93047 0.56664
vt 0.24814 0.56892
vt 0.26536 0.56915
vt 0.24814 0.70869
vt 0.26688 0.70846
vt 0.37125 0.56915
vt 0.37125 0.70869
vt 0.97057 0.70245
vt 0.87721 0.70245
vt 0.87744 0.73568
vt 0.97034 0.73568
vt 0.18068 0.08220
vt 0.18068 0.18588
vt 0.21369 0.18588
vt 0.21369 0.08220
vt 0.50752 0.08961
vt 0.50752 0.18251
vt 0.47451 0.18251
vt 0.47451 0.08961
vt 0.13114 0.13692
vt 0.02746 0.13692
vt 0.02746 0.10392
vt 0.13114 0.10392
vt 0.77705 0.19012
vt 0.77705 0.08644
vt 0.68415 0.08644
vt 0.68415 0.19012
vt 0.61941 0.99953
vt 0.63630 0.99953
vt 0.63607 0.80923
vt 0.61941 0.80900
vt 0.93075 0.75364
vt 0.93075 0.73674
vt 0.87744 0.73674
vt 0.87744 0.75364
vt 0.93075 0.85929
vt 0.93075 0.80626
vt 0.87744 0.80626
vt 0.87744 0.85929
vt 0.68892 0.99953
vt 0.74196 0.99953
vt 0.74196 0.80923
vt 0.68892 0.80923
vt 0.61857 0.36928
vt 0.61857 0.37966
vt 0.56554 0.37966
vt 0.56554 0.36928
vt 0.82398 0.29136
vt 0.80709 0.29136
vt 0.80709 0.34243
vt 0.82375 0.34220
vt 0.92964 0.29136
vt 0.87660 0.29136
vt 0.87660 0.34220
vt 0.92964 0.34220
vt 0.47774 0.22423
vt 0.42470 0.22423
vt 0.42470 0.23486
vt 0.47774 0.23486
vt 0.40568 0.10009
vt 0.40568 0.15313
vt 0.24836 0.15313
vt 0.24836 0.10009
vt 0.40568 0.20597
vt 0.40591 0.22264
vt 0.24836 0.22264
vt 0.24836 0.20574
vt 0.82398 0.10715
vt 0.80709 0.10715
vt 0.92964 0.10715
vt 0.87660 0.10715
vt 0.87637 0.21023
vt 0.92964 0.21023
vt 0.98693 0.75364
vt 0.98693 0.73674
vt 0.93204 0.73674
vt 0.93204 0.75364
vt 0.80709 0.29006
vt 0.82398 0.29006
vt 0.98693 0.85929
vt 0.98693 0.80626
vt 0.93204 0.80626
vt 0.93204 0.85929
vt 0.92964 0.22262
vt 0.87637 0.22262
vt 0.87660 0.29006
vt 0.92964 0.29006
vt 0.38897 0.23616
vt 0.37208 0.23616
vt 0.37208 0.25659
vt 0.38897 0.25659
vt 0.49463 0.23616
vt 0.44159 0.23616
vt 0.44159 0.25659
vt 0.49463 0.25659
vt 0.89410 0.99953
vt 0.87721 0.99953
vt 0.87721 0.87403
vt 0.89433 0.87403
vt 0.99976 0.99953
vt 0.94672 0.99953
vt 0.94672 0.87380
vt 0.99976 0.87380
vt 0.61857 0.63794
vt 0.56554 0.63794
vt 0.94672 0.86036
vt 0.99976 0.86036
vt 0.63607 0.49447
vt 0.61941 0.49470
vt 0.51315 0.37989
vt 0.51315 0.36928
vt 0.87614 0.99953
vt 0.86599 0.99953
vt 0.86599 0.68568
vt 0.87614 0.68568
vt 0.80709 0.56770
vt 0.82375 0.56793
vt 0.37231 0.22423
vt 0.37231 0.23486
vt 0.37231 0.28127
vt 0.37231 0.27064
vt 0.59712 0.27064
vt 0.59712 0.28127
vt 0.63141 0.20597
vt 0.63118 0.22264
vt 0.49603 0.63817
vt 0.51269 0.63794
vt 0.51269 0.87765
vt 0.49603 0.87742
vt 0.89433 0.86036
vt 0.49603 0.37989
vt 0.61110 0.28256
vt 0.61110 0.29577
vt 0.37231 0.29577
vt 0.37231 0.28256
vt 0.75946 0.99953
vt 0.74279 0.99953
vt 0.74279 0.68545
vt 0.75946 0.68522
vt 0.44490 0.29707
vt 0.44490 0.31373
vt 0.68392 0.31373
vt 0.68415 0.29707
vt 0.80625 0.31373
vt 0.80625 0.29684
vt 0.82504 0.36130
vt 0.82504 0.37451
vt 0.93047 0.37451
vt 0.93047 0.36130
vt 0.80625 0.19118
vt 0.68415 0.19118
vt 0.51292 0.99976
vt 0.49603 0.99976
vt 0.61857 0.87765
vt 0.61857 0.99976
vt 0.68308 0.20574
vt 0.63141 0.10009
vt 0.68308 0.10009
vt 0.68308 0.22264
vt 0.82504 0.38643
vt 0.82504 0.37580
vt 0.93047 0.37580
vt 0.93047 0.38643
vt 0.82398 0.61961
vt 0.92963 0.61961
vt 0.92963 0.56793
vt 0.80709 0.61961
vt 0.75968 0.62044
vt 0.81230 0.62044
vt 0.81253 0.68522
vt 0.74279 0.62044
vt 0.15535 0.13372
vt 0.14519 0.13372
vt 0.14519 0.18588
vt 0.15535 0.18588
vt 0.63630 0.42968
vt 0.61941 0.42968
vt 0.68915 0.49447
vt 0.68892 0.42968
vt 0.86492 0.68545
vt 0.86492 0.77591
vt 0.81253 0.77591
vt 0.86492 0.62044
vt 0.24155 0.09565
vt 0.23139 0.09565
vt 0.23139 0.18588
vt 0.24155 0.18588
vt 0.74154 0.49470
vt 0.68915 0.58516
vt 0.74154 0.58516
vt 0.74154 0.42968
vt 0.16680 0.13372
vt 0.15664 0.13372
vt 0.15664 0.18611
vt 0.16680 0.18611
vt 0.69017 0.62989
vt 0.63737 0.62989
vt 0.63737 0.80793
vt 0.69017 0.80793
vt 0.51398 0.69831
vt 0.56679 0.69831
vt 0.56679 0.87636
vt 0.51398 0.87636
vt 0.37231 0.25788
vt 0.37231 0.26935
vt 0.55036 0.26935
vt 0.55036 0.25788
vt 0.13243 0.13331
vt 0.13243 0.18611
vt 0.14390 0.18611
vt 0.14390 0.13331
vt 0.23009 0.12051
vt 0.23009 0.18611
vt 0.21475 0.18611
vt 0.21475 0.12051
vt 0.21475 0.11542
vt 0.23009 0.11542
vt 0.28346 0.77803
vt 0.26794 0.77803
vt 0.21475 0.11040
vt 0.23009 0.11040
vt 0.21475 0.10553
vt 0.23009 0.10553
vt 0.21475 0.10088
vt 0.23009 0.10088
vt 0.21475 0.09651
vt 0.23009 0.09651
vt 0.21475 0.09249
vt 0.23009 0.09249
vt 0.21475 0.08888
vt 0.23009 0.08888
vt 0.26794 0.79716
vt 0.28346 0.79716
vt 0.28346 0.80122
vt 0.26794 0.80122
vt 0.26794 0.79274
vt 0.28346 0.79274
vt 0.26794 0.78804
vt 0.28346 0.78804
vt 0.26794 0.78311
vt 0.28346 0.78311
vt 0.01747 0.10144
vt 0.00024 0.10144
vt 0.12336 0.99953
vt 0.12336 0.15408
vn 1.0000 0.0000 0.0000
vn 1.0000 0.0000 0.0000
vn 1.0000 0.0000 0.0000
vn 1.0000 0.0000 0.0000
vn 1.0000 0.0000 0.0000
vn 1.0000 0.0000 0.0000
vn 1.0000 0.0000 0.0000
vn 1.0000 0.0000 0.0000
vn 1.0000 0.0000 0.0000
vn 1.0000 0.0000 0.0000
vn 1.0000 0.0000 0.0000
vn 1.0000 0.0000 0.0000
vn 1.0000 0.0000 0.0000
vn 1.0000 0.0000 0.0000
vn 1.0000 0.0000 0.0000
vn -1.0000 0.0000 -0.0000
vn -1.0000 0.0000 -0.0000
vn -1.0000 0.0000 -0.0000
vn -1.0000 0.0000 -0.0000
vn -0.0000 -0.0000 1.0000
vn -0.0000 -0.0000 1.0000
vn -0.0000 -0.0000 1.0000
vn -0.0000 -0.0000 1.0000
vn 0.9217 -0.2022 0.3310
vn 0.6463 -0.6462 0.4059
vn 0.4526 -0.4526 0.7683
vn 0.4403 -0.1445 0.8861
vn 0.2022 -0.9217 0.3311
vn 0.1446 -0.4401 0.8862
vn 0.4526 -0.4526 0.7683
vn 0.6463 -0.6462 0.4059
vn 0.1995 -0.1995 0.9594
vn 0.4403 -0.1445 0.8861
vn 0.4526 -0.4526 0.7683
vn 0.1446 -0.4401 0.8862
vn -0.2402 0.9405 0.2402
vn -0.6965 0.6965 0.1726
vn -0.5773 0.5773 0.5774
vn -0.1726 0.6965 0.6965
vn -0.9405 0.2402 0.2402
vn -0.6965 0.1726 0.6965
vn -0.5773 0.5773 0.5774
vn -0.6965 0.6965 0.1726
vn -0.2402 0.2402 0.9405
vn -0.1726 0.6965 0.6965
vn -0.5773 0.5773 0.5774
vn -0.6965 0.1726 0.6965
vn 0.9405 0.2402 0.2402
vn 0.6965 0.6965 0.1726
vn 0.5773 0.5774 0.5774
vn 0.6965 0.1726 0.6965
vn 0.2402 0.9405 0.2402
vn 0.1726 0.6965 0.6965
vn 0.5773 0.5774 0.5774
vn 0.6965 0.6965 0.1726
vn 0.2402 0.2402 0.9405
vn 0.6965 0.1726 0.6965
vn 0.5773 0.5774 0.5774
vn 0.1726 0.6965 0.6965
vn 0.9217 0.2022 0.3311
vn 0.4402 0.1446 0.8862
vn 0.4524 0.4525 0.7685
vn 0.6462 0.6462 0.4061
vn 0.1995 0.1995 0.9594
vn 0.1445 0.4402 0.8862
vn 0.4524 0.4525 0.7685
vn 0.4402 0.1446 0.8862
vn 0.2022 0.9217 0.3311
vn 0.6462 0.6462 0.4061
vn 0.4524 0.4525 0.7685
vn 0.1445 0.4402 0.8862
vn -0.9217 0.2022 0.3311
vn -0.6462 0.6462 0.4061
vn -0.4524 0.4525 0.7685
vn -0.4402 0.1446 0.8862
vn -0.2022 0.9217 0.3311
vn -0.1445 0.4402 0.8862
vn -0.4524 0.4525 0.7685
vn -0.6462 0.6462 0.4061
vn -0.1995 0.1995 0.9594
vn -0.4402 0.1446 0.8862
vn -0.4524 0.4525 0.7685
vn -0.1445 0.4402 0.8862
vn 0.2022 -0.9217 0.3311
vn 0.1446 -0.4403 0.8861
vn 0.4524 -0.4524 0.7686
vn 0.6461 -0.6462 0.4062
vn 0.3445 -0.2088 0.9153
vn 0.5841 -0.1467 0.7983
vn 0.4524 -0.4524 0.7686
vn 0.1446 -0.4403 0.8861
vn 0.9488 -0.2019 0.2430
vn 0.6461 -0.6462 0.4062
vn 0.4524 -0.4524 0.7686
vn 0.5841 -0.1467 0.7983
vn -0.2022 -0.9217 0.3311
vn -0.6462 -0.6461 0.4062
vn -0.4524 -0.4524 0.7686
vn -0.1445 -0.4402 0.8862
vn -0.9463 -0.2019 0.2524
vn -0.6056 -0.1472 0.7820
vn -0.4524 -0.4524 0.7686
vn -0.6462 -0.6461 0.4062
vn -0.3698 -0.2114 0.9047
vn -0.1445 -0.4402 0.8862
vn -0.4524 -0.4524 0.7686
vn -0.6056 -0.1472 0.7820
vn -0.2401 -0.9406 0.2402
vn -0.1726 -0.6966 0.6964
vn -0.5773 -0.5774 0.5773
vn -0.6965 -0.6965 0.1725
vn -0.2403 -0.2402 0.9405
vn -0.6965 -0.1727 0.6964
vn -0.5773 -0.5774 0.5773
vn -0.1726 -0.6966 0.6964
vn -0.9405 -0.2402 0.2402
vn -0.6965 -0.6965 0.1725
vn -0.5773 -0.5774 0.5773
vn -0.6965 -0.1727 0.6964
vn 0.2401 -0.9406 0.2402
vn 0.6965 -0.6965 0.1726
vn 0.5773 -0.5774 0.5774
vn 0.1725 -0.6965 0.6965
vn 0.9406 -0.2401 0.2402
vn 0.6965 -0.1725 0.6965
vn 0.5773 -0.5774 0.5774
vn 0.6965 -0.6965 0.1726
vn 0.2402 -0.2401 0.9406
vn 0.1725 -0.6965 0.6965
vn 0.5773 -0.5774 0.5774
vn 0.6965 -0.1725 0.6965
vn 0.9540 0.1809 0.2392
vn 0.7932 0.5842 0.1718
vn 0.5773 0.5774 0.5774
vn 0.6965 0.1726 0.6965
vn 0.3633 0.8975 0.2499
vn 0.1725 0.6965 0.6965
vn 0.5773 0.5774 0.5774
vn 0.7932 0.5842 0.1718
vn 0.2402 0.2402 0.9405
vn 0.6965 0.1726 0.6965
vn 0.5773 0.5774 0.5774
vn 0.1725 0.6965 0.6965
vn -0.3848 0.8878 0.2524
vn -0.8020 0.5723 0.1710
vn -0.5774 0.5773 0.5774
vn -0.1726 0.6965 0.6965
vn -0.9527 0.1872 0.2393
vn -0.6965 0.1726 0.6965
vn -0.5774 0.5773 0.5774
vn -0.8020 0.5723 0.1710
vn -0.2402 0.2401 0.9406
vn -0.1726 0.6965 0.6965
vn -0.5774 0.5773 0.5774
vn -0.6965 0.1726 0.6965
vn 0.3311 -0.2022 -0.9217
vn 0.4061 -0.6462 -0.6462
vn 0.7685 -0.4524 -0.4524
vn 0.8862 -0.1446 -0.4402
vn 0.3311 -0.9217 -0.2022
vn 0.8862 -0.4402 -0.1445
vn 0.7685 -0.4524 -0.4524
vn 0.4061 -0.6462 -0.6462
vn 0.9594 -0.1995 -0.1995
vn 0.8862 -0.1446 -0.4402
vn 0.7685 -0.4524 -0.4524
vn 0.8862 -0.4402 -0.1445
vn 0.3311 -0.2022 0.9217
vn 0.8862 -0.1445 0.4402
vn 0.7685 -0.4524 0.4524
vn 0.4061 -0.6462 0.6462
vn 0.9594 -0.1995 0.1995
vn 0.8862 -0.4402 0.1446
vn 0.7685 -0.4524 0.4524
vn 0.8862 -0.1445 0.4402
vn 0.3312 -0.9216 0.2022
vn 0.4061 -0.6462 0.6462
vn 0.7685 -0.4524 0.4524
vn 0.8862 -0.4402 0.1446
vn -0.3311 -0.2022 0.9217
vn -0.4061 -0.6461 0.6462
vn -0.7686 -0.4524 0.4524
vn -0.8862 -0.1446 0.4402
vn -0.3312 -0.9216 0.2022
vn -0.8862 -0.4402 0.1445
vn -0.7686 -0.4524 0.4524
vn -0.4061 -0.6461 0.6462
vn -0.9594 -0.1995 0.1995
vn -0.8862 -0.1446 0.4402
vn -0.7686 -0.4524 0.4524
vn -0.8862 -0.4402 0.1445
vn -0.9216 -0.2022 -0.3312
vn -0.6462 -0.6462 -0.4061
vn -0.4524 -0.4524 -0.7686
vn -0.4402 -0.1445 -0.8862
vn -0.2022 -0.9216 -0.3312
vn -0.1446 -0.4402 -0.8862
vn -0.4524 -0.4524 -0.7686
vn -0.6462 -0.6462 -0.4061
vn -0.1995 -0.1995 -0.9594
vn -0.4402 -0.1445 -0.8862
vn -0.4524 -0.4524 -0.7686
vn -0.1446 -0.4402 -0.8862
vn -0.2022 -0.9216 -0.3312
vn -0.1446 -0.4402 -0.8862
vn -0.4524 -0.4524 -0.7686
vn -0.6462 -0.6462 -0.4062
vn -0.1995 -0.1995 -0.9594
vn -0.4402 -0.1445 -0.8862
vn -0.4524 -0.4524 -0.7686
vn -0.1446 -0.4402 -0.8862
vn -0.9216 -0.2022 -0.3312
vn -0.6462 -0.6462 -0.4062
vn -0.4524 -0.4524 -0.7686
vn -0.4402 -0.1445 -0.8862
vn -0.9594 -0.1995 0.1995
vn -0.8862 -0.1445 0.4402
vn -0.7685 -0.4524 0.4524
vn -0.8862 -0.4402 0.1446
vn -0.3311 -0.2022 0.9217
vn -0.4061 -0.6462 0.6462
vn -0.7685 -0.4524 0.4524
vn -0.8862 -0.1445 0.4402
vn -0.3312 -0.9216 0.2022
vn -0.8862 -0.4402 0.1446
vn -0.7685 -0.4524 0.4524
vn -0.4061 -0.6462 0.6462
vn 0.2022 -0.9217 0.3311
vn 0.1446 -0.4403 0.8861
vn 0.4524 -0.4523 0.7686
vn 0.6461 -0.6462 0.4062
vn 0.1995 -0.1995 0.9594
vn 0.4402 -0.1445 0.8862
vn 0.4524 -0.4523 0.7686
vn 0.1446 -0.4403 0.8861
vn 0.9216 -0.2022 0.3312
vn 0.6461 -0.6462 0.4062
vn 0.4524 -0.4523 0.7686
vn 0.4402 -0.1445 0.8862
vn 0.2022 -0.9216 -0.3312
vn 0.6461 -0.6462 -0.4062
vn 0.4524 -0.4523 -0.7686
vn 0.1446 -0.4403 -0.8861
vn 0.9216 -0.2022 -0.3312
vn 0.4402 -0.1445 -0.8862
vn 0.4524 -0.4523 -0.7686
vn 0.6461 -0.6462 -0.4062
vn 0.1995 -0.1995 -0.9594
vn 0.1446 -0.4403 -0.8861
vn 0.4524 -0.4523 -0.7686
vn 0.4402 -0.1445 -0.8862
vn -0.3312 -0.9216 -0.2023
vn -0.4063 -0.6462 -0.6460
vn -0.7687 -0.4524 -0.4522
vn -0.8862 -0.4402 -0.1444
vn -0.3314 -0.2023 -0.9215
vn -0.8863 -0.1445 -0.4400
vn -0.7687 -0.4524 -0.4522
vn -0.4063 -0.6462 -0.6460
vn -0.9594 -0.1995 -0.1995
vn -0.8862 -0.4402 -0.1444
vn -0.7687 -0.4524 -0.4522
vn -0.8863 -0.1445 -0.4400
vn 0.3311 -0.9217 -0.2023
vn 0.8862 -0.4403 -0.1445
vn 0.7687 -0.4524 -0.4522
vn 0.4062 -0.6463 -0.6460
vn 0.9594 -0.1995 -0.1996
vn 0.8862 -0.1445 -0.4401
vn 0.7687 -0.4524 -0.4522
vn 0.8862 -0.4403 -0.1445
vn 0.3314 -0.2023 -0.9215
vn 0.4062 -0.6463 -0.6460
vn 0.7687 -0.4524 -0.4522
vn 0.8862 -0.1445 -0.4401
vn -0.3311 -0.9217 0.2022
vn -0.8862 -0.4403 0.1445
vn -0.7685 -0.4524 0.4525
vn -0.4061 -0.6461 0.6462
vn -0.9594 -0.1995 0.1995
vn -0.8862 -0.1445 0.4402
vn -0.7685 -0.4524 0.4525
vn -0.8862 -0.4403 0.1445
vn -0.3311 -0.2022 0.9217
vn -0.4061 -0.6461 0.6462
vn -0.7685 -0.4524 0.4525
vn -0.8862 -0.1445 0.4402
vn 0.3311 -0.9217 0.2022
vn 0.4061 -0.6461 0.6462
vn 0.7686 -0.4523 0.4525
vn 0.8862 -0.4402 0.1446
vn 0.3311 -0.2022 0.9217
vn 0.8861 -0.1445 0.4403
vn 0.7686 -0.4523 0.4525
vn 0.4061 -0.6461 0.6462
vn 0.9594 -0.1995 0.1996
vn 0.8862 -0.4402 0.1446
vn 0.7686 -0.4523 0.4525
vn 0.8861 -0.1445 0.4403
vn -0.9594 0.1995 0.1995
vn -0.8861 0.4403 0.1446
vn -0.7685 0.4524 0.4525
vn -0.8862 0.1445 0.4403
vn -0.3311 0.9217 0.2022
vn -0.4061 0.6462 0.6462
vn -0.7685 0.4524 0.4525
vn -0.8861 0.4403 0.1446
vn -0.3311 0.2022 0.9217
vn -0.8862 0.1445 0.4403
vn -0.7685 0.4524 0.4525
vn -0.4061 0.6462 0.6462
vn 0.3311 0.2022 0.9217
vn 0.4061 0.6462 0.6462
vn 0.7685 0.4524 0.4524
vn 0.8861 0.1446 0.4403
vn 0.3311 0.9217 0.2022
vn 0.8861 0.4403 0.1446
vn 0.7685 0.4524 0.4524
vn 0.4061 0.6462 0.6462
vn 0.9594 0.1995 0.1996
vn 0.8861 0.1446 0.4403
vn 0.7685 0.4524 0.4524
vn 0.8861 0.4403 0.1446
vn -0.9406 0.2401 0.2401
vn -0.6965 0.1726 0.6965
vn -0.5773 0.5774 0.5774
vn -0.6965 0.6965 0.1726
vn -0.2401 0.2401 0.9406
vn -0.1725 0.6965 0.6965
vn -0.5773 0.5774 0.5774
vn -0.6965 0.1726 0.6965
vn -0.2402 0.9406 0.2401
vn -0.6965 0.6965 0.1726
vn -0.5773 0.5774 0.5774
vn -0.1725 0.6965 0.6965
vn 0.9405 0.2402 0.2402
vn 0.6965 0.6965 0.1726
vn 0.5773 0.5774 0.5773
vn 0.6965 0.1726 0.6965
vn 0.2402 0.9406 0.2401
vn 0.1725 0.6965 0.6965
vn 0.5773 0.5774 0.5773
vn 0.6965 0.6965 0.1726
vn 0.2401 0.2401 0.9406
vn 0.6965 0.1726 0.6965
vn 0.5773 0.5774 0.5773
vn 0.1725 0.6965 0.6965
vn -0.9216 0.2022 0.3312
vn -0.6462 0.6462 0.4062
vn -0.4524 0.4524 0.7686
vn -0.4402 0.1446 0.8862
vn -0.2022 0.9216 0.3312
vn -0.1446 0.4403 0.8861
vn -0.4524 0.4524 0.7686
vn -0.6462 0.6462 0.4062
vn -0.1996 0.1996 0.9593
vn -0.4402 0.1446 0.8862
vn -0.4524 0.4524 0.7686
vn -0.1446 0.4403 0.8861
vn 0.9216 0.2022 0.3312
vn 0.4403 0.1445 0.8862
vn 0.4524 0.4524 0.7686
vn 0.6462 0.6462 0.4061
vn 0.1996 0.1995 0.9594
vn 0.1446 0.4402 0.8862
vn 0.4524 0.4524 0.7686
vn 0.4403 0.1445 0.8862
vn 0.2022 0.9216 0.3312
vn 0.6462 0.6462 0.4061
vn 0.4524 0.4524 0.7686
vn 0.1446 0.4402 0.8862
vn -0.9405 0.2402 0.2402
vn -0.6965 0.1725 0.6965
vn -0.5774 0.5773 0.5774
vn -0.6965 0.6965 0.1726
vn -0.2402 0.2401 0.9406
vn -0.1726 0.6964 0.6966
vn -0.5774 0.5773 0.5774
vn -0.6965 0.1725 0.6965
vn -0.2402 0.9406 0.2401
vn -0.6965 0.6965 0.1726
vn -0.5774 0.5773 0.5774
vn -0.1726 0.6964 0.6966
vn 0.9405 0.2402 0.2402
vn 0.6965 0.6965 0.1726
vn 0.5774 0.5773 0.5774
vn 0.6965 0.1726 0.6965
vn 0.2402 0.9406 0.2401
vn 0.1726 0.6965 0.6965
vn 0.5774 0.5773 0.5774
vn 0.6965 0.6965 0.1726
vn 0.2402 0.2401 0.9406
vn 0.6965 0.1726 0.6965
vn 0.5774 0.5773 0.5774
vn 0.1726 0.6965 0.6965
vn -0.9239 0.0000 -0.3827
vn -0.9239 0.0000 -0.3827
vn -0.7072 0.0000 -0.7070
vn -0.7072 0.0000 -0.7070
vn -0.7072 0.0000 -0.7070
vn -0.7072 0.0000 -0.7070
vn -0.3829 0.0000 -0.9238
vn -0.3829 0.0000 -0.9238
vn -0.3829 0.0000 -0.9238
vn -0.7072 0.0000 -0.7070
vn -0.7072 0.0000 -0.7070
vn -0.9239 0.0000 -0.3826
vn -0.3827 -0.0000 0.9239
vn -0.3827 -0.0000 0.9239
vn -0.7071 -0.0000 0.7071
vn -0.7071 -0.0000 0.7071
vn -0.7071 -0.0000 0.7071
vn -0.7071 -0.0000 0.7071
vn -0.9239 -0.0000 0.3826
vn -0.9239 -0.0000 0.3825
vn -0.3826 -0.0000 0.9239
vn -0.7072 -0.0000 0.7071
vn -0.7072 -0.0000 0.7071
vn -0.9240 -0.0000 0.3825
vn 0.9239 -0.0000 0.3826
vn 0.7071 -0.0000 0.7071
vn 0.7071 -0.0000 0.7071
vn 0.3826 -0.0000 0.9239
vn 0.9239 -0.0000 0.3827
vn 0.7071 -0.0000 0.7071
vn 0.7071 -0.0000 0.7071
vn 0.3827 -0.0000 0.9239
vn -0.9239 -0.0000 0.3827
vn -0.7071 -0.0000 0.7071
vn -0.7071 -0.0000 0.7071
vn -0.3827 -0.0000 0.9239
vn 0.3829 0.0000 -0.9238
vn 0.3830 0.0000 -0.9238
vn 0.7072 0.0000 -0.7070
vn 0.7072 0.0000 -0.7070
vn 0.7072 0.0000 -0.7070
vn 0.7072 0.0000 -0.7070
vn 0.9239 0.0000 -0.3827
vn 0.9239 0.0000 -0.3827
vn 0.9239 0.0000 -0.3827
vn 0.7072 0.0000 -0.7070
vn 0.7072 0.0000 -0.7070
vn 0.3829 0.0000 -0.9238
vn -0.3826 -0.0000 0.9239
vn -0.3826 -0.0000 0.9239
vn -0.7071 -0.0000 0.7071
vn -0.7071 -0.0000 0.7071
vn -0.7071 -0.0000 0.7071
vn -0.7071 -0.0000 0.7071
vn -0.9239 -0.0000 0.3826
vn -0.9239 -0.0000 0.3826
vn -0.3826 -0.0000 0.9239
vn -0.7071 -0.0000 0.7071
vn -0.7071 -0.0000 0.7071
vn -0.9239 -0.0000 0.3826
vn -0.9240 -0.0000 0.3825
vn -0.9239 -0.0000 0.3825
vn -0.7071 -0.0000 0.7071
vn -0.7072 -0.0000 0.7071
vn -0.7072 -0.0000 0.7071
vn -0.7071 -0.0000 0.7071
vn -0.3826 -0.0000 0.9239
vn -0.3826 -0.0000 0.9239
vn -0.9239 -0.0000 0.3826
vn -0.7071 -0.0000 0.7071
vn -0.7071 -0.0000 0.7071
vn -0.3826 -0.0000 0.9239
vn -0.3827 -0.0000 0.9239
vn -0.7071 -0.0000 0.7071
vn -0.7071 -0.0000 0.7071
vn -0.9239 -0.0000 0.3827
vn 0.3827 -0.0000 0.9239
vn 0.7071 -0.0000 0.7071
vn 0.7071 -0.0000 0.7071
vn 0.9239 -0.0000 0.3827
vn 0.8085 0.4159 0.4164
vn 0.8774 0.3390 0.3394
vn 0.8774 0.3390 0.3394
vn 0.9877 0.1107 0.1108
vn -0.9855 0.1199 0.1199
vn -0.8968 0.3126 0.3130
vn -0.8968 0.3126 0.3130
vn -0.8450 0.3780 0.3783
vn -0.8450 0.3780 0.3783
vn -0.8968 0.3126 0.3130
vn 0.8085 0.4159 0.4164
vn 0.8774 0.3390 0.3394
vn 0.3826 -0.0000 0.9239
vn 0.3826 -0.0000 0.9239
vn 0.7071 -0.0000 0.7071
vn 0.7071 -0.0000 0.7071
vn 0.7071 -0.0000 0.7071
vn 0.7071 -0.0000 0.7071
vn 0.9239 -0.0000 0.3826
vn 0.9239 -0.0000 0.3826
vn 0.9239 -0.0000 0.3826
vn 0.9239 -0.0000 0.3826
vn 0.7071 -0.0000 0.7071
vn 0.7071 -0.0000 0.7071
vn 0.7071 -0.0000 0.7071
vn 0.7071 -0.0000 0.7071
vn 0.3826 -0.0000 0.9239
vn 0.3826 -0.0000 0.9239
vn 0.3827 -0.0000 0.9239
vn 0.3826 -0.0000 0.9239
vn 0.7071 -0.0000 0.7071
vn 0.7071 -0.0000 0.7071
vn 0.7071 -0.0000 0.7071
vn 0.7071 -0.0000 0.7071
vn 0.9239 -0.0000 0.3827
vn 0.9239 -0.0000 0.3826
vn -0.9239 -0.0000 0.3827
vn -0.9238 -0.0000 0.3828
vn -0.7071 -0.0000 0.7071
vn -0.7071 -0.0000 0.7071
vn -0.7071 -0.0000 0.7071
vn -0.7071 -0.0000 0.7071
vn -0.3827 -0.0000 0.9239
vn -0.3827 -0.0000 0.9239
vn -0.3827 -0.0000 0.9239
vn -0.3827 -0.0000 0.9239
vn -0.7071 -0.0000 0.7071
vn -0.7071 -0.0000 0.7071
vn -0.7071 -0.0000 0.7071
vn -0.7071 -0.0000 0.7071
vn -0.9239 -0.0000 0.3827
vn -0.9239 -0.0000 0.3827
vn 0.9239 -0.0000 0.3827
vn 0.9239 -0.0000 0.3827
vn 0.7071 -0.0000 0.7071
vn 0.7071 -0.0000 0.7071
vn 0.7071 -0.0000 0.7071
vn 0.7071 -0.0000 0.7071
vn 0.3827 -0.0000 0.9239
vn 0.3827 -0.0000 0.9239
vn -0.9239 -0.0000 0.3827
vn -0.9239 -0.0000 0.3827
vn -0.7071 -0.0000 0.7071
vn -0.7071 -0.0000 0.7071
vn -0.7071 -0.0000 0.7071
vn -0.7071 -0.0000 0.7071
vn -0.3827 -0.0000 0.9239
vn -0.3827 -0.0000 0.9239
vn -0.3827 -0.0000 0.9239
vn -0.7071 -0.0000 0.7071
vn -0.7071 -0.0000 0.7071
vn -0.9239 -0.0000 0.3827
vn 0.3827 -0.0000 0.9239
vn 0.3827 -0.0000 0.9239
vn 0.7071 -0.0000 0.7071
vn 0.7071 -0.0000 0.7071
vn 0.7071 -0.0000 0.7071
vn 0.7071 -0.0000 0.7071
vn 0.9239 -0.0000 0.3827
vn 0.9239 -0.0000 0.3827
vn -0.9239 -0.0000 0.3827
vn -0.7071 -0.0000 0.7071
vn -0.7071 -0.0000 0.7071
vn -0.3827 -0.0000 0.9239
vn -0.3827 0.0000 -0.9239
vn -0.3827 0.0000 -0.9239
vn -0.7071 0.0000 -0.7071
vn -0.7071 0.0000 -0.7071
vn -0.7071 0.0000 -0.7071
vn -0.7071 0.0000 -0.7071
vn -0.9239 0.0000 -0.3827
vn -0.9239 0.0000 -0.3827
vn 0.3826 -0.0000 0.9239
vn 0.3826 -0.0000 0.9239
vn 0.7071 -0.0000 0.7071
vn 0.7071 -0.0000 0.7071
vn 0.7071 -0.0000 0.7071
vn 0.7071 -0.0000 0.7071
vn 0.9239 -0.0000 0.3827
vn 0.9239 -0.0000 0.3826
vn 0.3827 0.0000 -0.9239
vn 0.7071 0.0000 -0.7071
vn 0.7071 0.0000 -0.7071
vn 0.9239 0.0000 -0.3827
vn 0.9239 -0.0000 0.3826
vn 0.9239 -0.0000 0.3827
vn 0.7071 -0.0000 0.7071
vn 0.7071 -0.0000 0.7071
vn 0.7071 -0.0000 0.7071
vn 0.7071 -0.0000 0.7071
vn 0.3826 -0.0000 0.9239
vn 0.3826 -0.0000 0.9239
vn -0.3827 -0.0000 0.9239
vn -0.7071 -0.0000 0.7071
vn -0.7071 -0.0000 0.7071
vn -0.9239 -0.0000 0.3827
vn 0.9239 -0.0000 0.3827
vn 0.9239 -0.0000 0.3827
vn 0.7071 -0.0000 0.7071
vn 0.7071 -0.0000 0.7071
vn 0.7071 -0.0000 0.7071
vn 0.7071 -0.0000 0.7071
vn 0.3827 -0.0000 0.9239
vn 0.3827 -0.0000 0.9239
vn 0.3827 -0.0000 0.9239
vn 0.3827 -0.0000 0.9239
vn 0.7071 -0.0000 0.7071
vn 0.7071 -0.0000 0.7071
vn 0.7071 -0.0000 0.7071
vn 0.7071 -0.0000 0.7071
vn 0.9239 -0.0000 0.3827
vn 0.9239 -0.0000 0.3827
vn -0.9239 -0.0000 0.3827
vn -0.7071 -0.0000 0.7071
vn -0.7071 -0.0000 0.7071
vn -0.3827 -0.0000 0.9239
vn -0.3827 0.0000 -0.9239
vn -0.7071 0.0000 -0.7071
vn -0.7071 0.0000 -0.7071
vn -0.9239 0.0000 -0.3827
vn -0.3827 -0.0000 0.9239
vn -0.7071 -0.0000 0.7071
vn -0.7071 -0.0000 0.7071
vn -0.9239 -0.0000 0.3827
vn 0.9238 -0.0000 0.3828
vn 0.7071 -0.0000 0.7072
vn 0.7071 -0.0000 0.7072
vn 0.3826 -0.0000 0.9239
vn 0.9238 0.0000 -0.3828
vn 0.7070 0.0000 -0.7072
vn 0.7070 0.0000 -0.7072
vn 0.3826 0.0000 -0.9239
vn -0.3830 0.0000 -0.9238
vn -0.7072 0.0000 -0.7070
vn -0.7072 0.0000 -0.7070
vn -0.9239 0.0000 -0.3827
vn 0.9238 0.0000 -0.3829
vn 0.7071 0.0000 -0.7071
vn 0.7071 0.0000 -0.7071
vn 0.3830 0.0000 -0.9238
vn -0.3826 -0.0000 0.9239
vn -0.7071 -0.0000 0.7071
vn -0.7071 -0.0000 0.7071
vn -0.9239 -0.0000 0.3826
vn 0.3827 -0.0000 0.9239
vn 0.7071 -0.0000 0.7072
vn 0.7071 -0.0000 0.7072
vn 0.9238 -0.0000 0.3828
vn -0.3827 -0.0000 0.9239
vn -0.7071 -0.0000 0.7071
vn -0.7071 -0.0000 0.7071
vn -0.9239 -0.0000 0.3827
vn 0.3827 0.0000 -0.9239
vn 0.7071 0.0000 -0.7071
vn 0.7071 0.0000 -0.7071
vn 0.9239 0.0000 -0.3827
vn 0.3827 -0.0000 0.9239
vn 0.7071 -0.0000 0.7071
vn 0.7071 -0.0000 0.7071
vn 0.9239 -0.0000 0.3827
vn -0.9239 -0.0000 0.3827
vn -0.7071 -0.0000 0.7071
vn -0.7071 -0.0000 0.7071
vn -0.3827 -0.0000 0.9239
vn 0.9239 -0.0000 0.3827
vn 0.7071 -0.0000 0.7071
vn 0.7071 -0.0000 0.7071
vn 0.3827 -0.0000 0.9239
vn 0.3827 -0.0279 -0.9234
vn 0.2493 -0.1534 -0.9562
vn 0.6093 -0.0951 -0.7872
vn 0.7109 -0.0212 -0.7029
vn 0.7109 -0.0212 -0.7029
vn 0.6093 -0.0951 -0.7872
vn 0.9180 -0.0283 -0.3955
vn 0.9240 -0.0116 -0.3822
vn 0.2422 -0.2049 -0.9483
vn 0.5808 -0.1933 -0.7907
vn 0.5808 -0.1933 -0.7907
vn 0.8790 -0.1359 -0.4571
vn 0.3314 -0.3140 -0.8897
vn 0.6765 -0.2621 -0.6882
vn 0.6765 -0.2621 -0.6882
vn 0.9158 -0.1576 -0.3695
vn 0.3883 -0.4143 -0.8232
vn 0.7211 -0.3231 -0.6129
vn 0.7211 -0.3231 -0.6129
vn 0.9322 -0.1784 -0.3149
vn 0.4219 -0.5073 -0.7515
vn 0.7438 -0.3804 -0.5496
vn 0.7438 -0.3804 -0.5496
vn 0.9401 -0.1995 -0.2765
vn 0.4375 -0.5939 -0.6751
vn 0.7536 -0.4361 -0.4918
vn 0.7536 -0.4361 -0.4918
vn 0.9433 -0.2219 -0.2468
vn 0.4376 -0.6751 -0.5939
vn 0.7536 -0.4918 -0.4361
vn 0.7536 -0.4918 -0.4361
vn 0.9433 -0.2468 -0.2219
vn 0.4376 -0.6751 -0.5939
vn 0.4220 -0.7514 -0.5073
vn 0.7438 -0.5496 -0.3804
vn 0.7536 -0.4918 -0.4361
vn 0.7438 -0.5496 -0.3804
vn 0.9401 -0.2765 -0.1995
vn 0.3883 -0.8231 -0.4143
vn 0.7211 -0.6129 -0.3231
vn 0.7211 -0.6129 -0.3231
vn 0.9322 -0.3150 -0.1784
vn 0.3313 -0.8897 -0.3140
vn 0.6765 -0.6882 -0.2621
vn 0.6765 -0.6882 -0.2621
vn 0.9157 -0.3696 -0.1576
vn 0.2421 -0.9484 -0.2049
vn 0.5808 -0.7908 -0.1933
vn 0.5808 -0.7908 -0.1933
vn 0.8790 -0.4571 -0.1359
vn 0.2493 -0.9562 -0.1535
vn 0.6093 -0.7872 -0.0950
vn 0.6093 -0.7872 -0.0950
vn 0.9180 -0.3955 -0.0283
vn 0.3828 -0.9234 -0.0279
vn 0.7109 -0.7029 -0.0212
vn 0.7109 -0.7029 -0.0212
vn 0.9240 -0.3822 -0.0115
vn 0.3826 0.0000 -0.9239
vn 0.7071 0.0000 -0.7071
vn 0.7071 0.0000 -0.7071
vn 0.9240 0.0000 -0.3825
vn -0.0000 -0.9239 0.3827
vn -0.0000 -0.7071 0.7071
vn -0.0000 -0.7071 0.7071
vn -0.0000 -0.3826 0.9239
vn 0.0000 0.0000 -1.0000
vn 0.0000 0.0000 -1.0000
vn 0.0000 0.0000 -1.0000
vn 0.0000 0.0000 -1.0000
vn -1.0000 0.0000 -0.0000
vn -1.0000 0.0000 -0.0000
vn -1.0000 0.0000 -0.0000
vn -1.0000 0.0000 -0.0000
vn 0.0000 0.0000 -1.0000
vn 0.0000 0.0000 -1.0000
vn -1.0000 0.0000 -0.0000
vn -1.0000 0.0000 -0.0000
vn -1.0000 0.0000 -0.0000
vn -1.0000 0.0000 -0.0000
vn -0.0000 -0.0000 1.0000
vn -0.0000 -0.0000 1.0000
vn -0.0000 -0.0000 1.0000
vn -0.0000 -0.0000 1.0000
vn -1.0000 0.0000 -0.0000
vn -1.0000 0.0000 -0.0000
vn -0.0000 -0.0000 1.0000
vn -0.0000 -0.0000 1.0000
vn -0.0000 -0.0000 1.0000
vn -0.0000 -0.0000 1.0000
vn -0.0000 -0.0000 1.0000
vn -0.0000 -0.0000 1.0000
vn -0.0000 -0.0000 1.0000
vn -0.0000 -0.0000 1.0000
vn -0.0000 -0.0000 1.0000
vn -0.0000 -0.0000 1.0000
vn 0.0000 -1.0000 -0.0000
vn 0.0000 -0.9995 -0.0302
vn 0.0000 -0.9995 -0.0302
vn 0.0000 -1.0000 -0.0000
vn 1.0000 0.0000 0.0000
vn 1.0000 0.0000 0.0000
vn 1.0000 0.0000 0.0000
vn -1.0000 0.0000 -0.0000
vn -1.0000 0.0000 -0.0000
vn -0.0000 -0.0000 1.0000
vn -0.0000 -0.0000 1.0000
vn -0.0000 -0.0000 1.0000
vn -0.0000 -0.0000 1.0000
vn -1.0000 0.0000 -0.0000
vn -1.0000 0.0000 -0.0000
vn -0.0000 -0.0000 1.0000
vn -0.0000 -0.0000 1.0000
vn -1.0000 0.0000 -0.0000
vn -1.0000 0.0000 -0.0000
vn -1.0000 0.0000 -0.0000
vn -1.0000 0.0000 -0.0000
vn -0.0000 -0.0000 1.0000
vn -0.0000 -0.0000 1.0000
vn -0.0000 -0.0000 1.0000
vn -0.0000 -0.0000 1.0000
vn 0.0000 1.0000 0.0000
vn 0.0000 1.0000 0.0000
vn 0.0000 1.0000 0.0000
vn 0.0000 1.0000 0.0000
vn 1.0000 0.0000 0.0000
vn 1.0000 0.0000 0.0000
vn 1.0000 0.0000 0.0000
vn 1.0000 0.0000 0.0000
vn -0.0000 -0.0000 1.0000
vn -0.0000 -0.0000 1.0000
vn -0.0000 -0.0000 1.0000
vn -0.0000 -0.0000 1.0000
vn -0.0000 -0.0000 1.0000
vn -0.0000 -0.0000 1.0000
vn 0.0000 1.0000 0.0000
vn 0.0000 1.0000 0.0000
vn 0.0000 1.0000 0.0000
vn 0.0000 1.0000 0.0000
vn 1.0000 0.0000 0.0000
vn 1.0000 0.0000 0.0000
vn 1.0000 0.0000 0.0000
vn 1.0000 0.0000 0.0000
vn 0.0000 -1.0000 -0.0000
vn 0.0000 -1.0000 -0.0000
vn 0.0000 -1.0000 -0.0000
vn 0.0000 -1.0000 -0.0000
vn -1.0000 0.0000 -0.0000
vn -1.0000 0.0000 -0.0000
vn -1.0000 0.0000 -0.0000
vn -1.0000 0.0000 -0.0000
vn -0.0000 -0.0000 1.0000
vn -0.0000 -0.0000 1.0000
vn -0.0000 -0.0000 1.0000
vn -0.0000 -0.0000 1.0000
vn 1.0000 0.0000 0.0000
vn 1.0000 0.0000 0.0000
vn 1.0000 0.0000 0.0000
vn 1.0000 0.0000 0.0000
vn -0.0000 -0.0000 1.0000
vn -0.0000 -0.0000 1.0000
vn -0.0000 -0.0000 1.0000
vn -0.0000 -0.0000 1.0000
vn -0.0000 -0.0000 1.0000
vn -0.0000 -0.0000 1.0000
vn -0.0000 -0.0000 1.0000
vn -0.0000 -0.0000 1.0000
vn 1.0000 0.0000 0.0000
vn 1.0000 0.0000 0.0000
vn 1.0000 0.0000 0.0000
vn 1.0000 0.0000 0.0000
vn 0.0000 0.0000 -1.0000
vn 0.0000 0.0000 -1.0000
vn 0.0000 0.0000 -1.0000
vn 0.0000 0.0000 -1.0000
vn 1.0000 0.0000 0.0000
vn 1.0000 0.0000 0.0000
vn 1.0000 0.0000 0.0000
vn 1.0000 0.0000 0.0000
vn 1.0000 0.0000 0.0000
vn 1.0000 0.0000 0.0000
vn 1.0000 0.0000 0.0000
vn 1.0000 0.0000 0.0000
vn -0.0000 -0.0000 1.0000
vn -0.0000 -0.0000 1.0000
vn -0.0000 -0.0000 1.0000
vn -0.0000 -0.0000 1.0000
vn -1.0000 0.0000 -0.0000
vn -1.0000 0.0000 -0.0000
vn -1.0000 0.0000 -0.0000
vn -1.0000 0.0000 -0.0000
vn -1.0000 0.0000 -0.0000
vn -1.0000 0.0000 -0.0000
vn -1.0000 0.0000 -0.0000
vn -1.0000 0.0000 -0.0000
vn -0.0000 -0.0000 1.0000
vn -0.0000 -0.0000 1.0000
vn -0.0000 -0.0000 1.0000
vn -0.0000 -0.0000 1.0000
vn -0.0000 -0.0000 1.0000
vn -0.0000 -0.0000 1.0000
vn 1.0000 0.0000 0.0000
vn 1.0000 0.0000 0.0000
vn 1.0000 0.0000 0.0000
vn 1.0000 0.0000 0.0000
vn -0.0000 -0.0000 1.0000
vn -0.0000 -0.0000 1.0000
vn 1.0000 0.0000 0.0000
vn 1.0000 0.0000 0.0000
vn 1.0000 0.0000 0.0000
vn 1.0000 0.0000 0.0000
vn -0.0000 -0.0000 1.0000
vn -0.0000 -0.0000 1.0000
vn -0.0000 -0.0000 1.0000
vn -0.0000 -0.0000 1.0000
vn -0.0000 -0.0000 1.0000
vn -0.0000 -0.0000 1.0000
vn -0.0000 -0.0000 1.0000
vn -0.0000 -0.0000 1.0000
vn -0.0000 -0.0000 1.0000
vn -0.0000 -0.0000 1.0000
vn -0.0000 -0.0000 1.0000
vn -0.0000 -0.0000 1.0000
vn -1.0000 0.0000 -0.0000
vn -1.0000 0.0000 -0.0000
vn -1.0000 0.0000 -0.0000
vn -1.0000 0.0000 -0.0000
vn -1.0000 0.0000 -0.0000
vn -1.0000 0.0000 -0.0000
vn -1.0000 0.0000 -0.0000
vn -1.0000 0.0000 -0.0000
vn 0.0000 0.0000 -1.0000
vn 0.0000 0.0000 -1.0000
vn -1.0000 0.0000 -0.0000
vn -1.0000 0.0000 -0.0000
vn 1.0000 0.0000 0.0000
vn 1.0000 0.0000 0.0000
vn 0.0000 0.0000 -1.0000
vn 0.0000 0.0000 -1.0000
vn 0.0000 -1.0000 -0.0000
vn 0.0000 -1.0000 -0.0000
vn 0.0000 -1.0000 -0.0000
vn 0.0000 -1.0000 -0.0000
vn 1.0000 0.0000 0.0000
vn 1.0000 0.0000 0.0000
vn -0.0000 -0.0000 1.0000
vn -0.0000 -0.0000 1.0000
vn 0.0000 -1.0000 -0.0000
vn 0.0000 -1.0000 -0.0000
vn 0.0000 -1.0000 -0.0000
vn 0.0000 -1.0000 -0.0000
vn -1.0000 0.0000 -0.0000
vn -1.0000 0.0000 -0.0000
vn 0.0000 0.0000 -1.0000
vn 0.0000 0.0000 -1.0000
vn 0.0000 0.0000 -1.0000
vn 0.0000 0.0000 -1.0000
vn -1.0000 0.0000 -0.0000
vn 0.0000 0.0000 -1.0000
vn 0.0000 -1.0000 -0.0000
vn 0.0000 -1.0000 -0.0000
vn 0.0000 -1.0000 -0.0000
vn 0.0000 -1.0000 -0.0000
vn -1.0000 0.0000 -0.0000
vn -1.0000 0.0000 -0.0000
vn -1.0000 0.0000 -0.0000
vn -1.0000 0.0000 -0.0000
vn -0.0000 -0.0000 1.0000
vn -0.0000 -0.0000 1.0000
vn -0.0000 -0.0000 1.0000
vn -0.0000 -0.0000 1.0000
vn -0.0000 -0.0000 1.0000
vn -0.0000 -0.0000 1.0000
vn 1.0000 0.0000 0.0000
vn 1.0000 0.0000 0.0000
vn 1.0000 0.0000 0.0000
vn 1.0000 0.0000 0.0000
vn -0.0000 -0.0000 1.0000
vn -0.0000 -0.0000 1.0000
vn 0.0000 0.0000 -1.0000
vn 0.0000 0.0000 -1.0000
vn 0.0000 0.0000 -1.0000
vn 0.0000 0.0000 -1.0000
vn -1.0000 0.0000 -0.0000
vn -1.0000 0.0000 -0.0000
vn -1.0000 0.0000 -0.0000
vn -1.0000 0.0000 -0.0000
vn 0.0000 0.0000 -1.0000
vn 0.0000 0.0000 -1.0000
vn 0.0000 0.0000 -1.0000
vn 0.0000 0.0000 -1.0000
vn 1.0000 0.0000 0.0000
vn 1.0000 0.0000 0.0000
vn 1.0000 0.0000 0.0000
vn 1.0000 0.0000 0.0000
vn -1.0000 0.0000 -0.0000
vn -1.0000 0.0000 -0.0000
vn -1.0000 0.0000 -0.0000
vn -1.0000 0.0000 -0.0000
vn -0.0000 -0.0000 1.0000
vn -0.0000 -0.0000 1.0000
vn -0.0000 -0.0000 1.0000
vn -0.0000 -0.0000 1.0000
vn 1.0000 0.0000 0.0000
vn 1.0000 0.0000 0.0000
vn 1.0000 0.0000 0.0000
vn 1.0000 0.0000 0.0000
vn -1.0000 0.0000 -0.0000
vn -1.0000 0.0000 -0.0000
vn -1.0000 0.0000 -0.0000
vn -1.0000 0.0000 -0.0000
vn 0.0000 1.0000 0.0000
vn 0.0000 1.0000 0.0000
vn 0.0000 1.0000 0.0000
vn 0.0000 1.0000 0.0000
vn 1.0000 0.0000 0.0000
vn 1.0000 0.0000 0.0000
vn 1.0000 0.0000 0.0000
vn 1.0000 0.0000 0.0000
vn -0.0000 -0.0000 1.0000
vn -0.0000 -0.0000 1.0000
vn -0.0000 -0.0000 1.0000
vn -0.0000 -0.0000 1.0000
vn 1.0000 0.0000 0.0000
vn 1.0000 0.0000 0.0000
vn 1.0000 0.0000 0.0000
vn 1.0000 0.0000 0.0000
vn -1.0000 0.0000 -0.0000
vn -1.0000 0.0000 -0.0000
vn -1.0000 0.0000 -0.0000
vn -1.0000 0.0000 -0.0000
vn 0.0000 1.0000 0.0000
vn 0.0000 1.0000 0.0000
vn 0.0000 1.0000 0.0000
vn 0.0000 1.0000 0.0000
vn -0.0000 -0.0000 1.0000
vn -0.0000 -0.0000 1.0000
vn -0.0000 -0.0000 1.0000
vn -0.0000 -0.0000 1.0000
vn 0.0000 -0.0302 -0.9995
vn 0.0000 0.0000 -1.0000
vn 0.0000 0.0000 -1.0000
vn 0.0000 -0.0302 -0.9995
vn 0.0000 -0.1205 -0.9927
vn 0.0000 -0.1205 -0.9927
vn 0.0000 -0.9927 -0.1205
vn 0.0000 -0.9927 -0.1205
vn 0.0000 -0.2393 -0.9709
vn 0.0000 -0.2393 -0.9709
vn 0.0000 -0.3546 -0.9350
vn 0.0000 -0.3546 -0.9350
vn 0.0000 -0.4647 -0.8855
vn 0.0000 -0.4647 -0.8855
vn 0.0000 -0.5681 -0.8230
vn 0.0000 -0.5681 -0.8230
vn 0.0000 -0.6631 -0.7485
vn 0.0000 -0.6631 -0.7485
vn 0.0000 -0.7485 -0.6631
vn 0.0000 -0.7485 -0.6631
vn 0.0000 -0.8230 -0.5681
vn 0.0000 -0.8230 -0.5681
vn 0.0000 -0.7485 -0.6631
vn 0.0000 -0.7485 -0.6631
vn 0.0000 -0.8855 -0.4647
vn 0.0000 -0.8855 -0.4647
vn 0.0000 -0.9350 -0.3546
vn 0.0000 -0.9350 -0.3546
vn 0.0000 -0.9709 -0.2393
vn 0.0000 -0.9709 -0.2393
vn 1.0000 0.0000 0.0000
vn 1.0000 0.0000 0.0000
vn 1.0000 0.0000 0.0000
vn 1.0000 0.0000 0.0000
f 1419/1419/1419 1420/1420/1420 1421/1421/1421
f 1422/1422/1422 1423/1423/1423 1419/1419/1419
f 1419/1419/1419 1421/1421/1421 1424/1424/1424
f 1419/1419/1419 1424/1424/1424 1425/1425/1425
f 1419/1419/1419 1425/1425/1425 1426/1426/1426
f 1419/1419/1419 1426/1426/1426 1427/1427/1427
f 1419/1419/1419 1427/1427/1427 1428/1428/1428
f 1419/1419/1419 1428/1428/1428 1429/1429/1429
f 1429/1429/1429 1430/1430/1430 1419/1419/1419
f 1430/1430/1430 1431/1431/1431 1419/1419/1419
f 1431/1431/1431 1432/1432/1432 1419/1419/1419
f 1432/1432/1432 1433/1433/1433 1419/1419/1419
f 1433/1433/1433 1422/1422/1422 1419/1419/1419
f 1434/1434/1434 1435/1435/1435 1436/1436/1436
f 1434/1434/1434 1436/1436/1436 1437/1437/1437
f 1438/1438/1438 1439/1439/1439 1440/1440/1440
f 1438/1438/1438 1440/1440/1440 1441/1441/1441
f 1442/1442/1442 1443/1443/1443 1444/1444/1444
f 1442/1442/1442 1444/1444/1444 1445/1445/1445
f 1446/1446/1446 1447/1447/1447 1448/1448/1448
f 1446/1446/1446 1448/1448/1448 1449/1449/1449
f 1450/1450/1450 1451/1451/1451 1452/1452/1452
f 1450/1450/1450 1452/1452/1452 1453/1453/1453
f 1454/1454/1454 1455/1455/1455 1456/1456/1456
f 1454/1454/1454 1456/1456/1456 1457/1457/1457
f 1458/1458/1458 1459/1459/1459 1460/1460/1460
f 1458/1458/1458 1460/1460/1460 1461/1461/1461
f 1462/1462/1462 1463/1463/1463 1464/1464/1464
f 1462/1462/1462 1464/1464/1464 1465/1465/1465
f 1466/1466/1466 1467/1467/1467 1468/1468/1468
f 1466/1466/1466 1468/1468/1468 1469/1469/1469
f 1470/1470/1470 1471/1471/1471 1472/1472/1472
f 1470/1470/1470 1472/1472/1472 1473/1473/1473
f 1474/1474/1474 1475/1475/1475 1476/1476/1476
f 1474/1474/1474 1476/1476/1476 1477/1477/1477
f 1478/1478/1478 1479/1479/1479 1480/1480/1480
f 1478/1478/1478 1480/1480/1480 1481/1481/1481
f 1482/1482/1482 1483/1483/1483 1484/1484/1484
f 1482/1482/1482 1484/1484/1484 1485/1485/1485
f 1486/1486/1486 1487/1487/1487 1488/1488/1488
f 1486/1486/1486 1488/1488/1488 1489/1489/1489
f 1490/1490/1490 1491/1491/1491 1492/1492/1492
f 1490/1490/1490 1492/1492/1492 1493/1493/1493
f 1494/1494/1494 1495/1495/1495 1496/1496/1496
f 1494/1494/1494 1496/1496/1496 1497/1497/1497
f 1498/1498/1498 1499/1499/1499 1500/1500/1500
f 1498/1498/1498 1500/1500/1500 1501/1501/1501
f 1502/1502/1502 1503/1503/1503 1504/1504/1504
f 1502/1502/1502 1504/1504/1504 1505/1505/1505
f 1506/1506/1506 1507/1507/1507 1508/1508/1508
f 1506/1506/1506 1508/1508/1508 1509/1509/1509
f 1510/1510/1510 1511/1511/1511 1512/1512/1512
f 1510/1510/1510 1512/1512/1512 1513/1513/1513
f 1514/1514/1514 1515/1515/1515 1516/1516/1516
f 1514/1514/1514 1516/1516/1516 1517/1517/1517
f 1518/1518/1518 1519/1519/1519 1520/1520/1520
f 1518/1518/1518 1520/1520/1520 1521/1521/1521
f 1522/1522/1522 1523/1523/1523 1524/1524/1524
f 1522/1522/1522 1524/1524/1524 1525/1525/1525
f 1526/1526/1526 1527/1527/1527 1528/1528/1528
f 1526/1526/1526 1528/1528/1528 1529/1529/1529
f 1530/1530/1530 1531/1531/1531 1532/1532/1532
f 1530/1530/1530 1532/1532/1532 1533/1533/1533
f 1534/1534/1534 1535/1535/1535 1536/1536/1536
f 1534/1534/1534 1536/1536/1536 1537/1537/1537
f 1538/1538/1538 1539/1539/1539 1540/1540/1540
f 1538/1538/1538 1540/1540/1540 1541/1541/1541
f 1542/1542/1542 1543/1543/1543 1544/1544/1544
f 1542/1542/1542 1544/1544/1544 1545/1545/1545
f 1546/1546/1546 1547/1547/1547 1548/1548/1548
f 1546/1546/1546 1548/1548/1548 1549/1549/1549
f 1550/1550/1550 1551/1551/1551 1552/1552/1552
f 1550/1550/1550 1552/1552/1552 1553/1553/1553
f 1554/1554/1554 1555/1555/1555 1556/1556/1556
f 1554/1554/1554 1556/1556/1556 1557/1557/1557
f 1558/1558/1558 1559/1559/1559 1560/1560/1560
f 1558/1558/1558 1560/1560/1560 1561/1561/1561
f 1562/1562/1562 1563/1563/1563 1564/1564/1564
f 1562/1562/1562 1564/1564/1564 1565/1565/1565
f 1566/1566/1566 1567/1567/1567 1568/1568/1568
f 1566/1566/1566 1568/1568/1568 1569/1569/1569
f 1570/1570/1570 1571/1571/1571 1572/1572/1572
f 1570/1570/1570 1572/1572/1572 1573/1573/1573
f 1574/1574/1574 1575/1575/1575 1576/1576/1576
f 1574/1574/1574 1576/1576/1576 1577/1577/1577
f 1578/1578/1578 1579/1579/1579 1580/1580/1580
f 1578/1578/1578 1580/1580/1580 1581/1581/1581
f 1582/1582/1582 1583/1583/1583 1584/1584/1584
f 1582/1582/1582 1584/1584/1584 1585/1585/1585
f 1586/1586/1586 1587/1587/1587 1588/1588/1588
f 1586/1586/1586 1588/1588/1588 1589/1589/1589
f 1590/1590/1590 1591/1591/1591 1592/1592/1592
f 1590/1590/1590 1592/1592/1592 1593/1593/1593
f 1594/1594/1594 1595/1595/1595 1596/1596/1596
f 1594/1594/1594 1596/1596/1596 1597/1597/1597
f 1598/1598/1598 1599/1599/1599 1600/1600/1600
f 1598/1598/1598 1600/1600/1600 1601/1601/1601
f 1602/1602/1602 1603/1603/1603 1604/1604/1604
f 1602/1602/1602 1604/1604/1604 1605/1605/1605
f 1606/1606/1606 1607/1607/1607 1608/1608/1608
f 1606/1606/1606 1608/1608/1608 1609/1609/1609
f 1610/1610/1610 1611/1611/1611 1612/1612/1612
f 1610/1610/1610 1612/1612/1612 1613/1613/1613
f 1614/1614/1614 1615/1615/1615 1616/1616/1616
f 1614/1614/1614 1616/1616/1616 1617/1617/1617
f 1618/1618/1618 1619/1619/1619 1620/1620/1620
f 1618/1618/1618 1620/1620/1620 1621/1621/1621
f 1622/1622/1622 1623/1623/1623 1624/1624/1624
f 1622/1622/1622 1624/1624/1624 1625/1625/1625
f 1626/1626/1626 1627/1627/1627 1628/1628/1628
f 1626/1626/1626 1628/1628/1628 1629/1629/1629
f 1630/1630/1630 1631/1631/1631 1632/1632/1632
f 1630/1630/1630 1632/1632/1632 1633/1633/1633
f 1634/1634/1634 1635/1635/1635 1636/1636/1636
f 1634/1634/1634 1636/1636/1636 1637/1637/1637
f 1638/1638/1638 1639/1639/1639 1640/1640/1640
f 1638/1638/1638 1640/1640/1640 1641/1641/1641
f 1642/1642/1642 1643/1643/1643 1644/1644/1644
f 1642/1642/1642 1644/1644/1644 1645/1645/1645
f 1646/1646/1646 1647/1647/1647 1648/1648/1648
f 1646/1646/1646 1648/1648/1648 1649/1649/1649
f 1650/1650/1650 1651/1651/1651 1652/1652/1652
f 1650/1650/1650 1652/1652/1652 1653/1653/1653
f 1654/1654/1654 1655/1655/1655 1656/1656/1656
f 1654/1654/1654 1656/1656/1656 1657/1657/1657
f 1658/1658/1658 1659/1659/1659 1660/1660/1660
f 1658/1658/1658 1660/1660/1660 1661/1661/1661
f 1662/1662/1662 1663/1663/1663 1664/1664/1664
f 1662/1662/1662 1664/1664/1664 1665/1665/1665
f 1666/1666/1666 1667/1667/1667 1668/1668/1668
f 1666/1666/1666 1668/1668/1668 1669/1669/1669
f 1670/1670/1670 1671/1671/1671 1672/1672/1672
f 1670/1670/1670 1672/1672/1672 1673/1673/1673
f 1674/1674/1674 1675/1675/1675 1676/1676/1676
f 1674/1674/1674 1676/1676/1676 1677/1677/1677
f 1678/1678/1678 1679/1679/1679 1680/1680/1680
f 1678/1678/1678 1680/1680/1680 1681/1681/1681
f 1682/1682/1682 1683/1683/1683 1684/1684/1684
f 1682/1682/1682 1684/1684/1684 1685/1685/1685
f 1686/1686/1686 1687/1687/1687 1688/1688/1688
f 1686/1686/1686 1688/1688/1688 1689/1689/1689
f 1690/1690/1690 1691/1691/1691 1692/1692/1692
f 1690/1690/1690 1692/1692/1692 1693/1693/1693
f 1694/1694/1694 1695/1695/1695 1696/1696/1696
f 1694/1694/1694 1696/1696/1696 1697/1697/1697
f 1698/1698/1698 1699/1699/1699 1700/1700/1700
f 1698/1698/1698 1700/1700/1700 1701/1701/1701
f 1702/1702/1702 1703/1703/1703 1704/1704/1704
f 1702/1702/1702 1704/1704/1704 1705/1705/1705
f 1706/1706/1706 1707/1707/1707 1708/1708/1708
f 1706/1706/1706 1708/1708/1708 1709/1709/1709
f 1710/1710/1710 1711/1711/1711 1712/1712/1712
f 1710/1710/1710 1712/1712/1712 1713/1713/1713
f 1714/1714/1714 1715/1715/1715 1716/1716/1716
f 1714/1714/1714 1716/1716/1716 1717/1717/1717
f 1718/1718/1718 1719/1719/1719 1720/1720/1720
f 1718/1718/1718 1720/1720/1720 1721/1721/1721
f 1722/1722/1722 1723/1723/1723 1724/1724/1724
f 1722/1722/1722 1724/1724/1724 1725/1725/1725
f 1726/1726/1726 1727/1727/1727 1728/1728/1728
f 1726/1726/1726 1728/1728/1728 1729/1729/1729
f 1730/1730/1730 1731/1731/1731 1732/1732/1732
f 1730/1730/1730 1732/1732/1732 1733/1733/1733
f 1734/1734/1734 1735/1735/1735 1736/1736/1736
f 1734/1734/1734 1736/1736/1736 1737/1737/1737
f 1738/1738/1738 1739/1739/1739 1740/1740/1740
f 1738/1738/1738 1740/1740/1740 1741/1741/1741
f 1742/1742/1742 1743/1743/1743 1744/1744/1744
f 1742/1742/1742 1744/1744/1744 1745/1745/1745
f 1746/1746/1746 1747/1747/1747 1748/1748/1748
f 1746/1746/1746 1748/1748/1748 1749/1749/1749
f 1750/1750/1750 1751/1751/1751 1752/1752/1752
f 1750/1750/1750 1752/1752/1752 1753/1753/1753
f 1754/1754/1754 1755/1755/1755 1756/1756/1756
f 1754/1754/1754 1756/1756/1756 1757/1757/1757
f 1758/1758/1758 1759/1759/1759 1760/1760/1760
f 1758/1758/1758 1760/1760/1760 1761/1761/1761
f 1762/1762/1762 1763/1763/1763 1764/1764/1764
f 1762/1762/1762 1764/1764/1764 1765/1765/1765
f 1766/1766/1766 1767/1767/1767 1768/1768/1768
f 1766/1766/1766 1768/1768/1768 1769/1769/1769
f 1770/1770/1770 1771/1771/1771 1772/1772/1772
f 1770/1770/1770 1772/1772/1772 1773/1773/1773
f 1774/1774/1774 1775/1775/1775 1776/1776/1776
f 1774/1774/1774 1776/1776/1776 1777/1777/1777
f 1778/1778/1778 1779/1779/1779 1780/1780/1780
f 1778/1778/1778 1780/1780/1780 1781/1781/1781
f 1782/1782/1782 1783/1783/1783 1784/1784/1784
f 1782/1782/1782 1784/1784/1784 1785/1785/1785
f 1786/1786/1786 1787/1787/1787 1788/1788/1788
f 1786/1786/1786 1788/1788/1788 1789/1789/1789
f 1790/1790/1790 1791/1791/1791 1792/1792/1792
f 1790/1790/1790 1792/1792/1792 1793/1793/1793
f 1794/1794/1794 1795/1795/1795 1796/1796/1796
f 1794/1794/1794 1796/1796/1796 1797/1797/1797
f 1798/1798/1798 1799/1799/1799 1800/1800/1800
f 1798/1798/1798 1800/1800/1800 1801/1801/1801
f 1802/1802/1802 1803/1803/1803 1804/1804/1804
f 1802/1802/1802 1804/1804/1804 1805/1805/1805
f 1806/1806/1806 1807/1807/1807 1808/1808/1808
f 1806/1806/1806 1808/1808/1808 1809/1809/1809
f 1810/1810/1810 1811/1811/1811 1812/1812/1812
f 1810/1810/1810 1812/1812/1812 1813/1813/1813
f 1814/1814/1814 1815/1815/1815 1816/1816/1816
f 1814/1814/1814 1816/1816/1816 1817/1817/1817
f 1818/1818/1818 1819/1819/1819 1820/1820/1820
f 1818/1818/1818 1820/1820/1820 1821/1821/1821
f 1821/1821/1821 1822/1822/1822 1823/1823/1823
f 1821/1821/1821 1823/1823/1823 1818/1818/1818
f 1817/1817/1817 1824/1824/1824 1825/1825/1825
f 1817/1817/1817 1825/1825/1825 1814/1814/1814
f 1826/1826/1826 1827/1827/1827 1828/1828/1828
f 1826/1826/1826 1828/1828/1828 1829/1829/1829
f 1830/1830/1830 1831/1831/1831 1832/1832/1832
f 1830/1830/1830 1832/1832/1832 1833/1833/1833
f 1834/1834/1834 1826/1826/1826 1829/1829/1829
f 1834/1834/1834 1829/1829/1829 1835/1835/1835
f 1836/1836/1836 1830/1830/1830 1833/1833/1833
f 1836/1836/1836 1833/1833/1833 1837/1837/1837
f 1838/1838/1838 1442/1442/1442 1445/1445/1445
f 1838/1838/1838 1445/1445/1445 1839/1839/1839
f 1840/1840/1840 1451/1451/1451 1450/1450/1450
f 1840/1840/1840 1450/1450/1450 1841/1841/1841
f 1454/1454/1454 1494/1494/1494 1497/1497/1497
f 1454/1454/1454 1497/1497/1497 1455/1455/1455
f 1461/1461/1461 1491/1491/1491 1490/1490/1490
f 1461/1461/1461 1490/1490/1490 1458/1458/1458
f 1842/1842/1842 1466/1466/1466 1469/1469/1469
f 1842/1842/1842 1469/1469/1469 1843/1843/1843
f 1844/1844/1844 1475/1475/1475 1474/1474/1474
f 1844/1844/1844 1474/1474/1474 1845/1845/1845
f 1458/1458/1458 1846/1846/1846 1847/1847/1847
f 1458/1458/1458 1847/1847/1847 1459/1459/1459
f 1465/1465/1465 1848/1848/1848 1849/1849/1849
f 1465/1465/1465 1849/1849/1849 1462/1462/1462
f 1850/1850/1850 1851/1851/1851 1852/1852/1852
f 1850/1850/1850 1852/1852/1852 1853/1853/1853
f 1854/1854/1854 1855/1855/1855 1856/1856/1856
f 1854/1854/1854 1856/1856/1856 1857/1857/1857
f 1857/1857/1857 1858/1858/1858 1859/1859/1859
f 1857/1857/1857 1859/1859/1859 1854/1854/1854
f 1853/1853/1853 1860/1860/1860 1861/1861/1861
f 1853/1853/1853 1861/1861/1861 1850/1850/1850
f 1862/1862/1862 1863/1863/1863 1864/1864/1864
f 1862/1862/1862 1864/1864/1864 1865/1865/1865
f 1866/1866/1866 1867/1867/1867 1868/1868/1868
f 1866/1866/1866 1868/1868/1868 1869/1869/1869
f 1863/1863/1863 1870/1870/1870 1871/1871/1871
f 1863/1863/1863 1871/1871/1871 1864/1864/1864
f 1867/1867/1867 1872/1872/1872 1873/1873/1873
f 1867/1867/1867 1873/1873/1873 1868/1868/1868
f 1874/1874/1874 1875/1875/1875 1876/1876/1876
f 1874/1874/1874 1876/1876/1876 1877/1877/1877
f 1878/1878/1878 1879/1879/1879 1880/1880/1880
f 1878/1878/1878 1880/1880/1880 1881/1881/1881
f 1875/1875/1875 1882/1882/1882 1883/1883/1883
f 1875/1875/1875 1883/1883/1883 1876/1876/1876
f 1879/1879/1879 1884/1884/1884 1885/1885/1885
f 1879/1879/1879 1885/1885/1885 1880/1880/1880
f 1470/1470/1470 1454/1454/1454 1457/1457/1457
f 1470/1470/1470 1457/1457/1457 1471/1471/1471
f 1477/1477/1477 1463/1463/1463 1462/1462/1462
f 1477/1477/1477 1462/1462/1462 1474/1474/1474
f 1486/1486/1486 1470/1470/1470 1473/1473/1473
f 1486/1486/1486 1473/1473/1473 1487/1487/1487
f 1481/1481/1481 1467/1467/1467 1466/1466/1466
f 1481/1481/1481 1466/1466/1466 1478/1478/1478
f 1482/1482/1482 1498/1498/1498 1501/1501/1501
f 1482/1482/1482 1501/1501/1501 1483/1483/1483
f 1489/1489/1489 1495/1495/1495 1494/1494/1494
f 1489/1489/1489 1494/1494/1494 1486/1486/1486
f 1498/1498/1498 1886/1886/1886 1887/1887/1887
f 1498/1498/1498 1887/1887/1887 1499/1499/1499
f 1493/1493/1493 1888/1888/1888 1889/1889/1889
f 1493/1493/1493 1889/1889/1889 1490/1490/1490
f 1890/1890/1890 1482/1482/1482 1485/1485/1485
f 1890/1890/1890 1485/1485/1485 1891/1891/1891
f 1892/1892/1892 1479/1479/1479 1478/1478/1478
f 1892/1892/1892 1478/1478/1478 1893/1893/1893
f 1522/1522/1522 1506/1506/1506 1509/1509/1509
f 1522/1522/1522 1509/1509/1509 1523/1523/1523
f 1517/1517/1517 1503/1503/1503 1502/1502/1502
f 1517/1517/1517 1502/1502/1502 1514/1514/1514
f 1506/1506/1506 1894/1894/1894 1895/1895/1895
f 1506/1506/1506 1895/1895/1895 1507/1507/1507
f 1513/1513/1513 1896/1896/1896 1897/1897/1897
f 1513/1513/1513 1897/1897/1897 1510/1510/1510
f 1518/1518/1518 1898/1898/1898 1899/1899/1899
f 1518/1518/1518 1899/1899/1899 1519/1519/1519
f 1525/1525/1525 1900/1900/1900 1901/1901/1901
f 1525/1525/1525 1901/1901/1901 1522/1522/1522
f 1526/1526/1526 1538/1538/1538 1541/1541/1541
f 1526/1526/1526 1541/1541/1541 1527/1527/1527
f 1533/1533/1533 1547/1547/1547 1546/1546/1546
f 1533/1533/1533 1546/1546/1546 1530/1530/1530
f 1542/1542/1542 1550/1550/1550 1553/1553/1553
f 1542/1542/1542 1553/1553/1553 1543/1543/1543
f 1549/1549/1549 1559/1559/1559 1558/1558/1558
f 1549/1549/1549 1558/1558/1558 1546/1546/1546
f 1554/1554/1554 1562/1562/1562 1565/1565/1565
f 1554/1554/1554 1565/1565/1565 1555/1555/1555
f 1561/1561/1561 1571/1571/1571 1570/1570/1570
f 1561/1561/1561 1570/1570/1570 1558/1558/1558
f 1530/1530/1530 1570/1570/1570 1573/1573/1573
f 1530/1530/1530 1573/1573/1573 1531/1531/1531
f 1537/1537/1537 1567/1567/1567 1566/1566/1566
f 1537/1537/1537 1566/1566/1566 1534/1534/1534
f 1510/1510/1510 1542/1542/1542 1545/1545/1545
f 1510/1510/1510 1545/1545/1545 1511/1511/1511
f 1505/1505/1505 1539/1539/1539 1538/1538/1538
f 1505/1505/1505 1538/1538/1538 1502/1502/1502
f 1534/1534/1534 1518/1518/1518 1521/1521/1521
f 1534/1534/1534 1521/1521/1521 1535/1535/1535
f 1529/1529/1529 1515/1515/1515 1514/1514/1514
f 1529/1529/1529 1514/1514/1514 1526/1526/1526
f 1562/1562/1562 1902/1902/1902 1903/1903/1903
f 1562/1562/1562 1903/1903/1903 1563/1563/1563
f 1569/1569/1569 1899/1899/1899 1898/1898/1898
f 1569/1569/1569 1898/1898/1898 1566/1566/1566
f 1904/1904/1904 1554/1554/1554 1557/1557/1557
f 1904/1904/1904 1557/1557/1557 1905/1905/1905
f 1896/1896/1896 1551/1551/1551 1550/1550/1550
f 1896/1896/1896 1550/1550/1550 1897/1897/1897
f 1906/1906/1906 1907/1907/1907 1908/1908/1908
f 1906/1906/1906 1908/1908/1908 1909/1909/1909
f 1910/1910/1910 1911/1911/1911 1912/1912/1912
f 1910/1910/1910 1912/1912/1912 1913/1913/1913
f 1914/1914/1914 1915/1915/1915 1916/1916/1916
f 1914/1914/1914 1916/1916/1916 1917/1917/1917
f 1918/1918/1918 1919/1919/1919 1920/1920/1920
f 1918/1918/1918 1920/1920/1920 1921/1921/1921
f 1922/1922/1922 1923/1923/1923 1924/1924/1924
f 1922/1922/1922 1924/1924/1924 1925/1925/1925
f 1926/1926/1926 1927/1927/1927 1928/1928/1928
f 1926/1926/1926 1928/1928/1928 1929/1929/1929
f 1930/1930/1930 1931/1931/1931 1932/1932/1932
f 1930/1930/1930 1932/1932/1932 1933/1933/1933
f 1934/1934/1934 1935/1935/1935 1936/1936/1936
f 1934/1934/1934 1936/1936/1936 1937/1937/1937
f 1938/1938/1938 1939/1939/1939 1940/1940/1940
f 1938/1938/1938 1940/1940/1940 1941/1941/1941
f 1942/1942/1942 1943/1943/1943 1944/1944/1944
f 1942/1942/1942 1944/1944/1944 1945/1945/1945
f 1946/1946/1946 1947/1947/1947 1948/1948/1948
f 1946/1946/1946 1948/1948/1948 1949/1949/1949
f 1950/1950/1950 1951/1951/1951 1952/1952/1952
f 1950/1950/1950 1952/1952/1952 1953/1953/1953
f 1954/1954/1954 1955/1955/1955 1956/1956/1956
f 1954/1954/1954 1956/1956/1956 1957/1957/1957
f 1958/1958/1958 1959/1959/1959 1960/1960/1960
f 1958/1958/1958 1960/1960/1960 1961/1961/1961
f 1962/1962/1962 1938/1938/1938 1941/1941/1941
f 1962/1962/1962 1941/1941/1941 1963/1963/1963
f 1964/1964/1964 1942/1942/1942 1945/1945/1945
f 1964/1964/1964 1945/1945/1945 1965/1965/1965
f 1966/1966/1966 1967/1967/1967 1968/1968/1968
f 1966/1966/1966 1968/1968/1968 1969/1969/1969
f 1970/1970/1970 1971/1971/1971 1972/1972/1972
f 1970/1970/1970 1972/1972/1972 1973/1973/1973
f 1955/1955/1955 1974/1974/1974 1975/1975/1975
f 1955/1955/1955 1975/1975/1975 1956/1956/1956
f 1959/1959/1959 1976/1976/1976 1977/1977/1977
f 1959/1959/1959 1977/1977/1977 1960/1960/1960
f 1978/1978/1978 1979/1979/1979 1980/1980/1980
f 1978/1978/1978 1980/1980/1980 1981/1981/1981
f 1982/1982/1982 1983/1983/1983 1984/1984/1984
f 1982/1982/1982 1984/1984/1984 1985/1985/1985
f 1986/1986/1986 1987/1987/1987 1988/1988/1988
f 1986/1986/1986 1988/1988/1988 1989/1989/1989
f 1990/1990/1990 1991/1991/1991 1992/1992/1992
f 1990/1990/1990 1992/1992/1992 1993/1993/1993
f 1994/1994/1994 1574/1574/1574 1577/1577/1577
f 1994/1994/1994 1577/1577/1577 1995/1995/1995
f 1996/1996/1996 1583/1583/1583 1582/1582/1582
f 1996/1996/1996 1582/1582/1582 1997/1997/1997
f 1998/1998/1998 1999/1999/1999 2000/2000/2000
f 1998/1998/1998 2000/2000/2000 2001/2001/2001
f 2002/2002/2002 2003/2003/2003 2004/2004/2004
f 2002/2002/2002 2004/2004/2004 2005/2005/2005
f 2006/2006/2006 1962/1962/1962 1963/1963/1963
f 2006/2006/2006 1963/1963/1963 2007/2007/2007
f 2008/2008/2008 1964/1964/1964 1965/1965/1965
f 2008/2008/2008 1965/1965/1965 2009/2009/2009
f 2010/2010/2010 2011/2011/2011 2012/2012/2012
f 2010/2010/2010 2012/2012/2012 2013/2013/2013
f 2014/2014/2014 2015/2015/2015 2016/2016/2016
f 2014/2014/2014 2016/2016/2016 2017/2017/2017
f 2018/2018/2018 2019/2019/2019 2020/2020/2020
f 2018/2018/2018 2020/2020/2020 2021/2021/2021
f 2022/2022/2022 2023/2023/2023 2024/2024/2024
f 2022/2022/2022 2024/2024/2024 2025/2025/2025
f 2026/2026/2026 1954/1954/1954 1957/1957/1957
f 2026/2026/2026 1957/1957/1957 2027/2027/2027
f 2028/2028/2028 1958/1958/1958 1961/1961/1961
f 2028/2028/2028 1961/1961/1961 2029/2029/2029
f 1622/1622/1622 1578/1578/1578 1581/1581/1581
f 1622/1622/1622 1581/1581/1581 1623/1623/1623
f 1629/1629/1629 1575/1575/1575 1574/1574/1574
f 1629/1629/1629 1574/1574/1574 1626/1626/1626
f 1642/1642/1642 1614/1614/1614 1617/1617/1617
f 1642/1642/1642 1617/1617/1617 1643/1643/1643
f 1637/1637/1637 1611/1611/1611 1610/1610/1610
f 1637/1637/1637 1610/1610/1610 1634/1634/1634
f 1999/1999/1999 1914/1914/1914 1917/1917/1917
f 1999/1999/1999 1917/1917/1917 2000/2000/2000
f 2003/2003/2003 1918/1918/1918 1921/1921/1921
f 2003/2003/2003 1921/1921/1921 2004/2004/2004
f 1594/1594/1594 1602/1602/1602 1605/1605/1605
f 1594/1594/1594 1605/1605/1605 1595/1595/1595
f 1589/1589/1589 1599/1599/1599 1598/1598/1598
f 1589/1589/1589 1598/1598/1598 1586/1586/1586
f 1626/1626/1626 2030/2030/2030 2031/2031/2031
f 1626/1626/1626 2031/2031/2031 1627/1627/1627
f 1633/1633/1633 2032/2032/2032 2033/2033/2033
f 1633/1633/1633 2033/2033/2033 1630/1630/1630
f 1714/1714/1714 1582/1582/1582 1585/1585/1585
f 1714/1714/1714 1585/1585/1585 1715/1715/1715
f 1709/1709/1709 1579/1579/1579 1578/1578/1578
f 1709/1709/1709 1578/1578/1578 1706/1706/1706
f 2034/2034/2034 1638/1638/1638 1641/1641/1641
f 2034/2034/2034 1641/1641/1641 2035/2035/2035
f 2036/2036/2036 1635/1635/1635 1634/1634/1634
f 2036/2036/2036 1634/1634/1634 2037/2037/2037
f 1666/1666/1666 1618/1618/1618 1621/1621/1621
f 1666/1666/1666 1621/1621/1621 1667/1667/1667
f 1661/1661/1661 1615/1615/1615 1614/1614/1614
f 1661/1661/1661 1614/1614/1614 1658/1658/1658
f 1638/1638/1638 1650/1650/1650 1653/1653/1653
f 1638/1638/1638 1653/1653/1653 1639/1639/1639
f 1645/1645/1645 1647/1647/1647 1646/1646/1646
f 1645/1645/1645 1646/1646/1646 1642/1642/1642
f 1654/1654/1654 1662/1662/1662 1665/1665/1665
f 1654/1654/1654 1665/1665/1665 1655/1655/1655
f 1649/1649/1649 1659/1659/1659 1658/1658/1658
f 1649/1649/1649 1658/1658/1658 1646/1646/1646
f 2038/2038/2038 1654/1654/1654 1657/1657/1657
f 2038/2038/2038 1657/1657/1657 2039/2039/2039
f 2040/2040/2040 1651/1651/1651 1650/1650/1650
f 2040/2040/2040 1650/1650/1650 2041/2041/2041
f 1662/1662/1662 2042/2042/2042 2043/2043/2043
f 1662/1662/1662 2043/2043/2043 1663/1663/1663
f 1669/1669/1669 2044/2044/2044 2045/2045/2045
f 1669/1669/1669 2045/2045/2045 1666/1666/1666
f 1602/1602/1602 1670/1670/1670 1673/1673/1673
f 1602/1602/1602 1673/1673/1673 1603/1603/1603
f 1609/1609/1609 1679/1679/1679 1678/1678/1678
f 1609/1609/1609 1678/1678/1678 1606/1606/1606
f 1590/1590/1590 1686/1686/1686 1689/1689/1689
f 1590/1590/1590 1689/1689/1689 1591/1591/1591
f 1597/1597/1597 1683/1683/1683 1682/1682/1682
f 1597/1597/1597 1682/1682/1682 1594/1594/1594
f 1690/1690/1690 1674/1674/1674 1677/1677/1677
f 1690/1690/1690 1677/1677/1677 1691/1691/1691
f 1685/1685/1685 1671/1671/1671 1670/1670/1670
f 1685/1685/1685 1670/1670/1670 1682/1682/1682
f 1674/1674/1674 2046/2046/2046 2047/2047/2047
f 1674/1674/1674 2047/2047/2047 1675/1675/1675
f 1681/1681/1681 2048/2048/2048 2049/2049/2049
f 1681/1681/1681 2049/2049/2049 1678/1678/1678
f 1686/1686/1686 2050/2050/2050 2051/2051/2051
f 1686/1686/1686 2051/2051/2051 1687/1687/1687
f 1693/1693/1693 2052/2052/2052 2053/2053/2053
f 1693/1693/1693 2053/2053/2053 1690/1690/1690
f 1630/1630/1630 1698/1698/1698 1701/1701/1701
f 1630/1630/1630 1701/1701/1701 1631/1631/1631
f 1625/1625/1625 1695/1695/1695 1694/1694/1694
f 1625/1625/1625 1694/1694/1694 1622/1622/1622
f 1702/1702/1702 1710/1710/1710 1713/1713/1713
f 1702/1702/1702 1713/1713/1713 1703/1703/1703
f 1697/1697/1697 1707/1707/1707 1706/1706/1706
f 1697/1697/1697 1706/1706/1706 1694/1694/1694
f 1726/1726/1726 1702/1702/1702 1705/1705/1705
f 1726/1726/1726 1705/1705/1705 1727/1727/1727
f 1721/1721/1721 1699/1699/1699 1698/1698/1698
f 1721/1721/1721 1698/1698/1698 1718/1718/1718
f 1710/1710/1710 1730/1730/1730 1733/1733/1733
f 1710/1710/1710 1733/1733/1733 1711/1711/1711
f 1717/1717/1717 1739/1739/1739 1738/1738/1738
f 1717/1717/1717 1738/1738/1738 1714/1714/1714
f 1722/1722/1722 1734/1734/1734 1737/1737/1737
f 1722/1722/1722 1737/1737/1737 1723/1723/1723
f 1729/1729/1729 1731/1731/1731 1730/1730/1730
f 1729/1729/1729 1730/1730/1730 1726/1726/1726
f 2054/2054/2054 1746/1746/1746 1749/1749/1749
f 2054/2054/2054 1749/1749/1749 2055/2055/2055
f 2056/2056/2056 1743/1743/1743 1742/1742/1742
f 2056/2056/2056 1742/1742/1742 2057/2057/2057
f 1762/1762/1762 2058/2058/2058 2059/2059/2059
f 1762/1762/1762 2059/2059/2059 1763/1763/1763
f 1757/1757/1757 2060/2060/2060 2061/2061/2061
f 1757/1757/1757 2061/2061/2061 1754/1754/1754
f 1746/1746/1746 1762/1762/1762 1765/1765/1765
f 1746/1746/1746 1765/1765/1765 1747/1747/1747
f 1753/1753/1753 1759/1759/1759 1758/1758/1758
f 1753/1753/1753 1758/1758/1758 1750/1750/1750
f 1734/1734/1734 1758/1758/1758 1761/1761/1761
f 1734/1734/1734 1761/1761/1761 1735/1735/1735
f 1741/1741/1741 1755/1755/1755 1754/1754/1754
f 1741/1741/1741 1754/1754/1754 1738/1738/1738
f 1750/1750/1750 1722/1722/1722 1725/1725/1725
f 1750/1750/1750 1725/1725/1725 1751/1751/1751
f 1745/1745/1745 1719/1719/1719 1718/1718/1718
f 1745/1745/1745 1718/1718/1718 1742/1742/1742
f 2019/2019/2019 1966/1966/1966 1969/1969/1969
f 2019/2019/2019 1969/1969/1969 2020/2020/2020
f 2023/2023/2023 1970/1970/1970 1973/1973/1973
f 2023/2023/2023 1973/1973/1973 2024/2024/2024
f 1606/1606/1606 1930/1930/1930 1933/1933/1933
f 1606/1606/1606 1933/1933/1933 1607/1607/1607
f 1601/1601/1601 1934/1934/1934 1937/1937/1937
f 1601/1601/1601 1937/1937/1937 1598/1598/1598
f 1987/1987/1987 1906/1906/1906 1909/1909/1909
f 1987/1987/1987 1909/1909/1909 1988/1988/1988
f 1991/1991/1991 1910/1910/1910 1913/1913/1913
f 1991/1991/1991 1913/1913/1913 1992/1992/1992
f 2011/2011/2011 1946/1946/1946 1949/1949/1949
f 2011/2011/2011 1949/1949/1949 2012/2012/2012
f 2015/2015/2015 1950/1950/1950 1953/1953/1953
f 2015/2015/2015 1953/1953/1953 2016/2016/2016
f 1586/1586/1586 1922/1922/1922 1925/1925/1925
f 1586/1586/1586 1925/1925/1925 1587/1587/1587
f 1593/1593/1593 1926/1926/1926 1929/1929/1929
f 1593/1593/1593 1929/1929/1929 1590/1590/1590
f 1774/1774/1774 2062/2062/2062 2063/2063/2063
f 1774/1774/1774 2063/2063/2063 1775/1775/1775
f 1769/1769/1769 2064/2064/2064 2065/2065/2065
f 1769/1769/1769 2065/2065/2065 1766/1766/1766
f 1618/1618/1618 1978/1978/1978 1981/1981/1981
f 1618/1618/1618 1981/1981/1981 1619/1619/1619
f 1613/1613/1613 1982/1982/1982 1985/1985/1985
f 1613/1613/1613 1985/1985/1985 1610/1610/1610
f 2066/2066/2066 1994/1994/1994 1995/1995/1995
f 2066/2066/2066 1995/1995/1995 2067/2067/2067
f 2068/2068/2068 1996/1996/1996 1997/1997/1997
f 2068/2068/2068 1997/1997/1997 2069/2069/2069
f 2070/2070/2070 1782/1782/1782 1785/1785/1785
f 2070/2070/2070 1785/1785/1785 2071/2071/2071
f 2072/2072/2072 1779/1779/1779 1778/1778/1778
f 2072/2072/2072 1778/1778/1778 2073/2073/2073
f 1770/1770/1770 1786/1786/1786 1789/1789/1789
f 1770/1770/1770 1789/1789/1789 1771/1771/1771
f 1777/1777/1777 1783/1783/1783 1782/1782/1782
f 1777/1777/1777 1782/1782/1782 1774/1774/1774
f 1790/1790/1790 2074/2074/2074 2075/2075/2075
f 1790/1790/1790 2075/2075/2075 1791/1791/1791
f 1797/1797/1797 2076/2076/2076 2077/2077/2077
f 1797/1797/1797 2077/2077/2077 1794/1794/1794
f 2078/2078/2078 1802/1802/1802 1805/1805/1805
f 2078/2078/2078 1805/1805/1805 2079/2079/2079
f 2080/2080/2080 1811/1811/1811 1810/1810/1810
f 2080/2080/2080 1810/1810/1810 2081/2081/2081
f 1794/1794/1794 1810/1810/1810 1813/1813/1813
f 1794/1794/1794 1813/1813/1813 1795/1795/1795
f 1801/1801/1801 1807/1807/1807 1806/1806/1806
f 1801/1801/1801 1806/1806/1806 1798/1798/1798
f 1786/1786/1786 1806/1806/1806 1809/1809/1809
f 1786/1786/1786 1809/1809/1809 1787/1787/1787
f 1781/1781/1781 1803/1803/1803 1802/1802/1802
f 1781/1781/1781 1802/1802/1802 1778/1778/1778
f 1798/1798/1798 1770/1770/1770 1773/1773/1773
f 1798/1798/1798 1773/1773/1773 1799/1799/1799
f 1793/1793/1793 1767/1767/1767 1766/1766/1766
f 1793/1793/1793 1766/1766/1766 1790/1790/1790
f 2082/2082/2082 2083/2083/2083 2084/2084/2084
f 2082/2082/2082 2084/2084/2084 2085/2085/2085
f 2086/2086/2086 2087/2087/2087 2088/2088/2088
f 2086/2086/2086 2088/2088/2088 2089/2089/2089
f 2083/2083/2083 2090/2090/2090 2091/2091/2091
f 2083/2083/2083 2091/2091/2091 2084/2084/2084
f 2087/2087/2087 2092/2092/2092 2093/2093/2093
f 2087/2087/2087 2093/2093/2093 2088/2088/2088
f 2090/2090/2090 2094/2094/2094 2095/2095/2095
f 2090/2090/2090 2095/2095/2095 2091/2091/2091
f 2092/2092/2092 2096/2096/2096 2097/2097/2097
f 2092/2092/2092 2097/2097/2097 2093/2093/2093
f 2094/2094/2094 2098/2098/2098 2099/2099/2099
f 2094/2094/2094 2099/2099/2099 2095/2095/2095
f 2096/2096/2096 2100/2100/2100 2101/2101/2101
f 2096/2096/2096 2101/2101/2101 2097/2097/2097
f 2098/2098/2098 2102/2102/2102 2103/2103/2103
f 2098/2098/2098 2103/2103/2103 2099/2099/2099
f 2100/2100/2100 2104/2104/2104 2105/2105/2105
f 2100/2100/2100 2105/2105/2105 2101/2101/2101
f 2102/2102/2102 2106/2106/2106 2107/2107/2107
f 2102/2102/2102 2107/2107/2107 2103/2103/2103
f 2104/2104/2104 2108/2108/2108 2109/2109/2109
f 2104/2104/2104 2109/2109/2109 2105/2105/2105
f 2106/2106/2106 2110/2110/2110 2111/2111/2111
f 2106/2106/2106 2111/2111/2111 2107/2107/2107
f 2108/2108/2108 2112/2112/2112 2113/2113/2113
f 2108/2108/2108 2113/2113/2113 2109/2109/2109
f 2114/2114/2114 2115/2115/2115 2116/2116/2116
f 2114/2114/2114 2116/2116/2116 2117/2117/2117
f 2112/2112/2112 2118/2118/2118 2119/2119/2119
f 2112/2112/2112 2119/2119/2119 2113/2113/2113
f 2115/2115/2115 2120/2120/2120 2121/2121/2121
f 2115/2115/2115 2121/2121/2121 2116/2116/2116
f 2118/2118/2118 2122/2122/2122 2123/2123/2123
f 2118/2118/2118 2123/2123/2123 2119/2119/2119
f 2120/2120/2120 2124/2124/2124 2125/2125/2125
f 2120/2120/2120 2125/2125/2125 2121/2121/2121
f 2122/2122/2122 2126/2126/2126 2127/2127/2127
f 2122/2122/2122 2127/2127/2127 2123/2123/2123
f 2124/2124/2124 2128/2128/2128 2129/2129/2129
f 2124/2124/2124 2129/2129/2129 2125/2125/2125
f 2126/2126/2126 2130/2130/2130 2131/2131/2131
f 2126/2126/2126 2131/2131/2131 2127/2127/2127
f 2128/2128/2128 2132/2132/2132 2133/2133/2133
f 2128/2128/2128 2133/2133/2133 2129/2129/2129
f 2130/2130/2130 2134/2134/2134 2135/2135/2135
f 2130/2130/2130 2135/2135/2135 2131/2131/2131
f 2132/2132/2132 2136/2136/2136 2137/2137/2137
f 2132/2132/2132 2137/2137/2137 2133/2133/2133
f 2134/2134/2134 2138/2138/2138 2139/2139/2139
f 2134/2134/2134 2139/2139/2139 2135/2135/2135
f 1442/1442/1442 2139/2139/2139 2138/2138/2138
f 1442/1442/1442 2138/2138/2138 1443/1443/1443
f 1449/1449/1449 2137/2137/2137 2136/2136/2136
f 1449/1449/1449 2136/2136/2136 1446/1446/1446
f 2140/2140/2140 2082/2082/2082 2085/2085/2085
f 2140/2140/2140 2085/2085/2085 2141/2141/2141
f 2142/2142/2142 2086/2086/2086 2089/2089/2089
f 2142/2142/2142 2089/2089/2089 2143/2143/2143
f 1446/1446/1446 2144/2144/2144 2145/2145/2145
f 1446/1446/1446 2145/2145/2145 1447/1447/1447
f 1453/1453/1453 2146/2146/2146 2147/2147/2147
f 1453/1453/1453 2147/2147/2147 1450/1450/1450
f 2148/2148/2148 2149/2149/2149 2150/2150/2150
f 2148/2148/2148 2150/2150/2150 2151/2151/2151
f 2152/2152/2152 2153/2153/2153 1435/1435/1435
f 2152/2152/2152 1435/1435/1435 1434/1434/1434
f 2152/2152/2152 1434/1434/1434 2154/2154/2154
f 2152/2152/2152 2154/2154/2154 2155/2155/2155
f 2156/2156/2156 2148/2148/2148 2151/2151/2151
f 2156/2156/2156 2151/2151/2151 2157/2157/2157
f 2158/2158/2158 2159/2159/2159 2160/2160/2160
f 2158/2158/2158 2160/2160/2160 2161/2161/2161
f 2162/2162/2162 2163/2163/2163 2164/2164/2164
f 2162/2162/2162 2164/2164/2164 2165/2165/2165
f 2158/2158/2158 2166/2166/2166 2167/2167/2167
f 2158/2158/2158 2167/2167/2167 2159/2159/2159
f 2163/2163/2163 2168/2168/2168 2169/2169/2169
f 2163/2163/2163 2169/2169/2169 2164/2164/2164
f 2170/2170/2170 2171/2171/2171 2172/2172/2172
f 2170/2170/2170 2172/2172/2172 2173/2173/2173
f 2174/2174/2174 2175/2175/2175 2171/2171/2171
f 2174/2174/2174 2171/2171/2171 2170/2170/2170
f 2175/2175/2175 2176/2176/2176 2177/2177/2177
f 2175/2175/2175 2177/2177/2177 2171/2171/2171
f 2178/2178/2178 2179/2179/2179 2180/2180/2180
f 2178/2178/2178 2180/2180/2180 2181/2181/2181
f 2182/2182/2182 2183/2183/2183 1419/1419/1419
f 2182/2182/2182 1419/1419/1419 2184/2184/2184
f 1437/1437/1437 1436/1436/1436 2185/2185/2185
f 1437/1437/1437 2185/2185/2185 2186/2186/2186
f 2187/2187/2187 2188/2188/2188 2189/2189/2189
f 2187/2187/2187 2189/2189/2189 2190/2190/2190
f 1437/1437/1437 2186/2186/2186 2191/2191/2191
f 1437/1437/1437 2191/2191/2191 2192/2192/2192
f 2187/2187/2187 2190/2190/2190 2193/2193/2193
f 2187/2187/2187 2193/2193/2193 2194/2194/2194
f 2195/2195/2195 2196/2196/2196 2197/2197/2197
f 2195/2195/2195 2197/2197/2197 2198/2198/2198
f 2199/2199/2199 2200/2200/2200 2201/2201/2201
f 2199/2199/2199 2201/2201/2201 2202/2202/2202
f 2203/2203/2203 2204/2204/2204 2205/2205/2205
f 2203/2203/2203 2205/2205/2205 2206/2206/2206
f 2207/2207/2207 2208/2208/2208 2209/2209/2209
f 2207/2207/2207 2209/2209/2209 2210/2210/2210
f 2211/2211/2211 2212/2212/2212 2164/2164/2164
f 2211/2211/2211 2164/2164/2164 2169/2169/2169
f 2212/2212/2212 2211/2211/2211 2213/2213/2213
f 2212/2212/2212 2213/2213/2213 2214/2214/2214
f 2215/2215/2215 2212/2212/2212 2214/2214/2214
f 2215/2215/2215 2214/2214/2214 2216/2216/2216
f 2217/2217/2217 2218/2218/2218 2219/2219/2219
f 2217/2217/2217 2219/2219/2219 2220/2220/2220
f 2221/2221/2221 2222/2222/2222 2223/2223/2223
f 2221/2221/2221 2223/2223/2223 2224/2224/2224
f 2225/2225/2225 2226/2226/2226 2227/2227/2227
f 2225/2225/2225 2227/2227/2227 2228/2228/2228
f 2214/2214/2214 2213/2213/2213 2176/2176/2176
f 2214/2214/2214 2176/2176/2176 2175/2175/2175
f 2229/2229/2229 2230/2230/2230 2231/2231/2231
f 2229/2229/2229 2231/2231/2231 2232/2232/2232
f 2233/2233/2233 2234/2234/2234 2235/2235/2235
f 2233/2233/2233 2235/2235/2235 2236/2236/2236
f 2237/2237/2237 2238/2238/2238 2239/2239/2239
f 2237/2237/2237 2239/2239/2239 2240/2240/2240
f 2241/2241/2241 2242/2242/2242 2243/2243/2243
f 2241/2241/2241 2243/2243/2243 2244/2244/2244
f 2245/2245/2245 2246/2246/2246 2247/2247/2247
f 2245/2245/2245 2247/2247/2247 2248/2248/2248
f 2249/2249/2249 2250/2250/2250 2251/2251/2251
f 2249/2249/2249 2251/2251/2251 2252/2252/2252
f 2253/2253/2253 2254/2254/2254 2255/2255/2255
f 2253/2253/2253 2255/2255/2255 2256/2256/2256
f 2257/2257/2257 2258/2258/2258 2259/2259/2259
f 2257/2257/2257 2259/2259/2259 2260/2260/2260
f 2261/2261/2261 2262/2262/2262 2263/2263/2263
f 2261/2261/2261 2263/2263/2263 2264/2264/2264
f 2265/2265/2265 2266/2266/2266 2267/2267/2267
f 2265/2265/2265 2267/2267/2267 2268/2268/2268
f 2269/2269/2269 2270/2270/2270 2271/2271/2271
f 2269/2269/2269 2271/2271/2271 2272/2272/2272
f 2273/2273/2273 2274/2274/2274 2275/2275/2275
f 2273/2273/2273 2275/2275/2275 2276/2276/2276
f 2277/2277/2277 2278/2278/2278 1441/1441/1441
f 2277/2277/2277 1441/1441/1441 1440/1440/1440
f 2279/2279/2279 2280/2280/2280 2281/2281/2281
f 2279/2279/2279 2281/2281/2281 2282/2282/2282
f 2283/2283/2283 2284/2284/2284 2285/2285/2285
f 2283/2283/2283 2285/2285/2285 2286/2286/2286
f 1439/1439/1439 1438/1438/1438 2287/2287/2287
f 1439/1439/1439 2287/2287/2287 2288/2288/2288
f 2289/2289/2289 2290/2290/2290 2291/2291/2291
f 2289/2289/2289 2291/2291/2291 2292/2292/2292
f 2293/2293/2293 2294/2294/2294 2295/2295/2295
f 2293/2293/2293 2295/2295/2295 2296/2296/2296
f 2297/2297/2297 2298/2298/2298 2299/2299/2299
f 2297/2297/2297 2299/2299/2299 2300/2300/2300
f 2301/2301/2301 2302/2302/2302 2303/2303/2303
f 2301/2301/2301 2303/2303/2303 2304/2304/2304
f 2305/2305/2305 2306/2306/2306 2307/2307/2307
f 2305/2305/2305 2307/2307/2307 2308/2308/2308
f 2309/2309/2309 2310/2310/2310 2311/2311/2311
f 2309/2309/2309 2311/2311/2311 2312/2312/2312
f 2254/2254/2254 2313/2313/2313 2314/2314/2314
f 2254/2254/2254 2314/2314/2314 2255/2255/2255
f 2312/2312/2312 2311/2311/2311 2315/2315/2315
f 2312/2312/2312 2315/2315/2315 2316/2316/2316
f 2238/2238/2238 2249/2249/2249 2252/2252/2252
f 2238/2238/2238 2252/2252/2252 2239/2239/2239
f 2246/2246/2246 2241/2241/2241 2244/2244/2244
f 2246/2246/2246 2244/2244/2244 2247/2247/2247
f 2240/2240/2240 2239/2239/2239 2317/2317/2317
f 2240/2240/2240 2317/2317/2317 2318/2318/2318
f 2256/2256/2256 2255/2255/2255 2319/2319/2319
f 2256/2256/2256 2319/2319/2319 2320/2320/2320
f 2321/2321/2321 2322/2322/2322 2323/2323/2323
f 2321/2321/2321 2323/2323/2323 2324/2324/2324
f 2262/2262/2262 2257/2257/2257 2260/2260/2260
f 2262/2262/2262 2260/2260/2260 2263/2263/2263
f 2260/2260/2260 2259/2259/2259 2325/2325/2325
f 2260/2260/2260 2325/2325/2325 2326/2326/2326
f 2266/2266/2266 2327/2327/2327 2328/2328/2328
f 2266/2266/2266 2328/2328/2328 2267/2267/2267
f 2329/2329/2329 2330/2330/2330 2331/2331/2331
f 2329/2329/2329 2331/2331/2331 2332/2332/2332
f 2274/2274/2274 2273/2273/2273 2333/2333/2333
f 2274/2274/2274 2333/2333/2333 2334/2334/2334
f 2270/2270/2270 2273/2273/2273 2276/2276/2276
f 2270/2270/2270 2276/2276/2276 2271/2271/2271
f 2280/2280/2280 2277/2277/2277 1440/1440/1440
f 2280/2280/2280 1440/1440/1440 2281/2281/2281
f 2290/2290/2290 2283/2283/2283 2286/2286/2286
f 2290/2290/2290 2286/2286/2286 2291/2291/2291
f 2294/2294/2294 1439/1439/1439 2288/2288/2288
f 2294/2294/2294 2288/2288/2288 2295/2295/2295
f 2302/2302/2302 2297/2297/2297 2300/2300/2300
f 2302/2302/2302 2300/2300/2300 2303/2303/2303
f 2310/2310/2310 2305/2305/2305 2308/2308/2308
f 2310/2310/2310 2308/2308/2308 2311/2311/2311
f 2335/2335/2335 2336/2336/2336 2337/2337/2337
f 2335/2335/2335 2337/2337/2337 2338/2338/2338
f 2311/2311/2311 2308/2308/2308 2339/2339/2339
f 2311/2311/2311 2339/2339/2339 2315/2315/2315
f 2319/2319/2319 2336/2336/2336 2335/2335/2335
f 2319/2319/2319 2335/2335/2335 2340/2340/2340
f 2341/2341/2341 2342/2342/2342 2343/2343/2343
f 2341/2341/2341 2343/2343/2343 2344/2344/2344
f 2255/2255/2255 2314/2314/2314 2336/2336/2336
f 2255/2255/2255 2336/2336/2336 2319/2319/2319
f 2345/2345/2345 2346/2346/2346 2347/2347/2347
f 2345/2345/2345 2347/2347/2347 2348/2348/2348
f 2349/2349/2349 2350/2350/2350 2351/2351/2351
f 2349/2349/2349 2351/2351/2351 2352/2352/2352
f 2352/2352/2352 2351/2351/2351 2353/2353/2353
f 2352/2352/2352 2353/2353/2353 2354/2354/2354
f 2355/2355/2355 2356/2356/2356 2357/2357/2357
f 2355/2355/2355 2357/2357/2357 2358/2358/2358
f 2352/2352/2352 2354/2354/2354 2359/2359/2359
f 2352/2352/2352 2359/2359/2359 2360/2360/2360
f 2338/2338/2338 2337/2337/2337 2361/2361/2361
f 2338/2338/2338 2361/2361/2361 2362/2362/2362
f 2361/2361/2361 2337/2337/2337 2363/2363/2363
f 2361/2361/2361 2363/2363/2363 2364/2364/2364
f 2365/2365/2365 2333/2333/2333 2366/2366/2366
f 2365/2365/2365 2366/2366/2366 2367/2367/2367
f 2334/2334/2334 2333/2333/2333 2365/2365/2365
f 2334/2334/2334 2365/2365/2365 2368/2368/2368
f 2369/2369/2369 2370/2370/2370 2371/2371/2371
f 2369/2369/2369 2371/2371/2371 2372/2372/2372
f 2326/2326/2326 2373/2373/2373 2374/2374/2374
f 2326/2326/2326 2374/2374/2374 2375/2375/2375
f 2326/2326/2326 2325/2325/2325 2376/2376/2376
f 2326/2326/2326 2376/2376/2376 2373/2373/2373
f 2348/2348/2348 2377/2377/2377 2378/2378/2378
f 2348/2348/2348 2378/2378/2378 2379/2379/2379
f 2348/2348/2348 2347/2347/2347 2380/2380/2380
f 2348/2348/2348 2380/2380/2380 2377/2377/2377
f 2381/2381/2381 2382/2382/2382 2383/2383/2383
f 2381/2381/2381 2383/2383/2383 2384/2384/2384
f 2318/2318/2318 2317/2317/2317 2385/2385/2385
f 2318/2318/2318 2385/2385/2385 2386/2386/2386
f 2385/2385/2385 2317/2317/2317 2387/2387/2387
f 2385/2385/2385 2387/2387/2387 2388/2388/2388
f 2379/2379/2379 2389/2389/2389 2390/2390/2390
f 2379/2379/2379 2390/2390/2390 2391/2391/2391
f 2379/2379/2379 2378/2378/2378 2392/2392/2392
f 2379/2379/2379 2392/2392/2392 2389/2389/2389
f 2393/2393/2393 2394/2394/2394 2395/2395/2395
f 2393/2393/2393 2395/2395/2395 2396/2396/2396
f 2397/2397/2397 2387/2387/2387 2398/2398/2398
f 2397/2397/2397 2398/2398/2398 2399/2399/2399
f 2388/2388/2388 2387/2387/2387 2397/2397/2397
f 2388/2388/2388 2397/2397/2397 2400/2400/2400
f 2401/2401/2401 2402/2402/2402 2403/2403/2403
f 2401/2401/2401 2403/2403/2403 2404/2404/2404
f 2405/2405/2405 2406/2406/2406 2407/2407/2407
f 2405/2405/2405 2407/2407/2407 2408/2408/2408
f 2409/2409/2409 2410/2410/2410 2411/2411/2411
f 2409/2409/2409 2411/2411/2411 2412/2412/2412
f 1439/1439/1439 2294/2294/2294 2281/2281/2281
f 1439/1439/1439 2281/2281/2281 1440/1440/1440
f 2413/2413/2413 2414/2414/2414 2415/2415/2415
f 2413/2413/2413 2415/2415/2415 2416/2416/2416
f 2417/2417/2417 2418/2418/2418 2419/2419/2419
f 2417/2417/2417 2419/2419/2419 2420/2420/2420
f 2421/2421/2421 2422/2422/2422 2423/2423/2423
f 2421/2421/2421 2423/2423/2423 2424/2424/2424
f 2425/2425/2425 2426/2426/2426 2421/2421/2421
f 2425/2425/2425 2421/2421/2421 2424/2424/2424
f 2180/2180/2180 2179/2179/2179 2427/2427/2427
f 2180/2180/2180 2427/2427/2427 2428/2428/2428
f 2429/2429/2429 2430/2430/2430 2426/2426/2426
f 2429/2429/2429 2426/2426/2426 2425/2425/2425
f 2431/2431/2431 2432/2432/2432 2430/2430/2430
f 2431/2431/2431 2430/2430/2430 2429/2429/2429
f 2433/2433/2433 2434/2434/2434 2432/2432/2432
f 2433/2433/2433 2432/2432/2432 2431/2431/2431
f 2435/2435/2435 2436/2436/2436 2434/2434/2434
f 2435/2435/2435 2434/2434/2434 2433/2433/2433
f 2437/2437/2437 2438/2438/2438 2436/2436/2436
f 2437/2437/2437 2436/2436/2436 2435/2435/2435
f 2439/2439/2439 2440/2440/2440 2438/2438/2438
f 2439/2439/2439 2438/2438/2438 2437/2437/2437
f 2441/2441/2441 2442/2442/2442 2443/2443/2443
f 2441/2441/2441 2443/2443/2443 2444/2444/2444
f 2445/2445/2445 2446/2446/2446 2442/2442/2442
f 2445/2445/2445 2442/2442/2442 2441/2441/2441
f 2447/2447/2447 2448/2448/2448 2446/2446/2446
f 2447/2447/2447 2446/2446/2446 2445/2445/2445
f 2449/2449/2449 2450/2450/2450 2448/2448/2448
f 2449/2449/2449 2448/2448/2448 2447/2447/2447
f 2428/2428/2428 2427/2427/2427 2450/2450/2450
f 2428/2428/2428 2450/2450/2450 2449/2449/2449
f 1423/1423/1423 2184/2184/2184 1419/1419/1419
f 2184/2184/2184 1423/1423/1423 2452/2452/2452
f 2452/2452/2452 1423/1423/1423 2451/2451/2451
f 2454/2454/2454 2183/2183/2183 2453/2453/2453
f 2183/2183/2183 2454/2454/2454 1420/1420/1420
f 2183/2183/2183 1420/1420/1420 1419/1419/1419
